player_id,team_id,player_name,team,position,passes,passing_accuracy_rate,crosses,crossing_accuracy_rate,linebreaks_attempted_defensive_line,linebreak_attempted_defensive_line_rate,attempted_switches_of_play,switches_of_play_rate,source_tab,story_id,classification
441149,285023_43963,Vitinha,Portugal,MF,403,94,0,0,7,71,11,100,distribution,urn:gd:story:classification:gcp_distribution:competitionId:285023:attempted_switches_of_play:rank_asc:page:1,urn:gd:story:classification:gcp_distribution:competitionId:285023:attempted_switches_of_play:rank_asc:page:1
395206,285023_43963,Bruno Fernandes,Portugal,MF,278,86,22,23,20,65,10,90,distribution,urn:gd:story:classification:gcp_distribution:competitionId:285023:attempted_switches_of_play:rank_asc:page:1,urn:gd:story:classification:gcp_distribution:competitionId:285023:attempted_switches_of_play:rank_asc:page:1
376285,285023_43843,Aissa Mandi,Algeria,DF,382,93,0,0,5,20,10,90,distribution,urn:gd:story:classification:gcp_distribution:competitionId:285023:attempted_switches_of_play:rank_asc:page:1,urn:gd:story:classification:gcp_distribution:competitionId:285023:attempted_switches_of_play:rank_asc:page:1
441622,285023_43926,Jhon Lucumi,Colombia,DF,238,93,0,0,5,20,10,100,distribution,urn:gd:story:classification:gcp_distribution:competitionId:285023:attempted_switches_of_play:rank_asc:page:1,urn:gd:story:classification:gcp_distribution:competitionId:285023:attempted_switches_of_play:rank_asc:page:1
269058,285023_43926,James Rodriguez,Colombia,MF,208,86,13,38,12,58,9,67,distribution,urn:gd:story:classification:gcp_distribution:competitionId:285023:attempted_switches_of_play:rank_asc:page:1,urn:gd:story:classification:gcp_distribution:competitionId:285023:attempted_switches_of_play:rank_asc:page:1
389867,285023_43946,Kylian Mbappe,France,FW,153,88,6,17,19,84,9,89,distribution,urn:gd:story:classification:gcp_distribution:competitionId:285023:attempted_switches_of_play:rank_asc:page:1,urn:gd:story:classification:gcp_distribution:competitionId:285023:attempted_switches_of_play:rank_asc:page:1
409241,285023_43850,Diney Borges,Cabo Verde,DF,195,81,0,0,8,13,9,44,distribution,urn:gd:story:classification:gcp_distribution:competitionId:285023:attempted_switches_of_play:rank_asc:page:1,urn:gd:story:classification:gcp_distribution:competitionId:285023:attempted_switches_of_play:rank_asc:page:1
448825,285023_43879,Pathe Ciss,Senegal,MF,139,92,0,0,0,0,8,75,distribution,urn:gd:story:classification:gcp_distribution:competitionId:285023:attempted_switches_of_play:rank_asc:page:1,urn:gd:story:classification:gcp_distribution:competitionId:285023:attempted_switches_of_play:rank_asc:page:1
461788,285023_43855,Marawan Attia,Egypt,MF,307,88,7,43,14,50,8,100,distribution,urn:gd:story:classification:gcp_distribution:competitionId:285023:attempted_switches_of_play:rank_asc:page:1,urn:gd:story:classification:gcp_distribution:competitionId:285023:attempted_switches_of_play:rank_asc:page:1
344661,285023_43855,Ramy Rabia,Egypt,DF,211,92,0,0,1,100,7,57,distribution,urn:gd:story:classification:gcp_distribution:competitionId:285023:attempted_switches_of_play:rank_asc:page:1,urn:gd:story:classification:gcp_distribution:competitionId:285023:attempted_switches_of_play:rank_asc:page:1
433378,285023_43888,Hannibal Mejbri,Tunisia,MF,123,76,9,33,11,55,7,71,distribution,urn:gd:story:classification:gcp_distribution:competitionId:285023:attempted_switches_of_play:rank_asc:page:1,urn:gd:story:classification:gcp_distribution:competitionId:285023:attempted_switches_of_play:rank_asc:page:1
486150,285023_43860,Jerome Opoku,Ghana,DF,115,83,0,0,7,43,7,57,distribution,urn:gd:story:classification:gcp_distribution:competitionId:285023:attempted_switches_of_play:rank_asc:page:1,urn:gd:story:classification:gcp_distribution:competitionId:285023:attempted_switches_of_play:rank_asc:page:1
418490,285023_43822,Lee Kangin,Korea Republic,MF,159,88,20,25,12,75,7,86,distribution,urn:gd:story:classification:gcp_distribution:competitionId:285023:attempted_switches_of_play:rank_asc:page:1,urn:gd:story:classification:gcp_distribution:competitionId:285023:attempted_switches_of_play:rank_asc:page:1
448171,285023_43938,Josip Sutalo,Croatia,DF,267,90,0,0,4,0,7,71,distribution,urn:gd:story:classification:gcp_distribution:competitionId:285023:attempted_switches_of_play:rank_asc:page:1,urn:gd:story:classification:gcp_distribution:competitionId:285023:attempted_switches_of_play:rank_asc:page:1
335999,285023_43969,Aymeric Laporte,Spain,DF,427,94,0,0,8,63,7,100,distribution,urn:gd:story:classification:gcp_distribution:competitionId:285023:attempted_switches_of_play:rank_asc:page:1,urn:gd:story:classification:gcp_distribution:competitionId:285023:attempted_switches_of_play:rank_asc:page:1
311558,285023_43971,Granit Xhaka,Switzerland,MF,309,90,1,0,7,43,7,100,distribution,urn:gd:story:classification:gcp_distribution:competitionId:285023:attempted_switches_of_play:rank_asc:page:1,urn:gd:story:classification:gcp_distribution:competitionId:285023:attempted_switches_of_play:rank_asc:page:1
369304,285023_43972,Hakan Calhanoglu,Türkiye,MF,190,90,10,10,5,60,7,86,distribution,urn:gd:story:classification:gcp_distribution:competitionId:285023:attempted_switches_of_play:rank_asc:page:1,urn:gd:story:classification:gcp_distribution:competitionId:285023:attempted_switches_of_play:rank_asc:page:1
400721,285023_43872,Achraf Hakimi,Morocco,DF,385,90,33,30,7,86,6,83,distribution,urn:gd:story:classification:gcp_distribution:competitionId:285023:attempted_switches_of_play:rank_asc:page:1,urn:gd:story:classification:gcp_distribution:competitionId:285023:attempted_switches_of_play:rank_asc:page:1
418729,285023_43914,Carlos Harvey,Panama,DF,107,79,1,0,3,33,6,67,distribution,urn:gd:story:classification:gcp_distribution:competitionId:285023:attempted_switches_of_play:rank_asc:page:1,urn:gd:story:classification:gcp_distribution:competitionId:285023:attempted_switches_of_play:rank_asc:page:1
441261,285023_43911,Israel Reyes,Mexico,DF,102,91,2,50,2,0,6,67,distribution,urn:gd:story:classification:gcp_distribution:competitionId:285023:attempted_switches_of_play:rank_asc:page:1,urn:gd:story:classification:gcp_distribution:competitionId:285023:attempted_switches_of_play:rank_asc:page:1
386013,285023_43926,Davinson Sanchez,Colombia,DF,282,91,0,0,7,29,6,100,distribution,urn:gd:story:classification:gcp_distribution:competitionId:285023:attempted_switches_of_play:rank_asc:page:1,urn:gd:story:classification:gcp_distribution:competitionId:285023:attempted_switches_of_play:rank_asc:page:1
332946,285023_43924,Marquinhos,Brazil,DF,380,97,1,100,4,75,6,100,distribution,urn:gd:story:classification:gcp_distribution:competitionId:285023:attempted_switches_of_play:rank_asc:page:1,urn:gd:story:classification:gcp_distribution:competitionId:285023:attempted_switches_of_play:rank_asc:page:1
428886,285023_43926,Luis Diaz,Colombia,FW,139,88,5,20,10,60,6,100,distribution,urn:gd:story:classification:gcp_distribution:competitionId:285023:attempted_switches_of_play:rank_asc:page:1,urn:gd:story:classification:gcp_distribution:competitionId:285023:attempted_switches_of_play:rank_asc:page:1
379942,285023_43843,Riyad Mahrez,Algeria,FW,147,86,9,33,9,67,6,100,distribution,urn:gd:story:classification:gcp_distribution:competitionId:285023:attempted_switches_of_play:rank_asc:page:1,urn:gd:story:classification:gcp_distribution:competitionId:285023:attempted_switches_of_play:rank_asc:page:1
433679,285023_43843,Ramiz Zerrouki,Algeria,MF,105,92,0,0,2,100,5,100,distribution,urn:gd:story:classification:gcp_distribution:competitionId:285023:attempted_switches_of_play:rank_asc:page:1,urn:gd:story:classification:gcp_distribution:competitionId:285023:attempted_switches_of_play:rank_asc:page:1
431230,285023_43820,Noor Alrawabdeh,Jordan,MF,111,76,0,0,10,40,5,80,distribution,urn:gd:story:classification:gcp_distribution:competitionId:285023:attempted_switches_of_play:rank_asc:page:1,urn:gd:story:classification:gcp_distribution:competitionId:285023:attempted_switches_of_play:rank_asc:page:1
433439,285023_43835,Ali Lajami,Saudi Arabia,DF,68,82,0,0,4,75,5,80,distribution,urn:gd:story:classification:gcp_distribution:competitionId:285023:attempted_switches_of_play:rank_asc:page:1,urn:gd:story:classification:gcp_distribution:competitionId:285023:attempted_switches_of_play:rank_asc:page:1
477770,285023_43850,Pico Lopes,Cabo Verde,DF,182,84,0,0,7,14,5,60,distribution,urn:gd:story:classification:gcp_distribution:competitionId:285023:attempted_switches_of_play:rank_asc:page:1,urn:gd:story:classification:gcp_distribution:competitionId:285023:attempted_switches_of_play:rank_asc:page:1
436572,285023_20014,Arthur Masuaku,Congo DR,DF,169,83,14,21,6,67,5,80,distribution,urn:gd:story:classification:gcp_distribution:competitionId:285023:attempted_switches_of_play:rank_asc:page:1,urn:gd:story:classification:gcp_distribution:competitionId:285023:attempted_switches_of_play:rank_asc:page:1
434026,285023_43818,Zidane Iqbal,Iraq,MF,128,92,1,100,2,50,5,100,distribution,urn:gd:story:classification:gcp_distribution:competitionId:285023:attempted_switches_of_play:rank_asc:page:1,urn:gd:story:classification:gcp_distribution:competitionId:285023:attempted_switches_of_play:rank_asc:page:1
390475,285023_43883,Sphephelo Sithole,South Africa,MF,129,84,0,0,1,0,5,80,distribution,urn:gd:story:classification:gcp_distribution:competitionId:285023:attempted_switches_of_play:rank_asc:page:1,urn:gd:story:classification:gcp_distribution:competitionId:285023:attempted_switches_of_play:rank_asc:page:1
332314,285023_43879,Idrissa Gana Gueye,Senegal,MF,270,90,1,0,8,63,5,100,distribution,urn:gd:story:classification:gcp_distribution:competitionId:285023:attempted_switches_of_play:rank_asc:page:1,urn:gd:story:classification:gcp_distribution:competitionId:285023:attempted_switches_of_play:rank_asc:page:1
431788,285023_43879,Pape Gueye,Senegal,MF,161,86,3,33,13,54,5,100,distribution,urn:gd:story:classification:gcp_distribution:competitionId:285023:attempted_switches_of_play:rank_asc:page:1,urn:gd:story:classification:gcp_distribution:competitionId:285023:attempted_switches_of_play:rank_asc:page:1
433469,285023_43855,Mohanad Lashin,Egypt,MF,156,90,2,0,5,40,5,100,distribution,urn:gd:story:classification:gcp_distribution:competitionId:285023:attempted_switches_of_play:rank_asc:page:1,urn:gd:story:classification:gcp_distribution:competitionId:285023:attempted_switches_of_play:rank_asc:page:1
405178,285023_43971,Manuel Akanji,Switzerland,DF,318,92,0,0,6,83,5,100,distribution,urn:gd:story:classification:gcp_distribution:competitionId:285023:attempted_switches_of_play:rank_asc:page:1,urn:gd:story:classification:gcp_distribution:competitionId:285023:attempted_switches_of_play:rank_asc:page:1
430144,285023_43969,Pedro Porro,Spain,DF,184,91,12,33,7,29,5,100,distribution,urn:gd:story:classification:gcp_distribution:competitionId:285023:attempted_switches_of_play:rank_asc:page:1,urn:gd:story:classification:gcp_distribution:competitionId:285023:attempted_switches_of_play:rank_asc:page:1
484087,285023_43972,Arda Guler,Türkiye,FW,198,86,14,29,9,67,5,80,distribution,urn:gd:story:classification:gcp_distribution:competitionId:285023:attempted_switches_of_play:rank_asc:page:1,urn:gd:story:classification:gcp_distribution:competitionId:285023:attempted_switches_of_play:rank_asc:page:1
484082,285023_43972,Abdulkerim Bardakci,Türkiye,DF,242,92,6,33,3,33,5,60,distribution,urn:gd:story:classification:gcp_distribution:competitionId:285023:attempted_switches_of_play:rank_asc:page:1,urn:gd:story:classification:gcp_distribution:competitionId:285023:attempted_switches_of_play:rank_asc:page:1
419518,285023_43911,Erik Lira,Mexico,MF,199,91,2,100,2,0,5,100,distribution,urn:gd:story:classification:gcp_distribution:competitionId:285023:attempted_switches_of_play:rank_asc:page:1,urn:gd:story:classification:gcp_distribution:competitionId:285023:attempted_switches_of_play:rank_asc:page:1
402884,285023_43930,Federico Valverde,Uruguay,MF,120,82,8,0,12,67,5,100,distribution,urn:gd:story:classification:gcp_distribution:competitionId:285023:attempted_switches_of_play:rank_asc:page:1,urn:gd:story:classification:gcp_distribution:competitionId:285023:attempted_switches_of_play:rank_asc:page:1
339510,285023_43921,Tim Ream,USA,DF,298,94,0,0,6,33,5,100,distribution,urn:gd:story:classification:gcp_distribution:competitionId:285023:attempted_switches_of_play:rank_asc:page:1,urn:gd:story:classification:gcp_distribution:competitionId:285023:attempted_switches_of_play:rank_asc:page:1
448252,285023_43922,Enzo Fernandez,Argentina,MF,250,92,2,0,10,80,5,80,distribution,urn:gd:story:classification:gcp_distribution:competitionId:285023:attempted_switches_of_play:rank_asc:page:1,urn:gd:story:classification:gcp_distribution:competitionId:285023:attempted_switches_of_play:rank_asc:page:1
441240,285023_43914,Andres Andrade,Panama,DF,178,83,8,0,7,29,5,80,distribution,urn:gd:story:classification:gcp_distribution:competitionId:285023:attempted_switches_of_play:rank_asc:page:1,urn:gd:story:classification:gcp_distribution:competitionId:285023:attempted_switches_of_play:rank_asc:page:1
356704,285023_43926,Juan Quintero,Colombia,MF,60,82,7,29,11,64,5,100,distribution,urn:gd:story:classification:gcp_distribution:competitionId:285023:attempted_switches_of_play:rank_asc:page:1,urn:gd:story:classification:gcp_distribution:competitionId:285023:attempted_switches_of_play:rank_asc:page:1
401444,285023_43935,Youri Tielemans,Belgium,MF,255,87,14,21,10,50,5,60,distribution,urn:gd:story:classification:gcp_distribution:competitionId:285023:attempted_switches_of_play:rank_asc:page:1,urn:gd:story:classification:gcp_distribution:competitionId:285023:attempted_switches_of_play:rank_asc:page:1
419672,285023_43961,Leo Ostigard,Norway,DF,84,82,0,0,0,0,4,25,distribution,urn:gd:story:classification:gcp_distribution:competitionId:285023:attempted_switches_of_play:rank_asc:page:1,urn:gd:story:classification:gcp_distribution:competitionId:285023:attempted_switches_of_play:rank_asc:page:1
368649,285023_43963,Joao Cancelo,Portugal,DF,184,87,12,33,9,56,4,75,distribution,urn:gd:story:classification:gcp_distribution:competitionId:285023:attempted_switches_of_play:rank_asc:page:1,urn:gd:story:classification:gcp_distribution:competitionId:285023:attempted_switches_of_play:rank_asc:page:1
405841,285023_43942,Marc Guehi,England,DF,315,98,0,0,7,86,4,75,distribution,urn:gd:story:classification:gcp_distribution:competitionId:285023:attempted_switches_of_play:rank_asc:page:1,urn:gd:story:classification:gcp_distribution:competitionId:285023:attempted_switches_of_play:rank_asc:page:1
489517,285023_43960,Jan Paul Van Hecke,Netherlands,DF,360,93,1,0,5,60,4,75,distribution,urn:gd:story:classification:gcp_distribution:competitionId:285023:attempted_switches_of_play:rank_asc:page:1,urn:gd:story:classification:gcp_distribution:competitionId:285023:attempted_switches_of_play:rank_asc:page:1
430667,285023_43948,Nico Schlotterbeck,Germany,DF,123,89,0,0,3,67,4,75,distribution,urn:gd:story:classification:gcp_distribution:competitionId:285023:attempted_switches_of_play:rank_asc:page:1,urn:gd:story:classification:gcp_distribution:competitionId:285023:attempted_switches_of_play:rank_asc:page:1
514166,285023_43935,Nathan Ngoy,Belgium,DF,179,93,0,0,4,25,4,100,distribution,urn:gd:story:classification:gcp_distribution:competitionId:285023:attempted_switches_of_play:rank_asc:page:2,urn:gd:story:classification:gcp_distribution:competitionId:285023:attempted_switches_of_play:rank_asc:page:2
433195,285023_43963,Nuno Mendes,Portugal,DF,282,85,21,29,17,53,4,100,distribution,urn:gd:story:classification:gcp_distribution:competitionId:285023:attempted_switches_of_play:rank_asc:page:2,urn:gd:story:classification:gcp_distribution:competitionId:285023:attempted_switches_of_play:rank_asc:page:2
448355,285023_43935,Leandro Trossard,Belgium,FW,186,86,11,45,10,60,4,75,distribution,urn:gd:story:classification:gcp_distribution:competitionId:285023:attempted_switches_of_play:rank_asc:page:2,urn:gd:story:classification:gcp_distribution:competitionId:285023:attempted_switches_of_play:rank_asc:page:2
424106,285023_43855,Haissem Hassan,Egypt,FW,29,86,6,17,9,100,4,100,distribution,urn:gd:story:classification:gcp_distribution:competitionId:285023:attempted_switches_of_play:rank_asc:page:2,urn:gd:story:classification:gcp_distribution:competitionId:285023:attempted_switches_of_play:rank_asc:page:2
403616,285023_43883,Teboho Mokoena,South Africa,MF,196,90,3,0,6,50,4,100,distribution,urn:gd:story:classification:gcp_distribution:competitionId:285023:attempted_switches_of_play:rank_asc:page:2,urn:gd:story:classification:gcp_distribution:competitionId:285023:attempted_switches_of_play:rank_asc:page:2
430697,285023_43908,Jean Ricner Bellegarde,Haiti,MF,130,86,12,25,5,60,4,100,distribution,urn:gd:story:classification:gcp_distribution:competitionId:285023:attempted_switches_of_play:rank_asc:page:2,urn:gd:story:classification:gcp_distribution:competitionId:285023:attempted_switches_of_play:rank_asc:page:2
433380,285023_43888,Montassar Talbi,Tunisia,DF,113,95,0,0,0,0,4,75,distribution,urn:gd:story:classification:gcp_distribution:competitionId:285023:attempted_switches_of_play:rank_asc:page:2,urn:gd:story:classification:gcp_distribution:competitionId:285023:attempted_switches_of_play:rank_asc:page:2
430690,285023_43879,Moussa Niakhate,Senegal,DF,290,93,2,50,1,100,4,75,distribution,urn:gd:story:classification:gcp_distribution:competitionId:285023:attempted_switches_of_play:rank_asc:page:2,urn:gd:story:classification:gcp_distribution:competitionId:285023:attempted_switches_of_play:rank_asc:page:2
494351,285023_43860,Jonas Adjetey,Ghana,DF,120,88,0,0,0,0,4,75,distribution,urn:gd:story:classification:gcp_distribution:competitionId:285023:attempted_switches_of_play:rank_asc:page:2,urn:gd:story:classification:gcp_distribution:competitionId:285023:attempted_switches_of_play:rank_asc:page:2
492315,285023_43822,Lee Gihyuk,Korea Republic,MF,236,92,4,0,3,0,4,100,distribution,urn:gd:story:classification:gcp_distribution:competitionId:285023:attempted_switches_of_play:rank_asc:page:2,urn:gd:story:classification:gcp_distribution:competitionId:285023:attempted_switches_of_play:rank_asc:page:2
433076,285023_20014,Samuel Moutoussamy,Congo DR,MF,147,83,1,100,6,17,4,100,distribution,urn:gd:story:classification:gcp_distribution:competitionId:285023:attempted_switches_of_play:rank_asc:page:2,urn:gd:story:classification:gcp_distribution:competitionId:285023:attempted_switches_of_play:rank_asc:page:2
430605,285023_43924,Bruno Guimaraes,Brazil,MF,200,81,12,17,15,33,4,75,distribution,urn:gd:story:classification:gcp_distribution:competitionId:285023:attempted_switches_of_play:rank_asc:page:2,urn:gd:story:classification:gcp_distribution:competitionId:285023:attempted_switches_of_play:rank_asc:page:2
464542,285023_43921,Alex Freeman,USA,DF,283,90,4,0,9,67,4,75,distribution,urn:gd:story:classification:gcp_distribution:competitionId:285023:attempted_switches_of_play:rank_asc:page:2,urn:gd:story:classification:gcp_distribution:competitionId:285023:attempted_switches_of_play:rank_asc:page:2
390259,285023_43921,Weston Mckennie,USA,MF,220,79,11,27,27,74,4,75,distribution,urn:gd:story:classification:gcp_distribution:competitionId:285023:attempted_switches_of_play:rank_asc:page:2,urn:gd:story:classification:gcp_distribution:competitionId:285023:attempted_switches_of_play:rank_asc:page:2
308386,285023_43924,Casemiro,Brazil,MF,224,89,4,25,8,50,4,100,distribution,urn:gd:story:classification:gcp_distribution:competitionId:285023:attempted_switches_of_play:rank_asc:page:2,urn:gd:story:classification:gcp_distribution:competitionId:285023:attempted_switches_of_play:rank_asc:page:2
400416,285023_43914,Edgar Yoel Barcenas,Panama,MF,109,88,5,40,3,67,4,100,distribution,urn:gd:story:classification:gcp_distribution:competitionId:285023:attempted_switches_of_play:rank_asc:page:2,urn:gd:story:classification:gcp_distribution:competitionId:285023:attempted_switches_of_play:rank_asc:page:2
402898,285023_43930,Nicolas De La Cruz,Uruguay,MF,55,82,4,50,7,43,4,100,distribution,urn:gd:story:classification:gcp_distribution:competitionId:285023:attempted_switches_of_play:rank_asc:page:2,urn:gd:story:classification:gcp_distribution:competitionId:285023:attempted_switches_of_play:rank_asc:page:2
405742,285023_43924,Vinicius Junior,Brazil,FW,142,82,15,40,21,76,4,100,distribution,urn:gd:story:classification:gcp_distribution:competitionId:285023:attempted_switches_of_play:rank_asc:page:2,urn:gd:story:classification:gcp_distribution:competitionId:285023:attempted_switches_of_play:rank_asc:page:2
400634,285023_43911,Edson Alvarez,Mexico,DF,153,90,2,50,3,0,4,75,distribution,urn:gd:story:classification:gcp_distribution:competitionId:285023:attempted_switches_of_play:rank_asc:page:2,urn:gd:story:classification:gcp_distribution:competitionId:285023:attempted_switches_of_play:rank_asc:page:2
313559,285023_43971,Ricardo Rodriguez,Switzerland,DF,221,81,13,8,19,37,4,50,distribution,urn:gd:story:classification:gcp_distribution:competitionId:285023:attempted_switches_of_play:rank_asc:page:2,urn:gd:story:classification:gcp_distribution:competitionId:285023:attempted_switches_of_play:rank_asc:page:2
448014,285023_43976,Alessandro Circati,Australia,DF,221,80,1,0,10,60,4,75,distribution,urn:gd:story:classification:gcp_distribution:competitionId:285023:attempted_switches_of_play:rank_asc:page:2,urn:gd:story:classification:gcp_distribution:competitionId:285023:attempted_switches_of_play:rank_asc:page:2
523097,285023_43995,Alexandr Sojka,Czechia,MF,65,80,5,40,1,0,3,33,distribution,urn:gd:story:classification:gcp_distribution:competitionId:285023:attempted_switches_of_play:rank_asc:page:2,urn:gd:story:classification:gcp_distribution:competitionId:285023:attempted_switches_of_play:rank_asc:page:2
371348,285023_44005,Otabek Shukurov,Uzbekistan,MF,117,88,1,0,3,33,3,100,distribution,urn:gd:story:classification:gcp_distribution:competitionId:285023:attempted_switches_of_play:rank_asc:page:2,urn:gd:story:classification:gcp_distribution:competitionId:285023:attempted_switches_of_play:rank_asc:page:2
411375,285023_43969,Rodri,Spain,MF,526,94,2,0,13,92,3,100,distribution,urn:gd:story:classification:gcp_distribution:competitionId:285023:attempted_switches_of_play:rank_asc:page:2,urn:gd:story:classification:gcp_distribution:competitionId:285023:attempted_switches_of_play:rank_asc:page:2
398509,285023_43971,Nico Elvedi,Switzerland,DF,282,92,0,0,2,50,3,100,distribution,urn:gd:story:classification:gcp_distribution:competitionId:285023:attempted_switches_of_play:rank_asc:page:2,urn:gd:story:classification:gcp_distribution:competitionId:285023:attempted_switches_of_play:rank_asc:page:2
489688,285023_43970,Yasin Ayari,Sweden,MF,107,79,17,29,2,0,3,67,distribution,urn:gd:story:classification:gcp_distribution:competitionId:285023:attempted_switches_of_play:rank_asc:page:2,urn:gd:story:classification:gcp_distribution:competitionId:285023:attempted_switches_of_play:rank_asc:page:2
482976,285023_44037,Amar Dedic,Bosnia and Herzegovina,DF,99,81,0,0,1,0,3,100,distribution,urn:gd:story:classification:gcp_distribution:competitionId:285023:attempted_switches_of_play:rank_asc:page:2,urn:gd:story:classification:gcp_distribution:competitionId:285023:attempted_switches_of_play:rank_asc:page:2
441167,285023_43995,Tomas Holes,Czechia,DF,66,83,0,0,1,0,3,100,distribution,urn:gd:story:classification:gcp_distribution:competitionId:285023:attempted_switches_of_play:rank_asc:page:2,urn:gd:story:classification:gcp_distribution:competitionId:285023:attempted_switches_of_play:rank_asc:page:2
430442,285023_43976,Harry Souttar,Australia,DF,199,86,0,0,8,38,3,33,distribution,urn:gd:story:classification:gcp_distribution:competitionId:285023:attempted_switches_of_play:rank_asc:page:2,urn:gd:story:classification:gcp_distribution:competitionId:285023:attempted_switches_of_play:rank_asc:page:2
482974,285023_44037,Ivan Basic,Bosnia and Herzegovina,MF,104,92,12,58,2,50,3,100,distribution,urn:gd:story:classification:gcp_distribution:competitionId:285023:attempted_switches_of_play:rank_asc:page:2,urn:gd:story:classification:gcp_distribution:competitionId:285023:attempted_switches_of_play:rank_asc:page:2
430440,285023_43976,Aiden Oneill,Australia,MF,172,83,8,50,12,42,3,33,distribution,urn:gd:story:classification:gcp_distribution:competitionId:285023:attempted_switches_of_play:rank_asc:page:2,urn:gd:story:classification:gcp_distribution:competitionId:285023:attempted_switches_of_play:rank_asc:page:2
479106,285023_44005,Akmal Mozgovoy,Uzbekistan,MF,79,82,0,0,8,50,3,67,distribution,urn:gd:story:classification:gcp_distribution:competitionId:285023:attempted_switches_of_play:rank_asc:page:2,urn:gd:story:classification:gcp_distribution:competitionId:285023:attempted_switches_of_play:rank_asc:page:2
430482,285023_43855,Emam Ashour,Egypt,MF,182,87,3,0,6,67,3,100,distribution,urn:gd:story:classification:gcp_distribution:competitionId:285023:attempted_switches_of_play:rank_asc:page:2,urn:gd:story:classification:gcp_distribution:competitionId:285023:attempted_switches_of_play:rank_asc:page:2
463221,285023_43883,Nkosinathi Sibisi,South Africa,DF,52,81,0,0,1,100,3,100,distribution,urn:gd:story:classification:gcp_distribution:competitionId:285023:attempted_switches_of_play:rank_asc:page:2,urn:gd:story:classification:gcp_distribution:competitionId:285023:attempted_switches_of_play:rank_asc:page:2
504199,285023_43883,Mbekezeli Mbokazi,South Africa,DF,213,87,2,0,7,57,3,67,distribution,urn:gd:story:classification:gcp_distribution:competitionId:285023:attempted_switches_of_play:rank_asc:page:2,urn:gd:story:classification:gcp_distribution:competitionId:285023:attempted_switches_of_play:rank_asc:page:2
466838,285023_43908,Danley Jean Jacques,Haiti,MF,116,88,2,0,1,0,3,100,distribution,urn:gd:story:classification:gcp_distribution:competitionId:285023:attempted_switches_of_play:rank_asc:page:2,urn:gd:story:classification:gcp_distribution:competitionId:285023:attempted_switches_of_play:rank_asc:page:2
433635,285023_43899,Stephen Eustaquio,Canada,MF,281,87,42,38,15,60,3,100,distribution,urn:gd:story:classification:gcp_distribution:competitionId:285023:attempted_switches_of_play:rank_asc:page:2,urn:gd:story:classification:gcp_distribution:competitionId:285023:attempted_switches_of_play:rank_asc:page:2
477852,285023_43850,Kevin Pina,Cabo Verde,MF,156,86,1,0,1,0,3,67,distribution,urn:gd:story:classification:gcp_distribution:competitionId:285023:attempted_switches_of_play:rank_asc:page:2,urn:gd:story:classification:gcp_distribution:competitionId:285023:attempted_switches_of_play:rank_asc:page:2
429095,285023_43855,Hamdy Fathy,Egypt,MF,112,93,1,0,3,0,3,100,distribution,urn:gd:story:classification:gcp_distribution:competitionId:285023:attempted_switches_of_play:rank_asc:page:2,urn:gd:story:classification:gcp_distribution:competitionId:285023:attempted_switches_of_play:rank_asc:page:2
448523,285023_43860,Kamaldeen Sulemana,Ghana,FW,31,87,4,75,4,75,3,100,distribution,urn:gd:story:classification:gcp_distribution:competitionId:285023:attempted_switches_of_play:rank_asc:page:2,urn:gd:story:classification:gcp_distribution:competitionId:285023:attempted_switches_of_play:rank_asc:page:2
430476,285023_43855,Omar Marmoush,Egypt,FW,72,86,5,0,12,75,3,100,distribution,urn:gd:story:classification:gcp_distribution:competitionId:285023:attempted_switches_of_play:rank_asc:page:2,urn:gd:story:classification:gcp_distribution:competitionId:285023:attempted_switches_of_play:rank_asc:page:2
489300,285023_43908,Martin Experience,Haiti,DF,111,84,6,0,6,33,3,100,distribution,urn:gd:story:classification:gcp_distribution:competitionId:285023:attempted_switches_of_play:rank_asc:page:2,urn:gd:story:classification:gcp_distribution:competitionId:285023:attempted_switches_of_play:rank_asc:page:2
395986,285023_43883,Ronwen Williams,South Africa,GK,237,76,0,0,7,29,3,67,distribution,urn:gd:story:classification:gcp_distribution:competitionId:285023:attempted_switches_of_play:rank_asc:page:2,urn:gd:story:classification:gcp_distribution:competitionId:285023:attempted_switches_of_play:rank_asc:page:2
441307,285023_43872,Azzedine Ounahi,Morocco,MF,245,90,3,67,14,64,3,100,distribution,urn:gd:story:classification:gcp_distribution:competitionId:285023:attempted_switches_of_play:rank_asc:page:2,urn:gd:story:classification:gcp_distribution:competitionId:285023:attempted_switches_of_play:rank_asc:page:2
339820,285023_43879,Kalidou Koulibaly,Senegal,DF,83,88,0,0,1,0,3,100,distribution,urn:gd:story:classification:gcp_distribution:competitionId:285023:attempted_switches_of_play:rank_asc:page:2,urn:gd:story:classification:gcp_distribution:competitionId:285023:attempted_switches_of_play:rank_asc:page:2
514208,285023_43854,Christ Inao Oulai,Côte d'Ivoire,MF,125,92,0,0,4,100,3,100,distribution,urn:gd:story:classification:gcp_distribution:competitionId:285023:attempted_switches_of_play:rank_asc:page:2,urn:gd:story:classification:gcp_distribution:competitionId:285023:attempted_switches_of_play:rank_asc:page:2
485740,285023_43872,Neil El Aynaoui,Morocco,MF,376,93,0,0,3,0,3,67,distribution,urn:gd:story:classification:gcp_distribution:competitionId:285023:attempted_switches_of_play:rank_asc:page:2,urn:gd:story:classification:gcp_distribution:competitionId:285023:attempted_switches_of_play:rank_asc:page:2
389876,285023_43946,Dayot Upamecano,France,DF,310,93,0,0,6,67,3,100,distribution,urn:gd:story:classification:gcp_distribution:competitionId:285023:attempted_switches_of_play:rank_asc:page:2,urn:gd:story:classification:gcp_distribution:competitionId:285023:attempted_switches_of_play:rank_asc:page:2
401339,285023_43967,Andy Robertson,Scotland,DF,153,81,11,36,7,14,3,33,distribution,urn:gd:story:classification:gcp_distribution:competitionId:285023:attempted_switches_of_play:rank_asc:page:2,urn:gd:story:classification:gcp_distribution:competitionId:285023:attempted_switches_of_play:rank_asc:page:2
433667,285023_43938,Josip Stanisic,Croatia,DF,162,86,5,20,9,67,3,100,distribution,urn:gd:story:classification:gcp_distribution:competitionId:285023:attempted_switches_of_play:rank_asc:page:2,urn:gd:story:classification:gcp_distribution:competitionId:285023:attempted_switches_of_play:rank_asc:page:2
448202,285023_43942,Jude Bellingham,England,MF,154,84,9,11,16,50,3,100,distribution,urn:gd:story:classification:gcp_distribution:competitionId:285023:attempted_switches_of_play:rank_asc:page:3,urn:gd:story:classification:gcp_distribution:competitionId:285023:attempted_switches_of_play:rank_asc:page:3
403049,285023_43942,Ezri Konsa,England,DF,367,96,0,0,2,100,3,67,distribution,urn:gd:story:classification:gcp_distribution:competitionId:285023:attempted_switches_of_play:rank_asc:page:3,urn:gd:story:classification:gcp_distribution:competitionId:285023:attempted_switches_of_play:rank_asc:page:3
484141,285023_43963,Joao Neves,Portugal,MF,261,95,2,50,9,56,3,67,distribution,urn:gd:story:classification:gcp_distribution:competitionId:285023:attempted_switches_of_play:rank_asc:page:3,urn:gd:story:classification:gcp_distribution:competitionId:285023:attempted_switches_of_play:rank_asc:page:3
336022,285023_43942,Jordan Pickford,England,GK,187,75,0,0,9,44,3,33,distribution,urn:gd:story:classification:gcp_distribution:competitionId:285023:attempted_switches_of_play:rank_asc:page:3,urn:gd:story:classification:gcp_distribution:competitionId:285023:attempted_switches_of_play:rank_asc:page:3
398680,285023_43946,Ousmane Dembele,France,FW,200,82,26,8,19,63,3,100,distribution,urn:gd:story:classification:gcp_distribution:competitionId:285023:attempted_switches_of_play:rank_asc:page:3,urn:gd:story:classification:gcp_distribution:competitionId:285023:attempted_switches_of_play:rank_asc:page:3
481610,285023_43942,Elliot Anderson,England,MF,289,89,5,40,14,71,3,67,distribution,urn:gd:story:classification:gcp_distribution:competitionId:285023:attempted_switches_of_play:rank_asc:page:3,urn:gd:story:classification:gcp_distribution:competitionId:285023:attempted_switches_of_play:rank_asc:page:3
359634,285023_43967,Grant Hanley,Scotland,DF,101,93,0,0,5,40,3,100,distribution,urn:gd:story:classification:gcp_distribution:competitionId:285023:attempted_switches_of_play:rank_asc:page:3,urn:gd:story:classification:gcp_distribution:competitionId:285023:attempted_switches_of_play:rank_asc:page:3
484022,285023_44037,Tarik Muharemovic,Bosnia and Herzegovina,DF,153,86,0,0,3,67,3,100,distribution,urn:gd:story:classification:gcp_distribution:competitionId:285023:attempted_switches_of_play:rank_asc:page:3,urn:gd:story:classification:gcp_distribution:competitionId:285023:attempted_switches_of_play:rank_asc:page:3
470760,285023_43926,Jhon Arias,Colombia,MF,202,96,6,17,5,80,3,100,distribution,urn:gd:story:classification:gcp_distribution:competitionId:285023:attempted_switches_of_play:rank_asc:page:3,urn:gd:story:classification:gcp_distribution:competitionId:285023:attempted_switches_of_play:rank_asc:page:3
486875,285023_43928,Gustavo Velazquez,Paraguay,DF,80,71,4,0,6,17,3,100,distribution,urn:gd:story:classification:gcp_distribution:competitionId:285023:attempted_switches_of_play:rank_asc:page:3,urn:gd:story:classification:gcp_distribution:competitionId:285023:attempted_switches_of_play:rank_asc:page:3
402893,285023_43930,Mathias Olivera,Uruguay,DF,226,94,3,0,6,50,3,100,distribution,urn:gd:story:classification:gcp_distribution:competitionId:285023:attempted_switches_of_play:rank_asc:page:3,urn:gd:story:classification:gcp_distribution:competitionId:285023:attempted_switches_of_play:rank_asc:page:3
499912,285023_43921,Sebastian Berhalter,USA,MF,136,84,9,78,10,80,3,67,distribution,urn:gd:story:classification:gcp_distribution:competitionId:285023:attempted_switches_of_play:rank_asc:page:3,urn:gd:story:classification:gcp_distribution:competitionId:285023:attempted_switches_of_play:rank_asc:page:3
229397,285023_43922,Lionel Messi,Argentina,FW,147,78,14,43,15,87,3,67,distribution,urn:gd:story:classification:gcp_distribution:competitionId:285023:attempted_switches_of_play:rank_asc:page:3,urn:gd:story:classification:gcp_distribution:competitionId:285023:attempted_switches_of_play:rank_asc:page:3
419108,285023_43930,Sebastian Caceres,Uruguay,DF,172,90,1,0,4,50,3,100,distribution,urn:gd:story:classification:gcp_distribution:competitionId:285023:attempted_switches_of_play:rank_asc:page:3,urn:gd:story:classification:gcp_distribution:competitionId:285023:attempted_switches_of_play:rank_asc:page:3
428885,285023_43927,Moises Caicedo,Ecuador,MF,295,89,16,44,13,54,3,100,distribution,urn:gd:story:classification:gcp_distribution:competitionId:285023:attempted_switches_of_play:rank_asc:page:3,urn:gd:story:classification:gcp_distribution:competitionId:285023:attempted_switches_of_play:rank_asc:page:3
356532,285023_20014,Chancel Mbemba,Congo DR,DF,162,80,4,0,7,43,3,100,distribution,urn:gd:story:classification:gcp_distribution:competitionId:285023:attempted_switches_of_play:rank_asc:page:3,urn:gd:story:classification:gcp_distribution:competitionId:285023:attempted_switches_of_play:rank_asc:page:3
448557,285023_43819,Daichi Kamada,Japan,MF,200,85,4,50,6,50,3,100,distribution,urn:gd:story:classification:gcp_distribution:competitionId:285023:attempted_switches_of_play:rank_asc:page:3,urn:gd:story:classification:gcp_distribution:competitionId:285023:attempted_switches_of_play:rank_asc:page:3
390534,285023_43817,Hossein Kanani,IR Iran,DF,34,97,0,0,0,0,3,67,distribution,urn:gd:story:classification:gcp_distribution:competitionId:285023:attempted_switches_of_play:rank_asc:page:3,urn:gd:story:classification:gcp_distribution:competitionId:285023:attempted_switches_of_play:rank_asc:page:3
386347,285023_43834,Akram Afif,Qatar,FW,93,78,12,33,12,42,3,67,distribution,urn:gd:story:classification:gcp_distribution:competitionId:285023:attempted_switches_of_play:rank_asc:page:3,urn:gd:story:classification:gcp_distribution:competitionId:285023:attempted_switches_of_play:rank_asc:page:3
396158,285023_43818,Rebin Sulaka,Iraq,DF,29,79,0,0,0,0,3,33,distribution,urn:gd:story:classification:gcp_distribution:competitionId:285023:attempted_switches_of_play:rank_asc:page:3,urn:gd:story:classification:gcp_distribution:competitionId:285023:attempted_switches_of_play:rank_asc:page:3
477795,285023_43843,Fares Chaibi,Algeria,MF,244,90,7,0,10,50,3,100,distribution,urn:gd:story:classification:gcp_distribution:competitionId:285023:attempted_switches_of_play:rank_asc:page:3,urn:gd:story:classification:gcp_distribution:competitionId:285023:attempted_switches_of_play:rank_asc:page:3
407993,285023_43835,Mohamed Kanno,Saudi Arabia,MF,104,93,1,0,6,67,3,100,distribution,urn:gd:story:classification:gcp_distribution:competitionId:285023:attempted_switches_of_play:rank_asc:page:3,urn:gd:story:classification:gcp_distribution:competitionId:285023:attempted_switches_of_play:rank_asc:page:3
385067,285023_43834,Boualem Khoukhi,Qatar,DF,117,80,1,0,8,25,3,100,distribution,urn:gd:story:classification:gcp_distribution:competitionId:285023:attempted_switches_of_play:rank_asc:page:3,urn:gd:story:classification:gcp_distribution:competitionId:285023:attempted_switches_of_play:rank_asc:page:3
403289,285023_43819,Takehiro Tomiyasu,Japan,DF,127,86,1,0,6,33,2,0,distribution,urn:gd:story:classification:gcp_distribution:competitionId:285023:attempted_switches_of_play:rank_asc:page:3,urn:gd:story:classification:gcp_distribution:competitionId:285023:attempted_switches_of_play:rank_asc:page:3
405528,285023_43819,Yukinari Sugawara,Japan,DF,73,71,5,20,4,25,2,50,distribution,urn:gd:story:classification:gcp_distribution:competitionId:285023:attempted_switches_of_play:rank_asc:page:3,urn:gd:story:classification:gcp_distribution:competitionId:285023:attempted_switches_of_play:rank_asc:page:3
479389,285023_43820,Mohannad Abutaha,Jordan,MF,87,68,6,50,6,50,2,0,distribution,urn:gd:story:classification:gcp_distribution:competitionId:285023:attempted_switches_of_play:rank_asc:page:3,urn:gd:story:classification:gcp_distribution:competitionId:285023:attempted_switches_of_play:rank_asc:page:3
346743,285023_43817,Shoja Khalilzadeh,IR Iran,DF,141,84,0,0,1,0,2,100,distribution,urn:gd:story:classification:gcp_distribution:competitionId:285023:attempted_switches_of_play:rank_asc:page:3,urn:gd:story:classification:gcp_distribution:competitionId:285023:attempted_switches_of_play:rank_asc:page:3
403274,285023_43819,Hiroki Ito,Japan,DF,199,89,10,20,11,27,2,50,distribution,urn:gd:story:classification:gcp_distribution:competitionId:285023:attempted_switches_of_play:rank_asc:page:3,urn:gd:story:classification:gcp_distribution:competitionId:285023:attempted_switches_of_play:rank_asc:page:3
403063,285023_20014,Axel Tuanzebe,Congo DR,DF,155,90,0,0,0,0,2,100,distribution,urn:gd:story:classification:gcp_distribution:competitionId:285023:attempted_switches_of_play:rank_asc:page:3,urn:gd:story:classification:gcp_distribution:competitionId:285023:attempted_switches_of_play:rank_asc:page:3
416051,285023_43834,Pedro Miguel,Qatar,DF,78,76,2,50,7,29,2,100,distribution,urn:gd:story:classification:gcp_distribution:competitionId:285023:attempted_switches_of_play:rank_asc:page:3,urn:gd:story:classification:gcp_distribution:competitionId:285023:attempted_switches_of_play:rank_asc:page:3
395084,285023_43822,Hwang Inbeom,Korea Republic,MF,218,89,3,67,5,80,2,100,distribution,urn:gd:story:classification:gcp_distribution:competitionId:285023:attempted_switches_of_play:rank_asc:page:3,urn:gd:story:classification:gcp_distribution:competitionId:285023:attempted_switches_of_play:rank_asc:page:3
411644,285023_43817,Saman Ghoddos,IR Iran,MF,64,70,1,100,6,50,2,100,distribution,urn:gd:story:classification:gcp_distribution:competitionId:285023:attempted_switches_of_play:rank_asc:page:3,urn:gd:story:classification:gcp_distribution:competitionId:285023:attempted_switches_of_play:rank_asc:page:3
489603,285023_43817,Ali Nemati,IR Iran,DF,129,88,3,33,3,0,2,100,distribution,urn:gd:story:classification:gcp_distribution:competitionId:285023:attempted_switches_of_play:rank_asc:page:3,urn:gd:story:classification:gcp_distribution:competitionId:285023:attempted_switches_of_play:rank_asc:page:3
274281,285023_43822,Kim Seunggyu,Korea Republic,GK,116,73,0,0,9,11,2,50,distribution,urn:gd:story:classification:gcp_distribution:competitionId:285023:attempted_switches_of_play:rank_asc:page:3,urn:gd:story:classification:gcp_distribution:competitionId:285023:attempted_switches_of_play:rank_asc:page:3
448128,285023_20014,Charles Pickel,Congo DR,MF,22,86,0,0,0,0,2,50,distribution,urn:gd:story:classification:gcp_distribution:competitionId:285023:attempted_switches_of_play:rank_asc:page:3,urn:gd:story:classification:gcp_distribution:competitionId:285023:attempted_switches_of_play:rank_asc:page:3
433534,285023_43820,Nizar Alrashdan,Jordan,MF,80,78,0,0,7,43,2,100,distribution,urn:gd:story:classification:gcp_distribution:competitionId:285023:attempted_switches_of_play:rank_asc:page:3,urn:gd:story:classification:gcp_distribution:competitionId:285023:attempted_switches_of_play:rank_asc:page:3
448180,285023_43938,Josko Gvardiol,Croatia,DF,89,87,0,0,7,57,2,50,distribution,urn:gd:story:classification:gcp_distribution:competitionId:285023:attempted_switches_of_play:rank_asc:page:3,urn:gd:story:classification:gcp_distribution:competitionId:285023:attempted_switches_of_play:rank_asc:page:3
241559,285023_43938,Luka Modric,Croatia,MF,248,91,9,44,9,44,2,100,distribution,urn:gd:story:classification:gcp_distribution:competitionId:285023:attempted_switches_of_play:rank_asc:page:3,urn:gd:story:classification:gcp_distribution:competitionId:285023:attempted_switches_of_play:rank_asc:page:3
419177,285023_43946,William Saliba,France,DF,248,98,0,0,1,0,2,100,distribution,urn:gd:story:classification:gcp_distribution:competitionId:285023:attempted_switches_of_play:rank_asc:page:3,urn:gd:story:classification:gcp_distribution:competitionId:285023:attempted_switches_of_play:rank_asc:page:3
358120,285023_43935,Kevin De Bruyne,Belgium,MF,161,83,20,25,17,47,2,100,distribution,urn:gd:story:classification:gcp_distribution:competitionId:285023:attempted_switches_of_play:rank_asc:page:3,urn:gd:story:classification:gcp_distribution:competitionId:285023:attempted_switches_of_play:rank_asc:page:3
339987,285023_43938,Mateo Kovacic,Croatia,MF,208,95,0,0,3,67,2,100,distribution,urn:gd:story:classification:gcp_distribution:competitionId:285023:attempted_switches_of_play:rank_asc:page:3,urn:gd:story:classification:gcp_distribution:competitionId:285023:attempted_switches_of_play:rank_asc:page:3
448149,285023_43960,Teun Koopmeiners,Netherlands,MF,63,86,4,50,2,50,2,100,distribution,urn:gd:story:classification:gcp_distribution:competitionId:285023:attempted_switches_of_play:rank_asc:page:3,urn:gd:story:classification:gcp_distribution:competitionId:285023:attempted_switches_of_play:rank_asc:page:3
386413,285023_43948,Joshua Kimmich,Germany,DF,368,91,25,20,9,56,2,100,distribution,urn:gd:story:classification:gcp_distribution:competitionId:285023:attempted_switches_of_play:rank_asc:page:3,urn:gd:story:classification:gcp_distribution:competitionId:285023:attempted_switches_of_play:rank_asc:page:3
482931,285023_43938,Marco Pasalic,Croatia,FW,37,62,12,8,9,89,2,50,distribution,urn:gd:story:classification:gcp_distribution:competitionId:285023:attempted_switches_of_play:rank_asc:page:3,urn:gd:story:classification:gcp_distribution:competitionId:285023:attempted_switches_of_play:rank_asc:page:3
497902,285023_43935,Diego Moreira,Belgium,MF,15,67,4,25,3,67,2,50,distribution,urn:gd:story:classification:gcp_distribution:competitionId:285023:attempted_switches_of_play:rank_asc:page:3,urn:gd:story:classification:gcp_distribution:competitionId:285023:attempted_switches_of_play:rank_asc:page:3
483442,285023_43961,Patrick Berg,Norway,MF,138,91,10,50,0,0,2,100,distribution,urn:gd:story:classification:gcp_distribution:competitionId:285023:attempted_switches_of_play:rank_asc:page:3,urn:gd:story:classification:gcp_distribution:competitionId:285023:attempted_switches_of_play:rank_asc:page:3
405893,285023_43946,Aurelien Tchouameni,France,MF,195,96,1,0,1,100,2,100,distribution,urn:gd:story:classification:gcp_distribution:competitionId:285023:attempted_switches_of_play:rank_asc:page:3,urn:gd:story:classification:gcp_distribution:competitionId:285023:attempted_switches_of_play:rank_asc:page:3
439641,285023_43942,Reece James,England,DF,118,93,7,29,6,50,2,50,distribution,urn:gd:story:classification:gcp_distribution:competitionId:285023:attempted_switches_of_play:rank_asc:page:3,urn:gd:story:classification:gcp_distribution:competitionId:285023:attempted_switches_of_play:rank_asc:page:3
494626,285023_43961,Andreas Schjelderup,Norway,MF,84,89,7,14,7,71,2,50,distribution,urn:gd:story:classification:gcp_distribution:competitionId:285023:attempted_switches_of_play:rank_asc:page:3,urn:gd:story:classification:gcp_distribution:competitionId:285023:attempted_switches_of_play:rank_asc:page:3
463780,285023_43942,Nico Oreilly,England,DF,177,93,4,50,4,75,2,100,distribution,urn:gd:story:classification:gcp_distribution:competitionId:285023:attempted_switches_of_play:rank_asc:page:3,urn:gd:story:classification:gcp_distribution:competitionId:285023:attempted_switches_of_play:rank_asc:page:3
430669,285023_43948,Florian Wirtz,Germany,MF,271,82,12,42,15,67,2,100,distribution,urn:gd:story:classification:gcp_distribution:competitionId:285023:attempted_switches_of_play:rank_asc:page:4,urn:gd:story:classification:gcp_distribution:competitionId:285023:attempted_switches_of_play:rank_asc:page:4
411443,285023_43935,Timothy Castagne,Belgium,DF,228,90,18,33,4,100,2,50,distribution,urn:gd:story:classification:gcp_distribution:competitionId:285023:attempted_switches_of_play:rank_asc:page:4,urn:gd:story:classification:gcp_distribution:competitionId:285023:attempted_switches_of_play:rank_asc:page:4
448360,285023_43935,Brandon Mechele,Belgium,DF,364,92,0,0,4,50,2,100,distribution,urn:gd:story:classification:gcp_distribution:competitionId:285023:attempted_switches_of_play:rank_asc:page:4,urn:gd:story:classification:gcp_distribution:competitionId:285023:attempted_switches_of_play:rank_asc:page:4
358122,285023_43935,Thomas Meunier,Belgium,DF,116,84,8,38,8,38,2,50,distribution,urn:gd:story:classification:gcp_distribution:competitionId:285023:attempted_switches_of_play:rank_asc:page:4,urn:gd:story:classification:gcp_distribution:competitionId:285023:attempted_switches_of_play:rank_asc:page:4
448343,285023_43935,Hans Vanaken,Belgium,MF,149,95,2,0,2,50,2,100,distribution,urn:gd:story:classification:gcp_distribution:competitionId:285023:attempted_switches_of_play:rank_asc:page:4,urn:gd:story:classification:gcp_distribution:competitionId:285023:attempted_switches_of_play:rank_asc:page:4
422657,285023_43960,Frenkie De Jong,Netherlands,MF,243,92,0,0,5,80,2,100,distribution,urn:gd:story:classification:gcp_distribution:competitionId:285023:attempted_switches_of_play:rank_asc:page:4,urn:gd:story:classification:gcp_distribution:competitionId:285023:attempted_switches_of_play:rank_asc:page:4
418548,285023_43963,Pedro Neto,Portugal,FW,155,88,13,23,11,73,2,50,distribution,urn:gd:story:classification:gcp_distribution:competitionId:285023:attempted_switches_of_play:rank_asc:page:4,urn:gd:story:classification:gcp_distribution:competitionId:285023:attempted_switches_of_play:rank_asc:page:4
404645,285023_43961,Sander Berge,Norway,MF,317,97,2,0,4,75,2,100,distribution,urn:gd:story:classification:gcp_distribution:competitionId:285023:attempted_switches_of_play:rank_asc:page:4,urn:gd:story:classification:gcp_distribution:competitionId:285023:attempted_switches_of_play:rank_asc:page:4
403001,285023_43963,Diogo Costa,Portugal,GK,125,78,0,0,5,20,2,0,distribution,urn:gd:story:classification:gcp_distribution:competitionId:285023:attempted_switches_of_play:rank_asc:page:4,urn:gd:story:classification:gcp_distribution:competitionId:285023:attempted_switches_of_play:rank_asc:page:4
373235,285023_43961,Orjan Nyland,Norway,GK,159,71,0,0,5,0,2,50,distribution,urn:gd:story:classification:gcp_distribution:competitionId:285023:attempted_switches_of_play:rank_asc:page:4,urn:gd:story:classification:gcp_distribution:competitionId:285023:attempted_switches_of_play:rank_asc:page:4
418550,285023_43963,Rafael Leao,Portugal,FW,82,87,8,50,8,63,2,50,distribution,urn:gd:story:classification:gcp_distribution:competitionId:285023:attempted_switches_of_play:rank_asc:page:4,urn:gd:story:classification:gcp_distribution:competitionId:285023:attempted_switches_of_play:rank_asc:page:4
401712,285023_43967,Kieran Tierney,Scotland,DF,48,75,7,43,1,100,2,50,distribution,urn:gd:story:classification:gcp_distribution:competitionId:285023:attempted_switches_of_play:rank_asc:page:4,urn:gd:story:classification:gcp_distribution:competitionId:285023:attempted_switches_of_play:rank_asc:page:4
448373,285023_43935,Maxim De Cuyper,Belgium,DF,224,83,15,27,9,44,2,100,distribution,urn:gd:story:classification:gcp_distribution:competitionId:285023:attempted_switches_of_play:rank_asc:page:4,urn:gd:story:classification:gcp_distribution:competitionId:285023:attempted_switches_of_play:rank_asc:page:4
492358,285023_43963,Tomas Araujo,Portugal,DF,102,96,0,0,0,0,2,50,distribution,urn:gd:story:classification:gcp_distribution:competitionId:285023:attempted_switches_of_play:rank_asc:page:4,urn:gd:story:classification:gcp_distribution:competitionId:285023:attempted_switches_of_play:rank_asc:page:4
482775,285023_43978,Tyler Bindon,New Zealand,DF,68,72,0,0,6,33,2,50,distribution,urn:gd:story:classification:gcp_distribution:competitionId:285023:attempted_switches_of_play:rank_asc:page:4,urn:gd:story:classification:gcp_distribution:competitionId:285023:attempted_switches_of_play:rank_asc:page:4
475260,285023_44005,Behruzjon Karimov,Uzbekistan,DF,55,78,2,50,3,33,2,0,distribution,urn:gd:story:classification:gcp_distribution:competitionId:285023:attempted_switches_of_play:rank_asc:page:4,urn:gd:story:classification:gcp_distribution:competitionId:285023:attempted_switches_of_play:rank_asc:page:4
433668,285023_43995,Michal Sadilek,Czechia,MF,84,82,11,18,4,50,2,100,distribution,urn:gd:story:classification:gcp_distribution:competitionId:285023:attempted_switches_of_play:rank_asc:page:4,urn:gd:story:classification:gcp_distribution:competitionId:285023:attempted_switches_of_play:rank_asc:page:4
390209,285023_43978,Sarpreet Singh,New Zealand,MF,76,76,7,0,6,17,2,100,distribution,urn:gd:story:classification:gcp_distribution:competitionId:285023:attempted_switches_of_play:rank_asc:page:4,urn:gd:story:classification:gcp_distribution:competitionId:285023:attempted_switches_of_play:rank_asc:page:4
430450,285023_43976,Jacob Italiano,Australia,DF,43,77,9,33,2,50,2,100,distribution,urn:gd:story:classification:gcp_distribution:competitionId:285023:attempted_switches_of_play:rank_asc:page:4,urn:gd:story:classification:gcp_distribution:competitionId:285023:attempted_switches_of_play:rank_asc:page:4
483276,285023_43970,Gabriel Gudmundsson,Sweden,DF,147,76,5,20,7,14,2,100,distribution,urn:gd:story:classification:gcp_distribution:competitionId:285023:attempted_switches_of_play:rank_asc:page:4,urn:gd:story:classification:gcp_distribution:competitionId:285023:attempted_switches_of_play:rank_asc:page:4
405454,285023_43978,Elijah Just,New Zealand,MF,99,86,1,0,5,20,2,50,distribution,urn:gd:story:classification:gcp_distribution:competitionId:285023:attempted_switches_of_play:rank_asc:page:4,urn:gd:story:classification:gcp_distribution:competitionId:285023:attempted_switches_of_play:rank_asc:page:4
441179,285023_43972,Merih Demiral,Türkiye,DF,124,96,1,0,5,40,2,100,distribution,urn:gd:story:classification:gcp_distribution:competitionId:285023:attempted_switches_of_play:rank_asc:page:4,urn:gd:story:classification:gcp_distribution:competitionId:285023:attempted_switches_of_play:rank_asc:page:4
430751,285023_43969,Mikel Oyarzabal,Spain,FW,86,81,8,13,3,33,2,50,distribution,urn:gd:story:classification:gcp_distribution:competitionId:285023:attempted_switches_of_play:rank_asc:page:4,urn:gd:story:classification:gcp_distribution:competitionId:285023:attempted_switches_of_play:rank_asc:page:4
430150,285023_43970,Alexander Isak,Sweden,FW,81,80,4,0,5,60,2,50,distribution,urn:gd:story:classification:gcp_distribution:competitionId:285023:attempted_switches_of_play:rank_asc:page:4,urn:gd:story:classification:gcp_distribution:competitionId:285023:attempted_switches_of_play:rank_asc:page:4
498421,285023_43976,Paul Okon Engstler,Australia,MF,89,87,1,100,6,83,2,100,distribution,urn:gd:story:classification:gcp_distribution:competitionId:285023:attempted_switches_of_play:rank_asc:page:4,urn:gd:story:classification:gcp_distribution:competitionId:285023:attempted_switches_of_play:rank_asc:page:4
430718,285023_43969,Fabian Ruiz,Spain,MF,136,94,3,0,6,83,2,100,distribution,urn:gd:story:classification:gcp_distribution:competitionId:285023:attempted_switches_of_play:rank_asc:page:4,urn:gd:story:classification:gcp_distribution:competitionId:285023:attempted_switches_of_play:rank_asc:page:4
464906,285023_44005,Jakhongir Urozov,Uzbekistan,DF,45,69,0,0,1,100,2,100,distribution,urn:gd:story:classification:gcp_distribution:competitionId:285023:attempted_switches_of_play:rank_asc:page:4,urn:gd:story:classification:gcp_distribution:competitionId:285023:attempted_switches_of_play:rank_asc:page:4
484139,285023_43972,Baris Alper Yilmaz,Türkiye,FW,38,76,15,0,12,67,2,0,distribution,urn:gd:story:classification:gcp_distribution:competitionId:285023:attempted_switches_of_play:rank_asc:page:4,urn:gd:story:classification:gcp_distribution:competitionId:285023:attempted_switches_of_play:rank_asc:page:4
355775,285023_43976,Jackson Irvine,Australia,MF,124,83,2,50,2,0,2,100,distribution,urn:gd:story:classification:gcp_distribution:competitionId:285023:attempted_switches_of_play:rank_asc:page:4,urn:gd:story:classification:gcp_distribution:competitionId:285023:attempted_switches_of_play:rank_asc:page:4
389907,285023_43972,Salih Ozcan,Türkiye,MF,61,85,1,0,3,33,2,100,distribution,urn:gd:story:classification:gcp_distribution:competitionId:285023:attempted_switches_of_play:rank_asc:page:4,urn:gd:story:classification:gcp_distribution:competitionId:285023:attempted_switches_of_play:rank_asc:page:4
484092,285023_43972,Ismail Yuksek,Türkiye,MF,111,94,1,0,2,50,2,100,distribution,urn:gd:story:classification:gcp_distribution:competitionId:285023:attempted_switches_of_play:rank_asc:page:4,urn:gd:story:classification:gcp_distribution:competitionId:285023:attempted_switches_of_play:rank_asc:page:4
433787,285023_43967,Scott Mctominay,Scotland,MF,96,91,0,0,1,100,2,100,distribution,urn:gd:story:classification:gcp_distribution:competitionId:285023:attempted_switches_of_play:rank_asc:page:4,urn:gd:story:classification:gcp_distribution:competitionId:285023:attempted_switches_of_play:rank_asc:page:4
447860,285023_43969,Alex Baena,Spain,MF,139,83,31,23,15,67,2,100,distribution,urn:gd:story:classification:gcp_distribution:competitionId:285023:attempted_switches_of_play:rank_asc:page:4,urn:gd:story:classification:gcp_distribution:competitionId:285023:attempted_switches_of_play:rank_asc:page:4
484320,285023_43969,Lamine Yamal,Spain,FW,136,87,26,19,21,76,2,100,distribution,urn:gd:story:classification:gcp_distribution:competitionId:285023:attempted_switches_of_play:rank_asc:page:4,urn:gd:story:classification:gcp_distribution:competitionId:285023:attempted_switches_of_play:rank_asc:page:4
423646,285023_43969,Pedri,Spain,MF,348,89,14,36,11,73,2,100,distribution,urn:gd:story:classification:gcp_distribution:competitionId:285023:attempted_switches_of_play:rank_asc:page:4,urn:gd:story:classification:gcp_distribution:competitionId:285023:attempted_switches_of_play:rank_asc:page:4
430735,285023_43969,Marc Cucurella,Spain,DF,289,92,10,30,8,63,2,100,distribution,urn:gd:story:classification:gcp_distribution:competitionId:285023:attempted_switches_of_play:rank_asc:page:4,urn:gd:story:classification:gcp_distribution:competitionId:285023:attempted_switches_of_play:rank_asc:page:4
486161,285023_43883,Relebohile Mofokeng,South Africa,FW,54,81,2,0,6,50,2,100,distribution,urn:gd:story:classification:gcp_distribution:competitionId:285023:attempted_switches_of_play:rank_asc:page:4,urn:gd:story:classification:gcp_distribution:competitionId:285023:attempted_switches_of_play:rank_asc:page:4
506039,285023_43883,Ime Okon,South Africa,DF,280,92,0,0,2,50,2,50,distribution,urn:gd:story:classification:gcp_distribution:competitionId:285023:attempted_switches_of_play:rank_asc:page:4,urn:gd:story:classification:gcp_distribution:competitionId:285023:attempted_switches_of_play:rank_asc:page:4
441333,285023_43860,Gideon Mensah,Ghana,DF,182,86,3,0,6,33,2,100,distribution,urn:gd:story:classification:gcp_distribution:competitionId:285023:attempted_switches_of_play:rank_asc:page:4,urn:gd:story:classification:gcp_distribution:competitionId:285023:attempted_switches_of_play:rank_asc:page:4
372266,285023_43872,Sofyan Amrabat,Morocco,MF,81,93,0,0,3,67,2,100,distribution,urn:gd:story:classification:gcp_distribution:competitionId:285023:attempted_switches_of_play:rank_asc:page:4,urn:gd:story:classification:gcp_distribution:competitionId:285023:attempted_switches_of_play:rank_asc:page:4
486317,285023_43854,Guela Doue,Côte d'Ivoire,DF,163,88,11,45,9,56,2,100,distribution,urn:gd:story:classification:gcp_distribution:competitionId:285023:attempted_switches_of_play:rank_asc:page:4,urn:gd:story:classification:gcp_distribution:competitionId:285023:attempted_switches_of_play:rank_asc:page:4
441252,285023_43899,Alistair Johnston,Canada,DF,240,77,24,25,17,53,2,100,distribution,urn:gd:story:classification:gcp_distribution:competitionId:285023:attempted_switches_of_play:rank_asc:page:4,urn:gd:story:classification:gcp_distribution:competitionId:285023:attempted_switches_of_play:rank_asc:page:4
463236,285023_43883,Jayden Adams,South Africa,MF,44,91,0,0,2,50,2,100,distribution,urn:gd:story:classification:gcp_distribution:competitionId:285023:attempted_switches_of_play:rank_asc:page:4,urn:gd:story:classification:gcp_distribution:competitionId:285023:attempted_switches_of_play:rank_asc:page:4
353790,285023_43879,Sadio Mane,Senegal,FW,129,82,22,27,14,71,2,100,distribution,urn:gd:story:classification:gcp_distribution:competitionId:285023:attempted_switches_of_play:rank_asc:page:4,urn:gd:story:classification:gcp_distribution:competitionId:285023:attempted_switches_of_play:rank_asc:page:4
507253,285023_43860,Kwasi Sibo,Ghana,MF,93,95,0,0,1,100,2,100,distribution,urn:gd:story:classification:gcp_distribution:competitionId:285023:attempted_switches_of_play:rank_asc:page:4,urn:gd:story:classification:gcp_distribution:competitionId:285023:attempted_switches_of_play:rank_asc:page:4
494313,285023_43850,Yannick Semedo,Cabo Verde,MF,35,77,2,50,0,0,2,100,distribution,urn:gd:story:classification:gcp_distribution:competitionId:285023:attempted_switches_of_play:rank_asc:page:4,urn:gd:story:classification:gcp_distribution:competitionId:285023:attempted_switches_of_play:rank_asc:page:4
371609,285023_43854,Franck Kessie,Côte d'Ivoire,MF,188,88,4,0,13,46,2,50,distribution,urn:gd:story:classification:gcp_distribution:competitionId:285023:attempted_switches_of_play:rank_asc:page:4,urn:gd:story:classification:gcp_distribution:competitionId:285023:attempted_switches_of_play:rank_asc:page:4
407343,285023_43854,Ghislain Konan,Côte d'Ivoire,DF,149,83,9,22,9,44,2,100,distribution,urn:gd:story:classification:gcp_distribution:competitionId:285023:attempted_switches_of_play:rank_asc:page:4,urn:gd:story:classification:gcp_distribution:competitionId:285023:attempted_switches_of_play:rank_asc:page:4
411658,285023_43888,Ellyes Skhiri,Tunisia,MF,109,91,0,0,3,0,2,100,distribution,urn:gd:story:classification:gcp_distribution:competitionId:285023:attempted_switches_of_play:rank_asc:page:4,urn:gd:story:classification:gcp_distribution:competitionId:285023:attempted_switches_of_play:rank_asc:page:4
433361,285023_43888,Anis Slimane,Tunisia,MF,75,79,4,50,2,50,2,100,distribution,urn:gd:story:classification:gcp_distribution:competitionId:285023:attempted_switches_of_play:rank_asc:page:4,urn:gd:story:classification:gcp_distribution:competitionId:285023:attempted_switches_of_play:rank_asc:page:4
441241,285023_43914,Orlando Mosquera,Panama,GK,103,72,0,0,2,0,2,100,distribution,urn:gd:story:classification:gcp_distribution:competitionId:285023:attempted_switches_of_play:rank_asc:page:5,urn:gd:story:classification:gcp_distribution:competitionId:285023:attempted_switches_of_play:rank_asc:page:5
441234,285023_43928,Julio Enciso,Paraguay,FW,68,81,7,43,3,33,2,50,distribution,urn:gd:story:classification:gcp_distribution:competitionId:285023:attempted_switches_of_play:rank_asc:page:5,urn:gd:story:classification:gcp_distribution:competitionId:285023:attempted_switches_of_play:rank_asc:page:5
479601,285023_43928,Juan Jose Caceres,Paraguay,DF,129,62,9,11,13,31,2,50,distribution,urn:gd:story:classification:gcp_distribution:competitionId:285023:attempted_switches_of_play:rank_asc:page:5,urn:gd:story:classification:gcp_distribution:competitionId:285023:attempted_switches_of_play:rank_asc:page:5
448214,285023_43921,Malik Tillman,USA,MF,163,79,15,27,18,50,2,100,distribution,urn:gd:story:classification:gcp_distribution:competitionId:285023:attempted_switches_of_play:rank_asc:page:5,urn:gd:story:classification:gcp_distribution:competitionId:285023:attempted_switches_of_play:rank_asc:page:5
332847,285023_43922,Leandro Paredes,Argentina,MF,215,94,2,50,4,50,2,100,distribution,urn:gd:story:classification:gcp_distribution:competitionId:285023:attempted_switches_of_play:rank_asc:page:5,urn:gd:story:classification:gcp_distribution:competitionId:285023:attempted_switches_of_play:rank_asc:page:5
431202,285023_43928,Omar Alderete,Paraguay,DF,97,72,0,0,3,33,2,50,distribution,urn:gd:story:classification:gcp_distribution:competitionId:285023:attempted_switches_of_play:rank_asc:page:5,urn:gd:story:classification:gcp_distribution:competitionId:285023:attempted_switches_of_play:rank_asc:page:5
411176,285023_43914,Jose Luis Rodriguez,Panama,MF,48,73,16,13,3,33,2,50,distribution,urn:gd:story:classification:gcp_distribution:competitionId:285023:attempted_switches_of_play:rank_asc:page:5,urn:gd:story:classification:gcp_distribution:competitionId:285023:attempted_switches_of_play:rank_asc:page:5
463902,285023_43926,Gustavo Puerta,Colombia,DF,243,91,2,0,4,50,2,50,distribution,urn:gd:story:classification:gcp_distribution:competitionId:285023:attempted_switches_of_play:rank_asc:page:5,urn:gd:story:classification:gcp_distribution:competitionId:285023:attempted_switches_of_play:rank_asc:page:5
402772,285023_43911,Jesus Gallardo,Mexico,DF,167,84,19,21,11,18,2,100,distribution,urn:gd:story:classification:gcp_distribution:competitionId:285023:attempted_switches_of_play:rank_asc:page:5,urn:gd:story:classification:gcp_distribution:competitionId:285023:attempted_switches_of_play:rank_asc:page:5
441251,285023_43921,Antonee Robinson,USA,DF,221,82,18,22,13,46,2,50,distribution,urn:gd:story:classification:gcp_distribution:competitionId:285023:attempted_switches_of_play:rank_asc:page:5,urn:gd:story:classification:gcp_distribution:competitionId:285023:attempted_switches_of_play:rank_asc:page:5
424036,285023_43927,Pedro Vite,Ecuador,MF,297,91,7,43,9,56,2,100,distribution,urn:gd:story:classification:gcp_distribution:competitionId:285023:attempted_switches_of_play:rank_asc:page:5,urn:gd:story:classification:gcp_distribution:competitionId:285023:attempted_switches_of_play:rank_asc:page:5
369749,285023_43928,Junior Alonso,Paraguay,DF,116,59,1,0,7,29,2,100,distribution,urn:gd:story:classification:gcp_distribution:competitionId:285023:attempted_switches_of_play:rank_asc:page:5,urn:gd:story:classification:gcp_distribution:competitionId:285023:attempted_switches_of_play:rank_asc:page:5
430628,285023_43922,Alexis Mac Allister,Argentina,MF,266,93,0,0,1,0,2,100,distribution,urn:gd:story:classification:gcp_distribution:competitionId:285023:attempted_switches_of_play:rank_asc:page:5,urn:gd:story:classification:gcp_distribution:competitionId:285023:attempted_switches_of_play:rank_asc:page:5
418715,285023_43914,Jose Cordoba,Panama,DF,183,92,1,0,1,100,2,100,distribution,urn:gd:story:classification:gcp_distribution:competitionId:285023:attempted_switches_of_play:rank_asc:page:5,urn:gd:story:classification:gcp_distribution:competitionId:285023:attempted_switches_of_play:rank_asc:page:5
463128,285023_43928,Diego Gomez,Paraguay,MF,101,79,2,0,4,25,2,100,distribution,urn:gd:story:classification:gcp_distribution:competitionId:285023:attempted_switches_of_play:rank_asc:page:5,urn:gd:story:classification:gcp_distribution:competitionId:285023:attempted_switches_of_play:rank_asc:page:5
429157,285023_43911,Julian Quinones,Mexico,FW,135,82,4,50,7,100,2,100,distribution,urn:gd:story:classification:gcp_distribution:competitionId:285023:attempted_switches_of_play:rank_asc:page:5,urn:gd:story:classification:gcp_distribution:competitionId:285023:attempted_switches_of_play:rank_asc:page:5
395516,285023_43911,Cesar Montes,Mexico,DF,170,92,2,0,5,40,2,100,distribution,urn:gd:story:classification:gcp_distribution:competitionId:285023:attempted_switches_of_play:rank_asc:page:5,urn:gd:story:classification:gcp_distribution:competitionId:285023:attempted_switches_of_play:rank_asc:page:5
480310,285023_43914,Jiovany Ramos,Panama,DF,121,89,0,0,2,0,2,50,distribution,urn:gd:story:classification:gcp_distribution:competitionId:285023:attempted_switches_of_play:rank_asc:page:5,urn:gd:story:classification:gcp_distribution:competitionId:285023:attempted_switches_of_play:rank_asc:page:5
441422,285023_43922,Nico Paz,Argentina,FW,56,96,1,0,2,100,2,100,distribution,urn:gd:story:classification:gcp_distribution:competitionId:285023:attempted_switches_of_play:rank_asc:page:5,urn:gd:story:classification:gcp_distribution:competitionId:285023:attempted_switches_of_play:rank_asc:page:5
430601,285023_43924,Gabriel Magalhaes,Brazil,DF,431,96,0,0,2,50,2,100,distribution,urn:gd:story:classification:gcp_distribution:competitionId:285023:attempted_switches_of_play:rank_asc:page:5,urn:gd:story:classification:gcp_distribution:competitionId:285023:attempted_switches_of_play:rank_asc:page:5
419062,285023_43921,Chris Richards,USA,DF,291,95,0,0,2,0,2,100,distribution,urn:gd:story:classification:gcp_distribution:competitionId:285023:attempted_switches_of_play:rank_asc:page:5,urn:gd:story:classification:gcp_distribution:competitionId:285023:attempted_switches_of_play:rank_asc:page:5
416576,285023_43911,Alvaro Fidalgo,Mexico,MF,77,94,3,0,3,0,2,100,distribution,urn:gd:story:classification:gcp_distribution:competitionId:285023:attempted_switches_of_play:rank_asc:page:5,urn:gd:story:classification:gcp_distribution:competitionId:285023:attempted_switches_of_play:rank_asc:page:5
489521,285023_44037,Stjepan Radeljic,Bosnia and Herzegovina,DF,153,90,0,0,2,100,2,50,distribution,urn:gd:story:classification:gcp_distribution:competitionId:285023:attempted_switches_of_play:rank_asc:page:5,urn:gd:story:classification:gcp_distribution:competitionId:285023:attempted_switches_of_play:rank_asc:page:5
466340,285023_1895293,Leandro Bacuna,Curaçao,MF,125,86,4,0,4,25,1,100,distribution,urn:gd:story:classification:gcp_distribution:competitionId:285023:attempted_switches_of_play:rank_asc:page:5,urn:gd:story:classification:gcp_distribution:competitionId:285023:attempted_switches_of_play:rank_asc:page:5
466350,285023_1895293,Sherel Floranus,Curaçao,DF,112,85,0,0,3,33,1,100,distribution,urn:gd:story:classification:gcp_distribution:competitionId:285023:attempted_switches_of_play:rank_asc:page:5,urn:gd:story:classification:gcp_distribution:competitionId:285023:attempted_switches_of_play:rank_asc:page:5
522846,285023_44037,Ermin Mahmic,Bosnia and Herzegovina,MF,16,75,1,0,0,0,1,100,distribution,urn:gd:story:classification:gcp_distribution:competitionId:285023:attempted_switches_of_play:rank_asc:page:5,urn:gd:story:classification:gcp_distribution:competitionId:285023:attempted_switches_of_play:rank_asc:page:5
407680,285023_1895293,Juergen Locadia,Curaçao,FW,48,77,0,0,1,100,1,100,distribution,urn:gd:story:classification:gcp_distribution:competitionId:285023:attempted_switches_of_play:rank_asc:page:5,urn:gd:story:classification:gcp_distribution:competitionId:285023:attempted_switches_of_play:rank_asc:page:5
398569,285023_1895293,Riechedly Bazoer,Curaçao,DF,36,86,0,0,0,0,1,100,distribution,urn:gd:story:classification:gcp_distribution:competitionId:285023:attempted_switches_of_play:rank_asc:page:5,urn:gd:story:classification:gcp_distribution:competitionId:285023:attempted_switches_of_play:rank_asc:page:5
511141,285023_1895293,Armando Obispo,Curaçao,DF,97,90,0,0,1,100,1,100,distribution,urn:gd:story:classification:gcp_distribution:competitionId:285023:attempted_switches_of_play:rank_asc:page:5,urn:gd:story:classification:gcp_distribution:competitionId:285023:attempted_switches_of_play:rank_asc:page:5
504990,285023_44037,Kerim Alajbegovic,Bosnia and Herzegovina,FW,90,77,16,6,13,77,1,0,distribution,urn:gd:story:classification:gcp_distribution:competitionId:285023:attempted_switches_of_play:rank_asc:page:5,urn:gd:story:classification:gcp_distribution:competitionId:285023:attempted_switches_of_play:rank_asc:page:5
424047,285023_1895293,Jeremy Antonisse,Curaçao,FW,35,71,6,50,2,0,1,100,distribution,urn:gd:story:classification:gcp_distribution:competitionId:285023:attempted_switches_of_play:rank_asc:page:5,urn:gd:story:classification:gcp_distribution:competitionId:285023:attempted_switches_of_play:rank_asc:page:5
466317,285023_1895293,Juninho Bacuna,Curaçao,MF,75,80,5,20,4,25,1,100,distribution,urn:gd:story:classification:gcp_distribution:competitionId:285023:attempted_switches_of_play:rank_asc:page:5,urn:gd:story:classification:gcp_distribution:competitionId:285023:attempted_switches_of_play:rank_asc:page:5
483966,285023_44037,Benjamin Tahirovic,Bosnia and Herzegovina,MF,107,85,2,0,2,0,1,100,distribution,urn:gd:story:classification:gcp_distribution:competitionId:285023:attempted_switches_of_play:rank_asc:page:5,urn:gd:story:classification:gcp_distribution:competitionId:285023:attempted_switches_of_play:rank_asc:page:5
489523,285023_44037,Armin Gigovic,Bosnia and Herzegovina,MF,24,71,0,0,0,0,1,0,distribution,urn:gd:story:classification:gcp_distribution:competitionId:285023:attempted_switches_of_play:rank_asc:page:5,urn:gd:story:classification:gcp_distribution:competitionId:285023:attempted_switches_of_play:rank_asc:page:5
484065,285023_43972,Eren Elmali,Türkiye,DF,59,88,4,25,1,100,1,100,distribution,urn:gd:story:classification:gcp_distribution:competitionId:285023:attempted_switches_of_play:rank_asc:page:5,urn:gd:story:classification:gcp_distribution:competitionId:285023:attempted_switches_of_play:rank_asc:page:5
514334,285023_43995,Stepan Chaloupek,Czechia,DF,22,68,0,0,1,0,1,100,distribution,urn:gd:story:classification:gcp_distribution:competitionId:285023:attempted_switches_of_play:rank_asc:page:5,urn:gd:story:classification:gcp_distribution:competitionId:285023:attempted_switches_of_play:rank_asc:page:5
447866,285023_43969,Gavi,Spain,MF,31,94,2,0,1,100,1,100,distribution,urn:gd:story:classification:gcp_distribution:competitionId:285023:attempted_switches_of_play:rank_asc:page:5,urn:gd:story:classification:gcp_distribution:competitionId:285023:attempted_switches_of_play:rank_asc:page:5
430733,285023_43969,Mikel Merino,Spain,MF,71,87,1,0,3,67,1,100,distribution,urn:gd:story:classification:gcp_distribution:competitionId:285023:attempted_switches_of_play:rank_asc:page:5,urn:gd:story:classification:gcp_distribution:competitionId:285023:attempted_switches_of_play:rank_asc:page:5
430452,285023_43976,Connor Metcalfe,Australia,MF,80,81,8,13,7,71,1,0,distribution,urn:gd:story:classification:gcp_distribution:competitionId:285023:attempted_switches_of_play:rank_asc:page:5,urn:gd:story:classification:gcp_distribution:competitionId:285023:attempted_switches_of_play:rank_asc:page:5
430147,285023_43967,Jack Hendry,Scotland,DF,180,95,0,0,2,0,1,0,distribution,urn:gd:story:classification:gcp_distribution:competitionId:285023:attempted_switches_of_play:rank_asc:page:5,urn:gd:story:classification:gcp_distribution:competitionId:285023:attempted_switches_of_play:rank_asc:page:5
433072,285023_43972,Zeki Celik,Türkiye,DF,79,89,1,0,1,100,1,100,distribution,urn:gd:story:classification:gcp_distribution:competitionId:285023:attempted_switches_of_play:rank_asc:page:5,urn:gd:story:classification:gcp_distribution:competitionId:285023:attempted_switches_of_play:rank_asc:page:5
300409,285023_44037,Edin Dzeko,Bosnia and Herzegovina,FW,48,69,2,50,3,67,1,100,distribution,urn:gd:story:classification:gcp_distribution:competitionId:285023:attempted_switches_of_play:rank_asc:page:5,urn:gd:story:classification:gcp_distribution:competitionId:285023:attempted_switches_of_play:rank_asc:page:5
484112,285023_43972,Kenan Yildiz,Türkiye,FW,121,89,8,13,10,70,1,0,distribution,urn:gd:story:classification:gcp_distribution:competitionId:285023:attempted_switches_of_play:rank_asc:page:5,urn:gd:story:classification:gcp_distribution:competitionId:285023:attempted_switches_of_play:rank_asc:page:5
441181,285023_43972,Ugurcan Cakir,Türkiye,GK,98,79,0,0,0,0,1,100,distribution,urn:gd:story:classification:gcp_distribution:competitionId:285023:attempted_switches_of_play:rank_asc:page:5,urn:gd:story:classification:gcp_distribution:competitionId:285023:attempted_switches_of_play:rank_asc:page:5
448103,285023_43971,Fabian Rieder,Switzerland,MF,40,93,6,0,4,75,1,100,distribution,urn:gd:story:classification:gcp_distribution:competitionId:285023:attempted_switches_of_play:rank_asc:page:5,urn:gd:story:classification:gcp_distribution:competitionId:285023:attempted_switches_of_play:rank_asc:page:5
423522,285023_43976,Jordan Bos,Australia,DF,107,88,8,38,8,38,1,100,distribution,urn:gd:story:classification:gcp_distribution:competitionId:285023:attempted_switches_of_play:rank_asc:page:5,urn:gd:story:classification:gcp_distribution:competitionId:285023:attempted_switches_of_play:rank_asc:page:5
484113,285023_43972,Ferdi Kadioglu,Türkiye,DF,175,92,4,0,9,78,1,0,distribution,urn:gd:story:classification:gcp_distribution:competitionId:285023:attempted_switches_of_play:rank_asc:page:5,urn:gd:story:classification:gcp_distribution:competitionId:285023:attempted_switches_of_play:rank_asc:page:5
356412,285023_43971,Silvan Widmer,Switzerland,DF,44,80,3,33,1,100,1,100,distribution,urn:gd:story:classification:gcp_distribution:competitionId:285023:attempted_switches_of_play:rank_asc:page:5,urn:gd:story:classification:gcp_distribution:competitionId:285023:attempted_switches_of_play:rank_asc:page:5
486081,285023_43995,Lukas Cerv,Czechia,MF,42,86,1,0,2,0,1,100,distribution,urn:gd:story:classification:gcp_distribution:competitionId:285023:attempted_switches_of_play:rank_asc:page:5,urn:gd:story:classification:gcp_distribution:competitionId:285023:attempted_switches_of_play:rank_asc:page:5
360496,285023_43970,Kristoffer Nordfeldt,Sweden,GK,66,68,0,0,3,67,1,100,distribution,urn:gd:story:classification:gcp_distribution:competitionId:285023:attempted_switches_of_play:rank_asc:page:5,urn:gd:story:classification:gcp_distribution:competitionId:285023:attempted_switches_of_play:rank_asc:page:5
464933,285023_44005,Abbosbek Fayzullaev,Uzbekistan,MF,36,67,9,22,2,50,1,100,distribution,urn:gd:story:classification:gcp_distribution:competitionId:285023:attempted_switches_of_play:rank_asc:page:6,urn:gd:story:classification:gcp_distribution:competitionId:285023:attempted_switches_of_play:rank_asc:page:6
395283,285023_43970,Victor Lindelof,Sweden,DF,200,95,0,0,3,67,1,100,distribution,urn:gd:story:classification:gcp_distribution:competitionId:285023:attempted_switches_of_play:rank_asc:page:6,urn:gd:story:classification:gcp_distribution:competitionId:285023:attempted_switches_of_play:rank_asc:page:6
474973,285023_43969,Pau Cubarsi,Spain,DF,441,97,1,0,4,75,1,100,distribution,urn:gd:story:classification:gcp_distribution:competitionId:285023:attempted_switches_of_play:rank_asc:page:6,urn:gd:story:classification:gcp_distribution:competitionId:285023:attempted_switches_of_play:rank_asc:page:6
464924,285023_44005,Abdukodir Khusanov,Uzbekistan,DF,98,83,0,0,1,0,1,100,distribution,urn:gd:story:classification:gcp_distribution:competitionId:285023:attempted_switches_of_play:rank_asc:page:6,urn:gd:story:classification:gcp_distribution:competitionId:285023:attempted_switches_of_play:rank_asc:page:6
441170,285023_43995,Ladislav Krejci,Czechia,DF,160,84,2,50,2,50,1,100,distribution,urn:gd:story:classification:gcp_distribution:competitionId:285023:attempted_switches_of_play:rank_asc:page:6,urn:gd:story:classification:gcp_distribution:competitionId:285023:attempted_switches_of_play:rank_asc:page:6
483327,285023_43970,Viktor Gyokeres,Sweden,FW,70,69,1,100,8,50,1,100,distribution,urn:gd:story:classification:gcp_distribution:competitionId:285023:attempted_switches_of_play:rank_asc:page:6,urn:gd:story:classification:gcp_distribution:competitionId:285023:attempted_switches_of_play:rank_asc:page:6
483304,285023_43970,Gustaf Lagerbielke,Sweden,DF,206,84,1,0,7,57,1,100,distribution,urn:gd:story:classification:gcp_distribution:competitionId:285023:attempted_switches_of_play:rank_asc:page:6,urn:gd:story:classification:gcp_distribution:competitionId:285023:attempted_switches_of_play:rank_asc:page:6
486306,285023_43976,Nestory Irankunda,Australia,FW,44,73,1,0,1,100,1,0,distribution,urn:gd:story:classification:gcp_distribution:competitionId:285023:attempted_switches_of_play:rank_asc:page:6,urn:gd:story:classification:gcp_distribution:competitionId:285023:attempted_switches_of_play:rank_asc:page:6
390181,285023_43978,Joe Bell,New Zealand,MF,143,84,0,0,0,0,1,100,distribution,urn:gd:story:classification:gcp_distribution:competitionId:285023:attempted_switches_of_play:rank_asc:page:6,urn:gd:story:classification:gcp_distribution:competitionId:285023:attempted_switches_of_play:rank_asc:page:6
423595,285023_43978,Marko Stamenic,New Zealand,MF,171,91,2,50,9,44,1,100,distribution,urn:gd:story:classification:gcp_distribution:competitionId:285023:attempted_switches_of_play:rank_asc:page:6,urn:gd:story:classification:gcp_distribution:competitionId:285023:attempted_switches_of_play:rank_asc:page:6
502945,285023_43970,Alexander Bernhardsson,Sweden,DF,67,76,3,0,3,67,1,100,distribution,urn:gd:story:classification:gcp_distribution:competitionId:285023:attempted_switches_of_play:rank_asc:page:6,urn:gd:story:classification:gcp_distribution:competitionId:285023:attempted_switches_of_play:rank_asc:page:6
472908,285023_43995,Vladimir Coufal,Czechia,DF,110,72,20,30,10,60,1,0,distribution,urn:gd:story:classification:gcp_distribution:competitionId:285023:attempted_switches_of_play:rank_asc:page:6,urn:gd:story:classification:gcp_distribution:competitionId:285023:attempted_switches_of_play:rank_asc:page:6
430750,285023_43969,Dani Olmo,Spain,FW,132,89,1,0,8,63,1,100,distribution,urn:gd:story:classification:gcp_distribution:competitionId:285023:attempted_switches_of_play:rank_asc:page:6,urn:gd:story:classification:gcp_distribution:competitionId:285023:attempted_switches_of_play:rank_asc:page:6
430753,285023_43969,Unai Simon,Spain,GK,186,88,0,0,1,0,1,100,distribution,urn:gd:story:classification:gcp_distribution:competitionId:285023:attempted_switches_of_play:rank_asc:page:6,urn:gd:story:classification:gcp_distribution:competitionId:285023:attempted_switches_of_play:rank_asc:page:6
372436,285023_44037,Ivan Sunjic,Bosnia and Herzegovina,MF,102,86,1,0,2,0,1,0,distribution,urn:gd:story:classification:gcp_distribution:competitionId:285023:attempted_switches_of_play:rank_asc:page:6,urn:gd:story:classification:gcp_distribution:competitionId:285023:attempted_switches_of_play:rank_asc:page:6
481220,285023_44005,Azizbek Amonov,Uzbekistan,FW,6,83,1,0,0,0,1,100,distribution,urn:gd:story:classification:gcp_distribution:competitionId:285023:attempted_switches_of_play:rank_asc:page:6,urn:gd:story:classification:gcp_distribution:competitionId:285023:attempted_switches_of_play:rank_asc:page:6
442431,285023_43967,Scott Mckenna,Scotland,DF,52,94,0,0,1,0,1,100,distribution,urn:gd:story:classification:gcp_distribution:competitionId:285023:attempted_switches_of_play:rank_asc:page:6,urn:gd:story:classification:gcp_distribution:competitionId:285023:attempted_switches_of_play:rank_asc:page:6
382312,285023_43976,Cameron Burgess,Australia,DF,56,80,0,0,2,50,1,0,distribution,urn:gd:story:classification:gcp_distribution:competitionId:285023:attempted_switches_of_play:rank_asc:page:6,urn:gd:story:classification:gcp_distribution:competitionId:285023:attempted_switches_of_play:rank_asc:page:6
411226,285023_43971,Djibril Sow,Switzerland,MF,35,86,0,0,3,67,1,100,distribution,urn:gd:story:classification:gcp_distribution:competitionId:285023:attempted_switches_of_play:rank_asc:page:6,urn:gd:story:classification:gcp_distribution:competitionId:285023:attempted_switches_of_play:rank_asc:page:6
433694,285023_43967,Nathan Patterson,Scotland,DF,109,86,2,0,3,0,1,100,distribution,urn:gd:story:classification:gcp_distribution:competitionId:285023:attempted_switches_of_play:rank_asc:page:6,urn:gd:story:classification:gcp_distribution:competitionId:285023:attempted_switches_of_play:rank_asc:page:6
479079,285023_44005,Khojiakbar Alijonov,Uzbekistan,DF,41,66,4,0,2,0,1,0,distribution,urn:gd:story:classification:gcp_distribution:competitionId:285023:attempted_switches_of_play:rank_asc:page:6,urn:gd:story:classification:gcp_distribution:competitionId:285023:attempted_switches_of_play:rank_asc:page:6
371415,285023_44005,Rustam Ashurmatov,Uzbekistan,DF,123,82,0,0,4,0,1,100,distribution,urn:gd:story:classification:gcp_distribution:competitionId:285023:attempted_switches_of_play:rank_asc:page:6,urn:gd:story:classification:gcp_distribution:competitionId:285023:attempted_switches_of_play:rank_asc:page:6
349342,285023_43976,Aziz Behich,Australia,DF,82,73,6,17,1,0,1,100,distribution,urn:gd:story:classification:gcp_distribution:competitionId:285023:attempted_switches_of_play:rank_asc:page:6,urn:gd:story:classification:gcp_distribution:competitionId:285023:attempted_switches_of_play:rank_asc:page:6
442434,285023_43967,Lewis Ferguson,Scotland,MF,201,92,9,11,3,33,1,100,distribution,urn:gd:story:classification:gcp_distribution:competitionId:285023:attempted_switches_of_play:rank_asc:page:6,urn:gd:story:classification:gcp_distribution:competitionId:285023:attempted_switches_of_play:rank_asc:page:6
479086,285023_44005,Azizjon Ganiev,Uzbekistan,MF,59,81,6,0,3,0,1,100,distribution,urn:gd:story:classification:gcp_distribution:competitionId:285023:attempted_switches_of_play:rank_asc:page:6,urn:gd:story:classification:gcp_distribution:competitionId:285023:attempted_switches_of_play:rank_asc:page:6
483312,285023_43970,Isak Hien,Sweden,DF,128,95,0,0,1,0,1,100,distribution,urn:gd:story:classification:gcp_distribution:competitionId:285023:attempted_switches_of_play:rank_asc:page:6,urn:gd:story:classification:gcp_distribution:competitionId:285023:attempted_switches_of_play:rank_asc:page:6
479077,285023_44005,Utkir Yusupov,Uzbekistan,GK,29,59,0,0,2,0,1,100,distribution,urn:gd:story:classification:gcp_distribution:competitionId:285023:attempted_switches_of_play:rank_asc:page:6,urn:gd:story:classification:gcp_distribution:competitionId:285023:attempted_switches_of_play:rank_asc:page:6
477827,285023_43850,Deroy Duarte,Cabo Verde,MF,101,86,1,100,2,50,1,100,distribution,urn:gd:story:classification:gcp_distribution:competitionId:285023:attempted_switches_of_play:rank_asc:page:6,urn:gd:story:classification:gcp_distribution:competitionId:285023:attempted_switches_of_play:rank_asc:page:6
379939,285023_43843,Nabil Bentaleb,Algeria,MF,280,91,1,0,3,67,1,0,distribution,urn:gd:story:classification:gcp_distribution:competitionId:285023:attempted_switches_of_play:rank_asc:page:6,urn:gd:story:classification:gcp_distribution:competitionId:285023:attempted_switches_of_play:rank_asc:page:6
339745,285023_43835,Salem Aldawsari,Saudi Arabia,FW,81,72,2,0,4,75,1,100,distribution,urn:gd:story:classification:gcp_distribution:competitionId:285023:attempted_switches_of_play:rank_asc:page:6,urn:gd:story:classification:gcp_distribution:competitionId:285023:attempted_switches_of_play:rank_asc:page:6
288961,285023_43817,Ehsan Hajisafi,IR Iran,DF,20,55,2,0,2,0,1,100,distribution,urn:gd:story:classification:gcp_distribution:competitionId:285023:attempted_switches_of_play:rank_asc:page:6,urn:gd:story:classification:gcp_distribution:competitionId:285023:attempted_switches_of_play:rank_asc:page:6
433394,285023_43834,Ahmed Fathy,Qatar,MF,65,91,0,0,2,0,1,100,distribution,urn:gd:story:classification:gcp_distribution:competitionId:285023:attempted_switches_of_play:rank_asc:page:6,urn:gd:story:classification:gcp_distribution:competitionId:285023:attempted_switches_of_play:rank_asc:page:6
441350,285023_43843,Hicham Boudaoui,Algeria,MF,86,97,0,0,4,75,1,100,distribution,urn:gd:story:classification:gcp_distribution:competitionId:285023:attempted_switches_of_play:rank_asc:page:6,urn:gd:story:classification:gcp_distribution:competitionId:285023:attempted_switches_of_play:rank_asc:page:6
405639,285023_43817,Amirhossein Hosseinzadeh,IR Iran,FW,14,71,0,0,3,67,1,100,distribution,urn:gd:story:classification:gcp_distribution:competitionId:285023:attempted_switches_of_play:rank_asc:page:6,urn:gd:story:classification:gcp_distribution:competitionId:285023:attempted_switches_of_play:rank_asc:page:6
390525,285023_43822,Lee Jaesung,Korea Republic,MF,59,78,1,0,2,100,1,0,distribution,urn:gd:story:classification:gcp_distribution:competitionId:285023:attempted_switches_of_play:rank_asc:page:6,urn:gd:story:classification:gcp_distribution:competitionId:285023:attempted_switches_of_play:rank_asc:page:6
395113,285023_43843,Ramy Bensebaini,Algeria,DF,385,93,0,0,8,38,1,100,distribution,urn:gd:story:classification:gcp_distribution:competitionId:285023:attempted_switches_of_play:rank_asc:page:6,urn:gd:story:classification:gcp_distribution:competitionId:285023:attempted_switches_of_play:rank_asc:page:6
395083,285023_43822,Hwang Heechan,Korea Republic,MF,47,85,1,0,3,100,1,100,distribution,urn:gd:story:classification:gcp_distribution:competitionId:285023:attempted_switches_of_play:rank_asc:page:6,urn:gd:story:classification:gcp_distribution:competitionId:285023:attempted_switches_of_play:rank_asc:page:6
434025,285023_43818,Zaid Tahseen,Iraq,DF,64,83,0,0,3,0,1,100,distribution,urn:gd:story:classification:gcp_distribution:competitionId:285023:attempted_switches_of_play:rank_asc:page:6,urn:gd:story:classification:gcp_distribution:competitionId:285023:attempted_switches_of_play:rank_asc:page:6
481180,285023_43817,Shahriyar Moghanloo,IR Iran,FW,25,60,2,0,2,50,1,0,distribution,urn:gd:story:classification:gcp_distribution:competitionId:285023:attempted_switches_of_play:rank_asc:page:6,urn:gd:story:classification:gcp_distribution:competitionId:285023:attempted_switches_of_play:rank_asc:page:6
386387,285023_43834,Sultan Albrake,Qatar,DF,42,79,3,33,3,0,1,100,distribution,urn:gd:story:classification:gcp_distribution:competitionId:285023:attempted_switches_of_play:rank_asc:page:6,urn:gd:story:classification:gcp_distribution:competitionId:285023:attempted_switches_of_play:rank_asc:page:6
355642,285023_43850,Ryan Mendes,Cabo Verde,FW,82,85,5,0,4,50,1,100,distribution,urn:gd:story:classification:gcp_distribution:competitionId:285023:attempted_switches_of_play:rank_asc:page:6,urn:gd:story:classification:gcp_distribution:competitionId:285023:attempted_switches_of_play:rank_asc:page:6
479072,285023_43818,Merchas Doski,Iraq,DF,141,82,3,67,13,23,1,100,distribution,urn:gd:story:classification:gcp_distribution:competitionId:285023:attempted_switches_of_play:rank_asc:page:6,urn:gd:story:classification:gcp_distribution:competitionId:285023:attempted_switches_of_play:rank_asc:page:6
402817,285023_43822,Paik Seungho,Korea Republic,MF,152,89,1,0,7,43,1,100,distribution,urn:gd:story:classification:gcp_distribution:competitionId:285023:attempted_switches_of_play:rank_asc:page:6,urn:gd:story:classification:gcp_distribution:competitionId:285023:attempted_switches_of_play:rank_asc:page:6
511828,285023_43822,Castrop Jens,Korea Republic,DF,30,90,4,25,2,100,1,100,distribution,urn:gd:story:classification:gcp_distribution:competitionId:285023:attempted_switches_of_play:rank_asc:page:6,urn:gd:story:classification:gcp_distribution:competitionId:285023:attempted_switches_of_play:rank_asc:page:6
431212,285023_43820,Ali Olwan,Jordan,FW,48,75,8,38,4,50,1,100,distribution,urn:gd:story:classification:gcp_distribution:competitionId:285023:attempted_switches_of_play:rank_asc:page:6,urn:gd:story:classification:gcp_distribution:competitionId:285023:attempted_switches_of_play:rank_asc:page:6
380007,285023_43817,Alireza Beiranvand,IR Iran,GK,93,67,0,0,2,0,1,100,distribution,urn:gd:story:classification:gcp_distribution:competitionId:285023:attempted_switches_of_play:rank_asc:page:6,urn:gd:story:classification:gcp_distribution:competitionId:285023:attempted_switches_of_play:rank_asc:page:6
448569,285023_43819,Shuto Machino,Japan,FW,4,75,1,0,0,0,1,100,distribution,urn:gd:story:classification:gcp_distribution:competitionId:285023:attempted_switches_of_play:rank_asc:page:6,urn:gd:story:classification:gcp_distribution:competitionId:285023:attempted_switches_of_play:rank_asc:page:6
504329,285023_20014,Steve Kapuadi,Congo DR,DF,55,84,0,0,0,0,1,0,distribution,urn:gd:story:classification:gcp_distribution:competitionId:285023:attempted_switches_of_play:rank_asc:page:6,urn:gd:story:classification:gcp_distribution:competitionId:285023:attempted_switches_of_play:rank_asc:page:6
494291,285023_43843,Ibrahim Maza,Algeria,MF,141,79,1,0,13,46,1,100,distribution,urn:gd:story:classification:gcp_distribution:competitionId:285023:attempted_switches_of_play:rank_asc:page:6,urn:gd:story:classification:gcp_distribution:competitionId:285023:attempted_switches_of_play:rank_asc:page:6
436863,285023_43818,Frans Putros,Iraq,DF,28,93,1,0,2,100,1,100,distribution,urn:gd:story:classification:gcp_distribution:competitionId:285023:attempted_switches_of_play:rank_asc:page:6,urn:gd:story:classification:gcp_distribution:competitionId:285023:attempted_switches_of_play:rank_asc:page:6
423874,285023_43822,Lee Hanbeom,Korea Republic,DF,200,92,2,50,3,33,1,100,distribution,urn:gd:story:classification:gcp_distribution:competitionId:285023:attempted_switches_of_play:rank_asc:page:7,urn:gd:story:classification:gcp_distribution:competitionId:285023:attempted_switches_of_play:rank_asc:page:7
484270,285023_43818,Zaid Ismael,Iraq,MF,71,89,0,0,0,0,1,0,distribution,urn:gd:story:classification:gcp_distribution:competitionId:285023:attempted_switches_of_play:rank_asc:page:7,urn:gd:story:classification:gcp_distribution:competitionId:285023:attempted_switches_of_play:rank_asc:page:7
395321,285023_43819,Junya Ito,Japan,MF,85,76,17,35,10,60,1,100,distribution,urn:gd:story:classification:gcp_distribution:competitionId:285023:attempted_switches_of_play:rank_asc:page:7,urn:gd:story:classification:gcp_distribution:competitionId:285023:attempted_switches_of_play:rank_asc:page:7
511875,285023_43820,Odeh Fakhoury,Jordan,FW,21,81,1,0,0,0,1,100,distribution,urn:gd:story:classification:gcp_distribution:competitionId:285023:attempted_switches_of_play:rank_asc:page:7,urn:gd:story:classification:gcp_distribution:competitionId:285023:attempted_switches_of_play:rank_asc:page:7
419281,285023_43835,Saud Abdulhamid,Saudi Arabia,DF,113,78,4,25,3,67,1,0,distribution,urn:gd:story:classification:gcp_distribution:competitionId:285023:attempted_switches_of_play:rank_asc:page:7,urn:gd:story:classification:gcp_distribution:competitionId:285023:attempted_switches_of_play:rank_asc:page:7
477835,285023_20014,Simon Banza,Congo DR,FW,6,67,0,0,0,0,1,0,distribution,urn:gd:story:classification:gcp_distribution:competitionId:285023:attempted_switches_of_play:rank_asc:page:7,urn:gd:story:classification:gcp_distribution:competitionId:285023:attempted_switches_of_play:rank_asc:page:7
512183,285023_43835,Mohammed Abu Alshamat,Saudi Arabia,DF,64,80,3,0,4,25,1,0,distribution,urn:gd:story:classification:gcp_distribution:competitionId:285023:attempted_switches_of_play:rank_asc:page:7,urn:gd:story:classification:gcp_distribution:competitionId:285023:attempted_switches_of_play:rank_asc:page:7
482874,285023_43843,Anis Hadj Moussa,Algeria,FW,36,69,4,50,5,60,1,100,distribution,urn:gd:story:classification:gcp_distribution:competitionId:285023:attempted_switches_of_play:rank_asc:page:7,urn:gd:story:classification:gcp_distribution:competitionId:285023:attempted_switches_of_play:rank_asc:page:7
419473,285023_43834,Jassem Gaber,Qatar,DF,32,78,0,0,1,100,1,100,distribution,urn:gd:story:classification:gcp_distribution:competitionId:285023:attempted_switches_of_play:rank_asc:page:7,urn:gd:story:classification:gcp_distribution:competitionId:285023:attempted_switches_of_play:rank_asc:page:7
479294,285023_43819,Kaishu Sano,Japan,MF,131,95,1,100,1,100,1,100,distribution,urn:gd:story:classification:gcp_distribution:competitionId:285023:attempted_switches_of_play:rank_asc:page:7,urn:gd:story:classification:gcp_distribution:competitionId:285023:attempted_switches_of_play:rank_asc:page:7
481183,285023_43818,Akam Hashim,Iraq,DF,148,85,0,0,3,33,1,100,distribution,urn:gd:story:classification:gcp_distribution:competitionId:285023:attempted_switches_of_play:rank_asc:page:7,urn:gd:story:classification:gcp_distribution:competitionId:285023:attempted_switches_of_play:rank_asc:page:7
464457,285023_43818,Ali Jasim,Iraq,FW,36,81,5,0,4,75,1,100,distribution,urn:gd:story:classification:gcp_distribution:competitionId:285023:attempted_switches_of_play:rank_asc:page:7,urn:gd:story:classification:gcp_distribution:competitionId:285023:attempted_switches_of_play:rank_asc:page:7
403319,285023_43835,Nasser Aldawsari,Saudi Arabia,MF,107,86,1,0,2,50,1,0,distribution,urn:gd:story:classification:gcp_distribution:competitionId:285023:attempted_switches_of_play:rank_asc:page:7,urn:gd:story:classification:gcp_distribution:competitionId:285023:attempted_switches_of_play:rank_asc:page:7
512132,285023_43843,Adil Boulbina,Algeria,FW,19,84,0,0,1,100,1,100,distribution,urn:gd:story:classification:gcp_distribution:competitionId:285023:attempted_switches_of_play:rank_asc:page:7,urn:gd:story:classification:gcp_distribution:competitionId:285023:attempted_switches_of_play:rank_asc:page:7
423880,285023_43822,Lee Taeseok,Korea Republic,DF,45,87,9,33,4,75,1,100,distribution,urn:gd:story:classification:gcp_distribution:competitionId:285023:attempted_switches_of_play:rank_asc:page:7,urn:gd:story:classification:gcp_distribution:competitionId:285023:attempted_switches_of_play:rank_asc:page:7
448497,285023_43817,Mohammad Mohebbi,IR Iran,MF,69,71,1,0,3,33,1,0,distribution,urn:gd:story:classification:gcp_distribution:competitionId:285023:attempted_switches_of_play:rank_asc:page:7,urn:gd:story:classification:gcp_distribution:competitionId:285023:attempted_switches_of_play:rank_asc:page:7
463809,285023_43942,Jarell Quansah,England,DF,69,87,1,0,1,0,1,0,distribution,urn:gd:story:classification:gcp_distribution:competitionId:285023:attempted_switches_of_play:rank_asc:page:7,urn:gd:story:classification:gcp_distribution:competitionId:285023:attempted_switches_of_play:rank_asc:page:7
336098,285023_43960,Memphis Depay,Netherlands,FW,17,88,1,100,2,100,1,100,distribution,urn:gd:story:classification:gcp_distribution:competitionId:285023:attempted_switches_of_play:rank_asc:page:7,urn:gd:story:classification:gcp_distribution:competitionId:285023:attempted_switches_of_play:rank_asc:page:7
402047,285023_43946,Adrien Rabiot,France,MF,244,92,1,0,10,80,1,100,distribution,urn:gd:story:classification:gcp_distribution:competitionId:285023:attempted_switches_of_play:rank_asc:page:7,urn:gd:story:classification:gcp_distribution:competitionId:285023:attempted_switches_of_play:rank_asc:page:7
464114,285023_43946,Desire Doue,France,FW,120,84,3,33,9,56,1,100,distribution,urn:gd:story:classification:gcp_distribution:competitionId:285023:attempted_switches_of_play:rank_asc:page:7,urn:gd:story:classification:gcp_distribution:competitionId:285023:attempted_switches_of_play:rank_asc:page:7
485066,285023_43938,Petar Sucic,Croatia,MF,127,87,6,17,5,20,1,100,distribution,urn:gd:story:classification:gcp_distribution:competitionId:285023:attempted_switches_of_play:rank_asc:page:7,urn:gd:story:classification:gcp_distribution:competitionId:285023:attempted_switches_of_play:rank_asc:page:7
369434,285023_43942,John Stones,England,DF,65,94,0,0,0,0,1,100,distribution,urn:gd:story:classification:gcp_distribution:competitionId:285023:attempted_switches_of_play:rank_asc:page:7,urn:gd:story:classification:gcp_distribution:competitionId:285023:attempted_switches_of_play:rank_asc:page:7
483497,285023_43961,Fredrik Aursnes,Norway,MF,130,90,2,50,5,20,1,100,distribution,urn:gd:story:classification:gcp_distribution:competitionId:285023:attempted_switches_of_play:rank_asc:page:7,urn:gd:story:classification:gcp_distribution:competitionId:285023:attempted_switches_of_play:rank_asc:page:7
520036,285023_43934,Paul Wanner,Austria,MF,80,85,1,0,4,75,1,100,distribution,urn:gd:story:classification:gcp_distribution:competitionId:285023:attempted_switches_of_play:rank_asc:page:7,urn:gd:story:classification:gcp_distribution:competitionId:285023:attempted_switches_of_play:rank_asc:page:7
430100,285023_43934,Sasa Kalajdzic,Austria,FW,24,67,1,0,2,0,1,0,distribution,urn:gd:story:classification:gcp_distribution:competitionId:285023:attempted_switches_of_play:rank_asc:page:7,urn:gd:story:classification:gcp_distribution:competitionId:285023:attempted_switches_of_play:rank_asc:page:7
405263,285023_43934,Kevin Danso,Austria,DF,164,90,1,0,1,0,1,100,distribution,urn:gd:story:classification:gcp_distribution:competitionId:285023:attempted_switches_of_play:rank_asc:page:7,urn:gd:story:classification:gcp_distribution:competitionId:285023:attempted_switches_of_play:rank_asc:page:7
408042,285023_43946,Theo Hernandez,France,DF,109,95,3,33,2,50,1,100,distribution,urn:gd:story:classification:gcp_distribution:competitionId:285023:attempted_switches_of_play:rank_asc:page:7,urn:gd:story:classification:gcp_distribution:competitionId:285023:attempted_switches_of_play:rank_asc:page:7
397786,285023_43960,Virgil Van Dijk,Netherlands,DF,347,95,0,0,1,100,1,100,distribution,urn:gd:story:classification:gcp_distribution:competitionId:285023:attempted_switches_of_play:rank_asc:page:7,urn:gd:story:classification:gcp_distribution:competitionId:285023:attempted_switches_of_play:rank_asc:page:7
448174,285023_43938,Marin Pongracic,Croatia,DF,200,91,0,0,1,0,1,100,distribution,urn:gd:story:classification:gcp_distribution:competitionId:285023:attempted_switches_of_play:rank_asc:page:7,urn:gd:story:classification:gcp_distribution:competitionId:285023:attempted_switches_of_play:rank_asc:page:7
485655,285023_43946,Michael Olise,France,FW,275,88,15,20,21,81,1,100,distribution,urn:gd:story:classification:gcp_distribution:competitionId:285023:attempted_switches_of_play:rank_asc:page:7,urn:gd:story:classification:gcp_distribution:competitionId:285023:attempted_switches_of_play:rank_asc:page:7
337389,285023_43967,Anthony Ralston,Scotland,DF,5,100,1,100,1,100,1,100,distribution,urn:gd:story:classification:gcp_distribution:competitionId:285023:attempted_switches_of_play:rank_asc:page:7,urn:gd:story:classification:gcp_distribution:competitionId:285023:attempted_switches_of_play:rank_asc:page:7
464055,285023_43946,Malo Gusto,France,DF,27,96,0,0,0,0,1,100,distribution,urn:gd:story:classification:gcp_distribution:competitionId:285023:attempted_switches_of_play:rank_asc:page:7,urn:gd:story:classification:gcp_distribution:competitionId:285023:attempted_switches_of_play:rank_asc:page:7
463283,285023_43934,Romano Schmid,Austria,MF,91,71,4,50,5,40,1,100,distribution,urn:gd:story:classification:gcp_distribution:competitionId:285023:attempted_switches_of_play:rank_asc:page:7,urn:gd:story:classification:gcp_distribution:competitionId:285023:attempted_switches_of_play:rank_asc:page:7
401470,285023_43942,Marcus Rashford,England,FW,83,87,15,13,15,73,1,100,distribution,urn:gd:story:classification:gcp_distribution:competitionId:285023:attempted_switches_of_play:rank_asc:page:7,urn:gd:story:classification:gcp_distribution:competitionId:285023:attempted_switches_of_play:rank_asc:page:7
369419,285023_43942,Harry Kane,England,FW,66,77,2,50,6,67,1,100,distribution,urn:gd:story:classification:gcp_distribution:competitionId:285023:attempted_switches_of_play:rank_asc:page:7,urn:gd:story:classification:gcp_distribution:competitionId:285023:attempted_switches_of_play:rank_asc:page:7
482774,285023_43938,Martin Baturina,Croatia,MF,93,86,10,20,8,50,1,100,distribution,urn:gd:story:classification:gcp_distribution:competitionId:285023:attempted_switches_of_play:rank_asc:page:7,urn:gd:story:classification:gcp_distribution:competitionId:285023:attempted_switches_of_play:rank_asc:page:7
448362,285023_43935,Charles De Ketelaere,Belgium,FW,76,83,5,0,10,60,1,0,distribution,urn:gd:story:classification:gcp_distribution:competitionId:285023:attempted_switches_of_play:rank_asc:page:7,urn:gd:story:classification:gcp_distribution:competitionId:285023:attempted_switches_of_play:rank_asc:page:7
489704,285023_43963,Renato Veiga,Portugal,DF,336,95,0,0,4,50,1,100,distribution,urn:gd:story:classification:gcp_distribution:competitionId:285023:attempted_switches_of_play:rank_asc:page:7,urn:gd:story:classification:gcp_distribution:competitionId:285023:attempted_switches_of_play:rank_asc:page:7
411301,285023_43967,Angus Gunn,Scotland,GK,119,76,0,0,0,0,1,100,distribution,urn:gd:story:classification:gcp_distribution:competitionId:285023:attempted_switches_of_play:rank_asc:page:7,urn:gd:story:classification:gcp_distribution:competitionId:285023:attempted_switches_of_play:rank_asc:page:7
489696,285023_43961,Sondre Langas,Norway,DF,10,90,0,0,0,0,1,100,distribution,urn:gd:story:classification:gcp_distribution:competitionId:285023:attempted_switches_of_play:rank_asc:page:7,urn:gd:story:classification:gcp_distribution:competitionId:285023:attempted_switches_of_play:rank_asc:page:7
494627,285023_43961,Thelo Aasgaard,Norway,MF,43,88,0,0,1,100,1,100,distribution,urn:gd:story:classification:gcp_distribution:competitionId:285023:attempted_switches_of_play:rank_asc:page:7,urn:gd:story:classification:gcp_distribution:competitionId:285023:attempted_switches_of_play:rank_asc:page:7
372243,285023_43934,Philipp Lienhart,Austria,DF,140,91,0,0,3,67,1,100,distribution,urn:gd:story:classification:gcp_distribution:competitionId:285023:attempted_switches_of_play:rank_asc:page:7,urn:gd:story:classification:gcp_distribution:competitionId:285023:attempted_switches_of_play:rank_asc:page:7
433097,285023_43942,Declan Rice,England,MF,171,91,32,34,10,50,1,100,distribution,urn:gd:story:classification:gcp_distribution:competitionId:285023:attempted_switches_of_play:rank_asc:page:7,urn:gd:story:classification:gcp_distribution:competitionId:285023:attempted_switches_of_play:rank_asc:page:7
379953,285023_43948,Leon Goretzka,Germany,MF,30,77,1,0,1,100,1,0,distribution,urn:gd:story:classification:gcp_distribution:competitionId:285023:attempted_switches_of_play:rank_asc:page:7,urn:gd:story:classification:gcp_distribution:competitionId:285023:attempted_switches_of_play:rank_asc:page:7
448377,285023_43935,Dodi Lukebakio,Belgium,FW,55,80,7,14,6,83,1,100,distribution,urn:gd:story:classification:gcp_distribution:competitionId:285023:attempted_switches_of_play:rank_asc:page:7,urn:gd:story:classification:gcp_distribution:competitionId:285023:attempted_switches_of_play:rank_asc:page:7
492363,285023_43948,Felix Nmecha,Germany,MF,131,92,2,0,4,75,1,0,distribution,urn:gd:story:classification:gcp_distribution:competitionId:285023:attempted_switches_of_play:rank_asc:page:7,urn:gd:story:classification:gcp_distribution:competitionId:285023:attempted_switches_of_play:rank_asc:page:7
384752,285023_43963,Ruben Dias,Portugal,DF,249,94,0,0,6,33,1,100,distribution,urn:gd:story:classification:gcp_distribution:competitionId:285023:attempted_switches_of_play:rank_asc:page:7,urn:gd:story:classification:gcp_distribution:competitionId:285023:attempted_switches_of_play:rank_asc:page:7
401378,285023_43948,Jonathan Tah,Germany,DF,375,97,1,0,3,100,1,100,distribution,urn:gd:story:classification:gcp_distribution:competitionId:285023:attempted_switches_of_play:rank_asc:page:7,urn:gd:story:classification:gcp_distribution:competitionId:285023:attempted_switches_of_play:rank_asc:page:7
431861,285023_43946,Rayan Cherki,France,MF,57,88,2,0,5,60,1,100,distribution,urn:gd:story:classification:gcp_distribution:competitionId:285023:attempted_switches_of_play:rank_asc:page:7,urn:gd:story:classification:gcp_distribution:competitionId:285023:attempted_switches_of_play:rank_asc:page:7
484849,285023_43948,Aleksandar Pavlovic,Germany,MF,260,92,1,0,1,0,1,100,distribution,urn:gd:story:classification:gcp_distribution:competitionId:285023:attempted_switches_of_play:rank_asc:page:7,urn:gd:story:classification:gcp_distribution:competitionId:285023:attempted_switches_of_play:rank_asc:page:7
448332,285023_43946,Mike Maignan,France,GK,148,77,0,0,3,33,1,100,distribution,urn:gd:story:classification:gcp_distribution:competitionId:285023:attempted_switches_of_play:rank_asc:page:8,urn:gd:story:classification:gcp_distribution:competitionId:285023:attempted_switches_of_play:rank_asc:page:8
401334,285023_43967,John Mcginn,Scotland,MF,55,85,9,56,7,57,1,0,distribution,urn:gd:story:classification:gcp_distribution:competitionId:285023:attempted_switches_of_play:rank_asc:page:8,urn:gd:story:classification:gcp_distribution:competitionId:285023:attempted_switches_of_play:rank_asc:page:8
359381,285023_43938,Ivan Perisic,Croatia,FW,150,88,19,16,9,56,1,100,distribution,urn:gd:story:classification:gcp_distribution:competitionId:285023:attempted_switches_of_play:rank_asc:page:8,urn:gd:story:classification:gcp_distribution:competitionId:285023:attempted_switches_of_play:rank_asc:page:8
441088,285023_43934,Nicolas Seiwald,Austria,MF,153,92,3,33,2,100,1,100,distribution,urn:gd:story:classification:gcp_distribution:competitionId:285023:attempted_switches_of_play:rank_asc:page:8,urn:gd:story:classification:gcp_distribution:competitionId:285023:attempted_switches_of_play:rank_asc:page:8
483448,285023_43961,Antonio Nusa,Norway,FW,69,75,5,20,5,40,1,100,distribution,urn:gd:story:classification:gcp_distribution:competitionId:285023:attempted_switches_of_play:rank_asc:page:8,urn:gd:story:classification:gcp_distribution:competitionId:285023:attempted_switches_of_play:rank_asc:page:8
448152,285023_43960,Cody Gakpo,Netherlands,FW,100,79,10,10,18,67,1,0,distribution,urn:gd:story:classification:gcp_distribution:competitionId:285023:attempted_switches_of_play:rank_asc:page:8,urn:gd:story:classification:gcp_distribution:competitionId:285023:attempted_switches_of_play:rank_asc:page:8
495349,285023_43935,Nicolas Raskin,Belgium,MF,190,87,5,60,6,0,1,100,distribution,urn:gd:story:classification:gcp_distribution:competitionId:285023:attempted_switches_of_play:rank_asc:page:8,urn:gd:story:classification:gcp_distribution:competitionId:285023:attempted_switches_of_play:rank_asc:page:8
395471,285023_43948,Nadiem Amiri,Germany,MF,20,85,2,50,2,50,1,100,distribution,urn:gd:story:classification:gcp_distribution:competitionId:285023:attempted_switches_of_play:rank_asc:page:8,urn:gd:story:classification:gcp_distribution:competitionId:285023:attempted_switches_of_play:rank_asc:page:8
430657,285023_43948,David Raum,Germany,DF,52,85,14,21,4,50,1,0,distribution,urn:gd:story:classification:gcp_distribution:competitionId:285023:attempted_switches_of_play:rank_asc:page:8,urn:gd:story:classification:gcp_distribution:competitionId:285023:attempted_switches_of_play:rank_asc:page:8
402925,285023_43922,Nahuel Molina,Argentina,DF,128,86,3,0,4,50,1,100,distribution,urn:gd:story:classification:gcp_distribution:competitionId:285023:attempted_switches_of_play:rank_asc:page:8,urn:gd:story:classification:gcp_distribution:competitionId:285023:attempted_switches_of_play:rank_asc:page:8
385031,285023_43914,Amir Murillo,Panama,DF,112,79,8,50,12,58,1,100,distribution,urn:gd:story:classification:gcp_distribution:competitionId:285023:attempted_switches_of_play:rank_asc:page:8,urn:gd:story:classification:gcp_distribution:competitionId:285023:attempted_switches_of_play:rank_asc:page:8
436599,285023_43921,Miles Robinson,USA,DF,58,93,0,0,0,0,1,100,distribution,urn:gd:story:classification:gcp_distribution:competitionId:285023:attempted_switches_of_play:rank_asc:page:8,urn:gd:story:classification:gcp_distribution:competitionId:285023:attempted_switches_of_play:rank_asc:page:8
473050,285023_43926,Richard Rios,Colombia,MF,39,85,1,0,1,100,1,100,distribution,urn:gd:story:classification:gcp_distribution:competitionId:285023:attempted_switches_of_play:rank_asc:page:8,urn:gd:story:classification:gcp_distribution:competitionId:285023:attempted_switches_of_play:rank_asc:page:8
485070,285023_43911,Raul Rangel,Mexico,GK,155,77,0,0,4,0,1,100,distribution,urn:gd:story:classification:gcp_distribution:competitionId:285023:attempted_switches_of_play:rank_asc:page:8,urn:gd:story:classification:gcp_distribution:competitionId:285023:attempted_switches_of_play:rank_asc:page:8
335656,285023_43924,Danilo,Brazil,DF,294,89,7,29,6,50,1,100,distribution,urn:gd:story:classification:gcp_distribution:competitionId:285023:attempted_switches_of_play:rank_asc:page:8,urn:gd:story:classification:gcp_distribution:competitionId:285023:attempted_switches_of_play:rank_asc:page:8
475036,285023_43924,Rayan,Brazil,FW,99,94,10,20,5,100,1,100,distribution,urn:gd:story:classification:gcp_distribution:competitionId:285023:attempted_switches_of_play:rank_asc:page:8,urn:gd:story:classification:gcp_distribution:competitionId:285023:attempted_switches_of_play:rank_asc:page:8
405920,285023_43927,John Yeboah,Ecuador,FW,104,82,9,44,9,67,1,0,distribution,urn:gd:story:classification:gcp_distribution:competitionId:285023:attempted_switches_of_play:rank_asc:page:8,urn:gd:story:classification:gcp_distribution:competitionId:285023:attempted_switches_of_play:rank_asc:page:8
310116,285023_43922,Nicolas Otamendi,Argentina,DF,138,96,0,0,1,100,1,100,distribution,urn:gd:story:classification:gcp_distribution:competitionId:285023:attempted_switches_of_play:rank_asc:page:8,urn:gd:story:classification:gcp_distribution:competitionId:285023:attempted_switches_of_play:rank_asc:page:8
448217,285023_43921,Matt Turner,USA,GK,33,73,0,0,0,0,1,0,distribution,urn:gd:story:classification:gcp_distribution:competitionId:285023:attempted_switches_of_play:rank_asc:page:8,urn:gd:story:classification:gcp_distribution:competitionId:285023:attempted_switches_of_play:rank_asc:page:8
385306,285023_43928,Andres Cubas,Paraguay,MF,117,83,0,0,1,0,1,100,distribution,urn:gd:story:classification:gcp_distribution:competitionId:285023:attempted_switches_of_play:rank_asc:page:8,urn:gd:story:classification:gcp_distribution:competitionId:285023:attempted_switches_of_play:rank_asc:page:8
500037,285023_43911,Gilberto Mora,Mexico,MF,87,91,5,20,5,80,1,100,distribution,urn:gd:story:classification:gcp_distribution:competitionId:285023:attempted_switches_of_play:rank_asc:page:8,urn:gd:story:classification:gcp_distribution:competitionId:285023:attempted_switches_of_play:rank_asc:page:8
419020,285023_43927,Gonzalo Plata,Ecuador,FW,147,80,9,11,8,38,1,100,distribution,urn:gd:story:classification:gcp_distribution:competitionId:285023:attempted_switches_of_play:rank_asc:page:8,urn:gd:story:classification:gcp_distribution:competitionId:285023:attempted_switches_of_play:rank_asc:page:8
395550,285023_43926,Jefferson Lerma,Colombia,MF,214,88,2,50,2,0,1,100,distribution,urn:gd:story:classification:gcp_distribution:competitionId:285023:attempted_switches_of_play:rank_asc:page:8,urn:gd:story:classification:gcp_distribution:competitionId:285023:attempted_switches_of_play:rank_asc:page:8
403585,285023_43911,Roberto Alvarado,Mexico,FW,201,81,34,32,17,47,1,100,distribution,urn:gd:story:classification:gcp_distribution:competitionId:285023:attempted_switches_of_play:rank_asc:page:8,urn:gd:story:classification:gcp_distribution:competitionId:285023:attempted_switches_of_play:rank_asc:page:8
425701,285023_43911,Johan Vasquez,Mexico,DF,237,93,0,0,4,50,1,100,distribution,urn:gd:story:classification:gcp_distribution:competitionId:285023:attempted_switches_of_play:rank_asc:page:8,urn:gd:story:classification:gcp_distribution:competitionId:285023:attempted_switches_of_play:rank_asc:page:8
395581,285023_43914,Cristian Martinez,Panama,MF,78,73,12,17,9,22,1,0,distribution,urn:gd:story:classification:gcp_distribution:competitionId:285023:attempted_switches_of_play:rank_asc:page:8,urn:gd:story:classification:gcp_distribution:competitionId:285023:attempted_switches_of_play:rank_asc:page:8
494531,285023_43928,Orlando Gill,Paraguay,GK,159,43,0,0,10,0,1,100,distribution,urn:gd:story:classification:gcp_distribution:competitionId:285023:attempted_switches_of_play:rank_asc:page:8,urn:gd:story:classification:gcp_distribution:competitionId:285023:attempted_switches_of_play:rank_asc:page:8
385030,285023_43914,Fidel Escobar,Panama,DF,27,74,1,100,1,100,1,0,distribution,urn:gd:story:classification:gcp_distribution:competitionId:285023:attempted_switches_of_play:rank_asc:page:8,urn:gd:story:classification:gcp_distribution:competitionId:285023:attempted_switches_of_play:rank_asc:page:8
390272,285023_43921,Auston Trusty,USA,DF,50,76,2,0,2,0,1,100,distribution,urn:gd:story:classification:gcp_distribution:competitionId:285023:attempted_switches_of_play:rank_asc:page:8,urn:gd:story:classification:gcp_distribution:competitionId:285023:attempted_switches_of_play:rank_asc:page:8
418975,285023_43922,Thiago Almada,Argentina,FW,142,90,0,0,1,0,1,100,distribution,urn:gd:story:classification:gcp_distribution:competitionId:285023:attempted_switches_of_play:rank_asc:page:8,urn:gd:story:classification:gcp_distribution:competitionId:285023:attempted_switches_of_play:rank_asc:page:8
463489,285023_43927,Yaimar Medina,Ecuador,DF,19,89,4,25,1,0,1,100,distribution,urn:gd:story:classification:gcp_distribution:competitionId:285023:attempted_switches_of_play:rank_asc:page:8,urn:gd:story:classification:gcp_distribution:competitionId:285023:attempted_switches_of_play:rank_asc:page:8
368660,285023_43930,Guillermo Varela,Uruguay,DF,134,89,10,30,8,75,1,100,distribution,urn:gd:story:classification:gcp_distribution:competitionId:285023:attempted_switches_of_play:rank_asc:page:8,urn:gd:story:classification:gcp_distribution:competitionId:285023:attempted_switches_of_play:rank_asc:page:8
308370,285023_43924,Alisson,Brazil,GK,132,81,0,0,3,0,1,100,distribution,urn:gd:story:classification:gcp_distribution:competitionId:285023:attempted_switches_of_play:rank_asc:page:8,urn:gd:story:classification:gcp_distribution:competitionId:285023:attempted_switches_of_play:rank_asc:page:8
495046,285023_43928,Mauricio,Paraguay,MF,69,78,12,17,4,25,1,100,distribution,urn:gd:story:classification:gcp_distribution:competitionId:285023:attempted_switches_of_play:rank_asc:page:8,urn:gd:story:classification:gcp_distribution:competitionId:285023:attempted_switches_of_play:rank_asc:page:8
463465,285023_43927,Joel Ordonez,Ecuador,DF,113,89,0,0,2,50,1,100,distribution,urn:gd:story:classification:gcp_distribution:competitionId:285023:attempted_switches_of_play:rank_asc:page:8,urn:gd:story:classification:gcp_distribution:competitionId:285023:attempted_switches_of_play:rank_asc:page:8
386458,285023_43928,Alejandro Romero Gamarra,Paraguay,FW,10,60,0,0,0,0,1,100,distribution,urn:gd:story:classification:gcp_distribution:competitionId:285023:attempted_switches_of_play:rank_asc:page:8,urn:gd:story:classification:gcp_distribution:competitionId:285023:attempted_switches_of_play:rank_asc:page:8
269514,285023_43914,Anibal Godoy,Panama,MF,8,100,1,0,1,100,1,0,distribution,urn:gd:story:classification:gcp_distribution:competitionId:285023:attempted_switches_of_play:rank_asc:page:8,urn:gd:story:classification:gcp_distribution:competitionId:285023:attempted_switches_of_play:rank_asc:page:8
316002,285023_43934,David Alaba,Austria,DF,222,89,1,0,5,80,1,0,distribution,urn:gd:story:classification:gcp_distribution:competitionId:285023:attempted_switches_of_play:rank_asc:page:8,urn:gd:story:classification:gcp_distribution:competitionId:285023:attempted_switches_of_play:rank_asc:page:8
464533,285023_43911,Brian Gutierrez,Mexico,MF,60,88,6,0,2,50,1,100,distribution,urn:gd:story:classification:gcp_distribution:competitionId:285023:attempted_switches_of_play:rank_asc:page:8,urn:gd:story:classification:gcp_distribution:competitionId:285023:attempted_switches_of_play:rank_asc:page:8
411726,285023_43924,Lucas Paqueta,Brazil,MF,190,85,5,0,8,63,1,100,distribution,urn:gd:story:classification:gcp_distribution:competitionId:285023:attempted_switches_of_play:rank_asc:page:8,urn:gd:story:classification:gcp_distribution:competitionId:285023:attempted_switches_of_play:rank_asc:page:8
402974,285023_43927,Angelo Preciado,Ecuador,DF,47,68,8,13,5,20,1,100,distribution,urn:gd:story:classification:gcp_distribution:competitionId:285023:attempted_switches_of_play:rank_asc:page:8,urn:gd:story:classification:gcp_distribution:competitionId:285023:attempted_switches_of_play:rank_asc:page:8
441623,285023_43930,Manuel Ugarte,Uruguay,MF,136,87,0,0,4,50,1,0,distribution,urn:gd:story:classification:gcp_distribution:competitionId:285023:attempted_switches_of_play:rank_asc:page:8,urn:gd:story:classification:gcp_distribution:competitionId:285023:attempted_switches_of_play:rank_asc:page:8
419068,285023_43921,Giovanni Reyna,USA,MF,94,84,1,0,9,78,1,100,distribution,urn:gd:story:classification:gcp_distribution:competitionId:285023:attempted_switches_of_play:rank_asc:page:8,urn:gd:story:classification:gcp_distribution:competitionId:285023:attempted_switches_of_play:rank_asc:page:8
358241,285023_43934,Marcel Sabitzer,Austria,MF,126,75,30,33,16,69,1,100,distribution,urn:gd:story:classification:gcp_distribution:competitionId:285023:attempted_switches_of_play:rank_asc:page:8,urn:gd:story:classification:gcp_distribution:competitionId:285023:attempted_switches_of_play:rank_asc:page:8
390238,285023_43921,Tyler Adams,USA,MF,231,91,0,0,6,67,1,100,distribution,urn:gd:story:classification:gcp_distribution:competitionId:285023:attempted_switches_of_play:rank_asc:page:8,urn:gd:story:classification:gcp_distribution:competitionId:285023:attempted_switches_of_play:rank_asc:page:8
402921,285023_43922,Lisandro Martinez,Argentina,DF,258,97,0,0,7,71,1,100,distribution,urn:gd:story:classification:gcp_distribution:competitionId:285023:attempted_switches_of_play:rank_asc:page:8,urn:gd:story:classification:gcp_distribution:competitionId:285023:attempted_switches_of_play:rank_asc:page:8
419126,285023_43930,Darwin Nunez,Uruguay,FW,25,80,3,33,3,100,1,100,distribution,urn:gd:story:classification:gcp_distribution:competitionId:285023:attempted_switches_of_play:rank_asc:page:8,urn:gd:story:classification:gcp_distribution:competitionId:285023:attempted_switches_of_play:rank_asc:page:8
476348,285023_43928,Damian Bobadilla,Paraguay,MF,32,75,1,100,1,0,1,100,distribution,urn:gd:story:classification:gcp_distribution:competitionId:285023:attempted_switches_of_play:rank_asc:page:8,urn:gd:story:classification:gcp_distribution:competitionId:285023:attempted_switches_of_play:rank_asc:page:8
419132,285023_43930,Brian Rodriguez,Uruguay,FW,26,73,14,7,7,71,1,100,distribution,urn:gd:story:classification:gcp_distribution:competitionId:285023:attempted_switches_of_play:rank_asc:page:8,urn:gd:story:classification:gcp_distribution:competitionId:285023:attempted_switches_of_play:rank_asc:page:8
520037,285023_43860,Derrick Luckassen,Ghana,DF,125,87,0,0,3,0,1,100,distribution,urn:gd:story:classification:gcp_distribution:competitionId:285023:attempted_switches_of_play:rank_asc:page:8,urn:gd:story:classification:gcp_distribution:competitionId:285023:attempted_switches_of_play:rank_asc:page:8
493970,285023_43899,Promise David,Canada,FW,16,50,0,0,1,0,1,100,distribution,urn:gd:story:classification:gcp_distribution:competitionId:285023:attempted_switches_of_play:rank_asc:page:9,urn:gd:story:classification:gcp_distribution:competitionId:285023:attempted_switches_of_play:rank_asc:page:9
485767,285023_43872,Redouane Halhal,Morocco,DF,119,95,0,0,0,0,1,100,distribution,urn:gd:story:classification:gcp_distribution:competitionId:285023:attempted_switches_of_play:rank_asc:page:9,urn:gd:story:classification:gcp_distribution:competitionId:285023:attempted_switches_of_play:rank_asc:page:9
433365,285023_43888,Aymen Dahmen,Tunisia,GK,48,50,0,0,1,100,1,0,distribution,urn:gd:story:classification:gcp_distribution:competitionId:285023:attempted_switches_of_play:rank_asc:page:9,urn:gd:story:classification:gcp_distribution:competitionId:285023:attempted_switches_of_play:rank_asc:page:9
448390,285023_43899,Mathieu Choiniere,Canada,MF,29,79,4,50,2,50,1,100,distribution,urn:gd:story:classification:gcp_distribution:competitionId:285023:attempted_switches_of_play:rank_asc:page:9,urn:gd:story:classification:gcp_distribution:competitionId:285023:attempted_switches_of_play:rank_asc:page:9
395050,285023_43883,Aubrey Modiba,South Africa,DF,139,83,8,50,9,33,1,100,distribution,urn:gd:story:classification:gcp_distribution:competitionId:285023:attempted_switches_of_play:rank_asc:page:9,urn:gd:story:classification:gcp_distribution:competitionId:285023:attempted_switches_of_play:rank_asc:page:9
485064,285023_43899,Niko Sigur,Canada,DF,64,81,4,25,8,63,1,100,distribution,urn:gd:story:classification:gcp_distribution:competitionId:285023:attempted_switches_of_play:rank_asc:page:9,urn:gd:story:classification:gcp_distribution:competitionId:285023:attempted_switches_of_play:rank_asc:page:9
371958,285023_43899,Derek Cornelius,Canada,DF,170,89,1,0,2,50,1,0,distribution,urn:gd:story:classification:gcp_distribution:competitionId:285023:attempted_switches_of_play:rank_asc:page:9,urn:gd:story:classification:gcp_distribution:competitionId:285023:attempted_switches_of_play:rank_asc:page:9
430831,285023_43854,Ibrahim Sangare,Côte d'Ivoire,MF,190,91,1,0,4,50,1,100,distribution,urn:gd:story:classification:gcp_distribution:competitionId:285023:attempted_switches_of_play:rank_asc:page:9,urn:gd:story:classification:gcp_distribution:competitionId:285023:attempted_switches_of_play:rank_asc:page:9
425607,285023_43888,Mohamed Amine Ben Hmida,Tunisia,DF,98,83,0,0,1,0,1,0,distribution,urn:gd:story:classification:gcp_distribution:competitionId:285023:attempted_switches_of_play:rank_asc:page:9,urn:gd:story:classification:gcp_distribution:competitionId:285023:attempted_switches_of_play:rank_asc:page:9
485760,285023_43872,Ayyoub Bouaddi,Morocco,MF,226,90,0,0,1,100,1,100,distribution,urn:gd:story:classification:gcp_distribution:competitionId:285023:attempted_switches_of_play:rank_asc:page:9,urn:gd:story:classification:gcp_distribution:competitionId:285023:attempted_switches_of_play:rank_asc:page:9
505112,285023_43872,Gessime Yassine,Morocco,MF,30,87,0,0,2,50,1,0,distribution,urn:gd:story:classification:gcp_distribution:competitionId:285023:attempted_switches_of_play:rank_asc:page:9,urn:gd:story:classification:gcp_distribution:competitionId:285023:attempted_switches_of_play:rank_asc:page:9
505097,285023_43872,Samir El Mourabet,Morocco,MF,110,91,1,0,4,50,1,100,distribution,urn:gd:story:classification:gcp_distribution:competitionId:285023:attempted_switches_of_play:rank_asc:page:9,urn:gd:story:classification:gcp_distribution:competitionId:285023:attempted_switches_of_play:rank_asc:page:9
485676,285023_43908,Lenny Joseph,Haiti,FW,20,65,0,0,3,33,1,100,distribution,urn:gd:story:classification:gcp_distribution:competitionId:285023:attempted_switches_of_play:rank_asc:page:9,urn:gd:story:classification:gcp_distribution:competitionId:285023:attempted_switches_of_play:rank_asc:page:9
353235,285023_43860,Jordan Ayew,Ghana,FW,47,70,9,11,3,0,1,0,distribution,urn:gd:story:classification:gcp_distribution:competitionId:285023:attempted_switches_of_play:rank_asc:page:9,urn:gd:story:classification:gcp_distribution:competitionId:285023:attempted_switches_of_play:rank_asc:page:9
448363,285023_43908,Hannes Delcroix,Haiti,DF,151,97,1,0,2,50,1,100,distribution,urn:gd:story:classification:gcp_distribution:competitionId:285023:attempted_switches_of_play:rank_asc:page:9,urn:gd:story:classification:gcp_distribution:competitionId:285023:attempted_switches_of_play:rank_asc:page:9
464842,285023_43879,Lamine Camara,Senegal,MF,131,89,8,50,4,50,1,100,distribution,urn:gd:story:classification:gcp_distribution:competitionId:285023:attempted_switches_of_play:rank_asc:page:9,urn:gd:story:classification:gcp_distribution:competitionId:285023:attempted_switches_of_play:rank_asc:page:9
448821,285023_43879,Mory Diaw,Senegal,GK,95,67,0,0,2,0,1,100,distribution,urn:gd:story:classification:gcp_distribution:competitionId:285023:attempted_switches_of_play:rank_asc:page:9,urn:gd:story:classification:gcp_distribution:competitionId:285023:attempted_switches_of_play:rank_asc:page:9
433367,285023_43888,Omar Rekik,Tunisia,DF,93,83,2,0,4,25,1,100,distribution,urn:gd:story:classification:gcp_distribution:competitionId:285023:attempted_switches_of_play:rank_asc:page:9,urn:gd:story:classification:gcp_distribution:competitionId:285023:attempted_switches_of_play:rank_asc:page:9
510922,285023_43854,Yan Diomande,Côte d'Ivoire,FW,142,89,21,24,15,53,1,100,distribution,urn:gd:story:classification:gcp_distribution:competitionId:285023:attempted_switches_of_play:rank_asc:page:9,urn:gd:story:classification:gcp_distribution:competitionId:285023:attempted_switches_of_play:rank_asc:page:9
416902,285023_43855,Mohamed Abdelmoneim,Egypt,DF,14,100,0,0,0,0,1,100,distribution,urn:gd:story:classification:gcp_distribution:competitionId:285023:attempted_switches_of_play:rank_asc:page:9,urn:gd:story:classification:gcp_distribution:competitionId:285023:attempted_switches_of_play:rank_asc:page:9
431696,285023_43899,Richie Laryea,Canada,DF,202,83,4,25,15,60,1,100,distribution,urn:gd:story:classification:gcp_distribution:competitionId:285023:attempted_switches_of_play:rank_asc:page:9,urn:gd:story:classification:gcp_distribution:competitionId:285023:attempted_switches_of_play:rank_asc:page:9
483161,285023_43855,Mostafa Zico,Egypt,MF,71,68,2,50,6,33,1,100,distribution,urn:gd:story:classification:gcp_distribution:competitionId:285023:attempted_switches_of_play:rank_asc:page:9,urn:gd:story:classification:gcp_distribution:competitionId:285023:attempted_switches_of_play:rank_asc:page:9
331732,285023_43899,Maxime Crepeau,Canada,GK,123,75,0,0,2,0,1,0,distribution,urn:gd:story:classification:gcp_distribution:competitionId:285023:attempted_switches_of_play:rank_asc:page:9,urn:gd:story:classification:gcp_distribution:competitionId:285023:attempted_switches_of_play:rank_asc:page:9
448612,285023_43872,Bilal El Khannouss,Morocco,MF,212,78,14,14,21,67,1,100,distribution,urn:gd:story:classification:gcp_distribution:competitionId:285023:attempted_switches_of_play:rank_asc:page:9,urn:gd:story:classification:gcp_distribution:competitionId:285023:attempted_switches_of_play:rank_asc:page:9
430138,285023_43899,Tajon Buchanan,Canada,FW,95,80,17,18,9,56,1,100,distribution,urn:gd:story:classification:gcp_distribution:competitionId:285023:attempted_switches_of_play:rank_asc:page:9,urn:gd:story:classification:gcp_distribution:competitionId:285023:attempted_switches_of_play:rank_asc:page:9
523288,285023_43872,Ayoube Amaimouni,Morocco,FW,9,89,1,0,0,0,1,0,distribution,urn:gd:story:classification:gcp_distribution:competitionId:285023:attempted_switches_of_play:rank_asc:page:9,urn:gd:story:classification:gcp_distribution:competitionId:285023:attempted_switches_of_play:rank_asc:page:9
494314,285023_43850,Telmo Arcanjo,Cabo Verde,MF,14,86,1,100,0,0,1,100,distribution,urn:gd:story:classification:gcp_distribution:competitionId:285023:attempted_switches_of_play:rank_asc:page:9,urn:gd:story:classification:gcp_distribution:competitionId:285023:attempted_switches_of_play:rank_asc:page:9
403642,285023_43879,Krepin Diatta,Senegal,DF,283,90,10,40,4,75,1,100,distribution,urn:gd:story:classification:gcp_distribution:competitionId:285023:attempted_switches_of_play:rank_asc:page:9,urn:gd:story:classification:gcp_distribution:competitionId:285023:attempted_switches_of_play:rank_asc:page:9
494248,285023_43883,Thalente Mbatha,South Africa,MF,97,85,4,0,4,50,1,100,distribution,urn:gd:story:classification:gcp_distribution:competitionId:285023:attempted_switches_of_play:rank_asc:page:9,urn:gd:story:classification:gcp_distribution:competitionId:285023:attempted_switches_of_play:rank_asc:page:9
441257,285023_43899,Jonathan David,Canada,FW,103,74,6,0,10,60,1,100,distribution,urn:gd:story:classification:gcp_distribution:competitionId:285023:attempted_switches_of_play:rank_asc:page:9,urn:gd:story:classification:gcp_distribution:competitionId:285023:attempted_switches_of_play:rank_asc:page:9
448525,285023_43860,Ernest Nuamah,Ghana,FW,29,69,0,0,2,50,1,100,distribution,urn:gd:story:classification:gcp_distribution:competitionId:285023:attempted_switches_of_play:rank_asc:page:9,urn:gd:story:classification:gcp_distribution:competitionId:285023:attempted_switches_of_play:rank_asc:page:9
419189,285023_43888,Yan Valery,Tunisia,DF,80,68,7,29,8,13,1,100,distribution,urn:gd:story:classification:gcp_distribution:competitionId:285023:attempted_switches_of_play:rank_asc:page:9,urn:gd:story:classification:gcp_distribution:competitionId:285023:attempted_switches_of_play:rank_asc:page:9
430822,285023_43854,Amad Diallo,Côte d'Ivoire,FW,73,95,7,29,4,100,1,100,distribution,urn:gd:story:classification:gcp_distribution:competitionId:285023:attempted_switches_of_play:rank_asc:page:9,urn:gd:story:classification:gcp_distribution:competitionId:285023:attempted_switches_of_play:rank_asc:page:9
466687,285023_43899,Ali Ahmed,Canada,FW,65,78,15,20,5,40,1,100,distribution,urn:gd:story:classification:gcp_distribution:competitionId:285023:attempted_switches_of_play:rank_asc:page:9,urn:gd:story:classification:gcp_distribution:competitionId:285023:attempted_switches_of_play:rank_asc:page:9
275917,285023_43908,Ricardo Ade,Haiti,DF,136,89,0,0,5,40,1,100,distribution,urn:gd:story:classification:gcp_distribution:competitionId:285023:attempted_switches_of_play:rank_asc:page:9,urn:gd:story:classification:gcp_distribution:competitionId:285023:attempted_switches_of_play:rank_asc:page:9
448607,285023_43872,Chadi Riad,Morocco,DF,226,94,0,0,1,0,1,100,distribution,urn:gd:story:classification:gcp_distribution:competitionId:285023:attempted_switches_of_play:rank_asc:page:9,urn:gd:story:classification:gcp_distribution:competitionId:285023:attempted_switches_of_play:rank_asc:page:9
369267,285023_43855,Yasser Ibrahim,Egypt,DF,224,95,0,0,1,0,1,100,distribution,urn:gd:story:classification:gcp_distribution:competitionId:285023:attempted_switches_of_play:rank_asc:page:9,urn:gd:story:classification:gcp_distribution:competitionId:285023:attempted_switches_of_play:rank_asc:page:9
520039,285023_43860,Marvin Senaya,Ghana,DF,91,82,8,25,4,75,1,100,distribution,urn:gd:story:classification:gcp_distribution:competitionId:285023:attempted_switches_of_play:rank_asc:page:9,urn:gd:story:classification:gcp_distribution:competitionId:285023:attempted_switches_of_play:rank_asc:page:9
448598,285023_43872,Ismael Saibari,Morocco,MF,95,84,7,29,8,75,1,100,distribution,urn:gd:story:classification:gcp_distribution:competitionId:285023:attempted_switches_of_play:rank_asc:page:9,urn:gd:story:classification:gcp_distribution:competitionId:285023:attempted_switches_of_play:rank_asc:page:9
363863,285023_43855,Trezeguet,Egypt,FW,78,83,2,0,5,40,1,100,distribution,urn:gd:story:classification:gcp_distribution:competitionId:285023:attempted_switches_of_play:rank_asc:page:9,urn:gd:story:classification:gcp_distribution:competitionId:285023:attempted_switches_of_play:rank_asc:page:9
479781,285023_43888,Mohamed Hadj Mahmoud,Tunisia,MF,13,92,0,0,0,0,1,100,distribution,urn:gd:story:classification:gcp_distribution:competitionId:285023:attempted_switches_of_play:rank_asc:page:9,urn:gd:story:classification:gcp_distribution:competitionId:285023:attempted_switches_of_play:rank_asc:page:9
423941,285023_43899,Nathan Saliba,Canada,MF,93,85,4,25,4,75,1,100,distribution,urn:gd:story:classification:gcp_distribution:competitionId:285023:attempted_switches_of_play:rank_asc:page:9,urn:gd:story:classification:gcp_distribution:competitionId:285023:attempted_switches_of_play:rank_asc:page:9
411653,285023_43888,Dylan Bronn,Tunisia,DF,20,80,0,0,0,0,1,0,distribution,urn:gd:story:classification:gcp_distribution:competitionId:285023:attempted_switches_of_play:rank_asc:page:9,urn:gd:story:classification:gcp_distribution:competitionId:285023:attempted_switches_of_play:rank_asc:page:9
441342,285023_43860,Abdul Fatawu,Ghana,FW,22,82,7,14,8,50,1,100,distribution,urn:gd:story:classification:gcp_distribution:competitionId:285023:attempted_switches_of_play:rank_asc:page:9,urn:gd:story:classification:gcp_distribution:competitionId:285023:attempted_switches_of_play:rank_asc:page:9
408950,285023_43855,Mohamed Hany,Egypt,DF,237,87,15,20,7,71,1,100,distribution,urn:gd:story:classification:gcp_distribution:competitionId:285023:attempted_switches_of_play:rank_asc:page:9,urn:gd:story:classification:gcp_distribution:competitionId:285023:attempted_switches_of_play:rank_asc:page:9
466585,285023_43899,Moise Bombito,Canada,DF,111,86,0,0,4,50,1,100,distribution,urn:gd:story:classification:gcp_distribution:competitionId:285023:attempted_switches_of_play:rank_asc:page:9,urn:gd:story:classification:gcp_distribution:competitionId:285023:attempted_switches_of_play:rank_asc:page:9
480322,285023_43899,Luc De Fougerolles,Canada,DF,191,89,1,0,6,67,1,0,distribution,urn:gd:story:classification:gcp_distribution:competitionId:285023:attempted_switches_of_play:rank_asc:page:9,urn:gd:story:classification:gcp_distribution:competitionId:285023:attempted_switches_of_play:rank_asc:page:9
486929,285023_43899,Tani Oluwaseyi,Canada,FW,41,66,4,0,4,50,1,100,distribution,urn:gd:story:classification:gcp_distribution:competitionId:285023:attempted_switches_of_play:rank_asc:page:9,urn:gd:story:classification:gcp_distribution:competitionId:285023:attempted_switches_of_play:rank_asc:page:9
506202,285023_43854,Bazoumana Toure,Côte d'Ivoire,FW,23,70,4,0,1,0,1,100,distribution,urn:gd:story:classification:gcp_distribution:competitionId:285023:attempted_switches_of_play:rank_asc:page:9,urn:gd:story:classification:gcp_distribution:competitionId:285023:attempted_switches_of_play:rank_asc:page:9
433806,285023_43879,Edouard Mendy,Senegal,GK,60,82,0,0,0,0,1,100,distribution,urn:gd:story:classification:gcp_distribution:competitionId:285023:attempted_switches_of_play:rank_asc:page:9,urn:gd:story:classification:gcp_distribution:competitionId:285023:attempted_switches_of_play:rank_asc:page:9
419223,285023_43883,Oswin Appollis,South Africa,FW,99,83,7,14,3,33,1,100,distribution,urn:gd:story:classification:gcp_distribution:competitionId:285023:attempted_switches_of_play:rank_asc:page:10,urn:gd:story:classification:gcp_distribution:competitionId:285023:attempted_switches_of_play:rank_asc:page:10
516043,285023_43888,Adam Arous,Tunisia,DF,0,0,0,0,0,0,0,0,distribution,urn:gd:story:classification:gcp_distribution:competitionId:285023:attempted_switches_of_play:rank_asc:page:10,urn:gd:story:classification:gcp_distribution:competitionId:285023:attempted_switches_of_play:rank_asc:page:10
482780,285023_43850,Kelvin Pires,Cabo Verde,DF,0,0,0,0,0,0,0,0,distribution,urn:gd:story:classification:gcp_distribution:competitionId:285023:attempted_switches_of_play:rank_asc:page:10,urn:gd:story:classification:gcp_distribution:competitionId:285023:attempted_switches_of_play:rank_asc:page:10
482885,285023_43888,Elias Saad,Tunisia,FW,29,76,2,0,1,100,0,0,distribution,urn:gd:story:classification:gcp_distribution:competitionId:285023:attempted_switches_of_play:rank_asc:page:10,urn:gd:story:classification:gcp_distribution:competitionId:285023:attempted_switches_of_play:rank_asc:page:10
441259,285023_43899,Liam Millar,Canada,MF,67,75,10,20,8,50,0,0,distribution,urn:gd:story:classification:gcp_distribution:competitionId:285023:attempted_switches_of_play:rank_asc:page:10,urn:gd:story:classification:gcp_distribution:competitionId:285023:attempted_switches_of_play:rank_asc:page:10
369089,285023_43860,Thomas Partey,Ghana,MF,152,88,0,0,4,50,0,0,distribution,urn:gd:story:classification:gcp_distribution:competitionId:285023:attempted_switches_of_play:rank_asc:page:10,urn:gd:story:classification:gcp_distribution:competitionId:285023:attempted_switches_of_play:rank_asc:page:10
372294,285023_43888,Sabri Ben Hessen,Tunisia,GK,0,0,0,0,0,0,0,0,distribution,urn:gd:story:classification:gcp_distribution:competitionId:285023:attempted_switches_of_play:rank_asc:page:10,urn:gd:story:classification:gcp_distribution:competitionId:285023:attempted_switches_of_play:rank_asc:page:10
486168,285023_43879,Cherif Ndiaye,Senegal,FW,0,0,0,0,0,0,0,0,distribution,urn:gd:story:classification:gcp_distribution:competitionId:285023:attempted_switches_of_play:rank_asc:page:10,urn:gd:story:classification:gcp_distribution:competitionId:285023:attempted_switches_of_play:rank_asc:page:10
506481,285023_43908,Keeto Thermoncy,Haiti,DF,0,0,0,0,0,0,0,0,distribution,urn:gd:story:classification:gcp_distribution:competitionId:285023:attempted_switches_of_play:rank_asc:page:10,urn:gd:story:classification:gcp_distribution:competitionId:285023:attempted_switches_of_play:rank_asc:page:10
395984,285023_43883,Themba Zwane,South Africa,MF,7,71,0,0,0,0,0,0,distribution,urn:gd:story:classification:gcp_distribution:competitionId:285023:attempted_switches_of_play:rank_asc:page:10,urn:gd:story:classification:gcp_distribution:competitionId:285023:attempted_switches_of_play:rank_asc:page:10
431781,285023_43908,Jean Kevin Duverne,Haiti,DF,69,86,2,50,1,100,0,0,distribution,urn:gd:story:classification:gcp_distribution:competitionId:285023:attempted_switches_of_play:rank_asc:page:10,urn:gd:story:classification:gcp_distribution:competitionId:285023:attempted_switches_of_play:rank_asc:page:10
483183,285023_43855,Mahmoud Saber,Egypt,MF,34,88,1,100,1,0,0,0,distribution,urn:gd:story:classification:gcp_distribution:competitionId:285023:attempted_switches_of_play:rank_asc:page:10,urn:gd:story:classification:gcp_distribution:competitionId:285023:attempted_switches_of_play:rank_asc:page:10
411678,285023_43872,Ayoub El Kaabi,Morocco,FW,10,70,0,0,0,0,0,0,distribution,urn:gd:story:classification:gcp_distribution:competitionId:285023:attempted_switches_of_play:rank_asc:page:10,urn:gd:story:classification:gcp_distribution:competitionId:285023:attempted_switches_of_play:rank_asc:page:10
466844,285023_43908,Markhus Lacroix,Haiti,DF,0,0,0,0,0,0,0,0,distribution,urn:gd:story:classification:gcp_distribution:competitionId:285023:attempted_switches_of_play:rank_asc:page:10,urn:gd:story:classification:gcp_distribution:competitionId:285023:attempted_switches_of_play:rank_asc:page:10
504192,285023_43883,Khulumani Ndamane,South Africa,DF,0,0,0,0,0,0,0,0,distribution,urn:gd:story:classification:gcp_distribution:competitionId:285023:attempted_switches_of_play:rank_asc:page:10,urn:gd:story:classification:gcp_distribution:competitionId:285023:attempted_switches_of_play:rank_asc:page:10
494279,285023_43879,Antoine Mendy,Senegal,DF,0,0,0,0,0,0,0,0,distribution,urn:gd:story:classification:gcp_distribution:competitionId:285023:attempted_switches_of_play:rank_asc:page:10,urn:gd:story:classification:gcp_distribution:competitionId:285023:attempted_switches_of_play:rank_asc:page:10
463817,285023_43899,Owen Goodman,Canada,GK,0,0,0,0,0,0,0,0,distribution,urn:gd:story:classification:gcp_distribution:competitionId:285023:attempted_switches_of_play:rank_asc:page:10,urn:gd:story:classification:gcp_distribution:competitionId:285023:attempted_switches_of_play:rank_asc:page:10
466865,285023_43908,Derrick Etienne,Haiti,FW,8,50,2,50,2,0,0,0,distribution,urn:gd:story:classification:gcp_distribution:competitionId:285023:attempted_switches_of_play:rank_asc:page:10,urn:gd:story:classification:gcp_distribution:competitionId:285023:attempted_switches_of_play:rank_asc:page:10
482782,285023_43850,Dailon Livramento,Cabo Verde,FW,19,79,3,33,0,0,0,0,distribution,urn:gd:story:classification:gcp_distribution:competitionId:285023:attempted_switches_of_play:rank_asc:page:10,urn:gd:story:classification:gcp_distribution:competitionId:285023:attempted_switches_of_play:rank_asc:page:10
485675,285023_43854,Evann Guessand,Côte d'Ivoire,FW,5,80,0,0,0,0,0,0,distribution,urn:gd:story:classification:gcp_distribution:competitionId:285023:attempted_switches_of_play:rank_asc:page:10,urn:gd:story:classification:gcp_distribution:competitionId:285023:attempted_switches_of_play:rank_asc:page:10
403090,285023_43854,Alban Lafont,Côte d'Ivoire,GK,0,0,0,0,0,0,0,0,distribution,urn:gd:story:classification:gcp_distribution:competitionId:285023:attempted_switches_of_play:rank_asc:page:10,urn:gd:story:classification:gcp_distribution:competitionId:285023:attempted_switches_of_play:rank_asc:page:10
418798,285023_43879,Pape Matar Sarr,Senegal,MF,48,90,1,0,2,50,0,0,distribution,urn:gd:story:classification:gcp_distribution:competitionId:285023:attempted_switches_of_play:rank_asc:page:10,urn:gd:story:classification:gcp_distribution:competitionId:285023:attempted_switches_of_play:rank_asc:page:10
494742,285023_43872,Youssef Belammari,Morocco,DF,0,0,0,0,0,0,0,0,distribution,urn:gd:story:classification:gcp_distribution:competitionId:285023:attempted_switches_of_play:rank_asc:page:10,urn:gd:story:classification:gcp_distribution:competitionId:285023:attempted_switches_of_play:rank_asc:page:10
510850,285023_43883,Thabang Matuludi,South Africa,DF,0,0,0,0,0,0,0,0,distribution,urn:gd:story:classification:gcp_distribution:competitionId:285023:attempted_switches_of_play:rank_asc:page:10,urn:gd:story:classification:gcp_distribution:competitionId:285023:attempted_switches_of_play:rank_asc:page:10
394993,285023_43908,Duckens Nazon,Haiti,FW,3,33,0,0,0,0,0,0,distribution,urn:gd:story:classification:gcp_distribution:competitionId:285023:attempted_switches_of_play:rank_asc:page:10,urn:gd:story:classification:gcp_distribution:competitionId:285023:attempted_switches_of_play:rank_asc:page:10
506335,285023_43888,Moutaz Neffati,Tunisia,DF,0,0,0,0,0,0,0,0,distribution,urn:gd:story:classification:gcp_distribution:competitionId:285023:attempted_switches_of_play:rank_asc:page:10,urn:gd:story:classification:gcp_distribution:competitionId:285023:attempted_switches_of_play:rank_asc:page:10
514070,285023_43899,Alfie Jones,Canada,DF,0,0,0,0,0,0,0,0,distribution,urn:gd:story:classification:gcp_distribution:competitionId:285023:attempted_switches_of_play:rank_asc:page:10,urn:gd:story:classification:gcp_distribution:competitionId:285023:attempted_switches_of_play:rank_asc:page:10
441336,285023_43860,Abdul Mumin,Ghana,DF,0,0,0,0,0,0,0,0,distribution,urn:gd:story:classification:gcp_distribution:competitionId:285023:attempted_switches_of_play:rank_asc:page:10,urn:gd:story:classification:gcp_distribution:competitionId:285023:attempted_switches_of_play:rank_asc:page:10
464103,285023_43854,Ange Yoan Bonny,Côte d'Ivoire,FW,30,87,3,33,0,0,0,0,distribution,urn:gd:story:classification:gcp_distribution:competitionId:285023:attempted_switches_of_play:rank_asc:page:10,urn:gd:story:classification:gcp_distribution:competitionId:285023:attempted_switches_of_play:rank_asc:page:10
367536,285023_43860,Baba Rahman,Ghana,DF,0,0,0,0,0,0,0,0,distribution,urn:gd:story:classification:gcp_distribution:competitionId:285023:attempted_switches_of_play:rank_asc:page:10,urn:gd:story:classification:gcp_distribution:competitionId:285023:attempted_switches_of_play:rank_asc:page:10
484698,285023_43879,Assane Diao,Senegal,FW,12,100,0,0,3,33,0,0,distribution,urn:gd:story:classification:gcp_distribution:competitionId:285023:attempted_switches_of_play:rank_asc:page:10,urn:gd:story:classification:gcp_distribution:competitionId:285023:attempted_switches_of_play:rank_asc:page:10
512039,285023_43888,Khalil Ayari,Tunisia,MF,0,0,0,0,0,0,0,0,distribution,urn:gd:story:classification:gcp_distribution:competitionId:285023:attempted_switches_of_play:rank_asc:page:10,urn:gd:story:classification:gcp_distribution:competitionId:285023:attempted_switches_of_play:rank_asc:page:10
463218,285023_43883,Khuliso Mudau,South Africa,DF,187,90,5,20,5,20,0,0,distribution,urn:gd:story:classification:gcp_distribution:competitionId:285023:attempted_switches_of_play:rank_asc:page:10,urn:gd:story:classification:gcp_distribution:competitionId:285023:attempted_switches_of_play:rank_asc:page:10
418781,285023_43879,Bamba Dieng,Senegal,FW,3,100,0,0,0,0,0,0,distribution,urn:gd:story:classification:gcp_distribution:competitionId:285023:attempted_switches_of_play:rank_asc:page:10,urn:gd:story:classification:gcp_distribution:competitionId:285023:attempted_switches_of_play:rank_asc:page:10
433461,285023_43855,Zizo,Egypt,FW,24,88,6,33,1,0,0,0,distribution,urn:gd:story:classification:gcp_distribution:competitionId:285023:attempted_switches_of_play:rank_asc:page:10,urn:gd:story:classification:gcp_distribution:competitionId:285023:attempted_switches_of_play:rank_asc:page:10
430834,285023_43854,Parfait Guiagon,Côte d'Ivoire,MF,0,0,0,0,0,0,0,0,distribution,urn:gd:story:classification:gcp_distribution:competitionId:285023:attempted_switches_of_play:rank_asc:page:10,urn:gd:story:classification:gcp_distribution:competitionId:285023:attempted_switches_of_play:rank_asc:page:10
448522,285023_43860,Alidu Seidu,Ghana,DF,27,93,1,0,0,0,0,0,distribution,urn:gd:story:classification:gcp_distribution:competitionId:285023:attempted_switches_of_play:rank_asc:page:10,urn:gd:story:classification:gcp_distribution:competitionId:285023:attempted_switches_of_play:rank_asc:page:10
477825,285023_43854,Odilon Kossounou,Côte d'Ivoire,DF,149,95,0,0,1,100,0,0,distribution,urn:gd:story:classification:gcp_distribution:competitionId:285023:attempted_switches_of_play:rank_asc:page:10,urn:gd:story:classification:gcp_distribution:competitionId:285023:attempted_switches_of_play:rank_asc:page:10
506277,285023_43860,Joseph Anang,Ghana,GK,0,0,0,0,0,0,0,0,distribution,urn:gd:story:classification:gcp_distribution:competitionId:285023:attempted_switches_of_play:rank_asc:page:10,urn:gd:story:classification:gcp_distribution:competitionId:285023:attempted_switches_of_play:rank_asc:page:10
370986,285023_43899,Jonathan Osorio,Canada,MF,9,67,0,0,0,0,0,0,distribution,urn:gd:story:classification:gcp_distribution:competitionId:285023:attempted_switches_of_play:rank_asc:page:10,urn:gd:story:classification:gcp_distribution:competitionId:285023:attempted_switches_of_play:rank_asc:page:10
448402,285023_43899,Joel Waterman,Canada,DF,0,0,0,0,0,0,0,0,distribution,urn:gd:story:classification:gcp_distribution:competitionId:285023:attempted_switches_of_play:rank_asc:page:10,urn:gd:story:classification:gcp_distribution:competitionId:285023:attempted_switches_of_play:rank_asc:page:10
520247,285023_43888,Rayan Elloumi,Tunisia,FW,0,0,0,0,0,0,0,0,distribution,urn:gd:story:classification:gcp_distribution:competitionId:285023:attempted_switches_of_play:rank_asc:page:10,urn:gd:story:classification:gcp_distribution:competitionId:285023:attempted_switches_of_play:rank_asc:page:10
494375,285023_43888,Firas Chaouat,Tunisia,FW,7,100,0,0,0,0,0,0,distribution,urn:gd:story:classification:gcp_distribution:competitionId:285023:attempted_switches_of_play:rank_asc:page:10,urn:gd:story:classification:gcp_distribution:competitionId:285023:attempted_switches_of_play:rank_asc:page:10
395860,285023_43855,Mahdy Soliman,Egypt,GK,0,0,0,0,0,0,0,0,distribution,urn:gd:story:classification:gcp_distribution:competitionId:285023:attempted_switches_of_play:rank_asc:page:10,urn:gd:story:classification:gcp_distribution:competitionId:285023:attempted_switches_of_play:rank_asc:page:10
424556,285023_43908,Carl Sainte,Haiti,MF,0,0,0,0,0,0,0,0,distribution,urn:gd:story:classification:gcp_distribution:competitionId:285023:attempted_switches_of_play:rank_asc:page:10,urn:gd:story:classification:gcp_distribution:competitionId:285023:attempted_switches_of_play:rank_asc:page:10
407022,285023_43855,Karim Hafez,Egypt,DF,63,87,1,0,1,100,0,0,distribution,urn:gd:story:classification:gcp_distribution:competitionId:285023:attempted_switches_of_play:rank_asc:page:10,urn:gd:story:classification:gcp_distribution:competitionId:285023:attempted_switches_of_play:rank_asc:page:10
466853,285023_43908,Josue Duverger,Haiti,GK,0,0,0,0,0,0,0,0,distribution,urn:gd:story:classification:gcp_distribution:competitionId:285023:attempted_switches_of_play:rank_asc:page:10,urn:gd:story:classification:gcp_distribution:competitionId:285023:attempted_switches_of_play:rank_asc:page:10
430671,285023_43879,Ismail Jakobs,Senegal,DF,117,91,19,21,9,78,0,0,distribution,urn:gd:story:classification:gcp_distribution:competitionId:285023:attempted_switches_of_play:rank_asc:page:10,urn:gd:story:classification:gcp_distribution:competitionId:285023:attempted_switches_of_play:rank_asc:page:10
344654,285023_43855,Mohamed Salah,Egypt,FW,112,80,16,19,9,44,0,0,distribution,urn:gd:story:classification:gcp_distribution:competitionId:285023:attempted_switches_of_play:rank_asc:page:10,urn:gd:story:classification:gcp_distribution:competitionId:285023:attempted_switches_of_play:rank_asc:page:10
494293,285023_43872,Chemsdine Talbi,Morocco,MF,35,86,7,14,1,100,0,0,distribution,urn:gd:story:classification:gcp_distribution:competitionId:285023:attempted_switches_of_play:rank_asc:page:10,urn:gd:story:classification:gcp_distribution:competitionId:285023:attempted_switches_of_play:rank_asc:page:10
482783,285023_43850,Wagner Pina,Cabo Verde,DF,38,79,3,33,2,0,0,0,distribution,urn:gd:story:classification:gcp_distribution:competitionId:285023:attempted_switches_of_play:rank_asc:page:11,urn:gd:story:classification:gcp_distribution:competitionId:285023:attempted_switches_of_play:rank_asc:page:11
463234,285023_43883,Thapelo Maseko,South Africa,FW,49,76,2,0,5,40,0,0,distribution,urn:gd:story:classification:gcp_distribution:competitionId:285023:attempted_switches_of_play:rank_asc:page:11,urn:gd:story:classification:gcp_distribution:competitionId:285023:attempted_switches_of_play:rank_asc:page:11
506124,285023_43855,Tarek Alaa,Egypt,DF,0,0,0,0,0,0,0,0,distribution,urn:gd:story:classification:gcp_distribution:competitionId:285023:attempted_switches_of_play:rank_asc:page:11,urn:gd:story:classification:gcp_distribution:competitionId:285023:attempted_switches_of_play:rank_asc:page:11
441362,285023_43888,Mortadha Ben Ouanes,Tunisia,DF,4,75,0,0,1,0,0,0,distribution,urn:gd:story:classification:gcp_distribution:competitionId:285023:attempted_switches_of_play:rank_asc:page:11,urn:gd:story:classification:gcp_distribution:competitionId:285023:attempted_switches_of_play:rank_asc:page:11
477777,285023_43854,Oumar Diakite,Côte d'Ivoire,FW,19,89,1,0,3,33,0,0,distribution,urn:gd:story:classification:gcp_distribution:competitionId:285023:attempted_switches_of_play:rank_asc:page:11,urn:gd:story:classification:gcp_distribution:competitionId:285023:attempted_switches_of_play:rank_asc:page:11
335807,285023_43854,Jean Michael Seri,Côte d'Ivoire,MF,17,94,3,0,2,50,0,0,distribution,urn:gd:story:classification:gcp_distribution:competitionId:285023:attempted_switches_of_play:rank_asc:page:11,urn:gd:story:classification:gcp_distribution:competitionId:285023:attempted_switches_of_play:rank_asc:page:11
412144,285023_43899,Alphonso Davies,Canada,DF,18,78,1,0,0,0,0,0,distribution,urn:gd:story:classification:gcp_distribution:competitionId:285023:attempted_switches_of_play:rank_asc:page:11,urn:gd:story:classification:gcp_distribution:competitionId:285023:attempted_switches_of_play:rank_asc:page:11
418795,285023_43879,Nicolas Jackson,Senegal,FW,45,80,1,0,4,50,0,0,distribution,urn:gd:story:classification:gcp_distribution:competitionId:285023:attempted_switches_of_play:rank_asc:page:11,urn:gd:story:classification:gcp_distribution:competitionId:285023:attempted_switches_of_play:rank_asc:page:11
390670,285023_43899,Cyle Larin,Canada,FW,23,87,0,0,1,0,0,0,distribution,urn:gd:story:classification:gcp_distribution:competitionId:285023:attempted_switches_of_play:rank_asc:page:11,urn:gd:story:classification:gcp_distribution:competitionId:285023:attempted_switches_of_play:rank_asc:page:11
433362,285023_43888,Ali Abdi,Tunisia,DF,74,69,5,0,5,60,0,0,distribution,urn:gd:story:classification:gcp_distribution:competitionId:285023:attempted_switches_of_play:rank_asc:page:11,urn:gd:story:classification:gcp_distribution:competitionId:285023:attempted_switches_of_play:rank_asc:page:11
419172,285023_43854,Evan Ndicka,Côte d'Ivoire,DF,0,0,0,0,0,0,0,0,distribution,urn:gd:story:classification:gcp_distribution:competitionId:285023:attempted_switches_of_play:rank_asc:page:11,urn:gd:story:classification:gcp_distribution:competitionId:285023:attempted_switches_of_play:rank_asc:page:11
433466,285023_43855,Nabil Donga,Egypt,MF,0,0,0,0,0,0,0,0,distribution,urn:gd:story:classification:gcp_distribution:competitionId:285023:attempted_switches_of_play:rank_asc:page:11,urn:gd:story:classification:gcp_distribution:competitionId:285023:attempted_switches_of_play:rank_asc:page:11
356956,285023_43872,Yassine Bounou,Morocco,GK,174,67,0,0,8,0,0,0,distribution,urn:gd:story:classification:gcp_distribution:competitionId:285023:attempted_switches_of_play:rank_asc:page:11,urn:gd:story:classification:gcp_distribution:competitionId:285023:attempted_switches_of_play:rank_asc:page:11
494349,285023_43860,Benjamin Asare,Ghana,GK,59,69,0,0,4,25,0,0,distribution,urn:gd:story:classification:gcp_distribution:competitionId:285023:attempted_switches_of_play:rank_asc:page:11,urn:gd:story:classification:gcp_distribution:competitionId:285023:attempted_switches_of_play:rank_asc:page:11
403083,285023_43872,Issa Diop,Morocco,DF,275,92,0,0,3,0,0,0,distribution,urn:gd:story:classification:gcp_distribution:competitionId:285023:attempted_switches_of_play:rank_asc:page:11,urn:gd:story:classification:gcp_distribution:competitionId:285023:attempted_switches_of_play:rank_asc:page:11
466835,285023_43908,Alexandre Pierre,Haiti,GK,0,0,0,0,0,0,0,0,distribution,urn:gd:story:classification:gcp_distribution:competitionId:285023:attempted_switches_of_play:rank_asc:page:11,urn:gd:story:classification:gcp_distribution:competitionId:285023:attempted_switches_of_play:rank_asc:page:11
481027,285023_43908,Louicius Deedson,Haiti,FW,15,87,5,20,5,60,0,0,distribution,urn:gd:story:classification:gcp_distribution:competitionId:285023:attempted_switches_of_play:rank_asc:page:11,urn:gd:story:classification:gcp_distribution:competitionId:285023:attempted_switches_of_play:rank_asc:page:11
419211,285023_43883,Lyle Foster,South Africa,FW,5,20,0,0,1,0,0,0,distribution,urn:gd:story:classification:gcp_distribution:competitionId:285023:attempted_switches_of_play:rank_asc:page:11,urn:gd:story:classification:gcp_distribution:competitionId:285023:attempted_switches_of_play:rank_asc:page:11
498439,285023_43908,Wilguens Paugain,Haiti,DF,0,0,0,0,0,0,0,0,distribution,urn:gd:story:classification:gcp_distribution:competitionId:285023:attempted_switches_of_play:rank_asc:page:11,urn:gd:story:classification:gcp_distribution:competitionId:285023:attempted_switches_of_play:rank_asc:page:11
411376,285023_43860,Inaki Williams,Ghana,FW,23,65,4,25,3,67,0,0,distribution,urn:gd:story:classification:gcp_distribution:competitionId:285023:attempted_switches_of_play:rank_asc:page:11,urn:gd:story:classification:gcp_distribution:competitionId:285023:attempted_switches_of_play:rank_asc:page:11
494246,285023_43883,Sipho Chaine,South Africa,GK,0,0,0,0,0,0,0,0,distribution,urn:gd:story:classification:gcp_distribution:competitionId:285023:attempted_switches_of_play:rank_asc:page:11,urn:gd:story:classification:gcp_distribution:competitionId:285023:attempted_switches_of_play:rank_asc:page:11
486213,285023_43860,Brandon Thomas Asante,Ghana,FW,6,50,2,50,0,0,0,0,distribution,urn:gd:story:classification:gcp_distribution:competitionId:285023:attempted_switches_of_play:rank_asc:page:11,urn:gd:story:classification:gcp_distribution:competitionId:285023:attempted_switches_of_play:rank_asc:page:11
506038,285023_43883,Kamogelo Sebelebele,South Africa,FW,5,80,1,0,0,0,0,0,distribution,urn:gd:story:classification:gcp_distribution:competitionId:285023:attempted_switches_of_play:rank_asc:page:11,urn:gd:story:classification:gcp_distribution:competitionId:285023:attempted_switches_of_play:rank_asc:page:11
520246,285023_43888,Raed Chikhaoui,Tunisia,DF,0,0,0,0,0,0,0,0,distribution,urn:gd:story:classification:gcp_distribution:competitionId:285023:attempted_switches_of_play:rank_asc:page:11,urn:gd:story:classification:gcp_distribution:competitionId:285023:attempted_switches_of_play:rank_asc:page:11
441258,285023_43899,Ismael Kone,Canada,MF,108,86,2,0,0,0,0,0,distribution,urn:gd:story:classification:gcp_distribution:competitionId:285023:attempted_switches_of_play:rank_asc:page:11,urn:gd:story:classification:gcp_distribution:competitionId:285023:attempted_switches_of_play:rank_asc:page:11
496358,285023_43879,Ibrahim Mbaye,Senegal,FW,67,94,8,13,9,44,0,0,distribution,urn:gd:story:classification:gcp_distribution:competitionId:285023:attempted_switches_of_play:rank_asc:page:11,urn:gd:story:classification:gcp_distribution:competitionId:285023:attempted_switches_of_play:rank_asc:page:11
486259,285023_43854,Mohamed Kone,Côte d'Ivoire,GK,0,0,0,0,0,0,0,0,distribution,urn:gd:story:classification:gcp_distribution:competitionId:285023:attempted_switches_of_play:rank_asc:page:11,urn:gd:story:classification:gcp_distribution:competitionId:285023:attempted_switches_of_play:rank_asc:page:11
405879,285023_43908,Wilson Isidor,Haiti,FW,21,86,0,0,1,100,0,0,distribution,urn:gd:story:classification:gcp_distribution:competitionId:285023:attempted_switches_of_play:rank_asc:page:11,urn:gd:story:classification:gcp_distribution:competitionId:285023:attempted_switches_of_play:rank_asc:page:11
477862,285023_43850,Gilson Benchimol,Cabo Verde,FW,11,82,0,0,2,0,0,0,distribution,urn:gd:story:classification:gcp_distribution:competitionId:285023:attempted_switches_of_play:rank_asc:page:11,urn:gd:story:classification:gcp_distribution:competitionId:285023:attempted_switches_of_play:rank_asc:page:11
485756,285023_43872,Zakaria El Ouahdi,Morocco,DF,0,0,0,0,0,0,0,0,distribution,urn:gd:story:classification:gcp_distribution:competitionId:285023:attempted_switches_of_play:rank_asc:page:11,urn:gd:story:classification:gcp_distribution:competitionId:285023:attempted_switches_of_play:rank_asc:page:11
481242,285023_43883,Iqraam Rayners,South Africa,FW,24,88,2,0,3,33,0,0,distribution,urn:gd:story:classification:gcp_distribution:competitionId:285023:attempted_switches_of_play:rank_asc:page:11,urn:gd:story:classification:gcp_distribution:competitionId:285023:attempted_switches_of_play:rank_asc:page:11
464865,285023_43879,El Hadji Malick Diouf,Senegal,DF,89,83,9,33,7,71,0,0,distribution,urn:gd:story:classification:gcp_distribution:competitionId:285023:attempted_switches_of_play:rank_asc:page:11,urn:gd:story:classification:gcp_distribution:competitionId:285023:attempted_switches_of_play:rank_asc:page:11
485664,285023_43908,Ruben Providence,Haiti,FW,48,88,7,29,3,67,0,0,distribution,urn:gd:story:classification:gcp_distribution:competitionId:285023:attempted_switches_of_play:rank_asc:page:11,urn:gd:story:classification:gcp_distribution:competitionId:285023:attempted_switches_of_play:rank_asc:page:11
424071,285023_43872,Anass Salah Eddine,Morocco,DF,124,92,3,0,1,100,0,0,distribution,urn:gd:story:classification:gcp_distribution:competitionId:285023:attempted_switches_of_play:rank_asc:page:11,urn:gd:story:classification:gcp_distribution:competitionId:285023:attempted_switches_of_play:rank_asc:page:11
523173,285023_43860,Augustine Boakye,Ghana,MF,0,0,0,0,0,0,0,0,distribution,urn:gd:story:classification:gcp_distribution:competitionId:285023:attempted_switches_of_play:rank_asc:page:11,urn:gd:story:classification:gcp_distribution:competitionId:285023:attempted_switches_of_play:rank_asc:page:11
431693,285023_43908,Frantzdy Pierrot,Haiti,FW,17,76,0,0,0,0,0,0,distribution,urn:gd:story:classification:gcp_distribution:competitionId:285023:attempted_switches_of_play:rank_asc:page:11,urn:gd:story:classification:gcp_distribution:competitionId:285023:attempted_switches_of_play:rank_asc:page:11
494374,285023_43888,Hazem Mastouri,Tunisia,FW,10,70,1,100,0,0,0,0,distribution,urn:gd:story:classification:gcp_distribution:competitionId:285023:attempted_switches_of_play:rank_asc:page:11,urn:gd:story:classification:gcp_distribution:competitionId:285023:attempted_switches_of_play:rank_asc:page:11
397775,285023_43908,Carlens Arcus,Haiti,DF,61,89,2,50,1,0,0,0,distribution,urn:gd:story:classification:gcp_distribution:competitionId:285023:attempted_switches_of_play:rank_asc:page:11,urn:gd:story:classification:gcp_distribution:competitionId:285023:attempted_switches_of_play:rank_asc:page:11
430477,285023_43855,Ahmed Fatouh,Egypt,DF,182,90,7,14,11,64,0,0,distribution,urn:gd:story:classification:gcp_distribution:competitionId:285023:attempted_switches_of_play:rank_asc:page:11,urn:gd:story:classification:gcp_distribution:competitionId:285023:attempted_switches_of_play:rank_asc:page:11
336459,285023_43888,Rani Khedira,Tunisia,MF,30,83,1,0,2,50,0,0,distribution,urn:gd:story:classification:gcp_distribution:competitionId:285023:attempted_switches_of_play:rank_asc:page:11,urn:gd:story:classification:gcp_distribution:competitionId:285023:attempted_switches_of_play:rank_asc:page:11
495488,285023_43855,Hamza Abdelkarim,Egypt,FW,10,70,1,0,2,0,0,0,distribution,urn:gd:story:classification:gcp_distribution:competitionId:285023:attempted_switches_of_play:rank_asc:page:11,urn:gd:story:classification:gcp_distribution:competitionId:285023:attempted_switches_of_play:rank_asc:page:11
486268,285023_43854,Emmanuel Agbadou,Côte d'Ivoire,DF,154,92,0,0,1,0,0,0,distribution,urn:gd:story:classification:gcp_distribution:competitionId:285023:attempted_switches_of_play:rank_asc:page:11,urn:gd:story:classification:gcp_distribution:competitionId:285023:attempted_switches_of_play:rank_asc:page:11
511022,285023_43860,Kojo Peprah Oppong,Ghana,DF,22,95,0,0,0,0,0,0,distribution,urn:gd:story:classification:gcp_distribution:competitionId:285023:attempted_switches_of_play:rank_asc:page:11,urn:gd:story:classification:gcp_distribution:competitionId:285023:attempted_switches_of_play:rank_asc:page:11
448662,285023_43888,Elias Achouri,Tunisia,FW,8,88,0,0,0,0,0,0,distribution,urn:gd:story:classification:gcp_distribution:competitionId:285023:attempted_switches_of_play:rank_asc:page:11,urn:gd:story:classification:gcp_distribution:competitionId:285023:attempted_switches_of_play:rank_asc:page:11
430854,285023_43854,Wilfried Singo,Côte d'Ivoire,DF,92,86,1,0,0,0,0,0,distribution,urn:gd:story:classification:gcp_distribution:competitionId:285023:attempted_switches_of_play:rank_asc:page:11,urn:gd:story:classification:gcp_distribution:competitionId:285023:attempted_switches_of_play:rank_asc:page:11
464133,285023_43854,Elye Wahi,Côte d'Ivoire,FW,21,71,1,0,3,33,0,0,distribution,urn:gd:story:classification:gcp_distribution:competitionId:285023:attempted_switches_of_play:rank_asc:page:11,urn:gd:story:classification:gcp_distribution:competitionId:285023:attempted_switches_of_play:rank_asc:page:11
423933,285023_43899,Jayden Nelson,Canada,FW,8,75,0,0,0,0,0,0,distribution,urn:gd:story:classification:gcp_distribution:competitionId:285023:attempted_switches_of_play:rank_asc:page:11,urn:gd:story:classification:gcp_distribution:competitionId:285023:attempted_switches_of_play:rank_asc:page:11
466862,285023_43908,Garven Metusala,Haiti,DF,0,0,0,0,0,0,0,0,distribution,urn:gd:story:classification:gcp_distribution:competitionId:285023:attempted_switches_of_play:rank_asc:page:11,urn:gd:story:classification:gcp_distribution:competitionId:285023:attempted_switches_of_play:rank_asc:page:11
386473,285023_43860,Lawrence Ati Zigi,Ghana,GK,52,75,0,0,2,0,0,0,distribution,urn:gd:story:classification:gcp_distribution:competitionId:285023:attempted_switches_of_play:rank_asc:page:11,urn:gd:story:classification:gcp_distribution:competitionId:285023:attempted_switches_of_play:rank_asc:page:11
430465,285023_43855,Ibrahim Adel,Egypt,FW,6,67,0,0,2,100,0,0,distribution,urn:gd:story:classification:gcp_distribution:competitionId:285023:attempted_switches_of_play:rank_asc:page:11,urn:gd:story:classification:gcp_distribution:competitionId:285023:attempted_switches_of_play:rank_asc:page:11
295922,285023_43908,Johny Placide,Haiti,GK,105,64,0,0,2,0,0,0,distribution,urn:gd:story:classification:gcp_distribution:competitionId:285023:attempted_switches_of_play:rank_asc:page:12,urn:gd:story:classification:gcp_distribution:competitionId:285023:attempted_switches_of_play:rank_asc:page:12
448411,285023_43899,Jacob Shaffelburg,Canada,MF,41,90,19,16,6,50,0,0,distribution,urn:gd:story:classification:gcp_distribution:competitionId:285023:attempted_switches_of_play:rank_asc:page:12,urn:gd:story:classification:gcp_distribution:competitionId:285023:attempted_switches_of_play:rank_asc:page:12
433426,285023_43872,Soufiane Rahimi,Morocco,FW,32,75,5,40,4,25,0,0,distribution,urn:gd:story:classification:gcp_distribution:competitionId:285023:attempted_switches_of_play:rank_asc:page:12,urn:gd:story:classification:gcp_distribution:competitionId:285023:attempted_switches_of_play:rank_asc:page:12
370171,285023_43879,Abdoulaye Seck,Senegal,DF,30,87,0,0,1,0,0,0,distribution,urn:gd:story:classification:gcp_distribution:competitionId:285023:attempted_switches_of_play:rank_asc:page:12,urn:gd:story:classification:gcp_distribution:competitionId:285023:attempted_switches_of_play:rank_asc:page:12
512079,285023_43855,Mohamed Alaa,Egypt,GK,0,0,0,0,0,0,0,0,distribution,urn:gd:story:classification:gcp_distribution:competitionId:285023:attempted_switches_of_play:rank_asc:page:12,urn:gd:story:classification:gcp_distribution:competitionId:285023:attempted_switches_of_play:rank_asc:page:12
520245,285023_43888,Mouhib Chamakh,Tunisia,GK,23,70,0,0,0,0,0,0,distribution,urn:gd:story:classification:gcp_distribution:competitionId:285023:attempted_switches_of_play:rank_asc:page:12,urn:gd:story:classification:gcp_distribution:competitionId:285023:attempted_switches_of_play:rank_asc:page:12
506279,285023_43860,Caleb Yirenkyi,Ghana,MF,70,89,1,0,4,25,0,0,distribution,urn:gd:story:classification:gcp_distribution:competitionId:285023:attempted_switches_of_play:rank_asc:page:12,urn:gd:story:classification:gcp_distribution:competitionId:285023:attempted_switches_of_play:rank_asc:page:12
504502,285023_43888,Sebastian Tounekti,Tunisia,MF,18,89,3,0,1,0,0,0,distribution,urn:gd:story:classification:gcp_distribution:competitionId:285023:attempted_switches_of_play:rank_asc:page:12,urn:gd:story:classification:gcp_distribution:competitionId:285023:attempted_switches_of_play:rank_asc:page:12
371553,285023_43872,Ahmed Reda Tagnaouti,Morocco,GK,0,0,0,0,0,0,0,0,distribution,urn:gd:story:classification:gcp_distribution:competitionId:285023:attempted_switches_of_play:rank_asc:page:12,urn:gd:story:classification:gcp_distribution:competitionId:285023:attempted_switches_of_play:rank_asc:page:12
494277,285023_43879,Yehvann Diouf,Senegal,GK,0,0,0,0,0,0,0,0,distribution,urn:gd:story:classification:gcp_distribution:competitionId:285023:attempted_switches_of_play:rank_asc:page:12,urn:gd:story:classification:gcp_distribution:competitionId:285023:attempted_switches_of_play:rank_asc:page:12
441255,285023_43899,Dayne St Clair,Canada,GK,0,0,0,0,0,0,0,0,distribution,urn:gd:story:classification:gcp_distribution:competitionId:285023:attempted_switches_of_play:rank_asc:page:12,urn:gd:story:classification:gcp_distribution:competitionId:285023:attempted_switches_of_play:rank_asc:page:12
448815,285023_43879,Iliman Ndiaye,Senegal,FW,59,90,2,0,4,50,0,0,distribution,urn:gd:story:classification:gcp_distribution:competitionId:285023:attempted_switches_of_play:rank_asc:page:12,urn:gd:story:classification:gcp_distribution:competitionId:285023:attempted_switches_of_play:rank_asc:page:12
499800,285023_43879,Mamadou Sarr,Senegal,DF,0,0,0,0,0,0,0,0,distribution,urn:gd:story:classification:gcp_distribution:competitionId:285023:attempted_switches_of_play:rank_asc:page:12,urn:gd:story:classification:gcp_distribution:competitionId:285023:attempted_switches_of_play:rank_asc:page:12
408948,285023_43855,Mohamed Elshenawy,Egypt,GK,0,0,0,0,0,0,0,0,distribution,urn:gd:story:classification:gcp_distribution:competitionId:285023:attempted_switches_of_play:rank_asc:page:12,urn:gd:story:classification:gcp_distribution:competitionId:285023:attempted_switches_of_play:rank_asc:page:12
477855,285023_43850,Joao Paulo,Cabo Verde,MF,62,84,5,0,6,67,0,0,distribution,urn:gd:story:classification:gcp_distribution:competitionId:285023:attempted_switches_of_play:rank_asc:page:12,urn:gd:story:classification:gcp_distribution:competitionId:285023:attempted_switches_of_play:rank_asc:page:12
486260,285023_43854,Christopher Operi,Côte d'Ivoire,DF,78,90,1,0,3,33,0,0,distribution,urn:gd:story:classification:gcp_distribution:competitionId:285023:attempted_switches_of_play:rank_asc:page:12,urn:gd:story:classification:gcp_distribution:competitionId:285023:attempted_switches_of_play:rank_asc:page:12
416906,285023_43855,Mostafa Shoubir,Egypt,GK,116,78,0,0,3,0,0,0,distribution,urn:gd:story:classification:gcp_distribution:competitionId:285023:attempted_switches_of_play:rank_asc:page:12,urn:gd:story:classification:gcp_distribution:competitionId:285023:attempted_switches_of_play:rank_asc:page:12
504200,285023_43883,Samukele Kabini,South Africa,DF,0,0,0,0,0,0,0,0,distribution,urn:gd:story:classification:gcp_distribution:competitionId:285023:attempted_switches_of_play:rank_asc:page:12,urn:gd:story:classification:gcp_distribution:competitionId:285023:attempted_switches_of_play:rank_asc:page:12
411680,285023_43872,Noussair Mazraoui,Morocco,DF,222,90,4,0,5,40,0,0,distribution,urn:gd:story:classification:gcp_distribution:competitionId:285023:attempted_switches_of_play:rank_asc:page:12,urn:gd:story:classification:gcp_distribution:competitionId:285023:attempted_switches_of_play:rank_asc:page:12
464484,285023_43888,Ismael Gharbi,Tunisia,MF,36,97,1,0,0,0,0,0,distribution,urn:gd:story:classification:gcp_distribution:competitionId:285023:attempted_switches_of_play:rank_asc:page:12,urn:gd:story:classification:gcp_distribution:competitionId:285023:attempted_switches_of_play:rank_asc:page:12
405175,285023_43854,Seko Fofana,Côte d'Ivoire,MF,45,84,0,0,2,0,0,0,distribution,urn:gd:story:classification:gcp_distribution:competitionId:285023:attempted_switches_of_play:rank_asc:page:12,urn:gd:story:classification:gcp_distribution:competitionId:285023:attempted_switches_of_play:rank_asc:page:12
477802,285023_43854,Ousmane Diomande,Côte d'Ivoire,DF,74,97,0,0,0,0,0,0,distribution,urn:gd:story:classification:gcp_distribution:competitionId:285023:attempted_switches_of_play:rank_asc:page:12,urn:gd:story:classification:gcp_distribution:competitionId:285023:attempted_switches_of_play:rank_asc:page:12
477778,285023_43854,Simon Adingra,Côte d'Ivoire,FW,10,90,1,100,0,0,0,0,distribution,urn:gd:story:classification:gcp_distribution:competitionId:285023:attempted_switches_of_play:rank_asc:page:12,urn:gd:story:classification:gcp_distribution:competitionId:285023:attempted_switches_of_play:rank_asc:page:12
395059,285023_43883,Ricardo Goss,South Africa,GK,0,0,0,0,0,0,0,0,distribution,urn:gd:story:classification:gcp_distribution:competitionId:285023:attempted_switches_of_play:rank_asc:page:12,urn:gd:story:classification:gcp_distribution:competitionId:285023:attempted_switches_of_play:rank_asc:page:12
486130,285023_43879,Habib Diarra,Senegal,MF,54,96,1,0,2,50,0,0,distribution,urn:gd:story:classification:gcp_distribution:competitionId:285023:attempted_switches_of_play:rank_asc:page:12,urn:gd:story:classification:gcp_distribution:competitionId:285023:attempted_switches_of_play:rank_asc:page:12
477856,285023_43850,Jovane Cabral,Cabo Verde,MF,34,79,1,0,2,50,0,0,distribution,urn:gd:story:classification:gcp_distribution:competitionId:285023:attempted_switches_of_play:rank_asc:page:12,urn:gd:story:classification:gcp_distribution:competitionId:285023:attempted_switches_of_play:rank_asc:page:12
395755,285023_43872,Munir El Kajoui,Morocco,GK,0,0,0,0,0,0,0,0,distribution,urn:gd:story:classification:gcp_distribution:competitionId:285023:attempted_switches_of_play:rank_asc:page:12,urn:gd:story:classification:gcp_distribution:competitionId:285023:attempted_switches_of_play:rank_asc:page:12
480966,285023_43850,Laros Duarte,Cabo Verde,MF,41,80,2,100,2,50,0,0,distribution,urn:gd:story:classification:gcp_distribution:competitionId:285023:attempted_switches_of_play:rank_asc:page:12,urn:gd:story:classification:gcp_distribution:competitionId:285023:attempted_switches_of_play:rank_asc:page:12
485409,285023_43908,Woodensky Pierre,Haiti,MF,0,0,0,0,0,0,0,0,distribution,urn:gd:story:classification:gcp_distribution:competitionId:285023:attempted_switches_of_play:rank_asc:page:12,urn:gd:story:classification:gcp_distribution:competitionId:285023:attempted_switches_of_play:rank_asc:page:12
402261,285023_43854,Nicolas Pepe,Côte d'Ivoire,FW,109,85,10,30,10,60,0,0,distribution,urn:gd:story:classification:gcp_distribution:competitionId:285023:attempted_switches_of_play:rank_asc:page:12,urn:gd:story:classification:gcp_distribution:competitionId:285023:attempted_switches_of_play:rank_asc:page:12
504193,285023_43883,Tshepang Moremi,South Africa,FW,9,67,0,0,0,0,0,0,distribution,urn:gd:story:classification:gcp_distribution:competitionId:285023:attempted_switches_of_play:rank_asc:page:12,urn:gd:story:classification:gcp_distribution:competitionId:285023:attempted_switches_of_play:rank_asc:page:12
401889,285023_43879,Ismaila Sarr,Senegal,FW,73,78,2,0,10,50,0,0,distribution,urn:gd:story:classification:gcp_distribution:competitionId:285023:attempted_switches_of_play:rank_asc:page:12,urn:gd:story:classification:gcp_distribution:competitionId:285023:attempted_switches_of_play:rank_asc:page:12
405873,285023_43854,Yahia Fofana,Côte d'Ivoire,GK,114,65,0,0,1,100,0,0,distribution,urn:gd:story:classification:gcp_distribution:competitionId:285023:attempted_switches_of_play:rank_asc:page:12,urn:gd:story:classification:gcp_distribution:competitionId:285023:attempted_switches_of_play:rank_asc:page:12
430917,285023_43883,Evidence Makgopa,South Africa,FW,29,69,0,0,1,100,0,0,distribution,urn:gd:story:classification:gcp_distribution:competitionId:285023:attempted_switches_of_play:rank_asc:page:12,urn:gd:story:classification:gcp_distribution:competitionId:285023:attempted_switches_of_play:rank_asc:page:12
448531,285023_43860,Antoine Semenyo,Ghana,MF,68,76,5,0,5,60,0,0,distribution,urn:gd:story:classification:gcp_distribution:competitionId:285023:attempted_switches_of_play:rank_asc:page:12,urn:gd:story:classification:gcp_distribution:competitionId:285023:attempted_switches_of_play:rank_asc:page:12
430740,285023_43872,Brahim Diaz,Morocco,FW,140,90,5,60,10,50,0,0,distribution,urn:gd:story:classification:gcp_distribution:competitionId:285023:attempted_switches_of_play:rank_asc:page:12,urn:gd:story:classification:gcp_distribution:competitionId:285023:attempted_switches_of_play:rank_asc:page:12
419225,285023_43883,Bradley Cross,South Africa,DF,0,0,0,0,0,0,0,0,distribution,urn:gd:story:classification:gcp_distribution:competitionId:285023:attempted_switches_of_play:rank_asc:page:12,urn:gd:story:classification:gcp_distribution:competitionId:285023:attempted_switches_of_play:rank_asc:page:12
494350,285023_43860,Christopher Bonsu Baah,Ghana,FW,0,0,0,0,0,0,0,0,distribution,urn:gd:story:classification:gcp_distribution:competitionId:285023:attempted_switches_of_play:rank_asc:page:12,urn:gd:story:classification:gcp_distribution:competitionId:285023:attempted_switches_of_play:rank_asc:page:12
502245,285023_43883,Olwethu Makhanya,South Africa,DF,0,0,0,0,0,0,0,0,distribution,urn:gd:story:classification:gcp_distribution:competitionId:285023:attempted_switches_of_play:rank_asc:page:12,urn:gd:story:classification:gcp_distribution:competitionId:285023:attempted_switches_of_play:rank_asc:page:12
441341,285023_43860,Elisha Owusu,Ghana,MF,58,86,4,25,1,0,0,0,distribution,urn:gd:story:classification:gcp_distribution:competitionId:285023:attempted_switches_of_play:rank_asc:page:12,urn:gd:story:classification:gcp_distribution:competitionId:285023:attempted_switches_of_play:rank_asc:page:12
514401,285023_43860,Prince Adu,Ghana,FW,5,80,0,0,0,0,0,0,distribution,urn:gd:story:classification:gcp_distribution:competitionId:285023:attempted_switches_of_play:rank_asc:page:12,urn:gd:story:classification:gcp_distribution:competitionId:285023:attempted_switches_of_play:rank_asc:page:12
523354,285023_43879,Bara Sapoko Ndiaye,Senegal,MF,10,90,1,100,0,0,0,0,distribution,urn:gd:story:classification:gcp_distribution:competitionId:285023:attempted_switches_of_play:rank_asc:page:12,urn:gd:story:classification:gcp_distribution:competitionId:285023:attempted_switches_of_play:rank_asc:page:12
483182,285023_43855,Hossam Abdelmaguid,Egypt,DF,32,88,0,0,0,0,0,0,distribution,urn:gd:story:classification:gcp_distribution:competitionId:285023:attempted_switches_of_play:rank_asc:page:12,urn:gd:story:classification:gcp_distribution:competitionId:285023:attempted_switches_of_play:rank_asc:page:12
520218,285023_43819,Kento Shiogai,Japan,FW,1,100,0,0,0,0,0,0,distribution,urn:gd:story:classification:gcp_distribution:competitionId:285023:attempted_switches_of_play:rank_asc:page:12,urn:gd:story:classification:gcp_distribution:competitionId:285023:attempted_switches_of_play:rank_asc:page:12
494429,285023_43817,Danial Iri,IR Iran,DF,0,0,0,0,0,0,0,0,distribution,urn:gd:story:classification:gcp_distribution:competitionId:285023:attempted_switches_of_play:rank_asc:page:12,urn:gd:story:classification:gcp_distribution:competitionId:285023:attempted_switches_of_play:rank_asc:page:12
448585,285023_43822,Yang Hyunjun,Korea Republic,MF,13,69,0,0,0,0,0,0,distribution,urn:gd:story:classification:gcp_distribution:competitionId:285023:attempted_switches_of_play:rank_asc:page:12,urn:gd:story:classification:gcp_distribution:competitionId:285023:attempted_switches_of_play:rank_asc:page:12
477853,285023_20014,Gedeon Kalulu,Congo DR,DF,6,83,0,0,1,0,0,0,distribution,urn:gd:story:classification:gcp_distribution:competitionId:285023:attempted_switches_of_play:rank_asc:page:12,urn:gd:story:classification:gcp_distribution:competitionId:285023:attempted_switches_of_play:rank_asc:page:12
390541,285023_43819,Shogo Taniguchi,Japan,DF,127,96,1,0,1,0,0,0,distribution,urn:gd:story:classification:gcp_distribution:competitionId:285023:attempted_switches_of_play:rank_asc:page:12,urn:gd:story:classification:gcp_distribution:competitionId:285023:attempted_switches_of_play:rank_asc:page:12
498514,285023_43820,Ali Azaizeh,Jordan,FW,13,92,1,0,0,0,0,0,distribution,urn:gd:story:classification:gcp_distribution:competitionId:285023:attempted_switches_of_play:rank_asc:page:12,urn:gd:story:classification:gcp_distribution:competitionId:285023:attempted_switches_of_play:rank_asc:page:12
429063,285023_43834,Edmilson Junior,Qatar,FW,41,80,4,25,7,43,0,0,distribution,urn:gd:story:classification:gcp_distribution:competitionId:285023:attempted_switches_of_play:rank_asc:page:12,urn:gd:story:classification:gcp_distribution:competitionId:285023:attempted_switches_of_play:rank_asc:page:12
523333,285023_43835,Ala Alhajji,Saudi Arabia,MF,17,94,0,0,0,0,0,0,distribution,urn:gd:story:classification:gcp_distribution:competitionId:285023:attempted_switches_of_play:rank_asc:page:13,urn:gd:story:classification:gcp_distribution:competitionId:285023:attempted_switches_of_play:rank_asc:page:13
448505,285023_43817,Saleh Hardani,IR Iran,DF,29,72,1,0,0,0,0,0,distribution,urn:gd:story:classification:gcp_distribution:competitionId:285023:attempted_switches_of_play:rank_asc:page:13,urn:gd:story:classification:gcp_distribution:competitionId:285023:attempted_switches_of_play:rank_asc:page:13
483127,285023_43820,Nour Baniateyah,Jordan,GK,0,0,0,0,0,0,0,0,distribution,urn:gd:story:classification:gcp_distribution:competitionId:285023:attempted_switches_of_play:rank_asc:page:13,urn:gd:story:classification:gcp_distribution:competitionId:285023:attempted_switches_of_play:rank_asc:page:13
431209,285023_43820,Ibrahim Sadeh,Jordan,MF,0,0,0,0,0,0,0,0,distribution,urn:gd:story:classification:gcp_distribution:competitionId:285023:attempted_switches_of_play:rank_asc:page:13,urn:gd:story:classification:gcp_distribution:competitionId:285023:attempted_switches_of_play:rank_asc:page:13
519837,285023_43817,Dennis Dargahi,IR Iran,FW,0,0,0,0,0,0,0,0,distribution,urn:gd:story:classification:gcp_distribution:competitionId:285023:attempted_switches_of_play:rank_asc:page:13,urn:gd:story:classification:gcp_distribution:competitionId:285023:attempted_switches_of_play:rank_asc:page:13
433526,285023_43820,Mohammad Abuhasheesh,Jordan,DF,3,100,0,0,0,0,0,0,distribution,urn:gd:story:classification:gcp_distribution:competitionId:285023:attempted_switches_of_play:rank_asc:page:13,urn:gd:story:classification:gcp_distribution:competitionId:285023:attempted_switches_of_play:rank_asc:page:13
433074,285023_43818,Amir Alammari,Iraq,MF,125,79,7,43,7,57,0,0,distribution,urn:gd:story:classification:gcp_distribution:competitionId:285023:attempted_switches_of_play:rank_asc:page:13,urn:gd:story:classification:gcp_distribution:competitionId:285023:attempted_switches_of_play:rank_asc:page:13
379886,285023_43817,Alireza Jahanbakhsh,IR Iran,MF,11,64,2,50,1,100,0,0,distribution,urn:gd:story:classification:gcp_distribution:competitionId:285023:attempted_switches_of_play:rank_asc:page:13,urn:gd:story:classification:gcp_distribution:competitionId:285023:attempted_switches_of_play:rank_asc:page:13
345059,285023_43834,Abdulaziz Hatem,Qatar,MF,32,81,0,0,2,50,0,0,distribution,urn:gd:story:classification:gcp_distribution:competitionId:285023:attempted_switches_of_play:rank_asc:page:13,urn:gd:story:classification:gcp_distribution:competitionId:285023:attempted_switches_of_play:rank_asc:page:13
426357,285023_20014,Aaron Wan Bissaka,Congo DR,DF,137,80,7,29,5,60,0,0,distribution,urn:gd:story:classification:gcp_distribution:competitionId:285023:attempted_switches_of_play:rank_asc:page:13,urn:gd:story:classification:gcp_distribution:competitionId:285023:attempted_switches_of_play:rank_asc:page:13
402820,285023_43822,Song Bumkeun,Korea Republic,GK,0,0,0,0,0,0,0,0,distribution,urn:gd:story:classification:gcp_distribution:competitionId:285023:attempted_switches_of_play:rank_asc:page:13,urn:gd:story:classification:gcp_distribution:competitionId:285023:attempted_switches_of_play:rank_asc:page:13
489550,285023_43820,Husam Abudahab,Jordan,DF,58,74,0,0,1,100,0,0,distribution,urn:gd:story:classification:gcp_distribution:competitionId:285023:attempted_switches_of_play:rank_asc:page:13,urn:gd:story:classification:gcp_distribution:competitionId:285023:attempted_switches_of_play:rank_asc:page:13
494458,285023_20014,Ngalayel Mukau,Congo DR,MF,69,87,0,0,1,100,0,0,distribution,urn:gd:story:classification:gcp_distribution:competitionId:285023:attempted_switches_of_play:rank_asc:page:13,urn:gd:story:classification:gcp_distribution:competitionId:285023:attempted_switches_of_play:rank_asc:page:13
448586,285023_43822,Oh Hyeongyu,Korea Republic,FW,22,68,1,0,2,50,0,0,distribution,urn:gd:story:classification:gcp_distribution:competitionId:285023:attempted_switches_of_play:rank_asc:page:13,urn:gd:story:classification:gcp_distribution:competitionId:285023:attempted_switches_of_play:rank_asc:page:13
416056,285023_43834,Meshaal Barsham,Qatar,GK,0,0,0,0,0,0,0,0,distribution,urn:gd:story:classification:gcp_distribution:competitionId:285023:attempted_switches_of_play:rank_asc:page:13,urn:gd:story:classification:gcp_distribution:competitionId:285023:attempted_switches_of_play:rank_asc:page:13
512791,285023_43834,Issa Laye,Qatar,DF,90,94,0,0,1,0,0,0,distribution,urn:gd:story:classification:gcp_distribution:competitionId:285023:attempted_switches_of_play:rank_asc:page:13,urn:gd:story:classification:gcp_distribution:competitionId:285023:attempted_switches_of_play:rank_asc:page:13
436538,285023_43835,Ziyad Aljohani,Saudi Arabia,MF,0,0,0,0,0,0,0,0,distribution,urn:gd:story:classification:gcp_distribution:competitionId:285023:attempted_switches_of_play:rank_asc:page:13,urn:gd:story:classification:gcp_distribution:competitionId:285023:attempted_switches_of_play:rank_asc:page:13
433571,285023_43818,Ahmed Basil,Iraq,GK,71,59,0,0,3,0,0,0,distribution,urn:gd:story:classification:gcp_distribution:competitionId:285023:attempted_switches_of_play:rank_asc:page:13,urn:gd:story:classification:gcp_distribution:competitionId:285023:attempted_switches_of_play:rank_asc:page:13
436537,285023_43835,Musab Aljuwayr,Saudi Arabia,MF,79,81,7,43,7,43,0,0,distribution,urn:gd:story:classification:gcp_distribution:competitionId:285023:attempted_switches_of_play:rank_asc:page:13,urn:gd:story:classification:gcp_distribution:competitionId:285023:attempted_switches_of_play:rank_asc:page:13
436628,285023_43818,Ali Alhamadi,Iraq,FW,35,74,0,0,0,0,0,0,distribution,urn:gd:story:classification:gcp_distribution:competitionId:285023:attempted_switches_of_play:rank_asc:page:13,urn:gd:story:classification:gcp_distribution:competitionId:285023:attempted_switches_of_play:rank_asc:page:13
424119,285023_20014,Nathanael Mbuku,Congo DR,MF,45,78,14,21,6,83,0,0,distribution,urn:gd:story:classification:gcp_distribution:competitionId:285023:attempted_switches_of_play:rank_asc:page:13,urn:gd:story:classification:gcp_distribution:competitionId:285023:attempted_switches_of_play:rank_asc:page:13
419326,285023_43835,Ali Majrashi,Saudi Arabia,DF,0,0,0,0,0,0,0,0,distribution,urn:gd:story:classification:gcp_distribution:competitionId:285023:attempted_switches_of_play:rank_asc:page:13,urn:gd:story:classification:gcp_distribution:competitionId:285023:attempted_switches_of_play:rank_asc:page:13
448580,285023_43822,Kim Moonhwan,Korea Republic,DF,25,88,0,0,0,0,0,0,distribution,urn:gd:story:classification:gcp_distribution:competitionId:285023:attempted_switches_of_play:rank_asc:page:13,urn:gd:story:classification:gcp_distribution:competitionId:285023:attempted_switches_of_play:rank_asc:page:13
416989,285023_43817,Ali Alipour,IR Iran,FW,8,50,0,0,1,100,0,0,distribution,urn:gd:story:classification:gcp_distribution:competitionId:285023:attempted_switches_of_play:rank_asc:page:13,urn:gd:story:classification:gcp_distribution:competitionId:285023:attempted_switches_of_play:rank_asc:page:13
336439,285023_20014,Gael Kakuta,Congo DR,FW,0,0,0,0,0,0,0,0,distribution,urn:gd:story:classification:gcp_distribution:competitionId:285023:attempted_switches_of_play:rank_asc:page:13,urn:gd:story:classification:gcp_distribution:competitionId:285023:attempted_switches_of_play:rank_asc:page:13
400514,285023_43819,Ao Tanaka,Japan,MF,160,91,0,0,1,0,0,0,distribution,urn:gd:story:classification:gcp_distribution:competitionId:285023:attempted_switches_of_play:rank_asc:page:13,urn:gd:story:classification:gcp_distribution:competitionId:285023:attempted_switches_of_play:rank_asc:page:13
433600,285023_43843,Mohamed Amine Tougai,Algeria,DF,0,0,0,0,0,0,0,0,distribution,urn:gd:story:classification:gcp_distribution:competitionId:285023:attempted_switches_of_play:rank_asc:page:13,urn:gd:story:classification:gcp_distribution:competitionId:285023:attempted_switches_of_play:rank_asc:page:13
430413,285023_43819,Ayase Ueda,Japan,FW,35,74,1,0,4,50,0,0,distribution,urn:gd:story:classification:gcp_distribution:competitionId:285023:attempted_switches_of_play:rank_asc:page:13,urn:gd:story:classification:gcp_distribution:competitionId:285023:attempted_switches_of_play:rank_asc:page:13
403335,285023_43835,Hassan Altambakti,Saudi Arabia,DF,87,82,0,0,2,0,0,0,distribution,urn:gd:story:classification:gcp_distribution:competitionId:285023:attempted_switches_of_play:rank_asc:page:13,urn:gd:story:classification:gcp_distribution:competitionId:285023:attempted_switches_of_play:rank_asc:page:13
356673,285023_43834,Lucas Mendes,Qatar,DF,0,0,0,0,0,0,0,0,distribution,urn:gd:story:classification:gcp_distribution:competitionId:285023:attempted_switches_of_play:rank_asc:page:13,urn:gd:story:classification:gcp_distribution:competitionId:285023:attempted_switches_of_play:rank_asc:page:13
431858,285023_43843,Rayan Ait Nouri,Algeria,DF,211,90,9,0,7,57,0,0,distribution,urn:gd:story:classification:gcp_distribution:competitionId:285023:attempted_switches_of_play:rank_asc:page:13,urn:gd:story:classification:gcp_distribution:competitionId:285023:attempted_switches_of_play:rank_asc:page:13
493983,285023_43818,Aimar Sher,Iraq,MF,22,91,1,0,0,0,0,0,distribution,urn:gd:story:classification:gcp_distribution:competitionId:285023:attempted_switches_of_play:rank_asc:page:13,urn:gd:story:classification:gcp_distribution:competitionId:285023:attempted_switches_of_play:rank_asc:page:13
512127,285023_43843,Achref Abada,Algeria,DF,0,0,0,0,0,0,0,0,distribution,urn:gd:story:classification:gcp_distribution:competitionId:285023:attempted_switches_of_play:rank_asc:page:13,urn:gd:story:classification:gcp_distribution:competitionId:285023:attempted_switches_of_play:rank_asc:page:13
477817,285023_43843,Oussama Benbot,Algeria,GK,25,72,0,0,1,0,0,0,distribution,urn:gd:story:classification:gcp_distribution:competitionId:285023:attempted_switches_of_play:rank_asc:page:13,urn:gd:story:classification:gcp_distribution:competitionId:285023:attempted_switches_of_play:rank_asc:page:13
441316,285023_20014,Yoane Wissa,Congo DR,FW,69,87,2,0,5,40,0,0,distribution,urn:gd:story:classification:gcp_distribution:competitionId:285023:attempted_switches_of_play:rank_asc:page:13,urn:gd:story:classification:gcp_distribution:competitionId:285023:attempted_switches_of_play:rank_asc:page:13
431225,285023_43820,Yazan Alarab,Jordan,DF,106,89,0,0,1,0,0,0,distribution,urn:gd:story:classification:gcp_distribution:competitionId:285023:attempted_switches_of_play:rank_asc:page:13,urn:gd:story:classification:gcp_distribution:competitionId:285023:attempted_switches_of_play:rank_asc:page:13
400511,285023_43819,Kou Itakura,Japan,DF,110,97,0,0,1,100,0,0,distribution,urn:gd:story:classification:gcp_distribution:competitionId:285023:attempted_switches_of_play:rank_asc:page:13,urn:gd:story:classification:gcp_distribution:competitionId:285023:attempted_switches_of_play:rank_asc:page:13
477790,285023_43843,Mohamed Amoura,Algeria,FW,8,88,0,0,0,0,0,0,distribution,urn:gd:story:classification:gcp_distribution:competitionId:285023:attempted_switches_of_play:rank_asc:page:13,urn:gd:story:classification:gcp_distribution:competitionId:285023:attempted_switches_of_play:rank_asc:page:13
431211,285023_43820,Mousa Altamari,Jordan,FW,36,78,1,100,4,75,0,0,distribution,urn:gd:story:classification:gcp_distribution:competitionId:285023:attempted_switches_of_play:rank_asc:page:13,urn:gd:story:classification:gcp_distribution:competitionId:285023:attempted_switches_of_play:rank_asc:page:13
401894,285023_43850,Jamiro Monteiro,Cabo Verde,MF,106,82,6,33,3,33,0,0,distribution,urn:gd:story:classification:gcp_distribution:competitionId:285023:attempted_switches_of_play:rank_asc:page:13,urn:gd:story:classification:gcp_distribution:competitionId:285023:attempted_switches_of_play:rank_asc:page:13
486639,285023_43834,Tahsin Mohammed,Qatar,FW,0,0,0,0,0,0,0,0,distribution,urn:gd:story:classification:gcp_distribution:competitionId:285023:attempted_switches_of_play:rank_asc:page:13,urn:gd:story:classification:gcp_distribution:competitionId:285023:attempted_switches_of_play:rank_asc:page:13
506069,285023_43818,Kevin Yakob,Iraq,MF,12,75,0,0,1,0,0,0,distribution,urn:gd:story:classification:gcp_distribution:competitionId:285023:attempted_switches_of_play:rank_asc:page:13,urn:gd:story:classification:gcp_distribution:competitionId:285023:attempted_switches_of_play:rank_asc:page:13
403293,285023_43819,Koki Ogawa,Japan,FW,3,100,0,0,0,0,0,0,distribution,urn:gd:story:classification:gcp_distribution:competitionId:285023:attempted_switches_of_play:rank_asc:page:13,urn:gd:story:classification:gcp_distribution:competitionId:285023:attempted_switches_of_play:rank_asc:page:13
520070,285023_43843,Melvin Mastil,Algeria,GK,0,0,0,0,0,0,0,0,distribution,urn:gd:story:classification:gcp_distribution:competitionId:285023:attempted_switches_of_play:rank_asc:page:13,urn:gd:story:classification:gcp_distribution:competitionId:285023:attempted_switches_of_play:rank_asc:page:13
498455,285023_43819,Junnosuke Suzuki,Japan,DF,7,86,1,0,1,0,0,0,distribution,urn:gd:story:classification:gcp_distribution:competitionId:285023:attempted_switches_of_play:rank_asc:page:13,urn:gd:story:classification:gcp_distribution:competitionId:285023:attempted_switches_of_play:rank_asc:page:13
464458,285023_43818,Youssef Amyn,Iraq,MF,6,83,0,0,0,0,0,0,distribution,urn:gd:story:classification:gcp_distribution:competitionId:285023:attempted_switches_of_play:rank_asc:page:13,urn:gd:story:classification:gcp_distribution:competitionId:285023:attempted_switches_of_play:rank_asc:page:13
448507,285023_43817,Payam Niazmand,IR Iran,GK,0,0,0,0,0,0,0,0,distribution,urn:gd:story:classification:gcp_distribution:competitionId:285023:attempted_switches_of_play:rank_asc:page:13,urn:gd:story:classification:gcp_distribution:competitionId:285023:attempted_switches_of_play:rank_asc:page:13
405522,285023_43819,Keito Nakamura,Japan,MF,117,85,9,33,10,80,0,0,distribution,urn:gd:story:classification:gcp_distribution:competitionId:285023:attempted_switches_of_play:rank_asc:page:13,urn:gd:story:classification:gcp_distribution:competitionId:285023:attempted_switches_of_play:rank_asc:page:13
520068,285023_43820,Mohammad Abughoush,Jordan,MF,0,0,0,0,0,0,0,0,distribution,urn:gd:story:classification:gcp_distribution:competitionId:285023:attempted_switches_of_play:rank_asc:page:13,urn:gd:story:classification:gcp_distribution:competitionId:285023:attempted_switches_of_play:rank_asc:page:13
523236,285023_43818,Ahmed Qasem,Iraq,FW,16,81,1,0,1,100,0,0,distribution,urn:gd:story:classification:gcp_distribution:competitionId:285023:attempted_switches_of_play:rank_asc:page:13,urn:gd:story:classification:gcp_distribution:competitionId:285023:attempted_switches_of_play:rank_asc:page:13
430387,285023_43822,Cho Guesung,Korea Republic,FW,7,57,0,0,0,0,0,0,distribution,urn:gd:story:classification:gcp_distribution:competitionId:285023:attempted_switches_of_play:rank_asc:page:14,urn:gd:story:classification:gcp_distribution:competitionId:285023:attempted_switches_of_play:rank_asc:page:14
347085,285023_43818,Jalal Hassan,Iraq,GK,51,65,0,0,0,0,0,0,distribution,urn:gd:story:classification:gcp_distribution:competitionId:285023:attempted_switches_of_play:rank_asc:page:14,urn:gd:story:classification:gcp_distribution:competitionId:285023:attempted_switches_of_play:rank_asc:page:14
425804,285023_43835,Saleh Alshehri,Saudi Arabia,FW,0,0,0,0,0,0,0,0,distribution,urn:gd:story:classification:gcp_distribution:competitionId:285023:attempted_switches_of_play:rank_asc:page:14,urn:gd:story:classification:gcp_distribution:competitionId:285023:attempted_switches_of_play:rank_asc:page:14
284190,285023_43834,Hassan Alhaydos,Qatar,FW,14,71,0,0,1,0,0,0,distribution,urn:gd:story:classification:gcp_distribution:competitionId:285023:attempted_switches_of_play:rank_asc:page:14,urn:gd:story:classification:gcp_distribution:competitionId:285023:attempted_switches_of_play:rank_asc:page:14
407114,285023_43850,Marcio Rosa,Cabo Verde,GK,0,0,0,0,0,0,0,0,distribution,urn:gd:story:classification:gcp_distribution:competitionId:285023:attempted_switches_of_play:rank_asc:page:14,urn:gd:story:classification:gcp_distribution:competitionId:285023:attempted_switches_of_play:rank_asc:page:14
339746,285023_43835,Ahmed Alkassar,Saudi Arabia,GK,0,0,0,0,0,0,0,0,distribution,urn:gd:story:classification:gcp_distribution:competitionId:285023:attempted_switches_of_play:rank_asc:page:14,urn:gd:story:classification:gcp_distribution:competitionId:285023:attempted_switches_of_play:rank_asc:page:14
429600,285023_43822,Lee Donggyeong,Korea Republic,MF,0,0,0,0,0,0,0,0,distribution,urn:gd:story:classification:gcp_distribution:competitionId:285023:attempted_switches_of_play:rank_asc:page:14,urn:gd:story:classification:gcp_distribution:competitionId:285023:attempted_switches_of_play:rank_asc:page:14
297266,285023_43850,Stopira,Cabo Verde,DF,0,0,0,0,0,0,0,0,distribution,urn:gd:story:classification:gcp_distribution:competitionId:285023:attempted_switches_of_play:rank_asc:page:14,urn:gd:story:classification:gcp_distribution:competitionId:285023:attempted_switches_of_play:rank_asc:page:14
397894,285023_43820,Yazeed Abulaila,Jordan,GK,66,64,0,0,3,33,0,0,distribution,urn:gd:story:classification:gcp_distribution:competitionId:285023:attempted_switches_of_play:rank_asc:page:14,urn:gd:story:classification:gcp_distribution:competitionId:285023:attempted_switches_of_play:rank_asc:page:14
430401,285023_43819,Tsuyoshi Watanabe,Japan,DF,34,91,2,50,0,0,0,0,distribution,urn:gd:story:classification:gcp_distribution:competitionId:285023:attempted_switches_of_play:rank_asc:page:14,urn:gd:story:classification:gcp_distribution:competitionId:285023:attempted_switches_of_play:rank_asc:page:14
418485,285023_43822,Kim Taehyeon,Korea Republic,DF,0,0,0,0,0,0,0,0,distribution,urn:gd:story:classification:gcp_distribution:competitionId:285023:attempted_switches_of_play:rank_asc:page:14,urn:gd:story:classification:gcp_distribution:competitionId:285023:attempted_switches_of_play:rank_asc:page:14
477864,285023_20014,Aaron Tshibola,Congo DR,MF,0,0,0,0,0,0,0,0,distribution,urn:gd:story:classification:gcp_distribution:competitionId:285023:attempted_switches_of_play:rank_asc:page:14,urn:gd:story:classification:gcp_distribution:competitionId:285023:attempted_switches_of_play:rank_asc:page:14
419300,285023_43835,Khalid Alghannam,Saudi Arabia,FW,0,0,0,0,0,0,0,0,distribution,urn:gd:story:classification:gcp_distribution:competitionId:285023:attempted_switches_of_play:rank_asc:page:14,urn:gd:story:classification:gcp_distribution:competitionId:285023:attempted_switches_of_play:rank_asc:page:14
396885,285023_43835,Mohammed Alowais,Saudi Arabia,GK,93,57,0,0,4,0,0,0,distribution,urn:gd:story:classification:gcp_distribution:competitionId:285023:attempted_switches_of_play:rank_asc:page:14,urn:gd:story:classification:gcp_distribution:competitionId:285023:attempted_switches_of_play:rank_asc:page:14
486196,285023_20014,Timothy Fayulu,Congo DR,GK,0,0,0,0,0,0,0,0,distribution,urn:gd:story:classification:gcp_distribution:competitionId:285023:attempted_switches_of_play:rank_asc:page:14,urn:gd:story:classification:gcp_distribution:competitionId:285023:attempted_switches_of_play:rank_asc:page:14
489551,285023_43820,Mohammad Abualnadi,Jordan,DF,31,77,0,0,0,0,0,0,distribution,urn:gd:story:classification:gcp_distribution:competitionId:285023:attempted_switches_of_play:rank_asc:page:14,urn:gd:story:classification:gcp_distribution:competitionId:285023:attempted_switches_of_play:rank_asc:page:14
480983,285023_43843,Zineddine Belaid,Algeria,DF,44,98,0,0,1,100,0,0,distribution,urn:gd:story:classification:gcp_distribution:competitionId:285023:attempted_switches_of_play:rank_asc:page:14,urn:gd:story:classification:gcp_distribution:competitionId:285023:attempted_switches_of_play:rank_asc:page:14
479056,285023_43818,Mustafa Saadoon,Iraq,DF,1,100,0,0,0,0,0,0,distribution,urn:gd:story:classification:gcp_distribution:competitionId:285023:attempted_switches_of_play:rank_asc:page:14,urn:gd:story:classification:gcp_distribution:competitionId:285023:attempted_switches_of_play:rank_asc:page:14
395088,285023_43822,Kim Minjae,Korea Republic,DF,226,98,0,0,0,0,0,0,distribution,urn:gd:story:classification:gcp_distribution:competitionId:285023:attempted_switches_of_play:rank_asc:page:14,urn:gd:story:classification:gcp_distribution:competitionId:285023:attempted_switches_of_play:rank_asc:page:14
384850,285023_43820,Rajaei Ayed,Jordan,MF,0,0,0,0,0,0,0,0,distribution,urn:gd:story:classification:gcp_distribution:competitionId:285023:attempted_switches_of_play:rank_asc:page:14,urn:gd:story:classification:gcp_distribution:competitionId:285023:attempted_switches_of_play:rank_asc:page:14
430512,285023_43835,Aiman Yahya,Saudi Arabia,FW,0,0,0,0,0,0,0,0,distribution,urn:gd:story:classification:gcp_distribution:competitionId:285023:attempted_switches_of_play:rank_asc:page:14,urn:gd:story:classification:gcp_distribution:competitionId:285023:attempted_switches_of_play:rank_asc:page:14
405877,285023_43843,Amine Gouiri,Algeria,FW,58,88,1,0,0,0,0,0,distribution,urn:gd:story:classification:gcp_distribution:competitionId:285023:attempted_switches_of_play:rank_asc:page:14,urn:gd:story:classification:gcp_distribution:competitionId:285023:attempted_switches_of_play:rank_asc:page:14
386348,285023_43834,Assim Madibo,Qatar,MF,33,82,0,0,1,0,0,0,distribution,urn:gd:story:classification:gcp_distribution:competitionId:285023:attempted_switches_of_play:rank_asc:page:14,urn:gd:story:classification:gcp_distribution:competitionId:285023:attempted_switches_of_play:rank_asc:page:14
485503,285023_43819,Yuito Suzuki,Japan,MF,4,100,0,0,0,0,0,0,distribution,urn:gd:story:classification:gcp_distribution:competitionId:285023:attempted_switches_of_play:rank_asc:page:14,urn:gd:story:classification:gcp_distribution:competitionId:285023:attempted_switches_of_play:rank_asc:page:14
511010,285023_43843,Samir Chergui,Algeria,DF,24,96,0,0,0,0,0,0,distribution,urn:gd:story:classification:gcp_distribution:competitionId:285023:attempted_switches_of_play:rank_asc:page:14,urn:gd:story:classification:gcp_distribution:competitionId:285023:attempted_switches_of_play:rank_asc:page:14
510989,285023_20014,Brian Cipenga,Congo DR,FW,47,60,11,18,12,8,0,0,distribution,urn:gd:story:classification:gcp_distribution:competitionId:285023:attempted_switches_of_play:rank_asc:page:14,urn:gd:story:classification:gcp_distribution:competitionId:285023:attempted_switches_of_play:rank_asc:page:14
486614,285023_43834,Alhashmi Alhussein,Qatar,DF,0,0,0,0,0,0,0,0,distribution,urn:gd:story:classification:gcp_distribution:competitionId:285023:attempted_switches_of_play:rank_asc:page:14,urn:gd:story:classification:gcp_distribution:competitionId:285023:attempted_switches_of_play:rank_asc:page:14
484262,285023_43818,Marko Farji,Iraq,FW,11,64,2,50,1,100,0,0,distribution,urn:gd:story:classification:gcp_distribution:competitionId:285023:attempted_switches_of_play:rank_asc:page:14,urn:gd:story:classification:gcp_distribution:competitionId:285023:attempted_switches_of_play:rank_asc:page:14
479553,285023_43818,Hussein Ali,Iraq,DF,40,80,2,0,2,100,0,0,distribution,urn:gd:story:classification:gcp_distribution:competitionId:285023:attempted_switches_of_play:rank_asc:page:14,urn:gd:story:classification:gcp_distribution:competitionId:285023:attempted_switches_of_play:rank_asc:page:14
422968,285023_43818,Mohanad Ali,Iraq,FW,2,50,0,0,0,0,0,0,distribution,urn:gd:story:classification:gcp_distribution:competitionId:285023:attempted_switches_of_play:rank_asc:page:14,urn:gd:story:classification:gcp_distribution:competitionId:285023:attempted_switches_of_play:rank_asc:page:14
430385,285023_43822,Kim Jingyu,Korea Republic,MF,56,96,1,0,2,100,0,0,distribution,urn:gd:story:classification:gcp_distribution:competitionId:285023:attempted_switches_of_play:rank_asc:page:14,urn:gd:story:classification:gcp_distribution:competitionId:285023:attempted_switches_of_play:rank_asc:page:14
45191,285023_43820,Mohammad Aldaoud,Jordan,MF,5,40,0,0,1,0,0,0,distribution,urn:gd:story:classification:gcp_distribution:competitionId:285023:attempted_switches_of_play:rank_asc:page:14,urn:gd:story:classification:gcp_distribution:competitionId:285023:attempted_switches_of_play:rank_asc:page:14
464374,285023_43822,Bae Junho,Korea Republic,MF,0,0,0,0,0,0,0,0,distribution,urn:gd:story:classification:gcp_distribution:competitionId:285023:attempted_switches_of_play:rank_asc:page:14,urn:gd:story:classification:gcp_distribution:competitionId:285023:attempted_switches_of_play:rank_asc:page:14
430698,285023_43843,Houssem Aouar,Algeria,MF,84,94,1,100,3,100,0,0,distribution,urn:gd:story:classification:gcp_distribution:competitionId:285023:attempted_switches_of_play:rank_asc:page:14,urn:gd:story:classification:gcp_distribution:competitionId:285023:attempted_switches_of_play:rank_asc:page:14
477847,285023_43850,Steven Moreira,Cabo Verde,DF,109,81,4,75,3,0,0,0,distribution,urn:gd:story:classification:gcp_distribution:competitionId:285023:attempted_switches_of_play:rank_asc:page:14,urn:gd:story:classification:gcp_distribution:competitionId:285023:attempted_switches_of_play:rank_asc:page:14
405530,285023_43819,Zion Suzuki,Japan,GK,109,70,0,0,6,17,0,0,distribution,urn:gd:story:classification:gcp_distribution:competitionId:285023:attempted_switches_of_play:rank_asc:page:14,urn:gd:story:classification:gcp_distribution:competitionId:285023:attempted_switches_of_play:rank_asc:page:14
441313,285023_20014,Lionel Mpasi,Congo DR,GK,139,68,0,0,5,0,0,0,distribution,urn:gd:story:classification:gcp_distribution:competitionId:285023:attempted_switches_of_play:rank_asc:page:14,urn:gd:story:classification:gcp_distribution:competitionId:285023:attempted_switches_of_play:rank_asc:page:14
406595,285023_43817,Roozbeh Cheshmi,IR Iran,MF,0,0,0,0,0,0,0,0,distribution,urn:gd:story:classification:gcp_distribution:competitionId:285023:attempted_switches_of_play:rank_asc:page:14,urn:gd:story:classification:gcp_distribution:competitionId:285023:attempted_switches_of_play:rank_asc:page:14
475921,285023_43817,Amirmohammad Razaghinia,IR Iran,MF,0,0,0,0,0,0,0,0,distribution,urn:gd:story:classification:gcp_distribution:competitionId:285023:attempted_switches_of_play:rank_asc:page:14,urn:gd:story:classification:gcp_distribution:competitionId:285023:attempted_switches_of_play:rank_asc:page:14
384797,285023_43817,Ramin Rezaeian,IR Iran,DF,98,69,17,29,12,50,0,0,distribution,urn:gd:story:classification:gcp_distribution:competitionId:285023:attempted_switches_of_play:rank_asc:page:14,urn:gd:story:classification:gcp_distribution:competitionId:285023:attempted_switches_of_play:rank_asc:page:14
433724,285023_43850,Willy Semedo,Cabo Verde,MF,33,91,2,0,1,0,0,0,distribution,urn:gd:story:classification:gcp_distribution:competitionId:285023:attempted_switches_of_play:rank_asc:page:14,urn:gd:story:classification:gcp_distribution:competitionId:285023:attempted_switches_of_play:rank_asc:page:14
364752,285023_43850,Vozinha,Cabo Verde,GK,166,70,0,0,2,0,0,0,distribution,urn:gd:story:classification:gcp_distribution:competitionId:285023:attempted_switches_of_play:rank_asc:page:14,urn:gd:story:classification:gcp_distribution:competitionId:285023:attempted_switches_of_play:rank_asc:page:14
336425,285023_20014,Cedric Bakambu,Congo DR,FW,23,70,1,0,1,0,0,0,distribution,urn:gd:story:classification:gcp_distribution:competitionId:285023:attempted_switches_of_play:rank_asc:page:14,urn:gd:story:classification:gcp_distribution:competitionId:285023:attempted_switches_of_play:rank_asc:page:14
354861,285023_43834,Karim Boudiaf,Qatar,MF,69,94,0,0,4,50,0,0,distribution,urn:gd:story:classification:gcp_distribution:competitionId:285023:attempted_switches_of_play:rank_asc:page:14,urn:gd:story:classification:gcp_distribution:competitionId:285023:attempted_switches_of_play:rank_asc:page:14
401893,285023_43850,Nuno Da Costa,Cabo Verde,MF,23,78,1,0,5,40,0,0,distribution,urn:gd:story:classification:gcp_distribution:competitionId:285023:attempted_switches_of_play:rank_asc:page:14,urn:gd:story:classification:gcp_distribution:competitionId:285023:attempted_switches_of_play:rank_asc:page:14
411624,285023_43835,Abdullah Alkhaibari,Saudi Arabia,MF,58,83,0,0,1,0,0,0,distribution,urn:gd:story:classification:gcp_distribution:competitionId:285023:attempted_switches_of_play:rank_asc:page:14,urn:gd:story:classification:gcp_distribution:competitionId:285023:attempted_switches_of_play:rank_asc:page:14
419463,285023_43834,Yusuf Abdurisag,Qatar,FW,14,64,0,0,3,0,0,0,distribution,urn:gd:story:classification:gcp_distribution:competitionId:285023:attempted_switches_of_play:rank_asc:page:14,urn:gd:story:classification:gcp_distribution:competitionId:285023:attempted_switches_of_play:rank_asc:page:14
391646,285023_43819,Ritsu Doan,Japan,MF,105,85,5,0,5,80,0,0,distribution,urn:gd:story:classification:gcp_distribution:competitionId:285023:attempted_switches_of_play:rank_asc:page:14,urn:gd:story:classification:gcp_distribution:competitionId:285023:attempted_switches_of_play:rank_asc:page:14
433631,285023_43843,Yassine Titraoui,Algeria,MF,0,0,0,0,0,0,0,0,distribution,urn:gd:story:classification:gcp_distribution:competitionId:285023:attempted_switches_of_play:rank_asc:page:14,urn:gd:story:classification:gcp_distribution:competitionId:285023:attempted_switches_of_play:rank_asc:page:14
433161,285023_20014,Edo Kayembe,Congo DR,MF,41,85,2,0,1,0,0,0,distribution,urn:gd:story:classification:gcp_distribution:competitionId:285023:attempted_switches_of_play:rank_asc:page:14,urn:gd:story:classification:gcp_distribution:competitionId:285023:attempted_switches_of_play:rank_asc:page:14
419436,285023_43834,Ahmed Alganehi,Qatar,MF,12,92,2,100,0,0,0,0,distribution,urn:gd:story:classification:gcp_distribution:competitionId:285023:attempted_switches_of_play:rank_asc:page:15,urn:gd:story:classification:gcp_distribution:competitionId:285023:attempted_switches_of_play:rank_asc:page:15
368744,285023_43818,Fahad Talib,Iraq,GK,0,0,0,0,0,0,0,0,distribution,urn:gd:story:classification:gcp_distribution:competitionId:285023:attempted_switches_of_play:rank_asc:page:15,urn:gd:story:classification:gcp_distribution:competitionId:285023:attempted_switches_of_play:rank_asc:page:15
403305,285023_43819,Keisuke Osako,Japan,GK,0,0,0,0,0,0,0,0,distribution,urn:gd:story:classification:gcp_distribution:competitionId:285023:attempted_switches_of_play:rank_asc:page:15,urn:gd:story:classification:gcp_distribution:competitionId:285023:attempted_switches_of_play:rank_asc:page:15
433585,285023_43818,Ibrahim Bayesh,Iraq,MF,48,83,1,0,3,33,0,0,distribution,urn:gd:story:classification:gcp_distribution:competitionId:285023:attempted_switches_of_play:rank_asc:page:15,urn:gd:story:classification:gcp_distribution:competitionId:285023:attempted_switches_of_play:rank_asc:page:15
396950,285023_43820,Mahmoud Almardi,Jordan,FW,39,82,7,14,5,60,0,0,distribution,urn:gd:story:classification:gcp_distribution:competitionId:285023:attempted_switches_of_play:rank_asc:page:15,urn:gd:story:classification:gcp_distribution:competitionId:285023:attempted_switches_of_play:rank_asc:page:15
477859,285023_20014,Fiston Mayele,Congo DR,FW,11,64,0,0,0,0,0,0,distribution,urn:gd:story:classification:gcp_distribution:competitionId:285023:attempted_switches_of_play:rank_asc:page:15,urn:gd:story:classification:gcp_distribution:competitionId:285023:attempted_switches_of_play:rank_asc:page:15
385070,285023_43834,Mohammed Muntari,Qatar,FW,0,0,0,0,0,0,0,0,distribution,urn:gd:story:classification:gcp_distribution:competitionId:285023:attempted_switches_of_play:rank_asc:page:15,urn:gd:story:classification:gcp_distribution:competitionId:285023:attempted_switches_of_play:rank_asc:page:15
314255,285023_43817,Hossein Hosseini,IR Iran,GK,0,0,0,0,0,0,0,0,distribution,urn:gd:story:classification:gcp_distribution:competitionId:285023:attempted_switches_of_play:rank_asc:page:15,urn:gd:story:classification:gcp_distribution:competitionId:285023:attempted_switches_of_play:rank_asc:page:15
390535,285023_43817,Mehdi Torabi,IR Iran,MF,20,85,2,0,1,100,0,0,distribution,urn:gd:story:classification:gcp_distribution:competitionId:285023:attempted_switches_of_play:rank_asc:page:15,urn:gd:story:classification:gcp_distribution:competitionId:285023:attempted_switches_of_play:rank_asc:page:15
431219,285023_43820,Saed Alrosan,Jordan,DF,13,92,0,0,0,0,0,0,distribution,urn:gd:story:classification:gcp_distribution:competitionId:285023:attempted_switches_of_play:rank_asc:page:15,urn:gd:story:classification:gcp_distribution:competitionId:285023:attempted_switches_of_play:rank_asc:page:15
423855,285023_43822,Eom Jisung,Korea Republic,MF,9,100,3,67,2,100,0,0,distribution,urn:gd:story:classification:gcp_distribution:competitionId:285023:attempted_switches_of_play:rank_asc:page:15,urn:gd:story:classification:gcp_distribution:competitionId:285023:attempted_switches_of_play:rank_asc:page:15
498458,285023_43834,Mohamed Manai,Qatar,FW,15,47,0,0,3,33,0,0,distribution,urn:gd:story:classification:gcp_distribution:competitionId:285023:attempted_switches_of_play:rank_asc:page:15,urn:gd:story:classification:gcp_distribution:competitionId:285023:attempted_switches_of_play:rank_asc:page:15
433527,285023_43820,Abdallah Nasib,Jordan,DF,97,72,0,0,1,0,0,0,distribution,urn:gd:story:classification:gcp_distribution:competitionId:285023:attempted_switches_of_play:rank_asc:page:15,urn:gd:story:classification:gcp_distribution:competitionId:285023:attempted_switches_of_play:rank_asc:page:15
419459,285023_43834,Mahmoud Abunada,Qatar,GK,93,54,0,0,8,0,0,0,distribution,urn:gd:story:classification:gcp_distribution:competitionId:285023:attempted_switches_of_play:rank_asc:page:15,urn:gd:story:classification:gcp_distribution:competitionId:285023:attempted_switches_of_play:rank_asc:page:15
522282,285023_43822,Cho Wije,Korea Republic,DF,0,0,0,0,0,0,0,0,distribution,urn:gd:story:classification:gcp_distribution:competitionId:285023:attempted_switches_of_play:rank_asc:page:15,urn:gd:story:classification:gcp_distribution:competitionId:285023:attempted_switches_of_play:rank_asc:page:15
520071,285023_43843,Nadhir Benbouali,Algeria,FW,8,75,1,0,0,0,0,0,distribution,urn:gd:story:classification:gcp_distribution:competitionId:285023:attempted_switches_of_play:rank_asc:page:15,urn:gd:story:classification:gcp_distribution:competitionId:285023:attempted_switches_of_play:rank_asc:page:15
486147,285023_20014,Noah Sadiki,Congo DR,MF,116,89,1,100,3,33,0,0,distribution,urn:gd:story:classification:gcp_distribution:competitionId:285023:attempted_switches_of_play:rank_asc:page:15,urn:gd:story:classification:gcp_distribution:competitionId:285023:attempted_switches_of_play:rank_asc:page:15
430518,285023_43835,Nawaf Bu Washl,Saudi Arabia,DF,46,76,0,0,1,0,0,0,distribution,urn:gd:story:classification:gcp_distribution:competitionId:285023:attempted_switches_of_play:rank_asc:page:15,urn:gd:story:classification:gcp_distribution:competitionId:285023:attempted_switches_of_play:rank_asc:page:15
388475,285023_43817,Mehdi Taremi,IR Iran,FW,71,82,2,0,4,25,0,0,distribution,urn:gd:story:classification:gcp_distribution:competitionId:285023:attempted_switches_of_play:rank_asc:page:15,urn:gd:story:classification:gcp_distribution:competitionId:285023:attempted_switches_of_play:rank_asc:page:15
491167,285023_43820,Amer Jamous,Jordan,MF,4,100,0,0,0,0,0,0,distribution,urn:gd:story:classification:gcp_distribution:competitionId:285023:attempted_switches_of_play:rank_asc:page:15,urn:gd:story:classification:gcp_distribution:competitionId:285023:attempted_switches_of_play:rank_asc:page:15
477832,285023_43850,Sidny Lopes Cabral,Cabo Verde,DF,105,83,11,9,3,33,0,0,distribution,urn:gd:story:classification:gcp_distribution:competitionId:285023:attempted_switches_of_play:rank_asc:page:15,urn:gd:story:classification:gcp_distribution:competitionId:285023:attempted_switches_of_play:rank_asc:page:15
403312,285023_43835,Abdulelah Alamri,Saudi Arabia,DF,99,82,1,100,3,67,0,0,distribution,urn:gd:story:classification:gcp_distribution:competitionId:285023:attempted_switches_of_play:rank_asc:page:15,urn:gd:story:classification:gcp_distribution:competitionId:285023:attempted_switches_of_play:rank_asc:page:15
482869,285023_43843,Jaouen Hadjam,Algeria,DF,67,84,0,0,1,0,0,0,distribution,urn:gd:story:classification:gcp_distribution:competitionId:285023:attempted_switches_of_play:rank_asc:page:15,urn:gd:story:classification:gcp_distribution:competitionId:285023:attempted_switches_of_play:rank_asc:page:15
482670,285023_43817,Mohammad Ghorbani,IR Iran,MF,19,84,0,0,0,0,0,0,distribution,urn:gd:story:classification:gcp_distribution:competitionId:285023:attempted_switches_of_play:rank_asc:page:15,urn:gd:story:classification:gcp_distribution:competitionId:285023:attempted_switches_of_play:rank_asc:page:15
397753,285023_43822,Jo Hyeonwoo,Korea Republic,GK,0,0,0,0,0,0,0,0,distribution,urn:gd:story:classification:gcp_distribution:competitionId:285023:attempted_switches_of_play:rank_asc:page:15,urn:gd:story:classification:gcp_distribution:competitionId:285023:attempted_switches_of_play:rank_asc:page:15
494506,285023_43835,Jehad Thikri,Saudi Arabia,DF,0,0,0,0,0,0,0,0,distribution,urn:gd:story:classification:gcp_distribution:competitionId:285023:attempted_switches_of_play:rank_asc:page:15,urn:gd:story:classification:gcp_distribution:competitionId:285023:attempted_switches_of_play:rank_asc:page:15
434024,285023_43818,Munaf Younus,Iraq,DF,19,89,0,0,0,0,0,0,distribution,urn:gd:story:classification:gcp_distribution:competitionId:285023:attempted_switches_of_play:rank_asc:page:15,urn:gd:story:classification:gcp_distribution:competitionId:285023:attempted_switches_of_play:rank_asc:page:15
477829,285023_20014,Dylan Batubinsika,Congo DR,DF,0,0,0,0,0,0,0,0,distribution,urn:gd:story:classification:gcp_distribution:competitionId:285023:attempted_switches_of_play:rank_asc:page:15,urn:gd:story:classification:gcp_distribution:competitionId:285023:attempted_switches_of_play:rank_asc:page:15
419441,285023_43834,Homam Ahmed,Qatar,DF,33,76,3,33,2,50,0,0,distribution,urn:gd:story:classification:gcp_distribution:competitionId:285023:attempted_switches_of_play:rank_asc:page:15,urn:gd:story:classification:gcp_distribution:competitionId:285023:attempted_switches_of_play:rank_asc:page:15
431223,285023_43820,Abdallah Alfakhori,Jordan,GK,0,0,0,0,0,0,0,0,distribution,urn:gd:story:classification:gcp_distribution:competitionId:285023:attempted_switches_of_play:rank_asc:page:15,urn:gd:story:classification:gcp_distribution:competitionId:285023:attempted_switches_of_play:rank_asc:page:15
430407,285023_43819,Daizen Maeda,Japan,MF,30,93,3,0,1,100,0,0,distribution,urn:gd:story:classification:gcp_distribution:competitionId:285023:attempted_switches_of_play:rank_asc:page:15,urn:gd:story:classification:gcp_distribution:competitionId:285023:attempted_switches_of_play:rank_asc:page:15
499102,285023_43820,Saleem Obaid,Jordan,DF,18,67,0,0,0,0,0,0,distribution,urn:gd:story:classification:gcp_distribution:competitionId:285023:attempted_switches_of_play:rank_asc:page:15,urn:gd:story:classification:gcp_distribution:competitionId:285023:attempted_switches_of_play:rank_asc:page:15
494800,285023_43835,Sultan Mandash,Saudi Arabia,FW,9,78,0,0,0,0,0,0,distribution,urn:gd:story:classification:gcp_distribution:competitionId:285023:attempted_switches_of_play:rank_asc:page:15,urn:gd:story:classification:gcp_distribution:competitionId:285023:attempted_switches_of_play:rank_asc:page:15
419302,285023_43835,Abdullah Alhamddan,Saudi Arabia,FW,22,73,1,0,2,50,0,0,distribution,urn:gd:story:classification:gcp_distribution:competitionId:285023:attempted_switches_of_play:rank_asc:page:15,urn:gd:story:classification:gcp_distribution:competitionId:285023:attempted_switches_of_play:rank_asc:page:15
403304,285023_43819,Takefusa Kubo,Japan,MF,16,75,0,0,2,50,0,0,distribution,urn:gd:story:classification:gcp_distribution:competitionId:285023:attempted_switches_of_play:rank_asc:page:15,urn:gd:story:classification:gcp_distribution:competitionId:285023:attempted_switches_of_play:rank_asc:page:15
481181,285023_43817,Arya Yousefi,IR Iran,DF,18,89,0,0,0,0,0,0,distribution,urn:gd:story:classification:gcp_distribution:competitionId:285023:attempted_switches_of_play:rank_asc:page:15,urn:gd:story:classification:gcp_distribution:competitionId:285023:attempted_switches_of_play:rank_asc:page:15
479316,285023_43822,Park Jinseob,Korea Republic,DF,52,94,0,0,1,0,0,0,distribution,urn:gd:story:classification:gcp_distribution:competitionId:285023:attempted_switches_of_play:rank_asc:page:15,urn:gd:story:classification:gcp_distribution:competitionId:285023:attempted_switches_of_play:rank_asc:page:15
419461,285023_43834,Salah Zakaria,Qatar,GK,0,0,0,0,0,0,0,0,distribution,urn:gd:story:classification:gcp_distribution:competitionId:285023:attempted_switches_of_play:rank_asc:page:15,urn:gd:story:classification:gcp_distribution:competitionId:285023:attempted_switches_of_play:rank_asc:page:15
353251,285023_43834,Ahmed Alaaeldin,Qatar,FW,8,50,0,0,1,0,0,0,distribution,urn:gd:story:classification:gcp_distribution:competitionId:285023:attempted_switches_of_play:rank_asc:page:15,urn:gd:story:classification:gcp_distribution:competitionId:285023:attempted_switches_of_play:rank_asc:page:15
390537,285023_43817,Milad Mohammadi,IR Iran,DF,80,83,4,0,4,75,0,0,distribution,urn:gd:story:classification:gcp_distribution:competitionId:285023:attempted_switches_of_play:rank_asc:page:15,urn:gd:story:classification:gcp_distribution:competitionId:285023:attempted_switches_of_play:rank_asc:page:15
395186,285023_43818,Aymen Hussein,Iraq,FW,16,75,0,0,3,67,0,0,distribution,urn:gd:story:classification:gcp_distribution:competitionId:285023:attempted_switches_of_play:rank_asc:page:15,urn:gd:story:classification:gcp_distribution:competitionId:285023:attempted_switches_of_play:rank_asc:page:15
477833,285023_20014,Joris Kayembe,Congo DR,DF,24,79,3,67,4,25,0,0,distribution,urn:gd:story:classification:gcp_distribution:competitionId:285023:attempted_switches_of_play:rank_asc:page:15,urn:gd:story:classification:gcp_distribution:competitionId:285023:attempted_switches_of_play:rank_asc:page:15
403236,285023_43817,Mehdi Ghayedi,IR Iran,FW,9,67,3,33,1,100,0,0,distribution,urn:gd:story:classification:gcp_distribution:competitionId:285023:attempted_switches_of_play:rank_asc:page:15,urn:gd:story:classification:gcp_distribution:competitionId:285023:attempted_switches_of_play:rank_asc:page:15
389437,285023_43820,Ehsan Haddad,Jordan,DF,73,74,7,29,9,78,0,0,distribution,urn:gd:story:classification:gcp_distribution:competitionId:285023:attempted_switches_of_play:rank_asc:page:15,urn:gd:story:classification:gcp_distribution:competitionId:285023:attempted_switches_of_play:rank_asc:page:15
511009,285023_43843,Rafik Belghali,Algeria,DF,183,92,5,40,3,67,0,0,distribution,urn:gd:story:classification:gcp_distribution:competitionId:285023:attempted_switches_of_play:rank_asc:page:15,urn:gd:story:classification:gcp_distribution:competitionId:285023:attempted_switches_of_play:rank_asc:page:15
464339,285023_43819,Keisuke Goto,Japan,FW,1,100,0,0,1,100,0,0,distribution,urn:gd:story:classification:gcp_distribution:competitionId:285023:attempted_switches_of_play:rank_asc:page:15,urn:gd:story:classification:gcp_distribution:competitionId:285023:attempted_switches_of_play:rank_asc:page:15
520072,285023_43843,Fares Ghedjemis,Algeria,FW,0,0,0,0,0,0,0,0,distribution,urn:gd:story:classification:gcp_distribution:competitionId:285023:attempted_switches_of_play:rank_asc:page:15,urn:gd:story:classification:gcp_distribution:competitionId:285023:attempted_switches_of_play:rank_asc:page:15
406281,285023_43850,Cj Dos Santos,Cabo Verde,GK,0,0,0,0,0,0,0,0,distribution,urn:gd:story:classification:gcp_distribution:competitionId:285023:attempted_switches_of_play:rank_asc:page:15,urn:gd:story:classification:gcp_distribution:competitionId:285023:attempted_switches_of_play:rank_asc:page:15
307849,285023_43822,Son Heungmin,Korea Republic,FW,58,84,3,33,2,50,0,0,distribution,urn:gd:story:classification:gcp_distribution:competitionId:285023:attempted_switches_of_play:rank_asc:page:15,urn:gd:story:classification:gcp_distribution:competitionId:285023:attempted_switches_of_play:rank_asc:page:15
386366,285023_43834,Almoez Ali,Qatar,FW,3,67,0,0,1,100,0,0,distribution,urn:gd:story:classification:gcp_distribution:competitionId:285023:attempted_switches_of_play:rank_asc:page:15,urn:gd:story:classification:gcp_distribution:competitionId:285023:attempted_switches_of_play:rank_asc:page:15
514171,285023_20014,Matthieu Epolo,Congo DR,GK,0,0,0,0,0,0,0,0,distribution,urn:gd:story:classification:gcp_distribution:competitionId:285023:attempted_switches_of_play:rank_asc:page:16,urn:gd:story:classification:gcp_distribution:competitionId:285023:attempted_switches_of_play:rank_asc:page:16
484276,285023_43818,Ahmed Maknazi,Iraq,DF,5,60,0,0,0,0,0,0,distribution,urn:gd:story:classification:gcp_distribution:competitionId:285023:attempted_switches_of_play:rank_asc:page:16,urn:gd:story:classification:gcp_distribution:competitionId:285023:attempted_switches_of_play:rank_asc:page:16
510991,285023_43834,Ayoub Aloui,Qatar,DF,28,39,1,0,4,0,0,0,distribution,urn:gd:story:classification:gcp_distribution:competitionId:285023:attempted_switches_of_play:rank_asc:page:16,urn:gd:story:classification:gcp_distribution:competitionId:285023:attempted_switches_of_play:rank_asc:page:16
401924,285023_43835,Hassan Kadish,Saudi Arabia,DF,0,0,0,0,0,0,0,0,distribution,urn:gd:story:classification:gcp_distribution:competitionId:285023:attempted_switches_of_play:rank_asc:page:16,urn:gd:story:classification:gcp_distribution:competitionId:285023:attempted_switches_of_play:rank_asc:page:16
419303,285023_43835,Moteb Alharbi,Saudi Arabia,DF,77,74,2,0,5,20,0,0,distribution,urn:gd:story:classification:gcp_distribution:competitionId:285023:attempted_switches_of_play:rank_asc:page:16,urn:gd:story:classification:gcp_distribution:competitionId:285023:attempted_switches_of_play:rank_asc:page:16
431208,285023_43820,Mohammad Abuzraiq,Jordan,FW,5,80,0,0,0,0,0,0,distribution,urn:gd:story:classification:gcp_distribution:competitionId:285023:attempted_switches_of_play:rank_asc:page:16,urn:gd:story:classification:gcp_distribution:competitionId:285023:attempted_switches_of_play:rank_asc:page:16
389879,285023_43843,Luca Zidane,Algeria,GK,104,88,0,0,0,0,0,0,distribution,urn:gd:story:classification:gcp_distribution:competitionId:285023:attempted_switches_of_play:rank_asc:page:16,urn:gd:story:classification:gcp_distribution:competitionId:285023:attempted_switches_of_play:rank_asc:page:16
434029,285023_43818,Ali Yousif,Iraq,FW,4,100,0,0,0,0,0,0,distribution,urn:gd:story:classification:gcp_distribution:competitionId:285023:attempted_switches_of_play:rank_asc:page:16,urn:gd:story:classification:gcp_distribution:competitionId:285023:attempted_switches_of_play:rank_asc:page:16
477831,285023_43850,Logan Costa,Cabo Verde,DF,0,0,0,0,0,0,0,0,distribution,urn:gd:story:classification:gcp_distribution:competitionId:285023:attempted_switches_of_play:rank_asc:page:16,urn:gd:story:classification:gcp_distribution:competitionId:285023:attempted_switches_of_play:rank_asc:page:16
511710,285023_43819,Tomoki Hayakawa,Japan,GK,0,0,0,0,0,0,0,0,distribution,urn:gd:story:classification:gcp_distribution:competitionId:285023:attempted_switches_of_play:rank_asc:page:16,urn:gd:story:classification:gcp_distribution:competitionId:285023:attempted_switches_of_play:rank_asc:page:16
373344,285023_43850,Garry Rodrigues,Cabo Verde,MF,14,79,2,50,2,100,0,0,distribution,urn:gd:story:classification:gcp_distribution:competitionId:285023:attempted_switches_of_play:rank_asc:page:16,urn:gd:story:classification:gcp_distribution:competitionId:285023:attempted_switches_of_play:rank_asc:page:16
419287,285023_43835,Nawaf Alaqidi,Saudi Arabia,GK,0,0,0,0,0,0,0,0,distribution,urn:gd:story:classification:gcp_distribution:competitionId:285023:attempted_switches_of_play:rank_asc:page:16,urn:gd:story:classification:gcp_distribution:competitionId:285023:attempted_switches_of_play:rank_asc:page:16
511889,285023_43820,Anas Badawi,Jordan,DF,0,0,0,0,0,0,0,0,distribution,urn:gd:story:classification:gcp_distribution:competitionId:285023:attempted_switches_of_play:rank_asc:page:16,urn:gd:story:classification:gcp_distribution:competitionId:285023:attempted_switches_of_play:rank_asc:page:16
477849,285023_43850,Helio Varela,Cabo Verde,MF,29,93,1,0,3,100,0,0,distribution,urn:gd:story:classification:gcp_distribution:competitionId:285023:attempted_switches_of_play:rank_asc:page:16,urn:gd:story:classification:gcp_distribution:competitionId:285023:attempted_switches_of_play:rank_asc:page:16
419291,285023_43835,Feras Albrikan,Saudi Arabia,FW,51,63,0,0,5,0,0,0,distribution,urn:gd:story:classification:gcp_distribution:competitionId:285023:attempted_switches_of_play:rank_asc:page:16,urn:gd:story:classification:gcp_distribution:competitionId:285023:attempted_switches_of_play:rank_asc:page:16
429608,285023_43822,Seol Youngwoo,Korea Republic,DF,123,92,11,27,6,83,0,0,distribution,urn:gd:story:classification:gcp_distribution:competitionId:285023:attempted_switches_of_play:rank_asc:page:16,urn:gd:story:classification:gcp_distribution:competitionId:285023:attempted_switches_of_play:rank_asc:page:16
441317,285023_20014,Theo Bongonda,Congo DR,MF,13,69,2,0,2,0,0,0,distribution,urn:gd:story:classification:gcp_distribution:competitionId:285023:attempted_switches_of_play:rank_asc:page:16,urn:gd:story:classification:gcp_distribution:competitionId:285023:attempted_switches_of_play:rank_asc:page:16
371736,285023_43817,Saeid Ezatolahi,IR Iran,MF,99,79,0,0,4,50,0,0,distribution,urn:gd:story:classification:gcp_distribution:competitionId:285023:attempted_switches_of_play:rank_asc:page:16,urn:gd:story:classification:gcp_distribution:competitionId:285023:attempted_switches_of_play:rank_asc:page:16
405527,285023_43819,Ayumu Seko,Japan,DF,50,84,0,0,2,0,0,0,distribution,urn:gd:story:classification:gcp_distribution:competitionId:285023:attempted_switches_of_play:rank_asc:page:16,urn:gd:story:classification:gcp_distribution:competitionId:285023:attempted_switches_of_play:rank_asc:page:16
426506,285023_20014,Meschack Elia,Congo DR,FW,14,93,2,0,5,60,0,0,distribution,urn:gd:story:classification:gcp_distribution:competitionId:285023:attempted_switches_of_play:rank_asc:page:16,urn:gd:story:classification:gcp_distribution:competitionId:285023:attempted_switches_of_play:rank_asc:page:16
491228,285023_44037,Martin Zlomislic,Bosnia and Herzegovina,GK,0,0,0,0,0,0,0,0,distribution,urn:gd:story:classification:gcp_distribution:competitionId:285023:attempted_switches_of_play:rank_asc:page:16,urn:gd:story:classification:gcp_distribution:competitionId:285023:attempted_switches_of_play:rank_asc:page:16
485379,285023_1895293,Shurandy Sambo,Curaçao,DF,3,100,0,0,0,0,0,0,distribution,urn:gd:story:classification:gcp_distribution:competitionId:285023:attempted_switches_of_play:rank_asc:page:16,urn:gd:story:classification:gcp_distribution:competitionId:285023:attempted_switches_of_play:rank_asc:page:16
519954,285023_44037,Jovo Lukic,Bosnia and Herzegovina,FW,13,54,0,0,1,0,0,0,distribution,urn:gd:story:classification:gcp_distribution:competitionId:285023:attempted_switches_of_play:rank_asc:page:16,urn:gd:story:classification:gcp_distribution:competitionId:285023:attempted_switches_of_play:rank_asc:page:16
489520,285023_44037,Nikola Katic,Bosnia and Herzegovina,DF,165,90,0,0,1,0,0,0,distribution,urn:gd:story:classification:gcp_distribution:competitionId:285023:attempted_switches_of_play:rank_asc:page:16,urn:gd:story:classification:gcp_distribution:competitionId:285023:attempted_switches_of_play:rank_asc:page:16
390650,285023_1895293,Eloy Room,Curaçao,GK,89,54,0,0,1,0,0,0,distribution,urn:gd:story:classification:gcp_distribution:competitionId:285023:attempted_switches_of_play:rank_asc:page:16,urn:gd:story:classification:gcp_distribution:competitionId:285023:attempted_switches_of_play:rank_asc:page:16
466372,285023_1895293,Gervane Kastaneer,Curaçao,FW,9,78,0,0,0,0,0,0,distribution,urn:gd:story:classification:gcp_distribution:competitionId:285023:attempted_switches_of_play:rank_asc:page:16,urn:gd:story:classification:gcp_distribution:competitionId:285023:attempted_switches_of_play:rank_asc:page:16
466365,285023_1895293,Kevin Felida,Curaçao,MF,0,0,0,0,0,0,0,0,distribution,urn:gd:story:classification:gcp_distribution:competitionId:285023:attempted_switches_of_play:rank_asc:page:16,urn:gd:story:classification:gcp_distribution:competitionId:285023:attempted_switches_of_play:rank_asc:page:16
522842,285023_44037,Mladen Jurkas,Bosnia and Herzegovina,GK,0,0,0,0,0,0,0,0,distribution,urn:gd:story:classification:gcp_distribution:competitionId:285023:attempted_switches_of_play:rank_asc:page:16,urn:gd:story:classification:gcp_distribution:competitionId:285023:attempted_switches_of_play:rank_asc:page:16
424056,285023_1895293,Sontje Hansen,Curaçao,FW,6,83,0,0,0,0,0,0,distribution,urn:gd:story:classification:gcp_distribution:competitionId:285023:attempted_switches_of_play:rank_asc:page:16,urn:gd:story:classification:gcp_distribution:competitionId:285023:attempted_switches_of_play:rank_asc:page:16
466363,285023_1895293,Jearl Margaritha,Curaçao,FW,8,100,0,0,0,0,0,0,distribution,urn:gd:story:classification:gcp_distribution:competitionId:285023:attempted_switches_of_play:rank_asc:page:16,urn:gd:story:classification:gcp_distribution:competitionId:285023:attempted_switches_of_play:rank_asc:page:16
466346,285023_1895293,Brandley Kuwas,Curaçao,FW,4,75,1,0,1,0,0,0,distribution,urn:gd:story:classification:gcp_distribution:competitionId:285023:attempted_switches_of_play:rank_asc:page:16,urn:gd:story:classification:gcp_distribution:competitionId:285023:attempted_switches_of_play:rank_asc:page:16
466382,285023_1895293,Trevor Doornbusch,Curaçao,GK,0,0,0,0,0,0,0,0,distribution,urn:gd:story:classification:gcp_distribution:competitionId:285023:attempted_switches_of_play:rank_asc:page:16,urn:gd:story:classification:gcp_distribution:competitionId:285023:attempted_switches_of_play:rank_asc:page:16
466361,285023_1895293,Roshon Van Eijma,Curaçao,DF,1,100,0,0,0,0,0,0,distribution,urn:gd:story:classification:gcp_distribution:competitionId:285023:attempted_switches_of_play:rank_asc:page:16,urn:gd:story:classification:gcp_distribution:competitionId:285023:attempted_switches_of_play:rank_asc:page:16
494989,285023_1895293,Livano Comenencia,Curaçao,MF,62,81,1,100,4,50,0,0,distribution,urn:gd:story:classification:gcp_distribution:competitionId:285023:attempted_switches_of_play:rank_asc:page:16,urn:gd:story:classification:gcp_distribution:competitionId:285023:attempted_switches_of_play:rank_asc:page:16
506473,285023_1895293,Tyrese Noslin,Curaçao,FW,9,56,3,33,1,0,0,0,distribution,urn:gd:story:classification:gcp_distribution:competitionId:285023:attempted_switches_of_play:rank_asc:page:16,urn:gd:story:classification:gcp_distribution:competitionId:285023:attempted_switches_of_play:rank_asc:page:16
466359,285023_1895293,Godfried Roemeratoe,Curaçao,MF,3,33,0,0,0,0,0,0,distribution,urn:gd:story:classification:gcp_distribution:competitionId:285023:attempted_switches_of_play:rank_asc:page:16,urn:gd:story:classification:gcp_distribution:competitionId:285023:attempted_switches_of_play:rank_asc:page:16
485347,285023_1895293,Tahith Chong,Curaçao,MF,61,84,0,0,11,64,0,0,distribution,urn:gd:story:classification:gcp_distribution:competitionId:285023:attempted_switches_of_play:rank_asc:page:16,urn:gd:story:classification:gcp_distribution:competitionId:285023:attempted_switches_of_play:rank_asc:page:16
485324,285023_1895293,Arjany Martha,Curaçao,MF,0,0,0,0,0,0,0,0,distribution,urn:gd:story:classification:gcp_distribution:competitionId:285023:attempted_switches_of_play:rank_asc:page:16,urn:gd:story:classification:gcp_distribution:competitionId:285023:attempted_switches_of_play:rank_asc:page:16
494640,285023_44037,Amar Memic,Bosnia and Herzegovina,MF,52,75,5,0,4,0,0,0,distribution,urn:gd:story:classification:gcp_distribution:competitionId:285023:attempted_switches_of_play:rank_asc:page:16,urn:gd:story:classification:gcp_distribution:competitionId:285023:attempted_switches_of_play:rank_asc:page:16
466352,285023_1895293,Kenji Gorre,Curaçao,FW,2,0,0,0,0,0,0,0,distribution,urn:gd:story:classification:gcp_distribution:competitionId:285023:attempted_switches_of_play:rank_asc:page:16,urn:gd:story:classification:gcp_distribution:competitionId:285023:attempted_switches_of_play:rank_asc:page:16
485063,285023_44037,Samed Bazdar,Bosnia and Herzegovina,FW,5,40,0,0,3,0,0,0,distribution,urn:gd:story:classification:gcp_distribution:competitionId:285023:attempted_switches_of_play:rank_asc:page:16,urn:gd:story:classification:gcp_distribution:competitionId:285023:attempted_switches_of_play:rank_asc:page:16
506471,285023_1895293,Deveron Fonville,Curaçao,DF,66,83,0,0,3,33,0,0,distribution,urn:gd:story:classification:gcp_distribution:competitionId:285023:attempted_switches_of_play:rank_asc:page:16,urn:gd:story:classification:gcp_distribution:competitionId:285023:attempted_switches_of_play:rank_asc:page:16
431698,285023_1895293,Jurien Gaari,Curaçao,DF,54,76,0,0,1,0,0,0,distribution,urn:gd:story:classification:gcp_distribution:competitionId:285023:attempted_switches_of_play:rank_asc:page:16,urn:gd:story:classification:gcp_distribution:competitionId:285023:attempted_switches_of_play:rank_asc:page:16
401023,285023_1895293,Joshua Brenet,Curaçao,DF,63,78,1,0,3,33,0,0,distribution,urn:gd:story:classification:gcp_distribution:competitionId:285023:attempted_switches_of_play:rank_asc:page:16,urn:gd:story:classification:gcp_distribution:competitionId:285023:attempted_switches_of_play:rank_asc:page:16
466370,285023_1895293,Tyrick Bodak,Curaçao,GK,0,0,0,0,0,0,0,0,distribution,urn:gd:story:classification:gcp_distribution:competitionId:285023:attempted_switches_of_play:rank_asc:page:16,urn:gd:story:classification:gcp_distribution:competitionId:285023:attempted_switches_of_play:rank_asc:page:16
483264,285023_43970,Viktor Johansson,Sweden,GK,0,0,0,0,0,0,0,0,distribution,urn:gd:story:classification:gcp_distribution:competitionId:285023:attempted_switches_of_play:rank_asc:page:16,urn:gd:story:classification:gcp_distribution:competitionId:285023:attempted_switches_of_play:rank_asc:page:16
518264,285023_44005,Avazbek Ulmasaliyev,Uzbekistan,DF,0,0,0,0,0,0,0,0,distribution,urn:gd:story:classification:gcp_distribution:competitionId:285023:attempted_switches_of_play:rank_asc:page:16,urn:gd:story:classification:gcp_distribution:competitionId:285023:attempted_switches_of_play:rank_asc:page:16
489689,285023_43970,Lucas Bergvall,Sweden,MF,88,91,2,0,2,100,0,0,distribution,urn:gd:story:classification:gcp_distribution:competitionId:285023:attempted_switches_of_play:rank_asc:page:16,urn:gd:story:classification:gcp_distribution:competitionId:285023:attempted_switches_of_play:rank_asc:page:16
442428,285023_43967,Aaron Hickey,Scotland,DF,42,90,1,0,1,100,0,0,distribution,urn:gd:story:classification:gcp_distribution:competitionId:285023:attempted_switches_of_play:rank_asc:page:16,urn:gd:story:classification:gcp_distribution:competitionId:285023:attempted_switches_of_play:rank_asc:page:16
486074,285023_43972,Can Uzun,Türkiye,FW,24,92,0,0,0,0,0,0,distribution,urn:gd:story:classification:gcp_distribution:competitionId:285023:attempted_switches_of_play:rank_asc:page:16,urn:gd:story:classification:gcp_distribution:competitionId:285023:attempted_switches_of_play:rank_asc:page:16
371345,285023_44005,Odiljon Xamrobekov,Uzbekistan,MF,43,88,0,0,1,0,0,0,distribution,urn:gd:story:classification:gcp_distribution:competitionId:285023:attempted_switches_of_play:rank_asc:page:17,urn:gd:story:classification:gcp_distribution:competitionId:285023:attempted_switches_of_play:rank_asc:page:17
371142,285023_43978,Alex Rufer,New Zealand,MF,0,0,0,0,0,0,0,0,distribution,urn:gd:story:classification:gcp_distribution:competitionId:285023:attempted_switches_of_play:rank_asc:page:17,urn:gd:story:classification:gcp_distribution:competitionId:285023:attempted_switches_of_play:rank_asc:page:17
493221,285023_43971,Miro Muheim,Switzerland,DF,6,67,0,0,0,0,0,0,distribution,urn:gd:story:classification:gcp_distribution:competitionId:285023:attempted_switches_of_play:rank_asc:page:17,urn:gd:story:classification:gcp_distribution:competitionId:285023:attempted_switches_of_play:rank_asc:page:17
514639,285023_43970,Herman Johansson,Sweden,DF,0,0,0,0,0,0,0,0,distribution,urn:gd:story:classification:gcp_distribution:competitionId:285023:attempted_switches_of_play:rank_asc:page:17,urn:gd:story:classification:gcp_distribution:competitionId:285023:attempted_switches_of_play:rank_asc:page:17
430098,285023_43967,Lyndon Dykes,Scotland,FW,11,64,1,0,4,25,0,0,distribution,urn:gd:story:classification:gcp_distribution:competitionId:285023:attempted_switches_of_play:rank_asc:page:17,urn:gd:story:classification:gcp_distribution:competitionId:285023:attempted_switches_of_play:rank_asc:page:17
321697,285023_43976,Mathew Leckie,Australia,FW,10,70,1,0,0,0,0,0,distribution,urn:gd:story:classification:gcp_distribution:competitionId:285023:attempted_switches_of_play:rank_asc:page:17,urn:gd:story:classification:gcp_distribution:competitionId:285023:attempted_switches_of_play:rank_asc:page:17
448114,285023_43971,Dan Ndoye,Switzerland,FW,61,85,8,0,5,60,0,0,distribution,urn:gd:story:classification:gcp_distribution:competitionId:285023:attempted_switches_of_play:rank_asc:page:17,urn:gd:story:classification:gcp_distribution:competitionId:285023:attempted_switches_of_play:rank_asc:page:17
405469,285023_43978,Liberato Cacace,New Zealand,DF,88,85,6,17,4,25,0,0,distribution,urn:gd:story:classification:gcp_distribution:competitionId:285023:attempted_switches_of_play:rank_asc:page:17,urn:gd:story:classification:gcp_distribution:competitionId:285023:attempted_switches_of_play:rank_asc:page:17
493061,285023_43970,Eric Smith,Sweden,DF,0,0,0,0,0,0,0,0,distribution,urn:gd:story:classification:gcp_distribution:competitionId:285023:attempted_switches_of_play:rank_asc:page:17,urn:gd:story:classification:gcp_distribution:competitionId:285023:attempted_switches_of_play:rank_asc:page:17
430196,285023_44037,Amir Hadziahmetovic,Bosnia and Herzegovina,MF,3,100,1,0,0,0,0,0,distribution,urn:gd:story:classification:gcp_distribution:competitionId:285023:attempted_switches_of_play:rank_asc:page:17,urn:gd:story:classification:gcp_distribution:competitionId:285023:attempted_switches_of_play:rank_asc:page:17
406606,285023_43976,Awer Mabil,Australia,FW,8,63,1,0,0,0,0,0,distribution,urn:gd:story:classification:gcp_distribution:competitionId:285023:attempted_switches_of_play:rank_asc:page:17,urn:gd:story:classification:gcp_distribution:competitionId:285023:attempted_switches_of_play:rank_asc:page:17
331463,285023_43978,Tim Payne,New Zealand,DF,87,83,9,11,3,0,0,0,distribution,urn:gd:story:classification:gcp_distribution:competitionId:285023:attempted_switches_of_play:rank_asc:page:17,urn:gd:story:classification:gcp_distribution:competitionId:285023:attempted_switches_of_play:rank_asc:page:17
495347,285023_43972,Deniz Gul,Türkiye,FW,0,0,0,0,0,0,0,0,distribution,urn:gd:story:classification:gcp_distribution:competitionId:285023:attempted_switches_of_play:rank_asc:page:17,urn:gd:story:classification:gcp_distribution:competitionId:285023:attempted_switches_of_play:rank_asc:page:17
484862,285023_43971,Marvin Keller,Switzerland,GK,0,0,0,0,0,0,0,0,distribution,urn:gd:story:classification:gcp_distribution:competitionId:285023:attempted_switches_of_play:rank_asc:page:17,urn:gd:story:classification:gcp_distribution:competitionId:285023:attempted_switches_of_play:rank_asc:page:17
382739,285023_43969,Marcos Llorente,Spain,DF,144,93,6,33,5,80,0,0,distribution,urn:gd:story:classification:gcp_distribution:competitionId:285023:attempted_switches_of_play:rank_asc:page:17,urn:gd:story:classification:gcp_distribution:competitionId:285023:attempted_switches_of_play:rank_asc:page:17
430754,285023_43969,Martin Zubimendi,Spain,MF,0,0,0,0,0,0,0,0,distribution,urn:gd:story:classification:gcp_distribution:competitionId:285023:attempted_switches_of_play:rank_asc:page:17,urn:gd:story:classification:gcp_distribution:competitionId:285023:attempted_switches_of_play:rank_asc:page:17
484728,285023_43969,Marc Pubill,Spain,DF,2,100,0,0,0,0,0,0,distribution,urn:gd:story:classification:gcp_distribution:competitionId:285023:attempted_switches_of_play:rank_asc:page:17,urn:gd:story:classification:gcp_distribution:competitionId:285023:attempted_switches_of_play:rank_asc:page:17
448104,285023_43971,Cedric Itten,Switzerland,FW,2,50,1,0,0,0,0,0,distribution,urn:gd:story:classification:gcp_distribution:competitionId:285023:attempted_switches_of_play:rank_asc:page:17,urn:gd:story:classification:gcp_distribution:competitionId:285023:attempted_switches_of_play:rank_asc:page:17
391297,285023_43969,Alex Grimaldo,Spain,DF,0,0,0,0,0,0,0,0,distribution,urn:gd:story:classification:gcp_distribution:competitionId:285023:attempted_switches_of_play:rank_asc:page:17,urn:gd:story:classification:gcp_distribution:competitionId:285023:attempted_switches_of_play:rank_asc:page:17
385475,285023_44005,Eldor Shomurodov,Uzbekistan,FW,72,72,1,0,4,25,0,0,distribution,urn:gd:story:classification:gcp_distribution:competitionId:285023:attempted_switches_of_play:rank_asc:page:17,urn:gd:story:classification:gcp_distribution:competitionId:285023:attempted_switches_of_play:rank_asc:page:17
482978,285023_44037,Nikola Vasilj,Bosnia and Herzegovina,GK,155,61,0,0,4,0,0,0,distribution,urn:gd:story:classification:gcp_distribution:competitionId:285023:attempted_switches_of_play:rank_asc:page:17,urn:gd:story:classification:gcp_distribution:competitionId:285023:attempted_switches_of_play:rank_asc:page:17
504931,285023_43976,Lucas Herrington,Australia,DF,106,95,0,0,0,0,0,0,distribution,urn:gd:story:classification:gcp_distribution:competitionId:285023:attempted_switches_of_play:rank_asc:page:17,urn:gd:story:classification:gcp_distribution:competitionId:285023:attempted_switches_of_play:rank_asc:page:17
433754,285023_43995,Adam Hlozek,Czechia,FW,26,69,1,100,1,100,0,0,distribution,urn:gd:story:classification:gcp_distribution:competitionId:285023:attempted_switches_of_play:rank_asc:page:17,urn:gd:story:classification:gcp_distribution:competitionId:285023:attempted_switches_of_play:rank_asc:page:17
484072,285023_43972,Samet Akaydin,Türkiye,DF,0,0,0,0,0,0,0,0,distribution,urn:gd:story:classification:gcp_distribution:competitionId:285023:attempted_switches_of_play:rank_asc:page:17,urn:gd:story:classification:gcp_distribution:competitionId:285023:attempted_switches_of_play:rank_asc:page:17
401167,285023_43972,Caglar Soyuncu,Türkiye,DF,4,75,0,0,0,0,0,0,distribution,urn:gd:story:classification:gcp_distribution:competitionId:285023:attempted_switches_of_play:rank_asc:page:17,urn:gd:story:classification:gcp_distribution:competitionId:285023:attempted_switches_of_play:rank_asc:page:17
442429,285023_43967,Liam Kelly,Scotland,GK,0,0,0,0,0,0,0,0,distribution,urn:gd:story:classification:gcp_distribution:competitionId:285023:attempted_switches_of_play:rank_asc:page:17,urn:gd:story:classification:gcp_distribution:competitionId:285023:attempted_switches_of_play:rank_asc:page:17
423574,285023_43978,Alex Paulsen,New Zealand,GK,0,0,0,0,0,0,0,0,distribution,urn:gd:story:classification:gcp_distribution:competitionId:285023:attempted_switches_of_play:rank_asc:page:17,urn:gd:story:classification:gcp_distribution:competitionId:285023:attempted_switches_of_play:rank_asc:page:17
390205,285023_43978,Logan Rogerson,New Zealand,FW,0,0,0,0,0,0,0,0,distribution,urn:gd:story:classification:gcp_distribution:competitionId:285023:attempted_switches_of_play:rank_asc:page:17,urn:gd:story:classification:gcp_distribution:competitionId:285023:attempted_switches_of_play:rank_asc:page:17
423658,285023_43969,Yeremy Pino,Spain,FW,29,86,1,0,0,0,0,0,distribution,urn:gd:story:classification:gcp_distribution:competitionId:285023:attempted_switches_of_play:rank_asc:page:17,urn:gd:story:classification:gcp_distribution:competitionId:285023:attempted_switches_of_play:rank_asc:page:17
483936,285023_43995,David Doudera,Czechia,DF,47,72,4,25,3,0,0,0,distribution,urn:gd:story:classification:gcp_distribution:competitionId:285023:attempted_switches_of_play:rank_asc:page:17,urn:gd:story:classification:gcp_distribution:competitionId:285023:attempted_switches_of_play:rank_asc:page:17
484073,285023_43967,Dominic Hyam,Scotland,DF,0,0,0,0,0,0,0,0,distribution,urn:gd:story:classification:gcp_distribution:competitionId:285023:attempted_switches_of_play:rank_asc:page:17,urn:gd:story:classification:gcp_distribution:competitionId:285023:attempted_switches_of_play:rank_asc:page:17
433147,285023_43971,Michel Aebischer,Switzerland,MF,76,87,6,0,3,33,0,0,distribution,urn:gd:story:classification:gcp_distribution:competitionId:285023:attempted_switches_of_play:rank_asc:page:17,urn:gd:story:classification:gcp_distribution:competitionId:285023:attempted_switches_of_play:rank_asc:page:17
486082,285023_43995,Pavel Sulc,Czechia,FW,51,76,1,100,3,0,0,0,distribution,urn:gd:story:classification:gcp_distribution:competitionId:285023:attempted_switches_of_play:rank_asc:page:17,urn:gd:story:classification:gcp_distribution:competitionId:285023:attempted_switches_of_play:rank_asc:page:17
447855,285023_43969,Nico Williams,Spain,FW,17,76,2,0,3,67,0,0,distribution,urn:gd:story:classification:gcp_distribution:competitionId:285023:attempted_switches_of_play:rank_asc:page:17,urn:gd:story:classification:gcp_distribution:competitionId:285023:attempted_switches_of_play:rank_asc:page:17
489691,285023_43970,Gustaf Nilsson,Sweden,FW,2,50,0,0,0,0,0,0,distribution,urn:gd:story:classification:gcp_distribution:competitionId:285023:attempted_switches_of_play:rank_asc:page:17,urn:gd:story:classification:gcp_distribution:competitionId:285023:attempted_switches_of_play:rank_asc:page:17
402021,285023_43971,Remo Freuler,Switzerland,MF,205,92,3,33,6,67,0,0,distribution,urn:gd:story:classification:gcp_distribution:competitionId:285023:attempted_switches_of_play:rank_asc:page:17,urn:gd:story:classification:gcp_distribution:competitionId:285023:attempted_switches_of_play:rank_asc:page:17
494557,285023_43976,Patrick Beach,Australia,GK,122,65,0,0,3,0,0,0,distribution,urn:gd:story:classification:gcp_distribution:competitionId:285023:attempted_switches_of_play:rank_asc:page:17,urn:gd:story:classification:gcp_distribution:competitionId:285023:attempted_switches_of_play:rank_asc:page:17
511118,285023_43995,Lukas Hornicek,Czechia,GK,0,0,0,0,0,0,0,0,distribution,urn:gd:story:classification:gcp_distribution:competitionId:285023:attempted_switches_of_play:rank_asc:page:17,urn:gd:story:classification:gcp_distribution:competitionId:285023:attempted_switches_of_play:rank_asc:page:17
523007,285023_43967,Tyler Fletcher,Scotland,MF,0,0,0,0,0,0,0,0,distribution,urn:gd:story:classification:gcp_distribution:competitionId:285023:attempted_switches_of_play:rank_asc:page:17,urn:gd:story:classification:gcp_distribution:competitionId:285023:attempted_switches_of_play:rank_asc:page:17
518200,285023_43976,Tete Yengi,Australia,FW,5,60,1,0,2,0,0,0,distribution,urn:gd:story:classification:gcp_distribution:competitionId:285023:attempted_switches_of_play:rank_asc:page:17,urn:gd:story:classification:gcp_distribution:competitionId:285023:attempted_switches_of_play:rank_asc:page:17
360498,285023_43972,Mert Gunok,Türkiye,GK,0,0,0,0,0,0,0,0,distribution,urn:gd:story:classification:gcp_distribution:competitionId:285023:attempted_switches_of_play:rank_asc:page:17,urn:gd:story:classification:gcp_distribution:competitionId:285023:attempted_switches_of_play:rank_asc:page:17
406249,285023_43972,Ozan Kabak,Türkiye,DF,36,72,0,0,2,0,0,0,distribution,urn:gd:story:classification:gcp_distribution:competitionId:285023:attempted_switches_of_play:rank_asc:page:17,urn:gd:story:classification:gcp_distribution:competitionId:285023:attempted_switches_of_play:rank_asc:page:17
484691,285023_43969,Joan Garcia,Spain,GK,0,0,0,0,0,0,0,0,distribution,urn:gd:story:classification:gcp_distribution:competitionId:285023:attempted_switches_of_play:rank_asc:page:17,urn:gd:story:classification:gcp_distribution:competitionId:285023:attempted_switches_of_play:rank_asc:page:17
448120,285023_43971,Ardon Jashari,Switzerland,MF,8,88,0,0,0,0,0,0,distribution,urn:gd:story:classification:gcp_distribution:competitionId:285023:attempted_switches_of_play:rank_asc:page:17,urn:gd:story:classification:gcp_distribution:competitionId:285023:attempted_switches_of_play:rank_asc:page:17
395286,285023_43970,Ken Sema,Sweden,MF,3,100,0,0,0,0,0,0,distribution,urn:gd:story:classification:gcp_distribution:competitionId:285023:attempted_switches_of_play:rank_asc:page:17,urn:gd:story:classification:gcp_distribution:competitionId:285023:attempted_switches_of_play:rank_asc:page:17
368545,285023_44005,Jamshid Iskanderov,Uzbekistan,MF,17,65,1,0,2,50,0,0,distribution,urn:gd:story:classification:gcp_distribution:competitionId:285023:attempted_switches_of_play:rank_asc:page:17,urn:gd:story:classification:gcp_distribution:competitionId:285023:attempted_switches_of_play:rank_asc:page:17
419572,285023_43978,Nando Pijnaker,New Zealand,DF,0,0,0,0,0,0,0,0,distribution,urn:gd:story:classification:gcp_distribution:competitionId:285023:attempted_switches_of_play:rank_asc:page:17,urn:gd:story:classification:gcp_distribution:competitionId:285023:attempted_switches_of_play:rank_asc:page:17
442430,285023_43967,John Souttar,Scotland,DF,0,0,0,0,0,0,0,0,distribution,urn:gd:story:classification:gcp_distribution:competitionId:285023:attempted_switches_of_play:rank_asc:page:17,urn:gd:story:classification:gcp_distribution:competitionId:285023:attempted_switches_of_play:rank_asc:page:17
479084,285023_44005,Umar Eshmurodov,Uzbekistan,DF,0,0,0,0,0,0,0,0,distribution,urn:gd:story:classification:gcp_distribution:competitionId:285023:attempted_switches_of_play:rank_asc:page:17,urn:gd:story:classification:gcp_distribution:competitionId:285023:attempted_switches_of_play:rank_asc:page:17
484045,285023_43967,Lawrence Shankland,Scotland,FW,34,59,0,0,2,0,0,0,distribution,urn:gd:story:classification:gcp_distribution:competitionId:285023:attempted_switches_of_play:rank_asc:page:17,urn:gd:story:classification:gcp_distribution:competitionId:285023:attempted_switches_of_play:rank_asc:page:17
519958,285023_43970,Elliot Stroud,Sweden,DF,49,78,6,33,6,50,0,0,distribution,urn:gd:story:classification:gcp_distribution:competitionId:285023:attempted_switches_of_play:rank_asc:page:18,urn:gd:story:classification:gcp_distribution:competitionId:285023:attempted_switches_of_play:rank_asc:page:18
448127,285023_43971,Noah Okafor,Switzerland,FW,9,78,0,0,2,0,0,0,distribution,urn:gd:story:classification:gcp_distribution:competitionId:285023:attempted_switches_of_play:rank_asc:page:18,urn:gd:story:classification:gcp_distribution:competitionId:285023:attempted_switches_of_play:rank_asc:page:18
448136,285023_43971,Eray Coemert,Switzerland,DF,0,0,0,0,0,0,0,0,distribution,urn:gd:story:classification:gcp_distribution:competitionId:285023:attempted_switches_of_play:rank_asc:page:18,urn:gd:story:classification:gcp_distribution:competitionId:285023:attempted_switches_of_play:rank_asc:page:18
368546,285023_44005,Igor Sergeev,Uzbekistan,FW,4,100,0,0,0,0,0,0,distribution,urn:gd:story:classification:gcp_distribution:competitionId:285023:attempted_switches_of_play:rank_asc:page:18,urn:gd:story:classification:gcp_distribution:competitionId:285023:attempted_switches_of_play:rank_asc:page:18
339117,285023_43976,Mathew Ryan,Australia,GK,0,0,0,0,0,0,0,0,distribution,urn:gd:story:classification:gcp_distribution:competitionId:285023:attempted_switches_of_play:rank_asc:page:18,urn:gd:story:classification:gcp_distribution:competitionId:285023:attempted_switches_of_play:rank_asc:page:18
491255,285023_43970,Daniel Svensson,Sweden,DF,46,83,2,50,3,33,0,0,distribution,urn:gd:story:classification:gcp_distribution:competitionId:285023:attempted_switches_of_play:rank_asc:page:18,urn:gd:story:classification:gcp_distribution:competitionId:285023:attempted_switches_of_play:rank_asc:page:18
430097,285023_43967,Ryan Christie,Scotland,MF,35,83,1,100,1,100,0,0,distribution,urn:gd:story:classification:gcp_distribution:competitionId:285023:attempted_switches_of_play:rank_asc:page:18,urn:gd:story:classification:gcp_distribution:competitionId:285023:attempted_switches_of_play:rank_asc:page:18
336641,285023_43978,Ryan Thomas,New Zealand,MF,25,72,1,0,2,0,0,0,distribution,urn:gd:story:classification:gcp_distribution:competitionId:285023:attempted_switches_of_play:rank_asc:page:18,urn:gd:story:classification:gcp_distribution:competitionId:285023:attempted_switches_of_play:rank_asc:page:18
368535,285023_43978,Max Crocombe,New Zealand,GK,107,73,0,0,4,0,0,0,distribution,urn:gd:story:classification:gcp_distribution:competitionId:285023:attempted_switches_of_play:rank_asc:page:18,urn:gd:story:classification:gcp_distribution:competitionId:285023:attempted_switches_of_play:rank_asc:page:18
423575,285023_43978,Ben Old,New Zealand,MF,33,76,1,0,2,0,0,0,distribution,urn:gd:story:classification:gcp_distribution:competitionId:285023:attempted_switches_of_play:rank_asc:page:18,urn:gd:story:classification:gcp_distribution:competitionId:285023:attempted_switches_of_play:rank_asc:page:18
389886,285023_44037,Dzenis Burnic,Bosnia and Herzegovina,MF,8,88,0,0,0,0,0,0,distribution,urn:gd:story:classification:gcp_distribution:competitionId:285023:attempted_switches_of_play:rank_asc:page:18,urn:gd:story:classification:gcp_distribution:competitionId:285023:attempted_switches_of_play:rank_asc:page:18
404885,285023_43995,Tomas Soucek,Czechia,MF,44,80,0,0,2,50,0,0,distribution,urn:gd:story:classification:gcp_distribution:competitionId:285023:attempted_switches_of_play:rank_asc:page:18,urn:gd:story:classification:gcp_distribution:competitionId:285023:attempted_switches_of_play:rank_asc:page:18
484864,285023_43971,Aurele Amenda,Switzerland,DF,0,0,0,0,0,0,0,0,distribution,urn:gd:story:classification:gcp_distribution:competitionId:285023:attempted_switches_of_play:rank_asc:page:18,urn:gd:story:classification:gcp_distribution:competitionId:285023:attempted_switches_of_play:rank_asc:page:18
482969,285023_44037,Nihad Mujakic,Bosnia and Herzegovina,DF,0,0,0,0,0,0,0,0,distribution,urn:gd:story:classification:gcp_distribution:competitionId:285023:attempted_switches_of_play:rank_asc:page:18,urn:gd:story:classification:gcp_distribution:competitionId:285023:attempted_switches_of_play:rank_asc:page:18
406231,285023_43972,Yunus Akgun,Türkiye,FW,52,79,2,50,2,0,0,0,distribution,urn:gd:story:classification:gcp_distribution:competitionId:285023:attempted_switches_of_play:rank_asc:page:18,urn:gd:story:classification:gcp_distribution:competitionId:285023:attempted_switches_of_play:rank_asc:page:18
430437,285023_43976,Cameron Devlin,Australia,MF,0,0,0,0,0,0,0,0,distribution,urn:gd:story:classification:gcp_distribution:competitionId:285023:attempted_switches_of_play:rank_asc:page:18,urn:gd:story:classification:gcp_distribution:competitionId:285023:attempted_switches_of_play:rank_asc:page:18
510908,285023_43971,Luca Jaquez,Switzerland,DF,41,76,2,0,4,50,0,0,distribution,urn:gd:story:classification:gcp_distribution:competitionId:285023:attempted_switches_of_play:rank_asc:page:18,urn:gd:story:classification:gcp_distribution:competitionId:285023:attempted_switches_of_play:rank_asc:page:18
506775,285023_43995,Hugo Sochurek,Czechia,MF,0,0,0,0,0,0,0,0,distribution,urn:gd:story:classification:gcp_distribution:competitionId:285023:attempted_switches_of_play:rank_asc:page:18,urn:gd:story:classification:gcp_distribution:competitionId:285023:attempted_switches_of_play:rank_asc:page:18
494411,285023_43976,Kai Trewin,Australia,DF,31,87,2,0,1,0,0,0,distribution,urn:gd:story:classification:gcp_distribution:competitionId:285023:attempted_switches_of_play:rank_asc:page:18,urn:gd:story:classification:gcp_distribution:competitionId:285023:attempted_switches_of_play:rank_asc:page:18
483961,285023_43995,Tomas Chory,Czechia,FW,8,88,0,0,1,0,0,0,distribution,urn:gd:story:classification:gcp_distribution:competitionId:285023:attempted_switches_of_play:rank_asc:page:18,urn:gd:story:classification:gcp_distribution:competitionId:285023:attempted_switches_of_play:rank_asc:page:18
433755,285023_43995,David Zima,Czechia,DF,7,86,0,0,0,0,0,0,distribution,urn:gd:story:classification:gcp_distribution:competitionId:285023:attempted_switches_of_play:rank_asc:page:18,urn:gd:story:classification:gcp_distribution:competitionId:285023:attempted_switches_of_play:rank_asc:page:18
519985,285023_43995,Denis Visinsky,Czechia,FW,14,100,0,0,0,0,0,0,distribution,urn:gd:story:classification:gcp_distribution:competitionId:285023:attempted_switches_of_play:rank_asc:page:18,urn:gd:story:classification:gcp_distribution:competitionId:285023:attempted_switches_of_play:rank_asc:page:18
261367,285023_43978,Michael Boxall,New Zealand,DF,115,90,1,100,0,0,0,0,distribution,urn:gd:story:classification:gcp_distribution:competitionId:285023:attempted_switches_of_play:rank_asc:page:18,urn:gd:story:classification:gcp_distribution:competitionId:285023:attempted_switches_of_play:rank_asc:page:18
419577,285023_43978,Ben Waine,New Zealand,FW,0,0,0,0,0,0,0,0,distribution,urn:gd:story:classification:gcp_distribution:competitionId:285023:attempted_switches_of_play:rank_asc:page:18,urn:gd:story:classification:gcp_distribution:competitionId:285023:attempted_switches_of_play:rank_asc:page:18
331149,285023_43976,Milos Degenek,Australia,DF,0,0,0,0,0,0,0,0,distribution,urn:gd:story:classification:gcp_distribution:competitionId:285023:attempted_switches_of_play:rank_asc:page:18,urn:gd:story:classification:gcp_distribution:competitionId:285023:attempted_switches_of_play:rank_asc:page:18
502946,285023_43970,Benjamin Nygren,Sweden,MF,50,92,6,33,4,50,0,0,distribution,urn:gd:story:classification:gcp_distribution:competitionId:285023:attempted_switches_of_play:rank_asc:page:18,urn:gd:story:classification:gcp_distribution:competitionId:285023:attempted_switches_of_play:rank_asc:page:18
448112,285023_43971,Zeki Amdouni,Switzerland,FW,6,67,0,0,0,0,0,0,distribution,urn:gd:story:classification:gcp_distribution:competitionId:285023:attempted_switches_of_play:rank_asc:page:18,urn:gd:story:classification:gcp_distribution:competitionId:285023:attempted_switches_of_play:rank_asc:page:18
419567,285023_43978,Callan Elliot,New Zealand,DF,6,67,0,0,0,0,0,0,distribution,urn:gd:story:classification:gcp_distribution:competitionId:285023:attempted_switches_of_play:rank_asc:page:18,urn:gd:story:classification:gcp_distribution:competitionId:285023:attempted_switches_of_play:rank_asc:page:18
472877,285023_43972,Irfan Can Kahveci,Türkiye,FW,2,100,0,0,0,0,0,0,distribution,urn:gd:story:classification:gcp_distribution:competitionId:285023:attempted_switches_of_play:rank_asc:page:18,urn:gd:story:classification:gcp_distribution:competitionId:285023:attempted_switches_of_play:rank_asc:page:18
401481,285023_43995,Patrik Schick,Czechia,FW,28,86,0,0,3,33,0,0,distribution,urn:gd:story:classification:gcp_distribution:competitionId:285023:attempted_switches_of_play:rank_asc:page:18,urn:gd:story:classification:gcp_distribution:competitionId:285023:attempted_switches_of_play:rank_asc:page:18
385472,285023_44005,Botirali Ergashev,Uzbekistan,GK,0,0,0,0,0,0,0,0,distribution,urn:gd:story:classification:gcp_distribution:competitionId:285023:attempted_switches_of_play:rank_asc:page:18,urn:gd:story:classification:gcp_distribution:competitionId:285023:attempted_switches_of_play:rank_asc:page:18
479075,285023_44005,Sherzod Nasrullaev,Uzbekistan,DF,48,73,3,0,5,0,0,0,distribution,urn:gd:story:classification:gcp_distribution:competitionId:285023:attempted_switches_of_play:rank_asc:page:18,urn:gd:story:classification:gcp_distribution:competitionId:285023:attempted_switches_of_play:rank_asc:page:18
376230,285023_44037,Sead Kolasinac,Bosnia and Herzegovina,DF,173,82,9,11,5,20,0,0,distribution,urn:gd:story:classification:gcp_distribution:competitionId:285023:attempted_switches_of_play:rank_asc:page:18,urn:gd:story:classification:gcp_distribution:competitionId:285023:attempted_switches_of_play:rank_asc:page:18
447853,285023_43969,David Raya,Spain,GK,0,0,0,0,0,0,0,0,distribution,urn:gd:story:classification:gcp_distribution:competitionId:285023:attempted_switches_of_play:rank_asc:page:18,urn:gd:story:classification:gcp_distribution:competitionId:285023:attempted_switches_of_play:rank_asc:page:18
503047,285023_43970,Besfort Zeneli,Sweden,MF,38,89,2,0,2,50,0,0,distribution,urn:gd:story:classification:gcp_distribution:competitionId:285023:attempted_switches_of_play:rank_asc:page:18,urn:gd:story:classification:gcp_distribution:competitionId:285023:attempted_switches_of_play:rank_asc:page:18
339112,285023_43976,Jason Geria,Australia,DF,23,78,1,0,0,0,0,0,distribution,urn:gd:story:classification:gcp_distribution:competitionId:285023:attempted_switches_of_play:rank_asc:page:18,urn:gd:story:classification:gcp_distribution:competitionId:285023:attempted_switches_of_play:rank_asc:page:18
441180,285023_43972,Altay Bayindir,Türkiye,GK,0,0,0,0,0,0,0,0,distribution,urn:gd:story:classification:gcp_distribution:competitionId:285023:attempted_switches_of_play:rank_asc:page:18,urn:gd:story:classification:gcp_distribution:competitionId:285023:attempted_switches_of_play:rank_asc:page:18
447864,285023_43969,Borja Iglesias,Spain,FW,0,0,0,0,0,0,0,0,distribution,urn:gd:story:classification:gcp_distribution:competitionId:285023:attempted_switches_of_play:rank_asc:page:18,urn:gd:story:classification:gcp_distribution:competitionId:285023:attempted_switches_of_play:rank_asc:page:18
448107,285023_43971,Gregor Kobel,Switzerland,GK,160,78,0,0,3,0,0,0,distribution,urn:gd:story:classification:gcp_distribution:competitionId:285023:attempted_switches_of_play:rank_asc:page:18,urn:gd:story:classification:gcp_distribution:competitionId:285023:attempted_switches_of_play:rank_asc:page:18
385139,285023_44005,Farrukh Sayfiev,Uzbekistan,DF,14,86,1,0,2,100,0,0,distribution,urn:gd:story:classification:gcp_distribution:competitionId:285023:attempted_switches_of_play:rank_asc:page:18,urn:gd:story:classification:gcp_distribution:competitionId:285023:attempted_switches_of_play:rank_asc:page:18
489685,285023_43970,Jacob Widell Zetterstrom,Sweden,GK,73,53,0,0,6,17,0,0,distribution,urn:gd:story:classification:gcp_distribution:competitionId:285023:attempted_switches_of_play:rank_asc:page:18,urn:gd:story:classification:gcp_distribution:competitionId:285023:attempted_switches_of_play:rank_asc:page:18
464897,285023_44005,Sherzod Esanov,Uzbekistan,MF,1,100,0,0,0,0,0,0,distribution,urn:gd:story:classification:gcp_distribution:competitionId:285023:attempted_switches_of_play:rank_asc:page:18,urn:gd:story:classification:gcp_distribution:competitionId:285023:attempted_switches_of_play:rank_asc:page:18
442433,285023_43967,Ross Stewart,Scotland,FW,0,0,0,0,0,0,0,0,distribution,urn:gd:story:classification:gcp_distribution:competitionId:285023:attempted_switches_of_play:rank_asc:page:18,urn:gd:story:classification:gcp_distribution:competitionId:285023:attempted_switches_of_play:rank_asc:page:18
441171,285023_43995,Jan Kuchta,Czechia,FW,0,0,0,0,0,0,0,0,distribution,urn:gd:story:classification:gcp_distribution:competitionId:285023:attempted_switches_of_play:rank_asc:page:18,urn:gd:story:classification:gcp_distribution:competitionId:285023:attempted_switches_of_play:rank_asc:page:18
484051,285023_43967,Kenny Mclean,Scotland,MF,63,89,2,50,2,100,0,0,distribution,urn:gd:story:classification:gcp_distribution:competitionId:285023:attempted_switches_of_play:rank_asc:page:18,urn:gd:story:classification:gcp_distribution:competitionId:285023:attempted_switches_of_play:rank_asc:page:18
390196,285023_43978,Callum Mccowatt,New Zealand,MF,93,84,2,0,3,33,0,0,distribution,urn:gd:story:classification:gcp_distribution:competitionId:285023:attempted_switches_of_play:rank_asc:page:18,urn:gd:story:classification:gcp_distribution:competitionId:285023:attempted_switches_of_play:rank_asc:page:18
448124,285023_43971,Christian Fassnacht,Switzerland,FW,5,100,0,0,0,0,0,0,distribution,urn:gd:story:classification:gcp_distribution:competitionId:285023:attempted_switches_of_play:rank_asc:page:18,urn:gd:story:classification:gcp_distribution:competitionId:285023:attempted_switches_of_play:rank_asc:page:18
464566,285023_44037,Esmir Bajraktarevic,Bosnia and Herzegovina,FW,71,82,8,0,0,0,0,0,distribution,urn:gd:story:classification:gcp_distribution:competitionId:285023:attempted_switches_of_play:rank_asc:page:18,urn:gd:story:classification:gcp_distribution:competitionId:285023:attempted_switches_of_play:rank_asc:page:18
484011,285023_43995,Lukas Provod,Czechia,MF,48,77,2,50,3,100,0,0,distribution,urn:gd:story:classification:gcp_distribution:competitionId:285023:attempted_switches_of_play:rank_asc:page:18,urn:gd:story:classification:gcp_distribution:competitionId:285023:attempted_switches_of_play:rank_asc:page:18
441132,285023_43970,Carl Starfelt,Sweden,DF,12,92,0,0,0,0,0,0,distribution,urn:gd:story:classification:gcp_distribution:competitionId:285023:attempted_switches_of_play:rank_asc:page:18,urn:gd:story:classification:gcp_distribution:competitionId:285023:attempted_switches_of_play:rank_asc:page:18
441166,285023_43995,Jaroslav Zeleny,Czechia,DF,47,74,2,50,1,0,0,0,distribution,urn:gd:story:classification:gcp_distribution:competitionId:285023:attempted_switches_of_play:rank_asc:page:19,urn:gd:story:classification:gcp_distribution:competitionId:285023:attempted_switches_of_play:rank_asc:page:19
441135,285023_43970,Jesper Karlstrom,Sweden,MF,37,84,0,0,2,50,0,0,distribution,urn:gd:story:classification:gcp_distribution:competitionId:285023:attempted_switches_of_play:rank_asc:page:19,urn:gd:story:classification:gcp_distribution:competitionId:285023:attempted_switches_of_play:rank_asc:page:19
436743,285023_44037,Ermedin Demirovic,Bosnia and Herzegovina,FW,39,74,0,0,5,80,0,0,distribution,urn:gd:story:classification:gcp_distribution:competitionId:285023:attempted_switches_of_play:rank_asc:page:19,urn:gd:story:classification:gcp_distribution:competitionId:285023:attempted_switches_of_play:rank_asc:page:19
514202,285023_43970,Taha Ali,Sweden,FW,16,94,1,0,2,100,0,0,distribution,urn:gd:story:classification:gcp_distribution:competitionId:285023:attempted_switches_of_play:rank_asc:page:19,urn:gd:story:classification:gcp_distribution:competitionId:285023:attempted_switches_of_play:rank_asc:page:19
401448,285023_43971,Denis Zakaria,Switzerland,MF,105,88,11,18,5,100,0,0,distribution,urn:gd:story:classification:gcp_distribution:competitionId:285023:attempted_switches_of_play:rank_asc:page:19,urn:gd:story:classification:gcp_distribution:competitionId:285023:attempted_switches_of_play:rank_asc:page:19
482984,285023_44037,Haris Tabakovic,Bosnia and Herzegovina,FW,1,100,0,0,0,0,0,0,distribution,urn:gd:story:classification:gcp_distribution:competitionId:285023:attempted_switches_of_play:rank_asc:page:19,urn:gd:story:classification:gcp_distribution:competitionId:285023:attempted_switches_of_play:rank_asc:page:19
484817,285023_43978,Lachlan Bayliss,New Zealand,MF,0,0,0,0,0,0,0,0,distribution,urn:gd:story:classification:gcp_distribution:competitionId:285023:attempted_switches_of_play:rank_asc:page:19,urn:gd:story:classification:gcp_distribution:competitionId:285023:attempted_switches_of_play:rank_asc:page:19
405545,285023_43969,Ferran Torres,Spain,FW,58,79,5,0,10,50,0,0,distribution,urn:gd:story:classification:gcp_distribution:competitionId:285023:attempted_switches_of_play:rank_asc:page:19,urn:gd:story:classification:gcp_distribution:competitionId:285023:attempted_switches_of_play:rank_asc:page:19
484003,285023_43995,Mojmir Chytil,Czechia,FW,2,100,0,0,1,100,0,0,distribution,urn:gd:story:classification:gcp_distribution:competitionId:285023:attempted_switches_of_play:rank_asc:page:19,urn:gd:story:classification:gcp_distribution:competitionId:285023:attempted_switches_of_play:rank_asc:page:19
486080,285023_43995,Robin Hranac,Czechia,DF,116,90,1,0,2,0,0,0,distribution,urn:gd:story:classification:gcp_distribution:competitionId:285023:attempted_switches_of_play:rank_asc:page:19,urn:gd:story:classification:gcp_distribution:competitionId:285023:attempted_switches_of_play:rank_asc:page:19
502727,285023_43971,Johan Manzambi,Switzerland,MF,54,80,7,43,7,57,0,0,distribution,urn:gd:story:classification:gcp_distribution:competitionId:285023:attempted_switches_of_play:rank_asc:page:19,urn:gd:story:classification:gcp_distribution:competitionId:285023:attempted_switches_of_play:rank_asc:page:19
520217,285023_43967,Findlay Curtis,Scotland,FW,2,100,2,0,1,100,0,0,distribution,urn:gd:story:classification:gcp_distribution:competitionId:285023:attempted_switches_of_play:rank_asc:page:19,urn:gd:story:classification:gcp_distribution:competitionId:285023:attempted_switches_of_play:rank_asc:page:19
448015,285023_43976,Cristian Volpato,Australia,FW,66,79,13,23,9,56,0,0,distribution,urn:gd:story:classification:gcp_distribution:competitionId:285023:attempted_switches_of_play:rank_asc:page:19,urn:gd:story:classification:gcp_distribution:competitionId:285023:attempted_switches_of_play:rank_asc:page:19
479080,285023_44005,Oston Urunov,Uzbekistan,MF,10,80,0,0,2,50,0,0,distribution,urn:gd:story:classification:gcp_distribution:competitionId:285023:attempted_switches_of_play:rank_asc:page:19,urn:gd:story:classification:gcp_distribution:competitionId:285023:attempted_switches_of_play:rank_asc:page:19
492859,285023_43969,Victor Munoz,Spain,FW,0,0,0,0,0,0,0,0,distribution,urn:gd:story:classification:gcp_distribution:competitionId:285023:attempted_switches_of_play:rank_asc:page:19,urn:gd:story:classification:gcp_distribution:competitionId:285023:attempted_switches_of_play:rank_asc:page:19
274078,285023_43978,Chris Wood,New Zealand,FW,47,77,0,0,8,13,0,0,distribution,urn:gd:story:classification:gcp_distribution:competitionId:285023:attempted_switches_of_play:rank_asc:page:19,urn:gd:story:classification:gcp_distribution:competitionId:285023:attempted_switches_of_play:rank_asc:page:19
440748,285023_43978,Francis De Vries,New Zealand,DF,16,44,2,50,0,0,0,0,distribution,urn:gd:story:classification:gcp_distribution:competitionId:285023:attempted_switches_of_play:rank_asc:page:19,urn:gd:story:classification:gcp_distribution:competitionId:285023:attempted_switches_of_play:rank_asc:page:19
484012,285023_43995,Matej Kovar,Czechia,GK,97,64,0,0,3,33,0,0,distribution,urn:gd:story:classification:gcp_distribution:competitionId:285023:attempted_switches_of_play:rank_asc:page:19,urn:gd:story:classification:gcp_distribution:competitionId:285023:attempted_switches_of_play:rank_asc:page:19
430120,285023_43972,Mert Muldur,Türkiye,DF,81,89,6,17,4,100,0,0,distribution,urn:gd:story:classification:gcp_distribution:competitionId:285023:attempted_switches_of_play:rank_asc:page:19,urn:gd:story:classification:gcp_distribution:competitionId:285023:attempted_switches_of_play:rank_asc:page:19
371393,285023_44005,Dostonbek Khamdamov,Uzbekistan,MF,34,85,5,60,1,0,0,0,distribution,urn:gd:story:classification:gcp_distribution:competitionId:285023:attempted_switches_of_play:rank_asc:page:19,urn:gd:story:classification:gcp_distribution:competitionId:285023:attempted_switches_of_play:rank_asc:page:19
491166,285023_43976,Nishan Velupillay,Australia,FW,12,50,0,0,0,0,0,0,distribution,urn:gd:story:classification:gcp_distribution:competitionId:285023:attempted_switches_of_play:rank_asc:page:19,urn:gd:story:classification:gcp_distribution:competitionId:285023:attempted_switches_of_play:rank_asc:page:19
485131,285023_43967,Ben Gannon Doak,Scotland,FW,52,90,7,29,1,100,0,0,distribution,urn:gd:story:classification:gcp_distribution:competitionId:285023:attempted_switches_of_play:rank_asc:page:19,urn:gd:story:classification:gcp_distribution:competitionId:285023:attempted_switches_of_play:rank_asc:page:19
404319,285023_43976,Ajdin Hrustic,Australia,FW,31,87,5,40,0,0,0,0,distribution,urn:gd:story:classification:gcp_distribution:competitionId:285023:attempted_switches_of_play:rank_asc:page:19,urn:gd:story:classification:gcp_distribution:competitionId:285023:attempted_switches_of_play:rank_asc:page:19
402022,285023_43971,Yvon Mvogo,Switzerland,GK,0,0,0,0,0,0,0,0,distribution,urn:gd:story:classification:gcp_distribution:competitionId:285023:attempted_switches_of_play:rank_asc:page:19,urn:gd:story:classification:gcp_distribution:competitionId:285023:attempted_switches_of_play:rank_asc:page:19
483990,285023_43995,David Jurasek,Czechia,DF,0,0,0,0,0,0,0,0,distribution,urn:gd:story:classification:gcp_distribution:competitionId:285023:attempted_switches_of_play:rank_asc:page:19,urn:gd:story:classification:gcp_distribution:competitionId:285023:attempted_switches_of_play:rank_asc:page:19
433795,285023_43970,Mattias Svanberg,Sweden,MF,7,100,0,0,0,0,0,0,distribution,urn:gd:story:classification:gcp_distribution:competitionId:285023:attempted_switches_of_play:rank_asc:page:19,urn:gd:story:classification:gcp_distribution:competitionId:285023:attempted_switches_of_play:rank_asc:page:19
486076,285023_43972,Oguz Aydin,Türkiye,FW,46,85,3,0,3,67,0,0,distribution,urn:gd:story:classification:gcp_distribution:competitionId:285023:attempted_switches_of_play:rank_asc:page:19,urn:gd:story:classification:gcp_distribution:competitionId:285023:attempted_switches_of_play:rank_asc:page:19
336170,285023_43972,Kaan Ayhan,Türkiye,MF,3,33,0,0,0,0,0,0,distribution,urn:gd:story:classification:gcp_distribution:competitionId:285023:attempted_switches_of_play:rank_asc:page:19,urn:gd:story:classification:gcp_distribution:competitionId:285023:attempted_switches_of_play:rank_asc:page:19
479110,285023_44005,Abduvohid Nematov,Uzbekistan,GK,56,50,0,0,4,0,0,0,distribution,urn:gd:story:classification:gcp_distribution:competitionId:285023:attempted_switches_of_play:rank_asc:page:19,urn:gd:story:classification:gcp_distribution:competitionId:285023:attempted_switches_of_play:rank_asc:page:19
358003,285023_43995,Vladimir Darida,Czechia,MF,18,78,0,0,1,0,0,0,distribution,urn:gd:story:classification:gcp_distribution:competitionId:285023:attempted_switches_of_play:rank_asc:page:19,urn:gd:story:classification:gcp_distribution:competitionId:285023:attempted_switches_of_play:rank_asc:page:19
393480,285023_43971,Breel Embolo,Switzerland,FW,49,76,1,0,6,50,0,0,distribution,urn:gd:story:classification:gcp_distribution:competitionId:285023:attempted_switches_of_play:rank_asc:page:19,urn:gd:story:classification:gcp_distribution:competitionId:285023:attempted_switches_of_play:rank_asc:page:19
430194,285023_44037,Dennis Hadzikadunic,Bosnia and Herzegovina,DF,10,80,0,0,0,0,0,0,distribution,urn:gd:story:classification:gcp_distribution:competitionId:285023:attempted_switches_of_play:rank_asc:page:19,urn:gd:story:classification:gcp_distribution:competitionId:285023:attempted_switches_of_play:rank_asc:page:19
331135,285023_43976,Paul Izzo,Australia,GK,0,0,0,0,0,0,0,0,distribution,urn:gd:story:classification:gcp_distribution:competitionId:285023:attempted_switches_of_play:rank_asc:page:19,urn:gd:story:classification:gcp_distribution:competitionId:285023:attempted_switches_of_play:rank_asc:page:19
498806,285023_43976,Mohamed Toure,Australia,FW,16,75,2,0,2,50,0,0,distribution,urn:gd:story:classification:gcp_distribution:competitionId:285023:attempted_switches_of_play:rank_asc:page:19,urn:gd:story:classification:gcp_distribution:competitionId:285023:attempted_switches_of_play:rank_asc:page:19
483319,285023_43970,Hjalmar Ekdal,Sweden,DF,0,0,0,0,0,0,0,0,distribution,urn:gd:story:classification:gcp_distribution:competitionId:285023:attempted_switches_of_play:rank_asc:page:19,urn:gd:story:classification:gcp_distribution:competitionId:285023:attempted_switches_of_play:rank_asc:page:19
495431,285023_43967,George Hirst,Scotland,FW,0,0,0,0,0,0,0,0,distribution,urn:gd:story:classification:gcp_distribution:competitionId:285023:attempted_switches_of_play:rank_asc:page:19,urn:gd:story:classification:gcp_distribution:competitionId:285023:attempted_switches_of_play:rank_asc:page:19
441188,285023_43972,Kerem Akturkoglu,Türkiye,FW,15,60,2,50,0,0,0,0,distribution,urn:gd:story:classification:gcp_distribution:competitionId:285023:attempted_switches_of_play:rank_asc:page:19,urn:gd:story:classification:gcp_distribution:competitionId:285023:attempted_switches_of_play:rank_asc:page:19
441137,285023_43970,Anthony Elanga,Sweden,FW,76,79,12,0,9,33,0,0,distribution,urn:gd:story:classification:gcp_distribution:competitionId:285023:attempted_switches_of_play:rank_asc:page:19,urn:gd:story:classification:gcp_distribution:competitionId:285023:attempted_switches_of_play:rank_asc:page:19
441162,285023_43995,Jindrich Stanek,Czechia,GK,0,0,0,0,0,0,0,0,distribution,urn:gd:story:classification:gcp_distribution:competitionId:285023:attempted_switches_of_play:rank_asc:page:19,urn:gd:story:classification:gcp_distribution:competitionId:285023:attempted_switches_of_play:rank_asc:page:19
479042,285023_44005,Abdulla Abdullaev,Uzbekistan,DF,72,90,0,0,1,100,0,0,distribution,urn:gd:story:classification:gcp_distribution:competitionId:285023:attempted_switches_of_play:rank_asc:page:19,urn:gd:story:classification:gcp_distribution:competitionId:285023:attempted_switches_of_play:rank_asc:page:19
405562,285023_43969,Eric Garcia,Spain,DF,0,0,0,0,0,0,0,0,distribution,urn:gd:story:classification:gcp_distribution:competitionId:285023:attempted_switches_of_play:rank_asc:page:19,urn:gd:story:classification:gcp_distribution:competitionId:285023:attempted_switches_of_play:rank_asc:page:19
390218,285023_43978,Michael Woud,New Zealand,GK,0,0,0,0,0,0,0,0,distribution,urn:gd:story:classification:gcp_distribution:competitionId:285023:attempted_switches_of_play:rank_asc:page:19,urn:gd:story:classification:gcp_distribution:competitionId:285023:attempted_switches_of_play:rank_asc:page:19
433118,285023_43972,Orkun Kokcu,Türkiye,MF,85,71,6,0,4,25,0,0,distribution,urn:gd:story:classification:gcp_distribution:competitionId:285023:attempted_switches_of_play:rank_asc:page:19,urn:gd:story:classification:gcp_distribution:competitionId:285023:attempted_switches_of_play:rank_asc:page:19
433191,285023_43967,Che Adams,Scotland,FW,19,63,0,0,2,0,0,0,distribution,urn:gd:story:classification:gcp_distribution:competitionId:285023:attempted_switches_of_play:rank_asc:page:19,urn:gd:story:classification:gcp_distribution:competitionId:285023:attempted_switches_of_play:rank_asc:page:19
448131,285023_43971,Ruben Vargas,Switzerland,FW,78,76,22,27,15,47,0,0,distribution,urn:gd:story:classification:gcp_distribution:competitionId:285023:attempted_switches_of_play:rank_asc:page:19,urn:gd:story:classification:gcp_distribution:competitionId:285023:attempted_switches_of_play:rank_asc:page:19
416652,285023_43978,Jesse Randall,New Zealand,FW,16,75,5,40,1,0,0,0,distribution,urn:gd:story:classification:gcp_distribution:competitionId:285023:attempted_switches_of_play:rank_asc:page:19,urn:gd:story:classification:gcp_distribution:competitionId:285023:attempted_switches_of_play:rank_asc:page:19
269592,285023_43978,Kosta Barbarouses,New Zealand,FW,0,0,0,0,0,0,0,0,distribution,urn:gd:story:classification:gcp_distribution:competitionId:285023:attempted_switches_of_play:rank_asc:page:19,urn:gd:story:classification:gcp_distribution:competitionId:285023:attempted_switches_of_play:rank_asc:page:19
463580,285023_43978,Finn Surman,New Zealand,DF,145,93,0,0,1,100,0,0,distribution,urn:gd:story:classification:gcp_distribution:competitionId:285023:attempted_switches_of_play:rank_asc:page:19,urn:gd:story:classification:gcp_distribution:competitionId:285023:attempted_switches_of_play:rank_asc:page:19
389485,285023_43922,Exequiel Palacios,Argentina,MF,94,95,0,0,0,0,0,0,distribution,urn:gd:story:classification:gcp_distribution:competitionId:285023:attempted_switches_of_play:rank_asc:page:19,urn:gd:story:classification:gcp_distribution:competitionId:285023:attempted_switches_of_play:rank_asc:page:19
441260,285023_43911,Carlos Acevedo,Mexico,GK,0,0,0,0,0,0,0,0,distribution,urn:gd:story:classification:gcp_distribution:competitionId:285023:attempted_switches_of_play:rank_asc:page:19,urn:gd:story:classification:gcp_distribution:competitionId:285023:attempted_switches_of_play:rank_asc:page:19
476345,285023_43926,Willer Ditta,Colombia,DF,0,0,0,0,0,0,0,0,distribution,urn:gd:story:classification:gcp_distribution:competitionId:285023:attempted_switches_of_play:rank_asc:page:20,urn:gd:story:classification:gcp_distribution:competitionId:285023:attempted_switches_of_play:rank_asc:page:20
431889,285023_43924,Bremer,Brazil,DF,0,0,0,0,0,0,0,0,distribution,urn:gd:story:classification:gcp_distribution:competitionId:285023:attempted_switches_of_play:rank_asc:page:20,urn:gd:story:classification:gcp_distribution:competitionId:285023:attempted_switches_of_play:rank_asc:page:20
386339,285023_43911,Guillermo Martinez,Mexico,FW,13,92,1,0,0,0,0,0,distribution,urn:gd:story:classification:gcp_distribution:competitionId:285023:attempted_switches_of_play:rank_asc:page:20,urn:gd:story:classification:gcp_distribution:competitionId:285023:attempted_switches_of_play:rank_asc:page:20
372090,285023_43911,Orbelin Pineda,Mexico,MF,5,100,0,0,1,0,0,0,distribution,urn:gd:story:classification:gcp_distribution:competitionId:285023:attempted_switches_of_play:rank_asc:page:20,urn:gd:story:classification:gcp_distribution:competitionId:285023:attempted_switches_of_play:rank_asc:page:20
369744,285023_43928,Gustavo Gomez,Paraguay,DF,91,88,0,0,0,0,0,0,distribution,urn:gd:story:classification:gcp_distribution:competitionId:285023:attempted_switches_of_play:rank_asc:page:20,urn:gd:story:classification:gcp_distribution:competitionId:285023:attempted_switches_of_play:rank_asc:page:20
406135,285023_43911,Cesar Huerta,Mexico,FW,2,100,0,0,0,0,0,0,distribution,urn:gd:story:classification:gcp_distribution:competitionId:285023:attempted_switches_of_play:rank_asc:page:20,urn:gd:story:classification:gcp_distribution:competitionId:285023:attempted_switches_of_play:rank_asc:page:20
505495,285023_43928,Alexandro Maidana,Paraguay,DF,19,68,1,0,0,0,0,0,distribution,urn:gd:story:classification:gcp_distribution:competitionId:285023:attempted_switches_of_play:rank_asc:page:20,urn:gd:story:classification:gcp_distribution:competitionId:285023:attempted_switches_of_play:rank_asc:page:20
428905,285023_43926,Luis Suarez,Colombia,FW,48,75,3,33,2,50,0,0,distribution,urn:gd:story:classification:gcp_distribution:competitionId:285023:attempted_switches_of_play:rank_asc:page:20,urn:gd:story:classification:gcp_distribution:competitionId:285023:attempted_switches_of_play:rank_asc:page:20
441243,285023_43914,Cesar Yanis,Panama,MF,0,0,0,0,0,0,0,0,distribution,urn:gd:story:classification:gcp_distribution:competitionId:285023:attempted_switches_of_play:rank_asc:page:20,urn:gd:story:classification:gcp_distribution:competitionId:285023:attempted_switches_of_play:rank_asc:page:20
463125,285023_43928,Ramon Sosa,Paraguay,MF,3,100,0,0,0,0,0,0,distribution,urn:gd:story:classification:gcp_distribution:competitionId:285023:attempted_switches_of_play:rank_asc:page:20,urn:gd:story:classification:gcp_distribution:competitionId:285023:attempted_switches_of_play:rank_asc:page:20
463468,285023_43927,Alan Minda,Ecuador,MF,16,75,2,0,1,0,0,0,distribution,urn:gd:story:classification:gcp_distribution:competitionId:285023:attempted_switches_of_play:rank_asc:page:20,urn:gd:story:classification:gcp_distribution:competitionId:285023:attempted_switches_of_play:rank_asc:page:20
466669,285023_43914,Azarias Londono,Panama,FW,21,95,1,0,2,50,0,0,distribution,urn:gd:story:classification:gcp_distribution:competitionId:285023:attempted_switches_of_play:rank_asc:page:20,urn:gd:story:classification:gcp_distribution:competitionId:285023:attempted_switches_of_play:rank_asc:page:20
514326,285023_43927,Jeremy Arevalo,Ecuador,FW,0,0,0,0,0,0,0,0,distribution,urn:gd:story:classification:gcp_distribution:competitionId:285023:attempted_switches_of_play:rank_asc:page:20,urn:gd:story:classification:gcp_distribution:competitionId:285023:attempted_switches_of_play:rank_asc:page:20
463127,285023_43928,Gabriel Avalos,Paraguay,FW,23,52,0,0,4,25,0,0,distribution,urn:gd:story:classification:gcp_distribution:competitionId:285023:attempted_switches_of_play:rank_asc:page:20,urn:gd:story:classification:gcp_distribution:competitionId:285023:attempted_switches_of_play:rank_asc:page:20
466624,285023_43921,Folarin Balogun,USA,FW,44,68,6,0,6,67,0,0,distribution,urn:gd:story:classification:gcp_distribution:competitionId:285023:attempted_switches_of_play:rank_asc:page:20,urn:gd:story:classification:gcp_distribution:competitionId:285023:attempted_switches_of_play:rank_asc:page:20
499913,285023_43921,Matt Freese,USA,GK,95,66,0,0,2,0,0,0,distribution,urn:gd:story:classification:gcp_distribution:competitionId:285023:attempted_switches_of_play:rank_asc:page:20,urn:gd:story:classification:gcp_distribution:competitionId:285023:attempted_switches_of_play:rank_asc:page:20
419134,285023_43930,Juan Manuel Sanabria,Uruguay,MF,103,86,12,0,4,75,0,0,distribution,urn:gd:story:classification:gcp_distribution:competitionId:285023:attempted_switches_of_play:rank_asc:page:20,urn:gd:story:classification:gcp_distribution:competitionId:285023:attempted_switches_of_play:rank_asc:page:20
229498,285023_43930,Fernando Muslera,Uruguay,GK,71,80,0,0,1,0,0,0,distribution,urn:gd:story:classification:gcp_distribution:competitionId:285023:attempted_switches_of_play:rank_asc:page:20,urn:gd:story:classification:gcp_distribution:competitionId:285023:attempted_switches_of_play:rank_asc:page:20
485802,285023_43928,Alex Arce,Paraguay,FW,10,70,0,0,0,0,0,0,distribution,urn:gd:story:classification:gcp_distribution:competitionId:285023:attempted_switches_of_play:rank_asc:page:20,urn:gd:story:classification:gcp_distribution:competitionId:285023:attempted_switches_of_play:rank_asc:page:20
429392,285023_43924,Danilo Santos,Brazil,MF,30,77,0,0,2,100,0,0,distribution,urn:gd:story:classification:gcp_distribution:competitionId:285023:attempted_switches_of_play:rank_asc:page:20,urn:gd:story:classification:gcp_distribution:competitionId:285023:attempted_switches_of_play:rank_asc:page:20
506483,285023_43908,Yassin Fortune,Haiti,FW,5,100,0,0,0,0,0,0,distribution,urn:gd:story:classification:gcp_distribution:competitionId:285023:attempted_switches_of_play:rank_asc:page:20,urn:gd:story:classification:gcp_distribution:competitionId:285023:attempted_switches_of_play:rank_asc:page:20
372342,285023_43914,Ismael Diaz,Panama,MF,15,87,0,0,0,0,0,0,distribution,urn:gd:story:classification:gcp_distribution:competitionId:285023:attempted_switches_of_play:rank_asc:page:20,urn:gd:story:classification:gcp_distribution:competitionId:285023:attempted_switches_of_play:rank_asc:page:20
463476,285023_43927,Denil Castillo,Ecuador,MF,0,0,0,0,0,0,0,0,distribution,urn:gd:story:classification:gcp_distribution:competitionId:285023:attempted_switches_of_play:rank_asc:page:20,urn:gd:story:classification:gcp_distribution:competitionId:285023:attempted_switches_of_play:rank_asc:page:20
441402,285023_43914,Cesar Samudio,Panama,GK,0,0,0,0,0,0,0,0,distribution,urn:gd:story:classification:gcp_distribution:competitionId:285023:attempted_switches_of_play:rank_asc:page:20,urn:gd:story:classification:gcp_distribution:competitionId:285023:attempted_switches_of_play:rank_asc:page:20
337232,285023_43914,Eric Davis,Panama,DF,7,43,3,33,2,0,0,0,distribution,urn:gd:story:classification:gcp_distribution:competitionId:285023:attempted_switches_of_play:rank_asc:page:20,urn:gd:story:classification:gcp_distribution:competitionId:285023:attempted_switches_of_play:rank_asc:page:20
489849,285023_43926,Juan Portilla,Colombia,MF,0,0,0,0,0,0,0,0,distribution,urn:gd:story:classification:gcp_distribution:competitionId:285023:attempted_switches_of_play:rank_asc:page:20,urn:gd:story:classification:gcp_distribution:competitionId:285023:attempted_switches_of_play:rank_asc:page:20
461177,285023_43911,Obed Vargas,Mexico,MF,22,91,0,0,3,33,0,0,distribution,urn:gd:story:classification:gcp_distribution:competitionId:285023:attempted_switches_of_play:rank_asc:page:20,urn:gd:story:classification:gcp_distribution:competitionId:285023:attempted_switches_of_play:rank_asc:page:20
495054,285023_43922,Jose Manuel Lopez,Argentina,FW,0,0,0,0,1,0,0,0,distribution,urn:gd:story:classification:gcp_distribution:competitionId:285023:attempted_switches_of_play:rank_asc:page:20,urn:gd:story:classification:gcp_distribution:competitionId:285023:attempted_switches_of_play:rank_asc:page:20
390267,285023_43921,Christian Pulisic,USA,FW,81,88,6,17,7,71,0,0,distribution,urn:gd:story:classification:gcp_distribution:competitionId:285023:attempted_switches_of_play:rank_asc:page:20,urn:gd:story:classification:gcp_distribution:competitionId:285023:attempted_switches_of_play:rank_asc:page:20
470759,285023_43926,Kevin Castano,Colombia,MF,14,100,0,0,0,0,0,0,distribution,urn:gd:story:classification:gcp_distribution:competitionId:285023:attempted_switches_of_play:rank_asc:page:20,urn:gd:story:classification:gcp_distribution:competitionId:285023:attempted_switches_of_play:rank_asc:page:20
439956,285023_43930,Facundo Pellistri,Uruguay,FW,0,0,0,0,0,0,0,0,distribution,urn:gd:story:classification:gcp_distribution:competitionId:285023:attempted_switches_of_play:rank_asc:page:20,urn:gd:story:classification:gcp_distribution:competitionId:285023:attempted_switches_of_play:rank_asc:page:20
463746,285023_43924,Endrick,Brazil,FW,20,80,1,0,4,25,0,0,distribution,urn:gd:story:classification:gcp_distribution:competitionId:285023:attempted_switches_of_play:rank_asc:page:20,urn:gd:story:classification:gcp_distribution:competitionId:285023:attempted_switches_of_play:rank_asc:page:20
424031,285023_43927,Piero Hincapie,Ecuador,DF,189,85,15,13,13,31,0,0,distribution,urn:gd:story:classification:gcp_distribution:competitionId:285023:attempted_switches_of_play:rank_asc:page:20,urn:gd:story:classification:gcp_distribution:competitionId:285023:attempted_switches_of_play:rank_asc:page:20
394376,285023_43926,Deiver Machado,Colombia,DF,23,96,2,0,1,100,0,0,distribution,urn:gd:story:classification:gcp_distribution:competitionId:285023:attempted_switches_of_play:rank_asc:page:20,urn:gd:story:classification:gcp_distribution:competitionId:285023:attempted_switches_of_play:rank_asc:page:20
267702,285023_43914,Luis Mejia,Panama,GK,0,0,0,0,0,0,0,0,distribution,urn:gd:story:classification:gcp_distribution:competitionId:285023:attempted_switches_of_play:rank_asc:page:20,urn:gd:story:classification:gcp_distribution:competitionId:285023:attempted_switches_of_play:rank_asc:page:20
368655,285023_43930,Jose Maria Gimenez,Uruguay,DF,0,0,0,0,0,0,0,0,distribution,urn:gd:story:classification:gcp_distribution:competitionId:285023:attempted_switches_of_play:rank_asc:page:20,urn:gd:story:classification:gcp_distribution:competitionId:285023:attempted_switches_of_play:rank_asc:page:20
441242,285023_43914,Cesar Blackman,Panama,DF,79,87,0,0,2,100,0,0,distribution,urn:gd:story:classification:gcp_distribution:competitionId:285023:attempted_switches_of_play:rank_asc:page:20,urn:gd:story:classification:gcp_distribution:competitionId:285023:attempted_switches_of_play:rank_asc:page:20
419100,285023_43930,Maxi Araujo,Uruguay,MF,57,88,18,44,7,86,0,0,distribution,urn:gd:story:classification:gcp_distribution:competitionId:285023:attempted_switches_of_play:rank_asc:page:20,urn:gd:story:classification:gcp_distribution:competitionId:285023:attempted_switches_of_play:rank_asc:page:20
405755,285023_43926,Jaminton Campaz,Colombia,FW,7,71,3,0,1,0,0,0,distribution,urn:gd:story:classification:gcp_distribution:competitionId:285023:attempted_switches_of_play:rank_asc:page:20,urn:gd:story:classification:gcp_distribution:competitionId:285023:attempted_switches_of_play:rank_asc:page:20
510757,285023_43908,Josue Casimir,Haiti,FW,52,83,2,0,3,33,0,0,distribution,urn:gd:story:classification:gcp_distribution:competitionId:285023:attempted_switches_of_play:rank_asc:page:20,urn:gd:story:classification:gcp_distribution:competitionId:285023:attempted_switches_of_play:rank_asc:page:20
367981,285023_43924,Douglas Santos,Brazil,DF,275,93,6,17,5,60,0,0,distribution,urn:gd:story:classification:gcp_distribution:competitionId:285023:attempted_switches_of_play:rank_asc:page:20,urn:gd:story:classification:gcp_distribution:competitionId:285023:attempted_switches_of_play:rank_asc:page:20
416081,285023_43922,Julian Alvarez,Argentina,FW,72,83,1,0,1,0,0,0,distribution,urn:gd:story:classification:gcp_distribution:competitionId:285023:attempted_switches_of_play:rank_asc:page:20,urn:gd:story:classification:gcp_distribution:competitionId:285023:attempted_switches_of_play:rank_asc:page:20
448290,285023_43927,Willian Pacho,Ecuador,DF,238,91,0,0,2,0,0,0,distribution,urn:gd:story:classification:gcp_distribution:competitionId:285023:attempted_switches_of_play:rank_asc:page:20,urn:gd:story:classification:gcp_distribution:competitionId:285023:attempted_switches_of_play:rank_asc:page:20
402876,285023_43930,Agustin Canobbio,Uruguay,MF,68,90,9,33,5,60,0,0,distribution,urn:gd:story:classification:gcp_distribution:competitionId:285023:attempted_switches_of_play:rank_asc:page:20,urn:gd:story:classification:gcp_distribution:competitionId:285023:attempted_switches_of_play:rank_asc:page:20
492189,285023_43926,Andres Gomez,Colombia,FW,0,0,0,0,0,0,0,0,distribution,urn:gd:story:classification:gcp_distribution:competitionId:285023:attempted_switches_of_play:rank_asc:page:20,urn:gd:story:classification:gcp_distribution:competitionId:285023:attempted_switches_of_play:rank_asc:page:20
337251,285023_43914,Cecilio Waterman,Panama,FW,10,70,0,0,1,0,0,0,distribution,urn:gd:story:classification:gcp_distribution:competitionId:285023:attempted_switches_of_play:rank_asc:page:20,urn:gd:story:classification:gcp_distribution:competitionId:285023:attempted_switches_of_play:rank_asc:page:20
520066,285023_43928,Jose Canale,Paraguay,DF,27,67,1,0,1,0,0,0,distribution,urn:gd:story:classification:gcp_distribution:competitionId:285023:attempted_switches_of_play:rank_asc:page:20,urn:gd:story:classification:gcp_distribution:competitionId:285023:attempted_switches_of_play:rank_asc:page:20
406304,285023_43921,Timothy Weah,USA,FW,34,88,2,0,2,50,0,0,distribution,urn:gd:story:classification:gcp_distribution:competitionId:285023:attempted_switches_of_play:rank_asc:page:20,urn:gd:story:classification:gcp_distribution:competitionId:285023:attempted_switches_of_play:rank_asc:page:20
485595,285023_43922,Giuliano Simeone,Argentina,FW,37,95,2,0,2,100,0,0,distribution,urn:gd:story:classification:gcp_distribution:competitionId:285023:attempted_switches_of_play:rank_asc:page:20,urn:gd:story:classification:gcp_distribution:competitionId:285023:attempted_switches_of_play:rank_asc:page:20
431196,285023_43922,Cristian Romero,Argentina,DF,230,97,0,0,1,0,0,0,distribution,urn:gd:story:classification:gcp_distribution:competitionId:285023:attempted_switches_of_play:rank_asc:page:20,urn:gd:story:classification:gcp_distribution:competitionId:285023:attempted_switches_of_play:rank_asc:page:20
419082,285023_43921,Ricardo Pepi,USA,FW,38,87,1,0,1,100,0,0,distribution,urn:gd:story:classification:gcp_distribution:competitionId:285023:attempted_switches_of_play:rank_asc:page:21,urn:gd:story:classification:gcp_distribution:competitionId:285023:attempted_switches_of_play:rank_asc:page:21
447991,285023_43928,Gaston Olveira,Paraguay,GK,0,0,0,0,0,0,0,0,distribution,urn:gd:story:classification:gcp_distribution:competitionId:285023:attempted_switches_of_play:rank_asc:page:21,urn:gd:story:classification:gcp_distribution:competitionId:285023:attempted_switches_of_play:rank_asc:page:21
373400,285023_43927,Enner Valencia,Ecuador,FW,40,83,1,0,1,0,0,0,distribution,urn:gd:story:classification:gcp_distribution:competitionId:285023:attempted_switches_of_play:rank_asc:page:21,urn:gd:story:classification:gcp_distribution:competitionId:285023:attempted_switches_of_play:rank_asc:page:21
402926,285023_43922,Gonzalo Montiel,Argentina,DF,27,85,0,0,0,0,0,0,distribution,urn:gd:story:classification:gcp_distribution:competitionId:285023:attempted_switches_of_play:rank_asc:page:21,urn:gd:story:classification:gcp_distribution:competitionId:285023:attempted_switches_of_play:rank_asc:page:21
368652,285023_43930,Giorgian De Arrascaeta,Uruguay,MF,0,0,0,0,0,0,0,0,distribution,urn:gd:story:classification:gcp_distribution:competitionId:285023:attempted_switches_of_play:rank_asc:page:21,urn:gd:story:classification:gcp_distribution:competitionId:285023:attempted_switches_of_play:rank_asc:page:21
394829,285023_43928,Fabian Balbuena,Paraguay,DF,0,0,0,0,0,0,0,0,distribution,urn:gd:story:classification:gcp_distribution:competitionId:285023:attempted_switches_of_play:rank_asc:page:21,urn:gd:story:classification:gcp_distribution:competitionId:285023:attempted_switches_of_play:rank_asc:page:21
315614,285023_43926,Santiago Arias,Colombia,DF,43,86,5,80,1,100,0,0,distribution,urn:gd:story:classification:gcp_distribution:competitionId:285023:attempted_switches_of_play:rank_asc:page:21,urn:gd:story:classification:gcp_distribution:competitionId:285023:attempted_switches_of_play:rank_asc:page:21
419077,285023_43921,Mark Mckenzie,USA,DF,51,92,0,0,1,0,0,0,distribution,urn:gd:story:classification:gcp_distribution:competitionId:285023:attempted_switches_of_play:rank_asc:page:21,urn:gd:story:classification:gcp_distribution:competitionId:285023:attempted_switches_of_play:rank_asc:page:21
228686,285023_43926,David Ospina,Colombia,GK,0,0,0,0,0,0,0,0,distribution,urn:gd:story:classification:gcp_distribution:competitionId:285023:attempted_switches_of_play:rank_asc:page:21,urn:gd:story:classification:gcp_distribution:competitionId:285023:attempted_switches_of_play:rank_asc:page:21
430624,285023_43922,Juan Musso,Argentina,GK,0,0,0,0,0,0,0,0,distribution,urn:gd:story:classification:gcp_distribution:competitionId:285023:attempted_switches_of_play:rank_asc:page:21,urn:gd:story:classification:gcp_distribution:competitionId:285023:attempted_switches_of_play:rank_asc:page:21
371956,285023_43924,Leo Pereira,Brazil,DF,0,0,0,0,0,0,0,0,distribution,urn:gd:story:classification:gcp_distribution:competitionId:285023:attempted_switches_of_play:rank_asc:page:21,urn:gd:story:classification:gcp_distribution:competitionId:285023:attempted_switches_of_play:rank_asc:page:21
448051,285023_43911,Luis Chavez,Mexico,MF,28,100,1,0,1,100,0,0,distribution,urn:gd:story:classification:gcp_distribution:competitionId:285023:attempted_switches_of_play:rank_asc:page:21,urn:gd:story:classification:gcp_distribution:competitionId:285023:attempted_switches_of_play:rank_asc:page:21
480313,285023_43914,Edgardo Farina,Panama,DF,0,0,0,0,0,0,0,0,distribution,urn:gd:story:classification:gcp_distribution:competitionId:285023:attempted_switches_of_play:rank_asc:page:21,urn:gd:story:classification:gcp_distribution:competitionId:285023:attempted_switches_of_play:rank_asc:page:21
406205,285023_43928,Braian Ojeda,Paraguay,MF,7,86,0,0,0,0,0,0,distribution,urn:gd:story:classification:gcp_distribution:competitionId:285023:attempted_switches_of_play:rank_asc:page:21,urn:gd:story:classification:gcp_distribution:competitionId:285023:attempted_switches_of_play:rank_asc:page:21
356731,285023_43911,Raul Jimenez,Mexico,FW,66,73,1,0,8,63,0,0,distribution,urn:gd:story:classification:gcp_distribution:competitionId:285023:attempted_switches_of_play:rank_asc:page:21,urn:gd:story:classification:gcp_distribution:competitionId:285023:attempted_switches_of_play:rank_asc:page:21
344582,285023_43914,Roderick Miller,Panama,DF,0,0,0,0,0,0,0,0,distribution,urn:gd:story:classification:gcp_distribution:competitionId:285023:attempted_switches_of_play:rank_asc:page:21,urn:gd:story:classification:gcp_distribution:competitionId:285023:attempted_switches_of_play:rank_asc:page:21
430594,285023_43924,Roger Ibanez,Brazil,DF,22,100,0,0,1,100,0,0,distribution,urn:gd:story:classification:gcp_distribution:competitionId:285023:attempted_switches_of_play:rank_asc:page:21,urn:gd:story:classification:gcp_distribution:competitionId:285023:attempted_switches_of_play:rank_asc:page:21
394824,285023_43922,Geronimo Rulli,Argentina,GK,0,0,0,0,0,0,0,0,distribution,urn:gd:story:classification:gcp_distribution:competitionId:285023:attempted_switches_of_play:rank_asc:page:21,urn:gd:story:classification:gcp_distribution:competitionId:285023:attempted_switches_of_play:rank_asc:page:21
418881,285023_43926,Cucho Hernandez,Colombia,FW,3,33,1,100,0,0,0,0,distribution,urn:gd:story:classification:gcp_distribution:competitionId:285023:attempted_switches_of_play:rank_asc:page:21,urn:gd:story:classification:gcp_distribution:competitionId:285023:attempted_switches_of_play:rank_asc:page:21
215285,285023_43911,Guillermo Ochoa,Mexico,GK,9,44,0,0,2,50,0,0,distribution,urn:gd:story:classification:gcp_distribution:competitionId:285023:attempted_switches_of_play:rank_asc:page:21,urn:gd:story:classification:gcp_distribution:competitionId:285023:attempted_switches_of_play:rank_asc:page:21
386538,285023_43930,Rodrigo Bentancur,Uruguay,MF,174,90,3,0,2,50,0,0,distribution,urn:gd:story:classification:gcp_distribution:competitionId:285023:attempted_switches_of_play:rank_asc:page:21,urn:gd:story:classification:gcp_distribution:competitionId:285023:attempted_switches_of_play:rank_asc:page:21
441236,285023_43927,Hernan Galindez,Ecuador,GK,105,67,0,0,5,60,0,0,distribution,urn:gd:story:classification:gcp_distribution:competitionId:285023:attempted_switches_of_play:rank_asc:page:21,urn:gd:story:classification:gcp_distribution:competitionId:285023:attempted_switches_of_play:rank_asc:page:21
430609,285023_43924,Matheus Cunha,Brazil,FW,90,87,5,0,11,36,0,0,distribution,urn:gd:story:classification:gcp_distribution:competitionId:285023:attempted_switches_of_play:rank_asc:page:21,urn:gd:story:classification:gcp_distribution:competitionId:285023:attempted_switches_of_play:rank_asc:page:21
394500,285023_43926,Johan Mojica,Colombia,DF,157,83,9,11,6,33,0,0,distribution,urn:gd:story:classification:gcp_distribution:competitionId:285023:attempted_switches_of_play:rank_asc:page:21,urn:gd:story:classification:gcp_distribution:competitionId:285023:attempted_switches_of_play:rank_asc:page:21
419005,285023_43927,Jordy Alcivar,Ecuador,MF,33,94,1,0,1,100,0,0,distribution,urn:gd:story:classification:gcp_distribution:competitionId:285023:attempted_switches_of_play:rank_asc:page:21,urn:gd:story:classification:gcp_distribution:competitionId:285023:attempted_switches_of_play:rank_asc:page:21
394456,285023_43924,Fabinho,Brazil,MF,43,98,0,0,0,0,0,0,distribution,urn:gd:story:classification:gcp_distribution:competitionId:285023:attempted_switches_of_play:rank_asc:page:21,urn:gd:story:classification:gcp_distribution:competitionId:285023:attempted_switches_of_play:rank_asc:page:21
389782,285023_43927,Pervis Estupinan,Ecuador,DF,61,90,3,0,3,0,0,0,distribution,urn:gd:story:classification:gcp_distribution:competitionId:285023:attempted_switches_of_play:rank_asc:page:21,urn:gd:story:classification:gcp_distribution:competitionId:285023:attempted_switches_of_play:rank_asc:page:21
395552,285023_43926,Yerry Mina,Colombia,DF,0,0,0,0,0,0,0,0,distribution,urn:gd:story:classification:gcp_distribution:competitionId:285023:attempted_switches_of_play:rank_asc:page:21,urn:gd:story:classification:gcp_distribution:competitionId:285023:attempted_switches_of_play:rank_asc:page:21
314197,285023_43924,Neymar Jr,Brazil,FW,26,81,7,14,2,0,0,0,distribution,urn:gd:story:classification:gcp_distribution:competitionId:285023:attempted_switches_of_play:rank_asc:page:21,urn:gd:story:classification:gcp_distribution:competitionId:285023:attempted_switches_of_play:rank_asc:page:21
439538,285023_43930,Joaquin Piquerez,Uruguay,MF,0,0,0,0,0,0,0,0,distribution,urn:gd:story:classification:gcp_distribution:competitionId:285023:attempted_switches_of_play:rank_asc:page:21,urn:gd:story:classification:gcp_distribution:competitionId:285023:attempted_switches_of_play:rank_asc:page:21
299200,285023_43934,Marko Arnautovic,Austria,FW,32,78,1,0,0,0,0,0,distribution,urn:gd:story:classification:gcp_distribution:competitionId:285023:attempted_switches_of_play:rank_asc:page:21,urn:gd:story:classification:gcp_distribution:competitionId:285023:attempted_switches_of_play:rank_asc:page:21
390278,285023_43921,Alex Zendejas,USA,FW,7,86,1,0,1,0,0,0,distribution,urn:gd:story:classification:gcp_distribution:competitionId:285023:attempted_switches_of_play:rank_asc:page:21,urn:gd:story:classification:gcp_distribution:competitionId:285023:attempted_switches_of_play:rank_asc:page:21
514336,285023_43911,Armando Gonzalez,Mexico,FW,1,100,0,0,0,0,0,0,distribution,urn:gd:story:classification:gcp_distribution:competitionId:285023:attempted_switches_of_play:rank_asc:page:21,urn:gd:story:classification:gcp_distribution:competitionId:285023:attempted_switches_of_play:rank_asc:page:21
369761,285023_43928,Miguel Almiron,Paraguay,MF,67,73,4,0,6,67,0,0,distribution,urn:gd:story:classification:gcp_distribution:competitionId:285023:attempted_switches_of_play:rank_asc:page:21,urn:gd:story:classification:gcp_distribution:competitionId:285023:attempted_switches_of_play:rank_asc:page:21
419003,285023_43927,Jackson Porozo,Ecuador,DF,12,100,0,0,0,0,0,0,distribution,urn:gd:story:classification:gcp_distribution:competitionId:285023:attempted_switches_of_play:rank_asc:page:21,urn:gd:story:classification:gcp_distribution:competitionId:285023:attempted_switches_of_play:rank_asc:page:21
448295,285023_43927,Gonzalo Valle,Ecuador,GK,0,0,0,0,0,0,0,0,distribution,urn:gd:story:classification:gcp_distribution:competitionId:285023:attempted_switches_of_play:rank_asc:page:21,urn:gd:story:classification:gcp_distribution:competitionId:285023:attempted_switches_of_play:rank_asc:page:21
485069,285023_43924,Ederson Silva,Brazil,MF,5,100,3,33,0,0,0,0,distribution,urn:gd:story:classification:gcp_distribution:competitionId:285023:attempted_switches_of_play:rank_asc:page:21,urn:gd:story:classification:gcp_distribution:competitionId:285023:attempted_switches_of_play:rank_asc:page:21
389784,285023_43927,Alan Franco,Ecuador,MF,148,95,4,0,3,33,0,0,distribution,urn:gd:story:classification:gcp_distribution:competitionId:285023:attempted_switches_of_play:rank_asc:page:21,urn:gd:story:classification:gcp_distribution:competitionId:285023:attempted_switches_of_play:rank_asc:page:21
430766,285023_43911,Alexis Vega,Mexico,FW,10,100,1,0,1,0,0,0,distribution,urn:gd:story:classification:gcp_distribution:competitionId:285023:attempted_switches_of_play:rank_asc:page:21,urn:gd:story:classification:gcp_distribution:competitionId:285023:attempted_switches_of_play:rank_asc:page:21
406280,285023_43921,Sergino Dest,USA,DF,102,87,7,29,14,64,0,0,distribution,urn:gd:story:classification:gcp_distribution:competitionId:285023:attempted_switches_of_play:rank_asc:page:21,urn:gd:story:classification:gcp_distribution:competitionId:285023:attempted_switches_of_play:rank_asc:page:21
519836,285023_43924,Igor Thiago,Brazil,FW,5,80,0,0,0,0,0,0,distribution,urn:gd:story:classification:gcp_distribution:competitionId:285023:attempted_switches_of_play:rank_asc:page:21,urn:gd:story:classification:gcp_distribution:competitionId:285023:attempted_switches_of_play:rank_asc:page:21
448420,285023_43924,Luiz Henrique,Brazil,FW,12,100,0,0,3,100,0,0,distribution,urn:gd:story:classification:gcp_distribution:competitionId:285023:attempted_switches_of_play:rank_asc:page:21,urn:gd:story:classification:gcp_distribution:competitionId:285023:attempted_switches_of_play:rank_asc:page:21
369768,285023_43928,Antonio Sanabria,Paraguay,FW,10,70,0,0,0,0,0,0,distribution,urn:gd:story:classification:gcp_distribution:competitionId:285023:attempted_switches_of_play:rank_asc:page:21,urn:gd:story:classification:gcp_distribution:competitionId:285023:attempted_switches_of_play:rank_asc:page:21
431200,285023_43926,Daniel Munoz,Colombia,DF,143,94,6,33,4,25,0,0,distribution,urn:gd:story:classification:gcp_distribution:competitionId:285023:attempted_switches_of_play:rank_asc:page:21,urn:gd:story:classification:gcp_distribution:competitionId:285023:attempted_switches_of_play:rank_asc:page:21
402895,285023_43930,Matias Vina,Uruguay,DF,29,79,2,0,0,0,0,0,distribution,urn:gd:story:classification:gcp_distribution:competitionId:285023:attempted_switches_of_play:rank_asc:page:21,urn:gd:story:classification:gcp_distribution:competitionId:285023:attempted_switches_of_play:rank_asc:page:21
395427,285023_43924,Ederson,Brazil,GK,0,0,0,0,0,0,0,0,distribution,urn:gd:story:classification:gcp_distribution:competitionId:285023:attempted_switches_of_play:rank_asc:page:21,urn:gd:story:classification:gcp_distribution:competitionId:285023:attempted_switches_of_play:rank_asc:page:21
385998,285023_43926,Alvaro Montero,Colombia,GK,0,0,0,0,0,0,0,0,distribution,urn:gd:story:classification:gcp_distribution:competitionId:285023:attempted_switches_of_play:rank_asc:page:21,urn:gd:story:classification:gcp_distribution:competitionId:285023:attempted_switches_of_play:rank_asc:page:21
477536,285023_43930,Federico Vinas,Uruguay,FW,29,62,0,0,1,0,0,0,distribution,urn:gd:story:classification:gcp_distribution:competitionId:285023:attempted_switches_of_play:rank_asc:page:21,urn:gd:story:classification:gcp_distribution:competitionId:285023:attempted_switches_of_play:rank_asc:page:21
308322,285023_43922,Nicolas Tagliafico,Argentina,DF,81,91,1,100,3,33,0,0,distribution,urn:gd:story:classification:gcp_distribution:competitionId:285023:attempted_switches_of_play:rank_asc:page:21,urn:gd:story:classification:gcp_distribution:competitionId:285023:attempted_switches_of_play:rank_asc:page:21
419142,285023_43930,Rodrigo Zalazar,Uruguay,MF,0,0,0,0,0,0,0,0,distribution,urn:gd:story:classification:gcp_distribution:competitionId:285023:attempted_switches_of_play:rank_asc:page:21,urn:gd:story:classification:gcp_distribution:competitionId:285023:attempted_switches_of_play:rank_asc:page:21
402897,285023_43930,Santiago Mele,Uruguay,GK,0,0,0,0,0,0,0,0,distribution,urn:gd:story:classification:gcp_distribution:competitionId:285023:attempted_switches_of_play:rank_asc:page:22,urn:gd:story:classification:gcp_distribution:competitionId:285023:attempted_switches_of_play:rank_asc:page:22
308300,285023_43922,Emiliano Martinez,Argentina,GK,119,82,0,0,2,50,0,0,distribution,urn:gd:story:classification:gcp_distribution:competitionId:285023:attempted_switches_of_play:rank_asc:page:22,urn:gd:story:classification:gcp_distribution:competitionId:285023:attempted_switches_of_play:rank_asc:page:22
486390,285023_43921,Max Arfsten,USA,DF,0,0,0,0,0,0,0,0,distribution,urn:gd:story:classification:gcp_distribution:competitionId:285023:attempted_switches_of_play:rank_asc:page:22,urn:gd:story:classification:gcp_distribution:competitionId:285023:attempted_switches_of_play:rank_asc:page:22
464546,285023_43921,Chris Brady,USA,GK,0,0,0,0,0,0,0,0,distribution,urn:gd:story:classification:gcp_distribution:competitionId:285023:attempted_switches_of_play:rank_asc:page:22,urn:gd:story:classification:gcp_distribution:competitionId:285023:attempted_switches_of_play:rank_asc:page:22
395414,285023_43922,Giovani Lo Celso,Argentina,MF,51,92,1,100,0,0,0,0,distribution,urn:gd:story:classification:gcp_distribution:competitionId:285023:attempted_switches_of_play:rank_asc:page:22,urn:gd:story:classification:gcp_distribution:competitionId:285023:attempted_switches_of_play:rank_asc:page:22
419002,285023_43927,Moises Ramirez,Ecuador,GK,0,0,0,0,0,0,0,0,distribution,urn:gd:story:classification:gcp_distribution:competitionId:285023:attempted_switches_of_play:rank_asc:page:22,urn:gd:story:classification:gcp_distribution:competitionId:285023:attempted_switches_of_play:rank_asc:page:22
448299,285023_43927,Anthony Valencia,Ecuador,MF,0,0,0,0,0,0,0,0,distribution,urn:gd:story:classification:gcp_distribution:competitionId:285023:attempted_switches_of_play:rank_asc:page:22,urn:gd:story:classification:gcp_distribution:competitionId:285023:attempted_switches_of_play:rank_asc:page:22
448312,285023_43927,Nilson Angulo,Ecuador,FW,78,81,8,38,14,50,0,0,distribution,urn:gd:story:classification:gcp_distribution:competitionId:285023:attempted_switches_of_play:rank_asc:page:22,urn:gd:story:classification:gcp_distribution:competitionId:285023:attempted_switches_of_play:rank_asc:page:22
424422,285023_43928,Matias Galarza,Paraguay,MF,113,73,4,25,6,33,0,0,distribution,urn:gd:story:classification:gcp_distribution:competitionId:285023:attempted_switches_of_play:rank_asc:page:22,urn:gd:story:classification:gcp_distribution:competitionId:285023:attempted_switches_of_play:rank_asc:page:22
419101,285023_43930,Ronald Araujo,Uruguay,DF,0,0,0,0,0,0,0,0,distribution,urn:gd:story:classification:gcp_distribution:competitionId:285023:attempted_switches_of_play:rank_asc:page:22,urn:gd:story:classification:gcp_distribution:competitionId:285023:attempted_switches_of_play:rank_asc:page:22
489417,285023_43928,Isidro Pitta,Paraguay,FW,4,75,1,0,1,0,0,0,distribution,urn:gd:story:classification:gcp_distribution:competitionId:285023:attempted_switches_of_play:rank_asc:page:22,urn:gd:story:classification:gcp_distribution:competitionId:285023:attempted_switches_of_play:rank_asc:page:22
396315,285023_43924,Weverton,Brazil,GK,0,0,0,0,0,0,0,0,distribution,urn:gd:story:classification:gcp_distribution:competitionId:285023:attempted_switches_of_play:rank_asc:page:22,urn:gd:story:classification:gcp_distribution:competitionId:285023:attempted_switches_of_play:rank_asc:page:22
428882,285023_43922,Rodrigo De Paul,Argentina,MF,180,92,5,40,5,60,0,0,distribution,urn:gd:story:classification:gcp_distribution:competitionId:285023:attempted_switches_of_play:rank_asc:page:22,urn:gd:story:classification:gcp_distribution:competitionId:285023:attempted_switches_of_play:rank_asc:page:22
433872,285023_43924,Raphinha,Brazil,FW,44,68,10,30,4,25,0,0,distribution,urn:gd:story:classification:gcp_distribution:competitionId:285023:attempted_switches_of_play:rank_asc:page:22,urn:gd:story:classification:gcp_distribution:competitionId:285023:attempted_switches_of_play:rank_asc:page:22
425580,285023_43926,Jorge Carrascal,Colombia,MF,0,0,0,0,0,0,0,0,distribution,urn:gd:story:classification:gcp_distribution:competitionId:285023:attempted_switches_of_play:rank_asc:page:22,urn:gd:story:classification:gcp_distribution:competitionId:285023:attempted_switches_of_play:rank_asc:page:22
318647,285023_43928,Gatito Fernandez,Paraguay,GK,0,0,0,0,0,0,0,0,distribution,urn:gd:story:classification:gcp_distribution:competitionId:285023:attempted_switches_of_play:rank_asc:page:22,urn:gd:story:classification:gcp_distribution:competitionId:285023:attempted_switches_of_play:rank_asc:page:22
430597,285023_43924,Gabriel Martinelli,Brazil,FW,65,91,3,33,3,67,0,0,distribution,urn:gd:story:classification:gcp_distribution:competitionId:285023:attempted_switches_of_play:rank_asc:page:22,urn:gd:story:classification:gcp_distribution:competitionId:285023:attempted_switches_of_play:rank_asc:page:22
473062,285023_43930,Emiliano Martinez,Uruguay,MF,0,0,0,0,0,0,0,0,distribution,urn:gd:story:classification:gcp_distribution:competitionId:285023:attempted_switches_of_play:rank_asc:page:22,urn:gd:story:classification:gcp_distribution:competitionId:285023:attempted_switches_of_play:rank_asc:page:22
463661,285023_43922,Valentin Barco,Argentina,MF,20,85,0,0,1,100,0,0,distribution,urn:gd:story:classification:gcp_distribution:competitionId:285023:attempted_switches_of_play:rank_asc:page:22,urn:gd:story:classification:gcp_distribution:competitionId:285023:attempted_switches_of_play:rank_asc:page:22
423700,285023_43921,Joe Scally,USA,DF,53,87,4,25,2,50,0,0,distribution,urn:gd:story:classification:gcp_distribution:competitionId:285023:attempted_switches_of_play:rank_asc:page:22,urn:gd:story:classification:gcp_distribution:competitionId:285023:attempted_switches_of_play:rank_asc:page:22
403596,285023_43911,Jorge Sanchez,Mexico,DF,131,92,5,20,1,0,0,0,distribution,urn:gd:story:classification:gcp_distribution:competitionId:285023:attempted_switches_of_play:rank_asc:page:22,urn:gd:story:classification:gcp_distribution:competitionId:285023:attempted_switches_of_play:rank_asc:page:22
419055,285023_43921,Brenden Aaronson,USA,FW,22,95,3,33,2,50,0,0,distribution,urn:gd:story:classification:gcp_distribution:competitionId:285023:attempted_switches_of_play:rank_asc:page:22,urn:gd:story:classification:gcp_distribution:competitionId:285023:attempted_switches_of_play:rank_asc:page:22
368664,285023_43930,Sergio Rochet,Uruguay,GK,19,53,0,0,3,67,0,0,distribution,urn:gd:story:classification:gcp_distribution:competitionId:285023:attempted_switches_of_play:rank_asc:page:22,urn:gd:story:classification:gcp_distribution:competitionId:285023:attempted_switches_of_play:rank_asc:page:22
418963,285023_43922,Facundo Medina,Argentina,DF,139,94,4,50,1,100,0,0,distribution,urn:gd:story:classification:gcp_distribution:competitionId:285023:attempted_switches_of_play:rank_asc:page:22,urn:gd:story:classification:gcp_distribution:competitionId:285023:attempted_switches_of_play:rank_asc:page:22
402934,285023_43922,Marcos Senesi,Argentina,DF,73,96,0,0,1,0,0,0,distribution,urn:gd:story:classification:gcp_distribution:competitionId:285023:attempted_switches_of_play:rank_asc:page:22,urn:gd:story:classification:gcp_distribution:competitionId:285023:attempted_switches_of_play:rank_asc:page:22
369530,285023_43926,Jhon Cordoba,Colombia,FW,12,75,0,0,0,0,0,0,distribution,urn:gd:story:classification:gcp_distribution:competitionId:285023:attempted_switches_of_play:rank_asc:page:22,urn:gd:story:classification:gcp_distribution:competitionId:285023:attempted_switches_of_play:rank_asc:page:22
418747,285023_43914,Tomas Rodriguez,Panama,FW,9,78,0,0,1,100,0,0,distribution,urn:gd:story:classification:gcp_distribution:competitionId:285023:attempted_switches_of_play:rank_asc:page:22,urn:gd:story:classification:gcp_distribution:competitionId:285023:attempted_switches_of_play:rank_asc:page:22
360642,285023_43926,Camilo Vargas,Colombia,GK,152,79,0,0,6,33,0,0,distribution,urn:gd:story:classification:gcp_distribution:competitionId:285023:attempted_switches_of_play:rank_asc:page:22,urn:gd:story:classification:gcp_distribution:competitionId:285023:attempted_switches_of_play:rank_asc:page:22
523215,285023_43908,Dominique Simon,Haiti,MF,30,73,1,100,2,0,0,0,distribution,urn:gd:story:classification:gcp_distribution:competitionId:285023:attempted_switches_of_play:rank_asc:page:22,urn:gd:story:classification:gcp_distribution:competitionId:285023:attempted_switches_of_play:rank_asc:page:22
385833,285023_43914,Adalberto Carrasquilla,Panama,MF,0,0,0,0,0,0,0,0,distribution,urn:gd:story:classification:gcp_distribution:competitionId:285023:attempted_switches_of_play:rank_asc:page:22,urn:gd:story:classification:gcp_distribution:competitionId:285023:attempted_switches_of_play:rank_asc:page:22
448310,285023_43927,Kevin Rodriguez,Ecuador,FW,27,85,1,0,3,67,0,0,distribution,urn:gd:story:classification:gcp_distribution:competitionId:285023:attempted_switches_of_play:rank_asc:page:22,urn:gd:story:classification:gcp_distribution:competitionId:285023:attempted_switches_of_play:rank_asc:page:22
463495,285023_43927,Kendry Paez,Ecuador,MF,10,90,0,0,0,0,0,0,distribution,urn:gd:story:classification:gcp_distribution:competitionId:285023:attempted_switches_of_play:rank_asc:page:22,urn:gd:story:classification:gcp_distribution:competitionId:285023:attempted_switches_of_play:rank_asc:page:22
430759,285023_43911,Santiago Gimenez,Mexico,FW,13,54,0,0,0,0,0,0,distribution,urn:gd:story:classification:gcp_distribution:competitionId:285023:attempted_switches_of_play:rank_asc:page:22,urn:gd:story:classification:gcp_distribution:competitionId:285023:attempted_switches_of_play:rank_asc:page:22
430631,285023_43922,Nico Gonzalez,Argentina,MF,47,77,3,0,5,60,0,0,distribution,urn:gd:story:classification:gcp_distribution:competitionId:285023:attempted_switches_of_play:rank_asc:page:22,urn:gd:story:classification:gcp_distribution:competitionId:285023:attempted_switches_of_play:rank_asc:page:22
441239,285023_43914,Jorge Gutierrez,Panama,DF,23,83,0,0,1,0,0,0,distribution,urn:gd:story:classification:gcp_distribution:competitionId:285023:attempted_switches_of_play:rank_asc:page:22,urn:gd:story:classification:gcp_distribution:competitionId:285023:attempted_switches_of_play:rank_asc:page:22
335658,285023_43924,Alex Sandro,Brazil,DF,13,100,0,0,0,0,0,0,distribution,urn:gd:story:classification:gcp_distribution:competitionId:285023:attempted_switches_of_play:rank_asc:page:22,urn:gd:story:classification:gcp_distribution:competitionId:285023:attempted_switches_of_play:rank_asc:page:22
402985,285023_43927,Jordy Caicedo,Ecuador,FW,6,100,0,0,0,0,0,0,distribution,urn:gd:story:classification:gcp_distribution:competitionId:285023:attempted_switches_of_play:rank_asc:page:22,urn:gd:story:classification:gcp_distribution:competitionId:285023:attempted_switches_of_play:rank_asc:page:22
500038,285023_43911,Mateo Chavez,Mexico,DF,26,88,1,0,2,50,0,0,distribution,urn:gd:story:classification:gcp_distribution:competitionId:285023:attempted_switches_of_play:rank_asc:page:22,urn:gd:story:classification:gcp_distribution:competitionId:285023:attempted_switches_of_play:rank_asc:page:22
271116,285023_43914,Alberto Quintero,Panama,MF,3,100,1,0,0,0,0,0,distribution,urn:gd:story:classification:gcp_distribution:competitionId:285023:attempted_switches_of_play:rank_asc:page:22,urn:gd:story:classification:gcp_distribution:competitionId:285023:attempted_switches_of_play:rank_asc:page:22
402904,285023_43930,Santiago Bueno,Uruguay,DF,0,0,0,0,0,0,0,0,distribution,urn:gd:story:classification:gcp_distribution:competitionId:285023:attempted_switches_of_play:rank_asc:page:22,urn:gd:story:classification:gcp_distribution:competitionId:285023:attempted_switches_of_play:rank_asc:page:22
411174,285023_43914,Jose Fajardo,Panama,FW,18,61,0,0,1,100,0,0,distribution,urn:gd:story:classification:gcp_distribution:competitionId:285023:attempted_switches_of_play:rank_asc:page:22,urn:gd:story:classification:gcp_distribution:competitionId:285023:attempted_switches_of_play:rank_asc:page:22
485804,285023_43928,Gustavo Caballero,Paraguay,MF,8,63,0,0,1,0,0,0,distribution,urn:gd:story:classification:gcp_distribution:competitionId:285023:attempted_switches_of_play:rank_asc:page:22,urn:gd:story:classification:gcp_distribution:competitionId:285023:attempted_switches_of_play:rank_asc:page:22
402920,285023_43922,Lautaro Martinez,Argentina,FW,58,88,1,0,2,50,0,0,distribution,urn:gd:story:classification:gcp_distribution:competitionId:285023:attempted_switches_of_play:rank_asc:page:22,urn:gd:story:classification:gcp_distribution:competitionId:285023:attempted_switches_of_play:rank_asc:page:22
430763,285023_43911,Luis Romo,Mexico,MF,106,88,2,50,5,40,0,0,distribution,urn:gd:story:classification:gcp_distribution:competitionId:285023:attempted_switches_of_play:rank_asc:page:22,urn:gd:story:classification:gcp_distribution:competitionId:285023:attempted_switches_of_play:rank_asc:page:22
390276,285023_43921,Haji Wright,USA,FW,1,100,0,0,0,0,0,0,distribution,urn:gd:story:classification:gcp_distribution:competitionId:285023:attempted_switches_of_play:rank_asc:page:22,urn:gd:story:classification:gcp_distribution:competitionId:285023:attempted_switches_of_play:rank_asc:page:22
402979,285023_43927,Felix Torres,Ecuador,DF,0,0,0,0,0,0,0,0,distribution,urn:gd:story:classification:gcp_distribution:competitionId:285023:attempted_switches_of_play:rank_asc:page:22,urn:gd:story:classification:gcp_distribution:competitionId:285023:attempted_switches_of_play:rank_asc:page:22
385994,285023_43921,Cristian Roldan,USA,MF,0,0,0,0,0,0,0,0,distribution,urn:gd:story:classification:gcp_distribution:competitionId:285023:attempted_switches_of_play:rank_asc:page:22,urn:gd:story:classification:gcp_distribution:competitionId:285023:attempted_switches_of_play:rank_asc:page:22
332897,285023_43930,Rodrigo Aguirre,Uruguay,FW,1,0,0,0,0,0,0,0,distribution,urn:gd:story:classification:gcp_distribution:competitionId:285023:attempted_switches_of_play:rank_asc:page:22,urn:gd:story:classification:gcp_distribution:competitionId:285023:attempted_switches_of_play:rank_asc:page:22
389754,285023_43938,Petar Musa,Croatia,FW,11,64,0,0,3,33,0,0,distribution,urn:gd:story:classification:gcp_distribution:competitionId:285023:attempted_switches_of_play:rank_asc:page:22,urn:gd:story:classification:gcp_distribution:competitionId:285023:attempted_switches_of_play:rank_asc:page:22
402044,285023_43960,Marten De Roon,Netherlands,MF,1,100,0,0,0,0,0,0,distribution,urn:gd:story:classification:gcp_distribution:competitionId:285023:attempted_switches_of_play:rank_asc:page:22,urn:gd:story:classification:gcp_distribution:competitionId:285023:attempted_switches_of_play:rank_asc:page:22
483535,285023_43961,Egil Selvik,Norway,GK,30,63,0,0,0,0,0,0,distribution,urn:gd:story:classification:gcp_distribution:competitionId:285023:attempted_switches_of_play:rank_asc:page:23,urn:gd:story:classification:gcp_distribution:competitionId:285023:attempted_switches_of_play:rank_asc:page:23
485080,285023_43942,James Trafford,England,GK,0,0,0,0,0,0,0,0,distribution,urn:gd:story:classification:gcp_distribution:competitionId:285023:attempted_switches_of_play:rank_asc:page:23,urn:gd:story:classification:gcp_distribution:competitionId:285023:attempted_switches_of_play:rank_asc:page:23
306538,285023_43948,Oliver Baumann,Germany,GK,0,0,0,0,0,0,0,0,distribution,urn:gd:story:classification:gcp_distribution:competitionId:285023:attempted_switches_of_play:rank_asc:page:23,urn:gd:story:classification:gcp_distribution:competitionId:285023:attempted_switches_of_play:rank_asc:page:23
441067,285023_43934,Stefan Posch,Austria,DF,132,74,2,0,11,36,0,0,distribution,urn:gd:story:classification:gcp_distribution:competitionId:285023:attempted_switches_of_play:rank_asc:page:23,urn:gd:story:classification:gcp_distribution:competitionId:285023:attempted_switches_of_play:rank_asc:page:23
448203,285023_43942,Ollie Watkins,England,FW,1,100,1,0,1,100,0,0,distribution,urn:gd:story:classification:gcp_distribution:competitionId:285023:attempted_switches_of_play:rank_asc:page:23,urn:gd:story:classification:gcp_distribution:competitionId:285023:attempted_switches_of_play:rank_asc:page:23
290821,285023_43935,Axel Witsel,Belgium,MF,4,100,0,0,0,0,0,0,distribution,urn:gd:story:classification:gcp_distribution:competitionId:285023:attempted_switches_of_play:rank_asc:page:23,urn:gd:story:classification:gcp_distribution:competitionId:285023:attempted_switches_of_play:rank_asc:page:23
484850,285023_43948,Maximilian Beier,Germany,FW,13,46,0,0,1,0,0,0,distribution,urn:gd:story:classification:gcp_distribution:competitionId:285023:attempted_switches_of_play:rank_asc:page:23,urn:gd:story:classification:gcp_distribution:competitionId:285023:attempted_switches_of_play:rank_asc:page:23
441148,285023_43963,Matheus Nunes,Portugal,MF,1,100,0,0,0,0,0,0,distribution,urn:gd:story:classification:gcp_distribution:competitionId:285023:attempted_switches_of_play:rank_asc:page:23,urn:gd:story:classification:gcp_distribution:competitionId:285023:attempted_switches_of_play:rank_asc:page:23
448369,285023_43935,Zeno Debast,Belgium,DF,0,0,0,0,0,0,0,0,distribution,urn:gd:story:classification:gcp_distribution:competitionId:285023:attempted_switches_of_play:rank_asc:page:23,urn:gd:story:classification:gcp_distribution:competitionId:285023:attempted_switches_of_play:rank_asc:page:23
228912,285023_43948,Manuel Neuer,Germany,GK,129,91,0,0,1,0,0,0,distribution,urn:gd:story:classification:gcp_distribution:competitionId:285023:attempted_switches_of_play:rank_asc:page:23,urn:gd:story:classification:gcp_distribution:competitionId:285023:attempted_switches_of_play:rank_asc:page:23
424051,285023_43960,Brian Brobbey,Netherlands,FW,21,86,1,0,0,0,0,0,distribution,urn:gd:story:classification:gcp_distribution:competitionId:285023:attempted_switches_of_play:rank_asc:page:23,urn:gd:story:classification:gcp_distribution:competitionId:285023:attempted_switches_of_play:rank_asc:page:23
385259,285023_43934,Konrad Laimer,Austria,MF,150,87,7,14,8,63,0,0,distribution,urn:gd:story:classification:gcp_distribution:competitionId:285023:attempted_switches_of_play:rank_asc:page:23,urn:gd:story:classification:gcp_distribution:competitionId:285023:attempted_switches_of_play:rank_asc:page:23
395205,285023_43963,Bernardo Silva,Portugal,MF,59,93,0,0,0,0,0,0,distribution,urn:gd:story:classification:gcp_distribution:competitionId:285023:attempted_switches_of_play:rank_asc:page:23,urn:gd:story:classification:gcp_distribution:competitionId:285023:attempted_switches_of_play:rank_asc:page:23
448081,285023_43963,Goncalo Ramos,Portugal,FW,11,91,0,0,0,0,0,0,distribution,urn:gd:story:classification:gcp_distribution:competitionId:285023:attempted_switches_of_play:rank_asc:page:23,urn:gd:story:classification:gcp_distribution:competitionId:285023:attempted_switches_of_play:rank_asc:page:23
375600,285023_43934,Alessandro Schoepf,Austria,MF,0,0,0,0,0,0,0,0,distribution,urn:gd:story:classification:gcp_distribution:competitionId:285023:attempted_switches_of_play:rank_asc:page:23,urn:gd:story:classification:gcp_distribution:competitionId:285023:attempted_switches_of_play:rank_asc:page:23
403094,285023_43946,Jean Philippe Mateta,France,FW,2,100,0,0,0,0,0,0,distribution,urn:gd:story:classification:gcp_distribution:competitionId:285023:attempted_switches_of_play:rank_asc:page:23,urn:gd:story:classification:gcp_distribution:competitionId:285023:attempted_switches_of_play:rank_asc:page:23
424081,285023_43960,Bart Verbruggen,Netherlands,GK,123,72,0,0,2,0,0,0,distribution,urn:gd:story:classification:gcp_distribution:competitionId:285023:attempted_switches_of_play:rank_asc:page:23,urn:gd:story:classification:gcp_distribution:competitionId:285023:attempted_switches_of_play:rank_asc:page:23
201200,285023_43963,Cristiano Ronaldo,Portugal,FW,99,87,1,0,4,25,0,0,distribution,urn:gd:story:classification:gcp_distribution:competitionId:285023:attempted_switches_of_play:rank_asc:page:23,urn:gd:story:classification:gcp_distribution:competitionId:285023:attempted_switches_of_play:rank_asc:page:23
514526,285023_43938,Ivor Pandur,Croatia,GK,0,0,0,0,0,0,0,0,distribution,urn:gd:story:classification:gcp_distribution:competitionId:285023:attempted_switches_of_play:rank_asc:page:23,urn:gd:story:classification:gcp_distribution:competitionId:285023:attempted_switches_of_play:rank_asc:page:23
485065,285023_43938,Toni Fruk,Croatia,MF,0,0,0,0,0,0,0,0,distribution,urn:gd:story:classification:gcp_distribution:competitionId:285023:attempted_switches_of_play:rank_asc:page:23,urn:gd:story:classification:gcp_distribution:competitionId:285023:attempted_switches_of_play:rank_asc:page:23
380005,285023_43938,Mario Pasalic,Croatia,MF,50,90,0,0,1,100,0,0,distribution,urn:gd:story:classification:gcp_distribution:competitionId:285023:attempted_switches_of_play:rank_asc:page:23,urn:gd:story:classification:gcp_distribution:competitionId:285023:attempted_switches_of_play:rank_asc:page:23
403109,285023_43946,Marcus Thuram,France,FW,0,0,0,0,0,0,0,0,distribution,urn:gd:story:classification:gcp_distribution:competitionId:285023:attempted_switches_of_play:rank_asc:page:23,urn:gd:story:classification:gcp_distribution:competitionId:285023:attempted_switches_of_play:rank_asc:page:23
448366,285023_43935,Koni De Winter,Belgium,DF,0,0,0,0,0,0,0,0,distribution,urn:gd:story:classification:gcp_distribution:competitionId:285023:attempted_switches_of_play:rank_asc:page:23,urn:gd:story:classification:gcp_distribution:competitionId:285023:attempted_switches_of_play:rank_asc:page:23
485677,285023_43946,Manu Kone,France,MF,198,93,0,0,2,100,0,0,distribution,urn:gd:story:classification:gcp_distribution:competitionId:285023:attempted_switches_of_play:rank_asc:page:23,urn:gd:story:classification:gcp_distribution:competitionId:285023:attempted_switches_of_play:rank_asc:page:23
477470,285023_43961,Oscar Bobb,Norway,MF,89,90,1,0,4,0,0,0,distribution,urn:gd:story:classification:gcp_distribution:competitionId:285023:attempted_switches_of_play:rank_asc:page:23,urn:gd:story:classification:gcp_distribution:competitionId:285023:attempted_switches_of_play:rank_asc:page:23
430176,285023_43960,Ryan Gravenberch,Netherlands,MF,126,88,5,20,3,67,0,0,distribution,urn:gd:story:classification:gcp_distribution:competitionId:285023:attempted_switches_of_play:rank_asc:page:23,urn:gd:story:classification:gcp_distribution:competitionId:285023:attempted_switches_of_play:rank_asc:page:23
448198,285023_43942,Ivan Toney,England,FW,0,0,0,0,0,0,0,0,distribution,urn:gd:story:classification:gcp_distribution:competitionId:285023:attempted_switches_of_play:rank_asc:page:23,urn:gd:story:classification:gcp_distribution:competitionId:285023:attempted_switches_of_play:rank_asc:page:23
463282,285023_43934,Alexander Prass,Austria,MF,25,88,3,0,3,33,0,0,distribution,urn:gd:story:classification:gcp_distribution:competitionId:285023:attempted_switches_of_play:rank_asc:page:23,urn:gd:story:classification:gcp_distribution:competitionId:285023:attempted_switches_of_play:rank_asc:page:23
433092,285023_43935,Alexis Saelemaekers,Belgium,MF,40,80,1,100,2,100,0,0,distribution,urn:gd:story:classification:gcp_distribution:competitionId:285023:attempted_switches_of_play:rank_asc:page:23,urn:gd:story:classification:gcp_distribution:competitionId:285023:attempted_switches_of_play:rank_asc:page:23
433066,285023_43960,Donyell Malen,Netherlands,FW,34,79,8,25,5,60,0,0,distribution,urn:gd:story:classification:gcp_distribution:competitionId:285023:attempted_switches_of_play:rank_asc:page:23,urn:gd:story:classification:gcp_distribution:competitionId:285023:attempted_switches_of_play:rank_asc:page:23
441146,285023_43963,Goncalo Inacio,Portugal,DF,0,0,0,0,0,0,0,0,distribution,urn:gd:story:classification:gcp_distribution:competitionId:285023:attempted_switches_of_play:rank_asc:page:23,urn:gd:story:classification:gcp_distribution:competitionId:285023:attempted_switches_of_play:rank_asc:page:23
489732,285023_43942,Noni Madueke,England,FW,77,84,19,42,12,75,0,0,distribution,urn:gd:story:classification:gcp_distribution:competitionId:285023:attempted_switches_of_play:rank_asc:page:23,urn:gd:story:classification:gcp_distribution:competitionId:285023:attempted_switches_of_play:rank_asc:page:23
411367,285023_43948,Kai Havertz,Germany,FW,117,86,3,67,2,0,0,0,distribution,urn:gd:story:classification:gcp_distribution:competitionId:285023:attempted_switches_of_play:rank_asc:page:23,urn:gd:story:classification:gcp_distribution:competitionId:285023:attempted_switches_of_play:rank_asc:page:23
485666,285023_43946,Maghnes Akliouche,France,MF,7,71,2,0,0,0,0,0,distribution,urn:gd:story:classification:gcp_distribution:competitionId:285023:attempted_switches_of_play:rank_asc:page:23,urn:gd:story:classification:gcp_distribution:competitionId:285023:attempted_switches_of_play:rank_asc:page:23
448179,285023_43938,Dominik Kotarski,Croatia,GK,0,0,0,0,0,0,0,0,distribution,urn:gd:story:classification:gcp_distribution:competitionId:285023:attempted_switches_of_play:rank_asc:page:23,urn:gd:story:classification:gcp_distribution:competitionId:285023:attempted_switches_of_play:rank_asc:page:23
491269,285023_43934,Michael Svoboda,Austria,DF,0,0,0,0,0,0,0,0,distribution,urn:gd:story:classification:gcp_distribution:competitionId:285023:attempted_switches_of_play:rank_asc:page:23,urn:gd:story:classification:gcp_distribution:competitionId:285023:attempted_switches_of_play:rank_asc:page:23
448196,285023_43942,Bukayo Saka,England,FW,57,82,13,15,5,60,0,0,distribution,urn:gd:story:classification:gcp_distribution:competitionId:285023:attempted_switches_of_play:rank_asc:page:23,urn:gd:story:classification:gcp_distribution:competitionId:285023:attempted_switches_of_play:rank_asc:page:23
448364,285023_43935,Amadou Onana,Belgium,MF,64,89,0,0,1,100,0,0,distribution,urn:gd:story:classification:gcp_distribution:competitionId:285023:attempted_switches_of_play:rank_asc:page:23,urn:gd:story:classification:gcp_distribution:competitionId:285023:attempted_switches_of_play:rank_asc:page:23
358106,285023_43935,Thibaut Courtois,Belgium,GK,165,73,0,0,4,0,0,0,distribution,urn:gd:story:classification:gcp_distribution:competitionId:285023:attempted_switches_of_play:rank_asc:page:23,urn:gd:story:classification:gcp_distribution:competitionId:285023:attempted_switches_of_play:rank_asc:page:23
379955,285023_43948,Antonio Ruediger,Germany,DF,246,93,1,0,4,25,0,0,distribution,urn:gd:story:classification:gcp_distribution:competitionId:285023:attempted_switches_of_play:rank_asc:page:23,urn:gd:story:classification:gcp_distribution:competitionId:285023:attempted_switches_of_play:rank_asc:page:23
489518,285023_43960,Crysencio Summerville,Netherlands,FW,67,84,8,13,6,83,0,0,distribution,urn:gd:story:classification:gcp_distribution:competitionId:285023:attempted_switches_of_play:rank_asc:page:23,urn:gd:story:classification:gcp_distribution:competitionId:285023:attempted_switches_of_play:rank_asc:page:23
463287,285023_43934,Marco Friedl,Austria,DF,31,97,0,0,0,0,0,0,distribution,urn:gd:story:classification:gcp_distribution:competitionId:285023:attempted_switches_of_play:rank_asc:page:23,urn:gd:story:classification:gcp_distribution:competitionId:285023:attempted_switches_of_play:rank_asc:page:23
484848,285023_43948,Pascal Gross,Germany,MF,14,100,1,0,1,100,0,0,distribution,urn:gd:story:classification:gcp_distribution:competitionId:285023:attempted_switches_of_play:rank_asc:page:23,urn:gd:story:classification:gcp_distribution:competitionId:285023:attempted_switches_of_play:rank_asc:page:23
436612,285023_43960,Denzel Dumfries,Netherlands,DF,179,82,17,29,13,54,0,0,distribution,urn:gd:story:classification:gcp_distribution:competitionId:285023:attempted_switches_of_play:rank_asc:page:23,urn:gd:story:classification:gcp_distribution:competitionId:285023:attempted_switches_of_play:rank_asc:page:23
389740,285023_43938,Martin Erlic,Croatia,DF,0,0,0,0,0,0,0,0,distribution,urn:gd:story:classification:gcp_distribution:competitionId:285023:attempted_switches_of_play:rank_asc:page:23,urn:gd:story:classification:gcp_distribution:competitionId:285023:attempted_switches_of_play:rank_asc:page:23
433067,285023_43961,Morten Thorsby,Norway,MF,18,94,0,0,0,0,0,0,distribution,urn:gd:story:classification:gcp_distribution:competitionId:285023:attempted_switches_of_play:rank_asc:page:23,urn:gd:story:classification:gcp_distribution:competitionId:285023:attempted_switches_of_play:rank_asc:page:23
448140,285023_43960,Micky Van De Ven,Netherlands,DF,117,90,3,0,3,67,0,0,distribution,urn:gd:story:classification:gcp_distribution:competitionId:285023:attempted_switches_of_play:rank_asc:page:23,urn:gd:story:classification:gcp_distribution:competitionId:285023:attempted_switches_of_play:rank_asc:page:23
491244,285023_43961,Torbjorn Heggem,Norway,DF,258,94,0,0,3,0,0,0,distribution,urn:gd:story:classification:gcp_distribution:competitionId:285023:attempted_switches_of_play:rank_asc:page:23,urn:gd:story:classification:gcp_distribution:competitionId:285023:attempted_switches_of_play:rank_asc:page:23
463288,285023_43934,Phillip Mwene,Austria,DF,64,88,6,0,2,50,0,0,distribution,urn:gd:story:classification:gcp_distribution:competitionId:285023:attempted_switches_of_play:rank_asc:page:23,urn:gd:story:classification:gcp_distribution:competitionId:285023:attempted_switches_of_play:rank_asc:page:23
520034,285023_43934,Florian Wiegele,Austria,GK,0,0,0,0,0,0,0,0,distribution,urn:gd:story:classification:gcp_distribution:competitionId:285023:attempted_switches_of_play:rank_asc:page:23,urn:gd:story:classification:gcp_distribution:competitionId:285023:attempted_switches_of_play:rank_asc:page:23
448189,285023_43942,Anthony Gordon,England,FW,66,89,6,17,13,77,0,0,distribution,urn:gd:story:classification:gcp_distribution:competitionId:285023:attempted_switches_of_play:rank_asc:page:24,urn:gd:story:classification:gcp_distribution:competitionId:285023:attempted_switches_of_play:rank_asc:page:24
395212,285023_43963,Nelson Semedo,Portugal,DF,91,92,5,0,3,0,0,0,distribution,urn:gd:story:classification:gcp_distribution:competitionId:285023:attempted_switches_of_play:rank_asc:page:24,urn:gd:story:classification:gcp_distribution:competitionId:285023:attempted_switches_of_play:rank_asc:page:24
385248,285023_43934,Florian Grillitsch,Austria,MF,60,92,1,0,5,80,0,0,distribution,urn:gd:story:classification:gcp_distribution:competitionId:285023:attempted_switches_of_play:rank_asc:page:24,urn:gd:story:classification:gcp_distribution:competitionId:285023:attempted_switches_of_play:rank_asc:page:24
499803,285023_43935,Mike Penders,Belgium,GK,0,0,0,0,0,0,0,0,distribution,urn:gd:story:classification:gcp_distribution:competitionId:285023:attempted_switches_of_play:rank_asc:page:24,urn:gd:story:classification:gcp_distribution:competitionId:285023:attempted_switches_of_play:rank_asc:page:24
429639,285023_43948,Alexander Nuebel,Germany,GK,0,0,0,0,0,0,0,0,distribution,urn:gd:story:classification:gcp_distribution:competitionId:285023:attempted_switches_of_play:rank_asc:page:24,urn:gd:story:classification:gcp_distribution:competitionId:285023:attempted_switches_of_play:rank_asc:page:24
482621,285023_43942,Kobbie Mainoo,England,MF,0,0,0,0,0,0,0,0,distribution,urn:gd:story:classification:gcp_distribution:competitionId:285023:attempted_switches_of_play:rank_asc:page:24,urn:gd:story:classification:gcp_distribution:competitionId:285023:attempted_switches_of_play:rank_asc:page:24
398681,285023_43946,Ngolo Kante,France,MF,0,0,0,0,0,0,0,0,distribution,urn:gd:story:classification:gcp_distribution:competitionId:285023:attempted_switches_of_play:rank_asc:page:24,urn:gd:story:classification:gcp_distribution:competitionId:285023:attempted_switches_of_play:rank_asc:page:24
419681,285023_43961,Kristian Thorstvedt,Norway,MF,24,79,0,0,1,0,0,0,distribution,urn:gd:story:classification:gcp_distribution:competitionId:285023:attempted_switches_of_play:rank_asc:page:24,urn:gd:story:classification:gcp_distribution:competitionId:285023:attempted_switches_of_play:rank_asc:page:24
401131,285023_43934,Michael Gregoritsch,Austria,FW,29,69,0,0,2,0,0,0,distribution,urn:gd:story:classification:gcp_distribution:competitionId:285023:attempted_switches_of_play:rank_asc:page:24,urn:gd:story:classification:gcp_distribution:competitionId:285023:attempted_switches_of_play:rank_asc:page:24
336088,285023_43960,Nathan Ake,Netherlands,DF,123,91,1,0,3,0,0,0,distribution,urn:gd:story:classification:gcp_distribution:competitionId:285023:attempted_switches_of_play:rank_asc:page:24,urn:gd:story:classification:gcp_distribution:competitionId:285023:attempted_switches_of_play:rank_asc:page:24
485081,285023_43963,Francisco Conceicao,Portugal,FW,73,89,5,40,7,86,0,0,distribution,urn:gd:story:classification:gcp_distribution:competitionId:285023:attempted_switches_of_play:rank_asc:page:24,urn:gd:story:classification:gcp_distribution:competitionId:285023:attempted_switches_of_play:rank_asc:page:24
405881,285023_43946,Maxence Lacroix,France,DF,46,93,0,0,0,0,0,0,distribution,urn:gd:story:classification:gcp_distribution:competitionId:285023:attempted_switches_of_play:rank_asc:page:24,urn:gd:story:classification:gcp_distribution:competitionId:285023:attempted_switches_of_play:rank_asc:page:24
492716,285023_43942,Morgan Rogers,England,MF,54,74,2,0,7,71,0,0,distribution,urn:gd:story:classification:gcp_distribution:competitionId:285023:attempted_switches_of_play:rank_asc:page:24,urn:gd:story:classification:gcp_distribution:competitionId:285023:attempted_switches_of_play:rank_asc:page:24
439691,285023_43942,Trevoh Chalobah,England,DF,0,0,0,0,0,0,0,0,distribution,urn:gd:story:classification:gcp_distribution:competitionId:285023:attempted_switches_of_play:rank_asc:page:24,urn:gd:story:classification:gcp_distribution:competitionId:285023:attempted_switches_of_play:rank_asc:page:24
491218,285023_43948,Jamie Leweling,Germany,MF,14,79,3,0,1,0,0,0,distribution,urn:gd:story:classification:gcp_distribution:competitionId:285023:attempted_switches_of_play:rank_asc:page:24,urn:gd:story:classification:gcp_distribution:competitionId:285023:attempted_switches_of_play:rank_asc:page:24
369029,285023_43938,Dominik Livakovic,Croatia,GK,129,74,0,0,0,0,0,0,distribution,urn:gd:story:classification:gcp_distribution:competitionId:285023:attempted_switches_of_play:rank_asc:page:24,urn:gd:story:classification:gcp_distribution:competitionId:285023:attempted_switches_of_play:rank_asc:page:24
484860,285023_43946,Bradley Barcola,France,FW,85,89,5,20,8,75,0,0,distribution,urn:gd:story:classification:gcp_distribution:competitionId:285023:attempted_switches_of_play:rank_asc:page:24,urn:gd:story:classification:gcp_distribution:competitionId:285023:attempted_switches_of_play:rank_asc:page:24
483505,285023_43961,David Moller Wolfe,Norway,DF,159,87,7,14,7,43,0,0,distribution,urn:gd:story:classification:gcp_distribution:competitionId:285023:attempted_switches_of_play:rank_asc:page:24,urn:gd:story:classification:gcp_distribution:competitionId:285023:attempted_switches_of_play:rank_asc:page:24
448151,285023_43960,Mark Flekken,Netherlands,GK,0,0,0,0,0,0,0,0,distribution,urn:gd:story:classification:gcp_distribution:competitionId:285023:attempted_switches_of_play:rank_asc:page:24,urn:gd:story:classification:gcp_distribution:competitionId:285023:attempted_switches_of_play:rank_asc:page:24
475195,285023_43948,Assan Ouedraogo,Germany,MF,0,0,0,0,0,0,0,0,distribution,urn:gd:story:classification:gcp_distribution:competitionId:285023:attempted_switches_of_play:rank_asc:page:24,urn:gd:story:classification:gcp_distribution:competitionId:285023:attempted_switches_of_play:rank_asc:page:24
358112,285023_43935,Romelu Lukaku,Belgium,FW,39,79,0,0,2,100,0,0,distribution,urn:gd:story:classification:gcp_distribution:competitionId:285023:attempted_switches_of_play:rank_asc:page:24,urn:gd:story:classification:gcp_distribution:competitionId:285023:attempted_switches_of_play:rank_asc:page:24
403046,285023_43942,Dean Henderson,England,GK,0,0,0,0,0,0,0,0,distribution,urn:gd:story:classification:gcp_distribution:competitionId:285023:attempted_switches_of_play:rank_asc:page:24,urn:gd:story:classification:gcp_distribution:competitionId:285023:attempted_switches_of_play:rank_asc:page:24
389753,285023_43938,Nikola Moro,Croatia,MF,0,0,0,0,0,0,0,0,distribution,urn:gd:story:classification:gcp_distribution:competitionId:285023:attempted_switches_of_play:rank_asc:page:24,urn:gd:story:classification:gcp_distribution:competitionId:285023:attempted_switches_of_play:rank_asc:page:24
494625,285023_43961,Marcus Holmgren Pedersen,Norway,DF,94,79,6,50,4,0,0,0,distribution,urn:gd:story:classification:gcp_distribution:competitionId:285023:attempted_switches_of_play:rank_asc:page:24,urn:gd:story:classification:gcp_distribution:competitionId:285023:attempted_switches_of_play:rank_asc:page:24
336472,285023_43938,Andrej Kramaric,Croatia,FW,20,85,2,0,2,50,0,0,distribution,urn:gd:story:classification:gcp_distribution:competitionId:285023:attempted_switches_of_play:rank_asc:page:24,urn:gd:story:classification:gcp_distribution:competitionId:285023:attempted_switches_of_play:rank_asc:page:24
384751,285023_43963,Goncalo Guedes,Portugal,FW,0,0,0,0,0,0,0,0,distribution,urn:gd:story:classification:gcp_distribution:competitionId:285023:attempted_switches_of_play:rank_asc:page:24,urn:gd:story:classification:gcp_distribution:competitionId:285023:attempted_switches_of_play:rank_asc:page:24
356189,285023_43942,Jordan Henderson,England,MF,13,92,1,0,0,0,0,0,distribution,urn:gd:story:classification:gcp_distribution:competitionId:285023:attempted_switches_of_play:rank_asc:page:24,urn:gd:story:classification:gcp_distribution:competitionId:285023:attempted_switches_of_play:rank_asc:page:24
485068,285023_43938,Igor Matanovic,Croatia,FW,14,79,0,0,0,0,0,0,distribution,urn:gd:story:classification:gcp_distribution:competitionId:285023:attempted_switches_of_play:rank_asc:page:24,urn:gd:story:classification:gcp_distribution:competitionId:285023:attempted_switches_of_play:rank_asc:page:24
483549,285023_43946,Warren Zaire Emery,France,MF,0,0,0,0,0,0,0,0,distribution,urn:gd:story:classification:gcp_distribution:competitionId:285023:attempted_switches_of_play:rank_asc:page:24,urn:gd:story:classification:gcp_distribution:competitionId:285023:attempted_switches_of_play:rank_asc:page:24
419662,285023_43961,Jorgen Strand Larsen,Norway,FW,21,76,0,0,1,0,0,0,distribution,urn:gd:story:classification:gcp_distribution:competitionId:285023:attempted_switches_of_play:rank_asc:page:24,urn:gd:story:classification:gcp_distribution:competitionId:285023:attempted_switches_of_play:rank_asc:page:24
448153,285023_43960,Noa Lang,Netherlands,FW,13,85,1,0,2,100,0,0,distribution,urn:gd:story:classification:gcp_distribution:competitionId:285023:attempted_switches_of_play:rank_asc:page:24,urn:gd:story:classification:gcp_distribution:competitionId:285023:attempted_switches_of_play:rank_asc:page:24
395216,285023_43963,Ruben Neves,Portugal,MF,29,93,0,0,2,50,0,0,distribution,urn:gd:story:classification:gcp_distribution:competitionId:285023:attempted_switches_of_play:rank_asc:page:24,urn:gd:story:classification:gcp_distribution:competitionId:285023:attempted_switches_of_play:rank_asc:page:24
514188,285023_43948,Malick Thiaw,Germany,DF,38,87,0,0,0,0,0,0,distribution,urn:gd:story:classification:gcp_distribution:competitionId:285023:attempted_switches_of_play:rank_asc:page:24,urn:gd:story:classification:gcp_distribution:competitionId:285023:attempted_switches_of_play:rank_asc:page:24
448164,285023_43938,Kristijan Jakic,Croatia,DF,0,0,0,0,0,0,0,0,distribution,urn:gd:story:classification:gcp_distribution:competitionId:285023:attempted_switches_of_play:rank_asc:page:24,urn:gd:story:classification:gcp_distribution:competitionId:285023:attempted_switches_of_play:rank_asc:page:24
483471,285023_43946,Brice Samba,France,GK,0,0,0,0,0,0,0,0,distribution,urn:gd:story:classification:gcp_distribution:competitionId:285023:attempted_switches_of_play:rank_asc:page:24,urn:gd:story:classification:gcp_distribution:competitionId:285023:attempted_switches_of_play:rank_asc:page:24
520112,285023_43961,Henrik Falchener,Norway,DF,23,78,0,0,0,0,0,0,distribution,urn:gd:story:classification:gcp_distribution:competitionId:285023:attempted_switches_of_play:rank_asc:page:24,urn:gd:story:classification:gcp_distribution:competitionId:285023:attempted_switches_of_play:rank_asc:page:24
419654,285023_43961,Jens Petter Hauge,Norway,MF,3,67,0,0,0,0,0,0,distribution,urn:gd:story:classification:gcp_distribution:competitionId:285023:attempted_switches_of_play:rank_asc:page:24,urn:gd:story:classification:gcp_distribution:competitionId:285023:attempted_switches_of_play:rank_asc:page:24
448157,285023_43960,Guus Til,Netherlands,MF,8,88,0,0,1,0,0,0,distribution,urn:gd:story:classification:gcp_distribution:competitionId:285023:attempted_switches_of_play:rank_asc:page:24,urn:gd:story:classification:gcp_distribution:competitionId:285023:attempted_switches_of_play:rank_asc:page:24
506088,285023_43935,Joaquin Seys,Belgium,DF,0,0,0,0,0,0,0,0,distribution,urn:gd:story:classification:gcp_distribution:competitionId:285023:attempted_switches_of_play:rank_asc:page:24,urn:gd:story:classification:gcp_distribution:competitionId:285023:attempted_switches_of_play:rank_asc:page:24
448159,285023_43960,Wout Weghorst,Netherlands,FW,7,57,0,0,1,0,0,0,distribution,urn:gd:story:classification:gcp_distribution:competitionId:285023:attempted_switches_of_play:rank_asc:page:24,urn:gd:story:classification:gcp_distribution:competitionId:285023:attempted_switches_of_play:rank_asc:page:24
385531,285023_43934,Xaver Schlager,Austria,MF,138,94,1,0,1,100,0,0,distribution,urn:gd:story:classification:gcp_distribution:competitionId:285023:attempted_switches_of_play:rank_asc:page:24,urn:gd:story:classification:gcp_distribution:competitionId:285023:attempted_switches_of_play:rank_asc:page:24
429640,285023_43948,Angelo Stiller,Germany,MF,34,91,0,0,1,0,0,0,distribution,urn:gd:story:classification:gcp_distribution:competitionId:285023:attempted_switches_of_play:rank_asc:page:24,urn:gd:story:classification:gcp_distribution:competitionId:285023:attempted_switches_of_play:rank_asc:page:24
448092,285023_43963,Rui Silva,Portugal,GK,0,0,0,0,0,0,0,0,distribution,urn:gd:story:classification:gcp_distribution:competitionId:285023:attempted_switches_of_play:rank_asc:page:24,urn:gd:story:classification:gcp_distribution:competitionId:285023:attempted_switches_of_play:rank_asc:page:24
494025,285023_43935,Matias Fernandez Pardo,Belgium,FW,15,87,3,0,3,67,0,0,distribution,urn:gd:story:classification:gcp_distribution:competitionId:285023:attempted_switches_of_play:rank_asc:page:24,urn:gd:story:classification:gcp_distribution:competitionId:285023:attempted_switches_of_play:rank_asc:page:24
464127,285023_43946,Robin Risser,France,GK,0,0,0,0,0,0,0,0,distribution,urn:gd:story:classification:gcp_distribution:competitionId:285023:attempted_switches_of_play:rank_asc:page:24,urn:gd:story:classification:gcp_distribution:competitionId:285023:attempted_switches_of_play:rank_asc:page:24
448346,285023_43935,Arthur Theate,Belgium,DF,164,93,0,0,0,0,0,0,distribution,urn:gd:story:classification:gcp_distribution:competitionId:285023:attempted_switches_of_play:rank_asc:page:24,urn:gd:story:classification:gcp_distribution:competitionId:285023:attempted_switches_of_play:rank_asc:page:24
371739,285023_43934,Alexander Schlager,Austria,GK,123,86,0,0,0,0,0,0,distribution,urn:gd:story:classification:gcp_distribution:competitionId:285023:attempted_switches_of_play:rank_asc:page:24,urn:gd:story:classification:gcp_distribution:competitionId:285023:attempted_switches_of_play:rank_asc:page:24
491216,285023_43963,Samu Costa,Portugal,DF,11,100,0,0,0,0,0,0,distribution,urn:gd:story:classification:gcp_distribution:competitionId:285023:attempted_switches_of_play:rank_asc:page:24,urn:gd:story:classification:gcp_distribution:competitionId:285023:attempted_switches_of_play:rank_asc:page:24
463800,285023_43934,Carney Chukwuemeka,Austria,MF,30,83,0,0,0,0,0,0,distribution,urn:gd:story:classification:gcp_distribution:competitionId:285023:attempted_switches_of_play:rank_asc:page:24,urn:gd:story:classification:gcp_distribution:competitionId:285023:attempted_switches_of_play:rank_asc:page:24
418561,285023_43963,Francisco Trincao,Portugal,FW,16,81,0,0,1,0,0,0,distribution,urn:gd:story:classification:gcp_distribution:competitionId:285023:attempted_switches_of_play:rank_asc:page:24,urn:gd:story:classification:gcp_distribution:competitionId:285023:attempted_switches_of_play:rank_asc:page:24
419652,285023_43961,Erling Haaland,Norway,FW,37,76,0,0,4,25,0,0,distribution,urn:gd:story:classification:gcp_distribution:competitionId:285023:attempted_switches_of_play:rank_asc:page:25,urn:gd:story:classification:gcp_distribution:competitionId:285023:attempted_switches_of_play:rank_asc:page:25
478364,285023_43960,Justin Kluivert,Netherlands,MF,7,100,1,0,0,0,0,0,distribution,urn:gd:story:classification:gcp_distribution:competitionId:285023:attempted_switches_of_play:rank_asc:page:25,urn:gd:story:classification:gcp_distribution:competitionId:285023:attempted_switches_of_play:rank_asc:page:25
473113,285023_43942,Eberechi Eze,England,MF,24,79,1,100,3,100,0,0,distribution,urn:gd:story:classification:gcp_distribution:competitionId:285023:attempted_switches_of_play:rank_asc:page:25,urn:gd:story:classification:gcp_distribution:competitionId:285023:attempted_switches_of_play:rank_asc:page:25
411470,285023_43946,Lucas Hernandez,France,DF,0,0,0,0,0,0,0,0,distribution,urn:gd:story:classification:gcp_distribution:competitionId:285023:attempted_switches_of_play:rank_asc:page:25,urn:gd:story:classification:gcp_distribution:competitionId:285023:attempted_switches_of_play:rank_asc:page:25
483481,285023_43960,Mats Wieffer,Netherlands,DF,0,0,0,0,0,0,0,0,distribution,urn:gd:story:classification:gcp_distribution:competitionId:285023:attempted_switches_of_play:rank_asc:page:25,urn:gd:story:classification:gcp_distribution:competitionId:285023:attempted_switches_of_play:rank_asc:page:25
494345,285023_43942,Dan Burn,England,DF,3,33,0,0,2,0,0,0,distribution,urn:gd:story:classification:gcp_distribution:competitionId:285023:attempted_switches_of_play:rank_asc:page:25,urn:gd:story:classification:gcp_distribution:competitionId:285023:attempted_switches_of_play:rank_asc:page:25
520035,285023_43934,David Affengruber,Austria,DF,0,0,0,0,0,0,0,0,distribution,urn:gd:story:classification:gcp_distribution:competitionId:285023:attempted_switches_of_play:rank_asc:page:25,urn:gd:story:classification:gcp_distribution:competitionId:285023:attempted_switches_of_play:rank_asc:page:25
368689,285023_43963,Jose Sa,Portugal,GK,0,0,0,0,0,0,0,0,distribution,urn:gd:story:classification:gcp_distribution:competitionId:285023:attempted_switches_of_play:rank_asc:page:25,urn:gd:story:classification:gcp_distribution:competitionId:285023:attempted_switches_of_play:rank_asc:page:25
441068,285023_43934,Dejan Ljubicic,Austria,MF,0,0,0,0,0,0,0,0,distribution,urn:gd:story:classification:gcp_distribution:competitionId:285023:attempted_switches_of_play:rank_asc:page:25,urn:gd:story:classification:gcp_distribution:competitionId:285023:attempted_switches_of_play:rank_asc:page:25
429642,285023_43948,Jamal Musiala,Germany,MF,104,83,8,0,9,67,0,0,distribution,urn:gd:story:classification:gcp_distribution:competitionId:285023:attempted_switches_of_play:rank_asc:page:25,urn:gd:story:classification:gcp_distribution:competitionId:285023:attempted_switches_of_play:rank_asc:page:25
368860,285023_43946,Lucas Digne,France,DF,170,88,10,10,4,50,0,0,distribution,urn:gd:story:classification:gcp_distribution:competitionId:285023:attempted_switches_of_play:rank_asc:page:25,urn:gd:story:classification:gcp_distribution:competitionId:285023:attempted_switches_of_play:rank_asc:page:25
403002,285023_43963,Diogo Dalot,Portugal,DF,39,87,1,0,1,0,0,0,distribution,urn:gd:story:classification:gcp_distribution:competitionId:285023:attempted_switches_of_play:rank_asc:page:25,urn:gd:story:classification:gcp_distribution:competitionId:285023:attempted_switches_of_play:rank_asc:page:25
511015,285023_43948,Nathaniel Brown,Germany,DF,131,88,19,32,6,67,0,0,distribution,urn:gd:story:classification:gcp_distribution:competitionId:285023:attempted_switches_of_play:rank_asc:page:25,urn:gd:story:classification:gcp_distribution:competitionId:285023:attempted_switches_of_play:rank_asc:page:25
483512,285023_43960,Jorrel Hato,Netherlands,DF,4,50,1,100,0,0,0,0,distribution,urn:gd:story:classification:gcp_distribution:competitionId:285023:attempted_switches_of_play:rank_asc:page:25,urn:gd:story:classification:gcp_distribution:competitionId:285023:attempted_switches_of_play:rank_asc:page:25
409191,285023_43938,Nikola Vlasic,Croatia,MF,40,83,3,67,3,67,0,0,distribution,urn:gd:story:classification:gcp_distribution:competitionId:285023:attempted_switches_of_play:rank_asc:page:25,urn:gd:story:classification:gcp_distribution:competitionId:285023:attempted_switches_of_play:rank_asc:page:25
441065,285023_43934,Patrick Pentz,Austria,GK,0,0,0,0,0,0,0,0,distribution,urn:gd:story:classification:gcp_distribution:competitionId:285023:attempted_switches_of_play:rank_asc:page:25,urn:gd:story:classification:gcp_distribution:competitionId:285023:attempted_switches_of_play:rank_asc:page:25
483526,285023_43960,Tijjani Reijnders,Netherlands,MF,67,79,15,40,4,50,0,0,distribution,urn:gd:story:classification:gcp_distribution:competitionId:285023:attempted_switches_of_play:rank_asc:page:25,urn:gd:story:classification:gcp_distribution:competitionId:285023:attempted_switches_of_play:rank_asc:page:25
514479,285023_43961,Sander Tangvik,Norway,GK,0,0,0,0,0,0,0,0,distribution,urn:gd:story:classification:gcp_distribution:competitionId:285023:attempted_switches_of_play:rank_asc:page:25,urn:gd:story:classification:gcp_distribution:competitionId:285023:attempted_switches_of_play:rank_asc:page:25
506028,285023_43960,Robin Roefs,Netherlands,GK,0,0,0,0,0,0,0,0,distribution,urn:gd:story:classification:gcp_distribution:competitionId:285023:attempted_switches_of_play:rank_asc:page:25,urn:gd:story:classification:gcp_distribution:competitionId:285023:attempted_switches_of_play:rank_asc:page:25
483553,285023_43960,Lutsharel Geertruida,Netherlands,DF,0,0,0,0,0,0,0,0,distribution,urn:gd:story:classification:gcp_distribution:competitionId:285023:attempted_switches_of_play:rank_asc:page:25,urn:gd:story:classification:gcp_distribution:competitionId:285023:attempted_switches_of_play:rank_asc:page:25
483516,285023_43961,Kristoffer Ajer,Norway,DF,222,95,2,100,1,100,0,0,distribution,urn:gd:story:classification:gcp_distribution:competitionId:285023:attempted_switches_of_play:rank_asc:page:25,urn:gd:story:classification:gcp_distribution:competitionId:285023:attempted_switches_of_play:rank_asc:page:25
506329,285023_43942,Djed Spence,England,DF,117,91,8,0,6,67,0,0,distribution,urn:gd:story:classification:gcp_distribution:competitionId:285023:attempted_switches_of_play:rank_asc:page:25,urn:gd:story:classification:gcp_distribution:competitionId:285023:attempted_switches_of_play:rank_asc:page:25
448160,285023_43938,Luka Sucic,Croatia,MF,3,33,0,0,1,0,0,0,distribution,urn:gd:story:classification:gcp_distribution:competitionId:285023:attempted_switches_of_play:rank_asc:page:25,urn:gd:story:classification:gcp_distribution:competitionId:285023:attempted_switches_of_play:rank_asc:page:25
448341,285023_43935,Jeremy Doku,Belgium,FW,72,82,8,38,11,73,0,0,distribution,urn:gd:story:classification:gcp_distribution:competitionId:285023:attempted_switches_of_play:rank_asc:page:25,urn:gd:story:classification:gcp_distribution:competitionId:285023:attempted_switches_of_play:rank_asc:page:25
400716,285023_43961,Martin Odegaard,Norway,MF,271,89,12,25,15,60,0,0,distribution,urn:gd:story:classification:gcp_distribution:competitionId:285023:attempted_switches_of_play:rank_asc:page:25,urn:gd:story:classification:gcp_distribution:competitionId:285023:attempted_switches_of_play:rank_asc:page:25
463286,285023_43934,Patrick Wimmer,Austria,FW,13,54,0,0,2,100,0,0,distribution,urn:gd:story:classification:gcp_distribution:competitionId:285023:attempted_switches_of_play:rank_asc:page:25,urn:gd:story:classification:gcp_distribution:competitionId:285023:attempted_switches_of_play:rank_asc:page:25
418535,285023_43963,Joao Felix,Portugal,FW,60,78,4,0,9,33,0,0,distribution,urn:gd:story:classification:gcp_distribution:competitionId:285023:attempted_switches_of_play:rank_asc:page:25,urn:gd:story:classification:gcp_distribution:competitionId:285023:attempted_switches_of_play:rank_asc:page:25
483530,285023_43961,Fredrik Andre Bjorkan,Norway,DF,21,90,0,0,0,0,0,0,distribution,urn:gd:story:classification:gcp_distribution:competitionId:285023:attempted_switches_of_play:rank_asc:page:25,urn:gd:story:classification:gcp_distribution:competitionId:285023:attempted_switches_of_play:rank_asc:page:25
430658,285023_43948,Waldemar Anton,Germany,DF,30,97,2,0,0,0,0,0,distribution,urn:gd:story:classification:gcp_distribution:competitionId:285023:attempted_switches_of_play:rank_asc:page:25,urn:gd:story:classification:gcp_distribution:competitionId:285023:attempted_switches_of_play:rank_asc:page:25
498416,285023_43948,Nick Woltemade,Germany,FW,1,100,0,0,0,0,0,0,distribution,urn:gd:story:classification:gcp_distribution:competitionId:285023:attempted_switches_of_play:rank_asc:page:25,urn:gd:story:classification:gcp_distribution:competitionId:285023:attempted_switches_of_play:rank_asc:page:25
398588,285023_43961,Alexander Sorloth,Norway,FW,92,79,4,25,5,100,0,0,distribution,urn:gd:story:classification:gcp_distribution:competitionId:285023:attempted_switches_of_play:rank_asc:page:25,urn:gd:story:classification:gcp_distribution:competitionId:285023:attempted_switches_of_play:rank_asc:page:25
484859,285023_43960,Quinten Timber,Netherlands,MF,12,83,2,50,2,50,0,0,distribution,urn:gd:story:classification:gcp_distribution:competitionId:285023:attempted_switches_of_play:rank_asc:page:25,urn:gd:story:classification:gcp_distribution:competitionId:285023:attempted_switches_of_play:rank_asc:page:25
495348,285023_43935,Senne Lammens,Belgium,GK,0,0,0,0,0,0,0,0,distribution,urn:gd:story:classification:gcp_distribution:competitionId:285023:attempted_switches_of_play:rank_asc:page:25,urn:gd:story:classification:gcp_distribution:competitionId:285023:attempted_switches_of_play:rank_asc:page:25
430707,285023_43946,Jules Kounde,France,DF,267,90,12,8,5,20,0,0,distribution,urn:gd:story:classification:gcp_distribution:competitionId:285023:attempted_switches_of_play:rank_asc:page:25,urn:gd:story:classification:gcp_distribution:competitionId:285023:attempted_switches_of_play:rank_asc:page:25
419166,285023_43946,Ibrahima Konate,France,DF,11,91,0,0,0,0,0,0,distribution,urn:gd:story:classification:gcp_distribution:competitionId:285023:attempted_switches_of_play:rank_asc:page:25,urn:gd:story:classification:gcp_distribution:competitionId:285023:attempted_switches_of_play:rank_asc:page:25
430070,285023_43938,Ante Budimir,Croatia,FW,10,60,0,0,2,0,0,0,distribution,urn:gd:story:classification:gcp_distribution:competitionId:285023:attempted_switches_of_play:rank_asc:page:25,urn:gd:story:classification:gcp_distribution:competitionId:285023:attempted_switches_of_play:rank_asc:page:25
404353,285023_43948,Leroy Sane,Germany,MF,189,85,11,18,9,44,0,0,distribution,urn:gd:story:classification:gcp_distribution:competitionId:285023:attempted_switches_of_play:rank_asc:page:25,urn:gd:story:classification:gcp_distribution:competitionId:285023:attempted_switches_of_play:rank_asc:page:25
483496,285023_43961,Julian Ryerson,Norway,FW,136,88,11,36,13,46,0,0,distribution,urn:gd:story:classification:gcp_distribution:competitionId:285023:attempted_switches_of_play:rank_asc:page:25,urn:gd:story:classification:gcp_distribution:competitionId:285023:attempted_switches_of_play:rank_asc:page:25
499290,285023_43938,Luka Vuskovic,Croatia,DF,43,88,0,0,1,0,0,0,distribution,urn:gd:story:classification:gcp_distribution:competitionId:285023:attempted_switches_of_play:rank_asc:page:25,urn:gd:story:classification:gcp_distribution:competitionId:285023:attempted_switches_of_play:rank_asc:page:25
484851,285023_43948,Deniz Undav,Germany,FW,31,74,2,0,4,50,0,0,distribution,urn:gd:story:classification:gcp_distribution:competitionId:285023:attempted_switches_of_play:rank_asc:page:25,urn:gd:story:classification:gcp_distribution:competitionId:285023:attempted_switches_of_play:rank_asc:page:25
215553,285023_43967,Craig Gordon,Scotland,GK,0,0,0,0,0,0,0,0,distribution,urn:gd:story:classification:gcp_distribution:competitionId:285023:attempted_switches_of_play:rank_asc:page:25,urn:gd:story:classification:gcp_distribution:competitionId:285023:attempted_switches_of_play:rank_asc:page:25
372424,285023_43938,Duje Caleta Car,Croatia,DF,0,0,0,0,0,0,0,0,distribution,urn:gd:story:classification:gcp_distribution:competitionId:285023:attempted_switches_of_play:rank_asc:page:25,urn:gd:story:classification:gcp_distribution:competitionId:285023:attempted_switches_of_play:rank_asc:page:25
