player_id,team_id,player_name,team,position,attempt_at_goal_on_target,attempt_at_goal,attempt_at_goal_conversion_rate,attempt_at_goal_inside_the_penalty_area,attempt_at_goal_outside_the_penalty_area,headed_attempt_at_goal,xg,xg_goal_effiency_rate,corners,own_goals,forced_turnovers,defensive_pressures_applied,direct_defensive_pressures_applied,fouls_against,fouls_for,yellow_cards,red_cards,indirect_red_cards,offsides,passes,passing_accuracy_rate,crosses,crossing_accuracy_rate,linebreaks_attempted_defensive_line,linebreak_attempted_defensive_line_rate,attempted_switches_of_play,switches_of_play_rate,goalkeeper_saves,goalkeeper_defensive_actions_inside_penalty_area,goalkeeper_defensive_actions_outside_penalty_area,offers_to_receive_total,offers_to_receive_in_behind,offers_to_receive_in_between,offers_to_receive_in_front,offers_to_receive_inside,offers_to_receive_outside,receptions_in_behind,receptions_between_midfield_and_defensive_line,receptions_under_pressure,number_of_involvements,avg_speed,speed_runs,sprints,total_distance,attacking_rank,defensive_rank,creativity_rank,attacking_score,defensive_score,creativity_score,competition_stage,goals,total_competition_minutes_played,fdcp_top_scorer_rank,assists,is_active
512127,285023_43843,Achref Abada,Algeria,DF,0,0,0,0,0,0,0.0,0.0,0,0,0,0,0,0,0,0,0,0,0,0,0,0,0,0,0,0,0,,,,0,0,0,0,0,0,0,0,0,0,0.0,0,0,0.0,,,,,,,,0.0,0.0,261.0,0.0,False
376285,285023_43843,Aissa Mandi,Algeria,DF,0,0,0,0,0,0,0.0,0.0,0,0,14,19,6,0,5,0,0,0,0,382,93,0,0,5,20,10,90,,,,33,3,4,26,13,20,0,1,27,774,5.62,331,81,37858.06,,,,,,,,0.0,403.0,1223.0,0.0,False
482869,285023_43843,Jaouen Hadjam,Algeria,DF,0,1,0,0,1,0,0.02,0.0,0,0,8,19,5,0,0,0,0,0,0,67,84,0,0,1,0,0,0,,,,34,19,11,4,16,18,0,10,26,147,5.14,158,77,13663.53,,,,,,,,0.0,125.0,861.0,0.0,False
433600,285023_43843,Mohamed Amine Tougai,Algeria,DF,0,0,0,0,0,0,0.0,0.0,0,0,0,0,0,0,0,0,0,0,0,0,0,0,0,0,0,0,0,,,,0,0,0,0,0,0,0,0,0,0,0.0,0,0,0.0,,,,,,,,0.0,0.0,261.0,0.0,False
511009,285023_43843,Rafik Belghali,Algeria,DF,1,3,33,2,1,0,0.28,3.6,0,0,10,64,10,4,2,0,0,0,0,183,92,5,40,3,67,0,0,,,,97,54,27,16,42,55,7,31,83,406,6.27,480,170,38083.65,,,,,,,,1.0,362.0,153.0,0.0,False
395113,285023_43843,Ramy Bensebaini,Algeria,DF,0,2,0,1,1,1,0.04,0.0,0,0,7,36,11,1,5,0,0,0,0,385,93,0,0,8,38,1,100,,,,76,1,1,74,37,39,0,1,69,814,5.3,301,122,35700.14,313.0,67.0,316.0,4.425076007843018,6.237029552459717,5.059248447418213,,0.0,403.0,1223.0,0.0,True
431858,285023_43843,Rayan Ait Nouri,Algeria,DF,0,1,0,1,0,0,0.02,0.0,0,0,12,70,25,6,4,0,0,0,0,211,90,9,0,7,57,0,0,,,,129,42,52,35,39,90,4,51,83,451,5.89,355,157,32073.2,,,,,,,,0.0,315.0,1174.0,0.0,False
511010,285023_43843,Samir Chergui,Algeria,DF,0,0,0,0,0,0,0.0,0.0,0,0,0,4,0,0,0,0,0,0,0,24,96,0,0,0,0,0,0,,,,13,1,2,10,2,11,0,3,2,47,1.52,20,6,2625.06,,,,,,,,0.0,25.0,601.0,0.0,False
480983,285023_43843,Zineddine Belaid,Algeria,DF,0,0,0,0,0,0,0.0,0.0,0,0,0,2,2,0,0,0,0,0,1,44,98,0,0,1,100,0,0,,,,7,0,0,7,5,2,0,1,2,89,3.1,37,12,3781.0,,,,,,,,0.0,38.0,638.0,0.0,False
512132,285023_43843,Adil Boulbina,Algeria,FW,0,0,0,0,0,0,0.0,0.0,0,0,1,13,0,0,0,0,0,0,1,19,84,0,0,1,100,1,100,,,,46,20,19,7,13,33,2,6,20,42,3.53,54,21,3442.77,,,,,,,,0.0,28.0,608.0,0.0,False
405877,285023_43843,Amine Gouiri,Algeria,FW,2,3,33,2,1,0,0.62,1.61,0,0,7,126,12,1,1,0,0,0,0,58,88,1,0,0,0,0,0,,,,188,69,107,12,139,49,3,40,40,137,6.17,355,131,27787.87,95.0,356.0,352.0,5.377669334411621,4.418607234954834,4.666876792907715,,1.0,270.0,127.0,0.0,True
482874,285023_43843,Anis Hadj Moussa,Algeria,FW,1,2,0,2,0,0,0.15,0.0,5,0,3,34,1,0,2,0,0,0,0,36,69,4,50,5,60,1,100,,,,50,24,22,4,15,35,2,20,27,95,4.9,151,60,12312.89,,,,,,,,0.0,114.0,842.0,0.0,False
520072,285023_43843,Fares Ghedjemis,Algeria,FW,0,0,0,0,0,0,0.0,0.0,0,0,0,2,0,0,0,0,0,0,0,0,0,0,0,0,0,0,0,,,,0,0,0,0,0,0,0,0,0,0,1.62,5,4,300.02,,,,,,,,0.0,2.0,509.0,0.0,False
477790,285023_43843,Mohamed Amoura,Algeria,FW,0,0,0,0,0,0,0.0,0.0,0,0,2,32,1,1,0,0,0,0,0,8,88,0,0,0,0,0,0,,,,27,8,17,2,24,3,0,5,5,16,1.74,57,24,3799.52,,,,,,,,0.0,31.0,619.0,0.0,False
520071,285023_43843,Nadhir Benbouali,Algeria,FW,2,2,50,2,0,2,0.16,6.14,0,0,6,19,4,0,0,0,0,0,0,8,75,1,0,0,0,0,0,,,,12,7,3,2,11,1,2,8,13,28,1.6,66,35,5586.09,,,,,,,,1.0,52.0,82.0,0.0,False
379942,285023_43843,Riyad Mahrez,Algeria,FW,3,6,33,4,2,0,1.49,1.34,5,0,22,102,13,1,7,0,0,0,1,147,86,9,33,9,67,6,100,,,,161,83,59,19,62,99,4,51,73,325,6.48,382,130,31107.72,34.0,339.0,119.0,6.100845336914063,4.727617740631104,5.95392370223999,,2.0,288.0,30.0,1.0,True
389879,285023_43843,Luca Zidane,Algeria,GK,0,0,0,0,0,0,0.0,0.0,0,0,0,0,0,0,0,0,0,0,0,104,88,0,0,0,0,0,0,9.0,34.0,32.0,8,0,0,8,6,2,0,1,3,199,1.99,42,13,13382.13,,,,,,,,0.0,302.0,1124.0,0.0,False
520070,285023_43843,Melvin Mastil,Algeria,GK,0,0,0,0,0,0,0.0,0.0,0,0,0,0,0,0,0,0,0,0,0,0,0,0,0,0,0,0,0,0.0,0.0,0.0,0,0,0,0,0,0,0,0,0,0,0.0,0,0,0.0,,,,,,,,0.0,0.0,261.0,0.0,False
477817,285023_43843,Oussama Benbot,Algeria,GK,0,0,0,0,0,0,0.0,0.0,0,0,0,0,0,0,1,0,0,0,0,25,72,0,0,1,0,0,0,0.0,14.0,13.0,1,0,0,1,1,0,0,0,0,40,0.71,6,0,4787.6,,,,,,,,0.0,100.0,814.0,0.0,False
477795,285023_43843,Fares Chaibi,Algeria,MF,3,9,0,4,5,1,0.64,0.0,4,0,30,140,16,3,2,1,0,0,1,244,90,7,0,10,50,3,100,,,,202,38,84,80,121,81,4,46,102,535,6.76,549,177,45534.2,,,,,,,,0.0,403.0,1223.0,0.0,False
441350,285023_43843,Hicham Boudaoui,Algeria,MF,0,0,0,0,0,0,0.0,0.0,0,0,6,54,8,4,1,1,0,0,0,86,97,0,0,4,75,1,100,,,,71,17,24,30,32,39,1,5,29,186,5.55,248,79,17473.1,,,,,,,,0.0,143.0,887.0,0.0,False
430698,285023_43843,Houssem Aouar,Algeria,MF,1,3,0,1,2,0,0.24,0.0,0,0,8,61,7,1,2,0,0,0,0,84,94,1,100,3,100,0,0,,,,106,43,46,17,62,44,4,29,55,185,5.03,253,83,21136.93,115.0,331.0,50.0,5.178653240203857,4.798859596252441,6.383292198181152,,0.0,191.0,173.0,2.0,True
494291,285023_43843,Ibrahim Maza,Algeria,MF,3,11,0,7,4,1,1.06,0.0,0,0,25,153,14,1,5,0,0,0,0,141,79,1,0,13,46,1,100,,,,212,39,122,51,153,59,4,59,136,342,6.85,524,152,44461.44,,,,,,,,0.0,389.0,1208.0,0.0,False
379939,285023_43843,Nabil Bentaleb,Algeria,MF,0,1,0,0,1,0,0.02,0.0,0,0,16,42,12,2,3,0,0,0,0,280,91,1,0,3,67,1,0,,,,92,1,25,66,73,19,0,7,56,589,6.59,405,115,33625.87,,,,,,,,0.0,313.0,1169.0,0.0,False
433679,285023_43843,Ramiz Zerrouki,Algeria,MF,0,0,0,0,0,0,0.0,0.0,0,0,4,23,5,4,0,1,0,0,0,105,92,0,0,2,100,5,100,,,,56,8,12,36,39,17,1,4,37,226,5.59,201,54,15442.6,,,,,,,,0.0,126.0,865.0,0.0,False
433631,285023_43843,Yassine Titraoui,Algeria,MF,0,0,0,0,0,0,0.0,0.0,0,0,0,0,0,0,0,0,0,0,0,0,0,0,0,0,0,0,0,,,,0,0,0,0,0,0,0,0,0,0,0.0,0,0,0.0,,,,,,,,0.0,0.0,261.0,0.0,False
431196,285023_43922,Cristian Romero,Argentina,DF,1,1,0,1,0,1,0.12,0.0,0,0,7,27,15,5,2,0,0,0,0,230,97,0,0,1,0,0,0,,,,13,0,1,12,9,4,0,3,47,475,3.77,152,37,24053.86,265.0,47.0,223.0,4.575924396514893,6.41933536529541,5.517880439758301,,0.0,286.0,1087.0,0.0,True
418963,285023_43922,Facundo Medina,Argentina,DF,0,0,0,0,0,0,0.0,0.0,0,0,12,58,14,3,2,1,0,0,1,139,94,4,50,1,100,0,0,,,,124,41,33,50,25,99,5,19,41,281,4.64,328,103,28709.21,,,,,,,,0.0,277.0,223.0,1.0,False
402926,285023_43922,Gonzalo Montiel,Argentina,DF,0,1,0,1,0,0,0.15,0.0,0,0,1,8,4,2,0,1,0,0,0,27,85,0,0,0,0,0,0,,,,15,6,6,3,1,14,1,3,8,59,3.17,87,26,7543.26,,,,,,,,0.0,72.0,733.0,0.0,False
402921,285023_43922,Lisandro Martinez,Argentina,DF,1,1,100,1,0,0,0.09,11.61,0,0,3,6,1,1,0,0,0,0,0,258,97,0,0,7,71,1,100,,,,24,0,0,24,9,15,0,1,45,525,3.88,211,64,29633.6,62.0,197.0,207.0,5.695140838623047,5.422027111053467,5.604507446289063,,1.0,342.0,73.0,1.0,True
402934,285023_43922,Marcos Senesi,Argentina,DF,0,2,0,2,0,1,0.84,0.0,0,0,0,3,2,0,2,0,0,0,0,73,96,0,0,1,0,0,0,,,,12,0,1,11,2,10,1,1,7,155,1.41,86,25,9406.52,,,,,,,,0.0,100.0,801.0,0.0,False
402925,285023_43922,Nahuel Molina,Argentina,DF,0,0,0,0,0,0,0.0,0.0,0,0,20,55,13,2,0,0,0,0,1,128,86,3,0,4,50,1,100,,,,122,45,52,25,24,98,3,29,51,265,4.51,266,108,26893.74,,,,,,,,0.0,270.0,1071.0,0.0,False
310116,285023_43922,Nicolas Otamendi,Argentina,DF,0,1,0,1,0,1,0.07,0.0,0,0,1,12,7,3,0,0,0,0,1,138,96,0,0,1,100,1,100,,,,20,0,0,20,8,12,0,1,16,279,4.3,165,40,14946.7,212.0,88.0,225.0,4.683017253875732,6.076232433319092,5.505123615264893,,0.0,156.0,913.0,0.0,True
308322,285023_43922,Nicolas Tagliafico,Argentina,DF,0,0,0,0,0,0,0.0,0.0,0,0,3,24,5,1,5,0,0,0,1,81,91,1,100,3,33,0,0,,,,60,19,15,26,10,50,2,12,17,158,4.67,191,57,16660.3,,,,,,,,0.0,165.0,925.0,0.0,False
485595,285023_43922,Giuliano Simeone,Argentina,FW,0,0,0,0,0,0,0.0,0.0,0,0,4,9,3,1,0,0,0,0,0,37,95,2,0,2,100,0,0,,,,38,15,20,3,12,26,2,23,23,84,1.64,102,40,8279.41,,,,,,,,0.0,75.0,741.0,0.0,False
495054,285023_43922,Jose Manuel Lopez,Argentina,FW,0,1,0,1,0,0,0.04,0.0,0,0,2,7,2,0,0,0,0,0,0,0,0,0,0,1,0,0,0,,,,5,5,0,0,4,1,0,3,3,4,1.62,22,11,1465.77,,,,,,,,0.0,13.0,550.0,0.0,False
416081,285023_43922,Julian Alvarez,Argentina,FW,2,3,0,3,0,0,0.69,0.0,0,0,18,95,10,2,0,0,0,0,0,72,83,1,0,1,0,0,0,,,,120,44,50,26,83,37,2,47,44,174,6.29,290,125,24301.65,,,,,,,,0.0,232.0,1026.0,0.0,False
402920,285023_43922,Lautaro Martinez,Argentina,FW,2,4,25,3,1,0,1.03,0.97,0,0,21,149,17,7,2,0,0,0,2,58,88,1,0,2,50,0,0,,,,132,61,61,10,99,33,3,38,43,141,6.27,279,110,27335.99,,,,,,,,1.0,262.0,125.0,0.0,False
229397,285023_43922,Lionel Messi,Argentina,FW,16,24,29,12,12,0,4.57,1.53,14,0,10,77,14,2,11,0,0,0,2,147,78,14,43,15,87,3,67,,,,122,22,70,30,86,36,3,77,87,381,4.56,231,96,27595.27,2.0,332.0,34.0,8.222007751464844,4.768415927886963,6.673081398010254,,7.0,361.0,2.0,0.0,True
441422,285023_43922,Nico Paz,Argentina,FW,0,1,0,0,1,0,0.08,0.0,0,0,7,44,6,2,1,0,0,0,0,56,96,1,0,2,100,2,100,,,,73,7,47,19,50,23,0,12,51,125,3.48,110,39,9189.47,,,,,,,,0.0,81.0,755.0,0.0,False
418975,285023_43922,Thiago Almada,Argentina,FW,0,2,0,0,2,0,0.13,0.0,0,0,25,65,10,1,2,0,0,0,2,142,90,0,0,1,0,1,100,,,,156,37,82,37,116,40,1,43,84,305,7.09,325,127,27791.83,,,,,,,,0.0,232.0,1028.0,0.0,False
308300,285023_43922,Emiliano Martinez,Argentina,GK,0,0,0,0,0,0,0.0,0.0,0,0,0,0,0,0,0,0,0,0,0,119,82,0,0,2,50,0,0,4.0,50.0,43.0,18,0,0,18,11,7,0,0,0,227,2.68,35,5,19793.07,,,,,,,,0.0,442.0,1268.0,0.0,False
394824,285023_43922,Geronimo Rulli,Argentina,GK,0,0,0,0,0,0,0.0,0.0,0,0,0,0,0,0,0,0,0,0,0,0,0,0,0,0,0,0,0,0.0,0.0,0.0,0,0,0,0,0,0,0,0,0,0,0.0,0,0,0.0,,,,,,,,0.0,0.0,261.0,0.0,False
430624,285023_43922,Juan Musso,Argentina,GK,0,0,0,0,0,0,0.0,0.0,0,0,0,0,0,0,0,0,0,0,0,0,0,0,0,0,0,0,0,0.0,0.0,0.0,0,0,0,0,0,0,0,0,0,0,0.0,0,0,0.0,,,,,,,,,,,0.0,False
430628,285023_43922,Alexis Mac Allister,Argentina,MF,1,4,0,3,1,2,0.44,0.0,0,0,13,107,24,5,6,0,0,0,0,266,93,0,0,1,0,2,100,,,,90,6,23,61,72,18,1,13,102,558,6.21,440,94,39277.88,,,,,,,,0.0,377.0,247.0,1.0,False
448252,285023_43922,Enzo Fernandez,Argentina,MF,2,6,0,3,3,1,0.5,0.0,0,0,8,80,8,4,4,0,0,0,0,250,92,2,0,10,80,5,80,,,,167,23,66,78,99,68,2,49,70,542,4.89,491,156,37226.27,,,,,,,,0.0,342.0,1189.0,0.0,False
389485,285023_43922,Exequiel Palacios,Argentina,MF,0,0,0,0,0,0,0.0,0.0,0,0,1,5,1,1,1,0,0,0,0,94,95,0,0,0,0,0,0,,,,18,3,4,11,7,11,1,4,21,190,1.5,113,37,10029.01,,,,,,,,0.0,100.0,801.0,0.0,False
395414,285023_43922,Giovani Lo Celso,Argentina,MF,1,1,100,0,1,0,0.15,6.61,1,0,8,23,6,1,1,0,0,0,1,51,92,1,100,0,0,0,0,,,,46,4,22,20,31,15,0,7,27,108,1.74,123,23,7525.5,,,,,,,,1.0,64.0,86.0,0.0,False
332847,285023_43922,Leandro Paredes,Argentina,MF,1,1,0,0,1,0,0.02,0.0,1,0,4,17,3,1,0,1,0,0,0,215,94,2,50,4,50,2,100,,,,97,1,18,78,68,29,0,5,20,441,4.91,186,41,17335.08,,,,,,,,0.0,167.0,930.0,0.0,False
430631,285023_43922,Nico Gonzalez,Argentina,MF,0,4,0,4,0,3,0.36,0.0,0,0,7,38,3,1,2,0,0,0,0,47,77,3,0,5,60,0,0,,,,44,33,9,2,28,16,16,26,32,120,4.48,137,69,14373.63,,,,,,,,0.0,145.0,197.0,1.0,False
428882,285023_43922,Rodrigo De Paul,Argentina,MF,0,0,0,0,0,0,0.0,0.0,1,0,5,74,12,1,1,0,0,0,0,180,92,5,40,5,60,0,0,,,,176,19,83,74,80,96,2,24,60,387,4.41,248,126,27095.94,301.0,305.0,63.0,4.481345653533936,4.914112091064453,6.294098854064941,,0.0,275.0,221.0,1.0,True
463661,285023_43922,Valentin Barco,Argentina,MF,0,0,0,0,0,0,0.0,0.0,0,0,0,7,2,0,1,0,0,0,0,20,85,0,0,1,100,0,0,,,,19,4,14,1,9,10,0,14,8,41,1.71,41,14,2814.61,,,,,,,,0.0,24.0,594.0,0.0,False
448014,285023_43976,Alessandro Circati,Australia,DF,0,3,0,2,1,2,0.13,0.0,0,0,12,48,28,5,4,1,0,0,0,221,80,1,0,10,60,4,75,,,,55,4,10,41,16,39,0,9,63,448,6.09,424,142,44568.44,273.0,21.0,147.0,4.5484395027160645,6.81116247177124,5.849121570587158,,0.0,438.0,1264.0,0.0,True
349342,285023_43976,Aziz Behich,Australia,DF,1,1,0,1,0,0,0.02,0.0,0,0,9,55,7,1,4,0,0,0,0,82,73,6,17,1,0,1,100,,,,69,24,30,15,8,61,4,17,45,178,5.04,341,105,26853.33,,,,,,,,0.0,245.0,1040.0,0.0,False
382312,285023_43976,Cameron Burgess,Australia,DF,0,0,0,0,0,0,0.0,0.0,0,1,2,14,9,0,0,0,0,0,0,56,80,0,0,2,50,1,0,,,,9,0,1,8,3,6,0,0,20,113,2.9,147,33,15035.64,,,,,,,,0.0,152.0,902.0,0.0,False
430442,285023_43976,Harry Souttar,Australia,DF,1,1,0,1,0,1,0.05,0.0,0,0,4,18,6,8,1,1,0,0,0,199,86,0,0,8,38,3,33,,,,32,3,2,27,20,12,0,6,46,409,5.87,370,82,43035.91,285.0,60.0,257.0,4.521350860595703,6.307667255401611,5.363766193389893,,0.0,438.0,1265.0,0.0,True
430450,285023_43976,Jacob Italiano,Australia,DF,0,1,0,0,1,0,0.03,0.0,0,0,6,83,14,0,0,1,0,0,0,43,77,9,33,2,50,2,100,,,,44,19,22,3,17,27,3,25,24,116,3.45,279,121,20985.37,,,,,,,,0.0,183.0,959.0,0.0,False
339112,285023_43976,Jason Geria,Australia,DF,0,0,0,0,0,0,0.0,0.0,0,0,1,21,3,2,0,0,0,0,0,23,78,1,0,0,0,0,0,,,,3,1,0,2,1,2,0,2,5,46,3.24,78,29,7925.03,,,,,,,,0.0,75.0,740.0,0.0,False
423522,285023_43976,Jordan Bos,Australia,DF,2,5,0,3,2,0,0.42,0.0,0,0,23,84,21,4,4,1,0,0,0,107,88,8,38,8,38,1,100,,,,76,27,37,12,26,50,7,41,93,286,6.41,396,223,36920.34,,,,,,,,0.0,343.0,1191.0,0.0,False
494411,285023_43976,Kai Trewin,Australia,DF,0,1,0,0,1,0,0.0,0.0,0,0,7,22,4,0,1,0,0,0,0,31,87,2,0,1,0,0,0,,,,18,3,10,5,2,16,2,7,14,73,1.6,98,41,8815.94,,,,,,,,0.0,81.0,754.0,0.0,False
504931,285023_43976,Lucas Herrington,Australia,DF,0,0,0,0,0,0,0.0,0.0,0,0,4,11,4,2,0,0,0,0,0,106,95,0,0,0,0,0,0,,,,34,0,0,34,7,27,0,3,41,232,2.98,210,41,23286.35,,,,,,,,0.0,232.0,1027.0,0.0,False
331149,285023_43976,Milos Degenek,Australia,DF,0,0,0,0,0,0,0.0,0.0,0,0,0,0,0,0,0,0,0,0,0,0,0,0,0,0,0,0,0,,,,0,0,0,0,0,0,0,0,0,0,0.0,0,0,0.0,,,,,,,,0.0,0.0,261.0,0.0,False
404319,285023_43976,Ajdin Hrustic,Australia,FW,0,3,0,2,1,0,0.11,0.0,1,0,5,40,2,1,0,0,0,0,0,31,87,5,40,0,0,0,0,,,,51,14,32,5,27,24,2,15,30,80,3.74,183,58,11460.39,,,,,,,,0.0,90.0,777.0,0.0,False
406606,285023_43976,Awer Mabil,Australia,FW,0,1,0,0,1,0,0.03,0.0,0,0,1,20,0,0,1,0,0,0,0,8,63,1,0,0,0,0,0,,,,17,7,9,1,10,7,0,3,4,20,1.75,55,20,3742.93,,,,,,,,0.0,31.0,617.0,0.0,False
448015,285023_43976,Cristian Volpato,Australia,FW,1,4,0,2,2,0,0.28,0.0,7,0,11,64,4,1,2,0,0,0,0,66,79,13,23,9,56,0,0,,,,75,17,52,6,43,32,1,58,70,188,5.16,322,94,20702.13,102.0,287.0,7.0,5.310310363769531,5.022198677062988,7.174224853515625,,0.0,180.0,951.0,0.0,True
321697,285023_43976,Mathew Leckie,Australia,FW,0,1,0,1,0,0,0.1,0.0,0,0,2,30,4,1,1,0,0,0,0,10,70,1,0,0,0,0,0,,,,7,3,3,1,6,1,1,9,14,33,1.64,100,31,7358.47,,,,,,,,0.0,67.0,721.0,0.0,False
498806,285023_43976,Mohamed Toure,Australia,FW,1,4,0,4,0,1,0.26,0.0,0,0,3,86,5,4,2,0,0,0,1,16,75,2,0,2,50,0,0,,,,25,18,7,0,16,9,6,17,25,53,4.76,217,79,19508.03,,,,,,,,0.0,182.0,958.0,0.0,False
486306,285023_43976,Nestory Irankunda,Australia,FW,3,6,17,4,2,1,0.81,1.23,0,0,13,116,3,4,5,0,0,0,0,44,73,1,0,1,100,1,0,,,,55,34,20,1,36,19,6,43,51,124,5.66,263,129,27279.0,73.0,300.0,294.0,5.588837623596191,4.942816257476807,5.164575099945068,,1.0,285.0,133.0,0.0,True
491166,285023_43976,Nishan Velupillay,Australia,FW,0,0,0,0,0,0,0.0,0.0,0,0,1,57,4,1,0,0,0,0,0,12,50,0,0,0,0,0,0,,,,12,5,6,1,8,4,0,6,10,35,3.37,140,53,9830.13,,,,,,,,0.0,88.0,767.0,0.0,False
518200,285023_43976,Tete Yengi,Australia,FW,1,1,0,1,0,0,0.1,0.0,0,0,1,17,2,3,0,0,0,0,0,5,60,1,0,2,0,0,0,,,,11,6,5,0,6,5,2,8,8,17,3.74,59,20,4138.21,,,,,,,,0.0,33.0,629.0,0.0,False
339117,285023_43976,Mathew Ryan,Australia,GK,0,0,0,0,0,0,0.0,0.0,0,0,0,0,0,0,0,0,0,0,0,0,0,0,0,0,0,0,0,0.0,0.0,0.0,0,0,0,0,0,0,0,0,0,0,0.95,2,0,206.87,,,,,,,,0.0,2.0,507.0,0.0,False
494557,285023_43976,Patrick Beach,Australia,GK,0,0,0,0,0,0,0.0,0.0,0,0,0,0,0,0,0,0,0,0,0,122,65,0,0,3,0,0,0,14.0,91.0,76.0,16,0,0,16,8,8,0,0,1,208,2.62,23,5,19047.75,,,,,,,,0.0,435.0,1263.0,0.0,False
331135,285023_43976,Paul Izzo,Australia,GK,0,0,0,0,0,0,0.0,0.0,0,0,0,0,0,0,0,0,0,0,0,0,0,0,0,0,0,0,0,0.0,0.0,0.0,0,0,0,0,0,0,0,0,0,0,0.0,0,0,0.0,,,,,,,,0.0,0.0,261.0,0.0,False
430440,285023_43976,Aiden Oneill,Australia,MF,0,2,0,1,1,0,0.07,0.0,4,0,25,105,15,2,8,0,0,0,0,172,83,8,50,12,42,3,33,,,,138,6,61,71,103,35,1,23,103,388,6.97,648,186,47323.13,,,,,,,,0.0,406.0,1234.0,0.0,False
430437,285023_43976,Cameron Devlin,Australia,MF,0,0,0,0,0,0,0.0,0.0,0,0,0,0,0,0,0,0,0,0,0,0,0,0,0,0,0,0,0,,,,0,0,0,0,0,0,0,0,0,0,0.0,0,0,0.0,,,,,,,,0.0,0.0,261.0,0.0,False
430452,285023_43976,Connor Metcalfe,Australia,MF,2,5,20,1,4,0,0.11,9.21,3,0,28,180,11,1,0,0,0,0,0,80,81,8,13,7,71,1,0,,,,140,34,89,17,80,60,2,37,64,199,6.49,513,175,38524.77,,,,,,,,1.0,354.0,151.0,0.0,False
355775,285023_43976,Jackson Irvine,Australia,MF,1,3,0,3,0,1,0.21,0.0,0,0,7,80,11,3,3,1,0,0,0,124,83,2,50,2,0,2,100,,,,100,19,43,38,69,31,2,25,67,279,7.47,495,125,31483.15,,,,,,,,0.0,255.0,1047.0,0.0,False
498421,285023_43976,Paul Okon Engstler,Australia,MF,0,0,0,0,0,0,0.0,0.0,1,0,9,78,5,3,2,0,0,0,0,89,87,1,100,6,83,2,100,,,,52,1,26,25,34,18,0,6,41,204,7.39,365,108,25987.7,187.0,94.0,61.0,4.766956329345703,6.057460308074951,6.313321113586426,,0.0,214.0,211.0,1.0,True
520035,285023_43934,David Affengruber,Austria,DF,0,0,0,0,0,0,0.0,0.0,0,0,0,0,0,0,0,0,0,0,0,0,0,0,0,0,0,0,0,,,,0,0,0,0,0,0,0,0,0,0,0.0,0,0,0.0,,,,,,,,0.0,0.0,261.0,0.0,False
316002,285023_43934,David Alaba,Austria,DF,0,2,0,0,2,0,0.02,0.0,1,0,5,28,9,2,0,0,0,0,0,222,89,1,0,5,80,1,0,,,,40,3,7,30,17,23,0,4,54,441,5.93,297,70,29617.98,,,,,,,,0.0,302.0,234.0,1.0,False
405263,285023_43934,Kevin Danso,Austria,DF,0,1,0,1,0,1,0.06,0.0,0,0,2,23,8,1,2,0,0,0,0,164,90,1,0,1,0,1,100,,,,25,1,2,22,10,15,1,6,28,349,5.48,266,95,25685.71,,,,,,,,0.0,284.0,1086.0,0.0,False
463287,285023_43934,Marco Friedl,Austria,DF,0,0,0,0,0,0,0.0,0.0,0,0,0,4,1,0,0,0,0,0,0,31,97,0,0,0,0,0,0,,,,1,0,0,1,0,1,0,1,0,64,1.36,30,12,2757.1,,,,,,,,0.0,30.0,613.0,0.0,False
491269,285023_43934,Michael Svoboda,Austria,DF,0,0,0,0,0,0,0.0,0.0,0,0,0,0,0,0,0,0,0,0,0,0,0,0,0,0,0,0,0,,,,0,0,0,0,0,0,0,0,0,0,0.0,0,0,0.0,,,,,,,,0.0,0.0,261.0,0.0,False
372243,285023_43934,Philipp Lienhart,Austria,DF,0,1,0,1,0,0,0.1,0.0,0,0,1,11,4,0,0,0,0,0,0,140,91,0,0,3,67,1,100,,,,21,0,1,20,10,11,0,1,18,295,3.03,212,58,20886.37,,,,,,,,0.0,207.0,997.0,0.0,False
463288,285023_43934,Phillip Mwene,Austria,DF,0,1,0,1,0,0,0.0,0.0,0,0,3,32,8,1,1,0,0,0,0,64,88,6,0,2,50,0,0,,,,33,10,13,10,5,28,8,21,16,149,3.4,189,76,17929.88,,,,,,,,0.0,160.0,916.0,0.0,False
441067,285023_43934,Stefan Posch,Austria,DF,0,3,0,3,0,1,0.4,0.0,0,0,10,103,29,7,3,2,0,0,0,132,74,2,0,11,36,0,0,,,,96,30,47,19,13,83,4,26,88,274,6.43,479,164,39797.88,,,,,,,,0.0,370.0,1202.0,0.0,False
299200,285023_43934,Marko Arnautovic,Austria,FW,3,3,67,3,0,0,1.31,1.53,0,0,5,35,1,3,1,1,0,0,5,32,78,1,0,0,0,0,0,,,,25,17,8,0,19,6,5,25,30,75,5.44,156,57,15762.88,36.0,357.0,329.0,6.069469928741455,4.315974235534668,4.984841346740723,,2.0,173.0,38.0,0.0,True
401131,285023_43934,Michael Gregoritsch,Austria,FW,0,1,0,1,0,1,0.18,0.0,0,0,9,110,3,1,1,0,0,0,2,29,69,0,0,2,0,0,0,,,,35,23,12,0,25,10,1,21,25,62,4.45,213,86,20132.08,,,,,,,,0.0,207.0,208.0,1.0,False
463286,285023_43934,Patrick Wimmer,Austria,FW,0,1,0,1,0,1,0.12,0.0,0,0,4,15,6,3,1,0,0,0,0,13,54,0,0,2,100,0,0,,,,17,10,6,1,4,13,0,11,14,32,3.34,54,23,4379.3,,,,,,,,0.0,39.0,643.0,0.0,False
430100,285023_43934,Sasa Kalajdzic,Austria,FW,1,3,33,2,1,2,0.39,2.58,0,0,8,40,2,2,2,0,0,0,0,24,67,1,0,2,0,1,0,,,,17,9,8,0,13,4,0,28,17,61,4.82,137,62,9643.92,,,,,,,,1.0,88.0,91.0,0.0,False
371739,285023_43934,Alexander Schlager,Austria,GK,0,0,0,0,0,0,0.0,0.0,0,0,0,0,0,0,1,0,0,0,0,123,86,0,0,0,0,0,0,15.0,85.0,74.0,64,0,0,64,48,16,0,0,2,247,3.4,81,20,23367.49,,,,,,,,0.0,412.0,1248.0,0.0,False
520034,285023_43934,Florian Wiegele,Austria,GK,0,0,0,0,0,0,0.0,0.0,0,0,0,0,0,0,0,0,0,0,0,0,0,0,0,0,0,0,0,0.0,0.0,0.0,0,0,0,0,0,0,0,0,0,0,0.0,0,0,0.0,,,,,,,,0.0,0.0,261.0,0.0,False
441065,285023_43934,Patrick Pentz,Austria,GK,0,0,0,0,0,0,0.0,0.0,0,0,0,0,0,0,0,0,0,0,0,0,0,0,0,0,0,0,0,0.0,0.0,0.0,0,0,0,0,0,0,0,0,0,0,0.0,0,0,0.0,,,,,,,,0.0,0.0,261.0,0.0,False
375600,285023_43934,Alessandro Schoepf,Austria,MF,0,0,0,0,0,0,0.0,0.0,0,0,0,0,0,0,0,0,0,0,0,0,0,0,0,0,0,0,0,,,,0,0,0,0,0,0,0,0,0,0,0.0,0,0,0.0,,,,,,,,0.0,0.0,261.0,0.0,False
463282,285023_43934,Alexander Prass,Austria,MF,0,0,0,0,0,0,0.0,0.0,0,0,0,5,0,0,0,0,0,0,0,25,88,3,0,3,33,0,0,,,,21,11,7,3,7,14,1,8,8,54,3.55,61,28,4686.43,,,,,,,,0.0,41.0,648.0,0.0,False
463800,285023_43934,Carney Chukwuemeka,Austria,MF,1,2,0,2,0,0,0.56,0.0,0,0,7,51,4,2,2,0,0,0,0,30,83,0,0,0,0,0,0,,,,39,11,17,11,24,15,1,18,27,77,4.93,160,58,11569.81,,,,,,,,0.0,108.0,834.0,0.0,False
441068,285023_43934,Dejan Ljubicic,Austria,MF,0,0,0,0,0,0,0.0,0.0,0,0,0,0,0,0,0,0,0,0,0,0,0,0,0,0,0,0,0,,,,0,0,0,0,0,0,0,0,0,0,0.0,0,0,0.0,,,,,,,,0.0,0.0,261.0,0.0,False
385248,285023_43934,Florian Grillitsch,Austria,MF,0,0,0,0,0,0,0.0,0.0,0,0,0,49,11,3,1,0,0,0,0,60,92,1,0,5,80,0,0,,,,31,2,10,19,22,9,0,3,16,133,3.44,142,41,11799.4,,,,,,,,0.0,102.0,816.0,0.0,False
385259,285023_43934,Konrad Laimer,Austria,MF,0,1,0,0,1,0,0.01,0.0,0,0,19,149,32,6,3,1,0,0,3,150,87,7,14,8,63,0,0,,,,167,57,78,32,76,91,10,42,113,336,6.21,442,194,42644.73,,,,,,,,0.0,412.0,255.0,1.0,False
358241,285023_43934,Marcel Sabitzer,Austria,MF,2,5,20,1,4,0,0.46,2.19,9,0,26,137,10,2,3,1,0,0,1,126,75,30,33,16,69,1,100,,,,121,47,66,8,48,73,7,80,76,324,6.03,488,233,41363.96,98.0,351.0,88.0,5.3412275314331055,4.5325117111206055,6.158299922943115,,1.0,412.0,159.0,0.0,True
441088,285023_43934,Nicolas Seiwald,Austria,MF,0,3,0,2,1,0,0.05,0.0,0,0,16,64,19,1,1,0,0,0,0,153,92,3,33,2,100,1,100,,,,138,14,45,79,96,42,1,10,57,339,6.65,491,132,39640.15,,,,,,,,0.0,361.0,1200.0,0.0,False
520036,285023_43934,Paul Wanner,Austria,MF,0,1,0,1,0,1,0.08,0.0,0,0,18,146,20,4,1,0,0,0,0,80,85,1,0,4,75,1,100,,,,100,31,40,29,76,24,3,23,63,191,6.64,392,115,30227.02,152.0,229.0,87.0,4.892434120178223,5.320657253265381,6.158866882324219,,0.0,270.0,1074.0,0.0,True
463283,285023_43934,Romano Schmid,Austria,MF,1,2,50,0,2,0,0.12,8.48,0,0,14,142,18,3,4,0,0,0,0,91,71,4,50,5,40,1,100,,,,131,45,71,15,81,50,6,46,76,220,6.71,439,161,31408.46,75.0,352.0,215.0,5.577136993408203,4.531900405883789,5.564599514007568,,1.0,283.0,132.0,0.0,True
385531,285023_43934,Xaver Schlager,Austria,MF,0,1,0,0,1,0,0.02,0.0,0,0,3,76,24,6,0,0,0,0,0,138,94,1,0,1,100,0,0,,,,112,2,48,62,92,20,0,8,61,301,6.62,371,91,28614.03,,,,,,,,0.0,265.0,218.0,1.0,False
448346,285023_43935,Arthur Theate,Belgium,DF,1,5,0,3,2,2,0.25,0.0,0,0,3,10,6,1,0,0,0,0,0,164,93,0,0,0,0,0,0,,,,22,0,0,22,8,14,0,3,40,353,4.72,249,82,27207.18,,,,,,,,0.0,268.0,1068.0,0.0,False
448360,285023_43935,Brandon Mechele,Belgium,DF,1,5,0,5,0,4,0.39,0.0,0,0,11,28,6,7,1,1,0,0,0,328,94,0,0,3,67,2,100,,,,54,5,5,44,26,28,1,9,66,700,6.32,564,162,47071.21,291.0,14.0,205.0,4.503785133361816,6.997425556182861,5.624760150909424,,0.0,448.0,1273.0,0.0,True
506088,285023_43935,Joaquin Seys,Belgium,DF,0,0,0,0,0,0,0.0,0.0,0,0,0,0,0,0,0,0,0,0,0,0,0,0,0,0,0,0,0,,,,0,0,0,0,0,0,0,0,0,0,0.0,0,0,0.0,,,,,,,,0.0,0.0,261.0,0.0,False
448366,285023_43935,Koni De Winter,Belgium,DF,0,0,0,0,0,0,0.0,0.0,0,0,0,0,0,0,0,0,0,0,0,0,0,0,0,0,0,0,0,,,,0,0,0,0,0,0,0,0,0,0,0.0,0,0,0.0,,,,,,,,0.0,0.0,261.0,0.0,False
448373,285023_43935,Maxim De Cuyper,Belgium,DF,6,9,0,4,5,0,1.0,0.0,2,0,10,39,10,5,1,1,0,0,0,173,86,12,17,6,67,0,0,,,,101,39,35,27,34,67,7,33,56,391,6.62,443,167,36148.19,,,,,,,,0.0,326.0,1184.0,0.0,False
514166,285023_43935,Nathan Ngoy,Belgium,DF,0,1,0,1,0,0,0.02,0.0,0,0,2,15,9,4,1,0,1,0,0,144,97,0,0,2,50,3,100,,,,9,0,0,9,7,2,0,0,21,316,3.87,165,55,16948.34,,,,,,,,0.0,173.0,941.0,0.0,False
358122,285023_43935,Thomas Meunier,Belgium,DF,1,2,0,1,1,0,0.11,0.0,0,0,17,48,9,9,0,0,0,0,0,116,84,8,38,8,38,2,50,,,,84,38,22,24,29,55,5,23,34,243,5.36,363,157,27147.57,132.0,58.0,71.0,4.96540117263794,6.329032897949219,6.249011516571045,,0.0,226.0,213.0,1.0,True
411443,285023_43935,Timothy Castagne,Belgium,DF,0,2,0,2,0,1,0.09,0.0,0,0,20,74,17,5,0,1,0,0,0,179,92,15,27,2,100,1,0,,,,118,59,22,37,40,78,8,16,70,399,7.4,541,217,41305.11,288.0,49.0,107.0,4.512385368347168,6.395937919616699,6.025735378265381,,0.0,343.0,1190.0,0.0,True
448369,285023_43935,Zeno Debast,Belgium,DF,0,0,0,0,0,0,0.0,0.0,0,0,0,0,0,0,0,0,0,0,0,0,0,0,0,0,0,0,0,,,,0,0,0,0,0,0,0,0,0,0,0.0,0,0,0.0,,,,,,,,0.0,0.0,261.0,0.0,False
448362,285023_43935,Charles De Ketelaere,Belgium,FW,1,1,0,1,0,0,0.29,0.0,0,0,14,74,9,2,2,0,0,0,0,60,82,4,0,9,67,1,0,,,,118,74,41,3,85,33,8,44,56,147,4.82,241,119,22534.54,198.0,81.0,56.0,4.733177185058594,6.1466064453125,6.34481143951416,,0.0,210.0,1006.0,0.0,True
448377,285023_43935,Dodi Lukebakio,Belgium,FW,1,5,0,3,2,0,0.21,0.0,0,0,4,30,0,0,1,0,0,0,0,38,74,3,33,3,67,0,0,,,,69,32,21,16,25,44,1,18,16,98,3.11,135,63,12292.4,,,,,,,,0.0,121.0,856.0,0.0,False
448341,285023_43935,Jeremy Doku,Belgium,FW,1,3,0,3,0,0,0.14,0.0,0,0,9,72,13,1,10,0,0,0,0,61,84,8,38,11,73,0,0,,,,124,42,61,21,51,73,3,63,52,177,4.63,275,95,21630.17,106.0,335.0,9.0,5.278663158416748,4.7487406730651855,7.0913615226745605,,0.0,212.0,1009.0,0.0,True
448355,285023_43935,Leandro Trossard,Belgium,FW,4,13,15,8,5,0,1.53,1.31,0,0,19,119,8,3,7,0,0,0,1,164,87,8,50,9,56,3,67,,,,161,61,73,27,84,77,8,76,73,406,6.72,579,194,44881.63,45.0,192.0,27.0,5.911190509796143,5.435470104217529,6.809418678283691,,2.0,401.0,35.0,1.0,True
494025,285023_43935,Matias Fernandez Pardo,Belgium,FW,0,3,0,2,1,0,0.25,0.0,0,0,2,25,4,0,0,0,0,0,0,15,87,3,0,3,67,0,0,,,,21,15,5,1,8,13,2,18,9,43,5.86,83,52,7102.68,,,,,,,,0.0,57.0,698.0,0.0,False
358112,285023_43935,Romelu Lukaku,Belgium,FW,2,5,40,5,0,2,0.69,2.88,0,0,1,42,1,1,0,1,0,0,1,36,81,0,0,2,100,0,0,,,,114,72,39,3,97,17,1,43,38,93,5.39,169,58,17718.9,30.0,319.0,168.0,6.123781681060791,4.870811939239502,5.763584136962891,,2.0,215.0,25.0,1.0,True
499803,285023_43935,Mike Penders,Belgium,GK,0,0,0,0,0,0,0.0,0.0,0,0,0,0,0,0,0,0,0,0,0,0,0,0,0,0,0,0,0,0.0,0.0,0.0,0,0,0,0,0,0,0,0,0,0,0.0,0,0,0.0,,,,,,,,,,,0.0,False
495348,285023_43935,Senne Lammens,Belgium,GK,0,0,0,0,0,0,0.0,0.0,0,0,0,0,0,0,0,0,0,0,0,0,0,0,0,0,0,0,0,0.0,0.0,0.0,0,0,0,0,0,0,0,0,0,0,0.0,0,0,0.0,,,,,,,,0.0,0.0,261.0,0.0,False
358106,285023_43935,Thibaut Courtois,Belgium,GK,0,0,0,0,0,0,0.0,0.0,0,0,0,0,0,0,0,0,0,0,0,125,77,0,0,3,0,0,0,12.0,79.0,65.0,26,0,0,26,20,6,0,0,2,241,2.76,41,10,20673.97,,,,,,,,0.0,448.0,1273.0,0.0,False
433092,285023_43935,Alexis Saelemaekers,Belgium,MF,1,4,25,3,1,0,0.14,7.01,1,0,3,15,1,0,2,0,0,0,2,38,79,1,100,2,100,0,0,,,,64,20,31,13,32,32,1,27,16,95,3.44,101,45,9893.21,,,,,,,,1.0,89.0,92.0,0.0,False
448364,285023_43935,Amadou Onana,Belgium,MF,0,2,0,0,2,0,0.07,0.0,0,0,15,21,6,1,3,0,0,0,0,52,87,0,0,1,100,0,0,,,,39,2,16,21,31,8,0,6,20,116,4.71,123,36,11340.6,,,,,,,,0.0,107.0,833.0,0.0,False
290821,285023_43935,Axel Witsel,Belgium,MF,0,0,0,0,0,0,0.0,0.0,0,0,0,0,0,0,0,0,0,0,0,0,0,0,0,0,0,0,0,,,,0,0,0,0,0,0,0,0,0,0,0.0,0,0,0.0,,,,,,,,0.0,0.0,261.0,0.0,False
497902,285023_43935,Diego Moreira,Belgium,MF,0,0,0,0,0,0,0.0,0.0,0,0,5,36,2,2,1,0,0,0,1,15,67,4,25,3,67,2,50,,,,47,12,21,14,20,27,1,11,5,41,1.57,109,55,8031.47,,,,,,,,0.0,76.0,748.0,0.0,False
448343,285023_43935,Hans Vanaken,Belgium,MF,0,4,0,4,0,0,0.53,0.0,0,0,6,77,5,0,4,0,0,0,0,109,96,2,0,0,0,1,100,,,,123,14,67,42,92,31,1,30,37,237,7.1,355,93,25295.81,,,,,,,,0.0,216.0,212.0,1.0,False
358120,285023_43935,Kevin De Bruyne,Belgium,MF,4,18,6,8,10,0,1.32,0.76,13,0,13,100,7,0,3,0,0,0,0,161,83,20,25,17,47,2,100,,,,203,71,82,50,113,90,6,56,71,391,6.78,456,155,36244.83,100.0,253.0,14.0,5.322052001953125,5.211991786956787,7.029524326324463,,1.0,322.0,146.0,0.0,True
495349,285023_43935,Nicolas Raskin,Belgium,MF,0,1,0,1,0,1,0.05,0.0,0,0,6,32,6,4,0,0,0,0,0,146,89,2,100,4,0,1,100,,,,116,5,33,78,77,39,0,6,28,306,6.96,240,69,22115.12,140.0,68.0,112.0,4.9270429611206055,6.222650051116943,5.994772911071777,,0.0,198.0,205.0,1.0,True
401444,285023_43935,Youri Tielemans,Belgium,MF,3,9,22,6,3,2,1.21,1.65,2,0,15,91,14,6,9,0,0,0,1,214,87,12,17,10,50,2,100,,,,219,56,69,94,149,70,3,37,102,486,6.84,692,211,49842.18,74.0,175.0,180.0,5.583817958831787,5.515690326690674,5.714656352996826,,2.0,438.0,48.0,0.0,True
482976,285023_44037,Amar Dedic,Bosnia and Herzegovina,DF,1,2,0,0,2,0,0.06,0.0,0,0,14,95,11,6,3,1,0,0,0,99,81,0,0,1,0,3,100,,,,56,23,19,14,11,45,1,3,40,204,4.44,356,141,30604.3,,,,,,,,0.0,310.0,1157.0,0.0,False
430194,285023_44037,Dennis Hadzikadunic,Bosnia and Herzegovina,DF,0,0,0,0,0,0,0.0,0.0,0,0,1,4,2,1,0,0,0,0,0,10,80,0,0,0,0,0,0,,,,5,0,0,5,1,4,0,2,3,23,1.52,32,11,3338.81,,,,,,,,0.0,33.0,182.0,1.0,False
482969,285023_44037,Nihad Mujakic,Bosnia and Herzegovina,DF,0,0,0,0,0,0,0.0,0.0,0,0,0,0,0,0,0,0,0,0,0,0,0,0,0,0,0,0,0,,,,0,0,0,0,0,0,0,0,0,0,0.0,0,0,0.0,,,,,,,,0.0,0.0,261.0,0.0,False
489520,285023_44037,Nikola Katic,Bosnia and Herzegovina,DF,0,2,0,1,1,1,0.08,0.0,0,0,14,43,18,4,0,1,0,0,0,165,90,0,0,1,0,0,0,,,,39,0,1,38,10,29,0,4,37,345,6.17,419,139,36234.39,270.0,38.0,319.0,4.559045314788818,6.49147891998291,5.043601512908936,,0.0,353.0,1195.0,0.0,True
376230,285023_44037,Sead Kolasinac,Bosnia and Herzegovina,DF,0,0,0,0,0,0,0.0,0.0,0,0,10,49,17,6,4,0,0,0,0,173,82,9,11,5,20,0,0,,,,54,25,13,16,14,40,5,23,93,370,6.09,339,142,38026.39,,,,,,,,0.0,373.0,246.0,1.0,False
489521,285023_44037,Stjepan Radeljic,Bosnia and Herzegovina,DF,0,1,0,1,0,0,0.01,0.0,0,0,1,9,4,1,3,1,0,0,0,153,90,0,0,2,100,2,50,,,,7,0,0,7,3,4,0,1,21,318,2.86,186,63,20111.1,,,,,,,,0.0,211.0,1007.0,0.0,False
484022,285023_44037,Tarik Muharemovic,Bosnia and Herzegovina,DF,0,1,0,1,0,1,0.12,0.0,0,0,10,25,11,5,2,0,1,0,0,153,86,0,0,3,67,3,100,,,,11,0,1,10,5,6,0,2,23,324,5.92,279,78,28776.65,361.0,75.0,357.0,3.6079835891723633,6.17921257019043,4.459669589996338,,0.0,292.0,1097.0,0.0,True
300409,285023_44037,Edin Dzeko,Bosnia and Herzegovina,FW,0,3,0,3,0,0,0.2,0.0,0,0,4,69,1,1,2,1,0,0,0,48,69,2,50,3,67,1,100,,,,55,16,33,6,40,15,4,22,36,111,4.56,201,57,19815.85,,,,,,,,0.0,196.0,974.0,0.0,False
436743,285023_44037,Ermedin Demirovic,Bosnia and Herzegovina,FW,4,4,0,1,3,0,0.08,0.0,0,0,19,131,15,11,3,1,0,0,1,39,74,0,0,5,80,0,0,,,,106,67,31,8,82,24,3,36,53,112,6.09,375,176,40423.23,,,,,,,,0.0,399.0,1214.0,0.0,False
464566,285023_44037,Esmir Bajraktarevic,Bosnia and Herzegovina,FW,2,3,0,1,2,0,0.11,0.0,1,0,16,85,8,1,2,0,0,0,0,71,82,8,0,0,0,0,0,,,,106,45,48,13,40,66,5,35,61,180,6.49,318,145,28616.79,,,,,,,,0.0,262.0,1060.0,0.0,False
482984,285023_44037,Haris Tabakovic,Bosnia and Herzegovina,FW,0,0,0,0,0,0,0.0,0.0,0,0,0,0,0,0,0,0,0,0,0,1,100,0,0,0,0,0,0,,,,4,4,0,0,3,1,0,2,1,3,1.34,12,3,2264.93,,,,,,,,0.0,25.0,599.0,0.0,False
519954,285023_44037,Jovo Lukic,Bosnia and Herzegovina,FW,2,3,33,3,0,3,0.46,2.18,0,0,5,34,2,1,0,1,0,0,0,13,54,0,0,1,0,0,0,,,,9,2,7,0,7,2,0,14,14,35,3.16,100,42,8269.19,,,,,,,,1.0,77.0,88.0,0.0,False
504990,285023_44037,Kerim Alajbegovic,Bosnia and Herzegovina,FW,1,4,25,1,3,0,0.14,7.25,7,0,9,98,8,4,6,0,0,0,1,90,77,16,6,13,77,1,0,,,,115,33,63,19,27,88,2,50,77,241,6.35,365,130,32990.98,47.0,337.0,19.0,5.88623571395874,4.737607002258301,6.96727466583252,,1.0,312.0,144.0,0.0,True
485063,285023_44037,Samed Bazdar,Bosnia and Herzegovina,FW,0,0,0,0,0,0,0.0,0.0,0,0,2,6,2,1,1,0,0,0,0,5,40,0,0,3,0,0,0,,,,3,1,2,0,2,1,0,8,8,17,1.57,28,13,3649.89,,,,,,,,0.0,35.0,631.0,0.0,False
491228,285023_44037,Martin Zlomislic,Bosnia and Herzegovina,GK,0,0,0,0,0,0,0.0,0.0,0,0,0,0,0,0,0,0,0,0,0,0,0,0,0,0,0,0,0,0.0,0.0,0.0,0,0,0,0,0,0,0,0,0,0,0.0,0,0,0.0,,,,,,,,0.0,0.0,261.0,0.0,False
522842,285023_44037,Mladen Jurkas,Bosnia and Herzegovina,GK,0,0,0,0,0,0,0.0,0.0,0,0,0,0,0,0,0,0,0,0,0,0,0,0,0,0,0,0,0,0.0,0.0,0.0,0,0,0,0,0,0,0,0,0,0,0.0,0,0,0.0,,,,,,,,0.0,0.0,261.0,0.0,False
482978,285023_44037,Nikola Vasilj,Bosnia and Herzegovina,GK,0,0,0,0,0,0,0.0,0.0,0,0,0,0,0,0,0,0,0,0,0,155,61,0,0,4,0,0,0,8.0,92.0,70.0,18,0,0,18,13,5,0,0,11,279,3.31,34,7,22744.03,,,,,,,,0.0,411.0,1247.0,0.0,False
494640,285023_44037,Amar Memic,Bosnia and Herzegovina,MF,1,3,0,2,1,0,0.19,0.0,0,0,13,54,10,3,3,0,0,0,0,52,75,5,0,4,0,0,0,,,,67,38,19,10,22,45,0,20,40,135,6.46,306,152,27462.49,,,,,,,,0.0,254.0,1046.0,0.0,False
430196,285023_44037,Amir Hadziahmetovic,Bosnia and Herzegovina,MF,0,0,0,0,0,0,0.0,0.0,1,0,0,4,0,0,0,0,0,0,0,3,100,1,0,0,0,0,0,,,,1,0,1,0,1,0,0,0,0,9,1.61,21,5,1349.67,,,,,,,,0.0,12.0,539.0,0.0,False
489523,285023_44037,Armin Gigovic,Bosnia and Herzegovina,MF,0,0,0,0,0,0,0.0,0.0,0,0,4,33,4,0,1,0,0,0,0,24,71,0,0,0,0,1,0,,,,24,3,11,10,14,10,0,4,18,53,3.43,142,62,10900.97,,,,,,,,0.0,95.0,789.0,0.0,False
483966,285023_44037,Benjamin Tahirovic,Bosnia and Herzegovina,MF,0,1,0,0,1,0,0.01,0.0,1,0,11,84,10,3,2,0,0,0,0,107,85,2,0,2,0,1,100,,,,99,5,42,52,69,30,2,8,47,238,6.92,429,116,30616.63,,,,,,,,0.0,266.0,1063.0,0.0,False
389886,285023_44037,Dzenis Burnic,Bosnia and Herzegovina,MF,0,1,0,0,1,0,0.02,0.0,0,0,0,6,0,0,0,0,0,0,0,8,88,0,0,0,0,0,0,,,,7,4,2,1,0,7,0,2,7,21,3.35,37,11,3073.49,,,,,,,,0.0,27.0,604.0,0.0,False
522846,285023_44037,Ermin Mahmic,Bosnia and Herzegovina,MF,2,4,50,2,2,0,0.34,5.88,0,0,1,41,3,1,1,1,0,0,0,16,75,1,0,0,0,1,100,,,,35,13,16,6,26,9,0,6,5,45,5.34,155,57,10657.09,,,,,,,,2.0,88.0,36.0,0.0,False
482974,285023_44037,Ivan Basic,Bosnia and Herzegovina,MF,0,4,0,0,4,0,0.15,0.0,5,0,5,39,8,2,3,0,0,0,0,104,92,12,58,2,50,3,100,,,,77,2,22,53,58,19,0,7,37,234,4.87,270,63,22053.62,121.0,293.0,62.0,5.07711124420166,4.9927592277526855,6.31049394607544,,0.0,200.0,206.0,1.0,True
372436,285023_44037,Ivan Sunjic,Bosnia and Herzegovina,MF,1,1,0,0,1,0,0.09,0.0,0,0,20,78,21,7,0,0,0,0,0,102,86,1,0,2,0,1,0,,,,57,0,13,44,41,16,0,5,41,221,7.03,401,113,26105.55,,,,,,,,0.0,221.0,1016.0,0.0,False
335658,285023_43924,Alex Sandro,Brazil,DF,0,0,0,0,0,0,0.0,0.0,0,0,0,4,2,1,0,0,0,0,0,13,100,0,0,0,0,0,0,,,,6,2,2,2,1,5,0,2,2,25,1.81,31,8,1822.47,,,,,,,,0.0,15.0,554.0,0.0,False
431889,285023_43924,Bremer,Brazil,DF,0,0,0,0,0,0,0.0,0.0,0,0,0,0,0,0,0,0,0,0,0,0,0,0,0,0,0,0,0,,,,0,0,0,0,0,0,0,0,0,0,0.0,0,0,0.0,,,,,,,,0.0,0.0,261.0,0.0,False
335656,285023_43924,Danilo,Brazil,DF,0,1,0,1,0,0,0.0,0.0,0,0,5,32,2,7,1,2,0,0,1,294,88,7,29,5,40,0,0,,,,170,38,34,98,31,139,4,18,39,642,5.69,402,173,44891.67,353.0,82.0,268.0,4.122759819030762,6.133892059326172,5.302017211914063,,0.0,471.0,1278.0,0.0,True
367981,285023_43924,Douglas Santos,Brazil,DF,0,2,0,2,0,0,0.2,0.0,0,0,21,65,23,3,2,1,0,0,1,274,91,6,17,4,75,0,0,,,,68,23,23,22,22,46,7,40,72,607,6.24,513,170,52661.36,318.0,72.0,252.0,4.417283535003662,6.19096040725708,5.370577335357666,,0.0,505.0,1283.0,0.0,True
430601,285023_43924,Gabriel Magalhaes,Brazil,DF,0,1,0,1,0,0,0.03,0.0,0,0,7,22,8,1,3,0,0,0,0,431,96,0,0,2,50,1,100,,,,44,0,2,42,22,22,0,1,19,874,5.88,419,101,51062.11,,,,,,,,0.0,520.0,260.0,1.0,False
371956,285023_43924,Leo Pereira,Brazil,DF,0,0,0,0,0,0,0.0,0.0,0,0,0,0,0,0,0,0,0,0,0,0,0,0,0,0,0,0,0,,,,0,0,0,0,0,0,0,0,0,0,0.0,0,0,0.0,,,,,,,,0.0,0.0,261.0,0.0,False
332946,285023_43924,Marquinhos,Brazil,DF,0,2,0,2,0,1,0.21,0.0,0,0,13,33,9,0,2,0,0,0,1,380,97,1,100,4,75,5,100,,,,54,2,1,51,28,26,0,3,26,786,5.7,357,101,49509.16,326.0,100.0,287.0,4.351545333862305,6.0133867263793945,5.200976848602295,,0.0,520.0,1286.0,0.0,True
430594,285023_43924,Roger Ibanez,Brazil,DF,0,0,0,0,0,0,0.0,0.0,0,0,0,10,1,2,1,1,0,0,0,22,100,0,0,1,100,0,0,,,,6,4,2,0,3,3,0,2,3,42,1.55,65,30,5075.62,,,,,,,,0.0,49.0,668.0,0.0,False
463746,285023_43924,Endrick,Brazil,FW,0,3,0,2,1,0,0.09,0.0,0,0,3,36,4,1,1,0,0,0,1,20,80,1,0,4,25,0,0,,,,44,30,11,3,37,7,1,13,15,60,4.69,72,41,14009.09,,,,,,,,0.0,146.0,895.0,0.0,False
430597,285023_43924,Gabriel Martinelli,Brazil,FW,1,2,50,1,1,0,0.49,2.04,0,0,5,11,2,4,4,0,0,0,0,64,91,2,50,1,100,0,0,,,,87,23,35,29,56,31,1,8,20,151,5.13,126,49,18613.07,,,,,,,,1.0,171.0,106.0,0.0,False
519836,285023_43924,Igor Thiago,Brazil,FW,1,2,0,2,0,1,0.4,0.0,0,0,5,25,5,2,0,0,0,0,0,5,80,0,0,0,0,0,0,,,,16,15,1,0,12,4,0,9,7,21,1.73,95,43,7498.81,,,,,,,,0.0,65.0,715.0,0.0,False
448420,285023_43924,Luiz Henrique,Brazil,FW,0,0,0,0,0,0,0.0,0.0,0,0,2,10,3,0,1,0,0,0,0,12,100,0,0,3,100,0,0,,,,3,0,3,0,0,3,0,3,6,27,1.5,60,26,3896.86,,,,,,,,0.0,38.0,641.0,0.0,False
430609,285023_43924,Matheus Cunha,Brazil,FW,4,10,30,5,5,0,1.15,2.61,3,0,7,90,10,1,3,0,0,0,1,91,85,4,0,8,50,0,0,,,,165,47,85,33,131,34,2,37,66,226,6.22,338,109,33567.79,17.0,206.0,158.0,6.457469463348389,5.398113250732422,5.79531192779541,,3.0,323.0,16.0,0.0,True
314197,285023_43924,Neymar Jr,Brazil,FW,2,3,33,3,0,0,0.02,40.25,5,0,1,10,1,1,1,1,0,0,0,26,77,6,17,1,0,0,0,,,,12,0,11,1,7,5,0,6,5,80,2.63,33,8,5925.29,,,,,,,,1.0,55.0,83.0,0.0,False
433872,285023_43924,Raphinha,Brazil,FW,2,3,0,1,2,0,0.34,0.0,7,0,10,59,7,1,2,0,0,0,2,44,68,10,30,4,25,0,0,,,,86,39,41,6,40,46,5,28,37,120,3.25,189,108,15809.52,,,,,,,,0.0,143.0,888.0,0.0,False
475036,285023_43924,Rayan,Brazil,FW,2,5,0,4,1,1,0.67,0.0,1,0,13,91,6,5,4,0,0,0,1,100,95,10,20,4,100,1,100,,,,45,27,16,2,19,26,6,57,64,254,4.96,292,112,33541.01,157.0,216.0,85.0,4.864964962005615,5.364741802215576,6.164356231689453,,0.0,326.0,239.0,1.0,True
405742,285023_43924,Vinicius Junior,Brazil,FW,11,17,24,14,3,1,3.07,1.3,2,0,10,120,7,4,10,0,0,0,3,140,83,18,33,10,80,4,100,,,,220,89,104,27,103,117,15,71,90,440,5.7,421,208,48042.97,6.0,320.0,39.0,7.351788997650146,4.862656116485596,6.585500240325928,,4.0,505.0,8.0,1.0,True
308370,285023_43924,Alisson,Brazil,GK,0,0,0,0,0,0,0.0,0.0,0,0,0,0,0,0,0,0,0,0,0,134,81,0,0,1,0,1,100,13.0,54.0,47.0,16,0,0,16,11,5,0,0,0,280,3.08,10,1,26853.51,,,,,,,,0.0,520.0,1287.0,0.0,False
395427,285023_43924,Ederson,Brazil,GK,0,0,0,0,0,0,0.0,0.0,0,0,0,0,0,0,0,0,0,0,0,0,0,0,0,0,0,0,0,0.0,0.0,0.0,0,0,0,0,0,0,0,0,0,0,0.0,0,0,0.0,,,,,,,,0.0,0.0,261.0,0.0,False
396315,285023_43924,Weverton,Brazil,GK,0,0,0,0,0,0,0.0,0.0,0,0,0,0,0,0,0,0,0,0,0,0,0,0,0,0,0,0,0,0.0,0.0,0.0,0,0,0,0,0,0,0,0,0,0,0.0,0,0,0.0,,,,,,,,,,,0.0,False
430605,285023_43924,Bruno Guimaraes,Brazil,MF,2,8,0,5,3,1,0.23,0.0,8,0,37,111,10,4,7,0,0,0,0,201,80,11,18,14,36,3,67,,,,282,41,132,109,213,69,4,43,78,542,7.2,597,122,54922.91,104.0,53.0,73.0,5.297788143157959,6.358667373657227,6.245833396911621,,0.0,458.0,166.0,4.0,True
308386,285023_43924,Casemiro,Brazil,MF,2,4,25,2,2,2,0.65,1.54,0,0,16,63,20,6,6,2,0,0,0,224,90,3,33,7,57,2,100,,,,82,3,25,54,64,18,1,7,67,520,6.39,331,93,45216.4,108.0,4.0,263.0,5.262962341308594,7.482791900634766,5.345147132873535,,1.0,425.0,160.0,0.0,True
429392,285023_43924,Danilo Santos,Brazil,MF,1,2,0,2,0,1,0.19,0.0,0,0,2,10,1,0,0,0,0,0,0,29,79,0,0,1,100,0,0,,,,17,4,7,6,9,8,0,3,6,63,5.84,82,26,8468.71,,,,,,,,0.0,73.0,734.0,0.0,False
485069,285023_43924,Ederson Silva,Brazil,MF,0,2,0,1,1,0,0.32,0.0,0,0,1,7,2,1,0,0,0,0,0,6,83,2,50,0,0,0,0,,,,6,4,1,1,3,3,0,3,1,25,2.93,34,17,4547.64,,,,,,,,0.0,38.0,637.0,0.0,False
394456,285023_43924,Fabinho,Brazil,MF,0,1,0,1,0,1,0.02,0.0,0,0,1,24,5,4,0,1,0,0,0,43,98,0,0,0,0,0,0,,,,34,0,12,22,29,5,0,1,11,93,4.74,117,36,9907.51,,,,,,,,0.0,95.0,788.0,0.0,False
411726,285023_43924,Lucas Paqueta,Brazil,MF,1,5,0,2,3,1,0.24,0.0,1,0,9,104,17,3,6,0,0,0,0,190,85,5,0,8,63,1,100,,,,192,22,89,81,110,82,1,20,78,412,6.46,335,123,27561.36,143.0,104.0,47.0,4.923226833343506,5.983496189117432,6.426150798797607,,0.0,255.0,217.0,1.0,True
409241,285023_43850,Diney Borges,Cabo Verde,DF,2,4,0,3,1,3,0.18,0.0,0,1,5,29,16,2,0,1,0,0,0,195,81,0,0,8,13,9,44,,,,103,2,2,99,57,46,0,3,42,388,5.88,395,111,43337.98,266.0,50.0,323.0,4.570214748382568,6.376781940460205,5.031055927276611,,0.0,445.0,1270.0,0.0,True
482780,285023_43850,Kelvin Pires,Cabo Verde,DF,0,0,0,0,0,0,0.0,0.0,0,0,0,0,0,0,0,0,0,0,0,0,0,0,0,0,0,0,0,,,,0,0,0,0,0,0,0,0,0,0,0.0,0,0,0.0,,,,,,,,0.0,0.0,261.0,0.0,False
477831,285023_43850,Logan Costa,Cabo Verde,DF,0,0,0,0,0,0,0.0,0.0,0,0,0,0,0,0,0,0,0,0,0,0,0,0,0,0,0,0,0,,,,0,0,0,0,0,0,0,0,0,0,0.0,0,0,0.0,,,,,,,,0.0,0.0,261.0,0.0,False
477770,285023_43850,Pico Lopes,Cabo Verde,DF,0,2,0,2,0,2,0.29,0.0,0,0,6,36,9,0,3,0,0,0,0,182,84,0,0,7,14,5,60,,,,66,2,6,58,24,42,0,3,38,384,5.66,366,99,41751.06,309.0,31.0,309.0,4.449967861175537,6.624897480010986,5.092410564422607,,0.0,445.0,1270.0,0.0,True
477832,285023_43850,Sidny Lopes Cabral,Cabo Verde,DF,2,4,25,0,4,0,0.11,8.93,8,0,22,77,9,2,9,2,0,0,0,105,83,11,9,3,33,0,0,,,,83,18,48,17,12,71,2,16,54,234,5.79,257,117,30954.32,57.0,148.0,68.0,5.713917255401611,5.727325439453125,6.268213748931885,,1.0,324.0,147.0,0.0,True
477847,285023_43850,Steven Moreira,Cabo Verde,DF,0,2,0,1,1,0,0.06,0.0,0,0,9,77,7,0,2,0,0,0,0,109,81,4,75,3,0,0,0,,,,56,10,35,11,14,42,0,11,39,226,6.63,313,113,33908.12,,,,,,,,0.0,346.0,1192.0,0.0,False
297266,285023_43850,Stopira,Cabo Verde,DF,0,0,0,0,0,0,0.0,0.0,0,0,0,0,0,0,0,0,0,0,0,0,0,0,0,0,0,0,0,,,,0,0,0,0,0,0,0,0,0,0,0.0,0,0,0.0,,,,,,,,0.0,0.0,261.0,0.0,False
482783,285023_43850,Wagner Pina,Cabo Verde,DF,0,1,0,1,0,0,0.18,0.0,0,0,4,19,2,1,3,1,0,0,0,38,79,3,33,2,0,0,0,,,,46,18,22,6,14,32,2,10,13,87,1.68,134,74,11150.18,,,,,,,,0.0,99.0,797.0,0.0,False
482782,285023_43850,Dailon Livramento,Cabo Verde,FW,0,1,0,0,1,0,0.0,0.0,0,0,8,93,4,1,1,0,0,0,2,19,79,3,33,0,0,0,0,,,,66,43,23,0,53,13,2,18,23,55,5.22,237,100,23067.28,,,,,,,,0.0,198.0,980.0,0.0,False
477862,285023_43850,Gilson Benchimol,Cabo Verde,FW,0,0,0,0,0,0,0.0,0.0,0,0,5,52,4,0,1,0,0,0,0,11,82,0,0,2,0,0,0,,,,35,20,15,0,24,11,1,7,12,26,3.24,123,54,9993.83,,,,,,,,0.0,93.0,781.0,0.0,False
355642,285023_43850,Ryan Mendes,Cabo Verde,FW,0,6,0,3,3,0,0.07,0.0,0,0,24,102,14,1,2,0,0,0,2,82,85,5,0,4,50,1,100,,,,151,52,84,15,50,101,0,35,51,211,6.2,468,170,37830.2,122.0,299.0,100.0,5.060402870178223,4.946753978729248,6.097384929656982,,0.0,366.0,243.0,1.0,True
406281,285023_43850,Cj Dos Santos,Cabo Verde,GK,0,0,0,0,0,0,0.0,0.0,0,0,0,0,0,0,0,0,0,0,0,0,0,0,0,0,0,0,0,0.0,0.0,0.0,0,0,0,0,0,0,0,0,0,0,0.0,0,0,0.0,,,,,,,,,,,0.0,False
407114,285023_43850,Marcio Rosa,Cabo Verde,GK,0,0,0,0,0,0,0.0,0.0,0,0,0,0,0,0,0,0,0,0,0,0,0,0,0,0,0,0,0,0.0,0.0,0.0,0,0,0,0,0,0,0,0,0,0,0.0,0,0,0.0,,,,,,,,0.0,0.0,261.0,0.0,False
364752,285023_43850,Vozinha,Cabo Verde,GK,0,0,0,0,0,0,0.0,0.0,0,0,0,0,0,0,3,0,0,0,0,166,70,0,0,2,0,0,0,18.0,136.0,102.0,35,0,0,35,19,16,0,0,7,299,2.89,44,9,21320.84,,,,,,,,0.0,445.0,1270.0,0.0,False
477827,285023_43850,Deroy Duarte,Cabo Verde,MF,2,3,33,1,2,0,0.12,8.28,0,0,13,137,26,4,1,0,0,0,0,101,86,1,100,2,50,1,100,,,,56,11,29,16,41,15,1,14,51,228,6.26,323,73,31052.7,89.0,137.0,305.0,5.453007698059082,5.761402606964111,5.100103855133057,,1.0,300.0,137.0,0.0,True
373344,285023_43850,Garry Rodrigues,Cabo Verde,MF,0,1,0,1,0,0,0.04,0.0,0,0,3,23,1,0,0,0,0,0,2,14,79,2,50,2,100,0,0,,,,29,18,11,0,16,13,0,13,11,40,3.53,123,50,10160.29,,,,,,,,0.0,90.0,775.0,0.0,False
477849,285023_43850,Helio Varela,Cabo Verde,MF,1,3,33,0,3,0,0.26,3.91,0,0,5,39,2,1,2,0,0,0,1,29,93,1,0,3,100,0,0,,,,34,20,12,2,9,25,2,24,17,77,4.81,179,68,13847.35,,,,,,,,1.0,130.0,100.0,0.0,False
401894,285023_43850,Jamiro Monteiro,Cabo Verde,MF,1,5,0,2,3,0,0.19,0.0,4,0,12,110,23,4,2,0,0,0,0,106,82,6,33,3,33,0,0,,,,105,12,73,20,69,36,0,17,65,259,6.17,339,109,32481.15,,,,,,,,0.0,314.0,1173.0,0.0,False
477855,285023_43850,Joao Paulo,Cabo Verde,MF,0,2,0,1,1,1,0.08,0.0,1,0,5,25,4,0,4,0,0,0,0,62,84,5,0,6,67,0,0,,,,32,4,20,8,6,26,1,12,25,144,3.17,122,58,12421.69,,,,,,,,0.0,121.0,854.0,0.0,False
477856,285023_43850,Jovane Cabral,Cabo Verde,MF,0,2,0,0,2,0,0.05,0.0,0,0,14,86,7,1,2,0,0,0,0,34,79,1,0,2,50,0,0,,,,57,21,32,4,29,28,0,21,24,84,2.92,190,61,14327.66,,,,,,,,0.0,148.0,899.0,0.0,False
477852,285023_43850,Kevin Pina,Cabo Verde,MF,1,5,20,0,5,0,0.09,11.33,0,0,22,93,23,5,3,1,0,0,0,156,86,1,0,1,0,3,67,,,,71,1,26,44,53,18,0,5,66,359,6.07,388,116,39576.48,110.0,61.0,301.0,5.249795436859131,6.297797203063965,5.1393632888793945,,1.0,389.0,156.0,0.0,True
480966,285023_43850,Laros Duarte,Cabo Verde,MF,3,3,0,2,1,0,0.7,0.0,1,0,13,97,4,0,2,0,0,0,0,41,80,2,100,2,50,0,0,,,,82,7,65,10,62,20,3,16,34,106,6.95,252,66,21530.22,,,,,,,,0.0,187.0,969.0,0.0,False
401893,285023_43850,Nuno Da Costa,Cabo Verde,MF,0,1,0,1,0,0,0.07,0.0,0,0,6,61,3,0,3,0,0,0,0,23,78,1,0,5,40,0,0,,,,49,32,16,1,32,17,4,31,33,71,5.99,185,86,18105.97,,,,,,,,0.0,180.0,953.0,0.0,False
494314,285023_43850,Telmo Arcanjo,Cabo Verde,MF,0,0,0,0,0,0,0.0,0.0,1,0,6,27,1,0,1,0,0,0,0,14,86,1,100,0,0,1,100,,,,12,3,4,5,7,5,0,5,12,31,3.03,58,27,6515.91,,,,,,,,0.0,69.0,727.0,0.0,False
433724,285023_43850,Willy Semedo,Cabo Verde,MF,0,3,0,2,1,0,0.06,0.0,0,0,6,57,6,4,2,0,0,0,0,33,91,2,0,1,0,0,0,,,,61,29,28,4,23,38,1,28,33,105,5.15,207,90,17802.43,,,,,,,,0.0,156.0,912.0,0.0,False
494313,285023_43850,Yannick Semedo,Cabo Verde,MF,0,1,0,0,1,0,0.01,0.0,2,0,3,12,1,1,1,0,0,0,0,35,77,2,50,0,0,2,100,,,,14,0,8,6,10,4,0,2,13,79,3.45,75,30,5295.67,,,,,,,,0.0,46.0,184.0,1.0,False
514070,285023_43899,Alfie Jones,Canada,DF,0,0,0,0,0,0,0.0,0.0,0,0,0,0,0,0,0,0,0,0,0,0,0,0,0,0,0,0,0,,,,0,0,0,0,0,0,0,0,0,0,0.0,0,0,0.0,,,,,,,,0.0,0.0,261.0,0.0,False
441252,285023_43899,Alistair Johnston,Canada,DF,2,5,0,4,1,2,0.18,0.0,2,0,12,52,16,5,4,1,0,0,0,240,77,24,25,17,53,2,100,,,,176,53,50,73,39,137,8,47,88,509,6.28,683,264,53458.13,260.0,20.0,33.0,4.583779335021973,6.848737716674805,6.67397928237915,,0.0,511.0,1284.0,0.0,True
412144,285023_43899,Alphonso Davies,Canada,DF,0,0,0,0,0,0,0.0,0.0,0,0,1,4,0,0,0,0,0,0,0,18,78,1,0,0,0,0,0,,,,13,6,7,0,3,10,0,14,8,41,1.4,37,17,2589.59,,,,,,,,0.0,22.0,583.0,0.0,False
371958,285023_43899,Derek Cornelius,Canada,DF,1,5,0,5,0,4,0.74,0.0,0,0,4,29,6,4,3,1,0,0,0,170,89,1,0,2,50,1,0,,,,14,2,2,10,6,8,1,8,35,379,4.58,368,106,33569.61,307.0,18.0,302.0,4.456068992614746,6.883890628814697,5.126347064971924,,0.0,351.0,1194.0,0.0,True
448402,285023_43899,Joel Waterman,Canada,DF,0,0,0,0,0,0,0.0,0.0,0,0,0,0,0,0,0,0,0,0,0,0,0,0,0,0,0,0,0,,,,0,0,0,0,0,0,0,0,0,0,0.0,0,0,0.0,,,,,,,,0.0,0.0,261.0,0.0,False
480322,285023_43899,Luc De Fougerolles,Canada,DF,1,3,0,3,0,1,0.17,0.0,0,0,17,41,22,8,8,2,0,0,0,191,89,1,0,6,67,1,0,,,,43,6,4,33,25,18,2,7,32,404,6.37,528,174,44379.43,267.0,5.0,116.0,4.570196628570557,7.458939075469971,5.986086368560791,,0.0,421.0,1259.0,0.0,True
466585,285023_43899,Moise Bombito,Canada,DF,1,1,0,1,0,1,0.2,0.0,0,0,4,11,2,2,0,0,0,0,0,111,86,0,0,4,50,1,100,,,,38,2,1,35,19,19,1,1,22,236,3.44,212,72,21226.71,,,,,,,,0.0,221.0,1015.0,0.0,False
485064,285023_43899,Niko Sigur,Canada,DF,0,1,0,0,1,0,0.04,0.0,0,0,4,39,9,5,1,1,0,0,0,64,81,4,25,8,63,1,100,,,,44,4,17,23,26,18,2,9,36,149,4.53,265,75,17924.01,,,,,,,,0.0,147.0,898.0,0.0,False
431696,285023_43899,Richie Laryea,Canada,DF,1,2,0,1,1,0,0.34,0.0,0,0,22,79,28,8,13,1,0,0,1,202,83,4,25,15,60,1,100,,,,110,42,39,29,48,62,6,28,76,428,5.81,464,231,46053.79,249.0,106.0,67.0,4.60765552520752,5.96925163269043,6.271140098571777,,0.0,475.0,1279.0,0.0,True
466687,285023_43899,Ali Ahmed,Canada,FW,1,3,0,1,2,0,0.29,0.0,2,0,18,113,12,1,5,0,0,0,0,65,78,15,20,5,40,1,100,,,,124,50,60,14,37,87,5,45,45,188,5.24,341,172,27940.35,160.0,182.0,53.0,4.84665584564209,5.483025074005127,6.3775248527526855,,0.0,258.0,1053.0,0.0,True
390670,285023_43899,Cyle Larin,Canada,FW,4,9,22,9,0,3,1.27,1.58,0,0,8,76,6,5,1,2,0,0,3,23,87,0,0,1,0,0,0,,,,76,44,21,11,48,28,1,29,34,74,4.5,216,96,20615.07,16.0,279.0,313.0,6.463912487030029,5.081690788269043,5.068778038024902,,2.0,224.0,40.0,0.0,True
423933,285023_43899,Jayden Nelson,Canada,FW,0,1,0,0,1,0,0.07,0.0,0,0,1,2,0,0,0,0,0,0,0,8,75,0,0,0,0,0,0,,,,4,0,2,2,1,3,0,2,7,20,1.39,19,5,1462.29,,,,,,,,0.0,12.0,541.0,0.0,False
441257,285023_43899,Jonathan David,Canada,FW,9,18,17,13,5,0,2.71,1.11,0,0,45,227,21,5,5,1,0,0,0,103,74,6,0,10,60,1,100,,,,209,64,117,28,133,76,11,93,97,307,6.61,667,256,52214.28,54.0,322.0,195.0,5.797469139099121,4.8513054847717285,5.654051780700684,,3.0,475.0,21.0,0.0,True
493970,285023_43899,Promise David,Canada,FW,3,5,20,3,2,1,0.75,1.34,0,0,6,23,1,4,2,0,0,0,0,16,50,0,0,1,0,1,100,,,,22,15,7,0,18,4,2,18,18,46,4.43,79,41,9794.61,,,,,,,,1.0,105.0,56.0,1.0,False
430138,285023_43899,Tajon Buchanan,Canada,FW,3,6,0,3,3,0,0.68,0.0,1,0,29,136,32,5,8,0,0,0,2,95,80,17,18,9,56,1,100,,,,95,55,34,6,25,70,14,73,97,262,6.58,537,213,43975.29,,,,,,,,0.0,401.0,1217.0,0.0,False
486929,285023_43899,Tani Oluwaseyi,Canada,FW,4,8,0,8,0,2,0.99,0.0,0,0,11,104,20,5,5,0,0,0,1,41,66,4,0,4,50,1,100,,,,132,94,36,2,107,25,6,49,55,131,6.11,350,172,29357.02,,,,,,,,0.0,288.0,1093.0,0.0,False
441255,285023_43899,Dayne St Clair,Canada,GK,0,0,0,0,0,0,0.0,0.0,0,0,0,0,0,0,0,0,0,0,0,0,0,0,0,0,0,0,0,0.0,0.0,0.0,0,0,0,0,0,0,0,0,0,0,0.0,0,0,0.0,,,,,,,,0.0,0.0,261.0,0.0,False
331732,285023_43899,Maxime Crepeau,Canada,GK,0,0,0,0,0,0,0.0,0.0,0,0,0,0,0,1,1,0,0,0,0,123,75,0,0,2,0,1,0,7.0,49.0,40.0,14,0,0,14,9,5,0,0,6,237,3.3,90,16,28143.54,,,,,,,,0.0,511.0,1284.0,0.0,False
463817,285023_43899,Owen Goodman,Canada,GK,0,0,0,0,0,0,0.0,0.0,0,0,0,0,0,0,0,0,0,0,0,0,0,0,0,0,0,0,0,0.0,0.0,0.0,0,0,0,0,0,0,0,0,0,0,0.0,0,0,0.0,,,,,,,,0.0,0.0,261.0,0.0,False
441258,285023_43899,Ismael Kone,Canada,MF,0,2,0,1,1,0,0.04,0.0,0,0,8,25,5,1,3,0,0,0,0,108,86,2,0,0,0,0,0,,,,52,3,24,25,36,16,0,14,38,238,2.51,198,44,16975.03,,,,,,,,0.0,160.0,917.0,0.0,False
448411,285023_43899,Jacob Shaffelburg,Canada,MF,0,3,0,2,1,0,0.09,0.0,0,0,5,22,6,2,1,0,0,0,0,41,90,19,16,6,50,0,0,,,,62,30,23,9,12,50,6,25,25,137,7.63,202,106,15826.53,,,,,,,,0.0,126.0,864.0,0.0,False
370986,285023_43899,Jonathan Osorio,Canada,MF,0,1,0,1,0,0,0.04,0.0,0,0,1,3,1,0,1,0,0,0,0,9,67,0,0,0,0,0,0,,,,4,1,1,2,2,2,0,1,7,22,2.82,29,11,2036.53,,,,,,,,0.0,17.0,563.0,0.0,False
441259,285023_43899,Liam Millar,Canada,MF,0,1,0,1,0,1,0.04,0.0,0,0,3,44,12,3,1,1,0,0,0,67,75,10,20,8,50,0,0,,,,75,36,35,4,19,56,4,33,26,166,3.93,243,114,19176.61,,,,,,,,0.0,176.0,945.0,0.0,False
448390,285023_43899,Mathieu Choiniere,Canada,MF,0,0,0,0,0,0,0.0,0.0,1,0,2,19,2,1,1,0,0,0,0,29,79,4,50,2,50,1,100,,,,19,0,7,12,12,7,0,5,10,63,1.48,132,43,7597.41,,,,,,,,0.0,61.0,709.0,0.0,False
423941,285023_43899,Nathan Saliba,Canada,MF,1,3,33,1,2,1,0.3,3.36,0,0,11,43,12,5,2,1,0,0,0,93,85,4,25,4,75,1,100,,,,51,4,13,34,32,19,2,8,40,206,4.12,386,122,23647.54,,,,,,,,1.0,206.0,51.0,2.0,False
433635,285023_43899,Stephen Eustaquio,Canada,MF,1,4,25,0,4,0,0.1,10.34,44,0,16,91,15,2,6,0,0,0,0,281,87,42,38,15,60,3,100,,,,212,22,76,114,133,79,1,31,127,618,7.14,897,210,52496.91,101.0,205.0,25.0,5.31575870513916,5.405862808227539,6.825634956359863,,1.0,444.0,163.0,0.0,True
431200,285023_43926,Daniel Munoz,Colombia,DF,2,3,67,3,0,0,0.64,3.11,0,0,10,46,15,5,1,0,0,0,2,143,94,6,33,4,25,0,0,,,,268,108,87,73,35,233,7,30,33,308,6.64,439,168,34353.71,27.0,51.0,208.0,6.178657531738281,6.374165058135986,5.598361492156982,,2.0,320.0,43.0,0.0,True
386013,285023_43926,Davinson Sanchez,Colombia,DF,2,5,0,4,1,4,0.45,0.0,0,0,17,25,14,3,3,0,0,0,1,282,91,0,0,7,29,6,100,,,,44,0,1,43,17,27,0,7,43,587,5.32,323,104,36402.68,303.0,9.0,258.0,4.473987579345703,7.134161949157715,5.360033512115479,,0.0,410.0,1245.0,0.0,True
394376,285023_43926,Deiver Machado,Colombia,DF,0,0,0,0,0,0,0.0,0.0,0,0,4,21,2,1,2,0,0,0,0,23,96,2,0,1,100,0,0,,,,36,16,17,3,7,29,1,9,7,52,1.52,117,56,10069.09,,,,,,,,0.0,99.0,796.0,0.0,False
463902,285023_43926,Gustavo Puerta,Colombia,DF,4,12,0,2,10,0,0.44,0.0,0,0,13,113,23,8,7,1,0,0,0,243,91,2,0,4,50,2,50,,,,210,37,90,83,117,93,3,38,83,538,6.68,559,161,43401.19,149.0,74.0,131.0,4.904052734375,6.179779529571533,5.905455112457275,,0.0,389.0,249.0,1.0,True
441622,285023_43926,Jhon Lucumi,Colombia,DF,0,1,0,1,0,1,0.07,0.0,0,0,9,20,7,4,0,1,0,0,0,238,93,0,0,5,20,10,100,,,,17,0,1,16,4,13,0,3,28,499,4.83,263,86,33092.66,314.0,46.0,340.0,4.424666404724121,6.420003414154053,4.832277774810791,,0.0,410.0,1243.0,0.0,True
394500,285023_43926,Johan Mojica,Colombia,DF,2,3,0,1,2,1,0.13,0.0,0,0,8,29,2,1,4,1,0,0,0,157,83,9,11,6,33,0,0,,,,119,24,52,43,13,106,3,24,65,342,4.4,327,139,30487.37,255.0,36.0,275.0,4.595826625823975,6.543267250061035,5.243819236755371,,0.0,311.0,1159.0,0.0,True
315614,285023_43926,Santiago Arias,Colombia,DF,0,0,0,0,0,0,0.0,0.0,0,0,5,12,1,1,0,0,0,0,0,43,86,5,80,1,100,0,0,,,,28,17,7,4,5,23,4,9,16,95,1.51,80,50,9047.2,,,,,,,,0.0,89.0,772.0,0.0,False
476345,285023_43926,Willer Ditta,Colombia,DF,0,0,0,0,0,0,0.0,0.0,0,0,0,0,0,0,0,0,0,0,0,0,0,0,0,0,0,0,0,,,,0,0,0,0,0,0,0,0,0,0,0.0,0,0,0.0,,,,,,,,0.0,0.0,261.0,0.0,False
395552,285023_43926,Yerry Mina,Colombia,DF,0,0,0,0,0,0,0.0,0.0,0,0,0,0,0,0,0,0,0,0,0,0,0,0,0,0,0,0,0,,,,0,0,0,0,0,0,0,0,0,0,0.0,0,0,0.0,,,,,,,,0.0,0.0,261.0,0.0,False
492189,285023_43926,Andres Gomez,Colombia,FW,0,0,0,0,0,0,0.0,0.0,0,0,0,1,1,0,0,0,0,0,0,0,0,0,0,0,0,0,0,,,,1,1,0,0,0,1,0,0,0,0,1.95,16,6,1042.07,,,,,,,,0.0,7.0,520.0,0.0,False
418881,285023_43926,Cucho Hernandez,Colombia,FW,0,0,0,0,0,0,0.0,0.0,0,0,0,4,1,0,0,0,0,0,0,3,33,1,100,0,0,0,0,,,,4,2,2,0,3,1,1,5,6,12,1.67,28,7,2325.55,,,,,,,,0.0,20.0,181.0,1.0,False
405755,285023_43926,Jaminton Campaz,Colombia,FW,2,4,25,2,2,1,0.36,2.78,0,0,1,12,0,0,1,0,0,0,0,7,71,3,0,1,0,0,0,,,,16,8,8,0,7,9,1,7,7,29,3.5,56,25,4148.88,,,,,,,,1.0,36.0,80.0,0.0,False
369530,285023_43926,Jhon Cordoba,Colombia,FW,1,2,0,2,0,1,0.32,0.0,0,0,2,23,2,1,2,0,0,0,2,12,75,0,0,0,0,0,0,,,,31,22,9,0,25,6,3,13,9,32,3.94,104,33,9864.95,,,,,,,,0.0,108.0,836.0,0.0,False
428886,285023_43926,Luis Diaz,Colombia,FW,6,16,6,12,4,0,1.32,0.76,3,0,12,68,6,4,5,0,0,0,9,139,88,5,20,10,60,6,100,,,,237,114,100,23,115,122,10,91,85,342,6.02,380,179,39604.64,61.0,304.0,60.0,5.697328090667725,4.919243335723877,6.31362771987915,,1.0,394.0,74.0,1.0,True
428905,285023_43926,Luis Suarez,Colombia,FW,0,7,0,7,0,2,0.76,0.0,0,0,8,59,13,5,6,0,0,0,1,48,75,3,33,2,50,0,0,,,,160,63,95,2,142,18,5,52,45,133,5.31,194,112,24943.45,,,,,,,,0.0,280.0,225.0,1.0,False
385998,285023_43926,Alvaro Montero,Colombia,GK,0,0,0,0,0,0,0.0,0.0,0,0,0,0,0,0,0,0,0,0,0,0,0,0,0,0,0,0,0,0.0,0.0,0.0,0,0,0,0,0,0,0,0,0,0,0.0,0,0,0.0,,,,,,,,0.0,0.0,261.0,0.0,False
360642,285023_43926,Camilo Vargas,Colombia,GK,0,0,0,0,0,0,0.0,0.0,0,0,0,0,0,0,0,0,0,0,0,152,79,0,0,6,33,0,0,5.0,48.0,46.0,41,0,0,41,22,19,0,0,2,278,2.59,25,8,17743.13,,,,,,,,0.0,410.0,1243.0,0.0,False
228686,285023_43926,David Ospina,Colombia,GK,0,0,0,0,0,0,0.0,0.0,0,0,0,0,0,0,0,0,0,0,0,0,0,0,0,0,0,0,0,0.0,0.0,0.0,0,0,0,0,0,0,0,0,0,0,0.0,0,0,0.0,,,,,,,,0.0,0.0,261.0,0.0,False
269058,285023_43926,James Rodriguez,Colombia,MF,3,6,0,2,4,0,0.24,0.0,7,0,6,92,4,0,3,0,0,0,0,208,86,13,38,12,58,9,67,,,,134,19,74,41,65,69,3,43,59,446,5.93,270,42,26755.98,,,,,,,,0.0,270.0,1072.0,0.0,False
395550,285023_43926,Jefferson Lerma,Colombia,MF,1,5,0,2,3,0,0.24,0.0,0,0,10,59,6,3,5,1,0,0,0,214,88,2,50,2,0,1,100,,,,146,2,37,107,127,19,1,12,74,458,6.51,587,134,40327.08,277.0,54.0,315.0,4.540770053863525,6.3570990562438965,5.059413909912109,,0.0,374.0,1203.0,0.0,True
470760,285023_43926,Jhon Arias,Colombia,MF,4,8,13,6,2,0,0.93,1.07,4,0,32,89,21,5,2,1,0,0,0,202,96,6,17,5,80,3,100,,,,138,28,64,46,78,60,2,47,96,448,5.82,317,126,32691.11,78.0,40.0,108.0,5.544551849365234,6.453419208526611,6.024949073791504,,1.0,337.0,148.0,0.0,True
425580,285023_43926,Jorge Carrascal,Colombia,MF,0,0,0,0,0,0,0.0,0.0,0,0,0,0,0,0,0,0,0,0,0,0,0,0,0,0,0,0,0,,,,0,0,0,0,0,0,0,0,0,0,0.0,0,0,0.0,,,,,,,,0.0,0.0,261.0,0.0,False
489849,285023_43926,Juan Portilla,Colombia,MF,0,0,0,0,0,0,0.0,0.0,0,0,0,0,0,0,0,0,0,0,0,0,0,0,0,0,0,0,0,,,,0,0,0,0,0,0,0,0,0,0,0.0,0,0,0.0,,,,,,,,0.0,0.0,261.0,0.0,False
356704,285023_43926,Juan Quintero,Colombia,MF,0,3,0,0,3,0,0.08,0.0,3,0,2,25,0,0,0,0,0,0,0,60,82,7,29,11,64,5,100,,,,41,6,24,11,23,18,0,16,22,136,4.99,114,30,9236.75,,,,,,,,0.0,84.0,192.0,1.0,False
470759,285023_43926,Kevin Castano,Colombia,MF,0,0,0,0,0,0,0.0,0.0,0,0,1,9,0,0,0,0,0,0,0,14,100,0,0,0,0,0,0,,,,11,1,2,8,7,4,0,2,3,32,3.45,48,15,3167.34,,,,,,,,0.0,28.0,607.0,0.0,False
473050,285023_43926,Richard Rios,Colombia,MF,1,4,0,2,2,1,0.35,0.0,0,0,2,43,20,8,3,1,0,0,0,39,85,1,0,1,100,1,100,,,,46,15,19,12,23,23,1,12,15,91,6.71,195,81,14379.91,,,,,,,,0.0,129.0,868.0,0.0,False
426357,285023_20014,Aaron Wan Bissaka,Congo DR,DF,0,0,0,0,0,0,0.0,0.0,0,0,12,104,14,1,1,0,0,0,1,137,80,7,29,5,60,0,0,,,,141,58,48,35,39,102,5,19,54,287,6.07,460,194,40401.23,330.0,109.0,98.0,4.334512710571289,5.931458950042725,6.098320484161377,,0.0,399.0,1213.0,0.0,True
436572,285023_20014,Arthur Masuaku,Congo DR,DF,0,0,0,0,0,0,0.0,0.0,6,0,9,102,10,0,4,0,0,0,0,169,83,14,21,6,67,5,80,,,,60,6,31,23,11,49,0,12,38,363,5.79,343,114,32800.85,237.0,249.0,65.0,4.622768878936768,5.221038818359375,6.278861045837402,,0.0,340.0,240.0,1.0,True
403063,285023_20014,Axel Tuanzebe,Congo DR,DF,0,0,0,0,0,0,0.0,0.0,0,0,6,20,10,3,3,0,0,0,0,155,90,0,0,0,0,2,100,,,,48,2,5,41,30,18,0,0,49,314,5.59,311,128,38203.61,,,,,,,,0.0,409.0,1241.0,0.0,False
356532,285023_20014,Chancel Mbemba,Congo DR,DF,0,1,0,1,0,0,0.05,0.0,0,0,9,23,12,1,2,1,0,0,0,162,80,4,0,7,43,3,100,,,,35,2,1,32,12,23,0,11,35,340,5.4,347,135,36904.51,,,,,,,,0.0,409.0,254.0,1.0,False
477829,285023_20014,Dylan Batubinsika,Congo DR,DF,0,0,0,0,0,0,0.0,0.0,0,0,0,0,0,0,0,0,0,0,0,0,0,0,0,0,0,0,0,,,,0,0,0,0,0,0,0,0,0,0,0.0,0,0,0.0,,,,,,,,0.0,0.0,261.0,0.0,False
477853,285023_20014,Gedeon Kalulu,Congo DR,DF,0,0,0,0,0,0,0.0,0.0,0,0,0,3,3,0,0,0,0,0,0,6,83,0,0,1,0,0,0,,,,3,1,2,0,1,2,0,4,0,11,1.7,20,6,1186.84,,,,,,,,0.0,10.0,528.0,0.0,False
477833,285023_20014,Joris Kayembe,Congo DR,DF,0,1,0,0,1,0,0.0,0.0,0,0,4,20,5,0,1,0,0,0,0,24,79,3,67,4,25,0,0,,,,15,4,7,4,2,13,1,7,7,55,6.28,88,34,7372.37,,,,,,,,0.0,69.0,726.0,0.0,False
504329,285023_20014,Steve Kapuadi,Congo DR,DF,0,1,0,1,0,1,0.08,0.0,0,0,6,18,6,2,0,0,0,0,0,55,84,0,0,0,0,1,0,,,,22,3,1,18,7,15,0,2,11,114,2.9,211,60,19496.83,,,,,,,,0.0,201.0,985.0,0.0,False
510989,285023_20014,Brian Cipenga,Congo DR,FW,1,6,17,2,4,0,0.23,4.32,1,0,10,72,14,2,1,0,0,0,1,47,60,11,18,12,8,0,0,,,,45,29,11,5,15,30,3,49,48,154,3.34,210,112,17763.24,,,,,,,,1.0,160.0,104.0,0.0,False
336425,285023_20014,Cedric Bakambu,Congo DR,FW,0,3,0,1,2,1,0.24,0.0,0,0,7,80,4,2,1,0,0,0,4,23,70,1,0,1,0,0,0,,,,155,91,64,0,128,27,2,29,29,63,4.6,256,117,21517.52,,,,,,,,0.0,210.0,1005.0,0.0,False
477859,285023_20014,Fiston Mayele,Congo DR,FW,1,5,20,4,1,1,0.72,1.39,0,0,3,23,0,1,1,0,0,0,1,11,64,0,0,0,0,0,0,,,,21,13,8,0,17,4,2,16,18,35,3.03,72,35,5777.74,,,,,,,,1.0,55.0,84.0,0.0,False
336439,285023_20014,Gael Kakuta,Congo DR,FW,0,0,0,0,0,0,0.0,0.0,0,0,0,0,0,0,0,0,0,0,0,0,0,0,0,0,0,0,0,,,,0,0,0,0,0,0,0,0,0,0,0.0,0,0,0.0,,,,,,,,0.0,0.0,261.0,0.0,False
426506,285023_20014,Meschack Elia,Congo DR,FW,2,2,0,0,2,0,0.05,0.0,0,0,1,25,3,2,0,0,0,0,0,14,93,2,0,5,60,0,0,,,,14,6,8,0,3,11,3,12,9,41,3.31,86,41,6530.78,,,,,,,,0.0,59.0,187.0,1.0,False
477835,285023_20014,Simon Banza,Congo DR,FW,0,0,0,0,0,0,0.0,0.0,0,0,3,25,3,1,0,0,0,0,0,6,67,0,0,0,0,1,0,,,,24,17,7,0,20,4,1,4,7,14,3.47,70,23,5130.52,,,,,,,,0.0,49.0,670.0,0.0,False
441316,285023_20014,Yoane Wissa,Congo DR,FW,3,11,27,7,4,2,1.79,1.68,0,0,11,118,5,5,9,0,0,0,1,69,87,2,0,5,40,0,0,,,,127,52,64,11,103,24,3,50,81,195,6.07,384,140,41481.27,26.0,353.0,186.0,6.200076103210449,4.519561290740967,5.6778717041015625,,3.0,409.0,19.0,0.0,True
441313,285023_20014,Lionel Mpasi,Congo DR,GK,0,0,0,0,0,0,0.0,0.0,0,0,0,0,0,0,0,0,0,0,0,139,68,0,0,5,0,0,0,15.0,83.0,70.0,30,0,0,30,17,13,0,0,5,248,2.77,37,7,18909.7,,,,,,,,0.0,409.0,1242.0,0.0,False
514171,285023_20014,Matthieu Epolo,Congo DR,GK,0,0,0,0,0,0,0.0,0.0,0,0,0,0,0,0,0,0,0,0,0,0,0,0,0,0,0,0,0,0.0,0.0,0.0,0,0,0,0,0,0,0,0,0,0,0.0,0,0,0.0,,,,,,,,0.0,0.0,261.0,0.0,False
486196,285023_20014,Timothy Fayulu,Congo DR,GK,0,0,0,0,0,0,0.0,0.0,0,0,0,0,0,0,0,0,0,0,0,0,0,0,0,0,0,0,0,0.0,0.0,0.0,0,0,0,0,0,0,0,0,0,0,0.0,0,0,0.0,,,,,,,,0.0,0.0,261.0,0.0,False
477864,285023_20014,Aaron Tshibola,Congo DR,MF,0,0,0,0,0,0,0.0,0.0,0,0,0,0,0,0,0,0,0,0,0,0,0,0,0,0,0,0,0,,,,0,0,0,0,0,0,0,0,0,0,0.0,0,0,0.0,,,,,,,,0.0,0.0,261.0,0.0,False
448128,285023_20014,Charles Pickel,Congo DR,MF,0,1,0,1,0,0,0.1,0.0,0,0,3,25,3,2,1,1,0,0,0,22,86,0,0,0,0,2,50,,,,24,6,10,8,9,15,0,4,11,46,3.67,77,35,5540.28,,,,,,,,0.0,45.0,661.0,0.0,False
433161,285023_20014,Edo Kayembe,Congo DR,MF,1,2,0,0,2,0,0.1,0.0,0,0,20,116,20,5,3,0,0,0,0,41,85,2,0,1,0,0,0,,,,64,7,37,20,42,22,1,18,37,108,5.34,297,86,20579.44,,,,,,,,0.0,177.0,947.0,0.0,False
424119,285023_20014,Nathanael Mbuku,Congo DR,MF,2,3,0,0,3,0,0.13,0.0,5,0,6,67,8,4,8,1,0,0,0,45,78,14,21,6,83,0,0,,,,45,12,26,7,11,34,0,27,36,134,5.33,243,74,18838.49,119.0,334.0,89.0,5.090838432312012,4.752577304840088,6.146090984344482,,0.0,163.0,922.0,0.0,True
494458,285023_20014,Ngalayel Mukau,Congo DR,MF,0,1,0,0,1,0,0.06,0.0,0,0,10,125,9,3,4,0,0,0,1,69,87,0,0,1,100,0,0,,,,62,11,35,16,39,23,0,19,41,164,7.25,383,105,26619.43,,,,,,,,0.0,220.0,1014.0,0.0,False
486147,285023_20014,Noah Sadiki,Congo DR,MF,0,0,0,0,0,0,0.0,0.0,0,0,12,135,17,2,3,2,0,0,0,116,89,1,100,3,33,0,0,,,,148,9,96,43,109,39,0,20,47,242,6.86,420,141,33931.45,,,,,,,,0.0,297.0,1104.0,0.0,False
433076,285023_20014,Samuel Moutoussamy,Congo DR,MF,0,3,0,0,3,0,0.13,0.0,0,0,39,114,31,8,1,1,0,0,0,147,83,1,100,6,17,4,100,,,,146,8,79,59,109,37,1,14,62,320,7.17,613,169,42992.72,,,,,,,,0.0,360.0,1198.0,0.0,False
441317,285023_20014,Theo Bongonda,Congo DR,MF,0,1,0,1,0,0,0.04,0.0,1,0,1,19,2,0,1,0,0,0,0,13,69,2,0,2,0,0,0,,,,8,5,2,1,6,2,0,6,11,40,3.44,55,24,5477.05,,,,,,,,0.0,47.0,667.0,0.0,False
372424,285023_43938,Duje Caleta Car,Croatia,DF,0,0,0,0,0,0,0.0,0.0,0,0,0,0,0,0,0,0,0,0,0,0,0,0,0,0,0,0,0,,,,0,0,0,0,0,0,0,0,0,0,0.0,0,0,0.0,,,,,,,,0.0,0.0,261.0,0.0,False
433667,285023_43938,Josip Stanisic,Croatia,DF,0,0,0,0,0,0,0.0,0.0,0,0,19,75,17,0,3,0,0,0,0,162,86,5,20,9,67,3,100,,,,163,41,56,66,30,133,3,22,51,322,6.19,418,196,42580.9,,,,,,,,0.0,413.0,256.0,1.0,False
448171,285023_43938,Josip Sutalo,Croatia,DF,0,1,0,1,0,0,0.06,0.0,0,0,4,17,9,2,1,0,0,0,0,267,90,0,0,4,0,7,71,,,,41,0,2,39,22,19,0,2,43,570,5.96,410,118,40954.87,,,,,,,,0.0,413.0,1249.0,0.0,False
448180,285023_43938,Josko Gvardiol,Croatia,DF,0,1,0,1,0,0,0.18,0.0,0,0,2,24,6,2,3,0,0,0,0,89,87,0,0,7,57,2,50,,,,10,2,3,5,2,8,0,8,28,187,6.86,238,88,18796.01,,,,,,,,0.0,177.0,948.0,0.0,False
448164,285023_43938,Kristijan Jakic,Croatia,DF,0,0,0,0,0,0,0.0,0.0,0,0,0,0,0,0,0,0,0,0,0,0,0,0,0,0,0,0,0,,,,0,0,0,0,0,0,0,0,0,0,0.0,0,0,0.0,,,,,,,,0.0,0.0,261.0,0.0,False
499290,285023_43938,Luka Vuskovic,Croatia,DF,0,0,0,0,0,0,0.0,0.0,0,0,0,3,2,1,1,0,0,0,0,43,88,0,0,1,0,0,0,,,,8,0,1,7,5,3,0,0,2,94,1.47,81,21,7008.12,,,,,,,,0.0,71.0,731.0,0.0,False
448174,285023_43938,Marin Pongracic,Croatia,DF,0,1,0,1,0,1,0.05,0.0,0,0,6,13,7,3,0,0,0,0,0,200,91,0,0,1,0,1,100,,,,17,2,1,14,11,6,0,2,28,423,4.19,280,102,28983.18,,,,,,,,0.0,311.0,1160.0,0.0,False
389740,285023_43938,Martin Erlic,Croatia,DF,0,0,0,0,0,0,0.0,0.0,0,0,0,0,0,0,0,0,0,0,0,0,0,0,0,0,0,0,0,,,,0,0,0,0,0,0,0,0,0,0,0.0,0,0,0.0,,,,,,,,0.0,0.0,261.0,0.0,False
336472,285023_43938,Andrej Kramaric,Croatia,FW,0,1,0,0,1,0,0.01,0.0,0,0,0,24,1,0,0,0,0,0,1,20,85,2,0,2,50,0,0,,,,47,18,22,7,32,15,0,10,9,47,5.44,163,50,10055.36,,,,,,,,0.0,81.0,756.0,0.0,False
430070,285023_43938,Ante Budimir,Croatia,FW,1,3,33,3,0,1,0.46,2.18,0,0,13,76,13,6,4,0,0,0,0,10,60,0,0,2,0,0,0,,,,76,65,10,1,68,8,1,14,16,37,4.99,180,94,18722.29,60.0,316.0,288.0,5.6973395347595215,4.881691932678223,5.199741840362549,,1.0,168.0,105.0,0.0,True
485068,285023_43938,Igor Matanovic,Croatia,FW,2,4,0,3,1,2,0.12,0.0,0,0,6,49,10,4,3,0,0,0,1,14,79,0,0,0,0,0,0,,,,36,15,19,2,33,3,0,22,16,44,4.63,164,73,12766.79,,,,,,,,0.0,125.0,863.0,0.0,False
359381,285023_43938,Ivan Perisic,Croatia,FW,2,2,50,2,0,1,0.32,3.15,2,0,12,88,13,4,1,2,0,0,0,150,88,19,16,9,56,1,100,,,,135,67,47,21,34,101,10,44,57,335,6.04,452,183,41581.7,83.0,184.0,106.0,5.5156073570251465,5.471846103668213,6.049746036529541,,1.0,413.0,75.0,1.0,True
482931,285023_43938,Marco Pasalic,Croatia,FW,2,3,0,3,0,0,0.52,0.0,1,0,5,40,7,0,2,0,0,0,2,37,62,12,8,9,89,2,50,,,,42,21,17,4,9,33,6,33,32,115,5.44,142,82,12958.46,,,,,,,,0.0,114.0,843.0,0.0,False
389754,285023_43938,Petar Musa,Croatia,FW,1,1,100,1,0,0,0.34,2.91,0,0,9,76,11,1,1,0,0,0,0,11,64,0,0,3,33,0,0,,,,43,33,9,1,38,5,0,10,13,29,3.35,160,61,13217.92,,,,,,,,1.0,119.0,97.0,0.0,False
448179,285023_43938,Dominik Kotarski,Croatia,GK,0,0,0,0,0,0,0.0,0.0,0,0,0,0,0,0,0,0,0,0,0,0,0,0,0,0,0,0,0,0.0,0.0,0.0,0,0,0,0,0,0,0,0,0,0,0.0,0,0,0.0,,,,,,,,0.0,0.0,261.0,0.0,False
369029,285023_43938,Dominik Livakovic,Croatia,GK,0,0,0,0,0,0,0.0,0.0,0,0,0,0,0,0,1,0,0,0,0,129,74,0,0,0,0,0,0,12.0,80.0,68.0,5,0,0,5,2,3,0,0,8,235,2.52,30,5,17297.82,,,,,,,,0.0,413.0,1250.0,0.0,False
514526,285023_43938,Ivor Pandur,Croatia,GK,0,0,0,0,0,0,0.0,0.0,0,0,0,0,0,0,0,0,0,0,0,0,0,0,0,0,0,0,0,0.0,0.0,0.0,0,0,0,0,0,0,0,0,0,0,0.0,0,0,0.0,,,,,,,,0.0,0.0,261.0,0.0,False
241559,285023_43938,Luka Modric,Croatia,MF,0,1,0,1,0,1,0.05,0.0,7,0,16,48,12,4,3,1,0,0,0,248,91,9,44,9,44,2,100,,,,141,14,47,80,114,27,1,13,50,509,6.08,401,122,36541.56,,,,,,,,0.0,360.0,241.0,1.0,False
448160,285023_43938,Luka Sucic,Croatia,MF,0,1,0,0,1,0,0.04,0.0,0,0,1,7,0,0,0,0,0,0,0,3,33,0,0,1,0,0,0,,,,5,3,1,1,4,1,1,1,3,10,1.76,31,17,2774.75,,,,,,,,0.0,23.0,590.0,0.0,False
380005,285023_43938,Mario Pasalic,Croatia,MF,1,4,0,1,3,1,0.36,0.0,0,0,7,23,8,2,0,0,0,0,1,50,90,0,0,1,100,0,0,,,,31,3,17,11,23,8,0,9,22,119,6.43,218,78,16317.24,,,,,,,,0.0,158.0,914.0,0.0,False
482774,285023_43938,Martin Baturina,Croatia,MF,1,3,33,0,3,0,0.1,10.18,2,0,17,119,8,1,14,0,0,0,0,93,86,10,20,8,50,1,100,,,,119,40,62,17,59,60,3,53,74,240,6.58,489,175,37805.67,67.0,201.0,120.0,5.616047382354736,5.41038179397583,5.951844215393066,,1.0,344.0,149.0,0.0,True
339987,285023_43938,Mateo Kovacic,Croatia,MF,4,5,0,1,4,0,0.46,0.0,0,0,7,95,16,3,3,0,0,0,0,208,95,0,0,3,67,2,100,,,,88,4,27,57,60,28,1,15,86,442,6.73,354,108,32503.08,,,,,,,,0.0,293.0,230.0,1.0,False
389753,285023_43938,Nikola Moro,Croatia,MF,0,0,0,0,0,0,0.0,0.0,0,0,0,0,0,0,0,0,0,0,0,0,0,0,0,0,0,0,0,,,,0,0,0,0,0,0,0,0,0,0,0.0,0,0,0.0,,,,,,,,0.0,0.0,261.0,0.0,False
409191,285023_43938,Nikola Vlasic,Croatia,MF,1,3,33,2,1,1,0.2,5.07,0,0,14,82,9,5,0,0,0,0,2,40,83,3,67,3,67,0,0,,,,67,30,28,9,38,29,1,22,45,105,5.15,263,96,22011.41,,,,,,,,1.0,204.0,113.0,0.0,False
485066,285023_43938,Petar Sucic,Croatia,MF,2,3,33,1,2,0,0.14,7.07,0,0,11,152,25,7,6,1,0,0,1,127,87,6,17,5,20,1,100,,,,164,44,73,47,98,66,6,43,62,294,7.0,548,158,39444.7,55.0,275.0,169.0,5.77211332321167,5.098548889160156,5.762997150421143,,1.0,338.0,71.0,1.0,True
485065,285023_43938,Toni Fruk,Croatia,MF,0,0,0,0,0,0,0.0,0.0,0,0,0,0,0,0,0,0,0,0,0,0,0,0,0,0,0,0,0,,,,0,0,0,0,0,0,0,0,0,0,0.0,0,0,0.0,,,,,,,,0.0,0.0,261.0,0.0,False
511141,285023_1895293,Armando Obispo,Curaçao,DF,0,0,0,0,0,0,0.0,0.0,0,0,4,24,9,1,0,0,0,0,1,97,90,0,0,1,100,1,100,,,,16,0,4,12,8,8,0,1,21,214,5.34,189,65,26713.78,,,,,,,,0.0,300.0,1114.0,0.0,False
506471,285023_1895293,Deveron Fonville,Curaçao,DF,0,0,0,0,0,0,0.0,0.0,0,0,9,73,19,2,3,0,0,0,0,66,83,0,0,3,33,0,0,,,,17,5,8,4,3,14,0,9,53,151,5.89,239,132,25516.75,,,,,,,,0.0,260.0,1057.0,0.0,False
401023,285023_1895293,Joshua Brenet,Curaçao,DF,0,0,0,0,0,0,0.0,0.0,0,0,17,65,6,0,1,0,0,0,1,63,78,1,0,3,33,0,0,,,,44,18,20,6,8,36,1,10,32,121,3.96,191,97,19154.29,,,,,,,,0.0,193.0,972.0,0.0,False
431698,285023_1895293,Jurien Gaari,Curaçao,DF,0,2,0,1,1,1,0.11,0.0,0,0,8,30,14,4,1,1,0,0,0,54,76,0,0,1,0,0,0,,,,21,0,2,19,11,10,0,3,24,114,3.83,151,71,17250.25,,,,,,,,0.0,180.0,952.0,0.0,False
398569,285023_1895293,Riechedly Bazoer,Curaçao,DF,0,0,0,0,0,0,0.0,0.0,0,0,1,11,3,2,0,0,0,0,0,36,86,0,0,0,0,1,100,,,,18,0,3,15,9,9,0,1,4,71,1.69,60,15,8506.82,,,,,,,,0.0,100.0,809.0,0.0,False
466361,285023_1895293,Roshon Van Eijma,Curaçao,DF,0,0,0,0,0,0,0.0,0.0,0,0,1,5,3,0,0,0,0,0,0,1,100,0,0,0,0,0,0,,,,0,0,0,0,0,0,0,0,0,2,1.82,18,5,1852.02,,,,,,,,0.0,20.0,577.0,0.0,False
466350,285023_1895293,Sherel Floranus,Curaçao,DF,0,2,0,1,1,0,0.17,0.0,0,0,16,95,25,2,0,0,0,0,1,112,85,0,0,3,33,1,100,,,,33,10,11,12,14,19,0,8,42,232,5.97,320,116,29893.73,,,,,,,,0.0,300.0,1114.0,0.0,False
485379,285023_1895293,Shurandy Sambo,Curaçao,DF,0,0,0,0,0,0,0.0,0.0,0,0,0,0,0,0,0,0,0,0,0,3,100,0,0,0,0,0,0,,,,2,0,1,1,1,1,0,0,0,7,2.18,9,4,726.32,,,,,,,,0.0,6.0,516.0,0.0,False
466346,285023_1895293,Brandley Kuwas,Curaçao,FW,0,0,0,0,0,0,0.0,0.0,0,0,0,2,0,0,0,0,0,0,0,4,75,1,0,1,0,0,0,,,,5,3,2,0,2,3,0,6,2,11,2.51,16,7,839.63,,,,,,,,0.0,6.0,515.0,0.0,False
466372,285023_1895293,Gervane Kastaneer,Curaçao,FW,0,1,0,0,1,0,0.03,0.0,0,0,0,17,3,2,0,2,0,0,0,9,78,0,0,0,0,0,0,,,,12,11,1,0,8,4,0,7,6,19,5.92,44,21,4460.43,,,,,,,,0.0,45.0,660.0,0.0,False
466363,285023_1895293,Jearl Margaritha,Curaçao,FW,0,1,0,1,0,0,0.05,0.0,0,0,3,23,1,0,0,0,0,0,0,8,100,0,0,0,0,0,0,,,,17,11,6,0,9,8,2,7,9,19,4.54,62,36,5685.6,,,,,,,,0.0,50.0,681.0,0.0,False
424047,285023_1895293,Jeremy Antonisse,Curaçao,FW,0,1,0,1,0,0,0.05,0.0,2,0,1,39,3,0,0,0,0,0,0,35,71,6,50,2,0,1,100,,,,33,10,18,5,21,12,0,11,14,82,4.85,145,55,10361.23,,,,,,,,0.0,85.0,760.0,0.0,False
407680,285023_1895293,Juergen Locadia,Curaçao,FW,0,1,0,1,0,0,0.08,0.0,0,0,7,76,4,3,4,0,0,0,2,48,77,0,0,1,100,1,100,,,,67,47,20,0,44,23,2,42,42,108,5.71,227,92,23793.05,,,,,,,,0.0,250.0,1042.0,0.0,False
466352,285023_1895293,Kenji Gorre,Curaçao,FW,0,0,0,0,0,0,0.0,0.0,0,0,0,8,1,0,0,0,0,0,0,2,0,0,0,0,0,0,0,,,,2,0,2,0,1,1,0,3,1,5,2.2,32,8,2257.01,,,,,,,,0.0,20.0,578.0,0.0,False
424056,285023_1895293,Sontje Hansen,Curaçao,FW,1,1,0,0,1,0,0.03,0.0,0,0,2,31,1,0,0,0,0,0,0,6,83,0,0,0,0,0,0,,,,21,15,6,0,13,8,1,7,7,20,1.96,59,26,4910.75,,,,,,,,0.0,50.0,675.0,0.0,False
506473,285023_1895293,Tyrese Noslin,Curaçao,FW,0,0,0,0,0,0,0.0,0.0,0,0,0,7,2,0,2,0,0,0,0,9,56,3,33,1,0,0,0,,,,12,4,5,3,2,10,2,4,10,25,2.51,42,19,2453.07,,,,,,,,0.0,19.0,574.0,0.0,False
390650,285023_1895293,Eloy Room,Curaçao,GK,0,0,0,0,0,0,0.0,0.0,0,0,0,0,0,0,0,0,0,0,0,89,54,0,0,1,0,0,0,21.0,81.0,72.0,9,0,0,9,3,6,0,0,3,160,3.12,15,1,15611.7,,,,,,,,0.0,300.0,1114.0,0.0,False
466382,285023_1895293,Trevor Doornbusch,Curaçao,GK,0,0,0,0,0,0,0.0,0.0,0,0,0,0,0,0,0,0,0,0,0,0,0,0,0,0,0,0,0,0.0,0.0,0.0,0,0,0,0,0,0,0,0,0,0,0.0,0,0,0.0,,,,,,,,0.0,0.0,261.0,0.0,False
466370,285023_1895293,Tyrick Bodak,Curaçao,GK,0,0,0,0,0,0,0.0,0.0,0,0,0,0,0,0,0,0,0,0,0,0,0,0,0,0,0,0,0,0.0,0.0,0.0,0,0,0,0,0,0,0,0,0,0,0.0,0,0,0.0,,,,,,,,0.0,0.0,261.0,0.0,False
485324,285023_1895293,Arjany Martha,Curaçao,MF,0,0,0,0,0,0,0.0,0.0,0,0,0,0,0,0,0,0,0,0,0,0,0,0,0,0,0,0,0,,,,0,0,0,0,0,0,0,0,0,0,0.0,0,0,0.0,,,,,,,,0.0,0.0,261.0,0.0,False
466359,285023_1895293,Godfried Roemeratoe,Curaçao,MF,0,0,0,0,0,0,0.0,0.0,0,0,0,4,0,0,0,0,0,0,0,3,33,0,0,0,0,0,0,,,,0,0,0,0,0,0,0,0,1,7,2.36,19,6,1454.14,,,,,,,,0.0,12.0,534.0,0.0,False
466317,285023_1895293,Juninho Bacuna,Curaçao,MF,1,5,0,2,3,1,0.33,0.0,2,0,16,148,21,6,3,2,0,0,0,75,80,5,20,4,25,1,100,,,,45,13,27,5,25,20,4,36,71,201,6.17,305,142,28744.95,,,,,,,,0.0,280.0,1081.0,0.0,False
466365,285023_1895293,Kevin Felida,Curaçao,MF,0,0,0,0,0,0,0.0,0.0,0,0,0,0,0,0,0,0,0,0,0,0,0,0,0,0,0,0,0,,,,0,0,0,0,0,0,0,0,0,0,0.0,0,0,0.0,,,,,,,,0.0,0.0,261.0,0.0,False
466340,285023_1895293,Leandro Bacuna,Curaçao,MF,1,6,0,3,3,2,0.33,0.0,1,0,18,110,17,3,3,1,0,0,0,125,86,4,0,4,25,1,100,,,,62,5,33,24,41,21,0,24,60,291,5.88,315,88,29455.81,,,,,,,,0.0,300.0,1114.0,0.0,False
494989,285023_1895293,Livano Comenencia,Curaçao,MF,2,5,20,2,3,0,0.31,3.25,0,0,13,102,19,4,1,1,0,0,0,62,81,1,100,4,50,0,0,,,,69,6,42,21,50,19,1,11,44,160,6.88,342,117,28808.06,,,,,,,,1.0,253.0,122.0,0.0,False
485347,285023_1895293,Tahith Chong,Curaçao,MF,2,4,0,2,2,0,0.2,0.0,0,0,5,113,9,3,13,0,0,0,0,61,84,0,0,11,64,0,0,,,,116,31,78,7,73,43,4,38,78,169,6.14,293,107,27318.08,,,,,,,,0.0,267.0,1064.0,0.0,False
483936,285023_43995,David Doudera,Czechia,DF,0,4,0,1,3,0,0.05,0.0,0,0,1,23,0,0,1,0,0,0,0,47,72,4,25,3,0,0,0,,,,23,10,10,3,7,16,0,10,20,107,2.09,114,34,10486.58,,,,,,,,0.0,100.0,800.0,0.0,False
483990,285023_43995,David Jurasek,Czechia,DF,0,0,0,0,0,0,0.0,0.0,0,0,0,0,0,0,0,0,0,0,0,0,0,0,0,0,0,0,0,,,,0,0,0,0,0,0,0,0,0,0,0.0,0,0,0.0,,,,,,,,0.0,0.0,261.0,0.0,False
433755,285023_43995,David Zima,Czechia,DF,0,0,0,0,0,0,0.0,0.0,0,0,0,4,1,0,0,0,0,0,0,7,86,0,0,0,0,0,0,,,,2,0,1,1,1,1,0,0,1,16,2.36,23,9,2311.48,,,,,,,,0.0,19.0,571.0,0.0,False
441166,285023_43995,Jaroslav Zeleny,Czechia,DF,0,1,0,1,0,1,0.02,0.0,0,0,6,36,3,0,2,0,0,0,0,47,74,2,50,1,0,0,0,,,,21,8,11,2,6,15,2,15,11,105,4.33,162,69,15481.55,,,,,,,,0.0,142.0,886.0,0.0,False
441170,285023_43995,Ladislav Krejci,Czechia,DF,1,5,20,5,0,5,0.54,1.85,0,0,2,30,10,6,2,1,0,0,0,160,84,2,50,2,50,1,100,,,,44,4,3,37,18,26,1,9,43,333,6.46,373,81,32407.75,,,,,,,,1.0,301.0,138.0,0.0,False
486080,285023_43995,Robin Hranac,Czechia,DF,0,0,0,0,0,0,0.0,0.0,0,0,15,37,15,6,0,0,0,0,0,116,90,1,0,2,0,0,0,,,,11,2,1,8,6,5,0,1,13,249,5.86,311,94,29418.45,,,,,,,,0.0,301.0,1121.0,0.0,False
514334,285023_43995,Stepan Chaloupek,Czechia,DF,0,0,0,0,0,0,0.0,0.0,0,0,1,22,15,1,0,0,0,0,0,22,68,0,0,1,0,1,100,,,,4,0,0,4,0,4,0,1,9,54,2.18,141,46,10873.66,,,,,,,,0.0,99.0,798.0,0.0,False
441167,285023_43995,Tomas Holes,Czechia,DF,0,0,0,0,0,0,0.0,0.0,0,0,8,37,7,2,2,0,0,0,0,66,83,0,0,1,0,3,100,,,,12,2,0,10,3,9,0,2,15,146,4.11,203,58,17483.14,,,,,,,,0.0,169.0,932.0,0.0,False
472908,285023_43995,Vladimir Coufal,Czechia,DF,0,1,0,1,0,1,0.02,0.0,9,0,5,49,10,4,3,0,0,0,1,110,72,20,30,10,60,1,0,,,,86,42,29,15,11,75,3,27,44,252,6.82,443,154,34224.86,,,,,,,,0.0,301.0,233.0,1.0,False
433754,285023_43995,Adam Hlozek,Czechia,FW,1,3,0,2,1,0,0.31,0.0,0,0,6,92,7,4,4,0,0,0,0,26,69,1,100,1,100,0,0,,,,44,20,20,4,32,12,4,26,31,70,6.77,251,94,19420.45,,,,,,,,0.0,172.0,937.0,0.0,False
519985,285023_43995,Denis Visinsky,Czechia,FW,0,3,0,2,1,0,0.26,0.0,0,0,4,20,0,0,1,0,0,0,0,14,100,0,0,0,0,0,0,,,,18,3,10,5,7,11,1,5,5,40,2.33,92,46,6956.61,,,,,,,,0.0,59.0,704.0,0.0,False
441171,285023_43995,Jan Kuchta,Czechia,FW,0,0,0,0,0,0,0.0,0.0,0,0,0,0,0,0,0,0,0,0,0,0,0,0,0,0,0,0,0,,,,0,0,0,0,0,0,0,0,0,0,0.0,0,0,0.0,,,,,,,,0.0,0.0,261.0,0.0,False
484003,285023_43995,Mojmir Chytil,Czechia,FW,0,0,0,0,0,0,0.0,0.0,0,0,1,4,1,1,0,0,0,0,0,2,100,0,0,1,100,0,0,,,,2,2,0,0,1,1,0,2,2,4,2.6,17,8,1627.26,,,,,,,,0.0,12.0,540.0,0.0,False
401481,285023_43995,Patrik Schick,Czechia,FW,1,2,0,2,0,2,0.27,0.0,0,0,7,74,4,1,3,0,0,0,0,28,86,0,0,3,33,0,0,,,,44,23,21,0,34,10,0,27,32,75,6.81,251,76,22836.75,,,,,,,,0.0,199.0,981.0,0.0,False
486082,285023_43995,Pavel Sulc,Czechia,FW,0,2,0,0,2,0,0.03,0.0,0,0,6,104,12,2,1,0,0,0,1,51,76,1,100,3,0,0,0,,,,100,39,59,2,55,45,4,36,47,129,6.65,338,102,22856.82,,,,,,,,0.0,209.0,1003.0,0.0,False
483961,285023_43995,Tomas Chory,Czechia,FW,0,0,0,0,0,0,0.0,0.0,0,0,0,14,1,2,1,0,0,0,0,8,88,0,0,1,0,0,0,,,,13,7,6,0,8,5,0,6,4,18,4.49,55,28,4558.03,,,,,,,,0.0,43.0,655.0,0.0,False
441162,285023_43995,Jindrich Stanek,Czechia,GK,0,0,0,0,0,0,0.0,0.0,0,0,0,0,0,0,0,0,0,0,0,0,0,0,0,0,0,0,0,0.0,0.0,0.0,0,0,0,0,0,0,0,0,0,0,0.0,0,0,0.0,,,,,,,,0.0,0.0,261.0,0.0,False
511118,285023_43995,Lukas Hornicek,Czechia,GK,0,0,0,0,0,0,0.0,0.0,0,0,0,0,0,0,0,0,0,0,0,0,0,0,0,0,0,0,0,0.0,0.0,0.0,0,0,0,0,0,0,0,0,0,0,0.0,0,0,0.0,,,,,,,,0.0,0.0,261.0,0.0,False
484012,285023_43995,Matej Kovar,Czechia,GK,0,0,0,0,0,0,0.0,0.0,0,0,0,0,0,0,0,0,0,0,0,97,64,0,0,3,33,0,0,11.0,60.0,52.0,13,0,0,13,7,6,0,0,10,181,2.86,19,2,14358.61,,,,,,,,0.0,301.0,1121.0,0.0,False
523097,285023_43995,Alexandr Sojka,Czechia,MF,0,0,0,0,0,0,0.0,0.0,1,0,18,84,9,0,2,0,0,0,0,65,80,5,40,1,0,3,33,,,,66,10,36,20,26,40,0,24,44,155,8.04,321,108,19628.07,,,,,,,,0.0,155.0,199.0,1.0,False
506775,285023_43995,Hugo Sochurek,Czechia,MF,0,0,0,0,0,0,0.0,0.0,0,0,0,0,0,0,0,0,0,0,0,0,0,0,0,0,0,0,0,,,,0,0,0,0,0,0,0,0,0,0,0.0,0,0,0.0,,,,,,,,0.0,0.0,261.0,0.0,False
486081,285023_43995,Lukas Cerv,Czechia,MF,2,3,0,1,2,0,0.06,0.0,0,0,6,27,11,3,3,0,0,0,0,42,86,1,0,2,0,1,100,,,,67,2,28,37,54,13,0,4,18,97,4.24,204,53,18226.25,,,,,,,,0.0,172.0,938.0,0.0,False
484011,285023_43995,Lukas Provod,Czechia,MF,0,1,0,0,1,0,0.05,0.0,0,0,9,49,5,2,1,0,0,0,1,48,77,2,50,3,100,0,0,,,,50,31,15,4,24,26,2,24,20,109,6.94,228,88,16011.22,,,,,,,,0.0,137.0,879.0,0.0,False
433668,285023_43995,Michal Sadilek,Czechia,MF,3,7,14,5,2,1,0.7,1.42,5,0,10,75,4,0,3,0,0,0,0,84,82,11,18,4,50,2,100,,,,67,15,26,26,35,32,2,16,36,201,7.16,385,125,24212.55,,,,,,,,1.0,204.0,112.0,0.0,False
404885,285023_43995,Tomas Soucek,Czechia,MF,0,1,0,1,0,0,0.12,0.0,0,0,4,42,5,3,1,0,0,0,2,44,80,0,0,2,50,0,0,,,,27,3,16,8,20,7,0,5,17,99,7.02,264,57,17938.82,,,,,,,,0.0,152.0,903.0,0.0,False
358003,285023_43995,Vladimir Darida,Czechia,MF,0,1,0,1,0,0,0.01,0.0,0,0,10,34,1,0,1,0,0,0,0,18,78,0,0,1,0,0,0,,,,26,9,13,4,16,10,0,5,17,42,2.57,135,49,7507.52,,,,,,,,0.0,58.0,701.0,0.0,False
486260,285023_43854,Christopher Operi,Côte d'Ivoire,DF,0,0,0,0,0,0,0.0,0.0,0,0,4,20,3,2,0,0,0,0,0,78,90,1,0,3,33,0,0,,,,15,10,2,3,10,5,0,10,29,157,1.6,142,55,10698.42,,,,,,,,0.0,100.0,807.0,0.0,False
486268,285023_43854,Emmanuel Agbadou,Côte d'Ivoire,DF,1,3,0,1,2,1,0.05,0.0,0,0,4,28,8,0,0,0,0,0,0,154,92,0,0,1,0,0,0,,,,31,0,6,25,17,14,0,5,31,323,4.16,250,72,28516.79,246.0,86.0,324.0,4.612823009490967,6.07985258102417,5.030639171600342,,0.0,308.0,1147.0,0.0,True
419172,285023_43854,Evan Ndicka,Côte d'Ivoire,DF,0,0,0,0,0,0,0.0,0.0,0,0,0,0,0,0,0,0,0,0,0,0,0,0,0,0,0,0,0,,,,0,0,0,0,0,0,0,0,0,0,0.0,0,0,0.0,,,,,,,,0.0,0.0,261.0,0.0,False
407343,285023_43854,Ghislain Konan,Côte d'Ivoire,DF,0,4,0,3,1,0,0.28,0.0,0,0,14,67,12,0,1,0,0,0,0,149,83,9,22,9,44,2,100,,,,62,19,25,18,14,48,5,13,60,313,4.39,323,120,29623.54,170.0,181.0,81.0,4.817397594451904,5.489213466644287,6.1847662925720215,,0.0,303.0,1126.0,0.0,True
486317,285023_43854,Guela Doue,Côte d'Ivoire,DF,0,1,0,1,0,0,0.01,0.0,0,0,12,78,19,6,5,1,0,0,0,163,88,11,45,9,56,2,100,,,,85,29,38,18,26,59,3,28,73,343,6.19,353,132,31331.08,252.0,66.0,170.0,4.600255489349365,6.257724285125732,5.754080772399902,,0.0,311.0,1158.0,0.0,True
477825,285023_43854,Odilon Kossounou,Côte d'Ivoire,DF,0,0,0,0,0,0,0.0,0.0,0,0,2,15,6,0,1,0,0,0,0,149,95,0,0,1,100,0,0,,,,8,1,0,7,3,5,0,0,22,323,5.86,287,79,29901.79,351.0,99.0,317.0,4.178211688995361,6.013503074645996,5.04713773727417,,0.0,316.0,1176.0,0.0,True
477802,285023_43854,Ousmane Diomande,Côte d'Ivoire,DF,0,0,0,0,0,0,0.0,0.0,0,0,1,3,1,0,0,0,0,0,0,74,97,0,0,0,0,0,0,,,,9,0,0,9,2,7,0,0,1,148,1.35,75,24,8979.4,,,,,,,,0.0,100.0,807.0,0.0,False
430854,285023_43854,Wilfried Singo,Côte d'Ivoire,DF,0,2,0,2,0,0,0.14,0.0,0,0,13,24,12,3,1,0,0,0,0,92,86,1,0,0,0,0,0,,,,29,4,7,18,6,23,1,5,43,203,2.88,173,65,18230.23,,,,,,,,0.0,190.0,203.0,1.0,False
430822,285023_43854,Amad Diallo,Côte d'Ivoire,FW,4,8,25,6,2,0,1.44,1.39,4,0,8,54,12,0,2,0,0,0,1,73,95,7,29,4,100,1,100,,,,95,34,40,21,31,64,3,48,62,193,6.15,270,104,21888.37,10.0,281.0,36.0,6.683857440948486,5.075383186340332,6.664727687835693,,2.0,211.0,39.0,0.0,True
464103,285023_43854,Ange Yoan Bonny,Côte d'Ivoire,FW,1,1,0,0,1,0,0.05,0.0,0,0,7,123,7,1,3,0,0,0,1,30,87,3,33,0,0,0,0,,,,71,51,20,0,63,8,7,36,49,92,6.23,314,113,26951.82,,,,,,,,0.0,258.0,1054.0,0.0,False
506202,285023_43854,Bazoumana Toure,Côte d'Ivoire,FW,0,0,0,0,0,0,0.0,0.0,1,0,2,38,2,0,1,0,0,0,0,23,70,4,0,1,0,1,100,,,,32,16,16,0,8,24,3,13,22,69,4.99,131,53,10594.52,,,,,,,,0.0,94.0,784.0,0.0,False
464133,285023_43854,Elye Wahi,Côte d'Ivoire,FW,2,3,0,3,0,0,0.48,0.0,0,0,5,60,3,0,0,0,0,0,0,21,71,1,0,3,33,0,0,,,,56,37,19,0,49,7,3,24,22,55,4.51,154,63,13009.5,,,,,,,,0.0,127.0,867.0,0.0,False
485675,285023_43854,Evann Guessand,Côte d'Ivoire,FW,0,1,0,1,0,1,0.14,0.0,0,0,2,9,2,1,0,0,0,0,0,5,80,0,0,0,0,0,0,,,,3,2,1,0,3,0,0,8,7,14,2.82,32,14,2736.85,,,,,,,,0.0,27.0,605.0,0.0,False
402261,285023_43854,Nicolas Pepe,Côte d'Ivoire,FW,3,6,33,5,1,0,1.42,1.41,6,0,19,97,15,1,1,1,0,0,1,109,85,10,30,10,60,0,0,,,,136,51,64,21,88,48,8,59,57,267,6.05,289,154,25237.91,22.0,222.0,16.0,6.339755058288574,5.345263957977295,6.988800525665283,,2.0,255.0,26.0,1.0,True
477777,285023_43854,Oumar Diakite,Côte d'Ivoire,FW,0,0,0,0,0,0,0.0,0.0,0,0,3,11,1,0,0,0,0,0,0,19,89,1,0,3,33,0,0,,,,9,3,5,1,5,4,2,12,14,46,3.24,46,22,4173.12,,,,,,,,0.0,40.0,645.0,0.0,False
477778,285023_43854,Simon Adingra,Côte d'Ivoire,FW,0,0,0,0,0,0,0.0,0.0,1,0,0,11,1,0,0,0,0,0,0,10,90,1,100,0,0,0,0,,,,25,11,8,6,5,20,0,5,4,23,1.82,35,14,2769.08,,,,,,,,0.0,22.0,587.0,0.0,False
510922,285023_43854,Yan Diomande,Côte d'Ivoire,FW,0,4,0,3,1,1,0.26,0.0,11,0,20,121,20,2,7,0,0,0,0,142,89,21,24,15,53,1,100,,,,134,24,92,18,45,89,6,88,106,372,5.71,370,178,34347.31,107.0,242.0,29.0,5.268399238586426,5.272173404693604,6.758358478546143,,0.0,361.0,242.0,1.0,True
403090,285023_43854,Alban Lafont,Côte d'Ivoire,GK,0,0,0,0,0,0,0.0,0.0,0,0,0,0,0,0,0,0,0,0,0,0,0,0,0,0,0,0,0,0.0,0.0,0.0,0,0,0,0,0,0,0,0,0,0,0.0,0,0,0.0,,,,,,,,,,,0.0,False
486259,285023_43854,Mohamed Kone,Côte d'Ivoire,GK,0,0,0,0,0,0,0.0,0.0,0,0,0,0,0,0,0,0,0,0,0,0,0,0,0,0,0,0,0,0.0,0.0,0.0,0,0,0,0,0,0,0,0,0,0,0.0,0,0,0.0,,,,,,,,0.0,0.0,261.0,0.0,False
405873,285023_43854,Yahia Fofana,Côte d'Ivoire,GK,0,0,0,0,0,0,0.0,0.0,0,0,0,0,0,0,3,0,0,0,0,114,65,0,0,1,100,0,0,11.0,84.0,68.0,17,0,0,17,12,5,0,0,3,216,2.93,16,5,19966.03,,,,,,,,0.0,408.0,1240.0,0.0,False
514208,285023_43854,Christ Inao Oulai,Côte d'Ivoire,MF,0,2,0,1,1,0,0.13,0.0,0,0,21,82,20,3,5,0,0,0,0,125,92,0,0,4,100,3,100,,,,76,1,36,39,37,39,0,22,58,286,6.06,261,70,24246.36,154.0,43.0,64.0,4.881105899810791,6.445094585418701,6.28473424911499,,0.0,240.0,1038.0,0.0,True
371609,285023_43854,Franck Kessie,Côte d'Ivoire,MF,2,4,25,4,0,0,0.71,1.4,1,0,13,135,13,7,2,1,0,0,1,188,88,4,0,13,46,2,50,,,,130,27,59,44,101,29,4,31,83,413,6.8,553,184,44144.95,,,,,,,,1.0,389.0,155.0,0.0,False
430831,285023_43854,Ibrahim Sangare,Côte d'Ivoire,MF,0,1,0,0,1,0,0.0,0.0,0,0,23,114,29,2,4,0,0,0,0,190,91,1,0,4,50,1,100,,,,54,2,20,32,38,16,0,9,78,391,6.63,387,110,33681.96,173.0,84.0,140.0,4.811943054199219,6.108033180236816,5.878201484680176,,0.0,305.0,237.0,1.0,True
335807,285023_43854,Jean Michael Seri,Côte d'Ivoire,MF,0,0,0,0,0,0,0.0,0.0,2,0,0,5,1,0,0,0,0,0,0,17,94,3,0,2,50,0,0,,,,11,0,6,5,8,3,0,2,8,42,1.77,28,7,2281.37,,,,,,,,0.0,19.0,570.0,0.0,False
430834,285023_43854,Parfait Guiagon,Côte d'Ivoire,MF,0,0,0,0,0,0,0.0,0.0,0,0,0,0,0,0,0,0,0,0,0,0,0,0,0,0,0,0,0,,,,0,0,0,0,0,0,0,0,0,0,0.0,0,0,0.0,,,,,,,,0.0,0.0,261.0,0.0,False
405175,285023_43854,Seko Fofana,Côte d'Ivoire,MF,1,5,0,0,5,0,0.4,0.0,0,0,3,28,1,1,0,1,0,0,0,45,84,0,0,2,0,0,0,,,,24,4,16,4,18,6,1,6,29,106,3.37,168,54,11627.71,,,,,,,,0.0,103.0,819.0,0.0,False
402974,285023_43927,Angelo Preciado,Ecuador,DF,0,0,0,0,0,0,0.0,0.0,0,0,4,29,3,0,1,0,0,0,0,47,68,8,13,5,20,1,100,,,,29,11,10,8,4,25,3,16,22,106,6.31,144,61,14040.86,,,,,,,,0.0,137.0,878.0,0.0,False
402979,285023_43927,Felix Torres,Ecuador,DF,0,0,0,0,0,0,0.0,0.0,0,0,0,1,1,0,0,0,0,0,0,0,0,0,0,0,0,0,0,,,,0,0,0,0,0,0,0,0,0,0,1.15,5,0,989.25,,,,,,,,0.0,12.0,545.0,0.0,False
419003,285023_43927,Jackson Porozo,Ecuador,DF,0,0,0,0,0,0,0.0,0.0,0,0,2,2,0,2,0,1,0,0,0,12,100,0,0,0,0,0,0,,,,0,0,0,0,0,0,0,1,1,24,1.33,28,13,3226.38,,,,,,,,0.0,36.0,634.0,0.0,False
463465,285023_43927,Joel Ordonez,Ecuador,DF,0,2,0,2,0,1,0.26,0.0,0,0,7,18,5,1,1,0,0,0,0,113,89,0,0,2,50,1,100,,,,11,0,1,10,6,5,0,1,19,239,4.18,227,82,23576.79,257.0,91.0,303.0,4.589097499847412,6.064785957336426,5.115680694580078,,0.0,253.0,1045.0,0.0,True
389782,285023_43927,Pervis Estupinan,Ecuador,DF,0,0,0,0,0,0,0.0,0.0,0,0,2,25,3,3,0,0,0,0,0,61,90,3,0,3,0,0,0,,,,48,24,13,11,22,26,3,23,19,130,3.31,144,70,11017.23,,,,,,,,0.0,100.0,813.0,0.0,False
424031,285023_43927,Piero Hincapie,Ecuador,DF,0,3,0,3,0,3,0.4,0.0,1,0,11,80,29,5,4,1,1,0,0,189,85,15,13,13,31,0,0,,,,111,39,35,37,30,81,7,33,57,419,6.35,420,192,39830.97,364.0,98.0,358.0,3.478523731231689,6.015414714813232,4.42781400680542,,0.0,376.0,1204.0,0.0,True
448290,285023_43927,Willian Pacho,Ecuador,DF,1,1,0,1,0,1,0.11,0.0,0,0,10,51,12,3,2,0,0,0,0,238,91,0,0,2,0,0,0,,,,45,0,0,45,29,16,0,1,37,488,5.2,284,119,35347.02,293.0,19.0,351.0,4.496469020843506,6.878905296325684,4.677525997161865,,0.0,407.0,1237.0,0.0,True
463489,285023_43927,Yaimar Medina,Ecuador,DF,0,1,0,1,0,1,0.04,0.0,0,0,1,10,3,1,0,0,0,0,0,19,89,4,25,1,0,1,100,,,,16,5,7,4,5,11,1,10,5,51,1.52,58,28,5486.23,,,,,,,,0.0,53.0,693.0,0.0,False
373400,285023_43927,Enner Valencia,Ecuador,FW,6,10,0,9,1,2,1.53,0.0,0,0,8,91,11,4,7,0,0,0,2,40,83,1,0,1,0,0,0,,,,98,56,35,7,64,34,9,42,43,125,5.71,233,108,29489.89,,,,,,,,0.0,311.0,1161.0,0.0,False
419020,285023_43927,Gonzalo Plata,Ecuador,FW,5,8,13,4,4,1,1.16,0.86,4,0,14,135,11,5,4,1,0,0,0,147,80,9,11,8,38,1,100,,,,174,31,119,24,112,62,3,86,108,362,6.52,494,187,44302.06,82.0,208.0,166.0,5.518710136413574,5.39370584487915,5.769846439361572,,1.0,407.0,158.0,0.0,True
514326,285023_43927,Jeremy Arevalo,Ecuador,FW,0,0,0,0,0,0,0.0,0.0,0,0,0,0,0,0,0,0,0,0,0,0,0,0,0,0,0,0,0,,,,0,0,0,0,0,0,0,0,0,0,0.0,0,0,0.0,,,,,,,,0.0,0.0,261.0,0.0,False
405920,285023_43927,John Yeboah,Ecuador,FW,3,8,0,4,4,0,0.72,0.0,3,0,44,73,20,0,4,0,0,0,0,104,82,9,44,9,67,1,0,,,,114,39,55,20,43,71,3,52,86,262,5.74,395,169,31500.85,,,,,,,,0.0,330.0,1185.0,0.0,False
402985,285023_43927,Jordy Caicedo,Ecuador,FW,0,1,0,1,0,0,0.05,0.0,0,0,1,12,1,2,0,0,0,0,0,6,100,0,0,0,0,0,0,,,,5,4,1,0,3,2,0,9,9,20,4.6,44,22,4108.67,,,,,,,,0.0,40.0,644.0,0.0,False
448310,285023_43927,Kevin Rodriguez,Ecuador,FW,1,6,0,6,0,2,0.68,0.0,0,0,2,26,6,3,1,0,0,0,0,27,85,1,0,3,67,0,0,,,,49,33,15,1,38,11,3,35,35,79,6.3,187,89,15137.76,,,,,,,,0.0,146.0,198.0,1.0,False
448312,285023_43927,Nilson Angulo,Ecuador,FW,2,2,50,0,2,0,0.04,25.98,7,0,7,83,18,4,3,0,0,0,0,78,81,8,38,14,50,0,0,,,,65,28,26,11,22,43,2,43,55,193,6.36,274,136,25147.24,29.0,255.0,38.0,6.159590721130371,5.204077243804932,6.601485729217529,,1.0,240.0,117.0,0.0,True
448295,285023_43927,Gonzalo Valle,Ecuador,GK,0,0,0,0,0,0,0.0,0.0,0,0,0,0,0,0,0,0,0,0,0,0,0,0,0,0,0,0,0,0.0,0.0,0.0,0,0,0,0,0,0,0,0,0,0,0.0,0,0,0.0,,,,,,,,0.0,0.0,261.0,0.0,False
441236,285023_43927,Hernan Galindez,Ecuador,GK,0,0,0,0,0,0,0.0,0.0,0,0,0,0,0,0,0,0,0,0,0,105,67,0,0,5,60,0,0,12.0,68.0,63.0,29,0,0,29,21,8,0,0,2,191,2.51,25,3,17029.0,,,,,,,,0.0,407.0,1237.0,0.0,False
419002,285023_43927,Moises Ramirez,Ecuador,GK,0,0,0,0,0,0,0.0,0.0,0,0,0,0,0,0,0,0,0,0,0,0,0,0,0,0,0,0,0,0.0,0.0,0.0,0,0,0,0,0,0,0,0,0,0,0.0,0,0,0.0,,,,,,,,0.0,0.0,261.0,0.0,False
389784,285023_43927,Alan Franco,Ecuador,MF,0,0,0,0,0,0,0.0,0.0,0,0,9,40,14,7,0,2,0,0,0,148,95,4,0,3,33,0,0,,,,48,11,11,26,14,34,2,7,31,300,6.1,307,134,27468.83,341.0,55.0,293.0,4.260932445526123,6.352930545806885,5.170042991638184,,0.0,270.0,1073.0,0.0,True
463468,285023_43927,Alan Minda,Ecuador,MF,0,2,0,1,1,0,0.44,0.0,0,0,1,28,1,0,1,0,0,0,0,16,75,2,0,1,0,0,0,,,,32,16,16,0,12,20,2,10,14,43,1.55,80,31,6170.77,,,,,,,,0.0,59.0,705.0,0.0,False
448299,285023_43927,Anthony Valencia,Ecuador,MF,0,0,0,0,0,0,0.0,0.0,0,0,0,0,0,0,0,0,0,0,0,0,0,0,0,0,0,0,0,,,,0,0,0,0,0,0,0,0,0,0,0.0,0,0,0.0,,,,,,,,0.0,0.0,261.0,0.0,False
463476,285023_43927,Denil Castillo,Ecuador,MF,0,0,0,0,0,0,0.0,0.0,0,0,0,0,0,0,0,0,0,0,0,0,0,0,0,0,0,0,0,,,,0,0,0,0,0,0,0,0,0,0,0.0,0,0,0.0,,,,,,,,0.0,0.0,261.0,0.0,False
419005,285023_43927,Jordy Alcivar,Ecuador,MF,0,1,0,1,0,0,0.04,0.0,0,0,1,12,7,1,0,1,0,0,0,33,94,1,0,1,100,0,0,,,,17,4,3,10,10,7,0,1,19,77,1.54,63,23,5065.44,,,,,,,,0.0,49.0,673.0,0.0,False
463495,285023_43927,Kendry Paez,Ecuador,MF,0,0,0,0,0,0,0.0,0.0,0,0,2,7,3,1,0,1,0,0,0,10,90,0,0,0,0,0,0,,,,8,1,1,6,1,7,0,1,4,22,1.69,33,15,2319.6,,,,,,,,0.0,20.0,579.0,0.0,False
428885,285023_43927,Moises Caicedo,Ecuador,MF,1,4,0,1,3,1,0.19,0.0,8,0,16,83,28,5,4,1,0,0,0,295,89,16,44,13,54,3,100,,,,148,7,58,83,110,38,0,24,64,640,6.23,505,134,42353.4,286.0,95.0,181.0,4.518790721893311,6.039599895477295,5.7077484130859375,,0.0,407.0,1237.0,0.0,True
424036,285023_43927,Pedro Vite,Ecuador,MF,1,4,0,1,3,0,0.23,0.0,2,0,34,119,29,2,5,0,0,0,0,297,91,7,43,9,56,2,100,,,,261,11,108,142,153,108,1,27,83,640,6.38,648,177,43374.6,202.0,37.0,105.0,4.726470947265625,6.541030406951904,6.0500335693359375,,0.0,407.0,253.0,1.0,True
430477,285023_43855,Ahmed Fatouh,Egypt,DF,1,1,0,1,0,0,0.13,0.0,0,0,24,49,9,2,3,1,0,0,0,182,90,7,14,11,64,0,0,,,,77,19,25,33,21,56,2,23,57,370,4.91,408,166,32856.27,,,,,,,,0.0,301.0,1123.0,0.0,False
483182,285023_43855,Hossam Abdelmaguid,Egypt,DF,0,0,0,0,0,0,0.0,0.0,0,0,4,11,3,1,0,0,0,0,0,32,88,0,0,0,0,0,0,,,,5,0,0,5,4,1,0,0,7,71,2.69,62,26,6751.69,,,,,,,,0.0,73.0,735.0,0.0,False
407022,285023_43855,Karim Hafez,Egypt,DF,0,0,0,0,0,0,0.0,0.0,0,0,1,26,10,0,1,0,0,0,0,63,87,1,0,1,100,0,0,,,,23,4,10,9,5,18,3,2,24,128,3.64,109,42,9528.82,,,,,,,,0.0,91.0,193.0,1.0,False
416902,285023_43855,Mohamed Abdelmoneim,Egypt,DF,0,0,0,0,0,0,0.0,0.0,0,0,0,0,0,1,0,0,0,0,0,14,100,0,0,0,0,1,100,,,,6,0,1,5,1,5,0,0,3,32,4.11,26,10,1530.7,,,,,,,,0.0,15.0,557.0,0.0,False
408950,285023_43855,Mohamed Hany,Egypt,DF,0,4,0,0,4,0,0.09,0.0,0,2,9,58,9,2,1,0,0,0,0,237,87,15,20,7,71,1,100,,,,138,41,66,31,28,110,9,35,68,517,5.75,423,158,42176.04,,,,,,,,0.0,439.0,258.0,1.0,False
344661,285023_43855,Ramy Rabia,Egypt,DF,1,1,0,1,0,1,0.1,0.0,0,0,11,25,9,3,1,0,0,0,0,211,92,0,0,1,100,7,57,,,,76,4,2,70,44,32,1,1,21,456,5.96,341,103,31577.73,276.0,65.0,306.0,4.544260025024414,6.266149044036865,5.097377777099609,,0.0,324.0,1183.0,0.0,True
506124,285023_43855,Tarek Alaa,Egypt,DF,0,0,0,0,0,0,0.0,0.0,0,0,0,0,0,0,0,0,0,0,0,0,0,0,0,0,0,0,0,,,,0,0,0,0,0,0,0,0,0,0,0.0,0,0,0.0,,,,,,,,0.0,0.0,261.0,0.0,False
369267,285023_43855,Yasser Ibrahim,Egypt,DF,0,0,0,0,0,0,0.0,0.0,0,0,20,38,22,5,3,2,0,0,0,224,95,0,0,1,0,1,100,,,,84,0,3,81,48,36,0,2,23,458,5.83,434,153,41444.93,355.0,25.0,362.0,4.090831279754639,6.739145755767822,4.328176498413086,,0.0,425.0,1260.0,0.0,True
424106,285023_43855,Haissem Hassan,Egypt,FW,0,1,0,1,0,0,0.09,0.0,0,0,0,17,0,1,0,1,0,0,0,29,86,6,17,9,100,4,100,,,,49,3,20,26,8,41,2,3,4,75,1.62,79,27,6544.52,,,,,,,,0.0,59.0,706.0,0.0,False
495488,285023_43855,Hamza Abdelkarim,Egypt,FW,0,0,0,0,0,0,0.0,0.0,0,0,8,36,6,2,0,0,0,0,0,10,70,1,0,2,0,0,0,,,,21,17,4,0,17,4,1,6,6,30,6.65,120,56,9335.75,,,,,,,,0.0,83.0,758.0,0.0,False
430465,285023_43855,Ibrahim Adel,Egypt,FW,0,0,0,0,0,0,0.0,0.0,0,0,2,4,2,0,0,0,0,0,0,6,67,0,0,2,100,0,0,,,,10,3,6,1,2,8,0,4,1,12,2.13,18,8,1006.49,,,,,,,,0.0,7.0,517.0,0.0,False
344654,285023_43855,Mohamed Salah,Egypt,FW,4,9,11,7,2,1,0.95,1.05,14,0,17,100,8,3,9,0,0,0,1,112,80,16,19,9,44,0,0,,,,154,57,82,15,84,70,5,77,74,283,6.35,387,147,38075.5,52.0,290.0,24.0,5.831484794616699,5.002398014068604,6.850352764129639,,1.0,361.0,52.0,2.0,True
430476,285023_43855,Omar Marmoush,Egypt,FW,1,11,0,8,3,0,0.91,0.0,3,0,27,104,11,3,7,0,0,0,0,72,86,5,0,12,75,3,100,,,,163,73,76,14,92,71,5,56,81,206,5.74,307,153,33451.08,174.0,315.0,54.0,4.803040504455566,4.883936405181885,6.3582963943481445,,0.0,348.0,1193.0,0.0,True
363863,285023_43855,Trezeguet,Egypt,FW,3,6,17,4,2,2,0.58,1.73,0,0,6,34,3,3,2,0,0,0,0,78,83,2,0,5,40,1,100,,,,72,30,25,17,33,39,7,37,50,192,5.2,286,115,20212.14,40.0,274.0,111.0,5.950538635253906,5.107747077941895,5.995814800262451,,1.0,176.0,58.0,1.0,True
433461,285023_43855,Zizo,Egypt,FW,1,3,0,2,1,0,0.14,0.0,4,0,4,12,1,2,0,0,0,0,0,24,88,6,33,1,0,0,0,,,,42,12,21,9,18,24,3,13,11,63,5.05,90,46,8554.4,,,,,,,,0.0,78.0,749.0,0.0,False
395860,285023_43855,Mahdy Soliman,Egypt,GK,0,0,0,0,0,0,0.0,0.0,0,0,0,0,0,0,0,0,0,0,0,0,0,0,0,0,0,0,0,0.0,0.0,0.0,0,0,0,0,0,0,0,0,0,0,0.0,0,0,0.0,,,,,,,,0.0,0.0,261.0,0.0,False
512079,285023_43855,Mohamed Alaa,Egypt,GK,0,0,0,0,0,0,0.0,0.0,0,0,0,0,0,0,0,0,0,0,0,0,0,0,0,0,0,0,0,0.0,0.0,0.0,0,0,0,0,0,0,0,0,0,0,0.0,0,0,0.0,,,,,,,,0.0,0.0,261.0,0.0,False
408948,285023_43855,Mohamed Elshenawy,Egypt,GK,0,0,0,0,0,0,0.0,0.0,0,0,0,0,0,0,0,0,0,0,0,0,0,0,0,0,0,0,0,0.0,0.0,0.0,0,0,0,0,0,0,0,0,0,0,0.0,0,0,0.0,,,,,,,,,,,0.0,False
416906,285023_43855,Mostafa Shoubir,Egypt,GK,0,0,0,0,0,0,0.0,0.0,0,0,0,0,0,0,4,0,0,0,0,116,78,0,0,3,0,0,0,10.0,92.0,79.0,15,0,0,15,9,6,0,0,2,196,3.22,45,10,23577.35,,,,,,,,0.0,439.0,1266.0,0.0,False
430482,285023_43855,Emam Ashour,Egypt,MF,2,10,20,5,5,1,1.06,1.89,4,0,18,63,12,2,11,0,0,0,0,182,87,3,0,6,67,3,100,,,,214,49,104,61,105,109,5,45,71,413,6.57,461,166,37645.06,31.0,146.0,165.0,6.123448371887207,5.738740921020508,5.771111011505127,,2.0,344.0,44.0,0.0,True
429095,285023_43855,Hamdy Fathy,Egypt,MF,0,0,0,0,0,0,0.0,0.0,0,0,5,44,15,2,2,0,0,0,1,112,93,1,0,3,0,3,100,,,,36,3,4,29,17,19,0,8,27,237,4.63,255,78,21237.73,,,,,,,,0.0,204.0,993.0,0.0,False
483183,285023_43855,Mahmoud Saber,Egypt,MF,1,3,33,1,2,0,0.16,6.15,0,0,3,10,1,2,1,1,0,0,0,34,88,1,100,1,0,0,0,,,,50,2,14,34,26,24,0,3,10,80,3.42,123,30,6589.64,,,,,,,,1.0,51.0,81.0,0.0,False
461788,285023_43855,Marawan Attia,Egypt,MF,1,4,0,1,3,0,0.05,0.0,0,0,15,114,20,4,1,1,0,0,0,307,88,7,43,14,50,8,100,,,,174,4,47,123,105,69,0,17,106,648,6.9,658,205,44690.71,,,,,,,,0.0,388.0,1207.0,0.0,False
433469,285023_43855,Mohanad Lashin,Egypt,MF,0,2,0,1,1,1,0.12,0.0,0,0,11,93,31,4,3,2,0,0,0,156,90,2,0,5,40,5,100,,,,97,2,20,75,48,49,1,11,47,333,6.57,412,125,33745.3,283.0,12.0,291.0,4.5272393226623535,7.033745765686035,5.1827239990234375,,0.0,308.0,1146.0,0.0,True
483161,285023_43855,Mostafa Zico,Egypt,MF,2,7,14,6,1,2,0.61,1.63,0,0,12,142,27,6,5,0,0,0,2,71,68,2,50,6,33,1,100,,,,141,75,51,15,85,56,6,53,49,184,7.43,567,184,38737.42,76.0,219.0,171.0,5.565308094024658,5.355421543121338,5.749885082244873,,1.0,312.0,67.0,1.0,True
433466,285023_43855,Nabil Donga,Egypt,MF,0,0,0,0,0,0,0.0,0.0,0,0,0,0,0,0,0,0,0,0,0,0,0,0,0,0,0,0,0,,,,0,0,0,0,0,0,0,0,0,0,0.0,0,0,0.0,,,,,,,,0.0,0.0,261.0,0.0,False
494345,285023_43942,Dan Burn,England,DF,0,0,0,0,0,0,0.0,0.0,0,0,0,0,0,0,0,0,0,0,0,0,0,0,0,0,0,0,0,,,,0,0,0,0,0,0,0,0,0,0,0.0,0,0,0.0,,,,,,,,0.0,0.0,261.0,0.0,False
506329,285023_43942,Djed Spence,England,DF,1,1,0,1,0,0,0.6,0.0,0,0,8,37,8,1,2,0,0,0,0,114,91,7,0,5,80,0,0,,,,108,29,36,43,26,82,7,12,37,249,6.3,187,107,20212.2,223.0,56.0,125.0,4.648728370666504,6.346854209899902,5.924130916595459,,0.0,198.0,978.0,0.0,True
403049,285023_43942,Ezri Konsa,England,DF,1,2,0,2,0,1,0.26,0.0,0,0,7,26,13,7,8,0,0,0,0,335,97,0,0,2,100,3,67,,,,87,2,3,82,55,32,0,2,42,683,5.88,397,119,39817.07,311.0,79.0,269.0,4.442561149597168,6.159645080566406,5.300755977630615,,0.0,406.0,1232.0,0.0,True
463809,285023_43942,Jarell Quansah,England,DF,0,0,0,0,0,0,0.0,0.0,0,0,12,8,4,0,0,1,0,0,0,47,91,0,0,1,0,1,0,,,,6,4,0,2,2,4,0,2,10,93,1.54,78,34,6593.19,,,,,,,,0.0,65.0,716.0,0.0,False
369434,285023_43942,John Stones,England,DF,0,0,0,0,0,0,0.0,0.0,0,0,2,6,1,1,1,0,0,0,0,64,94,0,0,0,0,0,0,,,,5,0,0,5,3,2,0,0,5,131,2.76,126,38,9936.5,,,,,,,,0.0,98.0,793.0,0.0,False
405841,285023_43942,Marc Guehi,England,DF,0,1,0,1,0,1,0.15,0.0,0,0,4,13,4,2,10,0,0,0,0,281,99,0,0,5,100,4,75,,,,50,1,2,47,24,26,0,1,19,569,6.37,353,107,31854.51,282.0,24.0,193.0,4.528501987457275,6.757166862487793,5.657615661621094,,0.0,313.0,1172.0,0.0,True
463780,285023_43942,Nico Oreilly,England,DF,1,6,0,6,0,5,0.85,0.0,0,0,6,78,18,6,2,0,0,0,0,159,93,3,33,3,67,1,100,,,,158,39,54,65,72,86,4,21,65,347,6.46,408,170,36333.24,279.0,63.0,212.0,4.534195423126221,6.27913761138916,5.580386161804199,,0.0,334.0,1187.0,0.0,True
439641,285023_43942,Reece James,England,DF,0,1,0,0,1,0,0.04,0.0,0,0,3,26,12,1,0,0,0,0,0,118,93,7,29,6,50,2,50,,,,104,20,34,50,46,58,3,12,25,256,2.95,187,79,20103.63,,,,,,,,0.0,204.0,992.0,0.0,False
439691,285023_43942,Trevoh Chalobah,England,DF,0,0,0,0,0,0,0.0,0.0,0,0,0,0,0,0,0,0,0,0,0,0,0,0,0,0,0,0,0,,,,0,0,0,0,0,0,0,0,0,0,0.0,0,0,0.0,,,,,,,,0.0,0.0,261.0,0.0,False
448189,285023_43942,Anthony Gordon,England,FW,2,4,0,4,0,2,0.33,0.0,0,0,10,55,5,2,3,0,0,0,0,56,91,5,20,8,88,0,0,,,,106,41,47,18,39,67,3,45,62,144,4.58,211,116,18873.96,84.0,306.0,15.0,5.496654510498047,4.911612510681152,7.012998104095459,,0.0,185.0,172.0,2.0,True
448196,285023_43942,Bukayo Saka,England,FW,1,5,0,4,1,1,0.29,0.0,3,0,3,25,7,1,5,0,0,0,2,51,80,11,9,5,60,0,0,,,,45,26,11,8,21,24,10,35,32,147,6.46,212,85,16814.25,71.0,151.0,13.0,5.593658924102783,5.687984466552734,7.0522637367248535,,0.0,157.0,171.0,2.0,True
369419,285023_43942,Harry Kane,England,FW,9,18,28,16,2,4,2.66,1.88,0,0,18,152,12,5,6,0,0,0,1,59,75,1,0,6,67,1,100,,,,87,24,46,17,74,13,4,44,52,169,6.63,514,168,43443.8,4.0,259.0,326.0,7.4719929695129395,5.18643856048584,5.012503623962402,,5.0,394.0,4.0,0.0,True
448198,285023_43942,Ivan Toney,England,FW,0,0,0,0,0,0,0.0,0.0,0,0,0,0,0,0,0,0,0,0,0,0,0,0,0,0,0,0,0,,,,0,0,0,0,0,0,0,0,0,0,0.0,0,0,0.0,,,,,,,,0.0,0.0,261.0,0.0,False
401470,285023_43942,Marcus Rashford,England,FW,3,9,11,7,2,2,0.94,1.06,0,0,1,47,3,5,1,0,0,0,1,83,87,15,13,15,73,1,100,,,,120,70,37,13,30,90,13,58,63,226,6.86,232,117,22644.71,68.0,340.0,5.0,5.615632057189941,4.720715522766113,7.270668983459473,,1.0,203.0,109.0,0.0,True
489732,285023_43942,Noni Madueke,England,FW,1,6,0,4,2,0,0.61,0.0,0,0,8,66,13,1,3,0,0,0,0,77,84,19,42,12,75,0,0,,,,143,64,62,17,32,111,15,56,39,232,5.94,302,124,26039.3,139.0,221.0,44.0,4.935810089111328,5.350631237030029,6.532773494720459,,0.0,266.0,1062.0,0.0,True
448203,285023_43942,Ollie Watkins,England,FW,0,0,0,0,0,0,0.0,0.0,0,0,0,4,1,0,0,0,0,0,0,1,100,1,0,1,100,0,0,,,,5,4,1,0,4,1,1,1,2,4,1.91,26,9,1546.81,,,,,,,,0.0,12.0,532.0,0.0,False
403046,285023_43942,Dean Henderson,England,GK,0,0,0,0,0,0,0.0,0.0,0,0,0,0,0,0,0,0,0,0,0,0,0,0,0,0,0,0,0,0.0,0.0,0.0,0,0,0,0,0,0,0,0,0,0,0.0,0,0,0.0,,,,,,,,0.0,0.0,261.0,0.0,False
485080,285023_43942,James Trafford,England,GK,0,0,0,0,0,0,0.0,0.0,0,0,0,0,0,0,0,0,0,0,0,0,0,0,0,0,0,0,0,0.0,0.0,0.0,0,0,0,0,0,0,0,0,0,0,0.0,0,0,0.0,,,,,,,,0.0,0.0,261.0,0.0,False
336022,285023_43942,Jordan Pickford,England,GK,0,0,0,0,0,0,0.0,0.0,0,0,0,0,0,0,3,0,0,0,0,148,80,0,0,5,60,2,50,6.0,53.0,43.0,38,0,0,38,26,12,0,0,5,296,3.5,82,18,23685.82,,,,,,,,0.0,406.0,1232.0,0.0,False
433097,285023_43942,Declan Rice,England,MF,1,4,0,3,1,1,0.21,0.0,22,0,6,37,7,2,0,1,0,0,0,141,91,31,35,8,50,1,100,,,,103,25,35,43,65,38,3,23,71,330,5.05,368,131,31053.39,169.0,134.0,49.0,4.817442417144775,5.777356147766113,6.401393890380859,,0.0,277.0,222.0,1.0,True
473113,285023_43942,Eberechi Eze,England,MF,0,1,0,0,1,0,0.05,0.0,0,0,1,12,0,0,2,0,0,0,0,24,79,1,100,3,100,0,0,,,,38,15,17,6,31,7,1,13,19,54,4.84,96,37,8163.72,,,,,,,,0.0,75.0,742.0,0.0,False
481610,285023_43942,Elliot Anderson,England,MF,1,7,0,3,4,2,0.38,0.0,3,0,25,95,35,6,9,0,0,0,0,265,90,5,40,14,71,3,67,,,,228,7,48,173,170,58,2,9,118,586,6.91,592,175,42763.51,199.0,13.0,124.0,4.732633113861084,6.997947692871094,5.928210735321045,,0.0,371.0,245.0,1.0,True
356189,285023_43942,Jordan Henderson,England,MF,0,0,0,0,0,0,0.0,0.0,1,0,0,4,0,0,1,0,0,0,0,13,92,1,0,0,0,0,0,,,,22,1,4,17,20,2,1,0,5,27,2.19,35,6,1790.68,,,,,,,,0.0,12.0,535.0,0.0,False
448202,285023_43942,Jude Bellingham,England,MF,6,9,22,8,1,2,1.1,1.83,0,0,14,91,13,4,6,1,0,0,1,131,86,9,11,12,50,3,100,,,,310,75,168,67,238,72,7,53,104,327,6.43,483,219,36539.14,19.0,130.0,113.0,6.400023460388184,5.8106536865234375,5.99330997467041,,2.0,340.0,33.0,1.0,True
482621,285023_43942,Kobbie Mainoo,England,MF,0,0,0,0,0,0,0.0,0.0,0,0,0,0,0,0,0,0,0,0,0,0,0,0,0,0,0,0,0,,,,0,0,0,0,0,0,0,0,0,0,0.0,0,0,0.0,,,,,,,,0.0,0.0,261.0,0.0,False
492716,285023_43942,Morgan Rogers,England,MF,0,0,0,0,0,0,0.0,0.0,0,0,12,59,11,3,2,0,0,0,1,52,77,2,0,7,71,0,0,,,,96,45,35,16,72,24,3,31,41,113,5.58,222,105,17754.82,,,,,,,,0.0,146.0,894.0,0.0,False
389876,285023_43946,Dayot Upamecano,France,DF,0,2,0,2,0,1,0.14,0.0,0,0,13,37,21,5,3,0,0,0,0,310,93,0,0,6,67,3,100,,,,83,2,3,78,39,44,0,5,67,689,5.97,396,148,48068.01,325.0,1.0,325.0,4.359023571014404,7.731297016143799,5.016387939453125,,0.0,483.0,1280.0,0.0,True
419166,285023_43946,Ibrahima Konate,France,DF,0,0,0,0,0,0,0.0,0.0,0,0,1,2,2,0,0,0,0,0,0,11,91,0,0,0,0,0,0,,,,3,0,0,3,2,1,0,0,0,24,1.19,18,3,1968.45,,,,,,,,0.0,19.0,575.0,0.0,False
430707,285023_43946,Jules Kounde,France,DF,0,1,0,1,0,0,0.0,0.0,0,0,27,81,20,2,4,0,0,0,1,267,90,12,8,5,20,0,0,,,,195,92,42,61,82,113,8,48,57,571,6.31,575,216,48793.78,354.0,70.0,226.0,4.110227584838867,6.215023040771484,5.503429412841797,,0.0,464.0,1277.0,0.0,True
368860,285023_43946,Lucas Digne,France,DF,1,1,0,0,1,0,0.02,0.0,0,0,12,26,3,3,1,0,0,0,0,170,88,10,10,4,50,0,0,,,,60,32,16,12,13,47,5,25,31,357,3.79,326,119,29520.76,,,,,,,,0.0,280.0,1082.0,0.0,False
411470,285023_43946,Lucas Hernandez,France,DF,0,0,0,0,0,0,0.0,0.0,0,0,0,0,0,0,0,0,0,0,0,0,0,0,0,0,0,0,0,,,,0,0,0,0,0,0,0,0,0,0,0.0,0,0,0.0,,,,,,,,0.0,0.0,261.0,0.0,False
464055,285023_43946,Malo Gusto,France,DF,0,0,0,0,0,0,0.0,0.0,0,0,0,7,5,2,0,0,0,0,0,27,96,0,0,0,0,1,100,,,,19,6,7,6,4,15,0,5,4,56,3.96,39,16,4211.0,,,,,,,,0.0,38.0,636.0,0.0,False
405881,285023_43946,Maxence Lacroix,France,DF,0,0,0,0,0,0,0.0,0.0,0,0,1,6,3,2,0,0,0,0,1,46,93,0,0,0,0,0,0,,,,7,0,2,5,4,3,0,0,3,91,1.12,90,26,9363.51,,,,,,,,0.0,100.0,804.0,0.0,False
408042,285023_43946,Theo Hernandez,France,DF,0,3,0,1,2,0,0.12,0.0,0,0,25,41,7,2,3,0,0,0,0,109,95,3,33,2,50,1,100,,,,42,19,15,8,18,24,1,10,26,238,3.78,221,92,22364.76,,,,,,,,0.0,222.0,1019.0,0.0,False
419177,285023_43946,William Saliba,France,DF,0,1,0,1,0,1,0.06,0.0,0,0,12,23,12,3,0,0,0,0,0,248,98,0,0,1,0,2,100,,,,46,1,0,45,23,23,1,2,22,519,4.57,315,131,38298.57,315.0,17.0,356.0,4.421422481536865,6.890011787414551,4.469353199005127,,0.0,402.0,1222.0,0.0,True
484860,285023_43946,Bradley Barcola,France,FW,3,6,33,5,1,1,1.28,1.56,0,0,14,87,13,3,0,1,0,0,1,85,89,5,20,8,75,0,0,,,,87,49,24,14,41,46,10,70,64,226,6.03,219,108,29556.14,35.0,144.0,94.0,6.093977928161621,5.742942333221436,6.13118314743042,,2.0,297.0,31.0,1.0,True
464114,285023_43946,Desire Doue,France,FW,5,8,13,2,6,1,0.41,2.41,1,0,9,110,15,1,4,0,0,0,0,120,84,3,33,9,56,1,100,,,,126,40,54,32,41,85,10,50,48,294,6.66,359,165,30522.06,69.0,113.0,82.0,5.614284992218018,5.89695930480957,6.181582450866699,,1.0,277.0,130.0,0.0,True
403094,285023_43946,Jean Philippe Mateta,France,FW,0,1,0,1,0,0,0.15,0.0,0,0,0,13,2,1,0,0,0,0,0,2,100,0,0,0,0,0,0,,,,7,6,1,0,4,3,1,0,3,6,3.04,22,14,2380.43,,,,,,,,0.0,18.0,567.0,0.0,False
389867,285023_43946,Kylian Mbappe,France,FW,17,26,27,17,9,0,3.87,1.81,4,0,15,102,10,5,6,0,0,0,2,153,88,6,17,19,84,9,89,,,,271,124,89,58,182,89,19,104,119,411,5.33,336,160,42709.27,1.0,341.0,3.0,8.85826301574707,4.696123600006104,7.499510765075684,,7.0,482.0,1.0,2.0,True
403109,285023_43946,Marcus Thuram,France,FW,0,0,0,0,0,0,0.0,0.0,0,0,0,0,0,0,0,0,0,0,0,0,0,0,0,0,0,0,0,,,,3,3,0,0,3,0,0,0,0,0,1.66,5,2,295.8,,,,,,,,0.0,2.0,506.0,0.0,False
485655,285023_43946,Michael Olise,France,FW,5,14,0,7,7,0,1.61,0.0,17,0,26,154,14,3,9,1,0,0,0,275,88,15,20,21,81,1,100,,,,231,39,132,60,157,74,5,77,159,623,7.24,632,241,52521.25,72.0,228.0,1.0,5.590426445007324,5.321447372436523,8.186074256896973,,0.0,437.0,164.0,5.0,True
398680,285023_43946,Ousmane Dembele,France,FW,5,12,33,8,4,0,1.14,3.52,13,0,18,150,6,0,2,0,0,0,2,200,82,26,8,19,63,3,100,,,,122,37,54,31,42,80,10,111,101,499,6.18,477,147,40236.93,7.0,328.0,21.0,7.075489044189453,4.82135820388794,6.872978687286377,,4.0,391.0,5.0,2.0,True
483471,285023_43946,Brice Samba,France,GK,0,0,0,0,0,0,0.0,0.0,0,0,0,0,0,0,0,0,0,0,0,0,0,0,0,0,0,0,0,0.0,0.0,0.0,0,0,0,0,0,0,0,0,0,0,0.0,0,0,0.0,,,,,,,,0.0,0.0,261.0,0.0,False
448332,285023_43946,Mike Maignan,France,GK,0,0,0,0,0,0,0.0,0.0,0,0,0,0,0,0,2,0,0,0,0,148,77,0,0,3,33,1,100,10.0,59.0,47.0,27,0,0,27,17,10,0,0,5,279,3.1,61,5,26002.36,,,,,,,,0.0,502.0,1282.0,0.0,False
464127,285023_43946,Robin Risser,France,GK,0,0,0,0,0,0,0.0,0.0,0,0,0,0,0,0,0,0,0,0,0,0,0,0,0,0,0,0,0,0.0,0.0,0.0,0,0,0,0,0,0,0,0,0,0,0.0,0,0,0.0,,,,,,,,,,,0.0,False
402047,285023_43946,Adrien Rabiot,France,MF,1,6,0,2,4,1,0.77,0.0,0,0,7,68,18,7,2,0,0,0,0,244,92,1,0,10,80,1,100,,,,130,38,31,61,90,40,6,20,73,532,5.32,519,158,44604.05,228.0,48.0,90.0,4.641147136688232,6.401098251342773,6.144330024719238,,0.0,402.0,251.0,1.0,True
405893,285023_43946,Aurelien Tchouameni,France,MF,0,2,0,0,2,0,0.06,0.0,0,0,7,47,14,4,2,1,0,0,0,195,96,1,0,1,100,2,100,,,,128,1,25,102,98,30,1,7,48,411,3.97,462,114,33560.45,,,,,,,,0.0,304.0,235.0,1.0,False
485666,285023_43946,Maghnes Akliouche,France,MF,0,0,0,0,0,0,0.0,0.0,0,0,0,8,2,0,0,0,0,0,0,7,71,2,0,0,0,0,0,,,,11,3,5,3,7,4,0,2,4,20,1.66,24,5,1369.75,,,,,,,,0.0,10.0,526.0,0.0,False
485677,285023_43946,Manu Kone,France,MF,2,5,0,1,4,0,0.16,0.0,0,0,18,51,14,4,4,1,0,0,0,198,93,0,0,2,100,0,0,,,,57,2,11,44,41,16,1,5,66,438,3.79,386,82,31433.26,,,,,,,,0.0,299.0,1107.0,0.0,False
398681,285023_43946,Ngolo Kante,France,MF,0,0,0,0,0,0,0.0,0.0,0,0,0,0,0,0,0,0,0,0,0,0,0,0,0,0,0,0,0,,,,0,0,0,0,0,0,0,0,0,0,0.0,0,0,0.0,,,,,,,,0.0,0.0,261.0,0.0,False
431861,285023_43946,Rayan Cherki,France,MF,0,0,0,0,0,0,0.0,0.0,1,0,6,63,9,2,1,0,0,0,0,57,88,2,0,5,60,1,100,,,,32,4,20,8,23,9,2,15,28,125,7.52,179,62,11740.08,,,,,,,,0.0,94.0,785.0,0.0,False
483549,285023_43946,Warren Zaire Emery,France,MF,0,0,0,0,0,0,0.0,0.0,0,0,0,0,0,0,0,0,0,0,0,0,0,0,0,0,0,0,0,,,,0,0,0,0,0,0,0,0,0,0,0.0,0,0,0.0,,,,,,,,0.0,0.0,261.0,0.0,False
379955,285023_43948,Antonio Ruediger,Germany,DF,0,1,0,0,1,0,0.04,0.0,0,0,5,14,4,1,0,0,0,0,0,246,93,1,0,4,25,0,0,,,,11,0,1,10,5,6,0,2,19,514,5.87,258,72,28802.14,290.0,92.0,331.0,4.505339622497559,6.062807559967041,4.97088098526001,,0.0,300.0,1119.0,0.0,True
430657,285023_43948,David Raum,Germany,DF,1,1,0,1,0,0,0.04,0.0,2,0,18,29,8,2,0,0,0,0,0,52,85,14,21,4,50,1,0,,,,54,27,14,13,18,36,4,13,15,134,3.53,198,85,13697.63,,,,,,,,0.0,123.0,859.0,0.0,False
401378,285023_43948,Jonathan Tah,Germany,DF,1,1,0,1,0,1,0.03,0.0,0,0,5,27,9,5,1,0,0,0,0,375,97,1,0,3,100,1,100,,,,52,2,1,49,37,15,0,4,59,794,6.1,392,119,42610.17,,,,,,,,0.0,419.0,1258.0,0.0,False
386413,285023_43948,Joshua Kimmich,Germany,DF,1,5,0,1,4,0,0.15,0.0,15,0,26,55,9,0,7,0,0,0,0,368,91,25,20,9,56,2,100,,,,100,6,21,73,45,55,1,10,73,778,6.79,518,157,44638.55,159.0,28.0,77.0,4.856651782989502,6.664299488067627,6.231894016265869,,0.0,392.0,178.0,2.0,True
514188,285023_43948,Malick Thiaw,Germany,DF,0,0,0,0,0,0,0.0,0.0,0,0,3,7,3,1,1,0,0,0,0,38,87,0,0,0,0,0,0,,,,1,0,0,1,0,1,0,2,12,80,3.0,69,20,5108.07,,,,,,,,0.0,50.0,677.0,0.0,False
511015,285023_43948,Nathaniel Brown,Germany,DF,2,3,33,3,0,0,0.21,4.87,11,0,3,64,21,4,1,0,0,0,0,131,88,19,32,6,67,0,0,,,,152,60,55,37,62,90,8,41,65,304,4.93,354,129,34794.69,94.0,209.0,141.0,5.3863911628723145,5.383767604827881,5.875782489776611,,1.0,319.0,69.0,1.0,True
430667,285023_43948,Nico Schlotterbeck,Germany,DF,2,2,50,2,0,2,0.25,4.01,0,0,18,7,6,2,1,0,0,0,0,123,89,0,0,3,67,4,75,,,,22,0,1,21,5,17,0,6,33,272,3.07,158,40,15443.46,,,,,,,,1.0,152.0,103.0,0.0,False
430658,285023_43948,Waldemar Anton,Germany,DF,1,1,0,1,0,1,0.11,0.0,0,0,1,13,3,3,1,0,0,0,1,30,97,2,0,0,0,0,0,,,,15,4,3,8,2,13,0,2,7,70,3.37,98,35,7334.85,,,,,,,,0.0,66.0,720.0,0.0,False
484851,285023_43948,Deniz Undav,Germany,FW,4,6,50,5,1,0,1.43,2.1,0,0,6,53,7,3,0,0,0,0,0,31,74,2,0,4,50,0,0,,,,19,12,7,0,13,6,5,27,30,85,6.03,205,59,17404.37,,,,,,,,3.0,174.0,9.0,2.0,False
411367,285023_43948,Kai Havertz,Germany,FW,7,12,25,11,1,7,2.0,1.5,0,0,19,99,14,3,4,1,0,0,1,117,86,3,67,2,0,0,0,,,,204,95,88,21,127,77,8,80,78,290,6.93,577,202,44897.03,44.0,147.0,273.0,5.918576240539551,5.732943534851074,5.265091896057129,,3.0,392.0,18.0,0.0,True
484850,285023_43948,Maximilian Beier,Germany,FW,0,0,0,0,0,0,0.0,0.0,0,0,1,9,1,1,1,0,0,0,0,13,46,0,0,1,0,0,0,,,,12,4,8,0,1,11,0,7,7,26,1.62,46,16,3573.92,,,,,,,,0.0,33.0,627.0,0.0,False
498416,285023_43948,Nick Woltemade,Germany,FW,0,2,0,2,0,0,0.09,0.0,0,0,0,6,1,0,0,0,0,0,0,1,100,0,0,0,0,0,0,,,,12,5,7,0,11,1,0,3,3,7,1.4,37,13,4199.08,,,,,,,,0.0,44.0,659.0,0.0,False
429639,285023_43948,Alexander Nuebel,Germany,GK,0,0,0,0,0,0,0.0,0.0,0,0,0,0,0,0,0,0,0,0,0,0,0,0,0,0,0,0,0,0.0,0.0,0.0,0,0,0,0,0,0,0,0,0,0,0.0,0,0,0.0,,,,,,,,0.0,0.0,261.0,0.0,False
228912,285023_43948,Manuel Neuer,Germany,GK,0,0,0,0,0,0,0.0,0.0,0,0,0,0,0,0,2,0,0,0,0,129,91,0,0,1,0,0,0,7.0,61.0,45.0,28,0,0,28,19,9,0,0,5,256,3.47,82,19,25681.69,,,,,,,,0.0,442.0,1269.0,0.0,False
306538,285023_43948,Oliver Baumann,Germany,GK,0,0,0,0,0,0,0.0,0.0,0,0,0,0,0,0,0,0,0,0,0,0,0,0,0,0,0,0,0,0.0,0.0,0.0,0,0,0,0,0,0,0,0,0,0,0.0,0,0,0.0,,,,,,,,0.0,0.0,261.0,0.0,False
484849,285023_43948,Aleksandar Pavlovic,Germany,MF,1,4,0,1,3,0,0.37,0.0,0,0,27,76,20,13,4,1,0,0,0,260,92,1,0,1,0,1,100,,,,158,4,54,100,119,39,0,20,67,548,7.64,597,165,38018.1,,,,,,,,0.0,300.0,1112.0,0.0,False
429640,285023_43948,Angelo Stiller,Germany,MF,0,0,0,0,0,0,0.0,0.0,0,0,1,7,1,0,0,0,0,0,0,34,91,0,0,1,0,0,0,,,,28,0,13,15,25,3,0,3,10,72,1.71,85,18,5947.34,,,,,,,,0.0,52.0,688.0,0.0,False
475195,285023_43948,Assan Ouedraogo,Germany,MF,0,0,0,0,0,0,0.0,0.0,0,0,0,0,0,0,0,0,0,0,0,0,0,0,0,0,0,0,0,,,,0,0,0,0,0,0,0,0,0,0,0.0,0,0,0.0,,,,,,,,0.0,0.0,261.0,0.0,False
492363,285023_43948,Felix Nmecha,Germany,MF,3,8,13,3,5,0,0.49,2.04,0,0,9,74,21,3,3,0,0,0,0,131,92,2,0,4,75,1,0,,,,113,38,47,28,73,40,3,26,66,313,6.64,442,141,33325.14,56.0,42.0,86.0,5.7498650550842285,6.4479146003723145,6.163877010345459,,1.0,299.0,65.0,1.0,True
430669,285023_43948,Florian Wirtz,Germany,MF,1,10,0,5,5,0,0.97,0.0,5,0,17,123,18,1,3,0,0,0,1,271,82,12,42,15,67,2,100,,,,218,71,100,47,96,122,4,117,99,599,6.85,653,229,46415.88,103.0,199.0,2.0,5.301777362823486,5.41827917098999,7.539622783660889,,0.0,405.0,170.0,3.0,True
429642,285023_43948,Jamal Musiala,Germany,MF,1,6,17,4,2,0,0.34,2.92,0,0,13,107,19,5,11,1,0,0,0,104,83,8,0,9,67,0,0,,,,180,32,113,35,121,59,6,65,131,288,6.61,412,140,33546.51,87.0,218.0,121.0,5.469120025634766,5.360443592071533,5.947033882141113,,1.0,305.0,141.0,0.0,True
491218,285023_43948,Jamie Leweling,Germany,MF,0,1,0,0,1,0,0.08,0.0,0,0,2,15,4,0,0,0,0,0,0,14,79,3,0,1,0,0,0,,,,11,7,4,0,2,9,2,7,8,36,1.71,55,20,4276.01,,,,,,,,0.0,37.0,635.0,0.0,False
379953,285023_43948,Leon Goretzka,Germany,MF,0,2,0,2,0,1,0.19,0.0,0,0,3,20,2,0,0,0,0,0,0,30,77,1,0,1,100,1,0,,,,27,12,9,6,19,8,2,11,19,80,5.06,140,49,12494.96,,,,,,,,0.0,122.0,857.0,0.0,False
404353,285023_43948,Leroy Sane,Germany,MF,2,6,17,5,1,0,1.57,0.64,1,0,10,84,15,3,2,0,0,0,1,189,85,11,18,9,44,0,0,,,,148,55,73,20,36,112,2,94,122,439,6.38,477,221,38060.03,97.0,237.0,164.0,5.3518805503845215,5.285000324249268,5.775258541107178,,1.0,360.0,152.0,0.0,True
395471,285023_43948,Nadiem Amiri,Germany,MF,1,2,0,1,1,0,0.26,0.0,0,0,1,11,0,0,0,0,0,0,0,20,85,2,50,2,50,1,100,,,,17,2,8,7,9,8,0,4,5,48,3.08,80,26,5438.68,,,,,,,,0.0,50.0,185.0,1.0,False
484848,285023_43948,Pascal Gross,Germany,MF,0,1,0,0,1,0,0.04,0.0,0,0,1,15,1,1,0,0,0,0,0,14,100,1,0,1,100,0,0,,,,9,4,4,1,4,5,0,6,9,34,1.99,58,15,3218.51,,,,,,,,0.0,24.0,593.0,0.0,False
441336,285023_43860,Abdul Mumin,Ghana,DF,0,0,0,0,0,0,0.0,0.0,0,0,0,0,0,0,0,0,0,0,0,0,0,0,0,0,0,0,0,,,,0,0,0,0,0,0,0,0,0,0,0.0,0,0,0.0,,,,,,,,0.0,0.0,261.0,0.0,False
448522,285023_43860,Alidu Seidu,Ghana,DF,0,0,0,0,0,0,0.0,0.0,0,0,0,16,6,1,0,1,0,0,0,27,93,1,0,0,0,0,0,,,,4,2,2,0,0,4,0,2,15,65,1.36,73,34,8378.97,,,,,,,,0.0,92.0,780.0,0.0,False
367536,285023_43860,Baba Rahman,Ghana,DF,0,0,0,0,0,0,0.0,0.0,0,0,0,0,0,0,0,0,0,0,0,0,0,0,0,0,0,0,0,,,,0,0,0,0,0,0,0,0,0,0,1.83,2,1,168.97,,,,,,,,0.0,1.0,505.0,0.0,False
520037,285023_43860,Derrick Luckassen,Ghana,DF,1,1,100,1,0,0,0.62,1.62,0,0,2,8,4,1,2,0,0,0,0,125,87,0,0,3,0,1,100,,,,4,0,0,4,1,3,1,1,12,256,2.64,147,39,18059.74,,,,,,,,1.0,205.0,114.0,0.0,False
441333,285023_43860,Gideon Mensah,Ghana,DF,0,0,0,0,0,0,0.0,0.0,0,0,10,63,18,2,2,0,0,0,0,182,86,3,0,6,33,2,100,,,,61,15,23,23,4,57,2,7,35,378,5.74,365,158,39697.98,346.0,89.0,255.0,4.2083048820495605,6.075423717498779,5.365420341491699,,0.0,414.0,1253.0,0.0,True
486150,285023_43860,Jerome Opoku,Ghana,DF,0,0,0,0,0,0,0.0,0.0,0,0,8,10,7,2,4,0,0,0,0,115,83,0,0,7,43,7,57,,,,16,0,2,14,9,7,0,0,14,246,4.21,230,74,29365.82,,,,,,,,0.0,313.0,1171.0,0.0,False
494351,285023_43860,Jonas Adjetey,Ghana,DF,1,2,0,2,0,2,0.1,0.0,0,0,3,19,6,1,0,0,0,0,0,120,88,0,0,0,0,4,75,,,,33,0,0,33,18,15,0,2,11,251,4.59,260,87,26258.63,,,,,,,,0.0,257.0,1051.0,0.0,False
511022,285023_43860,Kojo Peprah Oppong,Ghana,DF,0,0,0,0,0,0,0.0,0.0,0,0,1,5,0,1,0,1,0,0,0,22,95,0,0,0,0,0,0,,,,3,0,0,3,2,1,0,0,0,44,2.83,63,16,5660.9,,,,,,,,0.0,61.0,708.0,0.0,False
520039,285023_43860,Marvin Senaya,Ghana,DF,0,2,0,1,1,0,0.1,0.0,0,0,34,89,24,6,4,0,0,0,0,91,82,8,25,4,75,1,100,,,,55,17,11,27,12,43,3,10,25,201,5.77,285,171,31108.53,208.0,52.0,244.0,4.708521366119385,6.363735198974609,5.413160800933838,,0.0,312.0,1163.0,0.0,True
441342,285023_43860,Abdul Fatawu,Ghana,FW,0,3,0,1,2,0,0.1,0.0,2,0,11,50,5,1,8,1,0,0,0,22,82,7,14,8,50,1,100,,,,45,19,23,3,4,41,3,24,38,90,6.21,211,93,16816.62,99.0,238.0,42.0,5.3341383934021,5.284966468811035,6.5536041259765625,,0.0,163.0,920.0,0.0,True
486213,285023_43860,Brandon Thomas Asante,Ghana,FW,0,0,0,0,0,0,0.0,0.0,0,0,3,28,0,0,1,0,0,0,1,6,50,2,50,0,0,0,0,,,,34,26,8,0,23,11,2,8,8,18,3.14,102,49,7440.82,,,,,,,,0.0,70.0,190.0,1.0,False
494350,285023_43860,Christopher Bonsu Baah,Ghana,FW,0,0,0,0,0,0,0.0,0.0,0,0,0,0,0,0,0,0,0,0,0,0,0,0,0,0,0,0,0,,,,0,0,0,0,0,0,0,0,0,0,0.0,0,0,0.0,,,,,,,,0.0,0.0,261.0,0.0,False
448525,285023_43860,Ernest Nuamah,Ghana,FW,0,0,0,0,0,0,0.0,0.0,0,0,2,58,6,2,2,0,0,0,0,29,69,0,0,2,50,1,100,,,,22,7,12,3,12,10,2,15,27,74,4.98,148,60,12051.38,,,,,,,,0.0,109.0,194.0,1.0,False
411376,285023_43860,Inaki Williams,Ghana,FW,0,3,0,1,2,0,0.06,0.0,0,0,3,43,3,2,1,1,0,0,1,23,65,4,25,3,67,0,0,,,,38,26,12,0,17,21,0,23,25,67,2.75,117,64,12856.69,,,,,,,,0.0,140.0,880.0,0.0,False
353235,285023_43860,Jordan Ayew,Ghana,FW,0,0,0,0,0,0,0.0,0.0,6,0,23,212,19,7,7,0,0,0,1,47,70,9,11,3,0,1,0,,,,86,51,28,7,58,28,4,37,45,124,6.47,416,167,34883.48,,,,,,,,0.0,323.0,1181.0,0.0,False
448523,285023_43860,Kamaldeen Sulemana,Ghana,FW,0,1,0,0,1,0,0.01,0.0,0,0,3,62,8,2,1,0,0,0,1,31,87,4,75,4,75,3,100,,,,64,19,34,11,21,43,1,12,19,85,3.32,172,75,14795.98,,,,,,,,0.0,136.0,877.0,0.0,False
514401,285023_43860,Prince Adu,Ghana,FW,0,1,0,1,0,0,0.25,0.0,0,0,0,25,4,4,0,0,0,0,0,5,80,0,0,0,0,0,0,,,,17,10,7,0,12,5,1,8,9,17,4.51,70,31,6266.52,,,,,,,,0.0,62.0,711.0,0.0,False
494349,285023_43860,Benjamin Asare,Ghana,GK,0,0,0,0,0,0,0.0,0.0,0,0,0,0,0,0,1,0,0,0,0,59,69,0,0,4,25,0,0,8.0,55.0,47.0,10,1,0,9,7,3,0,0,0,87,1.85,8,2,10835.06,,,,,,,,0.0,259.0,1055.0,0.0,False
506277,285023_43860,Joseph Anang,Ghana,GK,0,0,0,0,0,0,0.0,0.0,0,0,0,0,0,0,0,0,0,0,0,0,0,0,0,0,0,0,0,0.0,0.0,0.0,0,0,0,0,0,0,0,0,0,0,0.0,0,0,0.0,,,,,,,,0.0,0.0,261.0,0.0,False
386473,285023_43860,Lawrence Ati Zigi,Ghana,GK,0,0,0,0,0,0,0.0,0.0,0,0,0,0,0,0,1,0,0,0,0,52,75,0,0,2,0,0,0,8.0,31.0,30.0,2,0,0,2,1,1,0,0,0,87,1.36,7,1,7025.37,,,,,,,,0.0,155.0,909.0,0.0,False
448531,285023_43860,Antoine Semenyo,Ghana,MF,0,6,0,3,3,1,0.26,0.0,0,0,26,123,20,6,4,0,0,0,4,68,76,5,0,5,60,0,0,,,,92,45,33,14,54,38,3,44,50,176,5.78,285,167,39933.84,,,,,,,,0.0,414.0,1253.0,0.0,False
523173,285023_43860,Augustine Boakye,Ghana,MF,0,0,0,0,0,0,0.0,0.0,0,0,0,0,0,0,0,0,0,0,0,0,0,0,0,0,0,0,0,,,,0,0,0,0,0,0,0,0,0,0,0.0,0,0,0.0,,,,,,,,0.0,0.0,261.0,0.0,False
506279,285023_43860,Caleb Yirenkyi,Ghana,MF,1,2,50,2,0,0,0.75,1.33,0,0,12,128,14,7,3,2,0,0,0,70,89,1,0,4,25,0,0,,,,64,29,18,17,44,20,2,20,61,165,6.84,460,136,34220.54,85.0,324.0,276.0,5.481296062469482,4.849970817565918,5.235024929046631,,1.0,307.0,143.0,0.0,True
441341,285023_43860,Elisha Owusu,Ghana,MF,0,0,0,0,0,0,0.0,0.0,0,0,5,55,10,2,0,0,0,0,0,58,86,4,25,1,0,0,0,,,,36,8,9,19,23,13,2,7,41,134,5.07,262,74,18829.07,,,,,,,,0.0,166.0,926.0,0.0,False
507253,285023_43860,Kwasi Sibo,Ghana,MF,0,0,0,0,0,0,0.0,0.0,0,0,5,114,15,7,1,0,0,0,0,93,95,0,0,1,100,2,100,,,,46,2,12,32,42,4,0,7,28,204,6.63,447,96,31122.82,,,,,,,,0.0,282.0,1084.0,0.0,False
369089,285023_43860,Thomas Partey,Ghana,MF,0,2,0,0,2,0,0.09,0.0,0,0,5,52,14,2,5,0,0,0,0,152,88,0,0,4,50,0,0,,,,40,0,8,32,33,7,0,8,31,324,4.54,359,77,31028.86,,,,,,,,0.0,307.0,1145.0,0.0,False
397775,285023_43908,Carlens Arcus,Haiti,DF,0,0,0,0,0,0,0.0,0.0,0,0,12,34,11,5,3,1,0,0,2,61,89,2,50,1,0,0,0,,,,41,11,25,5,10,31,0,11,10,124,6.07,247,86,18006.56,,,,,,,,0.0,171.0,936.0,0.0,False
466862,285023_43908,Garven Metusala,Haiti,DF,0,0,0,0,0,0,0.0,0.0,0,0,0,0,0,0,0,0,0,0,0,0,0,0,0,0,0,0,0,,,,0,0,0,0,0,0,0,0,0,0,0.0,0,0,0.0,,,,,,,,0.0,0.0,261.0,0.0,False
448363,285023_43908,Hannes Delcroix,Haiti,DF,0,0,0,0,0,0,0.0,0.0,0,0,9,21,9,1,2,0,0,0,0,151,97,1,0,2,50,1,100,,,,11,0,2,9,3,8,0,0,16,302,5.87,298,89,30006.24,,,,,,,,0.0,306.0,1141.0,0.0,False
431781,285023_43908,Jean Kevin Duverne,Haiti,DF,0,1,0,1,0,0,0.03,0.0,0,0,3,56,9,2,1,0,0,0,1,69,86,2,50,1,100,0,0,,,,53,5,20,28,10,43,0,6,21,154,4.12,209,82,19174.4,,,,,,,,0.0,186.0,201.0,1.0,False
506481,285023_43908,Keeto Thermoncy,Haiti,DF,0,0,0,0,0,0,0.0,0.0,0,0,0,0,0,0,0,0,0,0,0,0,0,0,0,0,0,0,0,,,,0,0,0,0,0,0,0,0,0,0,0.0,0,0,0.0,,,,,,,,0.0,0.0,261.0,0.0,False
466844,285023_43908,Markhus Lacroix,Haiti,DF,0,0,0,0,0,0,0.0,0.0,0,0,0,0,0,0,0,0,0,0,0,0,0,0,0,0,0,0,0,,,,0,0,0,0,0,0,0,0,0,0,0.0,0,0,0.0,,,,,,,,0.0,0.0,261.0,0.0,False
489300,285023_43908,Martin Experience,Haiti,DF,0,1,0,0,1,0,0.01,0.0,0,0,26,91,26,7,6,0,0,0,0,111,84,6,0,6,33,3,100,,,,116,41,45,30,32,84,1,25,47,243,6.65,447,187,33997.02,,,,,,,,0.0,306.0,1141.0,0.0,False
275917,285023_43908,Ricardo Ade,Haiti,DF,1,4,0,2,2,2,0.17,0.0,0,0,3,24,5,6,4,0,0,0,0,136,89,0,0,5,40,1,100,,,,13,1,0,12,10,3,0,2,22,293,5.64,310,95,28826.94,,,,,,,,0.0,306.0,1141.0,0.0,False
498439,285023_43908,Wilguens Paugain,Haiti,DF,0,0,0,0,0,0,0.0,0.0,0,0,0,0,0,0,0,0,0,0,0,0,0,0,0,0,0,0,0,,,,0,0,0,0,0,0,0,0,0,0,0.0,0,0,0.0,,,,,,,,0.0,0.0,261.0,0.0,False
466865,285023_43908,Derrick Etienne,Haiti,FW,0,0,0,0,0,0,0.0,0.0,1,0,0,2,0,0,0,0,0,0,0,8,50,2,50,2,0,0,0,,,,10,7,1,2,4,6,2,5,1,19,2.56,26,8,1841.93,,,,,,,,0.0,14.0,552.0,0.0,False
394993,285023_43908,Duckens Nazon,Haiti,FW,1,1,0,0,1,0,0.12,0.0,0,0,1,6,0,0,1,1,0,0,0,3,33,0,0,0,0,0,0,,,,0,0,0,0,0,0,0,2,4,8,1.63,27,8,2597.09,,,,,,,,0.0,31.0,620.0,0.0,False
431693,285023_43908,Frantzdy Pierrot,Haiti,FW,1,3,0,3,0,1,0.25,0.0,0,0,3,41,3,5,4,1,0,0,2,17,76,0,0,0,0,0,0,,,,28,19,8,1,22,6,1,23,25,48,5.98,210,61,17982.57,,,,,,,,0.0,168.0,931.0,0.0,False
510757,285023_43908,Josue Casimir,Haiti,FW,0,1,0,0,1,0,0.01,0.0,0,0,9,81,13,4,4,1,0,0,0,52,83,2,0,3,33,0,0,,,,71,39,29,3,35,36,2,20,46,121,6.05,246,113,20980.8,,,,,,,,0.0,208.0,1000.0,0.0,False
485676,285023_43908,Lenny Joseph,Haiti,FW,0,2,0,2,0,0,0.33,0.0,0,0,4,43,5,6,1,0,0,0,0,20,65,0,0,3,33,1,100,,,,50,31,17,2,39,11,1,28,28,61,5.97,120,60,12922.53,,,,,,,,0.0,134.0,875.0,0.0,False
481027,285023_43908,Louicius Deedson,Haiti,FW,0,2,0,1,1,0,0.05,0.0,1,0,3,30,4,3,1,0,0,0,1,15,87,5,20,5,60,0,0,,,,41,21,16,4,15,26,0,14,14,54,5.91,145,67,13276.69,,,,,,,,0.0,129.0,869.0,0.0,False
485664,285023_43908,Ruben Providence,Haiti,FW,1,4,0,4,0,0,0.19,0.0,1,0,7,100,9,3,4,0,0,0,0,48,88,7,29,3,67,0,0,,,,100,31,61,8,44,56,4,27,47,144,6.09,312,115,24005.38,,,,,,,,0.0,237.0,1032.0,0.0,False
405879,285023_43908,Wilson Isidor,Haiti,FW,2,5,20,2,3,1,0.15,6.67,0,0,7,88,1,3,2,0,0,0,1,21,86,0,0,1,100,0,0,,,,55,34,18,3,44,11,1,18,22,64,6.78,287,110,22699.6,,,,,,,,1.0,201.0,108.0,0.0,False
506483,285023_43908,Yassin Fortune,Haiti,FW,0,0,0,0,0,0,0.0,0.0,0,0,0,0,0,0,1,0,0,0,0,5,100,0,0,0,0,0,0,,,,4,0,4,0,0,4,0,1,3,9,2.25,24,5,1501.22,,,,,,,,0.0,13.0,549.0,0.0,False
466835,285023_43908,Alexandre Pierre,Haiti,GK,0,0,0,0,0,0,0.0,0.0,0,0,0,0,0,0,0,0,0,0,0,0,0,0,0,0,0,0,0,0.0,0.0,0.0,0,0,0,0,0,0,0,0,0,0,0.0,0,0,0.0,,,,,,,,0.0,0.0,261.0,0.0,False
295922,285023_43908,Johny Placide,Haiti,GK,0,0,0,0,0,0,0.0,0.0,0,0,0,0,0,0,0,1,0,0,0,105,64,0,0,2,0,0,0,13.0,56.0,48.0,12,0,0,12,9,3,0,0,2,187,2.51,16,4,12868.53,,,,,,,,0.0,306.0,1141.0,0.0,False
466853,285023_43908,Josue Duverger,Haiti,GK,0,0,0,0,0,0,0.0,0.0,0,0,0,0,0,0,0,0,0,0,0,0,0,0,0,0,0,0,0,0.0,0.0,0.0,0,0,0,0,0,0,0,0,0,0,0.0,0,0,0.0,,,,,,,,0.0,0.0,261.0,0.0,False
424556,285023_43908,Carl Sainte,Haiti,MF,0,0,0,0,0,0,0.0,0.0,0,0,0,0,0,0,0,0,0,0,0,0,0,0,0,0,0,0,0,,,,0,0,0,0,0,0,0,0,0,0,0.0,0,0,0.0,,,,,,,,0.0,0.0,261.0,0.0,False
466838,285023_43908,Danley Jean Jacques,Haiti,MF,0,0,0,0,0,0,0.0,0.0,0,0,11,78,25,5,3,1,0,0,0,116,88,2,0,1,0,3,100,,,,73,2,27,44,36,37,0,11,30,243,6.87,470,138,33149.8,,,,,,,,0.0,288.0,1092.0,0.0,False
523215,285023_43908,Dominique Simon,Haiti,MF,1,1,0,0,1,0,0.01,0.0,1,0,2,26,6,1,1,0,0,0,0,30,73,1,100,2,0,0,0,,,,47,2,24,21,34,13,1,2,11,64,4.37,150,36,7878.3,,,,,,,,0.0,68.0,722.0,0.0,False
430697,285023_43908,Jean Ricner Bellegarde,Haiti,MF,0,6,0,1,5,1,0.29,0.0,5,0,13,89,17,4,5,1,0,0,0,130,86,12,25,5,60,4,100,,,,109,8,53,48,82,27,0,17,58,299,6.64,431,112,32370.02,,,,,,,,0.0,292.0,1096.0,0.0,False
485409,285023_43908,Woodensky Pierre,Haiti,MF,0,0,0,0,0,0,0.0,0.0,0,0,0,0,0,0,0,0,0,0,0,0,0,0,0,0,0,0,0,,,,0,0,0,0,0,0,0,0,0,0,0.0,0,0,0.0,,,,,,,,0.0,0.0,261.0,0.0,False
489603,285023_43817,Ali Nemati,IR Iran,DF,0,1,0,1,0,0,0.06,0.0,0,0,5,24,10,3,0,1,0,0,1,129,88,3,33,3,0,2,100,,,,28,3,1,24,12,16,1,4,22,265,6.14,369,108,31613.92,,,,,,,,0.0,309.0,1150.0,0.0,False
481181,285023_43817,Arya Yousefi,IR Iran,DF,1,1,0,1,0,0,0.06,0.0,0,0,1,12,2,0,1,0,0,0,0,18,89,0,0,0,0,0,0,,,,19,6,12,1,8,11,1,7,21,42,2.27,84,31,5813.32,,,,,,,,0.0,51.0,686.0,0.0,False
494429,285023_43817,Danial Iri,IR Iran,DF,0,0,0,0,0,0,0.0,0.0,0,0,0,0,0,0,0,0,0,0,0,0,0,0,0,0,0,0,0,,,,0,0,0,0,0,0,0,0,0,0,0.0,0,0,0.0,,,,,,,,0.0,0.0,261.0,0.0,False
288961,285023_43817,Ehsan Hajisafi,IR Iran,DF,0,1,0,0,1,0,0.08,0.0,0,0,1,27,2,2,1,1,0,0,0,20,55,2,0,2,0,1,100,,,,15,1,8,6,3,12,1,2,7,47,4.41,134,48,11464.24,,,,,,,,0.0,104.0,822.0,0.0,False
390534,285023_43817,Hossein Kanani,IR Iran,DF,1,1,0,1,0,0,0.02,0.0,0,0,2,17,5,1,0,1,0,0,0,34,97,0,0,0,0,3,67,,,,4,0,0,4,1,3,0,2,8,75,3.94,123,27,14749.2,,,,,,,,0.0,154.0,907.0,0.0,False
390537,285023_43817,Milad Mohammadi,IR Iran,DF,1,1,0,1,0,0,0.06,0.0,0,0,23,62,22,1,1,0,0,0,2,80,83,4,0,4,75,0,0,,,,57,31,18,8,20,37,4,12,26,174,6.7,299,142,26000.62,,,,,,,,0.0,235.0,1030.0,0.0,False
384797,285023_43817,Ramin Rezaeian,IR Iran,DF,2,4,50,4,0,0,0.97,2.06,7,0,9,82,10,2,3,0,0,0,1,98,69,17,29,12,50,0,0,,,,151,29,67,55,19,132,3,19,43,223,6.79,458,170,34994.84,,,,,,,,2.0,309.0,32.0,1.0,False
448505,285023_43817,Saleh Hardani,IR Iran,DF,0,0,0,0,0,0,0.0,0.0,0,0,5,46,6,0,2,0,0,0,0,29,72,1,0,0,0,0,0,,,,17,3,4,10,1,16,0,3,12,70,3.78,105,37,10101.64,,,,,,,,0.0,107.0,832.0,0.0,False
346743,285023_43817,Shoja Khalilzadeh,IR Iran,DF,0,2,0,2,0,2,0.18,0.0,0,0,8,26,12,4,0,1,0,0,1,141,84,0,0,1,0,2,100,,,,32,0,1,31,22,10,0,3,17,297,5.59,255,78,28814.55,,,,,,,,0.0,309.0,1150.0,0.0,False
416989,285023_43817,Ali Alipour,IR Iran,FW,0,1,0,1,0,0,0.04,0.0,0,0,2,13,4,1,1,0,0,0,0,8,50,0,0,1,100,0,0,,,,17,10,7,0,13,4,0,5,7,21,2.2,51,27,4655.69,,,,,,,,0.0,42.0,653.0,0.0,False
405639,285023_43817,Amirhossein Hosseinzadeh,IR Iran,FW,0,1,0,1,0,0,0.09,0.0,0,0,3,13,3,0,0,0,0,0,0,14,71,0,0,3,67,1,100,,,,15,4,9,2,8,7,0,3,8,33,4.82,47,17,3200.06,,,,,,,,0.0,26.0,603.0,0.0,False
519837,285023_43817,Dennis Dargahi,IR Iran,FW,0,0,0,0,0,0,0.0,0.0,0,0,0,0,0,0,0,0,0,0,0,0,0,0,0,0,0,0,0,,,,0,0,0,0,0,0,0,0,0,0,0.0,0,0,0.0,,,,,,,,0.0,0.0,261.0,0.0,False
403236,285023_43817,Mehdi Ghayedi,IR Iran,FW,0,1,0,0,1,0,0.05,0.0,1,0,3,13,2,2,1,0,0,0,0,9,67,3,33,1,100,0,0,,,,6,3,3,0,4,2,5,7,11,29,1.86,50,24,4683.23,,,,,,,,0.0,50.0,678.0,0.0,False
388475,285023_43817,Mehdi Taremi,IR Iran,FW,2,5,0,4,1,1,1.34,0.0,0,0,17,100,7,3,5,0,0,0,2,71,82,2,0,4,25,0,0,,,,94,53,29,12,63,31,3,55,69,185,6.23,345,156,30405.34,,,,,,,,0.0,293.0,1099.0,0.0,False
481180,285023_43817,Shahriyar Moghanloo,IR Iran,FW,0,3,0,2,1,1,0.51,0.0,0,0,6,52,4,1,1,0,0,0,1,25,60,2,0,2,50,1,0,,,,19,13,6,0,15,4,4,22,17,66,7.1,168,47,12254.16,,,,,,,,0.0,108.0,835.0,0.0,False
380007,285023_43817,Alireza Beiranvand,IR Iran,GK,0,0,0,0,0,0,0.0,0.0,0,0,0,0,0,0,1,0,0,0,0,93,67,0,0,2,0,1,100,15.0,75.0,65.0,32,0,0,32,18,14,0,0,4,185,2.59,19,0,13335.74,,,,,,,,0.0,309.0,1150.0,0.0,False
314255,285023_43817,Hossein Hosseini,IR Iran,GK,0,0,0,0,0,0,0.0,0.0,0,0,0,0,0,0,0,0,0,0,0,0,0,0,0,0,0,0,0,0.0,0.0,0.0,0,0,0,0,0,0,0,0,0,0,0.0,0,0,0.0,,,,,,,,0.0,0.0,261.0,0.0,False
448507,285023_43817,Payam Niazmand,IR Iran,GK,0,0,0,0,0,0,0.0,0.0,0,0,0,0,0,0,0,0,0,0,0,0,0,0,0,0,0,0,0,0.0,0.0,0.0,0,0,0,0,0,0,0,0,0,0,0.0,0,0,0.0,,,,,,,,0.0,0.0,261.0,0.0,False
379886,285023_43817,Alireza Jahanbakhsh,IR Iran,MF,0,1,0,1,0,0,0.04,0.0,0,0,2,20,0,2,0,0,0,0,0,11,64,2,50,1,100,0,0,,,,35,16,13,6,20,15,1,6,10,30,4.37,84,30,6517.05,,,,,,,,0.0,58.0,702.0,0.0,False
475921,285023_43817,Amirmohammad Razaghinia,IR Iran,MF,0,0,0,0,0,0,0.0,0.0,0,0,0,0,0,0,0,0,0,0,0,0,0,0,0,0,0,0,0,,,,0,0,0,0,0,0,0,0,0,0,0.0,0,0,0.0,,,,,,,,0.0,0.0,261.0,0.0,False
390535,285023_43817,Mehdi Torabi,IR Iran,MF,0,0,0,0,0,0,0.0,0.0,0,0,1,13,1,0,0,0,0,0,0,20,85,2,0,1,100,0,0,,,,15,5,6,4,6,9,1,6,11,45,2.34,65,18,3461.66,,,,,,,,0.0,29.0,612.0,0.0,False
482670,285023_43817,Mohammad Ghorbani,IR Iran,MF,0,2,0,1,1,0,0.18,0.0,0,0,5,23,3,2,1,0,0,0,0,19,84,0,0,0,0,0,0,,,,9,1,2,6,7,2,0,4,14,53,2.39,191,53,12481.86,,,,,,,,0.0,104.0,823.0,0.0,False
448497,285023_43817,Mohammad Mohebbi,IR Iran,MF,1,2,50,2,0,1,0.24,4.15,0,0,8,133,15,1,1,0,0,0,0,69,71,1,0,3,33,1,0,,,,95,41,41,13,36,59,3,43,61,159,6.83,470,170,30775.81,,,,,,,,1.0,271.0,129.0,0.0,False
406595,285023_43817,Roozbeh Cheshmi,IR Iran,MF,0,0,0,0,0,0,0.0,0.0,0,0,0,0,0,0,0,0,0,0,0,0,0,0,0,0,0,0,0,,,,0,0,0,0,0,0,0,0,0,0,0.0,0,0,0.0,,,,,,,,0.0,0.0,261.0,0.0,False
371736,285023_43817,Saeid Ezatolahi,IR Iran,MF,2,6,0,2,4,2,0.49,0.0,0,0,22,96,22,7,4,2,0,0,0,99,79,0,0,4,50,0,0,,,,60,1,22,37,50,10,0,6,40,227,6.6,406,65,32836.4,,,,,,,,0.0,298.0,1105.0,0.0,False
411644,285023_43817,Saman Ghoddos,IR Iran,MF,0,4,0,2,2,0,0.16,0.0,0,0,9,102,18,3,0,0,0,0,1,64,70,1,100,6,50,2,100,,,,41,7,15,19,30,11,1,20,38,162,6.9,338,99,26206.79,,,,,,,,0.0,228.0,1023.0,0.0,False
484276,285023_43818,Ahmed Maknazi,Iraq,DF,0,0,0,0,0,0,0.0,0.0,0,0,2,23,5,0,0,0,0,0,0,5,60,0,0,0,0,0,0,,,,1,0,1,0,1,0,0,1,9,16,2.2,55,16,4276.36,,,,,,,,0.0,38.0,642.0,0.0,False
481183,285023_43818,Akam Hashim,Iraq,DF,0,1,0,0,1,0,0.03,0.0,0,0,3,16,7,0,3,0,0,0,0,148,85,0,0,3,33,1,100,,,,20,1,2,17,6,14,1,1,25,313,5.56,270,79,28097.87,,,,,,,,0.0,303.0,1131.0,0.0,False
436863,285023_43818,Frans Putros,Iraq,DF,0,0,0,0,0,0,0.0,0.0,0,0,1,26,5,2,0,0,0,0,0,28,93,1,0,2,100,1,100,,,,8,5,2,1,1,7,0,6,9,55,1.95,106,32,10283.22,,,,,,,,0.0,105.0,829.0,0.0,False
479553,285023_43818,Hussein Ali,Iraq,DF,0,1,0,1,0,0,0.01,0.0,0,0,9,20,3,1,0,0,0,0,1,40,80,2,0,2,100,0,0,,,,44,24,18,2,3,41,2,10,8,82,4.18,179,71,18211.32,,,,,,,,0.0,174.0,943.0,0.0,False
479072,285023_43818,Merchas Doski,Iraq,DF,0,1,0,0,1,0,0.02,0.0,0,0,4,65,25,3,8,1,0,0,0,141,82,3,67,13,23,1,100,,,,88,15,45,28,22,66,1,11,58,298,6.21,307,128,31441.23,,,,,,,,0.0,303.0,1131.0,0.0,False
434024,285023_43818,Munaf Younus,Iraq,DF,0,0,0,0,0,0,0.0,0.0,0,0,2,11,5,0,0,0,0,0,0,19,89,0,0,0,0,0,0,,,,2,0,0,2,1,1,0,0,8,40,1.95,63,22,8749.67,,,,,,,,0.0,89.0,770.0,0.0,False
479056,285023_43818,Mustafa Saadoon,Iraq,DF,0,0,0,0,0,0,0.0,0.0,0,0,0,6,2,2,0,0,0,0,0,1,100,0,0,0,0,0,0,,,,3,1,2,0,0,3,0,0,0,2,2.01,26,15,2482.84,,,,,,,,0.0,24.0,596.0,0.0,False
396158,285023_43818,Rebin Sulaka,Iraq,DF,0,1,0,1,0,0,0.07,0.0,0,0,2,1,1,1,0,0,1,0,0,29,79,0,0,0,0,3,33,,,,7,0,0,7,2,5,0,1,4,65,3.63,41,15,4423.46,,,,,,,,0.0,41.0,652.0,0.0,False
434025,285023_43818,Zaid Tahseen,Iraq,DF,0,2,0,1,1,1,0.21,0.0,0,0,1,6,2,3,2,1,0,0,0,64,83,0,0,3,0,1,100,,,,15,0,1,14,4,11,0,2,18,134,4.12,179,49,16808.01,,,,,,,,0.0,165.0,924.0,0.0,False
523236,285023_43818,Ahmed Qasem,Iraq,FW,0,0,0,0,0,0,0.0,0.0,0,0,3,81,6,0,1,0,0,0,0,16,81,1,0,1,100,0,0,,,,52,37,14,1,31,21,2,11,21,47,6.29,215,78,15459.21,,,,,,,,0.0,135.0,876.0,0.0,False
436628,285023_43818,Ali Alhamadi,Iraq,FW,0,6,0,4,2,2,0.95,0.0,0,0,13,71,11,1,5,0,0,0,0,35,74,0,0,0,0,0,0,,,,100,53,45,2,79,21,5,23,33,90,6.76,258,112,22671.28,,,,,,,,0.0,201.0,984.0,0.0,False
464457,285023_43818,Ali Jasim,Iraq,FW,1,4,0,0,4,0,0.11,0.0,3,0,27,58,8,1,0,0,0,0,0,36,81,5,0,4,75,1,100,,,,55,16,32,7,21,34,4,23,39,96,4.46,252,92,15703.59,,,,,,,,0.0,144.0,892.0,0.0,False
434029,285023_43818,Ali Yousif,Iraq,FW,0,0,0,0,0,0,0.0,0.0,0,0,2,17,1,1,0,0,0,0,0,4,100,0,0,0,0,0,0,,,,5,3,2,0,4,1,0,2,3,8,2.35,69,22,4539.67,,,,,,,,0.0,38.0,640.0,0.0,False
395186,285023_43818,Aymen Hussein,Iraq,FW,1,3,33,3,0,3,0.18,5.42,0,1,5,60,3,2,1,0,0,0,0,16,75,0,0,3,67,0,0,,,,78,47,28,3,59,19,1,20,18,43,3.97,126,54,12557.87,,,,,,,,1.0,128.0,99.0,0.0,False
484262,285023_43818,Marko Farji,Iraq,FW,0,0,0,0,0,0,0.0,0.0,0,0,2,34,2,0,2,0,0,0,0,11,64,2,50,1,100,0,0,,,,40,19,19,2,9,31,2,5,17,36,4.55,96,30,6975.47,,,,,,,,0.0,62.0,712.0,0.0,False
422968,285023_43818,Mohanad Ali,Iraq,FW,0,0,0,0,0,0,0.0,0.0,0,0,1,14,1,0,0,0,0,0,0,2,50,0,0,0,0,0,0,,,,4,4,0,0,3,1,1,0,1,4,2.36,36,16,2367.96,,,,,,,,0.0,20.0,576.0,0.0,False
433571,285023_43818,Ahmed Basil,Iraq,GK,0,0,0,0,0,0,0.0,0.0,0,0,0,0,0,0,1,0,0,0,0,71,59,0,0,3,0,0,0,3.0,43.0,36.0,12,0,0,12,8,4,0,0,2,124,1.87,10,2,7048.26,,,,,,,,0.0,149.0,900.0,0.0,False
368744,285023_43818,Fahad Talib,Iraq,GK,0,0,0,0,0,0,0.0,0.0,0,0,0,0,0,0,0,0,0,0,0,0,0,0,0,0,0,0,0,0.0,0.0,0.0,0,0,0,0,0,0,0,0,0,0,0.0,0,0,0.0,,,,,,,,0.0,0.0,261.0,0.0,False
347085,285023_43818,Jalal Hassan,Iraq,GK,0,0,0,0,0,0,0.0,0.0,0,0,0,0,0,0,1,0,0,0,0,51,65,0,0,0,0,0,0,7.0,51.0,45.0,5,0,0,5,4,1,0,0,0,79,1.8,9,2,7078.62,,,,,,,,0.0,154.0,908.0,0.0,False
493983,285023_43818,Aimar Sher,Iraq,MF,0,0,0,0,0,0,0.0,0.0,0,0,0,4,2,0,0,0,0,0,0,22,91,1,0,0,0,0,0,,,,27,1,8,18,23,4,0,2,2,49,2.56,41,6,3139.09,,,,,,,,0.0,24.0,595.0,0.0,False
433074,285023_43818,Amir Alammari,Iraq,MF,0,0,0,0,0,0,0.0,0.0,3,0,19,64,19,3,0,2,0,0,0,125,79,7,43,7,57,0,0,,,,80,5,35,40,49,31,1,6,40,261,6.6,383,104,30575.01,,,,,,,,0.0,279.0,224.0,1.0,False
433585,285023_43818,Ibrahim Bayesh,Iraq,MF,0,1,0,1,0,0,0.45,0.0,0,0,14,120,14,3,5,0,0,0,0,48,83,1,0,3,33,0,0,,,,90,50,35,5,42,48,2,24,42,128,6.37,331,112,27586.07,,,,,,,,0.0,259.0,1056.0,0.0,False
506069,285023_43818,Kevin Yakob,Iraq,MF,0,1,0,1,0,0,0.07,0.0,0,0,1,18,2,1,0,0,0,0,0,12,75,0,0,1,0,0,0,,,,6,2,3,1,6,0,0,4,5,28,2.45,47,15,3609.05,,,,,,,,0.0,29.0,611.0,0.0,False
464458,285023_43818,Youssef Amyn,Iraq,MF,0,0,0,0,0,0,0.0,0.0,0,0,2,25,4,0,0,0,0,0,0,6,83,0,0,0,0,0,0,,,,26,15,10,1,18,8,0,5,8,16,2.41,52,18,3954.85,,,,,,,,0.0,32.0,626.0,0.0,False
484270,285023_43818,Zaid Ismael,Iraq,MF,0,0,0,0,0,0,0.0,0.0,0,0,3,52,17,2,0,0,0,0,0,71,89,0,0,0,0,1,0,,,,73,2,28,43,60,13,0,7,32,150,5.13,243,58,16240.49,,,,,,,,0.0,126.0,866.0,0.0,False
434026,285023_43818,Zidane Iqbal,Iraq,MF,0,0,0,0,0,0,0.0,0.0,1,0,6,59,10,1,2,0,0,0,0,128,92,1,100,2,50,5,100,,,,114,0,61,53,92,22,0,8,28,268,6.85,352,61,24227.99,,,,,,,,0.0,210.0,1004.0,0.0,False
405527,285023_43819,Ayumu Seko,Japan,DF,0,0,0,0,0,0,0.0,0.0,0,0,1,3,2,1,0,0,0,0,0,50,84,0,0,2,0,0,0,,,,7,1,0,6,4,3,0,2,9,107,3.05,105,26,9712.91,,,,,,,,0.0,97.0,792.0,0.0,False
403274,285023_43819,Hiroki Ito,Japan,DF,0,1,0,0,1,0,0.04,0.0,0,0,23,34,14,7,0,0,0,0,0,199,89,10,20,11,27,2,50,,,,81,9,19,53,16,65,1,11,46,417,5.85,358,119,39533.62,,,,,,,,0.0,405.0,1230.0,0.0,False
498455,285023_43819,Junnosuke Suzuki,Japan,DF,0,0,0,0,0,0,0.0,0.0,0,0,0,22,4,2,0,1,0,0,0,7,86,1,0,1,0,0,0,,,,10,4,5,1,3,7,0,2,4,19,3.0,68,34,5757.46,,,,,,,,0.0,58.0,699.0,0.0,False
400511,285023_43819,Kou Itakura,Japan,DF,0,0,0,0,0,0,0.0,0.0,0,0,4,4,2,1,0,0,0,0,0,110,97,0,0,1,100,0,0,,,,29,0,0,29,24,5,0,0,3,222,2.86,116,34,13382.22,,,,,,,,0.0,138.0,196.0,1.0,False
390541,285023_43819,Shogo Taniguchi,Japan,DF,0,0,0,0,0,0,0.0,0.0,0,0,3,11,4,2,1,1,0,0,0,127,96,1,0,1,0,0,0,,,,28,1,2,25,17,11,1,0,20,245,4.15,189,56,24756.98,,,,,,,,0.0,267.0,1065.0,0.0,False
403289,285023_43819,Takehiro Tomiyasu,Japan,DF,0,1,0,1,0,0,0.2,0.0,0,0,4,24,11,5,2,0,0,0,0,127,86,1,0,6,33,2,0,,,,37,0,7,30,8,29,1,0,10,258,4.81,202,53,21029.22,,,,,,,,0.0,208.0,998.0,0.0,False
430401,285023_43819,Tsuyoshi Watanabe,Japan,DF,0,0,0,0,0,0,0.0,0.0,0,0,4,8,3,0,1,0,0,0,0,34,91,2,50,0,0,0,0,,,,13,6,0,7,5,8,2,3,4,74,2.85,100,28,9543.84,,,,,,,,0.0,99.0,799.0,0.0,False
405528,285023_43819,Yukinari Sugawara,Japan,DF,2,2,0,1,1,0,0.09,0.0,0,0,5,36,4,3,1,0,0,0,0,73,71,5,20,4,25,2,50,,,,40,13,20,7,12,28,4,18,32,153,6.28,195,72,18767.61,,,,,,,,0.0,181.0,955.0,0.0,False
430413,285023_43819,Ayase Ueda,Japan,FW,4,9,22,5,4,2,0.63,3.15,0,0,11,173,9,6,4,0,0,0,1,35,74,1,0,4,50,0,0,,,,165,82,80,3,141,24,2,45,59,117,6.28,385,141,36607.93,48.0,348.0,149.0,5.853370189666748,4.60254430770874,5.840290069580078,,2.0,349.0,34.0,1.0,True
464339,285023_43819,Keisuke Goto,Japan,FW,0,0,0,0,0,0,0.0,0.0,0,0,1,6,3,0,1,0,0,0,0,1,100,0,0,1,100,0,0,,,,15,9,6,0,14,1,0,1,1,2,1.75,15,10,1396.31,,,,,,,,0.0,11.0,531.0,0.0,False
520218,285023_43819,Kento Shiogai,Japan,FW,0,0,0,0,0,0,0.0,0.0,0,0,0,6,2,0,0,0,0,0,0,1,100,0,0,0,0,0,0,,,,11,6,5,0,9,2,0,1,0,2,2.04,20,11,1755.39,,,,,,,,0.0,12.0,544.0,0.0,False
403293,285023_43819,Koki Ogawa,Japan,FW,0,3,0,3,0,2,0.22,0.0,0,0,3,18,0,1,0,0,0,0,0,3,100,0,0,0,0,0,0,,,,24,12,10,2,22,2,1,5,4,12,4.72,78,29,5939.74,,,,,,,,0.0,56.0,186.0,1.0,False
448569,285023_43819,Shuto Machino,Japan,FW,0,0,0,0,0,0,0.0,0.0,0,0,1,4,1,1,0,0,0,0,0,4,75,1,0,0,0,1,100,,,,7,2,5,0,2,5,0,3,2,10,1.59,27,8,2487.67,,,,,,,,0.0,23.0,589.0,0.0,False
403305,285023_43819,Keisuke Osako,Japan,GK,0,0,0,0,0,0,0.0,0.0,0,0,0,0,0,0,0,0,0,0,0,0,0,0,0,0,0,0,0,0.0,0.0,0.0,0,0,0,0,0,0,0,0,0,0,0.0,0,0,0.0,,,,,,,,0.0,0.0,261.0,0.0,False
511710,285023_43819,Tomoki Hayakawa,Japan,GK,0,0,0,0,0,0,0.0,0.0,0,0,0,0,0,0,0,0,0,0,0,0,0,0,0,0,0,0,0,0.0,0.0,0.0,0,0,0,0,0,0,0,0,0,0,0.0,0,0,0.0,,,,,,,,,,,0.0,False
405530,285023_43819,Zion Suzuki,Japan,GK,0,0,0,0,0,0,0.0,0.0,0,0,0,0,0,0,1,0,0,0,0,109,70,0,0,6,17,0,0,17.0,78.0,64.0,20,0,0,20,14,6,0,0,1,204,3.02,38,5,20433.26,,,,,,,,0.0,405.0,1230.0,0.0,False
400514,285023_43819,Ao Tanaka,Japan,MF,0,2,0,0,2,0,0.16,0.0,0,0,12,89,34,6,2,0,0,0,0,160,91,0,0,1,0,0,0,,,,119,2,33,84,103,16,0,7,38,331,4.57,285,67,23492.09,,,,,,,,0.0,225.0,1020.0,0.0,False
448557,285023_43819,Daichi Kamada,Japan,MF,0,1,200,0,1,0,0.09,23.09,1,0,13,116,22,2,4,1,0,0,1,200,85,4,50,6,50,3,100,,,,212,19,92,101,134,78,0,34,52,436,6.49,423,128,38789.21,90.0,346.0,235.0,5.447715759277344,4.659204483032227,5.46958589553833,,2.0,359.0,45.0,0.0,True
430407,285023_43819,Daizen Maeda,Japan,MF,1,2,50,2,0,1,0.79,1.27,0,0,18,125,22,2,1,0,0,0,1,30,93,3,0,1,100,0,0,,,,102,73,25,4,71,31,8,31,33,92,5.36,432,239,32326.01,77.0,327.0,84.0,5.563324451446533,4.825092315673828,6.165918827056885,,1.0,271.0,128.0,0.0,True
395321,285023_43819,Junya Ito,Japan,MF,1,3,33,2,1,0,0.67,1.49,11,0,6,77,5,2,5,0,0,0,0,85,76,17,35,10,60,1,100,,,,143,36,86,21,80,63,4,45,54,215,5.88,233,108,24421.93,91.0,246.0,41.0,5.428849220275879,5.230613708496094,6.555665493011475,,1.0,242.0,119.0,0.0,True
479294,285023_43819,Kaishu Sano,Japan,MF,1,1,100,0,1,0,0.09,11.52,0,0,10,108,14,4,1,1,0,0,0,131,95,1,100,1,100,1,100,,,,124,6,39,79,93,31,2,6,42,287,5.11,411,114,34501.68,41.0,258.0,122.0,5.938204288482666,5.194927215576172,5.937811374664307,,1.0,303.0,66.0,1.0,True
405522,285023_43819,Keito Nakamura,Japan,MF,2,5,20,2,3,0,0.17,5.98,0,0,9,80,11,3,1,0,0,0,1,117,85,9,33,10,80,0,0,,,,155,52,85,18,32,123,4,56,72,272,6.72,497,180,36946.02,59.0,261.0,57.0,5.704461097717285,5.182394027709961,6.340290546417236,,1.0,330.0,70.0,1.0,True
391646,285023_43819,Ritsu Doan,Japan,MF,0,1,0,0,1,0,0.02,0.0,1,0,9,114,19,6,5,0,0,0,0,105,85,5,0,5,80,0,0,,,,97,42,41,14,45,52,2,44,65,222,6.63,346,152,32576.29,161.0,186.0,83.0,4.845883369445801,5.447380542755127,6.168525695800781,,0.0,295.0,231.0,1.0,True
403304,285023_43819,Takefusa Kubo,Japan,MF,0,1,0,0,1,0,0.01,0.0,0,0,0,49,3,1,1,0,0,0,0,16,75,0,0,2,50,0,0,,,,20,7,9,4,15,5,1,4,10,36,1.57,85,32,7808.85,,,,,,,,0.0,77.0,191.0,1.0,False
485503,285023_43819,Yuito Suzuki,Japan,MF,0,0,0,0,0,0,0.0,0.0,0,0,0,7,2,0,0,0,0,0,0,4,100,0,0,0,0,0,0,,,,12,5,5,2,7,5,0,3,6,11,1.86,32,14,2226.64,,,,,,,,0.0,17.0,562.0,0.0,False
433527,285023_43820,Abdallah Nasib,Jordan,DF,0,0,0,0,0,0,0.0,0.0,0,0,12,38,6,1,1,0,0,0,0,97,72,0,0,1,0,0,0,,,,29,0,2,27,1,28,0,1,13,190,5.62,269,86,26869.89,,,,,,,,0.0,287.0,1088.0,0.0,False
511889,285023_43820,Anas Badawi,Jordan,DF,0,0,0,0,0,0,0.0,0.0,0,0,0,0,0,0,0,0,0,0,0,0,0,0,0,0,0,0,0,,,,0,0,0,0,0,0,0,0,0,0,0.0,0,0,0.0,,,,,,,,0.0,0.0,261.0,0.0,False
389437,285023_43820,Ehsan Haddad,Jordan,DF,0,1,0,1,0,0,0.03,0.0,0,0,13,80,18,3,1,0,0,0,0,73,74,7,29,9,78,0,0,,,,57,11,30,16,3,54,0,23,48,167,6.44,384,118,30918.71,,,,,,,,0.0,287.0,228.0,1.0,False
489550,285023_43820,Husam Abudahab,Jordan,DF,0,0,0,0,0,0,0.0,0.0,0,0,4,42,14,2,1,1,0,0,0,58,74,0,0,1,100,0,0,,,,22,1,4,17,8,14,0,0,15,112,4.16,206,75,19848.59,,,,,,,,0.0,190.0,971.0,0.0,False
489551,285023_43820,Mohammad Abualnadi,Jordan,DF,0,0,0,0,0,0,0.0,0.0,0,0,2,6,3,0,0,0,0,0,0,31,77,0,0,0,0,0,0,,,,26,0,2,24,4,22,0,1,10,60,2.24,115,31,8415.95,,,,,,,,0.0,75.0,738.0,0.0,False
433526,285023_43820,Mohammad Abuhasheesh,Jordan,DF,0,0,0,0,0,0,0.0,0.0,0,0,0,7,2,0,0,0,0,0,0,3,100,0,0,0,0,0,0,,,,0,0,0,0,0,0,0,0,1,6,2.5,25,12,1660.43,,,,,,,,0.0,13.0,547.0,0.0,False
431219,285023_43820,Saed Alrosan,Jordan,DF,0,0,0,0,0,0,0.0,0.0,0,0,1,3,1,0,0,0,0,0,0,13,92,0,0,0,0,0,0,,,,4,0,1,3,1,3,0,0,2,28,2.24,36,12,2425.08,,,,,,,,0.0,22.0,584.0,0.0,False
499102,285023_43820,Saleem Obaid,Jordan,DF,0,0,0,0,0,0,0.0,0.0,0,0,2,6,3,1,0,0,0,0,0,18,67,0,0,0,0,0,0,,,,2,0,0,2,0,2,0,0,5,36,6.56,43,19,4204.95,,,,,,,,0.0,43.0,656.0,0.0,False
431225,285023_43820,Yazan Alarab,Jordan,DF,0,0,0,0,0,0,0.0,0.0,0,1,10,28,16,4,0,1,0,0,0,106,89,0,0,1,0,0,0,,,,17,1,5,11,9,8,0,0,24,212,5.49,258,78,28270.79,,,,,,,,0.0,309.0,1149.0,0.0,False
498514,285023_43820,Ali Azaizeh,Jordan,FW,0,2,0,1,1,1,0.06,0.0,1,0,3,47,3,1,1,0,0,0,0,13,92,1,0,0,0,0,0,,,,30,11,19,0,18,12,0,12,16,35,7.27,129,40,9229.12,,,,,,,,0.0,78.0,750.0,0.0,False
431212,285023_43820,Ali Olwan,Jordan,FW,3,6,17,4,2,1,0.25,3.93,0,0,11,154,7,1,4,0,0,0,1,48,75,8,38,4,50,1,100,,,,63,22,36,5,30,33,12,40,47,147,6.79,411,138,33572.53,,,,,,,,1.0,297.0,136.0,0.0,False
396950,285023_43820,Mahmoud Almardi,Jordan,FW,1,1,0,1,0,0,0.02,0.0,1,0,6,90,16,4,2,0,0,0,0,39,82,7,14,5,60,0,0,,,,80,28,48,4,49,31,4,17,37,105,7.38,328,87,18861.43,,,,,,,,0.0,152.0,904.0,0.0,False
431208,285023_43820,Mohammad Abuzraiq,Jordan,FW,0,0,0,0,0,0,0.0,0.0,0,0,0,10,3,1,0,1,0,0,0,5,80,0,0,0,0,0,0,,,,2,1,1,0,0,2,0,0,2,10,5.37,24,15,1643.16,,,,,,,,0.0,12.0,533.0,0.0,False
431211,285023_43820,Mousa Altamari,Jordan,FW,3,8,13,4,4,0,1.13,0.89,0,0,10,82,7,2,3,0,0,0,1,36,78,1,100,4,75,0,0,,,,81,47,25,9,50,31,6,33,45,102,6.07,243,120,23119.95,,,,,,,,1.0,230.0,63.0,1.0,False
511875,285023_43820,Odeh Fakhoury,Jordan,FW,1,2,0,0,2,0,0.08,0.0,2,0,7,99,5,2,4,0,0,0,1,21,81,1,0,0,0,1,100,,,,84,48,33,3,49,35,3,9,19,53,7.01,275,98,18713.27,,,,,,,,0.0,163.0,923.0,0.0,False
431223,285023_43820,Abdallah Alfakhori,Jordan,GK,0,0,0,0,0,0,0.0,0.0,0,0,0,0,0,0,0,0,0,0,0,0,0,0,0,0,0,0,0,0.0,0.0,0.0,0,0,0,0,0,0,0,0,0,0,0.0,0,0,0.0,,,,,,,,0.0,0.0,261.0,0.0,False
483127,285023_43820,Nour Baniateyah,Jordan,GK,0,0,0,0,0,0,0.0,0.0,0,0,0,0,0,0,0,0,0,0,0,0,0,0,0,0,0,0,0,0.0,0.0,0.0,0,0,0,0,0,0,0,0,0,0,0.0,0,0,0.0,,,,,,,,0.0,0.0,261.0,0.0,False
397894,285023_43820,Yazeed Abulaila,Jordan,GK,0,0,0,0,0,0,0.0,0.0,0,0,0,0,0,0,0,0,0,0,0,66,64,0,0,3,33,0,0,8.0,70.0,56.0,9,0,0,9,7,2,0,0,0,122,2.64,9,2,13586.57,,,,,,,,0.0,309.0,1148.0,0.0,False
491167,285023_43820,Amer Jamous,Jordan,MF,0,0,0,0,0,0,0.0,0.0,0,0,2,26,2,1,0,0,0,0,0,4,100,0,0,0,0,0,0,,,,4,1,3,0,4,0,0,2,2,8,2.19,48,10,2136.97,,,,,,,,0.0,19.0,572.0,0.0,False
431209,285023_43820,Ibrahim Sadeh,Jordan,MF,0,0,0,0,0,0,0.0,0.0,0,0,0,0,0,0,0,0,0,0,0,0,0,0,0,0,0,0,0,,,,0,0,0,0,0,0,0,0,0,0,0.0,0,0,0.0,,,,,,,,0.0,0.0,261.0,0.0,False
520068,285023_43820,Mohammad Abughoush,Jordan,MF,0,0,0,0,0,0,0.0,0.0,0,0,0,0,0,0,0,0,0,0,0,0,0,0,0,0,0,0,0,,,,0,0,0,0,0,0,0,0,0,0,0.0,0,0,0.0,,,,,,,,0.0,0.0,261.0,0.0,False
45191,285023_43820,Mohammad Aldaoud,Jordan,MF,0,0,0,0,0,0,0.0,0.0,0,0,0,1,0,0,0,0,0,0,0,5,40,0,0,1,0,0,0,,,,7,3,2,2,0,7,0,1,4,9,2.14,28,7,1620.24,,,,,,,,0.0,15.0,556.0,0.0,False
479389,285023_43820,Mohannad Abutaha,Jordan,MF,0,1,0,0,1,0,0.04,0.0,2,0,21,98,21,2,2,1,0,0,0,87,68,6,50,6,50,2,0,,,,76,25,36,15,19,57,2,25,64,213,6.46,423,170,31861.4,,,,,,,,0.0,296.0,1103.0,0.0,False
433534,285023_43820,Nizar Alrashdan,Jordan,MF,1,2,50,2,0,1,0.23,4.3,0,0,15,149,17,5,4,0,0,0,0,80,78,0,0,7,43,2,100,,,,63,7,41,15,36,27,0,12,42,204,6.62,407,103,31944.15,,,,,,,,1.0,289.0,134.0,0.0,False
431230,285023_43820,Noor Alrawabdeh,Jordan,MF,0,1,0,0,1,0,0.03,0.0,0,0,20,182,22,1,0,0,0,0,0,111,76,0,0,10,40,5,80,,,,85,4,35,46,63,22,0,10,69,253,7.46,635,142,38422.0,,,,,,,,0.0,309.0,238.0,1.0,False
384850,285023_43820,Rajaei Ayed,Jordan,MF,0,0,0,0,0,0,0.0,0.0,0,0,0,0,0,0,0,0,0,0,0,0,0,0,0,0,0,0,0,,,,0,0,0,0,0,0,0,0,0,0,0.0,0,0,0.0,,,,,,,,0.0,0.0,261.0,0.0,False
511828,285023_43822,Castrop Jens,Korea Republic,DF,0,0,0,0,0,0,0.0,0.0,0,0,2,13,5,3,0,0,0,0,0,30,90,4,25,2,100,1,100,,,,19,4,15,0,3,16,3,13,12,65,2.16,40,32,5519.79,,,,,,,,0.0,51.0,683.0,0.0,False
522282,285023_43822,Cho Wije,Korea Republic,DF,0,0,0,0,0,0,0.0,0.0,0,0,0,0,0,0,0,0,0,0,0,0,0,0,0,0,0,0,0,,,,0,0,0,0,0,0,0,0,0,0,0.0,0,0,0.0,,,,,,,,0.0,0.0,261.0,0.0,False
395088,285023_43822,Kim Minjae,Korea Republic,DF,1,1,0,1,0,1,0.1,0.0,0,0,3,13,4,2,0,0,0,0,0,226,98,0,0,0,0,0,0,,,,33,0,0,33,20,13,0,2,43,459,5.97,264,91,26815.14,,,,,,,,0.0,268.0,1069.0,0.0,False
448580,285023_43822,Kim Moonhwan,Korea Republic,DF,0,0,0,0,0,0,0.0,0.0,0,0,11,19,2,0,0,0,0,0,0,25,88,0,0,0,0,0,0,,,,27,14,9,4,10,17,0,7,1,49,2.29,109,52,8571.36,,,,,,,,0.0,74.0,736.0,0.0,False
418485,285023_43822,Kim Taehyeon,Korea Republic,DF,0,0,0,0,0,0,0.0,0.0,0,0,0,0,0,0,0,0,0,0,0,0,0,0,0,0,0,0,0,,,,0,0,0,0,0,0,0,0,0,0,0.0,0,0,0.0,,,,,,,,0.0,0.0,261.0,0.0,False
423874,285023_43822,Lee Hanbeom,Korea Republic,DF,0,2,0,2,0,2,0.22,0.0,0,0,5,41,22,7,3,0,0,0,0,200,92,2,50,3,33,1,100,,,,53,6,8,39,3,50,1,10,33,403,6.23,365,107,31151.94,,,,,,,,0.0,300.0,1109.0,0.0,False
423880,285023_43822,Lee Taeseok,Korea Republic,DF,0,0,0,0,0,0,0.0,0.0,0,0,4,25,5,3,1,0,0,0,0,45,87,9,33,4,75,1,100,,,,56,32,20,4,18,38,3,14,20,103,4.44,151,68,13302.6,,,,,,,,0.0,120.0,850.0,0.0,False
479316,285023_43822,Park Jinseob,Korea Republic,DF,1,1,0,1,0,1,0.24,0.0,0,0,1,1,0,0,1,0,0,0,0,52,94,0,0,1,0,0,0,,,,8,2,2,4,4,4,1,1,6,108,4.68,64,13,4973.55,,,,,,,,0.0,44.0,658.0,0.0,False
429608,285023_43822,Seol Youngwoo,Korea Republic,DF,0,2,0,1,1,0,0.03,0.0,0,0,6,41,6,1,2,0,0,0,4,123,92,11,27,6,83,0,0,,,,86,42,38,6,42,44,9,40,58,258,6.66,309,155,30578.14,,,,,,,,0.0,274.0,1078.0,0.0,False
430387,285023_43822,Cho Guesung,Korea Republic,FW,1,2,0,2,0,2,0.51,0.0,0,0,4,13,1,1,0,1,0,0,0,7,57,0,0,0,0,0,0,,,,16,11,5,0,10,6,2,8,7,19,4.22,37,22,4408.36,,,,,,,,0.0,41.0,650.0,0.0,False
448586,285023_43822,Oh Hyeongyu,Korea Republic,FW,2,4,25,4,0,2,0.6,1.67,0,0,4,51,5,0,1,0,0,0,0,22,68,1,0,2,50,0,0,,,,65,35,27,3,52,13,3,22,26,62,6.26,158,64,15016.21,,,,,,,,1.0,145.0,101.0,0.0,False
307849,285023_43822,Son Heungmin,Korea Republic,FW,1,7,0,4,3,0,0.81,0.0,3,0,9,54,0,0,4,0,0,0,2,58,84,3,33,2,50,0,0,,,,97,51,34,12,70,27,6,35,50,142,6.14,169,96,18757.38,,,,,,,,0.0,183.0,962.0,0.0,False
397753,285023_43822,Jo Hyeonwoo,Korea Republic,GK,0,0,0,0,0,0,0.0,0.0,0,0,0,0,0,0,0,0,0,0,0,0,0,0,0,0,0,0,0,0.0,0.0,0.0,0,0,0,0,0,0,0,0,0,0,0.0,0,0,0.0,,,,,,,,0.0,0.0,261.0,0.0,False
274281,285023_43822,Kim Seunggyu,Korea Republic,GK,0,0,0,0,0,0,0.0,0.0,0,0,0,0,0,0,0,0,0,0,0,116,73,0,0,9,11,2,50,11.0,42.0,34.0,38,0,0,38,27,11,0,0,7,230,3.14,37,14,15687.05,,,,,,,,0.0,300.0,1109.0,0.0,False
402820,285023_43822,Song Bumkeun,Korea Republic,GK,0,0,0,0,0,0,0.0,0.0,0,0,0,0,0,0,0,0,0,0,0,0,0,0,0,0,0,0,0,0.0,0.0,0.0,0,0,0,0,0,0,0,0,0,0,0.0,0,0,0.0,,,,,,,,0.0,0.0,261.0,0.0,False
464374,285023_43822,Bae Junho,Korea Republic,MF,0,0,0,0,0,0,0.0,0.0,0,0,0,0,0,0,0,0,0,0,0,0,0,0,0,0,0,0,0,,,,0,0,0,0,0,0,0,0,0,0,0.0,0,0,0.0,,,,,,,,0.0,0.0,261.0,0.0,False
423855,285023_43822,Eom Jisung,Korea Republic,MF,0,0,0,0,0,0,0.0,0.0,0,0,0,2,0,0,1,0,0,0,0,9,100,3,67,2,100,0,0,,,,15,7,6,2,4,11,2,5,3,23,4.64,72,36,6234.99,,,,,,,,0.0,53.0,692.0,0.0,False
395083,285023_43822,Hwang Heechan,Korea Republic,MF,0,1,0,0,1,0,0.01,0.0,0,0,3,25,3,1,2,0,0,0,0,47,85,1,0,3,100,1,100,,,,57,15,28,14,28,29,1,18,29,105,6.27,144,62,12925.63,,,,,,,,0.0,123.0,858.0,0.0,False
395084,285023_43822,Hwang Inbeom,Korea Republic,MF,2,4,25,2,2,0,0.37,2.74,0,0,20,62,10,1,1,0,0,0,0,218,89,3,67,5,80,2,100,,,,177,12,64,101,135,42,3,11,68,459,6.78,372,97,32488.04,,,,,,,,1.0,286.0,64.0,1.0,False
430385,285023_43822,Kim Jingyu,Korea Republic,MF,0,1,0,0,1,0,0.01,0.0,0,0,3,16,3,0,1,0,0,0,0,56,96,1,0,2,100,0,0,,,,14,1,6,7,11,3,0,5,19,122,5.21,99,26,7803.84,,,,,,,,0.0,64.0,713.0,0.0,False
429600,285023_43822,Lee Donggyeong,Korea Republic,MF,0,0,0,0,0,0,0.0,0.0,0,0,0,0,0,0,0,0,0,0,0,0,0,0,0,0,0,0,0,,,,0,0,0,0,0,0,0,0,0,0,0.0,0,0,0.0,,,,,,,,0.0,0.0,261.0,0.0,False
492315,285023_43822,Lee Gihyuk,Korea Republic,MF,0,0,0,0,0,0,0.0,0.0,0,0,6,19,4,2,2,1,0,0,0,236,92,4,0,3,0,4,100,,,,70,0,7,63,21,49,0,2,71,500,6.18,388,125,30898.48,,,,,,,,0.0,300.0,1109.0,0.0,False
390525,285023_43822,Lee Jaesung,Korea Republic,MF,1,2,0,2,0,1,0.14,0.0,0,0,10,46,6,1,4,0,0,0,1,59,78,1,0,2,100,1,0,,,,66,18,38,10,43,23,4,28,40,137,4.63,205,85,14542.7,,,,,,,,0.0,125.0,862.0,0.0,False
418490,285023_43822,Lee Kangin,Korea Republic,MF,1,4,0,1,3,0,0.15,0.0,9,0,11,81,4,1,7,1,0,0,0,159,88,20,25,12,75,7,86,,,,161,12,71,78,62,99,0,42,108,376,5.68,264,69,28433.53,,,,,,,,0.0,300.0,232.0,1.0,False
402817,285023_43822,Paik Seungho,Korea Republic,MF,0,0,0,0,0,0,0.0,0.0,0,0,2,31,5,1,2,1,0,0,0,152,89,1,0,7,43,1,100,,,,134,4,43,87,92,42,1,10,67,317,6.66,269,63,23909.61,,,,,,,,0.0,216.0,1012.0,0.0,False
448585,285023_43822,Yang Hyunjun,Korea Republic,MF,1,1,0,1,0,0,0.19,0.0,0,0,2,10,1,1,0,0,0,0,1,13,69,0,0,0,0,0,0,,,,9,1,6,2,2,7,1,1,10,28,2.31,37,21,2936.45,,,,,,,,0.0,25.0,598.0,0.0,False
395516,285023_43911,Cesar Montes,Mexico,DF,1,1,0,1,0,1,0.06,0.0,0,0,8,13,4,3,4,0,1,0,0,131,91,2,0,4,25,1,100,,,,13,2,0,11,6,7,0,3,20,282,5.34,237,78,26780.16,,,,,,,,0.0,299.0,1108.0,0.0,False
400634,285023_43911,Edson Alvarez,Mexico,DF,0,0,0,0,0,0,0.0,0.0,0,0,3,29,9,4,2,1,0,0,0,126,88,1,100,3,0,3,67,,,,93,2,27,64,66,27,0,2,35,265,4.54,288,87,22977.48,328.0,76.0,320.0,4.340903282165527,6.1707024574279785,5.042739868164063,,0.0,221.0,1018.0,0.0,True
441261,285023_43911,Israel Reyes,Mexico,DF,0,2,0,2,0,1,0.06,0.0,0,0,3,11,2,1,0,0,0,0,0,102,91,2,50,2,0,6,67,,,,51,7,12,32,9,42,1,2,28,206,6.45,272,65,24823.63,243.0,22.0,297.0,4.616825580596924,6.808748245239258,5.153513431549072,,0.0,237.0,1033.0,0.0,True
402772,285023_43911,Jesus Gallardo,Mexico,DF,0,3,0,2,1,0,0.11,0.0,0,0,6,57,16,5,1,0,0,0,0,128,82,5,20,7,14,2,100,,,,85,16,34,35,12,73,2,23,37,260,6.22,308,100,32678.44,220.0,15.0,311.0,4.659085750579834,6.921806335449219,5.078948974609375,,0.0,324.0,1182.0,0.0,True
425701,285023_43911,Johan Vasquez,Mexico,DF,0,1,0,1,0,1,0.22,0.0,0,0,6,9,2,0,2,0,0,0,0,174,93,0,0,3,67,0,0,,,,41,1,4,36,12,29,0,5,24,360,4.6,336,100,31238.83,274.0,96.0,228.0,4.547868251800537,6.030199527740479,5.496882915496826,,0.0,305.0,1133.0,0.0,True
403596,285023_43911,Jorge Sanchez,Mexico,DF,1,1,0,1,0,0,0.04,0.0,0,0,14,72,18,3,1,0,0,0,1,101,91,4,25,1,0,0,0,,,,95,32,30,33,23,72,2,16,25,207,5.04,411,184,34115.76,142.0,73.0,197.0,4.924066066741943,6.181884765625,5.646827220916748,,0.0,304.0,236.0,1.0,True
500038,285023_43911,Mateo Chavez,Mexico,DF,1,1,100,1,0,0,0.49,2.04,0,0,5,18,3,1,1,0,0,0,0,26,88,1,0,2,50,0,0,,,,50,9,27,14,14,36,0,6,5,49,1.56,96,41,8450.23,,,,,,,,1.0,81.0,90.0,0.0,False
430766,285023_43911,Alexis Vega,Mexico,FW,0,0,0,0,0,0,0.0,0.0,0,0,1,3,0,0,0,0,0,0,0,10,100,1,0,1,0,0,0,,,,12,5,4,3,7,5,2,3,6,25,1.53,28,10,1915.42,,,,,,,,0.0,18.0,568.0,0.0,False
514336,285023_43911,Armando Gonzalez,Mexico,FW,0,0,0,0,0,0,0.0,0.0,0,0,0,7,0,1,0,0,0,0,0,1,100,0,0,0,0,0,0,,,,7,4,3,0,5,2,0,4,4,5,1.47,25,14,2086.01,,,,,,,,0.0,21.0,582.0,0.0,False
406135,285023_43911,Cesar Huerta,Mexico,FW,0,0,0,0,0,0,0.0,0.0,0,0,0,4,1,0,0,0,0,0,0,2,100,0,0,0,0,0,0,,,,3,3,0,0,0,3,0,1,3,5,1.86,21,7,1580.4,,,,,,,,0.0,12.0,542.0,0.0,False
386339,285023_43911,Guillermo Martinez,Mexico,FW,0,0,0,0,0,0,0.0,0.0,0,0,2,37,2,3,1,0,0,0,0,12,92,1,0,0,0,0,0,,,,32,18,14,0,29,3,0,13,14,32,1.61,76,37,7134.93,,,,,,,,0.0,66.0,719.0,0.0,False
429157,285023_43911,Julian Quinones,Mexico,FW,5,11,27,7,4,2,1.7,1.76,0,0,11,145,7,5,7,0,0,0,1,106,80,3,33,5,100,1,100,,,,202,83,97,22,100,102,5,66,120,278,6.6,486,205,39050.0,9.0,193.0,30.0,6.815557956695557,5.4334893226623535,6.740291118621826,,3.0,354.0,11.0,1.0,True
356731,285023_43911,Raul Jimenez,Mexico,FW,4,10,20,7,3,5,1.87,1.07,0,0,9,59,3,4,2,0,0,0,1,53,74,0,0,7,57,0,0,,,,114,50,62,2,84,30,6,57,59,144,4.26,220,104,22902.77,66.0,179.0,163.0,5.65869665145874,5.503309726715088,5.775893688201904,,2.0,241.0,41.0,0.0,True
403585,285023_43911,Roberto Alvarado,Mexico,FW,0,5,0,2,3,0,0.28,0.0,5,0,6,60,9,3,4,0,0,0,1,146,81,12,42,12,58,1,100,,,,143,45,73,25,59,84,3,54,75,329,6.34,452,156,38909.71,111.0,145.0,11.0,5.24617862701416,5.739736080169678,7.087615966796875,,0.0,369.0,168.0,3.0,True
430759,285023_43911,Santiago Gimenez,Mexico,FW,1,1,0,1,0,0,0.3,0.0,0,0,3,24,3,1,3,0,0,0,0,11,45,0,0,0,0,0,0,,,,29,20,9,0,19,10,3,15,16,33,4.84,111,34,8054.44,,,,,,,,0.0,76.0,745.0,0.0,False
441260,285023_43911,Carlos Acevedo,Mexico,GK,0,0,0,0,0,0,0.0,0.0,0,0,0,0,0,0,0,0,0,0,0,0,0,0,0,0,0,0,0,0.0,0.0,0.0,0,0,0,0,0,0,0,0,0,0,0.0,0,0,0.0,,,,,,,,,,,0.0,False
215285,285023_43911,Guillermo Ochoa,Mexico,GK,0,0,0,0,0,0,0.0,0.0,0,0,0,0,0,0,0,0,0,0,0,9,44,0,0,2,50,0,0,0.0,3.0,3.0,2,0,0,2,1,1,0,0,0,14,0.92,5,0,1147.02,,,,,,,,0.0,18.0,566.0,0.0,False
485070,285023_43911,Raul Rangel,Mexico,GK,0,0,0,0,0,0,0.0,0.0,0,0,0,0,0,0,0,0,0,0,0,132,73,0,0,4,0,1,100,6.0,48.0,38.0,59,1,0,58,40,19,0,0,7,261,3.18,60,8,20544.93,,,,,,,,0.0,386.0,1206.0,0.0,False
416576,285023_43911,Alvaro Fidalgo,Mexico,MF,1,1,100,1,0,0,0.33,3.04,0,0,5,33,4,0,2,0,0,0,0,47,89,1,0,3,0,0,0,,,,60,5,39,16,31,29,0,15,12,104,3.92,189,71,11902.43,,,,,,,,1.0,93.0,94.0,0.0,False
464533,285023_43911,Brian Gutierrez,Mexico,MF,0,5,0,2,3,0,0.35,0.0,1,0,14,61,8,4,2,1,0,0,0,48,85,1,0,2,50,0,0,,,,102,24,60,18,69,33,3,22,33,117,4.84,274,94,20049.76,,,,,,,,0.0,184.0,966.0,0.0,False
419518,285023_43911,Erik Lira,Mexico,MF,0,0,0,0,0,0,0.0,0.0,0,0,16,62,17,2,3,0,0,0,0,126,90,1,100,1,0,1,100,,,,113,2,53,58,85,28,1,11,36,270,5.12,383,103,32360.9,294.0,87.0,221.0,4.492576122283936,6.079370498657227,5.541401386260986,,0.0,283.0,226.0,1.0,True
500037,285023_43911,Gilberto Mora,Mexico,MF,0,4,0,2,2,0,0.11,0.0,1,0,13,68,3,1,3,0,0,0,0,63,90,4,25,4,75,1,100,,,,118,27,69,22,72,46,2,31,39,154,4.88,278,94,18888.04,128.0,159.0,40.0,4.998045444488525,5.635547637939453,6.57443904876709,,0.0,170.0,934.0,0.0,True
448051,285023_43911,Luis Chavez,Mexico,MF,0,0,0,0,0,0,0.0,0.0,0,0,1,4,3,1,0,0,0,0,0,28,100,1,0,1,100,0,0,,,,16,0,6,10,2,14,0,4,4,61,1.36,42,16,2876.74,,,,,,,,0.0,31.0,618.0,0.0,False
430763,285023_43911,Luis Romo,Mexico,MF,1,2,50,1,1,0,0.07,14.19,0,0,13,54,8,1,2,0,0,0,0,81,86,2,50,3,33,0,0,,,,116,30,55,31,88,28,2,11,56,188,5.25,385,118,25531.12,46.0,142.0,126.0,5.9065842628479,5.747804164886475,5.922398567199707,,1.0,218.0,62.0,1.0,True
461177,285023_43911,Obed Vargas,Mexico,MF,1,1,0,0,1,0,0.02,0.0,0,0,3,20,2,1,0,0,0,0,0,22,91,0,0,3,33,0,0,,,,24,1,14,9,20,4,0,9,17,53,5.27,181,47,10044.8,,,,,,,,0.0,85.0,764.0,0.0,False
372090,285023_43911,Orbelin Pineda,Mexico,MF,0,1,0,1,0,0,0.09,0.0,0,0,3,33,1,0,2,0,0,0,0,5,100,0,0,1,0,0,0,,,,19,7,9,3,14,5,0,6,11,20,3.76,87,32,5754.74,,,,,,,,0.0,45.0,663.0,0.0,False
400721,285023_43872,Achraf Hakimi,Morocco,DF,4,13,8,6,7,0,0.91,1.1,17,0,16,65,26,6,14,1,0,0,0,385,90,33,30,7,86,6,83,,,,226,69,103,54,90,136,11,83,145,841,5.89,546,252,53833.04,63.0,39.0,32.0,5.685664176940918,6.490420818328857,6.689000129699707,,1.0,549.0,55.0,2.0,True
424071,285023_43872,Anass Salah Eddine,Morocco,DF,0,1,0,0,1,0,0.01,0.0,0,0,0,18,8,3,2,0,0,0,0,124,92,3,0,1,100,0,0,,,,32,11,5,16,5,27,3,8,52,255,3.44,142,59,15424.64,,,,,,,,0.0,162.0,918.0,0.0,False
448607,285023_43872,Chadi Riad,Morocco,DF,0,1,0,1,0,1,0.12,0.0,0,0,7,30,12,0,1,0,0,0,0,226,94,0,0,1,0,1,100,,,,77,0,3,74,48,29,0,2,22,464,4.73,393,99,38595.32,,,,,,,,0.0,390.0,250.0,1.0,False
403083,285023_43872,Issa Diop,Morocco,DF,1,1,100,1,0,1,0.12,8.02,0,0,4,11,2,3,1,2,0,0,0,275,92,0,0,3,0,0,0,,,,30,1,1,28,8,22,0,4,20,567,4.33,346,80,39019.12,93.0,35.0,359.0,5.412150859832764,6.564397811889648,4.400058269500732,,1.0,433.0,162.0,0.0,True
411680,285023_43872,Noussair Mazraoui,Morocco,DF,0,0,0,0,0,0,0.0,0.0,0,0,28,57,19,3,6,0,0,0,0,222,90,4,0,5,40,0,0,,,,31,7,12,12,12,19,3,7,36,452,5.33,331,128,39362.24,347.0,3.0,264.0,4.203802108764648,7.489504337310791,5.333625793457031,,0.0,440.0,1267.0,0.0,True
485767,285023_43872,Redouane Halhal,Morocco,DF,0,0,0,0,0,0,0.0,0.0,0,0,4,12,9,3,5,1,0,0,1,119,95,0,0,0,0,1,100,,,,13,0,0,13,1,12,0,0,37,260,2.23,154,62,19377.5,,,,,,,,0.0,208.0,999.0,0.0,False
494742,285023_43872,Youssef Belammari,Morocco,DF,0,0,0,0,0,0,0.0,0.0,0,0,0,0,0,0,0,0,0,0,0,0,0,0,0,0,0,0,0,,,,0,0,0,0,0,0,0,0,0,0,0.0,0,0,0.0,,,,,,,,0.0,0.0,261.0,0.0,False
485756,285023_43872,Zakaria El Ouahdi,Morocco,DF,0,0,0,0,0,0,0.0,0.0,0,0,0,0,0,0,0,0,0,0,0,0,0,0,0,0,0,0,0,,,,0,0,0,0,0,0,0,0,0,0,0.0,0,0,0.0,,,,,,,,0.0,0.0,261.0,0.0,False
411678,285023_43872,Ayoub El Kaabi,Morocco,FW,2,3,0,3,0,0,0.31,0.0,0,0,2,25,7,1,1,0,0,0,3,10,70,0,0,0,0,0,0,,,,59,45,12,2,39,20,2,10,14,31,1.4,108,59,8709.76,,,,,,,,0.0,74.0,737.0,0.0,False
523288,285023_43872,Ayoube Amaimouni,Morocco,FW,1,2,0,2,0,0,0.29,0.0,0,0,4,10,3,1,0,0,0,0,0,9,89,1,0,0,0,1,0,,,,12,8,3,1,6,6,1,11,12,30,3.33,73,35,4598.41,,,,,,,,0.0,33.0,630.0,0.0,False
430740,285023_43872,Brahim Diaz,Morocco,FW,1,5,0,4,1,0,0.29,0.0,1,0,14,123,17,3,8,0,0,0,0,140,90,5,60,10,50,0,0,,,,172,59,85,28,91,81,5,73,117,345,5.91,454,200,41478.47,58.0,323.0,18.0,5.713639259338379,4.850802898406982,6.974554538726807,,0.0,422.0,165.0,4.0,True
433426,285023_43872,Soufiane Rahimi,Morocco,FW,4,6,33,5,1,2,1.59,1.26,0,0,4,57,10,5,6,0,0,0,2,32,75,5,40,4,25,0,0,,,,90,64,21,5,70,20,10,29,30,101,7.34,270,123,21306.98,,,,,,,,2.0,180.0,24.0,1.0,False
371553,285023_43872,Ahmed Reda Tagnaouti,Morocco,GK,0,0,0,0,0,0,0.0,0.0,0,0,0,0,0,0,0,0,0,0,0,0,0,0,0,0,0,0,0,0.0,0.0,0.0,0,0,0,0,0,0,0,0,0,0,0.0,0,0,0.0,,,,,,,,0.0,0.0,261.0,0.0,False
395755,285023_43872,Munir El Kajoui,Morocco,GK,0,0,0,0,0,0,0.0,0.0,0,0,0,0,0,0,0,0,0,0,0,0,0,0,0,0,0,0,0,0.0,0.0,0.0,0,0,0,0,0,0,0,0,0,0,0.0,0,0,0.0,,,,,,,,,,,0.0,False
356956,285023_43872,Yassine Bounou,Morocco,GK,0,0,0,0,0,0,0.0,0.0,0,1,0,0,0,0,4,0,0,0,0,174,67,0,0,8,0,0,0,12.0,85.0,67.0,30,0,0,30,16,14,0,0,7,321,2.58,28,3,23478.08,,,,,,,,0.0,549.0,1289.0,0.0,False
485760,285023_43872,Ayyoub Bouaddi,Morocco,MF,0,3,0,0,3,0,0.14,0.0,0,0,19,84,28,2,6,0,0,0,0,226,90,0,0,1,100,1,100,,,,144,18,39,87,95,49,0,14,98,494,5.32,491,141,39895.09,217.0,44.0,278.0,4.67138671875,6.424352169036865,5.226677894592285,,0.0,358.0,1197.0,0.0,True
441307,285023_43872,Azzedine Ounahi,Morocco,MF,2,4,50,1,3,0,0.28,7.03,2,0,18,153,13,2,6,1,0,0,0,245,90,3,67,14,64,3,100,,,,241,50,94,97,137,104,2,62,101,528,6.59,517,224,42341.55,25.0,307.0,46.0,6.245397090911865,4.899636745452881,6.440932750701904,,2.0,376.0,47.0,0.0,True
448612,285023_43872,Bilal El Khannouss,Morocco,MF,4,6,0,2,4,1,0.28,0.0,2,0,14,104,16,5,4,1,0,0,0,212,78,14,14,21,67,1,100,,,,136,38,78,20,51,85,8,67,113,489,6.0,469,199,43579.91,185.0,139.0,79.0,4.778095245361328,5.755778789520264,6.214325428009033,,0.0,435.0,1262.0,0.0,True
494293,285023_43872,Chemsdine Talbi,Morocco,MF,0,2,0,1,1,0,0.05,0.0,0,0,5,31,4,0,0,0,0,0,0,35,86,7,14,1,100,0,0,,,,53,25,17,11,11,42,0,16,24,98,5.66,187,87,14533.76,,,,,,,,0.0,128.0,195.0,1.0,False
505112,285023_43872,Gessime Yassine,Morocco,MF,1,1,100,1,0,0,0.42,2.35,1,0,1,11,5,1,2,0,0,0,0,30,87,0,0,2,50,1,0,,,,37,19,9,9,16,21,0,14,27,68,2.49,83,31,8431.83,,,,,,,,1.0,78.0,89.0,0.0,False
448598,285023_43872,Ismael Saibari,Morocco,MF,3,10,30,7,3,1,1.01,2.97,0,0,32,181,17,8,3,0,0,0,3,95,84,7,29,8,75,1,100,,,,298,151,117,30,182,116,9,67,94,246,6.64,615,315,45216.86,12.0,270.0,91.0,6.589122295379639,5.148232460021973,6.137832164764404,,3.0,411.0,20.0,0.0,True
485740,285023_43872,Neil El Aynaoui,Morocco,MF,2,6,0,4,2,3,0.56,0.0,1,0,38,106,42,11,7,0,0,0,0,376,93,0,0,3,0,3,67,,,,310,34,90,186,230,80,1,22,144,796,6.76,713,239,59775.75,317.0,10.0,349.0,4.417823314666748,7.098959922790527,4.688016414642334,,0.0,533.0,1288.0,0.0,True
505097,285023_43872,Samir El Mourabet,Morocco,MF,0,0,0,0,0,0,0.0,0.0,1,0,6,33,5,0,1,0,0,0,0,110,91,1,0,4,50,1,100,,,,50,10,21,19,34,16,0,13,35,231,7.58,216,85,14604.02,,,,,,,,0.0,121.0,855.0,0.0,False
372266,285023_43872,Sofyan Amrabat,Morocco,MF,0,0,0,0,0,0,0.0,0.0,0,0,10,39,16,4,2,0,0,0,0,81,93,0,0,3,67,2,100,,,,50,1,9,40,44,6,0,2,18,167,2.55,212,65,14953.16,,,,,,,,0.0,140.0,881.0,0.0,False
436612,285023_43960,Denzel Dumfries,Netherlands,DF,2,5,0,4,1,2,0.44,0.0,0,0,24,74,8,6,3,0,0,0,1,179,82,17,29,13,54,0,0,,,,82,40,29,13,18,64,13,44,56,379,6.05,470,183,43452.06,,,,,,,,0.0,432.0,180.0,2.0,False
489517,285023_43960,Jan Paul Van Hecke,Netherlands,DF,2,3,33,3,0,3,0.15,6.86,0,0,11,56,17,4,2,0,0,0,0,360,93,1,0,5,60,4,75,,,,43,2,3,38,13,30,0,5,48,739,5.92,374,114,42651.39,133.0,59.0,200.0,4.9573893547058105,6.310612201690674,5.641765117645264,,1.0,432.0,161.0,0.0,True
483512,285023_43960,Jorrel Hato,Netherlands,DF,0,0,0,0,0,0,0.0,0.0,0,0,1,23,4,0,0,0,0,0,0,4,50,1,100,0,0,0,0,,,,3,2,1,0,2,1,0,0,5,11,1.55,45,17,4437.91,,,,,,,,0.0,43.0,654.0,0.0,False
483553,285023_43960,Lutsharel Geertruida,Netherlands,DF,0,0,0,0,0,0,0.0,0.0,0,0,0,0,0,0,0,0,0,0,0,0,0,0,0,0,0,0,0,,,,0,0,0,0,0,0,0,0,0,0,0.0,0,0,0.0,,,,,,,,0.0,0.0,261.0,0.0,False
483481,285023_43960,Mats Wieffer,Netherlands,DF,0,0,0,0,0,0,0.0,0.0,0,0,0,0,0,0,0,0,0,0,0,0,0,0,0,0,0,0,0,,,,0,0,0,0,0,0,0,0,0,0,0.0,0,0,0.0,,,,,,,,0.0,0.0,261.0,0.0,False
448140,285023_43960,Micky Van De Ven,Netherlands,DF,1,3,0,2,1,2,0.13,0.0,0,0,8,87,13,5,1,1,0,0,0,117,90,3,0,3,67,0,0,,,,18,8,2,8,5,13,3,11,24,242,4.22,245,92,27342.03,,,,,,,,0.0,291.0,1094.0,0.0,False
336088,285023_43960,Nathan Ake,Netherlands,DF,0,1,0,1,0,1,0.14,0.0,0,0,8,19,4,2,2,0,0,0,0,123,91,1,0,3,0,0,0,,,,28,1,5,22,5,23,0,3,17,253,4.51,136,49,18580.35,,,,,,,,0.0,189.0,970.0,0.0,False
397786,285023_43960,Virgil Van Dijk,Netherlands,DF,2,2,50,2,0,2,0.14,7.26,0,0,10,11,4,2,2,0,0,0,0,347,95,0,0,1,100,1,100,,,,35,0,1,34,17,18,1,4,40,718,5.3,292,100,38197.13,88.0,111.0,220.0,5.453144550323486,5.900674343109131,5.543290615081787,,1.0,432.0,76.0,1.0,True
424051,285023_43960,Brian Brobbey,Netherlands,FW,3,4,75,4,0,0,1.4,2.14,0,0,18,53,2,4,3,0,0,0,2,21,86,1,0,0,0,0,0,,,,91,75,13,3,77,14,5,25,28,61,5.72,226,77,22528.72,15.0,257.0,219.0,6.4913506507873535,5.1998724937438965,5.556449890136719,,3.0,245.0,13.0,0.0,True
448152,285023_43960,Cody Gakpo,Netherlands,FW,6,10,30,8,2,2,1.35,2.23,1,0,15,127,7,3,3,0,0,0,3,100,79,10,10,18,67,1,0,,,,103,56,39,8,54,49,5,86,72,257,5.98,418,177,39227.0,13.0,297.0,58.0,6.587228298187256,4.967573642730713,6.3269877433776855,,3.0,394.0,12.0,1.0,True
489518,285023_43960,Crysencio Summerville,Netherlands,FW,2,2,100,1,1,0,0.16,12.33,3,0,17,75,13,2,5,1,0,0,1,67,84,8,13,6,83,0,0,,,,80,39,28,13,40,40,6,46,62,182,6.16,285,131,28089.07,8.0,276.0,10.0,6.909579277038574,5.092770099639893,7.089201927185059,,2.0,282.0,22.0,2.0,True
433066,285023_43960,Donyell Malen,Netherlands,FW,2,4,0,2,2,1,0.22,0.0,0,0,8,47,7,0,2,0,0,0,0,34,79,8,25,5,60,0,0,,,,82,40,30,12,46,36,4,42,38,107,4.34,178,81,18907.07,,,,,,,,0.0,197.0,975.0,0.0,False
336098,285023_43960,Memphis Depay,Netherlands,FW,0,0,0,0,0,0,0.0,0.0,1,0,0,31,2,1,1,1,0,0,0,17,88,1,100,2,100,1,100,,,,35,19,14,2,31,4,0,17,18,39,5.39,137,50,8184.41,,,,,,,,0.0,68.0,189.0,1.0,False
448153,285023_43960,Noa Lang,Netherlands,FW,0,0,0,0,0,0,0.0,0.0,0,0,2,6,1,0,1,0,0,0,0,13,85,1,0,2,100,0,0,,,,8,1,5,2,1,7,0,5,2,26,3.65,35,12,2122.19,,,,,,,,0.0,17.0,561.0,0.0,False
448159,285023_43960,Wout Weghorst,Netherlands,FW,0,0,0,0,0,0,0.0,0.0,0,0,2,53,2,1,2,0,0,0,0,7,57,0,0,1,0,0,0,,,,8,5,3,0,7,1,1,8,10,21,1.8,109,30,7013.96,,,,,,,,0.0,58.0,700.0,0.0,False
424081,285023_43960,Bart Verbruggen,Netherlands,GK,0,0,0,0,0,0,0.0,0.0,0,0,0,0,0,0,0,0,0,0,0,123,72,0,0,2,0,0,0,17.0,57.0,54.0,28,0,0,28,22,6,0,0,0,237,2.99,35,6,21588.04,,,,,,,,0.0,432.0,1261.0,0.0,False
448151,285023_43960,Mark Flekken,Netherlands,GK,0,0,0,0,0,0,0.0,0.0,0,0,0,0,0,0,0,0,0,0,0,0,0,0,0,0,0,0,0,0.0,0.0,0.0,0,0,0,0,0,0,0,0,0,0,0.0,0,0,0.0,,,,,,,,0.0,0.0,261.0,0.0,False
506028,285023_43960,Robin Roefs,Netherlands,GK,0,0,0,0,0,0,0.0,0.0,0,0,0,0,0,0,0,0,0,0,0,0,0,0,0,0,0,0,0,0.0,0.0,0.0,0,0,0,0,0,0,0,0,0,0,0.0,0,0,0.0,,,,,,,,0.0,0.0,261.0,0.0,False
422657,285023_43960,Frenkie De Jong,Netherlands,MF,0,1,0,1,0,0,0.04,0.0,0,0,7,85,22,6,6,0,0,0,0,243,92,0,0,5,80,2,100,,,,143,2,32,109,106,37,0,8,69,519,6.5,424,109,38652.6,,,,,,,,0.0,360.0,1199.0,0.0,False
448157,285023_43960,Guus Til,Netherlands,MF,0,0,0,0,0,0,0.0,0.0,0,0,1,20,1,0,0,0,0,0,0,8,88,0,0,1,0,0,0,,,,20,11,8,1,9,11,0,6,5,19,1.75,56,28,4267.29,,,,,,,,0.0,36.0,632.0,0.0,False
478364,285023_43960,Justin Kluivert,Netherlands,MF,0,0,0,0,0,0,0.0,0.0,0,0,2,12,0,0,2,0,0,0,0,7,100,1,0,0,0,0,0,,,,29,13,14,2,15,14,2,3,5,18,3.51,60,20,3868.51,,,,,,,,0.0,32.0,624.0,0.0,False
402044,285023_43960,Marten De Roon,Netherlands,MF,0,0,0,0,0,0,0.0,0.0,0,0,0,1,0,0,0,0,0,0,0,1,100,0,0,0,0,0,0,,,,1,0,0,1,1,0,0,0,0,2,1.75,23,4,1374.64,,,,,,,,0.0,11.0,529.0,0.0,False
484859,285023_43960,Quinten Timber,Netherlands,MF,0,0,0,0,0,0,0.0,0.0,0,0,5,27,7,0,2,0,0,0,0,12,83,2,50,2,50,0,0,,,,19,7,6,6,8,11,1,5,14,32,3.41,96,29,7777.13,,,,,,,,0.0,68.0,723.0,0.0,False
430176,285023_43960,Ryan Gravenberch,Netherlands,MF,0,5,0,2,3,0,0.25,0.0,0,0,11,54,15,5,3,0,0,0,0,126,88,5,20,3,67,0,0,,,,130,29,62,39,89,41,3,32,87,308,5.99,443,129,37432.87,123.0,164.0,92.0,5.035660743713379,5.623404502868652,6.136937618255615,,0.0,374.0,176.0,2.0,True
448149,285023_43960,Teun Koopmeiners,Netherlands,MF,0,2,0,2,0,1,0.11,0.0,3,0,8,44,9,3,0,0,0,0,0,63,86,4,50,2,50,2,100,,,,44,8,13,23,29,15,0,4,7,127,7.14,228,57,16774.64,,,,,,,,0.0,145.0,893.0,0.0,False
483526,285023_43960,Tijjani Reijnders,Netherlands,MF,2,4,0,3,1,0,0.48,0.0,10,0,7,34,5,0,3,0,0,0,1,67,79,15,40,4,50,0,0,,,,165,51,68,46,118,47,3,26,35,166,4.97,286,95,23300.38,153.0,314.0,76.0,4.886405944824219,4.885438919067383,6.238072872161865,,0.0,211.0,210.0,1.0,True
419567,285023_43978,Callan Elliot,New Zealand,DF,0,0,0,0,0,0,0.0,0.0,0,0,0,4,1,0,0,0,0,0,0,6,67,0,0,0,0,0,0,,,,1,0,1,0,0,1,0,0,3,11,2.07,19,8,1875.73,,,,,,,,0.0,18.0,564.0,0.0,False
463580,285023_43978,Finn Surman,New Zealand,DF,1,2,50,2,0,2,0.24,4.18,0,0,5,28,11,4,1,0,0,0,0,145,93,0,0,1,100,0,0,,,,60,0,0,60,21,39,0,4,24,310,6.05,310,103,30931.08,,,,,,,,1.0,306.0,142.0,0.0,False
440748,285023_43978,Francis De Vries,New Zealand,DF,0,0,0,0,0,0,0.0,0.0,2,0,1,5,1,0,0,0,0,0,0,16,44,2,50,0,0,0,0,,,,13,4,4,5,4,9,0,3,4,33,4.92,56,24,3921.77,,,,,,,,0.0,32.0,621.0,0.0,False
405469,285023_43978,Liberato Cacace,New Zealand,DF,1,1,0,1,0,0,0.02,0.0,2,0,9,59,8,1,5,0,0,0,0,88,85,6,17,4,25,0,0,,,,74,31,34,9,13,61,1,25,42,197,6.67,350,111,26344.8,,,,,,,,0.0,237.0,1035.0,0.0,False
261367,285023_43978,Michael Boxall,New Zealand,DF,0,0,0,0,0,0,0.0,0.0,0,0,4,21,12,2,2,0,0,0,0,115,90,1,100,0,0,0,0,,,,26,0,0,26,9,17,0,3,18,240,5.59,181,75,22180.78,,,,,,,,0.0,237.0,1031.0,0.0,False
419572,285023_43978,Nando Pijnaker,New Zealand,DF,0,0,0,0,0,0,0.0,0.0,0,0,0,0,0,0,0,0,0,0,0,0,0,0,0,0,0,0,0,,,,0,0,0,0,0,0,0,0,0,0,0.0,0,0,0.0,,,,,,,,0.0,0.0,261.0,0.0,False
331463,285023_43978,Tim Payne,New Zealand,DF,0,1,0,0,1,0,0.02,0.0,3,0,5,57,9,2,2,0,0,0,0,87,83,9,11,3,0,0,0,,,,31,10,12,9,5,26,2,11,41,191,6.23,309,105,25040.85,,,,,,,,0.0,241.0,215.0,1.0,False
482775,285023_43978,Tyler Bindon,New Zealand,DF,1,2,0,2,0,1,0.33,0.0,0,0,4,13,4,2,1,0,0,0,0,68,72,0,0,6,33,2,50,,,,22,11,7,4,6,16,1,6,26,147,7.1,152,48,13159.9,,,,,,,,0.0,120.0,848.0,0.0,False
419577,285023_43978,Ben Waine,New Zealand,FW,0,0,0,0,0,0,0.0,0.0,0,0,0,0,0,0,0,0,0,0,0,0,0,0,0,0,0,0,0,,,,0,0,0,0,0,0,0,0,0,0,0.0,0,0,0.0,,,,,,,,0.0,0.0,261.0,0.0,False
274078,285023_43978,Chris Wood,New Zealand,FW,2,5,0,3,2,2,0.47,0.0,0,0,8,88,5,2,1,0,0,0,4,47,77,0,0,8,13,0,0,,,,108,48,59,1,77,31,0,54,55,119,6.11,333,144,31195.3,,,,,,,,0.0,306.0,175.0,2.0,False
416652,285023_43978,Jesse Randall,New Zealand,FW,0,1,0,0,1,0,0.01,0.0,3,0,3,15,2,0,1,0,0,0,0,16,75,5,40,1,0,0,0,,,,46,23,21,2,20,26,2,6,16,50,7.8,113,69,9324.27,,,,,,,,0.0,79.0,752.0,0.0,False
269592,285023_43978,Kosta Barbarouses,New Zealand,FW,0,0,0,0,0,0,0.0,0.0,0,0,0,0,0,0,0,0,0,0,0,0,0,0,0,0,0,0,0,,,,0,0,0,0,0,0,0,0,0,0,0.0,0,0,0.0,,,,,,,,0.0,0.0,261.0,0.0,False
390205,285023_43978,Logan Rogerson,New Zealand,FW,0,0,0,0,0,0,0.0,0.0,0,0,0,0,0,0,0,0,0,0,0,0,0,0,0,0,0,0,0,,,,0,0,0,0,0,0,0,0,0,0,0.0,0,0,0.0,,,,,,,,0.0,0.0,261.0,0.0,False
423574,285023_43978,Alex Paulsen,New Zealand,GK,0,0,0,0,0,0,0.0,0.0,0,0,0,0,0,0,0,0,0,0,0,0,0,0,0,0,0,0,0,0.0,0.0,0.0,0,0,0,0,0,0,0,0,0,0,0.0,0,0,0.0,,,,,,,,0.0,0.0,261.0,0.0,False
368535,285023_43978,Max Crocombe,New Zealand,GK,0,0,0,0,0,0,0.0,0.0,0,0,0,0,0,0,1,0,0,0,0,107,73,0,0,4,0,0,0,11.0,97.0,88.0,21,0,0,21,13,8,0,0,0,185,2.56,19,2,13059.58,,,,,,,,0.0,306.0,1136.0,0.0,False
390218,285023_43978,Michael Woud,New Zealand,GK,0,0,0,0,0,0,0.0,0.0,0,0,0,0,0,0,0,0,0,0,0,0,0,0,0,0,0,0,0,0.0,0.0,0.0,0,0,0,0,0,0,0,0,0,0,0.0,0,0,0.0,,,,,,,,0.0,0.0,261.0,0.0,False
371142,285023_43978,Alex Rufer,New Zealand,MF,0,0,0,0,0,0,0.0,0.0,0,0,0,0,0,0,0,0,0,0,0,0,0,0,0,0,0,0,0,,,,0,0,0,0,0,0,0,0,0,0,0.0,0,0,0.0,,,,,,,,0.0,0.0,261.0,0.0,False
423575,285023_43978,Ben Old,New Zealand,MF,0,0,0,0,0,0,0.0,0.0,0,0,2,28,4,0,1,0,0,0,0,33,76,1,0,2,0,0,0,,,,35,17,13,5,17,18,1,12,24,75,6.37,160,74,12151.2,,,,,,,,0.0,112.0,838.0,0.0,False
390196,285023_43978,Callum Mccowatt,New Zealand,MF,3,4,0,3,1,1,0.21,0.0,0,0,9,55,11,4,1,1,0,0,0,93,84,2,0,3,33,0,0,,,,110,32,55,23,59,51,3,22,53,205,7.24,334,110,20963.57,,,,,,,,0.0,173.0,942.0,0.0,False
405454,285023_43978,Elijah Just,New Zealand,MF,5,7,43,5,2,0,0.86,3.48,0,0,19,152,18,3,2,1,0,0,0,99,86,1,0,5,20,2,50,,,,162,36,101,25,100,62,2,35,72,236,6.88,460,178,33430.3,,,,,,,,3.0,291.0,15.0,0.0,False
390181,285023_43978,Joe Bell,New Zealand,MF,0,1,0,0,1,0,0.01,0.0,0,0,27,98,22,3,0,0,0,0,0,143,84,0,0,0,0,1,100,,,,94,0,49,45,69,25,0,8,47,309,7.04,472,112,32154.28,,,,,,,,0.0,275.0,1079.0,0.0,False
484817,285023_43978,Lachlan Bayliss,New Zealand,MF,0,0,0,0,0,0,0.0,0.0,0,0,0,0,0,0,0,0,0,0,0,0,0,0,0,0,0,0,0,,,,0,0,0,0,0,0,0,0,0,0,0.0,0,0,0.0,,,,,,,,0.0,0.0,261.0,0.0,False
423595,285023_43978,Marko Stamenic,New Zealand,MF,0,3,0,1,2,0,0.09,0.0,0,0,10,67,18,4,0,1,0,0,0,171,91,2,50,9,44,1,100,,,,98,6,26,66,66,32,0,9,53,364,6.52,415,133,32898.29,,,,,,,,0.0,302.0,1125.0,0.0,False
336641,285023_43978,Ryan Thomas,New Zealand,MF,0,0,0,0,0,0,0.0,0.0,0,0,2,50,7,3,3,0,0,0,0,25,72,1,0,2,0,0,0,,,,22,6,12,4,15,7,1,15,22,62,7.4,216,78,13002.61,,,,,,,,0.0,103.0,820.0,0.0,False
390209,285023_43978,Sarpreet Singh,New Zealand,MF,2,4,0,2,2,0,0.22,0.0,0,0,10,104,7,2,2,1,0,0,0,76,76,7,0,6,17,2,100,,,,139,39,77,23,65,74,1,54,63,196,7.24,381,118,27406.52,,,,,,,,0.0,227.0,1022.0,0.0,False
483505,285023_43961,David Moller Wolfe,Norway,DF,0,0,0,0,0,0,0.0,0.0,0,0,13,38,18,7,2,0,0,0,0,158,84,7,14,6,33,0,0,,,,88,21,42,25,38,50,1,18,59,325,5.0,326,137,39977.48,,,,,,,,0.0,383.0,248.0,1.0,False
483530,285023_43961,Fredrik Andre Bjorkan,Norway,DF,0,0,0,0,0,0,0.0,0.0,0,0,2,21,2,0,0,0,0,0,0,21,90,0,0,0,0,0,0,,,,18,7,5,6,3,15,1,2,7,46,1.72,70,29,5776.79,,,,,,,,0.0,50.0,676.0,0.0,False
520112,285023_43961,Henrik Falchener,Norway,DF,0,0,0,0,0,0,0.0,0.0,0,0,0,2,1,0,0,0,0,0,0,23,78,0,0,0,0,0,0,,,,0,0,0,0,0,0,0,0,8,52,1.45,64,23,6891.96,,,,,,,,0.0,71.0,730.0,0.0,False
483516,285023_43961,Kristoffer Ajer,Norway,DF,1,1,0,1,0,1,0.1,0.0,0,0,8,12,4,1,1,0,0,0,0,221,94,1,100,0,0,0,0,,,,43,2,2,39,26,17,0,2,25,479,4.82,285,91,41619.19,254.0,45.0,348.0,4.597104549407959,6.420419216156006,4.707738399505615,,0.0,416.0,1255.0,0.0,True
419672,285023_43961,Leo Ostigard,Norway,DF,1,3,33,3,0,3,0.32,3.16,0,0,1,7,3,2,1,0,0,0,0,84,82,0,0,0,0,4,25,,,,17,1,1,15,11,6,0,3,12,187,4.46,127,36,14834.49,,,,,,,,1.0,149.0,102.0,0.0,False
494625,285023_43961,Marcus Holmgren Pedersen,Norway,DF,1,1,100,1,0,0,0.16,6.1,0,0,7,43,11,2,1,0,0,0,0,94,79,6,50,4,0,0,0,,,,41,17,13,11,11,30,4,12,29,185,4.85,268,118,24813.76,50.0,343.0,299.0,5.834283351898193,4.673741340637207,5.142811298370361,,1.0,228.0,116.0,0.0,True
489696,285023_43961,Sondre Langas,Norway,DF,0,0,0,0,0,0,0.0,0.0,0,0,1,1,1,0,0,0,0,0,0,10,90,0,0,0,0,1,100,,,,4,0,0,4,1,3,0,0,1,20,3.13,26,11,2984.87,,,,,,,,0.0,29.0,610.0,0.0,False
491244,285023_43961,Torbjorn Heggem,Norway,DF,1,1,0,1,0,0,0.61,0.0,0,0,1,16,6,2,0,0,0,0,0,255,94,0,0,2,0,0,0,,,,58,0,7,51,20,38,1,3,36,516,5.04,292,99,41648.32,,,,,,,,0.0,400.0,1215.0,0.0,False
398588,285023_43961,Alexander Sorloth,Norway,FW,1,3,0,3,0,1,0.47,0.0,0,0,8,44,6,5,2,0,0,0,2,92,78,3,33,5,100,0,0,,,,79,37,41,1,25,54,3,48,57,240,5.26,345,125,31634.51,,,,,,,,0.0,291.0,1095.0,0.0,False
483448,285023_43961,Antonio Nusa,Norway,FW,1,3,33,2,1,0,0.21,4.68,0,0,5,78,11,1,4,1,0,0,1,68,76,5,20,5,40,1,100,,,,104,17,80,7,27,77,1,33,46,194,6.15,300,132,29077.2,28.0,294.0,72.0,6.1674017906188965,4.986365795135498,6.248663902282715,,1.0,291.0,135.0,0.0,True
419652,285023_43961,Erling Haaland,Norway,FW,11,17,41,15,1,5,3.63,1.93,0,0,10,70,4,5,3,0,0,0,0,40,70,0,0,4,25,0,0,,,,49,36,13,0,38,11,7,36,40,140,4.55,240,112,39593.68,5.0,312.0,327.0,7.463855266571045,4.887267589569092,5.0074076652526855,,7.0,416.0,3.0,0.0,True
419662,285023_43961,Jorgen Strand Larsen,Norway,FW,1,2,0,2,0,0,0.85,0.0,0,0,5,50,4,0,2,0,0,0,1,21,76,0,0,1,0,0,0,,,,38,24,13,1,34,4,1,19,23,48,1.47,101,41,9811.95,,,,,,,,0.0,100.0,804.0,0.0,False
483496,285023_43961,Julian Ryerson,Norway,FW,0,0,0,0,0,0,0.0,0.0,6,0,19,18,4,4,0,0,0,0,0,131,85,10,40,11,45,0,0,,,,10,2,8,0,2,8,1,14,34,281,4.03,140,43,20029.65,,,,,,,,0.0,184.0,963.0,0.0,False
483535,285023_43961,Egil Selvik,Norway,GK,0,0,0,0,0,0,0.0,0.0,0,0,0,0,0,0,0,0,0,0,0,30,63,0,0,0,0,0,0,5.0,25.0,22.0,6,0,0,6,6,0,0,0,1,49,0.75,5,0,4989.63,,,,,,,,0.0,100.0,804.0,0.0,False
373235,285023_43961,Orjan Nyland,Norway,GK,0,0,0,0,0,0,0.0,0.0,0,0,0,0,0,0,0,0,0,0,0,161,71,0,0,1,0,2,50,7.0,60.0,53.0,29,0,0,29,18,11,0,0,1,318,2.88,37,2,25175.45,,,,,,,,0.0,416.0,1255.0,0.0,False
514479,285023_43961,Sander Tangvik,Norway,GK,0,0,0,0,0,0,0.0,0.0,0,0,0,0,0,0,0,0,0,0,0,0,0,0,0,0,0,0,0,0.0,0.0,0.0,0,0,0,0,0,0,0,0,0,0,0.0,0,0,0.0,,,,,,,,0.0,0.0,261.0,0.0,False
494626,285023_43961,Andreas Schjelderup,Norway,MF,1,2,0,2,0,0,0.08,0.0,0,0,17,37,8,2,3,0,0,0,0,83,88,7,14,5,60,1,100,,,,67,17,43,7,15,52,2,42,37,212,6.51,224,82,24328.89,114.0,167.0,35.0,5.1895904541015625,5.586208343505859,6.670098304748535,,0.0,225.0,167.0,3.0,True
483497,285023_43961,Fredrik Aursnes,Norway,MF,0,1,0,0,1,0,0.0,0.0,0,0,8,46,12,5,1,0,0,0,0,131,89,2,50,5,20,1,100,,,,126,30,54,42,67,59,1,17,41,279,6.94,424,131,32590.73,,,,,,,,0.0,281.0,1083.0,0.0,False
419654,285023_43961,Jens Petter Hauge,Norway,MF,0,0,0,0,0,0,0.0,0.0,0,0,0,11,2,0,0,0,0,0,0,3,67,0,0,0,0,0,0,,,,3,0,2,1,2,1,0,0,0,7,2.08,26,14,1718.66,,,,,,,,0.0,12.0,538.0,0.0,False
419681,285023_43961,Kristian Thorstvedt,Norway,MF,1,3,0,2,1,0,0.17,0.0,0,0,0,38,5,2,1,0,0,0,0,24,79,0,0,1,0,0,0,,,,46,16,22,8,31,15,1,12,25,62,3.78,137,44,9451.89,,,,,,,,0.0,75.0,739.0,0.0,False
400716,285023_43961,Martin Odegaard,Norway,MF,2,8,0,5,3,0,0.31,0.0,9,0,13,123,11,3,4,0,0,0,0,259,90,12,25,14,57,0,0,,,,171,15,108,48,111,60,4,55,64,593,5.73,505,180,47779.2,92.0,283.0,12.0,5.422641754150391,5.050694465637207,7.072849273681641,,0.0,399.0,169.0,3.0,True
433067,285023_43961,Morten Thorsby,Norway,MF,0,0,0,0,0,0,0.0,0.0,0,0,0,33,3,1,0,0,0,0,0,18,94,0,0,0,0,0,0,,,,33,9,16,8,23,10,0,5,18,39,2.1,107,30,6205.36,,,,,,,,0.0,50.0,674.0,0.0,False
477470,285023_43961,Oscar Bobb,Norway,MF,3,3,0,3,0,0,0.48,0.0,0,0,12,66,9,1,4,0,0,0,0,87,90,1,0,3,0,0,0,,,,75,15,54,6,27,48,3,41,35,210,6.53,198,75,22661.02,,,,,,,,0.0,212.0,1010.0,0.0,False
483442,285023_43961,Patrick Berg,Norway,MF,0,2,0,0,2,0,0.08,0.0,7,0,11,90,13,3,1,1,0,0,0,137,91,10,50,0,0,2,100,,,,101,19,43,39,69,32,0,19,46,295,7.01,451,144,44152.28,118.0,280.0,59.0,5.12795877456665,5.081413269042969,6.316282749176025,,0.0,381.0,177.0,2.0,True
404645,285023_43961,Sander Berge,Norway,MF,0,0,0,0,0,0,0.0,0.0,0,0,7,47,11,2,2,0,0,0,0,304,97,1,0,2,100,1,100,,,,71,2,21,48,61,10,1,18,80,659,5.55,470,115,46665.85,,,,,,,,0.0,416.0,1255.0,0.0,False
494627,285023_43961,Thelo Aasgaard,Norway,MF,1,2,50,1,1,0,0.18,5.48,0,0,3,19,3,0,3,0,0,0,0,43,88,0,0,1,100,1,100,,,,59,9,31,19,44,15,0,14,34,99,1.67,127,39,11184.96,,,,,,,,1.0,100.0,95.0,0.0,False
385031,285023_43914,Amir Murillo,Panama,DF,1,5,0,4,1,0,0.37,0.0,0,0,11,68,15,1,7,0,0,0,1,112,79,8,50,12,58,1,100,,,,101,35,46,20,15,86,5,26,67,260,6.27,332,156,31781.32,,,,,,,,0.0,303.0,1127.0,0.0,False
441240,285023_43914,Andres Andrade,Panama,DF,0,0,0,0,0,0,0.0,0.0,0,0,10,38,19,4,0,1,0,0,0,178,83,8,0,7,29,5,80,,,,91,3,24,64,21,70,1,2,71,380,6.0,322,117,30384.6,,,,,,,,0.0,303.0,1127.0,0.0,False
418729,285023_43914,Carlos Harvey,Panama,DF,0,5,0,4,1,2,0.29,0.0,0,0,28,53,19,8,3,1,0,0,0,107,79,1,0,3,33,6,67,,,,94,10,45,39,63,31,3,23,57,255,6.82,446,118,33573.58,,,,,,,,0.0,295.0,1102.0,0.0,False
441242,285023_43914,Cesar Blackman,Panama,DF,1,2,0,2,0,0,0.08,0.0,0,0,7,41,12,2,2,1,0,0,1,79,87,0,0,2,100,0,0,,,,68,10,47,11,7,61,1,23,51,172,3.91,180,64,18333.59,,,,,,,,0.0,187.0,968.0,0.0,False
480313,285023_43914,Edgardo Farina,Panama,DF,0,0,0,0,0,0,0.0,0.0,0,0,0,0,0,0,0,0,0,0,0,0,0,0,0,0,0,0,0,,,,0,0,0,0,0,0,0,0,0,0,0.0,0,0,0.0,,,,,,,,0.0,0.0,261.0,0.0,False
337232,285023_43914,Eric Davis,Panama,DF,0,1,0,0,1,0,0.0,0.0,2,0,1,1,1,0,1,0,0,0,0,7,43,3,33,2,0,0,0,,,,5,1,4,0,2,3,0,2,4,18,4.82,30,18,1809.13,,,,,,,,0.0,14.0,553.0,0.0,False
385030,285023_43914,Fidel Escobar,Panama,DF,0,0,0,0,0,0,0.0,0.0,0,0,2,16,5,1,0,0,0,0,0,27,74,1,100,1,100,1,0,,,,8,2,3,3,1,7,0,1,20,52,1.93,106,45,9536.99,,,,,,,,0.0,98.0,795.0,0.0,False
480310,285023_43914,Jiovany Ramos,Panama,DF,0,2,0,1,1,0,0.15,0.0,0,0,3,29,18,2,1,0,0,0,0,121,89,0,0,2,0,2,50,,,,24,2,3,19,8,16,0,1,16,258,3.98,205,63,18498.83,,,,,,,,0.0,186.0,967.0,0.0,False
441239,285023_43914,Jorge Gutierrez,Panama,DF,0,0,0,0,0,0,0.0,0.0,0,0,6,28,10,1,2,0,0,0,0,23,83,0,0,1,0,0,0,,,,16,10,2,4,4,12,0,6,15,50,2.1,117,43,9490.21,,,,,,,,0.0,90.0,776.0,0.0,False
418715,285023_43914,Jose Cordoba,Panama,DF,0,0,0,0,0,0,0.0,0.0,0,0,7,21,12,5,1,0,0,0,0,183,92,1,0,1,100,2,100,,,,35,0,2,33,23,12,0,4,29,387,6.07,315,114,30753.8,,,,,,,,0.0,303.0,1127.0,0.0,False
344582,285023_43914,Roderick Miller,Panama,DF,0,0,0,0,0,0,0.0,0.0,0,0,0,0,0,0,0,0,0,0,0,0,0,0,0,0,0,0,0,,,,0,0,0,0,0,0,0,0,0,0,0.0,0,0,0.0,,,,,,,,0.0,0.0,261.0,0.0,False
466669,285023_43914,Azarias Londono,Panama,FW,0,1,0,0,1,0,0.01,0.0,0,0,1,24,3,1,0,0,0,0,0,21,95,1,0,2,50,0,0,,,,30,14,16,0,13,17,0,14,10,56,6.8,100,41,8536.29,,,,,,,,0.0,76.0,747.0,0.0,False
337251,285023_43914,Cecilio Waterman,Panama,FW,1,2,0,2,0,0,0.05,0.0,0,0,7,19,2,1,1,0,0,0,0,10,70,0,0,1,0,0,0,,,,19,14,5,0,17,2,1,12,13,26,3.89,82,34,8772.9,,,,,,,,0.0,85.0,763.0,0.0,False
411174,285023_43914,Jose Fajardo,Panama,FW,0,1,0,1,0,1,0.25,0.0,0,0,18,99,19,4,3,1,0,0,1,18,61,0,0,1,100,0,0,,,,56,47,9,0,44,12,1,19,16,50,6.5,236,110,19207.38,,,,,,,,0.0,176.0,944.0,0.0,False
418747,285023_43914,Tomas Rodriguez,Panama,FW,1,1,0,0,1,0,0.06,0.0,0,0,3,26,3,3,1,0,0,0,0,9,78,0,0,1,100,0,0,,,,16,12,4,0,13,3,1,8,10,21,4.09,75,32,6034.0,,,,,,,,0.0,53.0,691.0,0.0,False
441402,285023_43914,Cesar Samudio,Panama,GK,0,0,0,0,0,0,0.0,0.0,0,0,0,0,0,0,0,0,0,0,0,0,0,0,0,0,0,0,0,0.0,0.0,0.0,0,0,0,0,0,0,0,0,0,0,0.0,0,0,0.0,,,,,,,,0.0,0.0,261.0,0.0,False
267702,285023_43914,Luis Mejia,Panama,GK,0,0,0,0,0,0,0.0,0.0,0,0,0,0,0,0,0,0,0,0,0,0,0,0,0,0,0,0,0,0.0,0.0,0.0,0,0,0,0,0,0,0,0,0,0,0.0,0,0,0.0,,,,,,,,0.0,0.0,261.0,0.0,False
441241,285023_43914,Orlando Mosquera,Panama,GK,0,0,0,0,0,0,0.0,0.0,0,0,0,0,0,0,0,0,0,0,0,103,72,0,0,2,0,2,100,9.0,48.0,42.0,27,0,0,27,20,7,0,0,2,185,2.98,31,11,15112.23,,,,,,,,0.0,303.0,1127.0,0.0,False
385833,285023_43914,Adalberto Carrasquilla,Panama,MF,0,0,0,0,0,0,0.0,0.0,0,0,0,0,0,0,0,0,0,0,0,0,0,0,0,0,0,0,0,,,,0,0,0,0,0,0,0,0,0,0,0.0,0,0,0.0,,,,,,,,0.0,0.0,261.0,0.0,False
271116,285023_43914,Alberto Quintero,Panama,MF,0,0,0,0,0,0,0.0,0.0,0,0,0,1,0,1,0,0,0,0,0,3,100,1,0,0,0,0,0,,,,5,2,2,1,3,2,0,2,1,8,2.86,17,8,1246.31,,,,,,,,0.0,8.0,523.0,0.0,False
269514,285023_43914,Anibal Godoy,Panama,MF,0,0,0,0,0,0,0.0,0.0,0,0,0,2,1,0,1,0,0,0,0,8,100,1,0,1,100,1,0,,,,4,1,2,1,1,3,0,1,3,18,2.1,18,4,1239.04,,,,,,,,0.0,11.0,530.0,0.0,False
441243,285023_43914,Cesar Yanis,Panama,MF,0,0,0,0,0,0,0.0,0.0,0,0,0,0,0,0,0,0,0,0,0,0,0,0,0,0,0,0,0,,,,0,0,0,0,0,0,0,0,0,0,0.0,0,0,0.0,,,,,,,,0.0,0.0,261.0,0.0,False
395581,285023_43914,Cristian Martinez,Panama,MF,0,1,0,1,0,0,0.24,0.0,4,0,11,105,17,5,5,0,0,0,1,78,73,12,17,9,22,1,0,,,,73,28,34,11,30,43,4,37,42,188,6.73,319,147,29553.99,,,,,,,,0.0,264.0,1061.0,0.0,False
400416,285023_43914,Edgar Yoel Barcenas,Panama,MF,0,2,0,0,2,0,0.05,0.0,3,0,9,74,6,3,3,1,0,0,0,109,88,5,40,3,67,4,100,,,,120,9,66,45,86,34,1,13,49,239,6.75,426,101,30790.0,,,,,,,,0.0,272.0,1075.0,0.0,False
372342,285023_43914,Ismael Diaz,Panama,MF,2,6,0,4,2,2,0.39,0.0,0,0,3,20,1,0,0,0,0,0,2,15,87,0,0,0,0,0,0,,,,21,8,13,0,13,8,1,11,11,48,4.67,83,37,6159.12,,,,,,,,0.0,52.0,689.0,0.0,False
411176,285023_43914,Jose Luis Rodriguez,Panama,MF,1,3,0,1,2,0,0.24,0.0,3,0,20,88,12,4,2,0,0,0,0,48,73,16,13,3,33,2,50,,,,76,31,39,6,34,42,9,43,45,154,6.2,305,109,25899.78,,,,,,,,0.0,251.0,1043.0,0.0,False
505495,285023_43928,Alexandro Maidana,Paraguay,DF,0,0,0,0,0,0,0.0,0.0,0,0,2,30,6,0,0,0,0,0,0,19,68,1,0,0,0,0,0,,,,9,4,3,2,2,7,1,4,8,38,2.91,101,38,8335.08,,,,,,,,0.0,69.0,725.0,0.0,False
394829,285023_43928,Fabian Balbuena,Paraguay,DF,0,0,0,0,0,0,0.0,0.0,0,0,0,0,0,0,0,0,0,0,0,0,0,0,0,0,0,0,0,,,,0,0,0,0,0,0,0,0,0,0,1.55,2,1,90.04,,,,,,,,0.0,0.0,503.0,0.0,False
369744,285023_43928,Gustavo Gomez,Paraguay,DF,0,2,0,2,0,2,0.07,0.0,0,0,9,31,10,3,2,0,0,0,1,91,88,0,0,0,0,0,0,,,,9,2,1,6,6,3,1,3,7,188,5.32,342,109,49082.71,,,,,,,,0.0,554.0,1290.0,0.0,False
486875,285023_43928,Gustavo Velazquez,Paraguay,DF,0,0,0,0,0,0,0.0,0.0,0,0,3,24,3,2,0,0,0,0,0,80,71,4,0,6,17,3,100,,,,20,2,3,15,6,14,0,5,11,177,5.35,197,66,25381.16,,,,,,,,0.0,293.0,1100.0,0.0,False
520066,285023_43928,Jose Canale,Paraguay,DF,0,0,0,0,0,0,0.0,0.0,0,0,2,17,4,1,2,0,0,0,0,27,67,1,0,1,0,0,0,,,,14,2,2,10,4,10,0,1,12,62,4.87,123,37,17328.15,,,,,,,,0.0,198.0,979.0,0.0,False
479601,285023_43928,Juan Jose Caceres,Paraguay,DF,1,2,0,1,1,0,0.07,0.0,0,0,17,154,41,9,6,1,0,0,0,129,62,9,11,13,31,2,50,,,,55,19,17,19,8,47,0,15,66,270,5.99,521,193,48658.8,178.0,32.0,175.0,4.791272640228272,6.5837178230285645,5.736011028289795,,0.0,488.0,1281.0,0.0,True
369749,285023_43928,Junior Alonso,Paraguay,DF,1,3,0,1,2,0,0.2,0.0,0,0,31,140,16,3,3,1,0,0,1,116,59,1,0,7,29,2,100,,,,21,2,6,13,2,19,1,8,48,233,5.96,457,123,43140.24,,,,,,,,0.0,456.0,1275.0,0.0,False
431202,285023_43928,Omar Alderete,Paraguay,DF,0,1,0,0,1,0,0.01,0.0,0,0,6,9,3,2,3,0,0,0,0,97,72,0,0,3,33,2,50,,,,18,2,2,14,6,12,0,1,17,216,4.35,271,94,33031.77,,,,,,,,0.0,363.0,1201.0,0.0,False
386458,285023_43928,Alejandro Romero Gamarra,Paraguay,FW,0,0,0,0,0,0,0.0,0.0,0,0,3,13,5,1,1,0,0,0,0,10,60,0,0,0,0,1,100,,,,6,0,1,5,5,1,0,0,9,24,1.41,35,11,2181.02,,,,,,,,0.0,18.0,565.0,0.0,False
485802,285023_43928,Alex Arce,Paraguay,FW,0,0,0,0,0,0,0.0,0.0,0,0,1,32,4,1,0,1,0,0,0,10,70,0,0,0,0,0,0,,,,11,6,2,3,7,4,0,8,10,22,2.85,122,46,7712.6,,,,,,,,0.0,64.0,714.0,0.0,False
369768,285023_43928,Antonio Sanabria,Paraguay,FW,0,0,0,0,0,0,0.0,0.0,0,0,4,38,2,1,2,0,0,0,0,10,70,0,0,0,0,0,0,,,,5,3,2,0,4,1,2,12,9,26,2.48,113,45,9967.8,,,,,,,,0.0,95.0,787.0,0.0,False
463127,285023_43928,Gabriel Avalos,Paraguay,FW,0,1,0,1,0,0,0.05,0.0,0,0,5,46,5,1,2,0,0,0,0,23,52,0,0,4,25,0,0,,,,25,24,1,0,17,8,1,20,26,52,5.35,185,69,18764.8,,,,,,,,0.0,170.0,933.0,0.0,False
489417,285023_43928,Isidro Pitta,Paraguay,FW,0,0,0,0,0,0,0.0,0.0,0,0,2,26,3,2,0,0,0,0,2,4,75,1,0,1,0,0,0,,,,5,5,0,0,3,2,0,5,8,15,1.31,77,23,6037.06,,,,,,,,0.0,55.0,694.0,0.0,False
441234,285023_43928,Julio Enciso,Paraguay,FW,1,8,13,6,2,1,0.74,1.36,2,0,20,209,17,3,10,0,0,0,0,68,81,7,43,3,33,2,50,,,,90,38,41,11,43,47,5,50,81,201,6.43,538,237,46088.56,21.0,333.0,17.0,6.3416924476623535,4.761114120483398,6.978664875030518,,1.0,431.0,54.0,2.0,True
447991,285023_43928,Gaston Olveira,Paraguay,GK,0,0,0,0,0,0,0.0,0.0,0,0,0,0,0,0,0,0,0,0,0,0,0,0,0,0,0,0,0,0.0,0.0,0.0,0,0,0,0,0,0,0,0,0,0,0.0,0,0,0.0,,,,,,,,0.0,0.0,261.0,0.0,False
318647,285023_43928,Gatito Fernandez,Paraguay,GK,0,0,0,0,0,0,0.0,0.0,0,0,0,0,0,0,0,0,0,0,0,0,0,0,0,0,0,0,0,0.0,0.0,0.0,0,0,0,0,0,0,0,0,0,0,0.0,0,0,0.0,,,,,,,,0.0,0.0,261.0,0.0,False
494531,285023_43928,Orlando Gill,Paraguay,GK,0,0,0,0,0,0,0.0,0.0,0,0,1,0,0,0,3,0,0,0,0,159,43,0,0,10,0,1,100,28.0,141.0,124.0,16,0,0,16,12,4,0,0,7,238,3.4,49,5,31439.42,,,,,,,,0.0,554.0,1290.0,0.0,False
385306,285023_43928,Andres Cubas,Paraguay,MF,0,1,0,0,1,0,0.02,0.0,0,0,43,231,57,14,3,1,0,0,0,117,83,0,0,1,0,1,100,,,,57,0,20,37,48,9,0,7,56,285,6.6,756,205,60748.96,297.0,23.0,347.0,4.488586902618408,6.787336826324463,4.711148262023926,,0.0,554.0,1290.0,0.0,True
406205,285023_43928,Braian Ojeda,Paraguay,MF,0,0,0,0,0,0,0.0,0.0,0,0,1,4,1,0,0,0,0,0,0,7,86,0,0,0,0,0,0,,,,4,1,2,1,0,4,0,1,2,16,1.14,31,13,2756.42,,,,,,,,0.0,28.0,609.0,0.0,False
476348,285023_43928,Damian Bobadilla,Paraguay,MF,0,0,0,0,0,0,0.0,0.0,0,1,5,95,22,1,1,0,0,0,0,32,75,1,100,1,0,1,100,,,,26,4,10,12,18,8,1,4,13,72,6.04,336,98,25835.61,,,,,,,,0.0,216.0,1013.0,0.0,False
463128,285023_43928,Diego Gomez,Paraguay,MF,0,6,0,2,4,0,0.25,0.0,1,0,23,147,37,5,1,2,0,0,0,101,79,2,0,4,25,2,100,,,,84,10,43,31,58,26,0,21,63,247,6.73,492,179,37311.9,,,,,,,,0.0,332.0,1186.0,0.0,False
485804,285023_43928,Gustavo Caballero,Paraguay,MF,1,1,0,1,0,1,0.07,0.0,0,0,2,36,8,2,2,0,0,0,1,8,63,0,0,1,0,0,0,,,,13,9,3,1,8,5,1,11,11,27,2.52,169,57,12413.4,,,,,,,,0.0,117.0,846.0,0.0,False
424422,285023_43928,Matias Galarza,Paraguay,MF,1,2,50,0,2,0,0.07,13.75,0,0,42,197,61,10,9,2,0,0,0,113,73,4,25,6,33,0,0,,,,87,24,47,16,35,52,3,35,80,280,5.32,560,237,48496.58,51.0,77.0,130.0,5.832286357879639,6.160738468170166,5.908360958099365,,1.0,439.0,77.0,1.0,True
495046,285023_43928,Mauricio,Paraguay,MF,3,4,25,2,2,0,0.32,3.12,5,0,10,75,4,3,3,0,0,0,0,69,78,12,17,4,25,1,100,,,,72,16,34,22,43,29,2,21,48,173,5.19,321,110,22291.21,,,,,,,,1.0,208.0,115.0,0.0,False
369761,285023_43928,Miguel Almiron,Paraguay,MF,0,4,0,1,3,0,0.11,0.0,2,0,17,123,21,2,7,1,1,0,0,67,73,4,0,6,67,0,0,,,,82,13,53,16,32,50,2,26,54,183,6.51,357,129,33177.48,,,,,,,,0.0,306.0,1134.0,0.0,False
463125,285023_43928,Ramon Sosa,Paraguay,MF,0,0,0,0,0,0,0.0,0.0,0,0,0,12,1,0,1,0,0,0,0,3,100,0,0,0,0,0,0,,,,5,1,3,1,4,1,0,0,0,9,1.41,36,16,2289.64,,,,,,,,0.0,19.0,573.0,0.0,False
403002,285023_43963,Diogo Dalot,Portugal,DF,0,1,0,0,1,0,0.04,0.0,0,0,2,12,2,0,1,0,0,0,0,29,93,1,0,1,0,0,0,,,,21,5,6,10,5,16,0,4,20,63,1.46,53,20,4952.68,,,,,,,,0.0,50.0,682.0,0.0,False
441146,285023_43963,Goncalo Inacio,Portugal,DF,0,0,0,0,0,0,0.0,0.0,0,0,0,0,0,0,0,0,0,0,0,0,0,0,0,0,0,0,0,,,,0,0,0,0,0,0,0,0,0,0,0.0,0,0,0.0,,,,,,,,0.0,0.0,261.0,0.0,False
368649,285023_43963,Joao Cancelo,Portugal,DF,0,2,0,0,2,0,0.04,0.0,1,0,10,49,10,5,2,0,0,0,1,155,88,12,33,9,56,4,75,,,,92,37,27,28,34,58,7,36,53,349,6.48,320,118,28676.34,148.0,30.0,118.0,4.907160758972168,6.628729820251465,5.955078125,,0.0,266.0,219.0,1.0,True
395212,285023_43963,Nelson Semedo,Portugal,DF,0,0,0,0,0,0,0.0,0.0,0,0,4,12,2,1,1,1,0,0,0,73,93,4,0,3,0,0,0,,,,42,17,19,6,25,17,3,6,18,158,4.92,162,66,12693.36,,,,,,,,0.0,120.0,851.0,0.0,False
433195,285023_43963,Nuno Mendes,Portugal,DF,1,2,50,0,2,0,0.11,9.02,5,0,6,64,13,3,11,0,0,0,1,251,85,18,33,15,53,1,100,,,,105,36,48,21,33,72,8,50,68,554,5.23,334,141,33707.66,112.0,64.0,70.0,5.237975120544434,6.270987510681152,6.257235050201416,,1.0,386.0,154.0,0.0,True
489704,285023_43963,Renato Veiga,Portugal,DF,0,2,0,2,0,2,0.28,0.0,0,0,6,33,8,4,3,1,0,0,0,275,96,0,0,4,50,0,0,,,,36,2,0,34,9,27,0,2,21,581,5.79,398,111,39962.18,320.0,41.0,342.0,4.400928974151611,6.451122283935547,4.811850547790527,,0.0,413.0,1251.0,0.0,True
384752,285023_43963,Ruben Dias,Portugal,DF,0,0,0,0,0,0,0.0,0.0,0,0,10,17,5,5,3,1,0,0,0,201,96,0,0,4,25,0,0,,,,23,0,1,22,14,9,0,0,33,413,4.64,313,83,32274.28,349.0,11.0,253.0,4.194595813751221,7.083716869354248,5.368853092193604,,0.0,313.0,1168.0,0.0,True
491216,285023_43963,Samu Costa,Portugal,DF,0,0,0,0,0,0,0.0,0.0,0,0,2,10,1,0,0,0,0,0,0,11,100,0,0,0,0,0,0,,,,3,0,2,1,3,0,0,1,1,23,1.65,33,7,2859.94,,,,,,,,0.0,26.0,602.0,0.0,False
492358,285023_43963,Tomas Araujo,Portugal,DF,0,0,0,0,0,0,0.0,0.0,0,0,1,4,1,1,0,1,0,0,0,102,96,0,0,0,0,2,50,,,,11,1,0,10,5,6,0,0,9,215,1.52,113,39,10213.3,,,,,,,,0.0,100.0,810.0,0.0,False
201200,285023_43963,Cristiano Ronaldo,Portugal,FW,7,15,20,12,3,0,2.5,1.2,0,0,6,58,5,2,3,0,0,0,5,87,87,1,0,4,25,0,0,,,,168,83,72,13,135,33,6,54,59,206,5.04,256,123,32444.66,39.0,344.0,335.0,5.975358486175537,4.671862602233887,4.926413536071777,,3.0,385.0,17.0,0.0,True
485081,285023_43963,Francisco Conceicao,Portugal,FW,0,2,0,2,0,0,0.17,0.0,0,0,6,29,4,1,0,0,0,0,1,66,91,4,25,7,86,0,0,,,,64,32,28,4,16,48,6,48,48,153,4.8,177,75,15699.2,,,,,,,,0.0,146.0,896.0,0.0,False
418561,285023_43963,Francisco Trincao,Portugal,FW,0,1,0,1,0,0,0.11,0.0,1,0,2,12,1,0,0,0,0,0,0,16,81,0,0,1,0,0,0,,,,24,6,18,0,19,5,0,8,15,35,1.9,56,32,4066.95,,,,,,,,0.0,32.0,622.0,0.0,False
384751,285023_43963,Goncalo Guedes,Portugal,FW,0,0,0,0,0,0,0.0,0.0,0,0,0,0,0,0,0,0,0,0,0,0,0,0,0,0,0,0,0,,,,0,0,0,0,0,0,0,0,0,0,0.0,0,0,0.0,,,,,,,,0.0,0.0,261.0,0.0,False
448081,285023_43963,Goncalo Ramos,Portugal,FW,1,2,50,2,0,2,0.13,7.42,0,0,5,32,3,0,0,0,0,0,0,11,91,0,0,0,0,0,0,,,,12,8,4,0,11,1,1,10,11,31,3.54,101,40,6429.87,,,,,,,,1.0,58.0,85.0,0.0,False
418535,285023_43963,Joao Felix,Portugal,FW,1,6,0,4,2,1,0.62,0.0,0,0,13,61,10,1,2,0,0,0,0,38,82,4,0,7,29,0,0,,,,105,41,44,20,74,31,4,36,49,110,3.28,170,57,15531.47,,,,,,,,0.0,142.0,885.0,0.0,False
418548,285023_43963,Pedro Neto,Portugal,FW,0,0,0,0,0,0,0.0,0.0,0,0,7,61,6,3,2,0,0,0,0,128,89,11,18,10,70,2,50,,,,146,70,61,15,42,104,8,63,61,300,5.94,286,172,28899.48,253.0,203.0,96.0,4.5997090339660645,5.407835483551025,6.126350402832031,,0.0,293.0,229.0,1.0,True
418550,285023_43963,Rafael Leao,Portugal,FW,1,4,25,3,1,0,0.33,3.07,3,0,4,32,4,1,2,0,0,0,0,73,90,7,57,6,50,2,50,,,,67,18,42,7,8,59,3,37,59,183,5.8,165,68,15989.45,32.0,298.0,37.0,6.121883869171143,4.957186222076416,6.628959655761719,,1.0,175.0,57.0,1.0,True
403001,285023_43963,Diogo Costa,Portugal,GK,0,0,0,0,0,0,0.0,0.0,0,0,0,0,0,0,1,0,0,0,0,91,80,0,0,3,33,1,0,15.0,82.0,69.0,13,0,0,13,6,7,0,0,3,152,2.7,28,5,18569.24,,,,,,,,0.0,413.0,1251.0,0.0,False
368689,285023_43963,Jose Sa,Portugal,GK,0,0,0,0,0,0,0.0,0.0,0,0,0,0,0,0,0,0,0,0,0,0,0,0,0,0,0,0,0,0.0,0.0,0.0,0,0,0,0,0,0,0,0,0,0,0.0,0,0,0.0,,,,,,,,0.0,0.0,261.0,0.0,False
448092,285023_43963,Rui Silva,Portugal,GK,0,0,0,0,0,0,0.0,0.0,0,0,0,0,0,0,0,0,0,0,0,0,0,0,0,0,0,0,0,0.0,0.0,0.0,0,0,0,0,0,0,0,0,0,0,0.0,0,0,0.0,,,,,,,,0.0,0.0,261.0,0.0,False
395205,285023_43963,Bernardo Silva,Portugal,MF,0,0,0,0,0,0,0.0,0.0,1,0,4,28,5,1,0,1,0,0,0,47,94,0,0,0,0,0,0,,,,52,26,11,15,31,21,1,9,15,101,5.57,219,66,14075.86,,,,,,,,0.0,117.0,847.0,0.0,False
395206,285023_43963,Bruno Fernandes,Portugal,MF,3,8,0,4,4,0,0.88,0.0,7,0,19,166,17,2,7,0,0,0,0,224,88,18,17,14,71,6,100,,,,209,44,112,53,129,80,5,68,87,518,6.34,433,168,38648.13,207.0,69.0,74.0,4.709003925323486,6.222354888916016,6.24560546875,,0.0,366.0,244.0,1.0,True
484141,285023_43963,Joao Neves,Portugal,MF,1,2,50,2,0,1,0.16,6.25,1,0,17,148,24,1,3,0,0,0,0,223,96,2,50,7,71,3,67,,,,184,45,61,78,134,50,2,29,91,478,6.81,496,155,39283.8,96.0,138.0,237.0,5.373629093170166,5.758649826049805,5.458596229553223,,1.0,345.0,150.0,0.0,True
441148,285023_43963,Matheus Nunes,Portugal,MF,0,0,0,0,0,0,0.0,0.0,0,0,0,0,0,0,0,0,0,0,0,1,100,0,0,0,0,0,0,,,,1,0,1,0,1,0,0,0,0,2,1.74,6,2,432.75,,,,,,,,0.0,4.0,513.0,0.0,False
395216,285023_43963,Ruben Neves,Portugal,MF,0,2,0,0,2,0,0.03,0.0,0,0,3,37,0,0,0,0,0,0,0,29,93,0,0,2,50,0,0,,,,33,4,14,15,17,16,0,2,9,63,3.62,123,36,9241.31,,,,,,,,0.0,76.0,746.0,0.0,False
441149,285023_43963,Vitinha,Portugal,MF,0,3,0,0,3,0,0.09,0.0,0,0,18,75,13,4,5,0,0,0,0,356,95,0,0,6,67,9,100,,,,155,5,48,102,111,44,0,8,72,736,6.82,412,127,36000.85,,,,,,,,0.0,315.0,1175.0,0.0,False
486614,285023_43834,Alhashmi Alhussein,Qatar,DF,0,0,0,0,0,0,0.0,0.0,0,0,2,20,8,2,2,0,0,0,0,0,0,0,0,0,0,0,0,,,,1,0,1,0,0,1,0,1,1,1,1.97,50,20,4072.3,,,,,,,,0.0,41.0,647.0,0.0,False
510991,285023_43834,Ayoub Aloui,Qatar,DF,0,0,0,0,0,0,0.0,0.0,0,0,2,38,5,1,0,0,0,0,0,28,39,1,0,4,0,0,0,,,,23,4,12,7,2,21,1,2,11,57,3.76,170,55,15912.29,,,,,,,,0.0,170.0,935.0,0.0,False
385067,285023_43834,Boualem Khoukhi,Qatar,DF,0,2,0,0,2,0,0.07,0.0,0,0,5,21,12,2,1,0,0,0,0,117,80,1,0,8,25,3,100,,,,27,4,5,18,17,10,0,6,13,236,4.92,226,62,25410.03,,,,,,,,0.0,310.0,1153.0,0.0,False
419441,285023_43834,Homam Ahmed,Qatar,DF,0,1,0,0,1,0,0.0,0.0,0,0,3,45,6,4,0,0,1,0,0,33,76,3,33,2,50,0,0,,,,20,13,6,1,5,15,1,7,13,75,5.86,157,57,13626.23,,,,,,,,0.0,134.0,874.0,0.0,False
512791,285023_43834,Issa Laye,Qatar,DF,0,1,0,1,0,1,0.07,0.0,0,0,7,30,6,0,3,0,0,0,0,90,94,0,0,1,0,0,0,,,,32,1,8,23,15,17,0,5,22,202,5.61,338,88,29038.33,,,,,,,,0.0,310.0,1153.0,0.0,False
419473,285023_43834,Jassem Gaber,Qatar,DF,0,0,0,0,0,0,0.0,0.0,0,0,13,85,14,7,0,1,0,0,0,32,78,0,0,1,100,1,100,,,,61,5,41,15,47,14,0,5,18,69,6.14,232,55,17053.08,,,,,,,,0.0,166.0,927.0,0.0,False
356673,285023_43834,Lucas Mendes,Qatar,DF,0,0,0,0,0,0,0.0,0.0,0,0,1,5,1,0,0,0,0,0,1,0,0,0,0,0,0,0,0,,,,4,4,0,0,2,2,0,0,0,0,2.35,17,9,1535.0,,,,,,,,0.0,13.0,546.0,0.0,False
416051,285023_43834,Pedro Miguel,Qatar,DF,1,3,0,2,1,0,0.23,0.0,0,0,6,36,8,1,7,0,0,0,0,78,76,2,50,7,29,2,100,,,,26,8,4,14,13,13,3,3,29,172,5.13,229,76,26501.54,,,,,,,,0.0,310.0,1153.0,0.0,False
386387,285023_43834,Sultan Albrake,Qatar,DF,0,0,0,0,0,0,0.0,0.0,0,0,2,50,4,2,0,0,0,0,0,42,79,3,33,3,0,1,100,,,,38,14,10,14,10,28,4,8,11,89,4.19,215,70,17683.33,,,,,,,,0.0,167.0,928.0,0.0,False
353251,285023_43834,Ahmed Alaaeldin,Qatar,FW,1,1,0,1,0,0,0.13,0.0,0,0,2,22,4,1,1,0,0,0,0,8,50,0,0,1,0,0,0,,,,20,11,8,1,15,5,0,8,11,26,4.31,70,30,6052.91,,,,,,,,0.0,55.0,696.0,0.0,False
386347,285023_43834,Akram Afif,Qatar,FW,0,2,0,1,1,0,0.16,0.0,7,0,16,54,5,0,4,0,0,0,2,93,78,12,33,12,42,3,67,,,,83,23,54,6,42,41,2,40,69,217,5.2,194,104,23536.07,,,,,,,,0.0,269.0,1070.0,0.0,False
386366,285023_43834,Almoez Ali,Qatar,FW,1,1,0,1,0,1,0.05,0.0,0,0,1,11,2,0,0,0,0,0,0,3,67,0,0,1,100,0,0,,,,15,3,10,2,10,5,0,2,5,9,2.3,38,11,2859.04,,,,,,,,0.0,24.0,597.0,0.0,False
429063,285023_43834,Edmilson Junior,Qatar,FW,2,3,0,3,0,0,0.43,0.0,0,0,5,66,11,4,2,0,0,0,1,41,80,4,25,7,43,0,0,,,,68,40,25,3,21,47,8,16,38,106,6.21,290,97,23874.51,,,,,,,,0.0,228.0,214.0,1.0,False
284190,285023_43834,Hassan Alhaydos,Qatar,FW,1,1,100,1,0,0,0.66,1.51,0,0,8,46,1,1,1,0,0,0,0,14,71,0,0,1,0,0,0,,,,21,10,10,1,11,10,0,7,16,31,4.75,147,43,8290.41,,,,,,,,1.0,69.0,87.0,0.0,False
498458,285023_43834,Mohamed Manai,Qatar,FW,0,0,0,0,0,0,0.0,0.0,0,1,2,52,3,3,0,0,0,0,0,15,47,0,0,3,33,0,0,,,,16,2,8,6,9,7,0,5,8,34,6.99,153,43,10166.36,,,,,,,,0.0,91.0,779.0,0.0,False
385070,285023_43834,Mohammed Muntari,Qatar,FW,0,0,0,0,0,0,0.0,0.0,0,0,0,0,0,0,0,0,0,0,0,0,0,0,0,0,0,0,0,,,,0,0,0,0,0,0,0,0,0,0,0.0,0,0,0.0,,,,,,,,0.0,0.0,261.0,0.0,False
486639,285023_43834,Tahsin Mohammed,Qatar,FW,0,0,0,0,0,0,0.0,0.0,0,0,0,0,0,0,0,0,0,0,0,0,0,0,0,0,0,0,0,,,,0,0,0,0,0,0,0,0,0,0,0.0,0,0,0.0,,,,,,,,0.0,0.0,261.0,0.0,False
419463,285023_43834,Yusuf Abdurisag,Qatar,FW,0,0,0,0,0,0,0.0,0.0,0,0,8,60,8,1,2,0,0,0,0,14,64,0,0,3,0,0,0,,,,18,10,7,1,11,7,1,12,11,33,4.62,176,66,12292.36,,,,,,,,0.0,105.0,831.0,0.0,False
419459,285023_43834,Mahmoud Abunada,Qatar,GK,0,0,0,0,0,0,0.0,0.0,0,1,0,0,0,1,1,1,0,0,0,93,54,0,0,8,0,0,0,16.0,124.0,103.0,7,0,0,7,4,3,0,0,3,162,3.1,20,2,16005.91,,,,,,,,0.0,310.0,1153.0,0.0,False
416056,285023_43834,Meshaal Barsham,Qatar,GK,0,0,0,0,0,0,0.0,0.0,0,0,0,0,0,0,0,0,0,0,0,0,0,0,0,0,0,0,0,0.0,0.0,0.0,0,0,0,0,0,0,0,0,0,0,0.0,0,0,0.0,,,,,,,,0.0,0.0,261.0,0.0,False
419461,285023_43834,Salah Zakaria,Qatar,GK,0,0,0,0,0,0,0.0,0.0,0,0,0,0,0,0,0,0,0,0,0,0,0,0,0,0,0,0,0,0.0,0.0,0.0,0,0,0,0,0,0,0,0,0,0,0.0,0,0,0.0,,,,,,,,0.0,0.0,261.0,0.0,False
345059,285023_43834,Abdulaziz Hatem,Qatar,MF,0,0,0,0,0,0,0.0,0.0,0,0,1,20,0,1,0,0,0,0,0,32,81,0,0,2,50,0,0,,,,31,5,13,13,26,5,2,5,20,65,2.28,86,28,5826.99,,,,,,,,0.0,51.0,685.0,0.0,False
419436,285023_43834,Ahmed Alganehi,Qatar,MF,0,1,0,0,1,0,0.05,0.0,2,0,3,18,4,1,0,0,0,0,0,12,92,2,100,0,0,0,0,,,,7,2,4,1,3,4,0,2,8,27,2.04,51,24,4200.63,,,,,,,,0.0,41.0,646.0,0.0,False
433394,285023_43834,Ahmed Fathy,Qatar,MF,0,0,0,0,0,0,0.0,0.0,0,0,10,73,10,2,1,2,0,0,0,65,91,0,0,2,0,1,100,,,,49,3,18,28,41,8,0,4,14,146,6.63,312,80,18273.99,,,,,,,,0.0,163.0,921.0,0.0,False
386348,285023_43834,Assim Madibo,Qatar,MF,0,0,0,0,0,0,0.0,0.0,0,0,2,51,7,2,1,0,1,0,0,33,82,0,0,1,0,0,0,,,,18,0,7,11,12,6,0,3,21,75,6.04,208,30,14695.95,,,,,,,,0.0,140.0,882.0,0.0,False
354861,285023_43834,Karim Boudiaf,Qatar,MF,0,1,0,0,1,0,0.02,0.0,0,0,2,29,3,0,2,0,0,0,0,69,94,0,0,4,50,0,0,,,,58,7,34,17,31,27,0,5,19,143,4.59,205,30,13129.49,,,,,,,,0.0,114.0,839.0,0.0,False
403312,285023_43835,Abdulelah Alamri,Saudi Arabia,DF,2,4,25,3,1,1,0.93,1.07,0,0,7,23,5,1,0,1,0,0,0,99,82,1,100,3,67,0,0,,,,30,4,2,24,15,15,2,2,15,212,5.67,252,89,25207.74,,,,,,,,1.0,268.0,126.0,0.0,False
433439,285023_43835,Ali Lajami,Saudi Arabia,DF,0,0,0,0,0,0,0.0,0.0,0,0,3,7,3,0,2,0,0,0,0,68,82,0,0,4,75,5,80,,,,11,0,1,10,6,5,0,1,16,138,5.8,145,54,16522.11,,,,,,,,0.0,177.0,949.0,0.0,False
419326,285023_43835,Ali Majrashi,Saudi Arabia,DF,0,0,0,0,0,0,0.0,0.0,0,0,0,0,0,0,0,0,0,0,0,0,0,0,0,0,0,0,0,,,,0,0,0,0,0,0,0,0,0,0,0.0,0,0,0.0,,,,,,,,0.0,0.0,261.0,0.0,False
403335,285023_43835,Hassan Altambakti,Saudi Arabia,DF,0,0,0,0,0,0,0.0,0.0,0,1,5,26,7,0,1,0,0,0,0,87,82,0,0,2,0,0,0,,,,19,0,1,18,10,9,0,1,24,184,5.62,252,67,22701.97,,,,,,,,0.0,237.0,1037.0,0.0,False
401924,285023_43835,Hassan Kadish,Saudi Arabia,DF,0,0,0,0,0,0,0.0,0.0,0,0,0,0,0,0,0,0,0,0,0,0,0,0,0,0,0,0,0,,,,0,0,0,0,0,0,0,0,0,0,0.0,0,0,0.0,,,,,,,,0.0,0.0,261.0,0.0,False
494506,285023_43835,Jehad Thikri,Saudi Arabia,DF,0,0,0,0,0,0,0.0,0.0,0,0,0,0,0,0,0,0,0,0,0,0,0,0,0,0,0,0,0,,,,0,0,0,0,0,0,0,0,0,0,0.0,0,0,0.0,,,,,,,,0.0,0.0,261.0,0.0,False
512183,285023_43835,Mohammed Abu Alshamat,Saudi Arabia,DF,1,1,0,1,0,0,0.02,0.0,0,0,10,67,16,2,1,0,0,0,0,64,80,3,0,4,25,1,0,,,,58,15,28,15,28,30,1,27,44,143,6.75,212,87,17130.45,,,,,,,,0.0,153.0,906.0,0.0,False
419303,285023_43835,Moteb Alharbi,Saudi Arabia,DF,0,0,0,0,0,0,0.0,0.0,0,0,11,64,2,0,4,0,0,0,0,77,74,2,0,5,20,0,0,,,,49,18,19,12,20,29,4,8,25,168,6.75,235,107,22511.24,,,,,,,,0.0,213.0,1011.0,0.0,False
430518,285023_43835,Nawaf Bu Washl,Saudi Arabia,DF,0,0,0,0,0,0,0.0,0.0,0,0,3,27,4,1,1,0,0,0,0,46,76,0,0,1,0,0,0,,,,9,2,3,4,3,6,0,1,3,85,4.31,105,56,10603.72,,,,,,,,0.0,104.0,824.0,0.0,False
419281,285023_43835,Saud Abdulhamid,Saudi Arabia,DF,0,2,0,0,2,0,0.11,0.0,0,0,11,76,18,4,2,1,0,0,0,113,78,4,25,3,67,1,0,,,,44,25,12,7,12,32,9,15,50,241,5.93,324,150,29778.02,,,,,,,,0.0,300.0,1118.0,0.0,False
419302,285023_43835,Abdullah Alhamddan,Saudi Arabia,FW,2,2,0,1,1,0,0.2,0.0,0,0,5,62,5,2,0,0,0,0,0,22,73,1,0,2,50,0,0,,,,39,13,21,5,24,15,0,16,17,52,7.86,170,70,10726.97,,,,,,,,0.0,88.0,769.0,0.0,False
430512,285023_43835,Aiman Yahya,Saudi Arabia,FW,0,0,0,0,0,0,0.0,0.0,0,0,0,0,0,0,0,0,0,0,0,0,0,0,0,0,0,0,0,,,,0,0,0,0,0,0,0,0,0,0,0.0,0,0,0.0,,,,,,,,0.0,0.0,261.0,0.0,False
419291,285023_43835,Feras Albrikan,Saudi Arabia,FW,0,0,0,0,0,0,0.0,0.0,0,0,11,150,11,2,3,1,0,0,0,51,63,0,0,5,0,0,0,,,,51,27,23,1,33,18,2,38,41,108,6.49,328,123,28286.37,,,,,,,,0.0,262.0,1059.0,0.0,False
419300,285023_43835,Khalid Alghannam,Saudi Arabia,FW,0,0,0,0,0,0,0.0,0.0,0,0,0,6,0,0,0,0,0,0,0,0,0,0,0,0,0,0,0,,,,0,0,0,0,0,0,0,0,0,0,1.85,10,4,790.29,,,,,,,,0.0,8.0,522.0,0.0,False
425804,285023_43835,Saleh Alshehri,Saudi Arabia,FW,0,0,0,0,0,0,0.0,0.0,0,0,0,0,0,0,0,0,0,0,0,0,0,0,0,0,0,0,0,,,,0,0,0,0,0,0,0,0,0,0,0.0,0,0,0.0,,,,,,,,0.0,0.0,261.0,0.0,False
339745,285023_43835,Salem Aldawsari,Saudi Arabia,FW,1,3,0,1,2,0,0.08,0.0,0,0,15,120,15,3,4,1,0,0,1,81,72,2,0,4,75,1,100,,,,104,61,33,10,50,54,3,50,64,193,6.36,400,160,29452.07,,,,,,,,0.0,276.0,1080.0,0.0,False
494800,285023_43835,Sultan Mandash,Saudi Arabia,FW,0,0,0,0,0,0,0.0,0.0,0,0,15,22,5,1,2,0,0,0,0,9,78,0,0,0,0,0,0,,,,22,11,6,5,8,14,1,4,14,29,2.38,107,50,8464.47,,,,,,,,0.0,71.0,729.0,0.0,False
339746,285023_43835,Ahmed Alkassar,Saudi Arabia,GK,0,0,0,0,0,0,0.0,0.0,0,0,0,0,0,0,0,0,0,0,0,0,0,0,0,0,0,0,0,0.0,0.0,0.0,0,0,0,0,0,0,0,0,0,0,0.0,0,0,0.0,,,,,,,,0.0,0.0,261.0,0.0,False
396885,285023_43835,Mohammed Alowais,Saudi Arabia,GK,0,0,0,0,0,0,0.0,0.0,0,0,0,0,0,0,1,0,0,0,0,93,57,0,0,4,0,0,0,17.0,86.0,78.0,6,0,0,6,5,1,0,0,2,138,2.51,15,1,12844.17,,,,,,,,0.0,306.0,1135.0,0.0,False
419287,285023_43835,Nawaf Alaqidi,Saudi Arabia,GK,0,0,0,0,0,0,0.0,0.0,0,0,0,0,0,0,0,0,0,0,0,0,0,0,0,0,0,0,0,0.0,0.0,0.0,0,0,0,0,0,0,0,0,0,0,0.0,0,0,0.0,,,,,,,,0.0,0.0,261.0,0.0,False
411624,285023_43835,Abdullah Alkhaibari,Saudi Arabia,MF,0,1,0,0,1,0,0.01,0.0,0,0,8,81,7,0,2,0,0,0,0,58,83,0,0,1,0,0,0,,,,46,1,15,30,33,13,0,7,30,133,7.08,345,76,23607.42,,,,,,,,0.0,203.0,988.0,0.0,False
523333,285023_43835,Ala Alhajji,Saudi Arabia,MF,0,0,0,0,0,0,0.0,0.0,0,0,1,7,1,0,0,0,0,0,0,17,94,0,0,0,0,0,0,,,,17,3,12,2,11,6,0,7,13,37,5.08,98,33,5355.08,,,,,,,,0.0,43.0,657.0,0.0,False
407993,285023_43835,Mohamed Kanno,Saudi Arabia,MF,2,3,0,2,1,2,0.16,0.0,0,0,10,84,14,5,0,1,0,0,0,104,93,1,0,6,67,3,100,,,,33,4,15,14,29,4,1,27,56,244,5.97,287,88,25496.47,,,,,,,,0.0,256.0,1049.0,0.0,False
436537,285023_43835,Musab Aljuwayr,Saudi Arabia,MF,0,0,0,0,0,0,0.0,0.0,7,0,5,107,8,1,1,0,0,0,2,79,81,7,43,7,43,0,0,,,,79,20,54,5,43,36,1,28,49,173,7.55,326,85,20967.44,,,,,,,,0.0,167.0,929.0,0.0,False
403319,285023_43835,Nasser Aldawsari,Saudi Arabia,MF,0,1,0,0,1,0,0.01,0.0,0,0,8,106,19,7,2,1,0,0,0,107,86,1,0,2,50,1,0,,,,90,3,31,56,56,34,0,12,60,240,7.14,499,150,28038.3,,,,,,,,0.0,230.0,1024.0,0.0,False
436538,285023_43835,Ziyad Aljohani,Saudi Arabia,MF,0,0,0,0,0,0,0.0,0.0,0,0,0,0,0,0,0,0,0,0,0,0,0,0,0,0,0,0,0,,,,0,0,0,0,0,0,0,0,0,0,0.0,0,0,0.0,,,,,,,,0.0,0.0,261.0,0.0,False
442428,285023_43967,Aaron Hickey,Scotland,DF,0,0,0,0,0,0,0.0,0.0,0,0,1,16,5,2,4,1,0,0,0,42,90,1,0,1,100,0,0,,,,26,2,9,15,1,25,0,2,5,83,2.11,103,30,8361.39,,,,,,,,0.0,79.0,751.0,0.0,False
401339,285023_43967,Andy Robertson,Scotland,DF,0,0,0,0,0,0,0.0,0.0,0,0,13,47,5,3,1,1,0,0,0,153,81,11,36,7,14,3,33,,,,59,17,27,15,8,51,2,24,42,316,5.92,246,107,25387.97,,,,,,,,0.0,255.0,1048.0,0.0,False
337389,285023_43967,Anthony Ralston,Scotland,DF,1,1,0,1,0,0,0.02,0.0,0,0,2,9,2,2,0,0,0,0,0,5,100,1,100,1,100,1,100,,,,5,1,3,1,0,5,0,3,3,16,4.9,35,13,2807.5,,,,,,,,0.0,23.0,591.0,0.0,False
484073,285023_43967,Dominic Hyam,Scotland,DF,0,0,0,0,0,0,0.0,0.0,0,0,0,0,0,0,0,0,0,0,0,0,0,0,0,0,0,0,0,,,,0,0,0,0,0,0,0,0,0,0,0.0,0,0,0.0,,,,,,,,0.0,0.0,261.0,0.0,False
359634,285023_43967,Grant Hanley,Scotland,DF,0,0,0,0,0,0,0.0,0.0,0,0,2,11,2,1,0,0,0,0,1,101,93,0,0,5,40,3,100,,,,41,0,0,41,12,29,0,1,14,206,3.88,173,45,19774.95,,,,,,,,0.0,203.0,989.0,0.0,False
430147,285023_43967,Jack Hendry,Scotland,DF,0,0,0,0,0,0,0.0,0.0,0,0,2,15,4,1,3,0,0,0,0,180,95,0,0,2,0,1,0,,,,48,0,3,45,20,28,0,2,20,352,5.98,349,123,30532.32,,,,,,,,0.0,306.0,1137.0,0.0,False
442430,285023_43967,John Souttar,Scotland,DF,0,0,0,0,0,0,0.0,0.0,0,0,0,0,0,0,0,0,0,0,0,0,0,0,0,0,0,0,0,,,,0,0,0,0,0,0,0,0,0,0,0.0,0,0,0.0,,,,,,,,0.0,0.0,261.0,0.0,False
401712,285023_43967,Kieran Tierney,Scotland,DF,0,2,0,2,0,0,0.06,0.0,0,0,12,31,6,3,2,0,0,0,0,48,75,7,43,1,100,2,50,,,,47,14,22,11,8,39,1,17,20,113,4.26,119,65,12307.0,,,,,,,,0.0,115.0,844.0,0.0,False
433694,285023_43967,Nathan Patterson,Scotland,DF,0,0,0,0,0,0,0.0,0.0,0,0,7,37,9,2,0,0,0,0,0,109,86,2,0,3,0,1,100,,,,55,10,19,26,10,45,0,10,21,222,6.3,203,86,21036.01,,,,,,,,0.0,204.0,990.0,0.0,False
442431,285023_43967,Scott Mckenna,Scotland,DF,0,0,0,0,0,0,0.0,0.0,0,0,3,3,3,0,0,0,0,0,0,52,94,0,0,1,0,1,100,,,,0,0,0,0,0,0,0,1,4,105,1.87,63,17,9598.73,,,,,,,,0.0,102.0,817.0,0.0,False
485131,285023_43967,Ben Gannon Doak,Scotland,FW,0,4,0,2,2,0,0.14,0.0,0,0,13,71,6,3,1,0,0,0,0,52,90,7,29,1,100,0,0,,,,74,39,24,11,21,53,5,30,44,142,6.19,200,96,20888.71,,,,,,,,0.0,204.0,991.0,0.0,False
433191,285023_43967,Che Adams,Scotland,FW,1,1,0,1,0,0,0.15,0.0,0,0,6,73,4,4,2,0,0,0,0,19,63,0,0,2,0,0,0,,,,63,34,26,3,56,7,3,9,16,41,6.82,192,75,17234.99,,,,,,,,0.0,160.0,915.0,0.0,False
520217,285023_43967,Findlay Curtis,Scotland,FW,0,0,0,0,0,0,0.0,0.0,0,0,1,12,0,1,0,1,0,0,0,2,100,2,0,1,100,0,0,,,,8,5,3,0,2,6,0,2,3,9,5.61,35,16,2919.32,,,,,,,,0.0,21.0,581.0,0.0,False
495431,285023_43967,George Hirst,Scotland,FW,0,0,0,0,0,0,0.0,0.0,0,0,0,0,0,0,0,0,0,0,0,0,0,0,0,0,0,0,0,,,,0,0,0,0,0,0,0,0,0,0,0.0,0,0,0.0,,,,,,,,0.0,0.0,261.0,0.0,False
484045,285023_43967,Lawrence Shankland,Scotland,FW,0,4,0,4,0,2,0.35,0.0,0,0,4,61,9,5,3,0,0,0,1,34,59,0,0,2,0,0,0,,,,97,46,45,6,80,17,1,29,30,83,4.59,258,70,21051.5,,,,,,,,0.0,183.0,961.0,0.0,False
430098,285023_43967,Lyndon Dykes,Scotland,FW,0,1,0,1,0,1,0.15,0.0,0,0,3,22,3,2,0,0,0,0,0,11,64,1,0,4,25,0,0,,,,27,11,16,0,24,3,0,13,11,27,4.83,78,34,5899.41,,,,,,,,0.0,49.0,671.0,0.0,False
442433,285023_43967,Ross Stewart,Scotland,FW,0,0,0,0,0,0,0.0,0.0,0,0,0,5,0,0,0,0,0,0,0,0,0,0,0,0,0,0,0,,,,2,1,1,0,1,1,0,0,0,0,3.1,22,7,1157.14,,,,,,,,0.0,7.0,519.0,0.0,False
411301,285023_43967,Angus Gunn,Scotland,GK,0,0,0,0,0,0,0.0,0.0,0,0,0,0,0,0,0,0,0,0,0,119,76,0,0,0,0,1,100,9.0,75.0,64.0,21,0,0,21,15,6,0,0,3,224,3.43,29,6,17506.02,,,,,,,,0.0,306.0,1137.0,0.0,False
215553,285023_43967,Craig Gordon,Scotland,GK,0,0,0,0,0,0,0.0,0.0,0,0,0,0,0,0,0,0,0,0,0,0,0,0,0,0,0,0,0,0.0,0.0,0.0,0,0,0,0,0,0,0,0,0,0,0.0,0,0,0.0,,,,,,,,0.0,0.0,261.0,0.0,False
442429,285023_43967,Liam Kelly,Scotland,GK,0,0,0,0,0,0,0.0,0.0,0,0,0,0,0,0,0,0,0,0,0,0,0,0,0,0,0,0,0,0.0,0.0,0.0,0,0,0,0,0,0,0,0,0,0,0.0,0,0,0.0,,,,,,,,0.0,0.0,261.0,0.0,False
401334,285023_43967,John Mcginn,Scotland,MF,1,3,33,3,0,0,0.56,1.78,4,0,5,89,3,2,11,0,0,0,0,55,85,9,56,7,57,1,0,,,,52,11,39,2,25,27,2,35,41,161,6.15,331,98,28477.11,,,,,,,,1.0,277.0,131.0,0.0,False
484051,285023_43967,Kenny Mclean,Scotland,MF,0,1,0,0,1,0,0.01,0.0,0,0,4,31,6,1,1,1,0,0,0,63,89,2,50,2,100,0,0,,,,56,2,24,30,42,14,1,4,21,137,7.3,188,56,16438.49,,,,,,,,0.0,144.0,891.0,0.0,False
442434,285023_43967,Lewis Ferguson,Scotland,MF,1,2,0,0,2,0,0.09,0.0,8,0,15,87,28,5,10,0,0,0,0,201,92,9,11,3,33,1,100,,,,210,1,73,136,146,64,0,1,44,427,7.16,451,119,36575.01,,,,,,,,0.0,306.0,1137.0,0.0,False
430097,285023_43967,Ryan Christie,Scotland,MF,0,2,0,1,1,0,0.15,0.0,0,0,3,52,8,2,1,1,0,0,0,35,83,1,100,1,100,0,0,,,,32,0,21,11,16,16,0,15,24,90,7.62,208,53,14260.28,,,,,,,,0.0,114.0,840.0,0.0,False
433787,285023_43967,Scott Mctominay,Scotland,MF,3,8,0,8,0,3,0.65,0.0,0,0,11,103,6,3,0,0,0,0,0,96,91,0,0,1,100,2,100,,,,117,37,45,35,71,46,0,32,64,226,7.12,483,135,36353.67,,,,,,,,0.0,306.0,1137.0,0.0,False
523007,285023_43967,Tyler Fletcher,Scotland,MF,0,0,0,0,0,0,0.0,0.0,0,0,0,0,0,0,0,0,0,0,0,0,0,0,0,0,0,0,0,,,,0,0,0,0,0,0,0,0,0,0,0.0,0,0,0.0,,,,,,,,0.0,0.0,261.0,0.0,False
370171,285023_43879,Abdoulaye Seck,Senegal,DF,0,2,0,1,1,1,0.05,0.0,0,0,1,3,1,1,1,1,0,0,0,30,87,0,0,1,0,0,0,,,,7,0,0,7,3,4,0,2,7,66,1.38,51,16,6142.53,,,,,,,,0.0,66.0,188.0,1.0,False
494279,285023_43879,Antoine Mendy,Senegal,DF,0,0,0,0,0,0,0.0,0.0,0,0,0,0,0,0,0,0,0,0,0,0,0,0,0,0,0,0,0,,,,0,0,0,0,0,0,0,0,0,0,0.0,0,0,0.0,,,,,,,,0.0,0.0,261.0,0.0,False
464865,285023_43879,El Hadji Malick Diouf,Senegal,DF,0,0,0,0,0,0,0.0,0.0,5,0,14,37,5,2,0,0,0,0,0,89,83,9,33,7,71,0,0,,,,53,17,17,19,11,42,1,16,23,194,4.77,268,97,21779.39,,,,,,,,0.0,202.0,986.0,0.0,False
430671,285023_43879,Ismail Jakobs,Senegal,DF,0,1,0,1,0,0,0.11,0.0,9,0,13,51,10,2,0,0,0,0,0,117,91,19,21,9,78,0,0,,,,90,40,28,22,25,65,6,36,40,236,5.11,384,141,29465.19,242.0,214.0,80.0,4.617249488830566,5.374155044555664,6.210819721221924,,0.0,257.0,1050.0,0.0,True
339820,285023_43879,Kalidou Koulibaly,Senegal,DF,0,0,0,0,0,0,0.0,0.0,0,0,3,21,5,0,0,0,0,0,0,83,88,0,0,1,0,3,100,,,,23,1,1,21,13,10,0,0,18,189,2.65,167,44,16073.86,,,,,,,,0.0,181.0,954.0,0.0,False
403642,285023_43879,Krepin Diatta,Senegal,DF,0,1,0,0,1,0,0.04,0.0,2,0,7,44,13,4,6,0,0,0,0,283,90,10,40,4,75,1,100,,,,69,19,23,27,13,56,3,36,126,588,5.93,467,164,45457.47,,,,,,,,0.0,459.0,1276.0,0.0,False
499800,285023_43879,Mamadou Sarr,Senegal,DF,0,0,0,0,0,0,0.0,0.0,0,0,0,0,0,0,0,0,0,0,0,0,0,0,0,0,0,0,0,,,,0,0,0,0,0,0,0,0,0,0,0.0,0,0,0.0,,,,,,,,0.0,0.0,261.0,0.0,False
430690,285023_43879,Moussa Niakhate,Senegal,DF,0,1,0,1,0,1,0.06,0.0,0,0,12,21,4,3,6,0,0,0,0,290,93,2,50,1,100,4,75,,,,58,2,1,55,29,29,0,5,56,585,5.57,386,119,42611.78,,,,,,,,0.0,459.0,259.0,1.0,False
484698,285023_43879,Assane Diao,Senegal,FW,0,0,0,0,0,0,0.0,0.0,0,0,1,3,0,0,0,0,0,0,0,12,100,0,0,3,33,0,0,,,,19,5,10,4,5,14,0,12,8,29,1.72,23,12,1835.5,,,,,,,,0.0,16.0,558.0,0.0,False
418781,285023_43879,Bamba Dieng,Senegal,FW,0,0,0,0,0,0,0.0,0.0,0,0,2,15,0,0,0,0,0,0,0,3,100,0,0,0,0,0,0,,,,5,3,2,0,5,0,0,1,1,5,1.68,28,15,1882.12,,,,,,,,0.0,16.0,559.0,0.0,False
486168,285023_43879,Cherif Ndiaye,Senegal,FW,0,0,0,0,0,0,0.0,0.0,0,0,0,0,0,0,0,0,0,0,0,0,0,0,0,0,0,0,0,,,,0,0,0,0,0,0,0,0,0,0,0.0,0,0,0.0,,,,,,,,0.0,0.0,261.0,0.0,False
496358,285023_43879,Ibrahim Mbaye,Senegal,FW,1,4,25,4,0,0,0.29,3.43,0,0,2,41,6,0,2,0,0,0,0,67,94,8,13,9,44,0,0,,,,95,36,38,21,26,69,4,41,58,176,5.55,191,104,18570.21,65.0,295.0,78.0,5.661895751953125,4.976946830749512,6.228814601898193,,1.0,203.0,111.0,0.0,True
448815,285023_43879,Iliman Ndiaye,Senegal,FW,2,3,33,2,1,0,0.21,4.76,0,0,6,41,8,2,1,0,0,0,0,59,90,2,0,4,50,0,0,,,,67,17,36,14,33,34,3,38,49,137,5.17,188,74,14673.13,,,,,,,,1.0,134.0,50.0,2.0,False
401889,285023_43879,Ismaila Sarr,Senegal,FW,6,17,24,15,2,2,3.68,1.09,0,0,18,157,11,1,9,0,0,0,2,73,78,2,0,10,50,0,0,,,,127,68,51,8,96,31,7,73,102,213,6.69,556,216,46719.89,18.0,355.0,99.0,6.407315254211426,4.484910011291504,6.097647666931152,,4.0,419.0,7.0,1.0,True
418795,285023_43879,Nicolas Jackson,Senegal,FW,3,7,0,6,1,2,0.56,0.0,0,0,10,106,13,2,0,0,0,0,5,45,80,1,0,4,50,0,0,,,,127,73,40,14,96,31,4,38,42,114,6.12,304,154,28133.46,,,,,,,,0.0,271.0,220.0,1.0,False
353790,285023_43879,Sadio Mane,Senegal,FW,3,6,0,4,2,0,0.58,0.0,1,0,14,129,16,4,10,0,0,0,3,129,82,22,27,14,71,2,100,,,,164,85,65,14,84,80,18,86,103,350,6.02,435,204,42224.81,116.0,336.0,8.0,5.1331963539123535,4.7377028465271,7.123040199279785,,0.0,421.0,257.0,1.0,True
433806,285023_43879,Edouard Mendy,Senegal,GK,0,0,0,0,0,0,0.0,0.0,0,0,0,0,0,0,0,0,0,0,0,60,82,0,0,0,0,1,100,8.0,34.0,25.0,18,0,0,18,15,3,0,0,2,132,1.72,18,2,9883.83,,,,,,,,0.0,172.0,939.0,0.0,False
448821,285023_43879,Mory Diaw,Senegal,GK,0,0,0,0,0,0,0.0,0.0,0,0,0,0,0,0,2,0,0,0,0,95,67,0,0,2,0,1,100,5.0,53.0,45.0,18,0,0,18,14,4,0,0,1,166,2.0,15,4,12541.47,,,,,,,,0.0,287.0,1089.0,0.0,False
494277,285023_43879,Yehvann Diouf,Senegal,GK,0,0,0,0,0,0,0.0,0.0,0,0,0,0,0,0,0,0,0,0,0,0,0,0,0,0,0,0,0,0.0,0.0,0.0,0,0,0,0,0,0,0,0,0,0,0.0,0,0,0.0,,,,,,,,0.0,0.0,261.0,0.0,False
523354,285023_43879,Bara Sapoko Ndiaye,Senegal,MF,1,1,0,0,1,0,0.04,0.0,0,0,2,11,3,0,2,0,0,0,0,10,90,1,100,0,0,0,0,,,,21,3,10,8,15,6,0,3,6,27,1.62,56,15,3984.92,,,,,,,,0.0,36.0,633.0,0.0,False
486130,285023_43879,Habib Diarra,Senegal,MF,1,3,67,2,1,0,0.54,3.68,0,0,12,73,14,2,2,0,0,0,0,54,96,1,0,2,50,0,0,,,,68,36,19,13,52,16,1,15,33,133,4.92,221,92,18234.36,23.0,284.0,95.0,6.319550514221191,5.04205322265625,6.127780914306641,,2.0,168.0,37.0,0.0,True
332314,285023_43879,Idrissa Gana Gueye,Senegal,MF,1,5,0,0,5,0,0.12,0.0,0,0,24,91,23,2,2,0,0,0,0,270,90,1,0,8,63,5,100,,,,142,6,54,82,103,39,2,11,86,578,5.81,449,140,39822.15,,,,,,,,0.0,411.0,1246.0,0.0,False
464842,285023_43879,Lamine Camara,Senegal,MF,0,3,0,0,3,0,0.14,0.0,5,0,11,124,20,5,3,1,0,0,0,131,89,8,50,4,50,1,100,,,,141,32,63,46,101,40,2,25,98,307,6.56,453,176,31487.71,,,,,,,,0.0,287.0,227.0,1.0,False
431788,285023_43879,Pape Gueye,Senegal,MF,3,8,25,1,7,0,0.37,5.4,0,0,7,51,10,4,2,1,0,0,0,161,86,3,33,13,54,5,100,,,,107,13,51,43,79,28,2,16,99,369,6.87,356,114,29411.07,38.0,256.0,66.0,6.039241313934326,5.199975490570068,6.275955677032471,,2.0,257.0,27.0,1.0,True
418798,285023_43879,Pape Matar Sarr,Senegal,MF,0,4,0,0,4,0,0.23,0.0,0,0,3,25,3,1,0,0,0,0,0,48,90,1,0,2,50,0,0,,,,36,6,12,18,24,12,1,4,13,106,3.29,157,44,10328.88,,,,,,,,0.0,94.0,786.0,0.0,False
448825,285023_43879,Pathe Ciss,Senegal,MF,1,2,0,1,1,1,0.2,0.0,0,0,3,11,5,1,0,0,0,0,0,139,92,0,0,0,0,8,75,,,,31,0,5,26,24,7,0,2,17,298,6.06,190,63,21513.7,,,,,,,,0.0,232.0,1025.0,0.0,False
395050,285023_43883,Aubrey Modiba,South Africa,DF,1,5,0,1,4,0,0.12,0.0,2,0,12,67,14,4,6,1,0,0,2,139,83,8,50,9,33,1,100,,,,96,27,48,21,19,77,2,26,54,308,5.96,442,154,37864.78,,,,,,,,0.0,381.0,1205.0,0.0,False
419225,285023_43883,Bradley Cross,South Africa,DF,0,0,0,0,0,0,0.0,0.0,0,0,0,0,0,0,0,0,0,0,0,0,0,0,0,0,0,0,0,,,,0,0,0,0,0,0,0,0,0,0,0.0,0,0,0.0,,,,,,,,0.0,0.0,261.0,0.0,False
506039,285023_43883,Ime Okon,South Africa,DF,0,1,0,1,0,1,0.01,0.0,0,0,3,22,5,1,1,0,0,0,0,280,92,0,0,2,50,2,50,,,,52,1,2,49,14,38,0,3,46,582,5.9,460,183,39562.72,308.0,93.0,341.0,4.455293655395508,6.0618205070495605,4.824283123016357,,0.0,402.0,1218.0,0.0,True
463218,285023_43883,Khuliso Mudau,South Africa,DF,0,0,0,0,0,0,0.0,0.0,0,0,32,82,16,4,10,0,0,0,1,187,90,5,20,5,20,0,0,,,,62,30,25,7,17,45,6,17,64,394,5.83,399,189,39120.48,,,,,,,,0.0,402.0,1218.0,0.0,False
504192,285023_43883,Khulumani Ndamane,South Africa,DF,0,0,0,0,0,0,0.0,0.0,0,0,0,0,0,0,0,0,0,0,0,0,0,0,0,0,0,0,0,,,,0,0,0,0,0,0,0,0,0,0,0.0,0,0,0.0,,,,,,,,0.0,0.0,261.0,0.0,False
504199,285023_43883,Mbekezeli Mbokazi,South Africa,DF,1,4,0,0,4,0,0.06,0.0,0,0,9,49,16,3,4,0,0,0,1,213,87,2,0,7,57,3,67,,,,29,5,6,18,13,16,0,4,29,466,5.31,336,138,35585.09,236.0,78.0,277.0,4.6229448318481445,6.160454273223877,5.2310662269592285,,0.0,402.0,1218.0,0.0,True
463221,285023_43883,Nkosinathi Sibisi,South Africa,DF,0,0,0,0,0,0,0.0,0.0,0,0,2,15,6,1,0,1,0,0,0,52,81,0,0,1,100,3,100,,,,16,0,2,14,4,12,0,0,12,108,1.39,101,38,9387.59,,,,,,,,0.0,101.0,815.0,0.0,False
502245,285023_43883,Olwethu Makhanya,South Africa,DF,0,0,0,0,0,0,0.0,0.0,0,0,0,0,0,0,0,0,0,0,0,0,0,0,0,0,0,0,0,,,,0,0,0,0,0,0,0,0,0,0,0.0,0,0,0.0,,,,,,,,0.0,0.0,261.0,0.0,False
504200,285023_43883,Samukele Kabini,South Africa,DF,0,0,0,0,0,0,0.0,0.0,0,0,0,0,0,0,0,0,0,0,0,0,0,0,0,0,0,0,0,,,,0,0,0,0,0,0,0,0,0,0,0.0,0,0,0.0,,,,,,,,0.0,0.0,261.0,0.0,False
510850,285023_43883,Thabang Matuludi,South Africa,DF,0,0,0,0,0,0,0.0,0.0,0,0,0,0,0,0,0,0,0,0,0,0,0,0,0,0,0,0,0,,,,0,0,0,0,0,0,0,0,0,0,0.0,0,0,0.0,,,,,,,,0.0,0.0,261.0,0.0,False
430917,285023_43883,Evidence Makgopa,South Africa,FW,3,4,0,4,0,2,0.42,0.0,0,0,15,76,9,1,1,0,0,0,2,29,69,0,0,1,100,0,0,,,,43,32,10,1,35,8,3,30,28,77,6.21,319,106,25410.78,,,,,,,,0.0,241.0,1039.0,0.0,False
481242,285023_43883,Iqraam Rayners,South Africa,FW,0,1,0,1,0,1,0.11,0.0,0,0,7,83,2,1,1,0,0,0,2,24,88,2,0,3,33,0,0,,,,75,57,17,1,51,24,5,25,28,62,6.68,193,108,19309.81,,,,,,,,0.0,182.0,956.0,0.0,False
506038,285023_43883,Kamogelo Sebelebele,South Africa,FW,0,0,0,0,0,0,0.0,0.0,0,0,1,4,0,1,0,0,0,0,0,5,80,1,0,0,0,0,0,,,,5,2,3,0,2,3,1,2,2,13,1.94,27,11,1742.93,,,,,,,,0.0,13.0,548.0,0.0,False
419211,285023_43883,Lyle Foster,South Africa,FW,0,1,0,1,0,1,0.07,0.0,0,0,1,25,1,0,1,0,0,0,0,5,20,0,0,1,0,0,0,,,,20,10,8,2,12,8,0,6,7,15,1.49,66,16,5968.5,,,,,,,,0.0,59.0,707.0,0.0,False
419223,285023_43883,Oswin Appollis,South Africa,FW,1,4,0,0,4,0,0.15,0.0,7,0,12,115,9,1,2,0,0,0,0,99,83,7,14,3,33,1,100,,,,209,85,102,22,102,107,2,46,83,231,6.39,405,182,30714.27,,,,,,,,0.0,287.0,1090.0,0.0,False
486161,285023_43883,Relebohile Mofokeng,South Africa,FW,1,3,0,0,3,0,0.12,0.0,1,0,18,107,13,3,2,0,0,0,0,54,81,2,0,6,50,2,100,,,,56,18,34,4,37,19,3,34,22,130,5.73,341,100,23444.92,,,,,,,,0.0,184.0,964.0,0.0,False
463234,285023_43883,Thapelo Maseko,South Africa,FW,1,8,13,4,4,0,0.47,2.13,1,0,9,97,23,4,10,0,0,0,0,49,76,2,0,5,40,0,0,,,,84,43,37,4,42,42,3,40,49,152,4.77,299,159,27093.85,53.0,254.0,182.0,5.801723957061768,5.211858749389648,5.70704984664917,,1.0,255.0,123.0,0.0,True
504193,285023_43883,Tshepang Moremi,South Africa,FW,0,0,0,0,0,0,0.0,0.0,0,0,1,18,1,1,1,0,0,0,0,9,67,0,0,0,0,0,0,,,,14,8,4,2,4,10,2,4,5,20,3.72,67,41,5585.39,,,,,,,,0.0,44.0,183.0,1.0,False
395059,285023_43883,Ricardo Goss,South Africa,GK,0,0,0,0,0,0,0.0,0.0,0,0,0,0,0,0,0,0,0,0,0,0,0,0,0,0,0,0,0,0.0,0.0,0.0,0,0,0,0,0,0,0,0,0,0,0.0,0,0,0.0,,,,,,,,0.0,0.0,261.0,0.0,False
395986,285023_43883,Ronwen Williams,South Africa,GK,0,0,0,0,0,0,0.0,0.0,0,0,0,0,0,0,0,0,0,0,0,237,76,0,0,7,29,3,67,14.0,72.0,59.0,60,0,0,60,42,18,0,0,8,443,3.09,36,7,20708.63,,,,,,,,0.0,402.0,1218.0,0.0,False
494246,285023_43883,Sipho Chaine,South Africa,GK,0,0,0,0,0,0,0.0,0.0,0,0,0,0,0,0,0,0,0,0,0,0,0,0,0,0,0,0,0,0.0,0.0,0.0,0,0,0,0,0,0,0,0,0,0,0.0,0,0,0.0,,,,,,,,0.0,0.0,261.0,0.0,False
463236,285023_43883,Jayden Adams,South Africa,MF,0,0,0,0,0,0,0.0,0.0,0,0,2,43,2,0,0,0,0,0,0,44,91,0,0,2,50,2,100,,,,40,10,19,11,31,9,0,11,20,92,5.27,181,57,14495.71,,,,,,,,0.0,130.0,870.0,0.0,False
390475,285023_43883,Sphephelo Sithole,South Africa,MF,0,0,0,0,0,0,0.0,0.0,0,0,7,72,13,5,1,0,1,0,0,129,84,0,0,1,0,5,80,,,,115,3,48,64,85,30,0,11,47,288,6.6,463,119,28152.2,,,,,,,,0.0,252.0,1044.0,0.0,False
403616,285023_43883,Teboho Mokoena,South Africa,MF,2,4,25,1,3,0,0.84,1.19,0,0,13,95,22,3,6,2,0,0,0,196,90,3,0,6,50,4,100,,,,144,13,50,81,89,55,1,12,87,428,6.15,423,121,30982.52,117.0,62.0,191.0,5.132003784179688,6.284855842590332,5.66510534286499,,1.0,301.0,139.0,0.0,True
494248,285023_43883,Thalente Mbatha,South Africa,MF,1,4,0,0,4,0,0.11,0.0,0,0,12,99,14,4,0,1,0,0,0,97,85,4,0,4,50,1,100,,,,86,15,38,33,65,21,1,12,38,222,6.41,446,145,31917.63,225.0,85.0,282.0,4.646296977996826,6.098241329193115,5.220149517059326,,0.0,293.0,1101.0,0.0,True
395984,285023_43883,Themba Zwane,South Africa,MF,0,0,0,0,0,0,0.0,0.0,0,0,2,12,0,1,0,0,1,0,0,7,71,0,0,0,0,0,0,,,,6,0,5,1,5,1,0,0,5,14,5.29,35,10,2021.04,,,,,,,,0.0,19.0,569.0,0.0,False
391297,285023_43969,Alex Grimaldo,Spain,DF,0,0,0,0,0,0,0.0,0.0,0,0,0,0,0,0,0,0,0,0,0,0,0,0,0,0,0,0,0,,,,0,0,0,0,0,0,0,0,0,0,0.0,0,0,0.0,,,,,,,,0.0,0.0,261.0,0.0,False
335999,285023_43969,Aymeric Laporte,Spain,DF,1,4,0,2,2,2,0.15,0.0,0,0,16,19,2,2,2,0,0,0,0,388,94,0,0,7,57,7,100,,,,77,4,3,70,35,42,0,3,44,799,5.9,348,104,39650.58,239.0,7.0,176.0,4.621682167053223,7.354978084564209,5.728387355804443,,0.0,403.0,252.0,1.0,True
405562,285023_43969,Eric Garcia,Spain,DF,0,0,0,0,0,0,0.0,0.0,0,0,0,0,0,0,0,0,0,0,0,0,0,0,0,0,0,0,0,,,,0,0,0,0,0,0,0,0,0,0,0.0,0,0,0.0,,,,,,,,0.0,0.0,261.0,0.0,False
430735,285023_43969,Marc Cucurella,Spain,DF,2,3,0,3,0,1,0.26,0.0,0,0,9,50,11,5,2,0,0,0,1,246,92,9,22,7,57,0,0,,,,212,86,65,61,52,160,11,69,103,510,6.33,451,174,42922.07,195.0,29.0,161.0,4.748912334442139,6.654880523681641,5.784273624420166,,0.0,407.0,179.0,2.0,True
484728,285023_43969,Marc Pubill,Spain,DF,0,0,0,0,0,0,0.0,0.0,0,0,0,0,0,0,0,0,0,0,0,2,100,0,0,0,0,0,0,,,,0,0,0,0,0,0,0,0,0,4,1.82,6,3,455.66,,,,,,,,0.0,3.0,511.0,0.0,False
382739,285023_43969,Marcos Llorente,Spain,DF,0,0,0,0,0,0,0.0,0.0,0,0,12,37,10,2,1,0,0,0,0,144,93,6,33,5,80,0,0,,,,53,19,14,20,12,41,3,22,33,309,3.03,196,83,20573.67,,,,,,,,0.0,203.0,207.0,1.0,False
474973,285023_43969,Pau Cubarsi,Spain,DF,0,2,0,1,1,1,0.25,0.0,0,0,5,13,6,2,1,0,0,0,0,366,98,1,0,3,100,1,100,,,,88,0,0,88,52,36,0,3,51,781,6.2,412,127,42045.14,324.0,6.0,232.0,4.377198219299316,7.432014465332031,5.48000431060791,,0.0,407.0,1235.0,0.0,True
430144,285023_43969,Pedro Porro,Spain,DF,2,3,33,2,1,1,0.41,2.41,0,0,10,19,6,2,2,0,0,0,0,136,90,10,40,6,33,5,100,,,,90,24,43,23,21,69,4,33,65,311,3.05,221,105,20679.47,,,,,,,,1.0,203.0,110.0,0.0,False
447864,285023_43969,Borja Iglesias,Spain,FW,0,0,0,0,0,0,0.0,0.0,0,0,0,0,0,0,0,0,0,0,0,0,0,0,0,0,0,0,0,,,,0,0,0,0,0,0,0,0,0,0,0.0,0,0,0.0,,,,,,,,0.0,0.0,261.0,0.0,False
430750,285023_43969,Dani Olmo,Spain,FW,0,6,0,3,3,0,0.35,0.0,0,0,9,80,7,3,3,0,0,0,0,91,90,0,0,3,33,1,100,,,,92,31,40,21,68,24,1,34,48,214,6.59,282,107,20592.27,120.0,108.0,75.0,5.088950157165527,5.940364837646484,6.239181518554688,,0.0,191.0,204.0,1.0,True
405545,285023_43969,Ferran Torres,Spain,FW,2,9,0,8,1,3,2.06,0.0,0,0,4,56,8,3,1,0,0,0,1,46,80,4,0,7,57,0,0,,,,124,63,40,21,99,25,7,51,31,143,6.25,185,94,18745.8,,,,,,,,0.0,184.0,965.0,0.0,False
484320,285023_43969,Lamine Yamal,Spain,FW,6,14,7,8,6,0,1.55,0.64,9,0,10,26,5,2,1,0,0,0,3,105,89,22,23,15,67,1,100,,,,122,49,61,12,31,91,13,91,98,308,5.64,191,95,22542.08,24.0,243.0,6.0,6.258255958557129,5.2694172859191895,7.245034694671631,,1.0,247.0,120.0,0.0,True
430751,285023_43969,Mikel Oyarzabal,Spain,FW,8,17,24,13,4,5,2.78,1.44,0,0,28,105,8,2,2,0,0,0,0,64,77,8,13,3,33,2,50,,,,146,89,52,5,118,28,11,71,75,200,5.78,349,157,31944.17,11.0,158.0,300.0,6.641492366790772,5.6382927894592285,5.141247272491455,,4.0,333.0,6.0,1.0,True
447855,285023_43969,Nico Williams,Spain,FW,0,0,0,0,0,0,0.0,0.0,1,0,3,20,0,0,1,0,0,0,0,17,76,2,0,3,67,0,0,,,,44,30,10,4,16,28,1,13,14,47,4.96,73,48,6784.28,,,,,,,,0.0,66.0,718.0,0.0,False
492859,285023_43969,Victor Munoz,Spain,FW,0,0,0,0,0,0,0.0,0.0,0,0,0,0,0,0,0,0,0,0,0,0,0,0,0,0,0,0,0,,,,0,0,0,0,0,0,0,0,0,0,0.0,0,0,0.0,,,,,,,,0.0,0.0,261.0,0.0,False
423658,285023_43969,Yeremy Pino,Spain,FW,0,0,0,0,0,0,0.0,0.0,0,0,3,28,7,2,0,0,0,0,1,29,86,1,0,0,0,0,0,,,,45,24,17,4,22,23,1,26,17,67,3.15,114,45,8846.84,,,,,,,,0.0,83.0,759.0,0.0,False
447853,285023_43969,David Raya,Spain,GK,0,0,0,0,0,0,0.0,0.0,0,0,0,0,0,0,0,0,0,0,0,0,0,0,0,0,0,0,0,0.0,0.0,0.0,0,0,0,0,0,0,0,0,0,0,0.0,0,0,0.0,,,,,,,,0.0,0.0,261.0,0.0,False
484691,285023_43969,Joan Garcia,Spain,GK,0,0,0,0,0,0,0.0,0.0,0,0,0,0,0,0,0,0,0,0,0,0,0,0,0,0,0,0,0,0.0,0.0,0.0,0,0,0,0,0,0,0,0,0,0,0.0,0,0,0.0,,,,,,,,0.0,0.0,261.0,0.0,False
430753,285023_43969,Unai Simon,Spain,GK,0,0,0,0,0,0,0.0,0.0,0,0,0,0,0,0,1,0,0,0,0,146,92,0,0,1,0,1,100,6.0,52.0,39.0,64,0,0,64,44,20,0,0,2,287,3.35,83,26,22710.51,,,,,,,,0.0,407.0,1235.0,0.0,False
447860,285023_43969,Alex Baena,Spain,MF,2,5,20,2,3,0,0.18,5.71,14,0,6,52,8,5,3,1,0,0,0,104,85,23,30,13,69,0,0,,,,138,54,59,25,72,66,5,72,47,265,4.83,271,100,22928.51,43.0,140.0,22.0,5.919644355773926,5.7552361488342285,6.866219520568848,,1.0,214.0,61.0,1.0,True
430718,285023_43969,Fabian Ruiz,Spain,MF,1,5,0,1,4,1,0.31,0.0,0,0,4,33,1,0,1,0,0,0,0,129,95,3,0,6,83,2,100,,,,142,22,60,60,92,50,2,18,36,282,7.03,195,44,16301.22,175.0,71.0,48.0,4.798928737640381,6.202205181121826,6.4185333251953125,,0.0,143.0,889.0,0.0,True
447866,285023_43969,Gavi,Spain,MF,0,1,0,1,0,0,0.01,0.0,0,0,4,33,8,2,1,0,0,0,0,31,94,2,0,1,100,1,100,,,,89,27,45,17,61,28,1,22,25,78,3.85,122,45,10707.89,,,,,,,,0.0,85.0,762.0,0.0,False
430754,285023_43969,Martin Zubimendi,Spain,MF,0,0,0,0,0,0,0.0,0.0,0,0,0,0,0,0,0,0,0,0,0,0,0,0,0,0,0,0,0,,,,0,0,0,0,0,0,0,0,0,0,0.0,0,0,0.0,,,,,,,,0.0,0.0,261.0,0.0,False
430733,285023_43969,Mikel Merino,Spain,MF,1,2,0,2,0,0,0.09,0.0,0,0,19,62,6,4,2,0,0,0,0,66,88,1,0,3,67,1,100,,,,73,26,39,8,48,25,0,26,38,144,7.34,319,78,18634.71,179.0,90.0,187.0,4.787691593170166,6.069309234619141,5.676727294921875,,0.0,155.0,910.0,0.0,True
423646,285023_43969,Pedri,Spain,MF,1,3,0,1,2,0,0.3,0.0,8,0,39,151,21,2,4,1,0,0,1,289,88,14,36,8,88,2,100,,,,248,33,90,125,185,63,5,39,112,640,7.19,575,165,40760.33,261.0,33.0,69.0,4.5824809074401855,6.568941593170166,6.263537406921387,,0.0,337.0,1188.0,0.0,True
411375,285023_43969,Rodri,Spain,MF,0,4,0,1,3,1,0.13,0.0,0,0,16,48,17,4,2,0,0,0,1,435,94,1,0,12,92,3,100,,,,232,3,63,166,157,75,1,21,165,903,7.03,630,144,46738.12,316.0,2.0,137.0,4.421173095703125,7.51129674911499,5.883875370025635,,0.0,398.0,1212.0,0.0,True
502945,285023_43970,Alexander Bernhardsson,Sweden,DF,1,1,0,0,1,0,0.05,0.0,0,0,14,81,9,2,5,0,0,0,0,67,76,3,0,3,67,1,100,,,,40,15,15,10,10,30,0,28,36,150,4.85,268,90,25109.78,,,,,,,,0.0,233.0,1029.0,0.0,False
441132,285023_43970,Carl Starfelt,Sweden,DF,0,0,0,0,0,0,0.0,0.0,0,0,0,0,0,0,0,0,0,0,0,12,92,0,0,0,0,0,0,,,,0,0,0,0,0,0,0,0,1,27,1.66,8,3,1116.66,,,,,,,,0.0,10.0,527.0,0.0,False
491255,285023_43970,Daniel Svensson,Sweden,DF,0,1,0,0,1,0,0.01,0.0,1,0,8,24,3,0,0,0,0,0,1,46,83,2,50,3,33,0,0,,,,31,9,18,4,17,14,0,8,12,88,5.41,149,63,13088.54,,,,,,,,0.0,114.0,841.0,0.0,False
519958,285023_43970,Elliot Stroud,Sweden,DF,0,1,0,1,0,0,0.09,0.0,3,0,9,61,7,3,1,0,0,0,0,49,78,6,33,6,50,0,0,,,,37,9,19,9,10,27,0,10,21,115,6.96,251,94,20520.74,,,,,,,,0.0,183.0,960.0,0.0,False
493061,285023_43970,Eric Smith,Sweden,DF,0,0,0,0,0,0,0.0,0.0,0,0,0,0,0,0,0,0,0,0,0,0,0,0,0,0,0,0,0,,,,0,0,0,0,0,0,0,0,0,0,0.0,0,0,0.0,,,,,,,,0.0,0.0,261.0,0.0,False
483276,285023_43970,Gabriel Gudmundsson,Sweden,DF,0,0,0,0,0,0,0.0,0.0,1,0,13,58,14,5,7,1,0,0,0,147,76,5,20,7,14,2,100,,,,51,10,10,31,10,41,1,11,44,282,6.21,340,137,36816.96,,,,,,,,0.0,356.0,1196.0,0.0,False
483304,285023_43970,Gustaf Lagerbielke,Sweden,DF,1,3,0,3,0,3,0.13,0.0,0,0,8,50,14,1,3,0,0,0,1,206,84,1,0,7,57,1,100,,,,46,0,8,38,11,35,0,11,35,433,6.18,436,119,41310.47,,,,,,,,0.0,400.0,1216.0,0.0,False
514639,285023_43970,Herman Johansson,Sweden,DF,0,0,0,0,0,0,0.0,0.0,0,0,0,0,0,0,0,0,0,0,0,0,0,0,0,0,0,0,0,,,,0,0,0,0,0,0,0,0,0,0,0.0,0,0,0.0,,,,,,,,0.0,0.0,261.0,0.0,False
483319,285023_43970,Hjalmar Ekdal,Sweden,DF,0,0,0,0,0,0,0.0,0.0,0,0,0,0,0,0,0,0,0,0,0,0,0,0,0,0,0,0,0,,,,0,0,0,0,0,0,0,0,0,0,0.0,0,0,0.0,,,,,,,,0.0,0.0,261.0,0.0,False
483312,285023_43970,Isak Hien,Sweden,DF,0,0,0,0,0,0,0.0,0.0,0,0,13,13,8,3,3,1,0,0,0,128,95,0,0,1,0,1,100,,,,26,0,0,26,19,7,0,1,17,271,4.32,173,69,22458.49,,,,,,,,0.0,237.0,1036.0,0.0,False
395283,285023_43970,Victor Lindelof,Sweden,DF,0,2,0,2,0,2,0.26,0.0,0,0,5,24,10,3,0,0,0,0,0,200,95,0,0,3,67,1,100,,,,35,0,3,32,18,17,0,4,24,430,5.72,315,101,37262.4,,,,,,,,0.0,390.0,1209.0,0.0,False
430150,285023_43970,Alexander Isak,Sweden,FW,6,8,13,5,3,1,0.68,1.48,0,0,5,110,15,4,1,0,0,0,5,81,80,4,0,5,60,2,50,,,,134,64,66,4,105,29,7,57,69,194,5.5,346,155,35655.02,49.0,363.0,45.0,5.84784460067749,4.102073192596436,6.444681644439697,,1.0,389.0,49.0,3.0,True
441137,285023_43970,Anthony Elanga,Sweden,FW,3,3,67,2,1,0,0.53,3.77,1,0,10,31,1,0,7,0,0,0,1,76,79,12,0,9,33,0,0,,,,110,47,56,7,40,70,7,39,59,192,5.94,211,118,24265.7,20.0,362.0,97.0,6.390748023986816,4.106693267822266,6.119401454925537,,2.0,247.0,42.0,0.0,True
489691,285023_43970,Gustaf Nilsson,Sweden,FW,0,1,0,1,0,1,0.01,0.0,0,0,0,3,0,0,0,0,0,0,0,2,50,0,0,0,0,0,0,,,,3,1,2,0,2,1,0,2,3,6,2.14,11,2,713.65,,,,,,,,0.0,5.0,514.0,0.0,False
514202,285023_43970,Taha Ali,Sweden,FW,0,0,0,0,0,0,0.0,0.0,0,0,4,15,0,0,2,0,0,0,0,16,94,1,0,2,100,0,0,,,,19,2,11,6,1,18,1,9,10,40,3.13,61,26,4821.78,,,,,,,,0.0,46.0,664.0,0.0,False
483327,285023_43970,Viktor Gyokeres,Sweden,FW,6,12,8,9,3,0,1.39,0.72,0,0,14,75,4,4,7,1,0,0,1,70,69,1,100,8,50,1,100,,,,106,68,36,2,65,41,12,81,82,197,6.41,426,177,42857.3,81.0,354.0,93.0,5.518943786621094,4.514871597290039,6.13568925857544,,1.0,400.0,53.0,2.0,True
489685,285023_43970,Jacob Widell Zetterstrom,Sweden,GK,0,0,0,0,0,0,0.0,0.0,0,0,0,0,0,0,0,0,0,0,0,73,53,0,0,6,17,0,0,12.0,54.0,46.0,9,0,0,9,6,3,0,0,1,131,1.58,17,8,10559.21,,,,,,,,0.0,200.0,982.0,0.0,False
360496,285023_43970,Kristoffer Nordfeldt,Sweden,GK,0,0,0,0,0,0,0.0,0.0,0,0,0,0,0,0,0,0,0,0,0,66,68,0,0,3,67,1,100,4.0,22.0,20.0,8,0,0,8,5,3,0,0,1,115,1.47,8,1,9861.15,,,,,,,,0.0,200.0,983.0,0.0,False
483264,285023_43970,Viktor Johansson,Sweden,GK,0,0,0,0,0,0,0.0,0.0,0,0,0,0,0,0,0,0,0,0,0,0,0,0,0,0,0,0,0,0.0,0.0,0.0,0,0,0,0,0,0,0,0,0,0,0.0,0,0,0.0,,,,,,,,0.0,0.0,261.0,0.0,False
502946,285023_43970,Benjamin Nygren,Sweden,MF,0,1,0,0,1,0,0.03,0.0,3,0,4,71,13,3,0,0,0,0,0,50,92,6,33,4,50,0,0,,,,81,16,55,10,51,30,1,17,33,119,7.73,282,104,18972.62,,,,,,,,0.0,149.0,901.0,0.0,False
503047,285023_43970,Besfort Zeneli,Sweden,MF,1,1,0,0,1,0,0.01,0.0,0,0,3,35,7,1,0,0,0,0,0,38,89,2,0,2,50,0,0,,,,53,12,24,17,36,17,1,10,18,86,3.75,137,51,8630.22,,,,,,,,0.0,69.0,724.0,0.0,False
441135,285023_43970,Jesper Karlstrom,Sweden,MF,0,1,0,1,0,0,0.05,0.0,0,0,7,38,7,3,0,0,0,0,0,37,84,0,0,2,50,0,0,,,,63,2,22,39,41,22,0,4,20,79,3.44,199,48,16846.98,,,,,,,,0.0,147.0,897.0,0.0,False
395286,285023_43970,Ken Sema,Sweden,MF,0,1,0,1,0,0,0.06,0.0,0,0,2,5,2,0,1,0,0,0,0,3,100,0,0,0,0,0,0,,,,5,2,2,1,2,3,0,1,4,10,1.52,22,7,2294.51,,,,,,,,0.0,22.0,588.0,0.0,False
489689,285023_43970,Lucas Bergvall,Sweden,MF,0,2,0,2,0,1,0.68,0.0,0,0,10,60,13,7,4,1,0,0,0,88,91,2,0,2,100,0,0,,,,52,7,16,29,43,9,3,14,40,193,6.93,283,89,23862.93,146.0,310.0,55.0,4.91195011138916,4.894222259521484,6.350475788116455,,0.0,207.0,209.0,1.0,True
433795,285023_43970,Mattias Svanberg,Sweden,MF,2,3,33,2,1,0,0.23,4.26,0,0,0,5,1,0,1,0,0,0,0,7,100,0,0,0,0,0,0,,,,8,0,5,3,8,0,0,3,5,23,3.67,49,15,3157.11,,,,,,,,1.0,25.0,79.0,0.0,False
489688,285023_43970,Yasin Ayari,Sweden,MF,3,7,29,1,6,0,0.44,4.59,9,0,21,100,22,4,8,1,0,0,0,107,79,17,29,2,0,3,67,,,,148,21,59,68,111,37,2,28,85,278,6.4,434,109,39607.81,33.0,165.0,231.0,6.104801654815674,5.5907745361328125,5.480545520782471,,2.0,371.0,46.0,0.0,True
484864,285023_43971,Aurele Amenda,Switzerland,DF,0,0,0,0,0,0,0.0,0.0,0,0,0,0,0,0,0,0,0,0,0,0,0,0,0,0,0,0,0,,,,0,0,0,0,0,0,0,0,0,0,0.0,0,0,0.0,,,,,,,,0.0,0.0,261.0,0.0,False
448136,285023_43971,Eray Coemert,Switzerland,DF,0,0,0,0,0,0,0.0,0.0,0,0,0,0,0,0,0,0,0,0,0,0,0,0,0,0,0,0,0,,,,0,0,0,0,0,0,0,0,0,0,0.0,0,0,0.0,,,,,,,,0.0,0.0,261.0,0.0,False
510908,285023_43971,Luca Jaquez,Switzerland,DF,0,0,0,0,0,0,0.0,0.0,0,0,3,15,4,3,1,0,0,0,0,41,76,2,0,4,50,0,0,,,,20,9,9,2,2,18,1,7,28,88,3.26,96,39,9611.83,,,,,,,,0.0,89.0,771.0,0.0,False
405178,285023_43971,Manuel Akanji,Switzerland,DF,1,1,0,1,0,0,0.18,0.0,0,0,9,22,12,0,2,0,0,0,0,318,92,0,0,6,83,5,100,,,,48,0,1,47,24,24,1,3,55,666,5.73,416,114,38591.71,295.0,26.0,129.0,4.4913835525512695,6.675647735595703,5.91132116317749,,0.0,403.0,1228.0,0.0,True
493221,285023_43971,Miro Muheim,Switzerland,DF,0,0,0,0,0,0,0.0,0.0,0,1,0,0,0,0,0,0,0,0,0,6,67,0,0,0,0,0,0,,,,6,4,2,0,0,6,0,0,0,11,1.73,18,7,1040.17,,,,,,,,0.0,9.0,524.0,0.0,False
398509,285023_43971,Nico Elvedi,Switzerland,DF,0,3,0,3,0,2,0.3,0.0,0,0,6,27,9,3,2,1,0,0,0,282,92,0,0,2,50,3,100,,,,40,1,9,30,19,21,0,4,76,614,5.85,434,122,39382.48,296.0,34.0,206.0,4.491041660308838,6.567099571228027,5.614940643310547,,0.0,403.0,1228.0,0.0,True
313559,285023_43971,Ricardo Rodriguez,Switzerland,DF,0,1,0,0,1,0,0.02,0.0,4,0,16,36,9,9,1,0,0,0,0,221,81,13,8,19,37,4,50,,,,69,32,23,14,11,58,3,28,54,452,5.94,389,148,39121.21,304.0,57.0,153.0,4.471334934234619,6.335314750671387,5.827579975128174,,0.0,394.0,1211.0,0.0,True
356412,285023_43971,Silvan Widmer,Switzerland,DF,0,0,0,0,0,0,0.0,0.0,0,0,7,28,7,1,0,0,0,0,0,44,80,3,33,1,100,1,100,,,,43,16,17,10,10,33,3,4,15,93,5.24,185,67,13345.17,,,,,,,,0.0,120.0,849.0,0.0,False
393480,285023_43971,Breel Embolo,Switzerland,FW,4,9,22,7,2,1,2.53,0.79,0,0,32,114,15,6,8,0,0,0,2,49,76,1,0,6,50,0,0,,,,115,77,37,1,103,12,10,50,59,135,5.64,350,172,34576.28,42.0,286.0,159.0,5.921784400939941,5.025744915008545,5.793568134307861,,2.0,369.0,23.0,2.0,True
448104,285023_43971,Cedric Itten,Switzerland,FW,0,0,0,0,0,0,0.0,0.0,0,0,1,7,1,1,1,0,0,0,0,2,50,1,0,0,0,0,0,,,,10,8,2,0,8,2,1,3,3,7,3.71,36,18,2679.18,,,,,,,,0.0,21.0,580.0,0.0,False
448124,285023_43971,Christian Fassnacht,Switzerland,FW,0,0,0,0,0,0,0.0,0.0,0,0,0,8,2,0,0,0,0,0,0,5,100,0,0,0,0,0,0,,,,3,0,3,0,2,1,1,5,6,12,2.13,31,14,1743.81,,,,,,,,0.0,12.0,536.0,0.0,False
448114,285023_43971,Dan Ndoye,Switzerland,FW,5,11,9,10,1,0,0.58,1.71,0,0,23,74,11,2,11,0,0,0,1,61,85,8,0,5,60,0,0,,,,74,45,29,0,37,37,9,60,64,183,6.45,314,150,26581.64,64.0,83.0,222.0,5.684139728546143,6.126879692077637,5.534499168395996,,1.0,252.0,121.0,0.0,True
448127,285023_43971,Noah Okafor,Switzerland,FW,0,1,0,1,0,0,0.18,0.0,0,0,1,11,3,0,0,0,0,0,0,9,78,0,0,2,0,0,0,,,,6,3,3,0,4,2,0,9,9,23,1.69,38,11,2914.43,,,,,,,,0.0,25.0,600.0,0.0,False
448131,285023_43971,Ruben Vargas,Switzerland,FW,4,6,33,4,2,0,1.31,1.53,11,0,14,68,17,5,4,0,0,0,0,78,76,22,27,15,47,0,0,,,,73,54,16,3,29,44,6,67,37,212,5.96,307,138,26697.29,14.0,271.0,23.0,6.572463035583496,5.145461559295654,6.858534812927246,,2.0,268.0,28.0,1.0,True
448112,285023_43971,Zeki Amdouni,Switzerland,FW,0,1,0,0,1,0,0.0,0.0,0,0,1,14,4,1,4,0,0,0,0,6,67,0,0,0,0,0,0,,,,9,8,1,0,9,0,2,9,8,26,3.66,48,17,3924.51,,,,,,,,0.0,32.0,623.0,0.0,False
448107,285023_43971,Gregor Kobel,Switzerland,GK,0,0,0,0,0,0,0.0,0.0,0,0,0,0,0,0,1,0,0,0,0,160,78,0,0,3,0,0,0,13.0,51.0,45.0,31,0,0,31,20,11,0,0,2,298,3.4,39,5,22876.57,,,,,,,,0.0,403.0,1227.0,0.0,False
484862,285023_43971,Marvin Keller,Switzerland,GK,0,0,0,0,0,0,0.0,0.0,0,0,0,0,0,0,0,0,0,0,0,0,0,0,0,0,0,0,0,0.0,0.0,0.0,0,0,0,0,0,0,0,0,0,0,0.0,0,0,0.0,,,,,,,,0.0,0.0,261.0,0.0,False
402022,285023_43971,Yvon Mvogo,Switzerland,GK,0,0,0,0,0,0,0.0,0.0,0,0,0,0,0,0,0,0,0,0,0,0,0,0,0,0,0,0,0,0.0,0.0,0.0,0,0,0,0,0,0,0,0,0,0,0.0,0,0,0.0,,,,,,,,,,,0.0,False
448120,285023_43971,Ardon Jashari,Switzerland,MF,0,1,0,0,1,0,0.02,0.0,0,0,0,0,0,0,0,0,0,0,0,8,88,0,0,0,0,0,0,,,,1,0,1,0,1,0,0,2,2,18,1.64,19,3,1008.65,,,,,,,,0.0,9.0,525.0,0.0,False
401448,285023_43971,Denis Zakaria,Switzerland,MF,2,4,0,4,0,1,0.61,0.0,0,0,11,31,16,1,0,1,0,0,0,105,88,11,18,5,100,0,0,,,,34,17,10,7,12,22,4,34,43,240,3.14,219,91,20153.38,,,,,,,,0.0,193.0,973.0,0.0,False
411226,285023_43971,Djibril Sow,Switzerland,MF,0,0,0,0,0,0,0.0,0.0,0,0,4,30,4,1,1,0,0,0,0,35,86,0,0,3,67,1,100,,,,59,13,37,9,38,21,0,4,22,75,3.59,204,73,12440.73,,,,,,,,0.0,104.0,821.0,0.0,False
448103,285023_43971,Fabian Rieder,Switzerland,MF,1,3,0,3,0,0,0.8,0.0,3,0,8,82,9,1,2,0,0,0,0,40,93,6,0,4,75,1,100,,,,79,31,43,5,50,29,4,24,38,103,5.76,261,88,16705.61,,,,,,,,0.0,131.0,871.0,0.0,False
311558,285023_43971,Granit Xhaka,Switzerland,MF,1,5,20,1,4,0,1.01,0.99,0,0,22,57,11,1,9,1,0,0,0,309,90,1,0,7,43,7,100,,,,198,2,66,130,146,52,0,22,73,659,6.63,703,138,44673.07,,,,,,,,1.0,403.0,157.0,0.0,False
502727,285023_43971,Johan Manzambi,Switzerland,MF,3,6,50,4,2,0,0.63,4.73,0,0,14,102,13,3,3,0,0,0,1,54,80,7,43,7,57,0,0,,,,115,37,66,12,82,33,5,36,57,153,6.6,345,113,24380.51,3.0,342.0,20.0,7.485426425933838,4.692008972167969,6.902968406677246,,3.0,220.0,10.0,2.0,True
433147,285023_43971,Michel Aebischer,Switzerland,MF,1,2,0,2,0,1,0.34,0.0,5,0,8,52,6,3,2,0,0,0,0,76,87,6,0,3,33,0,0,,,,99,24,52,23,59,40,2,27,30,173,7.29,321,117,21047.55,,,,,,,,0.0,176.0,946.0,0.0,False
402021,285023_43971,Remo Freuler,Switzerland,MF,1,2,0,1,1,0,0.07,0.0,0,0,13,120,21,6,2,0,0,0,1,205,92,3,33,6,67,0,0,,,,187,31,75,81,145,42,3,19,77,440,7.0,666,144,46073.88,,,,,,,,0.0,394.0,1210.0,0.0,False
516043,285023_43888,Adam Arous,Tunisia,DF,0,0,0,0,0,0,0.0,0.0,0,0,0,0,0,0,0,0,0,0,0,0,0,0,0,0,0,0,0,,,,0,0,0,0,0,0,0,0,0,0,0.0,0,0,0.0,,,,,,,,0.0,0.0,261.0,0.0,False
433362,285023_43888,Ali Abdi,Tunisia,DF,0,1,0,0,1,0,0.05,0.0,1,0,22,102,24,4,2,0,0,0,0,74,69,5,0,5,60,0,0,,,,102,46,48,8,21,81,5,17,35,153,6.13,343,150,29932.97,,,,,,,,0.0,293.0,1098.0,0.0,False
411653,285023_43888,Dylan Bronn,Tunisia,DF,0,0,0,0,0,0,0.0,0.0,0,0,1,4,1,1,0,0,0,0,0,20,80,0,0,0,0,1,0,,,,7,0,0,7,2,5,0,0,1,40,2.04,38,13,5012.71,,,,,,,,0.0,49.0,669.0,0.0,False
425607,285023_43888,Mohamed Amine Ben Hmida,Tunisia,DF,0,0,0,0,0,0,0.0,0.0,0,0,7,30,11,3,1,0,0,0,0,98,83,0,0,1,0,1,0,,,,38,2,0,36,12,26,0,1,18,208,5.95,167,70,22028.58,,,,,,,,0.0,221.0,1017.0,0.0,False
433380,285023_43888,Montassar Talbi,Tunisia,DF,0,1,0,1,0,1,0.08,0.0,0,0,5,17,6,1,1,0,0,0,0,113,95,0,0,0,0,4,75,,,,30,2,2,26,11,19,0,2,24,236,6.02,275,77,29945.79,,,,,,,,0.0,298.0,1106.0,0.0,False
441362,285023_43888,Mortadha Ben Ouanes,Tunisia,DF,0,0,0,0,0,0,0.0,0.0,0,0,3,10,3,0,1,0,0,0,0,4,75,0,0,1,0,0,0,,,,17,6,8,3,13,4,0,0,3,8,2.42,38,18,3378.97,,,,,,,,0.0,27.0,606.0,0.0,False
506335,285023_43888,Moutaz Neffati,Tunisia,DF,0,0,0,0,0,0,0.0,0.0,0,0,0,0,0,0,0,0,0,0,0,0,0,0,0,0,0,0,0,,,,0,0,0,0,0,0,0,0,0,0,0.0,0,0,0.0,,,,,,,,0.0,0.0,261.0,0.0,False
433367,285023_43888,Omar Rekik,Tunisia,DF,1,1,100,1,0,1,0.11,8.73,0,0,5,17,5,0,1,0,0,0,1,93,83,2,0,4,25,1,100,,,,25,0,9,16,2,23,0,7,22,205,4.08,199,66,20477.26,,,,,,,,1.0,200.0,107.0,0.0,False
520246,285023_43888,Raed Chikhaoui,Tunisia,DF,0,0,0,0,0,0,0.0,0.0,0,0,0,0,0,0,0,0,0,0,0,0,0,0,0,0,0,0,0,,,,0,0,0,0,0,0,0,0,0,0,0.0,0,0,0.0,,,,,,,,0.0,0.0,261.0,0.0,False
419189,285023_43888,Yan Valery,Tunisia,DF,0,0,0,0,0,0,0.0,0.0,0,0,13,68,10,4,1,0,0,0,1,80,68,7,29,8,13,1,100,,,,80,38,33,9,5,75,4,28,35,163,6.39,296,130,29256.28,,,,,,,,0.0,274.0,1077.0,0.0,False
448662,285023_43888,Elias Achouri,Tunisia,FW,1,3,0,0,3,0,0.13,0.0,0,0,1,19,6,0,1,0,0,0,1,8,88,0,0,0,0,0,0,,,,31,17,13,1,16,15,0,3,10,33,6.83,68,40,6477.05,,,,,,,,0.0,58.0,703.0,0.0,False
482885,285023_43888,Elias Saad,Tunisia,FW,0,1,0,0,1,0,0.06,0.0,1,0,6,53,3,1,3,0,0,0,1,29,76,2,0,1,100,0,0,,,,45,12,32,1,25,20,2,19,35,76,4.99,199,86,15480.51,,,,,,,,0.0,124.0,860.0,0.0,False
494375,285023_43888,Firas Chaouat,Tunisia,FW,0,0,0,0,0,0,0.0,0.0,0,0,0,18,0,1,2,0,0,0,3,7,100,0,0,0,0,0,0,,,,25,22,3,0,20,5,1,5,5,14,6.2,83,35,6946.94,,,,,,,,0.0,66.0,717.0,0.0,False
494374,285023_43888,Hazem Mastouri,Tunisia,FW,2,3,33,1,2,1,0.21,4.8,0,0,1,38,4,2,2,0,0,0,0,10,70,1,100,0,0,0,0,,,,15,14,1,0,11,4,1,14,17,37,2.17,106,39,10041.14,,,,,,,,1.0,92.0,93.0,0.0,False
520247,285023_43888,Rayan Elloumi,Tunisia,FW,0,0,0,0,0,0,0.0,0.0,0,0,0,0,0,0,0,0,0,0,0,0,0,0,0,0,0,0,0,,,,0,0,0,0,0,0,0,0,0,0,0.0,0,0,0.0,,,,,,,,0.0,0.0,261.0,0.0,False
433365,285023_43888,Aymen Dahmen,Tunisia,GK,0,0,0,0,0,0,0.0,0.0,0,0,0,0,0,0,1,0,0,0,0,48,50,0,0,1,100,1,0,6.0,51.0,44.0,16,0,0,16,9,7,0,0,1,86,1.57,9,0,7797.05,,,,,,,,0.0,198.0,977.0,0.0,False
520245,285023_43888,Mouhib Chamakh,Tunisia,GK,0,0,0,0,0,0,0.0,0.0,0,0,0,0,0,0,0,0,0,0,0,23,70,0,0,0,0,0,0,1.0,26.0,20.0,1,0,0,1,1,0,0,0,0,34,0.77,4,0,3891.4,,,,,,,,0.0,100.0,811.0,0.0,False
372294,285023_43888,Sabri Ben Hessen,Tunisia,GK,0,0,0,0,0,0,0.0,0.0,0,0,0,0,0,0,0,0,0,0,0,0,0,0,0,0,0,0,0,0.0,0.0,0.0,0,0,0,0,0,0,0,0,0,0,0.0,0,0,0.0,,,,,,,,0.0,0.0,261.0,0.0,False
433361,285023_43888,Anis Slimane,Tunisia,MF,1,1,0,1,0,1,0.11,0.0,2,0,5,92,5,0,0,0,0,0,2,75,79,4,50,2,50,2,100,,,,180,57,85,38,149,31,0,30,42,162,7.16,408,123,30657.94,,,,,,,,0.0,257.0,1052.0,0.0,False
411658,285023_43888,Ellyes Skhiri,Tunisia,MF,0,0,0,0,0,0,0.0,0.0,0,1,10,40,10,0,1,0,0,0,0,109,91,0,0,3,0,2,100,,,,63,2,18,43,53,10,0,7,20,230,6.61,286,59,29334.81,,,,,,,,0.0,267.0,1066.0,0.0,False
433378,285023_43888,Hannibal Mejbri,Tunisia,MF,1,3,0,0,3,0,0.06,0.0,4,0,19,125,17,4,15,0,0,0,0,123,76,9,33,11,55,7,71,,,,150,25,93,32,73,77,3,30,75,289,6.27,368,102,31221.09,,,,,,,,0.0,298.0,174.0,2.0,False
464484,285023_43888,Ismael Gharbi,Tunisia,MF,0,3,0,2,1,0,0.26,0.0,1,0,3,62,9,0,2,0,0,0,0,36,97,1,0,0,0,0,0,,,,60,12,36,12,36,24,0,14,21,84,6.44,185,65,15753.85,,,,,,,,0.0,142.0,884.0,0.0,False
512039,285023_43888,Khalil Ayari,Tunisia,MF,0,0,0,0,0,0,0.0,0.0,0,0,0,0,0,0,0,0,0,0,0,0,0,0,0,0,0,0,0,,,,0,0,0,0,0,0,0,0,0,0,0.0,0,0,0.0,,,,,,,,0.0,0.0,261.0,0.0,False
479781,285023_43888,Mohamed Hadj Mahmoud,Tunisia,MF,0,0,0,0,0,0,0.0,0.0,0,0,1,25,6,2,0,0,0,0,0,13,92,0,0,0,0,1,100,,,,18,2,9,7,11,7,0,1,7,24,4.46,67,36,5920.56,,,,,,,,0.0,52.0,690.0,0.0,False
336459,285023_43888,Rani Khedira,Tunisia,MF,0,1,0,0,1,0,0.06,0.0,0,0,6,49,10,3,0,1,0,0,0,30,83,1,0,2,50,0,0,,,,35,11,17,7,31,4,1,5,19,74,7.49,218,49,18577.38,,,,,,,,0.0,162.0,919.0,0.0,False
504502,285023_43888,Sebastian Tounekti,Tunisia,MF,0,0,0,0,0,0,0.0,0.0,0,0,1,33,1,1,0,0,0,0,0,18,89,3,0,1,0,0,0,,,,62,19,41,2,46,16,1,13,15,46,7.03,146,55,11128.49,,,,,,,,0.0,98.0,794.0,0.0,False
484082,285023_43972,Abdulkerim Bardakci,Türkiye,DF,0,3,0,1,2,0,0.07,0.0,0,0,3,27,12,1,3,0,0,0,0,242,92,6,33,3,33,5,60,,,,25,2,1,22,11,14,1,2,24,516,6.08,258,93,30419.01,,,,,,,,0.0,300.0,1113.0,0.0,False
401167,285023_43972,Caglar Soyuncu,Türkiye,DF,0,0,0,0,0,0,0.0,0.0,0,0,0,1,1,0,0,0,0,0,0,4,75,0,0,0,0,0,0,,,,4,0,0,4,3,1,0,0,1,8,1.8,9,3,1394.51,,,,,,,,0.0,15.0,555.0,0.0,False
484065,285023_43972,Eren Elmali,Türkiye,DF,0,0,0,0,0,0,0.0,0.0,0,0,4,26,3,2,1,1,0,0,0,59,88,4,25,1,100,1,100,,,,26,12,11,3,11,15,3,8,30,121,4.45,135,60,14528.21,,,,,,,,0.0,134.0,873.0,0.0,False
484113,285023_43972,Ferdi Kadioglu,Türkiye,DF,0,1,0,0,1,0,0.04,0.0,0,0,0,16,7,0,3,0,0,0,0,175,92,4,0,9,78,1,0,,,,97,30,33,34,36,61,2,32,41,353,4.36,218,101,19552.43,,,,,,,,0.0,179.0,950.0,0.0,False
441179,285023_43972,Merih Demiral,Türkiye,DF,2,6,0,3,3,2,0.24,0.0,0,0,3,9,3,2,1,0,0,0,3,124,96,1,0,5,40,2,100,,,,36,17,4,15,19,17,2,10,26,273,4.05,153,57,21211.19,,,,,,,,0.0,208.0,1001.0,0.0,False
430120,285023_43972,Mert Muldur,Türkiye,DF,0,3,0,3,0,3,0.22,0.0,0,0,1,10,5,1,2,0,0,0,0,81,89,6,17,4,100,0,0,,,,52,20,24,8,8,44,2,27,26,173,7.5,145,57,15133.29,,,,,,,,0.0,132.0,872.0,0.0,False
406249,285023_43972,Ozan Kabak,Türkiye,DF,0,0,0,0,0,0,0.0,0.0,0,0,3,10,7,3,0,0,0,0,0,36,72,0,0,2,0,0,0,,,,16,0,4,12,9,7,0,2,11,73,1.98,100,33,10366.33,,,,,,,,0.0,104.0,825.0,0.0,False
484072,285023_43972,Samet Akaydin,Türkiye,DF,0,0,0,0,0,0,0.0,0.0,0,0,0,0,0,0,0,0,0,0,0,0,0,0,0,0,0,0,0,,,,0,0,0,0,0,0,0,0,0,0,0.0,0,0,0.0,,,,,,,,0.0,0.0,261.0,0.0,False
433072,285023_43972,Zeki Celik,Türkiye,DF,1,1,0,1,0,0,0.1,0.0,1,0,5,35,9,1,0,0,0,0,0,79,89,1,0,1,100,1,100,,,,74,24,19,31,13,61,3,7,29,164,4.4,224,87,19112.83,,,,,,,,0.0,173.0,940.0,0.0,False
484087,285023_43972,Arda Guler,Türkiye,FW,4,12,8,3,9,0,0.75,1.34,11,0,12,62,7,3,10,0,0,0,2,198,86,14,29,9,67,5,80,,,,268,40,122,106,157,111,6,46,89,455,6.43,425,120,33635.28,,,,,,,,1.0,313.0,145.0,0.0,False
484139,285023_43972,Baris Alper Yilmaz,Türkiye,FW,0,1,100,0,1,0,0.06,16.87,0,0,24,37,5,4,1,0,0,0,2,38,76,15,0,12,67,2,0,,,,103,65,34,4,47,56,8,43,49,119,6.43,228,106,21165.94,,,,,,,,1.0,200.0,60.0,1.0,False
486074,285023_43972,Can Uzun,Türkiye,FW,1,4,0,3,1,0,0.39,0.0,0,0,4,9,3,0,1,0,0,0,0,24,92,0,0,0,0,0,0,,,,24,5,6,13,13,11,1,9,20,64,4.39,92,27,6108.16,,,,,,,,0.0,55.0,695.0,0.0,False
495347,285023_43972,Deniz Gul,Türkiye,FW,1,2,0,2,0,1,0.7,0.0,0,0,0,5,0,2,0,0,0,0,0,0,0,0,0,0,0,0,0,,,,14,13,1,0,14,0,1,3,3,7,4.28,43,22,5152.77,,,,,,,,0.0,50.0,680.0,0.0,False
472877,285023_43972,Irfan Can Kahveci,Türkiye,FW,0,0,0,0,0,0,0.0,0.0,0,0,0,4,1,0,0,0,0,0,0,2,100,0,0,0,0,0,0,,,,7,4,3,0,3,4,0,1,0,4,2.74,13,6,1019.59,,,,,,,,0.0,7.0,518.0,0.0,False
484112,285023_43972,Kenan Yildiz,Türkiye,FW,1,14,0,11,3,0,0.38,0.0,0,0,7,32,5,2,4,0,0,0,0,121,89,8,13,10,70,1,0,,,,84,38,28,18,30,54,2,92,128,307,6.05,236,78,25197.64,,,,,,,,0.0,249.0,1041.0,0.0,False
441188,285023_43972,Kerem Akturkoglu,Türkiye,FW,1,3,0,2,1,0,0.59,0.0,0,0,10,38,2,0,2,0,0,0,0,15,60,2,50,0,0,0,0,,,,71,57,12,2,66,5,2,18,20,45,4.21,147,73,15234.03,,,,,,,,0.0,143.0,890.0,0.0,False
486076,285023_43972,Oguz Aydin,Türkiye,FW,0,0,0,0,0,0,0.0,0.0,0,0,3,24,9,0,2,0,0,0,0,46,85,3,0,3,67,0,0,,,,15,10,4,1,6,9,2,15,27,94,2.13,103,55,10321.84,,,,,,,,0.0,97.0,791.0,0.0,False
406231,285023_43972,Yunus Akgun,Türkiye,FW,0,0,0,0,0,0,0.0,0.0,0,0,3,12,4,2,1,1,0,0,0,52,79,2,50,2,0,0,0,,,,71,35,29,7,36,35,0,24,24,117,4.11,101,52,10803.37,,,,,,,,0.0,103.0,818.0,0.0,False
441180,285023_43972,Altay Bayindir,Türkiye,GK,0,0,0,0,0,0,0.0,0.0,0,0,0,0,0,0,0,0,0,0,0,0,0,0,0,0,0,0,0,0.0,0.0,0.0,0,0,0,0,0,0,0,0,0,0,0.0,0,0,0.0,,,,,,,,0.0,0.0,261.0,0.0,False
360498,285023_43972,Mert Gunok,Türkiye,GK,0,0,0,0,0,0,0.0,0.0,0,0,0,0,0,0,0,0,0,0,0,0,0,0,0,0,0,0,0,0.0,0.0,0.0,0,0,0,0,0,0,0,0,0,0,0.0,0,0,0.0,,,,,,,,0.0,0.0,261.0,0.0,False
441181,285023_43972,Ugurcan Cakir,Türkiye,GK,0,0,0,0,0,0,0.0,0.0,0,0,0,0,0,0,0,0,0,0,0,98,79,0,0,0,0,1,100,8.0,55.0,46.0,26,0,1,25,13,13,0,0,2,185,3.03,55,10,15872.23,,,,,,,,0.0,313.0,1170.0,0.0,False
369304,285023_43972,Hakan Calhanoglu,Türkiye,MF,2,11,0,2,9,0,0.4,0.0,8,0,11,28,5,2,1,0,0,0,0,190,90,10,10,5,60,7,86,,,,79,8,27,44,53,26,2,9,54,420,4.59,319,72,24004.04,,,,,,,,0.0,208.0,1001.0,0.0,False
484092,285023_43972,Ismail Yuksek,Türkiye,MF,0,5,0,3,2,1,0.32,0.0,0,0,16,34,13,2,0,0,0,0,0,111,94,1,0,2,50,2,100,,,,48,7,11,30,35,13,2,4,33,249,4.43,156,43,16925.98,,,,,,,,0.0,153.0,905.0,0.0,False
336170,285023_43972,Kaan Ayhan,Türkiye,MF,1,1,100,1,0,0,0.68,1.48,0,0,0,1,1,0,0,0,0,0,0,3,33,0,0,0,0,0,0,,,,3,1,0,2,2,1,0,2,1,9,2.18,13,7,1239.03,,,,,,,,1.0,11.0,78.0,0.0,False
433118,285023_43972,Orkun Kokcu,Türkiye,MF,0,3,0,2,1,0,0.56,0.0,2,0,7,37,9,2,4,0,0,0,0,85,71,6,0,4,25,0,0,,,,105,20,48,37,73,32,2,23,41,204,6.6,207,67,19220.02,,,,,,,,0.0,172.0,200.0,1.0,False
389907,285023_43972,Salih Ozcan,Türkiye,MF,0,0,0,0,0,0,0.0,0.0,0,0,5,33,12,2,2,0,0,0,0,61,85,1,0,3,33,2,100,,,,27,1,6,20,23,4,0,1,30,133,4.65,168,60,13200.62,,,,,,,,0.0,120.0,852.0,0.0,False
464542,285023_43921,Alex Freeman,USA,DF,1,2,50,2,0,1,0.71,1.4,0,0,16,43,14,1,1,0,0,0,0,225,92,1,0,6,67,3,67,,,,87,4,27,56,17,70,1,15,63,460,6.37,410,127,35810.75,70.0,27.0,52.0,5.60806941986084,6.666411876678467,6.381701946258545,,1.0,341.0,72.0,1.0,True
441251,285023_43921,Antonee Robinson,USA,DF,0,0,0,0,0,0,0.0,0.0,3,0,12,44,10,2,1,1,0,0,0,164,82,14,29,11,55,0,0,,,,95,33,28,34,12,83,7,36,66,357,4.9,415,157,32798.47,280.0,97.0,28.0,4.532846450805664,6.019061088562012,6.790348529815674,,0.0,301.0,1120.0,0.0,True
390272,285023_43921,Auston Trusty,USA,DF,2,3,33,3,0,1,0.27,3.7,0,0,5,31,6,2,0,0,0,0,0,50,76,2,0,2,0,1,100,,,,18,3,5,10,3,15,2,5,11,108,3.04,145,44,12844.54,,,,,,,,1.0,123.0,98.0,0.0,False
419062,285023_43921,Chris Richards,USA,DF,0,1,0,1,0,1,0.06,0.0,0,0,3,15,9,7,3,1,0,0,0,217,97,0,0,2,0,1,100,,,,23,2,1,20,15,8,0,1,25,445,4.52,361,70,32007.16,287.0,8.0,353.0,4.5183305740356445,7.2419939041137695,4.614615440368652,,0.0,319.0,1177.0,0.0,True
423700,285023_43921,Joe Scally,USA,DF,0,0,0,0,0,0,0.0,0.0,0,0,4,19,4,0,2,0,0,0,1,53,87,4,25,2,50,0,0,,,,43,11,17,15,10,33,2,10,25,122,3.29,164,53,11427.62,,,,,,,,0.0,100.0,812.0,0.0,False
419077,285023_43921,Mark Mckenzie,USA,DF,0,0,0,0,0,0,0.0,0.0,0,0,2,9,1,1,1,0,0,0,0,51,92,0,0,1,0,0,0,,,,2,0,0,2,1,1,0,0,8,104,1.62,148,50,11338.0,,,,,,,,0.0,104.0,825.0,0.0,False
486390,285023_43921,Max Arfsten,USA,DF,0,0,0,0,0,0,0.0,0.0,0,0,0,0,0,0,0,0,0,0,0,0,0,0,0,0,0,0,0,,,,0,0,0,0,0,0,0,0,0,0,0.0,0,0,0.0,,,,,,,,0.0,0.0,261.0,0.0,False
436599,285023_43921,Miles Robinson,USA,DF,0,1,0,1,0,1,0.06,0.0,0,0,6,11,5,2,0,0,0,0,0,58,93,0,0,0,0,1,100,,,,15,0,0,15,10,5,0,1,18,129,1.7,134,43,11909.05,,,,,,,,0.0,104.0,825.0,0.0,False
406280,285023_43921,Sergino Dest,USA,DF,1,3,0,1,2,0,0.21,0.0,0,0,14,80,9,1,4,0,0,0,0,88,89,7,29,12,67,0,0,,,,131,66,45,20,58,73,4,46,46,214,6.72,394,181,31006.06,150.0,225.0,51.0,4.897633075714111,5.341058254241943,6.382874965667725,,0.0,284.0,1085.0,0.0,True
339510,285023_43921,Tim Ream,USA,DF,0,0,0,0,0,0,0.0,0.0,0,0,3,11,6,0,2,0,0,0,0,214,93,0,0,6,33,5,100,,,,12,0,1,11,4,8,0,1,22,448,3.98,308,78,28241.74,,,,,,,,0.0,319.0,1177.0,0.0,False
390278,285023_43921,Alex Zendejas,USA,FW,0,1,0,1,0,0,0.0,0.0,0,0,1,16,2,1,0,0,0,0,0,7,86,1,0,1,0,0,0,,,,11,3,6,2,7,4,0,2,4,19,2.03,53,20,3064.71,,,,,,,,0.0,22.0,586.0,0.0,False
419055,285023_43921,Brenden Aaronson,USA,FW,1,3,0,3,0,0,0.46,0.0,0,0,6,37,9,2,1,0,0,0,0,22,95,3,33,2,50,0,0,,,,42,17,22,3,27,15,4,18,14,67,1.87,127,70,10271.7,,,,,,,,0.0,82.0,757.0,0.0,False
390267,285023_43921,Christian Pulisic,USA,FW,2,4,0,2,2,0,0.42,0.0,0,0,7,53,7,1,6,0,0,0,2,60,92,5,20,7,71,0,0,,,,143,53,69,21,72,71,4,40,53,160,5.2,277,105,21570.62,86.0,194.0,4.0,5.478114604949951,5.424500942230225,7.277455806732178,,0.0,189.0,202.0,1.0,True
466624,285023_43921,Folarin Balogun,USA,FW,4,11,27,11,0,1,1.91,1.57,0,0,20,78,6,3,7,1,1,0,3,34,68,4,0,5,60,0,0,,,,127,70,55,2,99,28,14,44,47,119,4.42,243,132,24750.92,79.0,364.0,360.0,5.5332512855529785,3.891980409622192,4.343963146209717,,3.0,250.0,14.0,0.0,True
390276,285023_43921,Haji Wright,USA,FW,0,0,0,0,0,0,0.0,0.0,0,0,0,0,0,0,0,0,0,0,1,0,0,0,0,0,0,0,0,,,,2,2,0,0,1,1,0,0,0,0,2.14,6,3,352.99,,,,,,,,0.0,2.0,508.0,0.0,False
419082,285023_43921,Ricardo Pepi,USA,FW,0,5,0,5,0,2,0.38,0.0,0,0,15,77,14,5,2,0,0,0,2,34,88,1,0,1,100,0,0,,,,107,65,36,6,86,21,2,39,42,96,7.19,319,129,25161.72,,,,,,,,0.0,225.0,1021.0,0.0,False
406304,285023_43921,Timothy Weah,USA,FW,0,2,0,1,1,0,0.05,0.0,0,0,5,34,4,2,0,0,0,0,2,34,88,2,0,2,50,0,0,,,,26,11,12,3,10,16,3,18,24,80,3.63,167,75,10834.46,,,,,,,,0.0,90.0,773.0,0.0,False
464546,285023_43921,Chris Brady,USA,GK,0,0,0,0,0,0,0.0,0.0,0,0,0,0,0,0,0,0,0,0,0,0,0,0,0,0,0,0,0,0.0,0.0,0.0,0,0,0,0,0,0,0,0,0,0,0.0,0,0,0.0,,,,,,,,0.0,0.0,261.0,0.0,False
499913,285023_43921,Matt Freese,USA,GK,0,0,0,0,0,0,0.0,0.0,0,0,0,0,0,0,2,0,0,0,0,70,60,0,0,2,0,0,0,7.0,37.0,30.0,12,0,0,12,8,4,0,0,3,123,2.53,17,5,17952.95,,,,,,,,0.0,319.0,1179.0,0.0,False
448217,285023_43921,Matt Turner,USA,GK,0,0,0,0,0,0,0.0,0.0,0,0,0,0,0,0,0,0,0,0,0,33,73,0,0,0,0,1,0,0.0,21.0,17.0,2,0,0,2,1,1,0,0,1,57,0.85,20,2,5939.08,,,,,,,,0.0,104.0,825.0,0.0,False
385994,285023_43921,Cristian Roldan,USA,MF,0,0,0,0,0,0,0.0,0.0,0,0,0,0,0,0,0,0,0,0,0,0,0,0,0,0,0,0,0,,,,0,0,0,0,0,0,0,0,0,0,0.0,0,0,0.0,,,,,,,,0.0,0.0,261.0,0.0,False
419068,285023_43921,Giovanni Reyna,USA,MF,1,2,50,2,0,0,0.22,4.61,0,0,4,34,5,1,2,0,0,0,0,65,83,1,0,7,71,1,100,,,,71,7,43,21,44,27,1,26,45,136,8.23,213,54,13162.56,,,,,,,,1.0,106.0,96.0,0.0,False
448214,285023_43921,Malik Tillman,USA,MF,3,7,14,5,2,0,0.6,1.66,10,0,12,76,19,1,9,0,0,0,0,124,78,15,27,16,50,2,100,,,,107,23,60,24,71,36,7,61,95,330,6.37,445,162,33027.41,80.0,80.0,43.0,5.526668548583984,6.153729438781738,6.534445285797119,,1.0,315.0,68.0,1.0,True
499912,285023_43921,Sebastian Berhalter,USA,MF,1,2,50,0,2,0,0.06,16.94,10,0,9,49,11,3,6,1,0,0,0,104,82,7,71,8,75,2,50,,,,102,5,38,59,76,26,0,7,43,239,7.3,372,98,23578.07,37.0,112.0,31.0,6.068169116973877,5.898803234100342,6.695764064788818,,1.0,195.0,59.0,1.0,True
390238,285023_43921,Tyler Adams,USA,MF,0,0,0,0,0,0,0.0,0.0,0,0,15,48,17,4,5,1,0,0,0,169,89,0,0,5,60,0,0,,,,127,1,22,104,94,33,0,10,50,356,4.68,440,140,33193.58,342.0,16.0,239.0,4.2386884689331055,6.892613410949707,5.452966213226318,,0.0,319.0,1179.0,0.0,True
390259,285023_43921,Weston Mckennie,USA,MF,1,5,0,4,1,2,0.6,0.0,0,0,20,79,19,6,1,0,0,0,0,177,79,10,30,21,76,4,75,,,,208,67,109,32,110,98,13,67,102,403,6.76,597,195,45403.76,264.0,227.0,26.0,4.577306270599365,5.32639741897583,6.814758777618408,,0.0,403.0,1226.0,0.0,True
368660,285023_43930,Guillermo Varela,Uruguay,DF,0,2,0,0,2,0,0.01,0.0,0,0,8,20,5,1,1,1,0,0,0,134,89,10,30,8,75,1,100,,,,115,33,49,33,24,91,4,26,34,271,6.27,352,149,32750.8,,,,,,,,0.0,313.0,1164.0,0.0,False
368655,285023_43930,Jose Maria Gimenez,Uruguay,DF,0,0,0,0,0,0,0.0,0.0,0,0,0,0,0,0,0,0,0,0,0,0,0,0,0,0,0,0,0,,,,0,0,0,0,0,0,0,0,0,0,0.0,0,0,0.0,,,,,,,,0.0,0.0,261.0,0.0,False
402893,285023_43930,Mathias Olivera,Uruguay,DF,0,1,0,1,0,1,0.05,0.0,0,0,20,42,18,3,0,1,0,0,0,226,94,3,0,6,50,3,100,,,,36,8,8,20,14,22,1,10,40,480,6.63,458,126,34595.17,,,,,,,,0.0,313.0,1164.0,0.0,False
402895,285023_43930,Matias Vina,Uruguay,DF,0,0,0,0,0,0,0.0,0.0,0,0,4,8,0,0,1,0,0,0,1,29,79,2,0,0,0,0,0,,,,21,12,2,7,1,20,1,6,15,69,2.12,71,30,5227.49,,,,,,,,0.0,49.0,672.0,0.0,False
419101,285023_43930,Ronald Araujo,Uruguay,DF,0,0,0,0,0,0,0.0,0.0,0,0,0,0,0,0,0,0,0,0,0,0,0,0,0,0,0,0,0,,,,0,0,0,0,0,0,0,0,0,0,0.0,0,0,0.0,,,,,,,,0.0,0.0,261.0,0.0,False
402904,285023_43930,Santiago Bueno,Uruguay,DF,0,0,0,0,0,0,0.0,0.0,0,0,0,0,0,0,0,0,0,0,0,0,0,0,0,0,0,0,0,,,,0,0,0,0,0,0,0,0,0,0,0.0,0,0,0.0,,,,,,,,0.0,0.0,261.0,0.0,False
419108,285023_43930,Sebastian Caceres,Uruguay,DF,0,3,0,2,1,2,0.13,0.0,0,0,8,31,13,2,2,0,0,0,0,172,90,1,0,4,50,3,100,,,,31,1,0,30,18,13,0,4,20,373,5.81,303,98,30359.66,,,,,,,,0.0,313.0,1164.0,0.0,False
419132,285023_43930,Brian Rodriguez,Uruguay,FW,1,3,0,1,2,0,0.22,0.0,10,0,2,15,1,0,1,0,0,0,0,26,73,14,7,7,71,1,100,,,,40,16,18,6,2,38,3,19,18,77,6.31,90,35,6497.61,,,,,,,,0.0,61.0,710.0,0.0,False
419126,285023_43930,Darwin Nunez,Uruguay,FW,0,2,0,1,1,1,0.2,0.0,0,0,6,95,2,1,1,0,0,0,2,25,80,3,33,3,100,1,100,,,,36,30,6,0,27,9,4,26,25,65,6.09,190,93,19040.35,,,,,,,,0.0,182.0,957.0,0.0,False
439956,285023_43930,Facundo Pellistri,Uruguay,FW,0,0,0,0,0,0,0.0,0.0,0,0,0,0,0,0,0,0,0,0,0,0,0,0,0,0,0,0,0,,,,0,0,0,0,0,0,0,0,0,0,0.0,0,0,0.0,,,,,,,,0.0,0.0,261.0,0.0,False
477536,285023_43930,Federico Vinas,Uruguay,FW,3,6,0,6,0,5,0.39,0.0,0,0,12,63,6,3,3,0,0,0,3,29,62,0,0,1,0,0,0,,,,106,58,42,6,80,26,4,21,29,82,5.73,195,102,20225.71,,,,,,,,0.0,211.0,1008.0,0.0,False
332897,285023_43930,Rodrigo Aguirre,Uruguay,FW,0,0,0,0,0,0,0.0,0.0,0,0,0,0,0,0,0,0,0,0,0,1,0,0,0,0,0,0,0,,,,2,1,1,0,1,1,0,1,1,2,2.15,12,4,898.68,,,,,,,,0.0,8.0,521.0,0.0,False
229498,285023_43930,Fernando Muslera,Uruguay,GK,0,0,0,0,0,0,0.0,0.0,0,0,0,0,0,0,0,0,0,0,0,71,80,0,0,1,0,0,0,4.0,41.0,34.0,28,0,0,28,19,9,0,0,0,144,2.5,22,7,11069.12,,,,,,,,0.0,261.0,1058.0,0.0,False
402897,285023_43930,Santiago Mele,Uruguay,GK,0,0,0,0,0,0,0.0,0.0,0,0,0,0,0,0,0,0,0,0,0,0,0,0,0,0,0,0,0,0.0,0.0,0.0,0,0,0,0,0,0,0,0,0,0,0.0,0,0,0.0,,,,,,,,0.0,0.0,261.0,0.0,False
368664,285023_43930,Sergio Rochet,Uruguay,GK,0,0,0,0,0,0,0.0,0.0,0,0,0,0,0,0,0,0,0,0,0,19,53,0,0,3,67,0,0,0.0,7.0,5.0,5,0,0,5,3,2,0,0,0,38,1.2,6,3,3079.43,,,,,,,,0.0,51.0,687.0,0.0,False
402876,285023_43930,Agustin Canobbio,Uruguay,MF,1,4,25,4,0,1,0.75,1.33,0,0,16,107,16,7,5,0,1,0,1,68,90,9,33,5,60,0,0,,,,141,76,50,15,42,99,9,50,60,185,6.44,348,162,28186.33,,,,,,,,1.0,261.0,124.0,0.0,False
473062,285023_43930,Emiliano Martinez,Uruguay,MF,0,0,0,0,0,0,0.0,0.0,0,0,0,0,0,0,0,0,0,0,0,0,0,0,0,0,0,0,0,,,,0,0,0,0,0,0,0,0,0,0,0.0,0,0,0.0,,,,,,,,0.0,0.0,261.0,0.0,False
402884,285023_43930,Federico Valverde,Uruguay,MF,2,10,0,3,7,0,0.5,0.0,2,0,19,76,8,1,0,0,0,0,0,120,82,8,0,12,67,5,100,,,,82,24,33,25,37,45,3,32,60,281,5.78,228,99,25916.6,,,,,,,,0.0,272.0,1076.0,0.0,False
368652,285023_43930,Giorgian De Arrascaeta,Uruguay,MF,0,0,0,0,0,0,0.0,0.0,0,0,0,0,0,0,0,0,0,0,0,0,0,0,0,0,0,0,0,,,,0,0,0,0,0,0,0,0,0,0,0.0,0,0,0.0,,,,,,,,0.0,0.0,261.0,0.0,False
439538,285023_43930,Joaquin Piquerez,Uruguay,MF,0,0,0,0,0,0,0.0,0.0,0,0,0,0,0,0,0,0,0,0,0,0,0,0,0,0,0,0,0,,,,0,0,0,0,0,0,0,0,0,0,0.0,0,0,0.0,,,,,,,,0.0,0.0,261.0,0.0,False
419134,285023_43930,Juan Manuel Sanabria,Uruguay,MF,0,3,0,2,1,0,0.09,0.0,0,0,9,51,12,1,0,1,0,0,1,103,86,12,0,4,75,0,0,,,,102,64,29,9,28,74,7,30,53,230,6.35,320,129,25094.45,,,,,,,,0.0,237.0,1034.0,0.0,False
441623,285023_43930,Manuel Ugarte,Uruguay,MF,1,3,0,0,3,0,0.09,0.0,0,0,3,40,17,1,0,0,0,0,0,136,87,0,0,4,50,1,0,,,,93,1,20,72,73,20,0,4,61,296,6.4,239,72,21107.39,,,,,,,,0.0,197.0,976.0,0.0,False
419100,285023_43930,Maxi Araujo,Uruguay,MF,3,4,50,3,1,2,1.09,1.83,10,0,10,79,11,2,7,0,0,0,6,57,88,18,44,7,86,0,0,,,,135,74,51,10,72,63,7,45,55,174,5.96,308,129,27642.83,,,,,,,,2.0,278.0,29.0,1.0,False
402898,285023_43930,Nicolas De La Cruz,Uruguay,MF,2,4,0,1,3,0,0.11,0.0,4,0,7,36,6,2,3,1,0,0,0,55,82,4,50,7,43,4,100,,,,69,15,33,21,47,22,1,13,33,130,6.33,174,65,12114.61,,,,,,,,0.0,115.0,845.0,0.0,False
386538,285023_43930,Rodrigo Bentancur,Uruguay,MF,0,4,0,3,1,3,0.32,0.0,0,0,9,82,15,7,5,1,0,0,0,174,90,3,0,2,50,0,0,,,,140,23,57,60,111,29,1,24,82,396,6.44,352,145,33644.76,,,,,,,,0.0,313.0,1164.0,0.0,False
419142,285023_43930,Rodrigo Zalazar,Uruguay,MF,0,0,0,0,0,0,0.0,0.0,0,0,0,0,0,0,0,0,0,0,0,0,0,0,0,0,0,0,0,,,,0,0,0,0,0,0,0,0,0,0,0.0,0,0,0.0,,,,,,,,0.0,0.0,261.0,0.0,False
464924,285023_44005,Abdukodir Khusanov,Uzbekistan,DF,0,0,0,0,0,0,0.0,0.0,0,0,11,23,8,6,0,2,0,0,0,98,83,0,0,1,0,1,100,,,,16,2,1,13,7,9,0,1,31,214,5.37,218,93,27912.88,,,,,,,,0.0,311.0,1162.0,0.0,False
479042,285023_44005,Abdulla Abdullaev,Uzbekistan,DF,0,0,0,0,0,0,0.0,0.0,0,0,7,22,7,5,1,0,0,0,0,72,90,0,0,1,100,0,0,,,,13,1,1,11,6,7,0,0,7,143,3.82,191,57,19761.96,,,,,,,,0.0,206.0,996.0,0.0,False
518264,285023_44005,Avazbek Ulmasaliyev,Uzbekistan,DF,0,0,0,0,0,0,0.0,0.0,0,0,0,0,0,0,0,0,0,0,0,0,0,0,0,0,0,0,0,,,,0,0,0,0,0,0,0,0,0,0,0.0,0,0,0.0,,,,,,,,0.0,0.0,261.0,0.0,False
475260,285023_44005,Behruzjon Karimov,Uzbekistan,DF,0,2,0,0,2,0,0.03,0.0,0,0,5,55,7,8,4,0,0,0,0,55,78,2,50,3,33,2,0,,,,60,8,42,10,7,53,1,12,30,125,4.08,233,107,20671.11,,,,,,,,0.0,203.0,987.0,0.0,False
385139,285023_44005,Farrukh Sayfiev,Uzbekistan,DF,0,0,0,0,0,0,0.0,0.0,0,0,1,5,0,0,2,0,0,0,0,14,86,1,0,2,100,0,0,,,,5,2,2,1,1,4,3,4,13,29,2.07,71,31,5770.14,,,,,,,,0.0,55.0,697.0,0.0,False
464906,285023_44005,Jakhongir Urozov,Uzbekistan,DF,0,0,0,0,0,0,0.0,0.0,0,0,2,9,5,0,0,0,0,0,0,45,69,0,0,1,100,2,100,,,,10,0,2,8,4,6,0,2,7,87,4.19,125,39,11462.91,,,,,,,,0.0,112.0,837.0,0.0,False
479079,285023_44005,Khojiakbar Alijonov,Uzbekistan,DF,0,0,0,0,0,0,0.0,0.0,0,0,4,76,11,2,1,0,0,0,0,41,66,4,0,2,0,1,0,,,,16,6,9,1,1,15,5,19,41,103,4.17,228,87,16085.82,,,,,,,,0.0,155.0,911.0,0.0,False
371415,285023_44005,Rustam Ashurmatov,Uzbekistan,DF,0,0,0,0,0,0,0.0,0.0,0,0,17,32,9,1,0,0,0,0,0,123,82,0,0,4,0,1,100,,,,21,0,0,21,2,19,0,0,22,243,5.62,288,80,27011.42,,,,,,,,0.0,288.0,1091.0,0.0,False
479075,285023_44005,Sherzod Nasrullaev,Uzbekistan,DF,1,1,0,1,0,0,0.08,0.0,0,0,5,42,9,3,2,1,0,0,0,48,73,3,0,5,0,0,0,,,,29,9,15,5,5,24,1,16,20,118,6.23,232,95,21551.92,,,,,,,,0.0,206.0,994.0,0.0,False
479084,285023_44005,Umar Eshmurodov,Uzbekistan,DF,0,0,0,0,0,0,0.0,0.0,0,0,0,0,0,0,0,0,0,0,0,0,0,0,0,0,0,0,0,,,,0,0,0,0,0,0,0,0,0,0,0.0,0,0,0.0,,,,,,,,0.0,0.0,261.0,0.0,False
481220,285023_44005,Azizbek Amonov,Uzbekistan,FW,0,1,0,0,1,0,0.01,0.0,0,0,1,4,0,0,0,0,0,0,0,6,83,1,0,0,0,1,100,,,,24,15,7,2,17,7,1,4,9,17,2.27,36,16,2708.07,,,,,,,,0.0,23.0,592.0,0.0,False
385475,285023_44005,Eldor Shomurodov,Uzbekistan,FW,2,4,25,4,0,0,0.17,5.79,0,0,28,96,11,8,4,0,0,0,1,72,72,1,0,4,25,0,0,,,,97,45,45,7,69,28,1,68,58,175,5.96,274,149,30198.42,,,,,,,,1.0,304.0,140.0,0.0,False
368546,285023_44005,Igor Sergeev,Uzbekistan,FW,0,0,0,0,0,0,0.0,0.0,0,0,0,21,2,0,0,0,0,0,1,4,100,0,0,0,0,0,0,,,,13,9,4,0,10,3,0,3,2,9,6.94,79,26,5591.98,,,,,,,,0.0,46.0,665.0,0.0,False
479110,285023_44005,Abduvohid Nematov,Uzbekistan,GK,0,0,0,0,0,0,0.0,0.0,0,1,0,0,0,0,0,0,0,0,0,56,50,0,0,4,0,0,0,5.0,55.0,44.0,18,0,0,18,13,5,0,0,3,106,1.79,20,2,9231.32,,,,,,,,0.0,206.0,995.0,0.0,False
385472,285023_44005,Botirali Ergashev,Uzbekistan,GK,0,0,0,0,0,0,0.0,0.0,0,0,0,0,0,0,0,0,0,0,0,0,0,0,0,0,0,0,0,0.0,0.0,0.0,0,0,0,0,0,0,0,0,0,0,0.0,0,0,0.0,,,,,,,,0.0,0.0,261.0,0.0,False
479077,285023_44005,Utkir Yusupov,Uzbekistan,GK,0,0,0,0,0,0,0.0,0.0,0,0,0,0,0,0,1,0,0,0,0,29,59,0,0,2,0,1,100,1.0,27.0,21.0,12,0,0,12,7,5,0,0,0,50,0.96,7,1,5094.43,,,,,,,,0.0,105.0,830.0,0.0,False
464933,285023_44005,Abbosbek Fayzullaev,Uzbekistan,MF,2,3,33,2,1,1,1.0,1.0,5,0,17,137,27,6,4,0,0,0,0,36,67,9,22,2,50,1,100,,,,104,45,52,7,64,40,0,30,33,102,6.32,341,141,25301.81,,,,,,,,1.0,240.0,118.0,0.0,False
479106,285023_44005,Akmal Mozgovoy,Uzbekistan,MF,0,1,0,1,0,0,0.08,0.0,0,0,5,83,8,0,3,0,0,0,0,79,82,0,0,8,50,3,67,,,,115,10,80,25,84,31,1,16,40,182,6.81,361,94,27540.59,,,,,,,,0.0,243.0,216.0,1.0,False
479086,285023_44005,Azizjon Ganiev,Uzbekistan,MF,0,1,0,0,1,0,0.01,0.0,1,0,6,79,11,2,1,0,0,0,0,59,81,6,0,3,0,1,100,,,,35,7,23,5,13,22,2,19,28,138,4.49,216,96,15858.11,,,,,,,,0.0,140.0,883.0,0.0,False
371393,285023_44005,Dostonbek Khamdamov,Uzbekistan,MF,0,2,0,1,1,1,0.08,0.0,2,0,9,74,6,1,0,0,0,0,1,34,85,5,60,1,0,0,0,,,,32,17,13,2,22,10,1,20,22,92,4.48,184,63,13625.49,,,,,,,,0.0,120.0,853.0,0.0,False
368545,285023_44005,Jamshid Iskanderov,Uzbekistan,MF,0,0,0,0,0,0,0.0,0.0,1,0,0,4,0,0,0,0,0,0,0,17,65,1,0,2,50,0,0,,,,12,1,6,5,4,8,0,5,6,35,2.55,34,8,2148.93,,,,,,,,0.0,16.0,560.0,0.0,False
371345,285023_44005,Odiljon Xamrobekov,Uzbekistan,MF,0,1,0,1,0,0,0.16,0.0,0,0,7,39,6,1,1,1,0,0,0,43,88,0,0,1,0,0,0,,,,29,2,14,13,25,4,0,10,22,93,4.55,161,39,10324.03,,,,,,,,0.0,90.0,778.0,0.0,False
479080,285023_44005,Oston Urunov,Uzbekistan,MF,0,0,0,0,0,0,0.0,0.0,0,0,4,41,1,0,0,0,0,0,0,10,80,0,0,2,50,0,0,,,,25,16,7,2,15,10,0,9,8,27,4.52,92,35,8454.44,,,,,,,,0.0,75.0,744.0,0.0,False
371348,285023_44005,Otabek Shukurov,Uzbekistan,MF,0,2,0,0,2,0,0.08,0.0,0,0,5,96,12,2,5,0,0,0,0,117,88,1,0,3,33,3,100,,,,115,2,59,54,80,35,0,8,56,252,6.72,378,85,29888.17,,,,,,,,0.0,268.0,1067.0,0.0,False
464897,285023_44005,Sherzod Esanov,Uzbekistan,MF,0,0,0,0,0,0,0.0,0.0,0,0,0,2,0,0,0,0,0,0,0,1,100,0,0,0,0,0,0,,,,0,0,0,0,0,0,0,0,0,2,3.6,15,6,657.16,,,,,,,,0.0,3.0,510.0,0.0,False
