player_id,team_id,player_name,team,position,attempt_at_goal_on_target,attempt_at_goal,attempt_at_goal_conversion_rate,attempt_at_goal_inside_the_penalty_area,attempt_at_goal_outside_the_penalty_area,headed_attempt_at_goal,xg,xg_goal_effiency_rate,corners,own_goals,forced_turnovers,defensive_pressures_applied,direct_defensive_pressures_applied,fouls_against,fouls_for,yellow_cards,red_cards,indirect_red_cards,offsides,passes,passing_accuracy_rate,crosses,crossing_accuracy_rate,linebreaks_attempted_defensive_line,linebreak_attempted_defensive_line_rate,attempted_switches_of_play,switches_of_play_rate,goalkeeper_saves,goalkeeper_defensive_actions_inside_penalty_area,goalkeeper_defensive_actions_outside_penalty_area,offers_to_receive_total,offers_to_receive_in_behind,offers_to_receive_in_between,offers_to_receive_in_front,offers_to_receive_inside,offers_to_receive_outside,receptions_in_behind,receptions_between_midfield_and_defensive_line,receptions_under_pressure,number_of_involvements,avg_speed,speed_runs,sprints,total_distance,attacking_rank,defensive_rank,creativity_rank,attacking_score,defensive_score,creativity_score,competition_stage,goals,total_competition_minutes_played,fdcp_top_scorer_rank,assists,is_active,global_rank_x,global_score_x,fdh_tier_x,fdh_tier_multiplier_x,final_multiplier_x,total_distance_km_x,avg_speed_kmh,minutes,goals_p90,assists_p90,xg_p90,attempt_at_goal_p90,attempt_on_target_p90,attempt_inside_box_p90,corners_p90,crosses_p90,passes_p90,linebreaks_p90,switches_p90,involvements_p90,forced_turnovers_p90,pressures_p90,direct_pressures_p90,fouls_drawn_p90,fouls_committed_p90,receptions_pressure_p90,offers_in_behind_p90,receptions_in_behind_p90,sprints_p90,speed_runs_p90,distance_p90,total_distance_km_y,global_rank_y,global_score_y,fdh_tier_y,fdh_tier_multiplier_y,final_multiplier_y,attacking_threat,chance_creation,ball_progression,defensive_actions,possession_security,physical_impact,global_rank_y,global_score_y,fdh_tier_y,fdh_tier_multiplier_y,final_multiplier_y,shoot,offense,dribble,pass,speed,defense,grade_shoot,grade_offense,grade_dribble,grade_pass,grade_speed,grade_defense,overall_score,overall_grade,ego_x,ego_y,blue_lock_rank,blue_lock_score,blue_lock_tier,blue_lock_multiplier,blue_lock_final_score
376285,285023_43843,Aissa Mandi,Algeria,DF,0,0,0,0,0,0,0.0,0.0,0,0,14,19,6,0,5,0,0,0,0,382,93,0,0,5,20,10,90,,,,33,3,4,26,13,20,0,1,27,774,5.62,331,81,37858.06,,,,,,,Round of 16,0.0,403.0,1223.0,0.0,False,,,None,1.0,1.0,37.858059999999995,5.62,403.0,0.01954428385659288,0.01493183286643696,0.01750307885061032,0.17535131476135132,0.05941462292404237,0.10725902980498174,0.06488702240388837,0.2412546399257825,68.97652916248052,1.0845687724668134,1.7087523944077252,141.1172344496015,2.8826428872733585,6.731086105604111,1.5958038064133797,0.1608103675720462,0.969961091931753,6.96910073758389,1.8207715431253348,0.14181332366343796,19.53466806893544,71.893969561367,7.752027010052654,37.858059999999995,,,None,1.0,1.0,33.338285558339955,39.26343726363293,85.40635283891396,53.87621769178046,54.683314153332894,62.07971416265465,,,None,1.0,1.0,,,,,,,,,,,,,,,,,,,,,
482869,285023_43843,Jaouen Hadjam,Algeria,DF,0,1,0,0,1,0,0.02,0.0,0,0,8,19,5,0,0,0,0,0,0,67,84,0,0,1,0,0,0,,,,34,19,11,4,16,18,0,10,26,147,5.14,158,77,13663.53,,,,,,,Round of 16,0.0,125.0,861.0,0.0,False,,,None,1.0,1.0,13.663530000000002,5.14,125.0,0.024959202488771443,0.019068830701421378,0.026538509892472053,0.43323629031065275,0.07587597556586519,0.1369761032583777,0.08286455226272119,0.3080963955213947,22.15686088418437,0.5478489481390911,0.08915427128989158,48.98246816315061,2.425490925943273,8.59599370904842,1.8286331970951186,0.20536431807761138,0.1921858591635401,8.690650097864724,5.674069792092925,0.1811039732585256,24.109713258821383,55.603534469583046,4.83582402627064,13.663530000000002,,,None,1.0,1.0,50.51474832805587,48.69219807468096,53.980101394428544,49.208647697825256,47.91289158736956,45.581619879693896,,,None,1.0,1.0,,,,,,,,,,,,,,,,,,,,,
511009,285023_43843,Rafik Belghali,Algeria,DF,1,3,33,2,1,0,0.28,3.6,0,0,10,64,10,4,2,0,0,0,0,183,92,5,40,3,67,0,0,,,,97,54,27,16,42,55,7,31,83,406,6.27,480,170,38083.65,,,,,,,Round of 16,1.0,362.0,153.0,0.0,False,,,None,1.0,1.0,38.08365,6.27,362.0,0.18962704425869928,0.015435594709759639,0.06553213610911074,0.6895373783345857,0.23084250657271718,0.44972444761117036,0.06707614455026441,1.0965108856239607,37.588366939330996,0.7823125758571199,0.07216746636552544,83.53036279921842,2.302202339064075,14.582228113577722,2.327335689612427,0.8439292430463989,0.49441493910068385,16.691929999245737,10.522792416560698,1.3325614462581443,35.27239917461826,99.56357273312776,8.05178079237468,38.08365,,,None,1.0,1.0,78.35632892985458,66.69653071298751,85.11744842026286,69.97092042375478,90.80818305004316,90.6040119563948,,,None,1.0,1.0,,,,,,,,,,,,,,,,,,,,,
395113,285023_43843,Ramy Bensebaini,Algeria,DF,0,2,0,1,1,1,0.04,0.0,0,0,7,36,11,1,5,0,0,0,0,385,93,0,0,8,38,1,100,,,,76,1,1,74,37,39,0,1,69,814,5.3,301,122,35700.14,313.0,67.0,316.0,4.425076007843018,6.237029552459717,5.059248447418213,Round of 16,0.0,403.0,1223.0,0.0,True,276.84999999999997,4.855412149429322,C,1.0,1.0,35.70014,5.3,403.0,0.01954428385659288,0.01493183286643696,0.02405883970049822,0.5031393572557464,0.05941462292404237,0.27115305105217924,0.06488702240388837,0.2412546399257825,69.46821122622211,1.5762508362084062,0.2337062031829473,147.67299529948943,1.735384738542976,9.51728446680647,2.415273912649367,0.32470438881924374,0.969961091931753,13.852649629966185,1.49298350063094,0.14181332366343796,26.254322940070537,66.97714892395108,7.3983568237229,35.70014,276.84999999999997,4.855412149429322,C,1.0,1.0,42.8749962509391,46.38948234035608,92.21795455753248,53.66056716112033,75.2039145720897,67.96555326383348,276.84999999999997,4.855412149429322,C,1.0,1.0,,,,,,,,,,,,,,,,,,,,,
431858,285023_43843,Rayan Ait Nouri,Algeria,DF,0,1,0,1,0,0,0.02,0.0,0,0,12,70,25,6,4,0,0,0,0,211,90,9,0,7,57,0,0,,,,129,42,52,35,39,90,4,51,83,451,5.89,355,157,32073.2,,,,,,,Round of 16,0.0,315.0,1174.0,0.0,False,,,None,1.0,1.0,32.0732,5.89,315.0,0.021033638788408342,0.016069700034343975,0.02236455396809976,0.36509722794723903,0.06394226191676138,0.29181603040842435,0.0698316807775157,1.8470900238428671,44.07125984945326,1.5199842216894464,0.0751321577521946,94.89910407134546,2.7495453072724567,16.239577049483067,5.068695623514548,1.23136530437686,0.8674927016213017,17.37764648047845,8.838475243147775,0.8581537659992484,34.42843021418504,81.60578826736796,7.322410003147965,32.0732,,,None,1.0,1.0,55.29107257658625,65.31353767136537,91.43131137220877,78.96325255585174,90.65271314910916,81.04252639611244,,,None,1.0,1.0,,,,,,,,,,,,,,,,,,,,,
511010,285023_43843,Samir Chergui,Algeria,DF,0,0,0,0,0,0,0.0,0.0,0,0,0,4,0,0,0,0,0,0,0,24,96,0,0,0,0,0,0,,,,13,1,2,10,2,11,0,3,2,47,1.52,20,6,2625.06,,,,,,,Round of 16,0.0,25.0,601.0,0.0,False,,,None,1.0,1.0,2.62506,1.52,25.0,0.020868263977827994,0.015943353679060586,0.018688782487983634,0.18723006440907278,0.06343952249259711,0.11452503271032004,0.06928263640638894,0.25759785054230877,11.000385375864367,0.28305713259525894,0.0745414389288016,23.45433344823236,0.6279677996208,4.562117848208864,0.6539279200092182,0.17170407600956875,0.16068563262927557,3.0662899610621444,1.5941220478742855,0.15142012342311992,7.733249967495618,22.340302044039987,2.1115132187851287,2.62506,,,None,1.0,1.0,17.4130675685535,15.67491064158614,35.861125913162596,14.386068187733775,46.226507071691636,14.787164982033863,,,None,1.0,1.0,,,,,,,,,,,,,,,,,,,,,
480983,285023_43843,Zineddine Belaid,Algeria,DF,0,0,0,0,0,0,0.0,0.0,0,0,0,2,2,0,0,0,0,0,1,44,98,0,0,1,100,0,0,,,,7,0,0,7,5,2,0,1,2,89,3.1,37,12,3781.0,,,,,,,Round of 16,0.0,38.0,638.0,0.0,False,,,None,1.0,1.0,3.781,3.1,38.0,0.02311511116952537,0.017659944933517382,0.02070096895898014,0.20738877741298162,0.07026993795535715,0.12685573009835524,0.07674216908282423,0.28533293227662115,16.061540132836075,0.5073715534797109,0.08256717709754462,34.12082172691818,0.6955799253133574,4.665636225518937,1.1120114947607844,0.19019113470285476,0.17798635600534538,3.396431701422638,1.5719200199724033,0.1677232466460761,9.72890373006742,28.040889992837517,2.562921234318331,3.781,,,None,1.0,1.0,30.46297816644334,32.781279792423184,49.39936495051531,22.1670630668832,49.53228812313014,22.423129517704055,,,None,1.0,1.0,,,,,,,,,,,,,,,,,,,,,
512132,285023_43843,Adil Boulbina,Algeria,FW,0,0,0,0,0,0,0.0,0.0,0,0,1,13,0,0,0,0,0,0,1,19,84,0,0,1,100,1,100,,,,46,20,19,7,13,33,2,6,20,42,3.53,54,21,3442.77,,,,,,,Round of 16,0.0,28.0,608.0,0.0,False,,,None,1.0,1.0,3.44277,3.53,28.0,0.021523414337568627,0.01644388855390243,0.019275508944152957,0.19310807343666572,0.06543117958620864,0.11812049788457664,0.07145773560072785,0.26568502658294707,10.443284994093359,0.4724341617286674,0.25737220566768176,23.28821952170612,0.8281731539000019,6.329758743783026,0.6744577116820505,0.17709465316951464,0.16573029039927845,6.411385096913015,5.07348966168975,0.5171550337411711,10.683390638481349,29.178345787210937,2.325392230820362,3.44277,,,None,1.0,1.0,26.018151648905185,29.010819023363084,32.037773331797844,18.707469537283515,34.48171069587141,18.642456749876384,,,None,1.0,1.0,35.34901082493467,38.38439476533268,37.73465922871696,48.004324141000914,13.316996452214624,13.543256637835185,C,C,D,C,E,E,32.054056459761,D,40.26178444205119,38.54440119489454,,,None,1.0,36.0076494890266
405877,285023_43843,Amine Gouiri,Algeria,FW,2,3,33,2,1,0,0.62,1.61,0,0,7,126,12,1,1,0,0,0,0,58,88,1,0,0,0,0,0,,,,188,69,107,12,139,49,3,40,40,137,6.17,355,131,27787.87,95.0,356.0,352.0,5.377669334411621,4.418607234954834,4.666876792907715,Round of 16,1.0,270.0,127.0,0.0,True,198.4,5.056111884117127,C,1.0,1.0,27.787869999999998,6.17,270.0,0.20561926696561036,0.016737357700250224,0.1335207862096221,0.7476896074228709,0.4340223716383677,0.4876520203951904,0.07273302037281512,0.45413835826356663,17.79442066635125,0.2971538217882121,0.07825371950954686,41.1564518070723,1.9452236960029616,27.202149619432856,2.891035324650202,0.3639669390302814,0.35239975988665295,10.200041777689023,14.165909514515272,0.7100962752060784,31.08234428447056,84.99631391517633,6.839373263693148,27.787869999999998,198.4,5.056111884117127,C,1.0,1.0,85.83585500942698,51.553308613189465,60.85508512414965,69.18207313222669,62.90130651131448,75.74126723287381,198.4,5.056111884117127,C,1.0,1.0,74.0388204553938,59.69534084218123,64.97210768857627,41.91661190834516,83.08401302073808,73.10946539280532,A,B,B,D,A,A,59.80192051434445,A,66.89856010354312,35.08217446270543,198.2,5.06852536201477,BL-C,1.0,66.32941731940075
482874,285023_43843,Anis Hadj Moussa,Algeria,FW,1,2,0,2,0,0,0.15,0.0,5,0,3,34,1,0,2,0,0,0,0,36,69,4,50,5,60,1,100,,,,50,24,22,4,15,35,2,20,27,95,4.9,151,60,12312.89,,,,,,,Round of 16,0.0,114.0,842.0,0.0,False,,,None,1.0,1.0,12.31289,4.9,114.0,0.025120970646726772,0.019192421574099255,0.054096168083212014,0.6467031034534911,0.28702662817157865,0.5591816417202949,1.136696009574779,1.1527287712853123,15.770041017071783,1.3940352328798478,0.3003909845556373,38.3456767637413,1.38791688091789,11.81159011131901,0.9978496135913594,0.2066953464812679,0.6147492287908546,8.957635713209832,6.76413954559271,0.6035955178237078,20.684774703652472,54.489305691395366,4.582642161633101,12.31289,,,None,1.0,1.0,72.68115771135541,81.45304381153328,51.70685231554709,46.21041387342009,44.93717813610781,45.623611590869835,,,None,1.0,1.0,42.441209406494956,40.435715778077444,48.41862721319428,61.86701146745235,46.58205625251454,36.04311530706466,C,C,C,A,C,D,38.97072643832759,C,48.36139779105558,55.951100244498775,,,None,1.0,43.56591274261826
477790,285023_43843,Mohamed Amoura,Algeria,FW,0,0,0,0,0,0,0.0,0.0,0,0,2,32,1,1,0,0,0,0,0,8,88,0,0,0,0,0,0,,,,27,8,17,2,24,3,0,5,5,16,1.74,57,24,3799.52,,,,,,,Round of 16,0.0,31.0,619.0,0.0,False,,,None,1.0,1.0,3.79952,1.74,31.0,0.022085621977415242,0.016873415190745245,0.019778999618093995,0.19815220038136955,0.06714029081134235,0.12120589341205486,0.07332426496501862,0.27262491768921376,8.678815091405042,0.2995693765016604,0.07888984170332726,19.081192121927575,1.035010772517598,10.01399400617569,0.8772801682708933,0.36692561561678183,0.1700592892260974,3.800778489001324,2.9835515808450204,0.16025327306812498,11.51806412616563,30.496121301374668,2.4522051365690327,3.79952,,,None,1.0,1.0,25.42804218956693,22.335205990511568,28.121339731978644,24.078475647368457,39.79223520672185,19.835812057630463,,,None,1.0,1.0,38.66181410974243,41.65131341525956,25.71913655105505,51.92572651927845,25.63535948342649,29.88109371172292,C,C,E,B,E,D,35.101374615563834,C,34.62358536985403,38.425631232760445,,,None,1.0,39.33763818450871
520071,285023_43843,Nadhir Benbouali,Algeria,FW,2,2,50,2,0,2,0.16,6.14,0,0,6,19,4,0,0,0,0,0,0,8,75,1,0,0,0,0,0,,,,12,7,3,2,11,1,2,8,13,28,1.6,66,35,5586.09,,,,,,,Round of 16,1.0,52.0,82.0,0.0,False,,,None,1.0,1.0,5.58609,1.6,52.0,0.22876930493496989,0.018621765090596324,0.054531656237290255,0.6274744033406695,0.4828876094697044,0.542555254681458,0.08092180641463326,0.505268392877018,9.578076167147819,0.3306094524723149,0.08706406400996083,23.511045468100328,1.9598351549535977,8.394462045237612,1.581365924604462,0.20054958529506095,0.18768009319056506,5.829760761372707,3.088298953375598,0.5856485540010579,14.959863774482463,35.495554165201696,3.0714584201302157,5.58609,,,None,1.0,1.0,80.74345704488674,45.240323152520034,32.993789575769064,40.94040821544962,33.709506926709146,30.510965193465626,,,None,1.0,1.0,75.41993281075028,71.88930464016411,43.686635944700456,60.67999236916294,42.56610950587031,45.99280155275407,A,A,C,A,C,C,62.44840057174491,A,50.05019360390076,40.01741149158444,,,None,1.0,69.22138600248057
379942,285023_43843,Riyad Mahrez,Algeria,FW,3,6,33,4,2,0,1.49,1.34,5,0,22,102,13,1,7,0,0,0,1,147,86,9,33,9,67,6,100,,,,161,83,59,19,62,99,4,51,73,325,6.48,382,130,31107.72,34.0,339.0,119.0,6.100845336914063,4.727617740631104,5.95392370223999,Round of 16,2.0,288.0,30.0,1.0,True,101.0,5.8581307888031,B,1.1,1.1,31.10772,6.48,288.0,0.3829517384520816,0.1971646936305958,0.2885433989435803,1.2775433189320118,0.6076124167046932,0.8410649144916171,0.9750491795079884,1.8923098632969786,33.58529651836426,1.9185991275907555,1.1611810015661137,74.4539930064512,4.623874560593216,22.419599515478502,3.0243667655125,0.3580032745230145,1.430835109200206,15.996064396789766,16.463620638255044,0.8791627991403036,30.392352838425875,88.48257652521107,7.327211030871004,31.10772,101.0,5.8581307888031,B,1.1,1.1,103.84608809355561,102.61373244381745,96.18877544221503,99.41111204068295,87.85687721402266,89.36162300965617,101.0,5.8581307888031,B,1.1,1.1,96.79917879805899,98.50880358601303,86.38855202522437,100.73171248701698,92.6597417797447,101.27329602200993,S,S,A,S,A,S,88.01565037352785,S,51.506682250114345,46.60406705455383,90.0,5.9194460868835455,BL-B,1.05,102.01827810961898
389879,285023_43843,Luca Zidane,Algeria,GK,0,0,0,0,0,0,0.0,0.0,0,0,0,0,0,0,0,0,0,0,0,104,88,0,0,0,0,0,0,9.0,34.0,32.0,8,0,0,8,6,2,0,1,3,199,1.99,42,13,13382.13,,,,,,,Round of 16,0.0,302.0,1124.0,0.0,False,,,None,1.0,1.0,13.38213,1.99,302.0,,,,,,,,,,,,,,,,,,,,,,,,,,,,,,,,,,,,,,,,,,,,,,,,,,,,,,,,,,,,,
477817,285023_43843,Oussama Benbot,Algeria,GK,0,0,0,0,0,0,0.0,0.0,0,0,0,0,0,0,1,0,0,0,0,25,72,0,0,1,0,0,0,0.0,14.0,13.0,1,0,0,1,1,0,0,0,0,40,0.71,6,0,4787.6,,,,,,,Round of 16,0.0,100.0,814.0,0.0,False,,,None,1.0,1.0,4.7876,0.71,100.0,,,,,,,,,,,,,,,,,,,,,,,,,,,,,,,,,,,,,,,,,,,,,,,,,,,,,,,,,,,,,
477795,285023_43843,Fares Chaibi,Algeria,MF,3,9,0,4,5,1,0.64,0.0,4,0,30,140,16,3,2,1,0,0,1,244,90,7,0,10,50,3,100,,,,202,38,84,80,121,81,4,46,102,535,6.76,549,177,45534.2,,,,,,,Round of 16,0.0,403.0,1223.0,0.0,False,,,None,1.0,1.0,45.5342,6.76,403.0,0.01954428385659288,0.01493183286643696,0.12239525244881676,1.6503975059861293,0.551096686665635,0.7628351147937719,0.7204631073926786,1.3885127886561652,46.35915423036726,1.9040388787028015,0.5614942456773424,101.94656337152132,5.504947227228518,26.56226267651502,3.234744018885355,0.6524924313136388,0.4782790281901602,19.261152331123704,7.557062286777249,0.7973894086522282,35.26849410866641,107.62286619325606,9.010100462309119,45.5342,,,None,1.0,1.0,71.8123304254901,71.9845441114069,94.48482786601123,90.34702828045306,85.59460152316588,95.72375771424561,,,None,1.0,1.0,,,,,,,,,,,,,,,,,,,,,
441350,285023_43843,Hicham Boudaoui,Algeria,MF,0,0,0,0,0,0,0.0,0.0,0,0,6,54,8,4,1,1,0,0,0,86,97,0,0,4,75,1,100,,,,71,17,24,30,32,39,1,5,29,186,5.55,248,79,17473.1,,,,,,,Round of 16,0.0,143.0,887.0,0.0,False,,,None,1.0,1.0,17.4731,5.55,143.0,0.024633507569798124,0.018819999783325766,0.022060784039208407,0.2210118299162288,0.0748858630121863,0.1351886895430521,0.08178324513172978,0.3040760174415881,25.792585264423437,1.160413378146877,0.2945620094068527,56.399565144739405,1.9806982319955682,15.713813012804504,2.4244845561474637,1.028968981754434,0.39624912865497947,9.196958369973684,5.186886095024627,0.38531185129398904,24.208245643338717,73.46935968934382,5.559668058718485,17.4731,,,None,1.0,1.0,55.31675446071623,60.898858468223104,79.58426848493477,60.97179506400423,85.82223605166894,58.836052660343775,,,None,1.0,1.0,,,,,,,,,,,,,,,,,,,,,
430698,285023_43843,Houssem Aouar,Algeria,MF,1,3,0,1,2,0,0.24,0.0,0,0,8,61,7,1,2,0,0,0,0,84,94,1,100,3,100,0,0,,,,106,43,46,17,62,44,4,29,55,185,5.03,253,83,21136.93,115.0,331.0,50.0,5.178653240203857,4.798859596252441,6.383292198181152,Round of 16,0.0,191.0,173.0,2.0,True,131.15,5.422843933105469,B,1.1,1.1,21.13693,5.03,191.0,0.02360611516400054,0.41394634390917395,0.06865004512713763,0.8056609731372292,0.26971822606050044,0.32750599598197366,0.07837230234448181,0.48934952154636147,24.320939805986697,0.9140602539703195,0.08432104336580995,53.849346650724954,2.2940003052106146,16.444124739310173,2.1254106765126926,0.39218675153133514,0.5776783586866817,13.960226352113597,10.11740260197606,0.963108515477743,23.99041222726373,71.39494321519413,6.053066170062218,21.13693,131.15,5.422843933105469,B,1.1,1.1,73.73226818582951,88.25010935753994,85.91544583477076,73.58603095831941,87.91105331489764,70.4474652877433,131.15,5.422843933105469,B,1.1,1.1,,,,,,,,,,,,,,,,,,,,,
494291,285023_43843,Ibrahim Maza,Algeria,MF,3,11,0,7,4,1,1.06,0.0,0,0,25,153,14,1,5,0,0,0,0,141,79,1,0,13,46,1,100,,,,212,39,122,51,153,59,4,59,136,342,6.85,524,152,44461.44,,,,,,,Round of 16,0.0,389.0,1208.0,0.0,False,,,None,1.0,1.0,44.46144,6.85,389.0,0.019763026139265248,0.01509895197039865,0.19337102183478977,2.0003256701446985,0.557264635724242,1.2685579053943306,0.06561324678236062,0.40968314008338214,29.80799261042036,2.422534177016788,0.23632187478974734,71.10199250596648,4.737917618090067,29.014019622950755,2.9394910229841016,0.3283385244941663,0.9808170283738017,25.111489511551014,7.807370300965976,0.806313899347676,31.520015255245458,104.68418731138894,8.933155992097912,44.46144,,,None,1.0,1.0,67.84424488592146,63.032631615425686,77.88128961390028,92.07249029783749,67.952899311587,92.55795037909907,,,None,1.0,1.0,,,,,,,,,,,,,,,,,,,,,
379939,285023_43843,Nabil Bentaleb,Algeria,MF,0,1,0,0,1,0,0.02,0.0,0,0,16,42,12,2,3,0,0,0,0,280,91,1,0,3,67,1,0,,,,92,1,25,66,73,19,0,7,56,589,6.59,405,115,33625.87,,,,,,,Round of 16,0.0,313.0,1169.0,0.0,False,,,None,1.0,1.0,33.625870000000006,6.59,313.0,0.02107081239907093,0.016098100672890185,0.022404079759629023,0.3657424792203178,0.06405526969317563,0.11563661844610125,0.06995509716491548,0.436793258629985,56.34111416659859,0.8158899505085582,0.2519600922653348,119.45075389372043,3.4611852927264977,11.320813708106702,2.780616781847528,0.5267609451712624,0.6923307066004064,12.63758964616046,1.6095946767622726,0.15288981476765862,27.068080672149602,90.58477103559945,7.609700457160737,33.625870000000006,,,None,1.0,1.0,44.69453457147729,49.64026809548818,82.96377083951796,71.31352621252509,75.71942003308135,78.07958698463467,,,None,1.0,1.0,,,,,,,,,,,,,,,,,,,,,
433679,285023_43843,Ramiz Zerrouki,Algeria,MF,0,0,0,0,0,0,0.0,0.0,0,0,4,23,5,4,0,1,0,0,0,105,92,0,0,2,100,5,100,,,,56,8,12,36,39,17,1,4,37,226,5.59,201,54,15442.6,,,,,,,Round of 16,0.0,126.0,865.0,0.0,False,,,None,1.0,1.0,15.4426,5.59,126.0,0.02494282726973805,0.019056320034079866,0.0223377983896866,0.22378704626408974,0.07582619490000367,0.1368862360563224,0.08281018653553032,0.3078942598176464,30.09059447587264,0.7566545223537646,1.1349208121750987,65.47436729801194,1.5872395847350327,9.427014081035894,1.8274334684921059,1.0418896093094803,0.19205976997698296,10.985763414178383,3.3695320787194176,0.39015016130273816,19.283100219616326,64.56114942031128,5.204770530011207,15.4426,,,None,1.0,1.0,52.114425441411235,54.86041391724207,73.65641212293636,49.55611198622431,84.37663872719502,50.27517076348157,,,None,1.0,1.0,,,,,,,,,,,,,,,,,,,,,
431196,285023_43922,Cristian Romero,Argentina,DF,1,1,0,1,0,1,0.12,0.0,0,0,7,27,15,5,2,0,0,0,0,230,97,0,0,1,0,0,0,,,,13,0,1,12,9,4,0,3,47,475,3.77,152,37,24053.86,265.0,47.0,223.0,4.575924396514893,6.41933536529541,5.517880439758301,Round of 16,0.0,286.0,1087.0,0.0,True,221.8,5.087925052642822,C,1.0,1.0,24.05386,3.77,286.0,0.021587846901884877,0.016493115033040046,0.04105691858983942,0.37471704922360616,0.24665794140162506,0.29950499061743924,0.07167165171425778,0.26648038215686687,48.672065165574494,0.47384844219706146,0.07711178913353278,101.7443092056705,1.916837696710785,8.883139945962803,3.3919400728158897,1.0827792384081838,0.5282881947843036,11.31841218467201,1.468059940715779,0.15664141712007665,13.611866661133767,47.00672108797136,6.063597433714844,24.05386,221.8,5.087925052642822,C,1.0,1.0,50.25365662201418,43.335127539173776,76.4874028075179,55.16311142477717,92.06830751024494,46.57610297379209,221.8,5.087925052642822,C,1.0,1.0,,,,,,,,,,,,,,,,,,,,,
418963,285023_43922,Facundo Medina,Argentina,DF,0,0,0,0,0,0,0.0,0.0,0,0,12,58,14,3,2,1,0,0,1,139,94,4,50,1,100,0,0,,,,124,41,33,50,25,99,5,19,41,281,4.64,328,103,28709.21,,,,,,,Round of 16,0.0,277.0,223.0,1.0,False,,,None,1.0,1.0,28.70921,4.64,277.0,0.02176646877200791,0.19915835227081194,0.0194931787734594,0.19528875782245497,0.06617006506690405,0.11945438062077941,0.07226467632306627,0.9988003710376572,32.46466882547756,0.4777691525525132,0.07774982645361225,67.1755791843096,2.845341819835237,14.615032576054928,3.23747684724561,0.7266808154430747,0.5326593498024567,10.31689021652855,8.96388651766054,1.0705813480546789,25.77139261221004,79.52072700493058,6.963504079403778,28.70921,,,None,1.0,1.0,51.63369874735426,71.70054958035647,75.52549199201815,72.84133468612247,81.19359707123073,68.41357804842974,,,None,1.0,1.0,,,,,,,,,,,,,,,,,,,,,
402926,285023_43922,Gonzalo Montiel,Argentina,DF,0,1,0,1,0,0,0.15,0.0,0,0,1,8,4,2,0,1,0,0,0,27,85,0,0,0,0,0,0,,,,15,6,6,3,1,14,1,3,8,59,3.17,87,26,7543.26,,,,,,,Round of 16,0.0,72.0,733.0,0.0,False,,,None,1.0,1.0,7.54326,3.17,72.0,0.025140006838311264,0.0192069652244698,0.05413716112580182,0.43637465203122056,0.07642562078846625,0.34878686820654414,0.08346482270319339,0.3103282444121142,13.8846246567446,0.3409990527548539,0.08980010442644783,30.785268000540476,0.9673315964563546,6.339259431003078,1.6310612969968894,0.6284889976214089,0.19357805265499672,4.9588719355250825,2.974532089099871,0.39323440029667844,13.532619867662756,41.03821196276812,3.580588507220746,7.54326,,,None,1.0,1.0,65.86472934567452,47.527377067791825,38.63766750015602,32.35742602700592,45.6672620633517,31.7755950192891,,,None,1.0,1.0,,,,,,,,,,,,,,,,,,,,,
402921,285023_43922,Lisandro Martinez,Argentina,DF,1,1,100,1,0,0,0.09,11.61,0,0,3,6,1,1,0,0,0,0,0,258,97,0,0,7,71,1,100,,,,24,0,0,24,9,15,0,1,45,525,3.88,211,64,29633.6,62.0,197.0,207.0,5.695140838623047,5.422027111053467,5.604507446289063,Round of 16,1.0,342.0,73.0,1.0,True,118.49999999999999,5.631515431404114,B,1.1,1.1,29.633599999999998,3.88,342.0,0.19284737488515033,0.187998338230921,0.03390791614297273,0.3566461893237781,0.23476277647255633,0.2850612583774435,0.06821526140695487,0.25362927313477435,51.1492549743623,1.4848005928331762,0.24569365571005633,105.45268501170787,1.1351950951485903,4.836434638065788,0.8161540526084584,0.3413593958036653,0.15821009422697366,10.427976605513061,1.3972622399754697,0.14908733035206762,17.60754611558524,54.905541584985144,6.732570942886557,29.633599999999998,118.49999999999999,5.631515431404114,B,1.1,1.1,66.93121454338697,65.79364102294441,98.38542433472249,44.456733399723504,80.66910304063622,56.83193150101003,118.49999999999999,5.631515431404114,B,1.1,1.1,,,,,,,,,,,,,,,,,,,,,
402934,285023_43922,Marcos Senesi,Argentina,DF,0,2,0,2,0,1,0.84,0.0,0,0,0,3,2,0,2,0,0,0,0,73,96,0,0,1,0,0,0,,,,12,0,1,11,2,10,1,1,7,155,1.41,86,25,9406.52,,,,,,,Round of 16,0.0,100.0,801.0,0.0,False,,,None,1.0,1.0,9.40652,1.41,100.0,0.02526158271000231,0.019299849190441764,0.20056719890543712,0.6503229579162061,0.07679521143840704,0.562311603754558,0.08386845459720768,0.31182897697226847,23.6963189084401,0.554486126799504,0.09023437344012825,51.27059390185808,0.7601715469093895,5.310725692068646,1.2152729936426976,0.207852302537899,0.6181902247090832,4.77101478431197,1.7178886706109973,0.3951360630648095,13.386224951731158,41.024832775783935,3.992613369268961,9.40652,,,None,1.0,1.0,78.33406478936352,56.222708148668985,62.66190318008007,36.90760986960373,55.23049933418197,38.21946666361828,,,None,1.0,1.0,,,,,,,,,,,,,,,,,,,,,
402925,285023_43922,Nahuel Molina,Argentina,DF,0,0,0,0,0,0,0.0,0.0,0,0,20,55,13,2,0,0,0,0,1,128,86,3,0,4,50,1,100,,,,122,45,52,25,24,98,3,29,51,265,4.51,266,108,26893.74,,,,,,,Round of 16,0.0,270.0,1071.0,0.0,False,,,None,1.0,1.0,26.89374,4.51,270.0,0.021907536256872022,0.016737357700250224,0.019619513170204304,0.1965544152966558,0.06659891022089096,0.12022855897771367,0.07273302037281512,0.8215618196810434,30.654241815962937,1.0320007446231656,0.2619654502182852,64.67155333779081,4.333476195216561,14.15861673911243,3.0747470553589404,0.5476786697390197,0.1686880291779146,12.220870815485146,9.756827977505552,0.7100962752060784,26.85697447816958,68.64596988209864,6.675111093914543,26.89374,,,None,1.0,1.0,47.33063216543679,56.243261274993806,74.01476537414922,73.12446003262826,65.72065838266363,64.09742251557532,,,None,1.0,1.0,,,,,,,,,,,,,,,,,,,,,
310116,285023_43922,Nicolas Otamendi,Argentina,DF,0,1,0,1,0,1,0.07,0.0,0,0,1,12,7,3,0,0,0,0,1,138,96,0,0,1,100,1,100,,,,20,0,0,20,8,12,0,1,16,279,4.3,165,40,14946.7,212.0,88.0,225.0,4.683017253875732,6.076232433319092,5.505123615264893,Round of 16,0.0,156.0,913.0,0.0,True,196.64999999999998,5.097526121139525,C,1.0,1.0,14.9467,4.3,156.0,0.02436920435566228,0.01861807212772598,0.03612891591710558,0.4229952338268402,0.07408238124121334,0.33809292585171274,0.08090575846079878,0.3008134585662951,36.14229190260747,0.5348986202280414,0.2914015303062638,74.79942071017435,0.9376728298184275,6.962314176685187,2.1941165141239005,0.8135740104819037,0.1876428735385996,6.441668833315836,1.6572033730024576,0.17682294680468552,15.978670680857928,55.71963339058974,4.983734257073509,14.9467,196.64999999999998,5.097526121139525,C,1.0,1.0,52.833433865581135,46.32358780508539,72.80561214586326,40.53144365804968,73.97379307522604,43.18075151515604,196.64999999999998,5.097526121139525,C,1.0,1.0,,,,,,,,,,,,,,,,,,,,,
308322,285023_43922,Nicolas Tagliafico,Argentina,DF,0,0,0,0,0,0,0.0,0.0,0,0,3,24,5,1,5,0,0,0,1,81,91,1,100,3,33,0,0,,,,60,19,15,26,10,50,2,12,17,158,4.67,191,57,16660.3,,,,,,,Round of 16,0.0,165.0,925.0,0.0,False,,,None,1.0,1.0,16.6603,4.67,165.0,0.02417775372191429,0.018471803843542512,0.021652629123197556,0.21692280639301498,0.07350037131461944,0.1326875124258656,0.08027014235675542,0.5011994618211227,24.301640531985374,0.9361948611174836,0.08636293629467783,49.67911588491769,1.335804774633283,9.340607713889627,1.7713804400189699,0.4016838275017235,1.199915053047804,6.593810723382069,5.496420091783502,0.5809323207618357,19.299875790015594,60.55336687289577,5.2920119289484155,16.6603,,,None,1.0,1.0,47.45955115899246,63.60853624429437,68.59264948765278,47.49892037793239,57.932358919213435,47.178506519733574,,,None,1.0,1.0,,,,,,,,,,,,,,,,,,,,,
485595,285023_43922,Giuliano Simeone,Argentina,FW,0,0,0,0,0,0,0.0,0.0,0,0,4,9,3,1,0,0,0,0,0,37,95,2,0,2,100,0,0,,,,38,15,20,3,12,26,2,23,23,84,1.64,102,40,8279.41,,,,,,,Round of 16,0.0,75.0,741.0,0.0,False,,,None,1.0,1.0,8.27941,1.64,75.0,0.02519189545252189,0.019246608125726723,0.022560853891460498,0.2260216860000264,0.07658336217566655,0.13825312224344014,0.08363709290237267,0.7334760315976485,16.02581869392281,0.7642101440497251,0.08998545055640819,36.130149279619026,1.6030890662207253,6.563597208781862,1.4231741470978032,0.4185325528492092,0.19397759498441855,8.137911532196819,4.881954214341185,0.6052996675352171,16.518101920259024,44.29171880074525,3.743493155566076,8.27941,,,None,1.0,1.0,53.79722112711951,63.75885446776696,60.96803451842738,42.87759885421316,69.74337524454856,40.58880109912723,,,None,1.0,1.0,34.78910041060097,37.77659594674164,57.227746786320644,60.93435360451067,32.04345122709484,27.544424972204943,C,C,B,A,D,E,34.53718142550638,D,35.461774663412335,39.674785400237276,,,None,1.0,38.721110192056834
495054,285023_43922,Jose Manuel Lopez,Argentina,FW,0,1,0,1,0,0,0.04,0.0,0,0,2,7,2,0,0,0,0,0,0,0,0,0,0,1,0,0,0,,,,5,5,0,0,4,1,0,3,3,4,1.62,22,11,1465.77,,,,,,,Round of 16,0.0,13.0,550.0,0.0,False,,,None,1.0,1.0,1.46577,1.62,13.0,0.016801521392674466,0.01283636234400329,0.02068252348752544,0.2916370746626228,0.05107662503373039,0.23310057413054494,0.05578105102367923,0.2073979800711736,5.475212585359183,0.3687896608977839,0.0600150344146332,12.825191199112874,0.787379031203455,4.095747940277882,0.8082801238159419,0.1382429180189255,0.1293717147235934,2.609634704738722,1.8470397844251716,0.12191183922524593,6.930687313220948,18.268480893825977,1.536691267062138,1.46577,,,None,1.0,1.0,11.475570031295957,7.875758822256721,6.722059277967284,8.26646814709906,5.040046887176418,5.061223361541326,,,None,1.0,1.0,23.161627472937663,26.38036809815951,11.889400921658986,20.342539796934947,11.178328029942822,11.941507905101096,E,E,F,F,F,F,19.860590857365995,E,51.626442812172094,81.21189024390245,,,None,1.0,22.68311278536627
416081,285023_43922,Julian Alvarez,Argentina,FW,2,3,0,3,0,0,0.69,0.0,0,0,18,95,10,2,0,0,0,0,0,72,83,1,0,1,0,0,0,,,,120,44,50,26,83,37,2,47,44,174,6.29,290,125,24301.65,,,,,,,Round of 16,0.0,232.0,1026.0,0.0,False,,,None,1.0,1.0,24.301650000000002,6.29,232.0,0.022703994795487292,0.01734585202375229,0.15170234154476456,0.7748722063734511,0.4498014542238407,0.6957714885059731,0.07537726272101782,0.47064876677827483,21.10681416961435,0.49834764042876917,0.08109866940948061,49.69716774375192,4.110240401795837,22.28898595195449,2.6153589311391863,0.5675897792228288,0.17482075992525217,11.332431599562112,9.921151283074623,0.5455214962816151,31.070013251050224,75.71100135384712,6.424278109374509,24.301650000000002,,,None,1.0,1.0,69.92111520475274,54.09119734579129,61.84977228031637,79.07009230925016,62.72595510126543,69.64455226367089,,,None,1.0,1.0,41.39604329973871,34.5476647229767,75.44991511035656,23.299489157852342,78.64013752240226,80.63768443665555,C,D,A,F,A,A,37.465529472204686,C,55.46275395033861,44.6159420289855,,,None,1.0,41.921093060066035
402920,285023_43922,Lautaro Martinez,Argentina,FW,2,4,25,3,1,0,1.03,0.97,0,0,21,149,17,7,2,0,0,0,2,58,88,1,0,2,50,0,0,,,,132,61,61,10,99,33,3,38,43,141,6.27,279,110,27335.99,,,,,,,Round of 16,1.0,262.0,125.0,0.0,False,,,None,1.0,1.0,27.335990000000002,6.27,262.0,0.207153562973904,0.016862249017527274,0.2104009437401939,0.938351296548948,0.4372609727779499,0.6763733532615128,0.07327574180391434,0.4575270614749896,17.92719960774708,0.6695362458937313,0.07883763545891023,42.203884478179,4.550894414163186,31.66202623201254,3.838020520707246,1.4771781368821493,0.5401118633822393,10.831400424322567,12.790952671406522,0.7153948928727539,27.427541768000232,71.56426767064845,6.80677239848727,27.335990000000002,,,None,1.0,1.0,89.2068790141226,61.07402852460358,69.36920882716903,91.70389314861295,78.48238269860751,68.32452462278918,,,None,1.0,1.0,77.76222471071296,64.59571881707154,78.36526800873152,42.10738283485597,69.51464833034638,95.10053328810748,A,A,A,D,B,S,63.63857238597406,A,67.621776504298,51.37263987026526,,,None,1.0,70.521958664878
229397,285023_43922,Lionel Messi,Argentina,FW,16,24,29,12,12,0,4.57,1.53,14,0,10,77,14,2,11,0,0,0,2,147,78,14,43,15,87,3,67,,,,122,22,70,30,86,36,3,77,87,381,4.56,231,96,27595.27,2.0,332.0,34.0,8.222007751464844,4.768415927886963,6.673081398010254,Round of 16,7.0,361.0,2.0,0.0,True,59.5,7.316737389564514,B,1.1,1.1,27.59527,4.56,361.0,1.2071709649041253,0.015448438043790416,0.7930177526000022,4.250962603278475,2.774499930414966,2.1457422112202296,2.4410329484179405,2.623502457458732,31.515325861204754,2.8177357858126832,0.5809205838212078,79.36075612031517,2.304117908512678,16.79869803169235,3.0075295979399725,0.5055027292176655,2.020905531251473,17.38407610549012,5.105488595036389,0.6554127903046161,22.753985522261505,57.42489075937795,6.280024946932864,27.59527,59.5,7.316737389564514,B,1.1,1.1,107.21233050391834,76.62639129386766,85.90053509177199,80.9206197124577,75.1041123966285,68.86193518390179,59.5,7.316737389564514,B,1.1,1.1,110.00000000000001,88.6472677543733,94.44845985932575,50.484770121033556,55.70608244029114,77.85007631861612,S+,S,S,C,C,B,84.98774885513559,S,66.51930648615044,48.645418326693225,44.6,7.411970663070679,BL-A,1.2,112.6217926846197
441422,285023_43922,Nico Paz,Argentina,FW,0,1,0,0,1,0,0.08,0.0,0,0,7,44,6,2,1,0,0,0,0,56,96,1,0,2,100,2,100,,,,73,7,47,19,50,23,0,12,51,125,3.48,110,39,9189.47,,,,,,,Round of 16,0.0,81.0,755.0,0.0,False,,,None,1.0,1.0,9.18947,3.48,81.0,0.025261582710002308,0.019299849190441764,0.039570304525452286,0.4384849389951735,0.07679521143840704,0.13863556591249268,0.08386845459720767,0.5236669958933013,20.09507258678254,0.7663241457205368,0.5139104112821937,44.91545333422709,2.2430376793566187,13.99608446783099,2.0626250693268284,0.6315283403799644,0.40635220578805054,14.091887616837408,3.200754803058226,0.18329804414377676,16.351957216625614,46.10894522988873,3.946633927262151,9.18947,,,None,1.0,1.0,61.38933288119297,61.97560680744706,69.03786349351255,60.92834477778584,89.49078020528673,47.38577732984511,,,None,1.0,1.0,39.67898469578201,44.6713137951338,70.43414989085618,55.221824193992816,33.543030613364536,64.66730736615976,C,C,B,B,D,B,40.01924910063285,C,35.47215496368039,35.45465523487501,,,None,1.0,44.71169681698034
418975,285023_43922,Thiago Almada,Argentina,FW,0,2,0,0,2,0,0.13,0.0,0,0,25,65,10,1,2,0,0,0,2,142,90,0,0,1,0,1,100,,,,156,37,82,37,116,40,1,43,84,305,7.09,325,127,27791.83,,,,,,,Round of 16,0.0,232.0,1028.0,0.0,False,,,None,1.0,1.0,27.79183,7.09,232.0,0.022703994795487292,0.01734585202375229,0.04508357473200795,0.5844815513506713,0.06902014417828137,0.12459952343763428,0.07537726272101782,0.2802581117554951,34.434160021208925,0.49834764042876917,0.27148932443226026,74.63834355173606,5.442974986955295,16.577266301271102,2.6153589311391863,0.3771991242000491,0.5556020699708114,18.948057800473297,8.588416697915166,0.35513084125883543,31.450794561095773,82.37467427964441,7.088775765721915,27.79183,,,None,1.0,1.0,55.917161846650195,53.31044605315379,75.65666111697726,80.68337258556626,75.61895033714488,77.21472899425737,,,None,1.0,1.0,14.501679731242994,20.796216452354265,77.41450400194034,17.21601627911906,85.07735635126735,77.81106902594836,E,E,A,F,A,A,21.7885081054714,E,47.12681277941337,31.086339951190546,,,None,1.0,24.789864464639027
308300,285023_43922,Emiliano Martinez,Argentina,GK,0,0,0,0,0,0,0.0,0.0,0,0,0,0,0,0,0,0,0,0,0,119,82,0,0,2,50,0,0,4.0,50.0,43.0,18,0,0,18,11,7,0,0,0,227,2.68,35,5,19793.07,,,,,,,Round of 16,0.0,442.0,1268.0,0.0,False,,,None,1.0,1.0,19.79307,2.68,442.0,,,,,,,,,,,,,,,,,,,,,,,,,,,,,,,,,,,,,,,,,,,,,,,,,,,,,,,,,,,,,
430628,285023_43922,Alexis Mac Allister,Argentina,MF,1,4,0,3,1,2,0.44,0.0,0,0,13,107,24,5,6,0,0,0,0,266,93,0,0,1,0,2,100,,,,90,6,23,61,72,18,1,13,102,558,6.21,440,94,39277.88,,,,,,,Round of 16,0.0,377.0,247.0,1.0,False,,,None,1.0,1.0,39.277879999999996,6.21,377.0,0.01995574530223822,0.18259063490541252,0.09150312328045357,0.8484207288296914,0.2280099112133067,0.6115504667021908,0.06625307440343088,0.24633372001082854,51.01672095764985,0.4380241747740617,0.40597081320859996,107.94174386154344,2.7759860790634856,21.599105362487602,4.641599926658998,1.0009180998193286,1.1577259117942496,19.666653071959793,2.361137176500423,0.312143333407543,22.121404866978054,91.64808181432902,8.152827695003873,39.277879999999996,,,None,1.0,1.0,63.57701622703189,62.84684292556659,80.19970372553207,85.2347460803388,95.9032317332833,75.31478381859345,,,None,1.0,1.0,,,,,,,,,,,,,,,,,,,,,
448252,285023_43922,Enzo Fernandez,Argentina,MF,2,6,0,3,3,1,0.5,0.0,0,0,8,80,8,4,4,0,0,0,0,250,92,2,0,10,80,5,80,,,,167,23,66,78,99,68,2,49,70,542,4.89,491,156,37226.27,,,,,,,Round of 16,0.0,342.0,1189.0,0.0,False,,,None,1.0,1.0,37.22627,4.89,342.0,0.020546765484022553,0.015697728829793228,0.10455116599743512,1.2181492363294173,0.4070633858736842,0.629662477179699,0.06821526140695487,0.5982304919370299,49.77085009915328,2.0017024210365597,0.9348960933145675,108.38179537152705,1.996698142154229,17.586679733749246,2.0222583184163527,0.8582612240070487,0.8474125318314847,14.735491840541254,5.3601762562014095,0.4936885491543232,33.459202180489,103.1497122173009,8.04079261086822,37.22627,,,None,1.0,1.0,67.52026825705587,65.54638913407561,97.4533799599293,69.25129681308336,88.97527474429508,89.90465148269465,,,None,1.0,1.0,,,,,,,,,,,,,,,,,,,,,
389485,285023_43922,Exequiel Palacios,Argentina,MF,0,0,0,0,0,0,0.0,0.0,0,0,1,5,1,1,1,0,0,0,0,94,95,0,0,0,0,0,0,,,,18,3,4,11,7,11,1,4,21,190,1.5,113,37,10029.01,,,,,,,Round of 16,0.0,100.0,801.0,0.0,False,,,None,1.0,1.0,10.02901,1.5,100.0,0.02526158271000231,0.019299849190441764,0.022623263011769666,0.22664692007414075,0.07679521143840704,0.1386355659124927,0.08386845459720768,0.31182897697226847,28.144917305781785,0.3426481078784713,0.09023437344012825,58.68492456409423,0.9720095658304224,5.734401729910711,1.003434974721665,0.4196903214589317,0.4063522057880505,7.736747049206428,2.3534027273740956,0.3951360630648095,15.928281178783552,46.74445928665182,4.124480417667114,10.02901,,,None,1.0,1.0,55.01051020998784,51.64471985043336,64.47621101162385,36.75560212657067,69.27696554174662,39.38766410322341,,,None,1.0,1.0,,,,,,,,,,,,,,,,,,,,,
395414,285023_43922,Giovani Lo Celso,Argentina,MF,1,1,100,0,1,0,0.15,6.61,1,0,8,23,6,1,1,0,0,0,1,51,92,1,100,0,0,0,0,,,,46,4,22,20,31,15,0,7,27,108,1.74,123,23,7525.5,,,,,,,Round of 16,1.0,64.0,86.0,0.0,False,,,None,1.0,1.0,7.5255,1.74,64.0,0.23402038602543715,0.019049201798358104,0.05369248577395153,0.4327903293978336,0.2848847468482782,0.13683510401752527,0.2918661297063152,0.5168661258167649,18.78866323903222,0.3381981324514782,0.08906249846038633,40.77765886954916,2.4229941957026173,9.42349274489853,2.0358377307641424,0.4142397978036209,0.40107490441417976,8.890791069710122,2.5319259314081783,0.18091755006398744,12.794204122799623,48.22825714500681,3.547464652438664,7.5255,,,None,1.0,1.0,71.44325606739307,54.9087499900631,55.037585691760206,54.73242066434986,66.58488146767914,41.108264373986835,,,None,1.0,1.0,,,,,,,,,,,,,,,,,,,,,
332847,285023_43922,Leandro Paredes,Argentina,MF,1,1,0,0,1,0,0.02,0.0,1,0,4,17,3,1,0,1,0,0,0,215,94,2,50,4,50,2,100,,,,97,1,18,78,68,29,0,5,20,441,4.91,186,41,17335.08,,,,,,,Round of 16,0.0,167.0,930.0,0.0,False,,,None,1.0,1.0,17.33508,4.91,167.0,0.024134553581358405,0.018438798936157824,0.02566168086730418,0.41892221783109,0.27575604598647196,0.13245043005449494,0.28251372098925237,0.702690935606573,51.37807744919437,1.136909097174115,0.4909826315908971,106.86587249396852,1.5358049987668072,7.907209153094584,1.3634413803228742,0.4009661099665594,0.18583606257645977,7.1891900943467855,1.8436331848458398,0.1751203207863366,16.027199257030684,59.43323677897681,5.419123010589207,17.33508,,,None,1.0,1.0,51.55135750032347,64.58849543193311,89.2020073561959,45.78530103845144,64.80321617765603,47.93427978366145,,,None,1.0,1.0,,,,,,,,,,,,,,,,,,,,,
430631,285023_43922,Nico Gonzalez,Argentina,MF,0,4,0,4,0,3,0.36,0.0,0,0,7,38,3,1,2,0,0,0,0,47,77,3,0,5,60,0,0,,,,44,33,9,2,28,16,16,26,32,120,4.48,137,69,14373.63,,,,,,,Round of 16,0.0,145.0,197.0,1.0,False,,,None,1.0,1.0,14.373629999999999,4.48,145.0,0.0245940638759024,0.22503021911697896,0.09627198739838735,1.0456193583577544,0.07476595418274329,0.9599336398141103,0.08165229206799596,0.9223101874315076,17.707911812465674,1.3647956539916877,0.08784999616472335,42.6973935820173,2.1837670503641813,12.388806053641009,1.389400648562646,0.40860031188671436,0.6018550004760275,9.800953068448225,8.478426412237921,3.4783001965361797,22.107079344685978,50.459039665960866,4.91153000951466,14.373629999999999,,,None,1.0,1.0,72.94148895836892,83.3291308698741,58.1230750754878,55.001717894201505,53.61713907643178,50.27995921761554,,,None,1.0,1.0,,,,,,,,,,,,,,,,,,,,,
428882,285023_43922,Rodrigo De Paul,Argentina,MF,0,0,0,0,0,0,0.0,0.0,1,0,5,74,12,1,1,0,0,0,0,180,92,5,40,5,60,0,0,,,,176,19,83,74,80,96,2,24,60,387,4.41,248,126,27095.94,301.0,305.0,63.0,4.481345653533936,4.914112091064453,6.294098854064941,Round of 16,0.0,275.0,221.0,1.0,True,242.1,4.999448919296265,C,1.0,1.0,27.09594,4.41,275.0,0.021806584078527855,0.19952539841095684,0.019529104437366402,0.1956486723525519,0.06629201559872468,0.11967453342296086,0.255263027315674,1.1835063147401554,40.02197266466742,1.2101103473159596,0.07789311832850149,86.68309069154712,1.5705295689658683,17.56781057352846,2.8777131367842874,0.36228974197308866,0.3507758655796261,13.810342300495192,4.957373139000477,0.5239589104237212,30.02478780703449,65.0380691715033,6.68132683304787,27.09594,242.1,4.999448919296265,C,1.0,1.0,50.946440278217786,84.87567413060194,89.7094817990425,61.811752458515215,74.96594811402987,67.24704808316379,242.1,4.999448919296265,C,1.0,1.0,,,,,,,,,,,,,,,,,,,,,
463661,285023_43922,Valentin Barco,Argentina,MF,0,0,0,0,0,0,0.0,0.0,0,0,0,7,2,0,1,0,0,0,0,20,85,0,0,1,100,0,0,,,,19,4,14,1,9,10,0,14,8,41,1.71,41,14,2814.61,,,,,,,Round of 16,0.0,24.0,594.0,0.0,False,,,None,1.0,1.0,2.81461,1.71,24.0,0.020625995911539848,0.015758260876416443,0.018471816898538624,0.1850564353183355,0.06270302757108114,0.1131954655625307,0.0684783064263123,0.2546072935320478,10.180817406859482,0.45273602670365265,0.07367605739602033,22.144252552815058,0.6206774689700572,5.028049442457186,0.9922662442030649,0.16971069436014985,0.331785186678383,4.068482277105883,2.0945102986064605,0.14966222633413312,9.027191704863117,25.713209877380624,2.1197853321184734,2.81461,,,None,1.0,1.0,15.718462525483545,17.60110560980521,28.590022848230817,14.831394934458494,27.949247314522257,13.904628077464668,,,None,1.0,1.0,,,,,,,,,,,,,,,,,,,,,
448014,285023_43976,Alessandro Circati,Australia,DF,0,3,0,2,1,2,0.13,0.0,0,0,12,48,28,5,4,1,0,0,0,221,80,1,0,10,60,4,75,,,,55,4,10,41,16,39,0,9,63,448,6.09,424,142,44568.44,273.0,21.0,147.0,4.5484395027160645,6.81116247177124,5.849121570587158,Round of 16,0.0,438.0,1264.0,0.0,True,203.7,5.213018465042113,C,1.0,1.0,44.56844,6.09,438.0,0.019024676932175626,0.014534853176182177,0.037777512369520386,0.6492995405771993,0.057835017873813906,0.42348085309825956,0.06316192741482307,0.3943773250980158,41.457299203389674,1.8534178483804287,0.7061029981906908,85.35650447284975,2.4869311348099075,11.178697235459124,5.0631852416693715,0.9542186070341404,0.7846368645667118,12.527140970175818,1.9319009822846307,0.13804305581986634,28.74705628700663,84.81950125864422,8.616482559656522,44.56844,203.7,5.213018465042113,C,1.0,1.0,46.415190238028565,49.621708429242354,74.47657867692192,69.7750337635879,64.49144993052519,84.01080443716046,203.7,5.213018465042113,C,1.0,1.0,,,,,,,,,,,,,,,,,,,,,
349342,285023_43976,Aziz Behich,Australia,DF,1,1,0,1,0,0,0.02,0.0,0,0,9,55,7,1,4,0,0,0,0,82,73,6,17,1,0,1,100,,,,69,24,30,15,8,61,4,17,45,178,5.04,341,105,26853.33,,,,,,,Round of 16,0.0,245.0,1040.0,0.0,False,,,None,1.0,1.0,26.853330000000003,5.04,245.0,0.02242602969886628,0.017133486689933836,0.023845049186967424,0.3892660399507656,0.2562348317770908,0.3111337524799154,0.07445441860023605,1.4051851195580292,22.729000376535808,0.4922463683279594,0.26816547957688763,49.84096393166666,2.3673813991311197,14.493713750518133,2.0191599770914346,0.37258107385480904,0.9249192346514197,11.381748296887409,6.038492559462599,0.9149620774651228,26.928428928075334,84.37511604580448,6.82549382658944,26.853330000000003,,,None,1.0,1.0,50.84685999214764,52.0291795844956,52.71058087286769,64.40099416764753,50.70159111306043,70.1784152206939,,,None,1.0,1.0,,,,,,,,,,,,,,,,,,,,,
382312,285023_43976,Cameron Burgess,Australia,DF,0,0,0,0,0,0,0.0,0.0,0,1,2,14,9,0,0,0,0,0,0,56,80,0,0,2,50,1,0,,,,9,0,1,8,3,6,0,0,20,113,2.9,147,33,15035.64,,,,,,,Round of 16,0.0,152.0,902.0,0.0,False,,,None,1.0,1.0,15.035639999999999,2.9,152.0,0.024452349005778903,0.018681594640415085,0.021898545675615354,0.21938647527984834,0.07433514097756788,0.13419449134371464,0.08118179869918597,0.30183979612733475,19.45134371940633,0.7417755917286396,0.2923957555557695,41.01600072013078,1.1459240160961535,7.3961726438972955,2.6117064926092333,0.20119392761954882,0.18828308734449758,7.283854854130752,1.6628575417889888,0.17742624438593171,14.597824134525952,52.21880638014105,5.018975451221081,15.035639999999999,,,None,1.0,1.0,41.457556702867386,46.84516359203151,43.50185026471786,35.413710934643014,37.52266968222511,34.88227724379571,,,None,1.0,1.0,,,,,,,,,,,,,,,,,,,,,
430442,285023_43976,Harry Souttar,Australia,DF,1,1,0,1,0,1,0.05,0.0,0,0,4,18,6,8,1,1,0,0,0,199,86,0,0,8,38,3,33,,,,32,3,2,27,20,12,0,6,46,409,5.87,370,82,43035.91,285.0,60.0,257.0,4.521350860595703,6.307667255401611,5.363766193389893,Round of 16,0.0,438.0,1265.0,0.0,True,244.25,4.999902153015137,C,1.0,1.0,43.03591,5.87,438.0,0.019024676932175626,0.014534853176182177,0.02501457532574119,0.3302261144827196,0.21737173092105377,0.2639441400510197,0.06316192741482307,0.23484061205077586,37.9474915163504,1.534344422285949,0.546566285143451,79.13457266400742,1.2106374304319885,6.392595844041925,1.5533775546300945,1.4328287461758598,0.3060267254249922,9.815016848372743,1.7723642692373907,0.13804305581986634,19.174853504172233,76.20451875409329,8.371987760810237,43.03591,244.25,4.999902153015137,C,1.0,1.0,40.43581074130858,40.25674315861375,75.46205011775727,40.127267811025284,70.51526966497522,66.70296737047403,244.25,4.999902153015137,C,1.0,1.0,,,,,,,,,,,,,,,,,,,,,
430450,285023_43976,Jacob Italiano,Australia,DF,0,1,0,0,1,0,0.03,0.0,0,0,6,83,14,0,0,1,0,0,0,43,77,9,33,2,50,2,100,,,,44,19,22,3,17,27,3,25,24,116,3.45,279,121,20985.37,,,,,,,Round of 16,0.0,183.0,959.0,0.0,False,,,None,1.0,1.0,20.98537,3.45,183.0,0.02378357061789964,0.018170647952075323,0.027282926641479934,0.41282993354758685,0.07230205467841491,0.13052423555103326,0.07896145445142683,2.088578037381475,16.32657559112169,0.7214878277887734,0.48384239017472014,40.49253317217801,1.9123576348165838,20.9555032323906,3.537494300375581,0.1956912190440782,0.18313349375782728,7.8824143970392795,5.406808957611682,0.7709048022948537,31.749618619707288,77.1171812514324,6.068341500282216,20.98537,,,None,1.0,1.0,49.753001980005926,63.2067240700118,51.707088557129765,65.78991096182698,46.7831031820411,68.93451453083027,,,None,1.0,1.0,,,,,,,,,,,,,,,,,,,,,
339112,285023_43976,Jason Geria,Australia,DF,0,0,0,0,0,0,0.0,0.0,0,0,1,21,3,2,0,0,0,0,0,23,78,1,0,0,0,0,0,,,,3,1,0,2,1,2,0,2,5,46,3.24,78,29,7925.03,,,,,,,Round of 16,0.0,75.0,740.0,0.0,False,,,None,1.0,1.0,7.92503,3.24,75.0,0.02519189545252189,0.019246608125726723,0.022560853891460498,0.2260216860000264,0.07658336217566655,0.13825312224344014,0.08363709290237267,0.5222223945317894,13.06826777500078,0.3417028699180069,0.08998545055640819,28.10251107111637,0.9693281550231481,9.098640853572173,1.4231741470978032,0.6297861899150683,0.19397759498441855,4.335346065011355,1.9244032954191579,0.18279239340349882,14.194311912534575,39.22163151116463,3.6686290916626763,7.92503,,,None,1.0,1.0,49.75075644379606,49.43526221186726,31.853727835981005,30.603335831334388,34.59764896506528,28.834228543833795,,,None,1.0,1.0,,,,,,,,,,,,,,,,,,,,,
423522,285023_43976,Jordan Bos,Australia,DF,2,5,0,3,2,0,0.42,0.0,0,0,23,84,21,4,4,1,0,0,0,107,88,8,38,8,38,1,100,,,,76,27,37,12,26,50,7,41,93,286,6.41,396,223,36920.34,,,,,,,Round of 16,0.0,343.0,1191.0,0.0,False,,,None,1.0,1.0,36.920339999999996,6.41,343.0,0.020529261250383013,0.015684355595292618,0.09068979077620865,1.0449576458767178,0.40671659977647695,0.6291260541050708,0.0681571473512716,1.6306437831759781,25.110452577509037,1.6556894819014454,0.24548434397402438,64.21808394370922,4.57730445366262,18.26031255229401,4.258535209082783,0.8575300527187765,0.8466906027785742,18.68247628064689,6.044225097337766,1.354037079146373,44.96500368969502,86.70722358302767,7.981275466833758,36.920339999999996,,,None,1.0,1.0,69.7146525814784,71.36214820342134,79.90617516460132,88.32241495355305,83.8534818286666,89.96871503753741,,,None,1.0,1.0,,,,,,,,,,,,,,,,,,,,,
494411,285023_43976,Kai Trewin,Australia,DF,0,1,0,0,1,0,0.0,0.0,0,0,7,22,4,0,1,0,0,0,0,31,87,2,0,1,0,0,0,,,,18,3,10,5,2,16,2,7,14,73,1.6,98,41,8815.94,,,,,,,Round of 16,0.0,81.0,754.0,0.0,False,,,None,1.0,1.0,8.815940000000001,1.6,81.0,0.025261582710002308,0.019299849190441764,0.022623263011769666,0.4384849389951735,0.07679521143840704,0.13863556591249268,0.08386845459720767,0.735505014814334,14.799122113756727,0.554486126799504,0.09023437344012825,33.89987635033339,2.2430376793566187,9.335648051568267,1.638949031484763,0.20785230253789896,0.40635220578805054,6.2538809167592,2.3534027273740956,0.6069740819858422,16.77563325446768,43.566889002836334,3.867506072054578,8.815940000000001,,,None,1.0,1.0,55.91370025064704,62.48404030331657,47.24206645145441,50.1540707677951,46.60300243927274,38.54723754604282,,,None,1.0,1.0,,,,,,,,,,,,,,,,,,,,,
504931,285023_43976,Lucas Herrington,Australia,DF,0,0,0,0,0,0,0.0,0.0,0,0,4,11,4,2,0,0,0,0,0,106,95,0,0,0,0,0,0,,,,34,0,0,34,7,27,0,3,41,232,2.98,210,41,23286.35,,,,,,,Round of 16,0.0,232.0,1027.0,0.0,False,,,None,1.0,1.0,23.28635,2.98,232.0,0.022703994795487292,0.01734585202375229,0.020332789579046596,0.203700241305112,0.06902014417828137,0.12459952343763428,0.07537726272101782,0.2802581117554951,27.58009644038886,0.30795698540598965,0.08109866940948061,60.73982573507314,1.444771231476922,6.296170930041,1.4730150010025083,0.5675897792228288,0.17482075992525217,10.761259634493774,1.5439624620723178,0.16474018623605577,15.077198229136725,60.47974895202474,6.23097447732988,23.28635,,,None,1.0,1.0,37.069250190476325,36.39798832829008,62.74744556907924,37.343371702612,79.53252391914653,42.36023041965874,,,None,1.0,1.0,,,,,,,,,,,,,,,,,,,,,
404319,285023_43976,Ajdin Hrustic,Australia,FW,0,3,0,2,1,0,0.11,0.0,1,0,5,40,2,1,0,0,0,0,0,31,87,5,40,0,0,0,0,,,,51,14,32,5,27,24,2,15,30,80,3.74,183,58,11460.39,,,,,,,Round of 16,0.0,90.0,777.0,0.0,False,,,None,1.0,1.0,11.46039,3.74,90.0,0.025296643910373097,0.019326635947525046,0.04598918619952979,0.8633575922317602,0.07690179748753423,0.563092050492056,0.296116892138403,1.372921944209467,14.819662195971635,0.3431236780003007,0.0903596120478527,35.431851101116145,1.8218867803307686,13.166981856019138,1.2169597022873797,0.42027282045051406,0.19478415810987285,9.656673388628732,4.690121453464512,0.6078165169255957,20.405161171382016,61.65857952888014,4.433846441456817,11.46039,,,None,1.0,1.0,72.03298603511762,68.83209450996758,53.29275696839848,50.803231229280264,60.08433169292435,48.44965858319908,,,None,1.0,1.0,40.60283687943262,46.85559079944539,57.79772010671841,71.59632871950315,54.24454116528291,46.22835283697966,C,C,B,A,B,C,41.97142547563274,C,43.20391846142764,31.33383953429511,,,None,1.0,46.84495791016746
406606,285023_43976,Awer Mabil,Australia,FW,0,1,0,0,1,0,0.03,0.0,0,0,1,20,0,0,1,0,0,0,0,8,63,1,0,0,0,0,0,,,,17,7,9,1,10,7,0,3,4,20,1.75,55,20,3742.93,,,,,,,Round of 16,0.0,31.0,617.0,0.0,False,,,None,1.0,1.0,3.74293,1.75,31.0,0.022085621977415242,0.016873415190745245,0.025335153157692268,0.3833573183679788,0.06714029081134235,0.12120589341205486,0.07332426496501862,0.45783003567582303,8.678815091405042,0.2995693765016604,0.07888984170332726,19.82201259387401,0.8498056545309888,7.791532590336379,0.6920750502842841,0.18172049763017262,0.35526440721270663,3.6155733710147144,2.798346462858411,0.16025327306812498,10.77724365421919,30.12571106540145,2.4417243789421708,3.74293,,,None,1.0,1.0,31.546164241921165,26.693849441501378,16.418603065906563,17.3762426062174,15.210087499960395,15.329566568613556,,,None,1.0,1.0,41.79731243001118,46.722634807878585,25.190395343196702,51.0354621955614,24.704356760243524,20.9489890138881,C,C,E,C,E,E,37.64820482767621,C,47.59347847310359,60.24987251402345,,,None,1.0,42.120713459893665
448015,285023_43976,Cristian Volpato,Australia,FW,1,4,0,2,2,0,0.28,0.0,7,0,11,64,4,1,2,0,0,0,0,66,79,13,23,9,56,0,0,,,,75,17,52,6,43,32,1,58,70,188,5.16,322,94,20702.13,102.0,287.0,7.0,5.310310363769531,5.022198677062988,7.174224853515625,Round of 16,0.0,180.0,951.0,0.0,True,106.0,5.733072233200073,B,1.1,1.1,20.70213,5.16,180.0,0.0238499046003816,0.01822132711469154,0.07735902056391775,1.0139813440746237,0.27250370998516005,0.5308882764468942,1.479181683273267,2.8944032223871106,20.97211151155395,2.1235001059995757,0.08519185923256306,55.005469578121684,2.917691329234683,17.21394954420182,1.5473606105575577,0.3962370150519398,0.5836442654229383,17.104398982404067,5.021888912444351,0.3730549077803688,26.438170447318214,85.93226627093492,6.028618513991943,20.70213,106.0,5.733072233200073,B,1.1,1.1,73.58329192201376,84.170414957792,75.3431290867357,75.04484460859535,70.82128538959198,72.54693170188658,106.0,5.733072233200073,B,1.1,1.1,40.8547965658828,40.885676840965644,86.06839679844774,63.93835979396739,81.7768186971947,75.59066840032412,C,C,A,B,A,B,42.70989370771683,C,45.80288718588486,44.779421933342554,92.0,5.840673542022706,BL-B,1.05,50.03452311093864
321697,285023_43976,Mathew Leckie,Australia,FW,0,1,0,1,0,0,0.1,0.0,0,0,2,30,4,1,1,0,0,0,0,10,70,1,0,0,0,0,0,,,,7,3,3,1,6,1,1,9,14,33,1.64,100,31,7358.47,,,,,,,Round of 16,0.0,67.0,721.0,0.0,False,,,None,1.0,1.0,7.3584700000000005,1.64,67.0,0.02502372200692261,0.019118123613288872,0.04339458167281364,0.43435620576905,0.07607211490104472,0.3471735582969316,0.08307875706298307,0.518736196376393,10.253064151957313,0.3394217653018982,0.08938473500872755,25.186943404333093,1.1727005864781959,10.926491436953391,1.6235168405006881,0.41573855659589953,0.40252603137624443,6.1949949582302395,2.3312433071275858,0.3914154988051708,14.519241739548185,43.576353989471926,3.5252495768724144,7.3584700000000005,,,None,1.0,1.0,62.32103665673521,49.41791780146658,31.45127883188033,37.680430986138425,34.012182730538875,30.53824347206571,,,None,1.0,1.0,46.24860022396417,50.08452202321032,32.612175600291046,51.09905250439832,28.02018945905417,37.77677275896508,B,B,D,B,D,D,41.48562699168803,C,43.881773399014776,46.16527942925088,,,None,1.0,46.314096550405026
498806,285023_43976,Mohamed Toure,Australia,FW,1,4,0,4,0,1,0.26,0.0,0,0,3,86,5,4,2,0,0,0,1,16,75,2,0,2,50,0,0,,,,25,18,7,0,16,9,6,17,25,53,4.76,217,79,19508.03,,,,,,,Round of 16,0.0,182.0,958.0,0.0,False,,,None,1.0,1.0,19.508029999999998,4.76,182.0,0.02380569953190406,0.0181875544423747,0.07322305186375692,1.0121019606766268,0.27199863269608426,0.9291629035074731,0.07903492244592149,0.6931161672600156,10.951775038564302,0.7221591206889384,0.0850339587279613,27.95356229709941,1.3152490286713447,21.573888750010795,1.744121931127225,0.99439052022489,0.5825624986338531,8.08937772684816,5.21221030111133,1.370509992518071,23.39472851549617,64.81191630203556,5.779067299587921,19.508029999999998,,,None,1.0,1.0,71.04478987298461,55.331725786385746,46.70083010475571,54.144725070598064,51.88705024415798,52.749471342206824,,,None,1.0,1.0,37.62597984322508,36.10514919561625,54.21780257094348,30.601776289293507,57.88376431001062,58.78794731188874,C,C,C,E,B,B,34.61533595694352,C,59.13142857142858,58.97197053095097,,,None,1.0,38.80651437136472
486306,285023_43976,Nestory Irankunda,Australia,FW,3,6,17,4,2,1,0.81,1.23,0,0,13,116,3,4,5,0,0,0,0,44,73,1,0,1,100,1,0,,,,55,34,20,1,36,19,6,43,51,124,5.66,263,129,27279.0,73.0,300.0,294.0,5.588837623596191,4.942816257476807,5.164575099945068,Round of 16,1.0,285.0,133.0,0.0,True,162.3,5.385868787765503,C,1.0,1.0,27.279,5.66,285.0,0.20280356617008397,0.016508160348819696,0.16611962969651806,1.2810390050790015,0.6092750000991953,0.8433662837890318,0.07173703188230549,0.44791949679444343,15.014003778609219,0.4742806952572183,0.2583781583391471,38.23731690932102,3.0057624291666234,25.017689659517274,1.2206819441177843,0.9025709426316575,1.0723581881041022,12.053521149352243,7.630064030543672,1.2439604669133277,30.29431808347389,67.16236039883577,6.653511308940836,27.279,162.3,5.385868787765503,C,1.0,1.0,90.97872535859226,52.38720308752529,54.87541616649775,74.43324701175888,60.68669914220756,67.50229558953018,162.3,5.385868787765503,C,1.0,1.0,78.16349384098545,64.17785712929019,73.33495027892313,40.54730059138987,71.8737427306975,79.66721314564609,A,A,B,D,B,A,62.98825713167277,A,80.47382499044708,53.016184404119656,162.0,5.396956729888916,BL-B,1.05,73.30188588297713
491166,285023_43976,Nishan Velupillay,Australia,FW,0,0,0,0,0,0,0.0,0.0,0,0,1,57,4,1,0,0,0,0,0,12,50,0,0,0,0,0,0,,,,12,5,6,1,8,4,0,6,10,35,3.37,140,53,9830.13,,,,,,,Round of 16,0.0,88.0,767.0,0.0,False,,,None,1.0,1.0,9.830129999999999,3.37,88.0,0.02529504705124135,0.01932541594714839,0.0226532323372097,0.22694716214373742,0.07689694303577373,0.13881921821721255,0.08397955621012128,0.3122420608005232,10.78847247427204,0.34310201820303765,0.0903539080670341,25.88427549837453,0.9732971993160979,16.772167624525494,1.641120168198271,0.4202462905877568,0.1947718622945584,5.41369093887921,2.780757596923332,0.1835408614038072,19.343279871488132,52.53358564200994,4.087758013741986,9.830129999999999,,,None,1.0,1.0,55.645399679745346,51.06274605446496,31.68546992934795,40.71282046218359,32.728430482117936,34.6773270427442,,,None,1.0,1.0,29.7872340425532,32.610305988717734,25.314091680814936,35.053097907878836,43.034270875242306,43.29809486121318,D,D,E,D,C,C,28.302528798976173,D,44.05594405594406,61.74551386623164,,,None,1.0,31.90812851271729
518200,285023_43976,Tete Yengi,Australia,FW,1,1,0,1,0,0,0.1,0.0,0,0,1,17,2,3,0,0,0,0,0,5,60,1,0,2,0,0,0,,,,11,6,5,0,6,5,2,8,8,17,3.74,59,20,4138.21,,,,,,,Round of 16,0.0,33.0,629.0,0.0,False,,,None,1.0,1.0,4.13821,3.74,33.0,0.022416407675917835,0.017126135464401223,0.03887313939287687,0.3890990230146538,0.2561248926811092,0.311000258671756,0.07442247348404722,0.4646871496978488,8.244864334528996,0.6800141804087875,0.0800714082183785,19.554958217510855,0.8625335531300385,7.344292628284888,1.0783985776251992,0.7483792423964089,0.17260633910456738,4.421641395498721,2.6522794676710304,0.5386114807890978,10.938658989215826,31.328832631035667,2.5525994617604266,4.13821,,,None,1.0,1.0,52.943798881655916,42.5784386334628,25.922542302553126,23.843579334225616,28.37196020146917,22.071247308006637,,,None,1.0,1.0,54.059350503919376,53.73131493475659,37.71283046325492,52.900777921444785,33.42727039976592,34.962311794523906,B,B,D,B,D,D,46.35607726476667,B,47.936236834614284,77.01776797119962,,,None,1.0,51.63633188063321
494557,285023_43976,Patrick Beach,Australia,GK,0,0,0,0,0,0,0.0,0.0,0,0,0,0,0,0,0,0,0,0,0,122,65,0,0,3,0,0,0,14.0,91.0,76.0,16,0,0,16,8,8,0,0,1,208,2.62,23,5,19047.75,,,,,,,Round of 16,0.0,435.0,1263.0,0.0,False,,,None,1.0,1.0,19.04775,2.62,435.0,,,,,,,,,,,,,,,,,,,,,,,,,,,,,,,,,,,,,,,,,,,,,,,,,,,,,,,,,,,,,
430440,285023_43976,Aiden Oneill,Australia,MF,0,2,0,1,1,0,0.07,0.0,4,0,25,105,15,2,8,0,0,0,0,172,83,8,50,12,42,3,33,,,,138,6,61,71,103,35,1,23,103,388,6.97,648,186,47323.13,,,,,,,Round of 16,0.0,406.0,1234.0,0.0,False,,,None,1.0,1.0,47.32313,6.97,406.0,0.01949824387791699,0.014896658322728578,0.02890740310250629,0.5019541245069271,0.05927466138886766,0.27051430261913634,0.718765930543196,1.5487498441660306,34.47737543930607,2.226569462565601,0.5601715477833032,77.67074320039842,4.674439660202475,20.77691271377228,3.063616073415325,0.4874474310617568,1.4581999995969839,19.37928725848936,2.3070062179766344,0.3049871977952936,36.656984464727486,123.55662779153539,9.281379854408486,47.32313,,,None,1.0,1.0,53.209710552849245,65.91794655395645,79.6280449676449,89.44957435190636,70.39045256428986,97.75243695093309,,,None,1.0,1.0,,,,,,,,,,,,,,,,,,,,,
430452,285023_43976,Connor Metcalfe,Australia,MF,2,5,20,1,4,0,0.11,9.21,3,0,28,180,11,1,0,0,0,0,0,80,81,8,13,7,71,1,0,,,,140,34,89,17,80,60,2,37,64,199,6.49,513,175,38524.77,,,,,,,Round of 16,1.0,354.0,151.0,0.0,False,,,None,1.0,1.0,38.52477,6.49,354.0,0.1908987506526572,0.015539111297088633,0.03697648596255269,1.035280860687417,0.4029502182542309,0.28218085994759673,0.5792047802499459,1.6155432767848088,20.272809121954676,1.4697974411577233,0.24321104679940062,48.784709970983855,5.387714521983185,34.4649352909061,2.5135032301341957,0.3379101334476266,0.1566114620256315,13.563239622739395,7.1821700098162635,0.48870007850099223,36.3617464257531,105.85974825009622,8.181016148379603,38.52477,,,None,1.0,1.0,70.55988813869065,65.82386528697387,70.39145253182971,83.23684269178841,65.85850336099787,93.15053826139462,,,None,1.0,1.0,,,,,,,,,,,,,,,,,,,,,
355775,285023_43976,Jackson Irvine,Australia,MF,1,3,0,3,0,1,0.21,0.0,0,0,7,80,11,3,3,1,0,0,0,124,83,2,50,2,0,2,100,,,,100,19,43,38,69,31,2,25,67,279,7.47,495,125,31483.15,,,,,,,Round of 16,0.0,255.0,1047.0,0.0,False,,,None,1.0,1.0,31.483150000000002,7.47,255.0,0.02221596348667827,0.016972996103822195,0.059018336173016495,0.7582160231580048,0.25383466191801113,0.6808156063704177,0.07375699877577185,0.6468301191165748,30.3406177990799,0.6739335945703222,0.451951687411433,68.19021150913396,1.9726097036706864,19.01540342788725,2.74543889392215,0.7416873463239162,0.7299573176029501,15.3736935768201,5.050438906399743,0.5337952968963557,30.402151081057223,112.27468081355883,7.6240857631303856,31.483150000000002,,,None,1.0,1.0,62.675261507987244,60.718222169485415,68.55448959123028,68.65230757904973,69.45441374980169,85.48960482811422,,,None,1.0,1.0,,,,,,,,,,,,,,,,,,,,,
498421,285023_43976,Paul Okon Engstler,Australia,MF,0,0,0,0,0,0,0.0,0.0,1,0,9,78,5,3,2,0,0,0,0,89,87,1,100,6,83,2,100,,,,52,1,26,25,34,18,0,6,41,204,7.39,365,108,25987.7,187.0,94.0,61.0,4.766956329345703,6.057460308074951,6.313321113586426,Round of 16,0.0,214.0,211.0,1.0,True,141.55,5.347123122215271,B,1.1,1.1,25.9877,7.39,214.0,0.023096568506715046,0.2113284692656634,0.02068436289187372,0.2072224126422474,0.07021356826041375,0.12675396796485217,0.270363298368827,0.4787867325734237,24.764376851155713,1.4753780007842814,0.4698663245590523,56.36695987266533,2.438166157842867,19.381778018944345,1.692167525359088,0.7710866384528506,0.565208959354772,10.947332071095914,1.764341735657183,0.16758870108472437,28.314637650026135,91.54631855369108,6.86191870247794,25.9877,141.55,5.347123122215271,B,1.1,1.1,55.5506451987811,87.19123310257808,77.14488246717497,73.44617562248287,77.36235718936076,81.57713616809424,141.55,5.347123122215271,B,1.1,1.1,,,,,,,,,,,,,,,,,,,,,
316002,285023_43934,David Alaba,Austria,DF,0,2,0,0,2,0,0.02,0.0,1,0,5,28,9,2,0,0,0,0,0,222,89,1,0,5,80,1,0,,,,40,3,7,30,17,23,0,4,54,441,5.93,297,70,29617.98,,,,,,,Round of 16,0.0,302.0,234.0,1.0,False,,,None,1.0,1.0,29.61798,5.93,302.0,0.02127803712372532,0.1946893112293925,0.022624416743860766,0.5477723308077962,0.06468523285612497,0.11677386773500456,0.24907597411763444,0.4410889811221317,46.54610339817545,1.1807797498805421,0.25443803947281324,94.21744614088583,1.5324631474614743,8.934089830834349,2.2726645891108537,0.5319414711877447,0.16384088585268497,12.405010530983365,1.982290309162416,0.15439343736975092,19.304806529924917,72.2048911756495,6.969400036960823,29.61798,,,None,1.0,1.0,43.577836434906345,66.55997674747773,81.3899064797557,48.92083412118819,71.11532893173798,57.07564697432366,,,None,1.0,1.0,,,,,,,,,,,,,,,,,,,,,
405263,285023_43934,Kevin Danso,Austria,DF,0,1,0,1,0,1,0.06,0.0,0,0,2,23,8,1,2,0,0,0,0,164,90,1,0,1,0,1,100,,,,25,1,2,22,10,15,1,6,28,349,5.48,266,95,25685.71,,,,,,,Round of 16,0.0,284.0,1086.0,0.0,False,,,None,1.0,1.0,25.68571,5.48,284.0,0.02162727117121537,0.01652323517480854,0.030250208368986745,0.37540136692969606,0.06574690436049474,0.30005195416918173,0.07180254028843504,0.44832852531903433,36.79109297716547,0.4747137961479171,0.2586141026051331,79.07856948614518,1.0135308240473166,8.173916599774861,2.1286040892736193,0.3593106771783119,0.529252967981462,7.893213844213529,1.652102438708882,0.3382889695998905,24.15569141354086,67.76777580297413,6.370625675382002,25.68571,,,None,1.0,1.0,43.23888506696325,41.50308082957534,67.02398702992429,41.939801683625774,57.02591893723904,57.25893166073674,,,None,1.0,1.0,,,,,,,,,,,,,,,,,,,,,
463287,285023_43934,Marco Friedl,Austria,DF,0,0,0,0,0,0,0.0,0.0,0,0,0,4,1,0,0,0,0,0,0,31,97,0,0,0,0,0,0,,,,1,0,0,1,0,1,0,1,0,64,1.36,30,12,2757.1,,,,,,,Round of 16,0.0,30.0,613.0,0.0,False,,,None,1.0,1.0,2.7571,1.36,30.0,0.021907536256872022,0.016737357700250227,0.019619513170204304,0.19655441529665577,0.06659891022089096,0.12022855897771367,0.07273302037281511,0.27042662755482827,12.834203937215314,0.2971538217882121,0.07825371950954686,27.7454954653344,0.6592415810417929,4.789318472966772,0.87020628685408,0.180255208321543,0.16868802917791456,2.8515725493394894,1.489800095612325,0.15896108307986337,9.220648330130693,25.290001434836377,2.2409271860207807,2.7571,,,None,1.0,1.0,23.266409678038006,21.45161817441385,38.62795980599474,17.87733080090331,47.18660189851206,18.279969945718765,,,None,1.0,1.0,,,,,,,,,,,,,,,,,,,,,
372243,285023_43934,Philipp Lienhart,Austria,DF,0,1,0,1,0,0,0.1,0.0,0,0,1,11,4,0,0,0,0,0,0,140,91,0,0,3,67,1,100,,,,21,0,1,20,10,11,0,1,18,295,3.03,212,58,20886.37,,,,,,,Round of 16,0.0,207.0,997.0,0.0,False,,,None,1.0,1.0,20.88637,3.03,207.0,0.02325106665756174,0.017763814926377165,0.04032055306450709,0.40358684813825496,0.07068324263898769,0.32258013190330986,0.07719354130310496,0.2870111668209421,34.873923530225134,0.9003123024030005,0.27803108818742156,74.48703447370555,0.8946493759459588,6.447882467400987,1.5085085371277986,0.19130977645841796,0.17903321326322538,6.536060845973864,1.5811655369808284,0.16870973966726793,18.75512673677416,62.32701595840806,5.9131710834507425,20.88637,,,None,1.0,1.0,47.04151584703637,43.10717587240175,73.05125751967851,35.27102199232304,51.112040288742875,45.76946422183081,,,None,1.0,1.0,,,,,,,,,,,,,,,,,,,,,
463288,285023_43934,Phillip Mwene,Austria,DF,0,1,0,1,0,0,0.0,0.0,0,0,3,32,8,1,1,0,0,0,0,64,88,6,0,2,50,0,0,,,,33,10,13,10,5,28,8,21,16,149,3.4,189,76,17929.88,,,,,,,Round of 16,0.0,160.0,916.0,0.0,False,,,None,1.0,1.0,17.92988,3.4,160.0,0.024284778153958173,0.018553570509624046,0.021748475923558778,0.42152978257903845,0.07382572558803285,0.3369216154906481,0.08062546347114115,1.5216518194228137,20.947218556529716,0.73669223684374,0.0867452275659386,48.06620301281057,1.3417178031540866,11.011128557924568,2.390161832086239,0.4034619076324935,0.39063954476720364,6.419351911339422,3.687929583399029,1.8053843741389255,23.254596278197795,60.41411686561529,5.573983215746289,17.92988,,,None,1.0,1.0,49.78925881960963,61.85964152889186,58.669977321037436,47.95393286904704,52.4937065261323,49.41206435204422,,,None,1.0,1.0,,,,,,,,,,,,,,,,,,,,,
441067,285023_43934,Stefan Posch,Austria,DF,0,3,0,3,0,1,0.4,0.0,0,0,10,103,29,7,3,2,0,0,0,132,74,2,0,11,36,0,0,,,,96,30,47,19,13,83,4,26,88,274,6.43,479,164,39797.88,,,,,,,Round of 16,0.0,370.0,1202.0,0.0,False,,,None,1.0,1.0,39.79788,6.43,370.0,0.020070453615693144,0.01533382656238956,0.08529684100822985,0.6849912016011966,0.06101417899170717,0.6150657412041216,0.06663390600410124,0.5843624072729146,28.756919179960313,2.1236056359676527,0.07169166031525591,60.763200199293316,2.2870237294074305,21.05003447536468,5.509812288192938,1.3432842397927178,0.6594615846020349,17.423410549428212,6.414062045293573,0.8188566671170664,34.030007157907356,98.73883553300577,8.287210556598884,39.79788,,,None,1.0,1.0,58.722822407652394,60.76571717605604,69.40569439004453,78.64273329565651,68.53871398961945,91.14321354298805,,,None,1.0,1.0,,,,,,,,,,,,,,,,,,,,,
299200,285023_43934,Marko Arnautovic,Austria,FW,3,3,67,3,0,0,1.31,1.53,0,0,5,35,1,3,1,1,0,0,5,32,78,1,0,0,0,0,0,,,,25,17,8,0,19,6,5,25,30,75,5.44,156,57,15762.88,36.0,357.0,329.0,6.069469928741455,4.315974235534668,4.984841346740723,Round of 16,2.0,173.0,38.0,0.0,True,157.39999999999998,5.5352884292602536,C,1.0,1.0,15.76288,5.44,173.0,0.42658630062766145,0.01833896490719127,0.28518840046880667,0.8192364480442844,0.6768454273250977,0.7356069274465691,0.07969288415166886,0.4975951141368325,14.263607367085514,0.3255886387449507,0.08574186210534976,32.6146808985756,1.7287808297356742,11.487638569135719,0.953476817693608,0.8013775607524645,0.38612109184757043,9.163177434247089,5.054310476588407,1.1806282085044961,19.16108182092778,53.07270840001667,5.0733119657809205,15.76288,157.39999999999998,5.5352884292602536,C,1.0,1.0,95.46014182503951,47.6055606684476,45.51286866387746,46.065813474639015,51.89276739974014,44.73916803288271,157.39999999999998,5.5352884292602536,C,1.0,1.0,91.2280701754386,76.90364489354026,59.500363812757705,43.67594378616699,39.94367433524744,44.960144722709025,S,A,B,C,C,C,69.91862559141528,A,65.55161344821761,45.20754716981131,156.0,5.568731784820557,BL-B,1.05,81.25377991532433
401131,285023_43934,Michael Gregoritsch,Austria,FW,0,1,0,1,0,1,0.18,0.0,0,0,9,110,3,1,1,0,0,0,2,29,69,0,0,2,0,0,0,,,,35,23,12,0,25,10,1,21,25,62,4.45,213,86,20132.08,,,,,,,Round of 16,0.0,207.0,208.0,1.0,False,,,None,1.0,1.0,20.132080000000002,4.45,207.0,0.02325106665756174,0.21274209301298821,0.055918815311435964,0.40358684813825496,0.07068324263898769,0.32258013190330986,0.07719354130310496,0.2870111668209421,13.231334662611308,0.7053340243163894,0.08305281010081052,29.057095679525183,2.454475600638847,25.750731997975485,1.3135302590411875,0.38628805454502896,0.37401149134983647,7.900908792580141,6.065665932972882,0.363688017753879,24.21451852319927,62.52199423649468,5.766100918072793,20.132080000000002,,,None,1.0,1.0,52.44787165101127,58.24911343048244,44.68805870130846,65.40528784959267,43.49773210100374,52.1776545422463,,,None,1.0,1.0,20.940649496080628,38.27043248684686,40.41232112539412,48.85219492549335,56.65849822610731,71.94113102304634,E,C,C,C,B,B,29.458482663468054,D,36.63011859476393,55.397662159064865,,,None,1.0,33.171309153677534
463286,285023_43934,Patrick Wimmer,Austria,FW,0,1,0,1,0,1,0.12,0.0,0,0,4,15,6,3,1,0,0,0,0,13,54,0,0,2,100,0,0,,,,17,10,6,1,4,13,0,11,14,32,3.34,54,23,4379.3,,,,,,,Round of 16,0.0,39.0,643.0,0.0,False,,,None,1.0,1.0,4.3793,3.34,39.0,0.02323575299028264,0.017752115284575935,0.044190994277078996,0.40332103690466153,0.07063668909045924,0.32236767348651685,0.07714269992773835,0.2868221349120489,10.105022435447337,0.7048694757118851,0.08299810968128958,23.192462200711407,1.478609723286968,7.223035193555274,1.897214722158571,0.7757333588315827,0.37376515910102204,5.752356607288989,3.5286227571096376,0.16859862369749082,11.92302905741237,31.4996879557946,2.692876241788362,4.3793,,,None,1.0,1.0,47.099628030331715,37.360040329883795,29.392247656775933,36.20647737966482,31.75208950524027,24.465122703358634,,,None,1.0,1.0,54.740574841358715,59.16351687591407,44.58889158379821,52.07410390656463,33.72901503236896,41.73403433395519,B,B,C,B,D,C,48.82753592643081,B,48.91726339401259,72.76115539910964,,,None,1.0,54.33704410820983
430100,285023_43934,Sasa Kalajdzic,Austria,FW,1,3,33,2,1,2,0.39,2.58,0,0,8,40,2,2,2,0,0,0,0,24,67,1,0,2,0,1,0,,,,17,9,8,0,13,4,0,28,17,61,4.82,137,62,9643.92,,,,,,,Round of 16,1.0,88.0,91.0,0.0,False,,,None,1.0,1.0,9.64392,4.82,88.0,0.23741369050138436,0.01932541594714839,0.10537950328276548,0.8633030924941665,0.28901558648591674,0.5630565051174986,0.08397955621012128,0.5243607042506663,13.333896195673757,0.7673393051033236,0.3024725515171771,31.399360228078248,2.458127703467099,13.166150685873058,1.2168828812979848,0.6323649340378998,0.6190091491948444,6.898521443030211,3.629232170723904,0.1835408614038072,21.25234766253942,51.89722971165952,4.048259401145134,9.64392,,,None,1.0,1.0,83.21660389151529,62.972574529602554,46.80141053197544,57.463459712622,46.65889000464049,44.76188559650707,,,None,1.0,1.0,76.11048898842851,73.37081426047978,50.95561484356052,43.955741145049494,46.582056252514526,60.446228352836975,A,A,C,C,C,B,62.85931238370116,A,60.72828216851731,62.383752004275784,,,None,1.0,69.67041417042843
371739,285023_43934,Alexander Schlager,Austria,GK,0,0,0,0,0,0,0.0,0.0,0,0,0,0,0,0,1,0,0,0,0,123,86,0,0,0,0,0,0,15.0,85.0,74.0,64,0,0,64,48,16,0,0,2,247,3.4,81,20,23367.49,,,,,,,Round of 16,0.0,412.0,1248.0,0.0,False,,,None,1.0,1.0,23.36749,3.4,412.0,,,,,,,,,,,,,,,,,,,,,,,,,,,,,,,,,,,,,,,,,,,,,,,,,,,,,,,,,,,,,
463282,285023_43934,Alexander Prass,Austria,MF,0,0,0,0,0,0,0.0,0.0,0,0,0,5,0,0,0,0,0,0,0,25,88,3,0,3,33,0,0,,,,21,11,7,3,7,14,1,8,8,54,3.55,61,28,4686.43,,,,,,,Round of 16,0.0,41.0,648.0,0.0,False,,,None,1.0,1.0,4.6864300000000005,3.55,41.0,0.023460366396948682,0.01792371992726879,0.02101016573045136,0.21048640731342358,0.07131951384672401,0.12875049078645437,0.07788841643786963,0.8797950203741047,12.563505839723469,0.9084166673783822,0.0838004287699007,27.744792349825037,0.7059693456169797,5.32552402576637,0.7351540414147839,0.19303189471409374,0.18064482125650486,4.627562485212883,3.7594663675487228,0.3669618377663164,13.021952679608374,33.18132040255226,2.7793302445283787,4.6864300000000005,,,None,1.0,1.0,35.793521033286844,53.78581848737263,45.21009984601408,23.054256139430894,38.09561331628068,25.39503358985223,,,None,1.0,1.0,,,,,,,,,,,,,,,,,,,,,
463800,285023_43934,Carney Chukwuemeka,Austria,MF,1,2,0,2,0,0,0.56,0.0,0,0,7,51,4,2,2,0,0,0,0,30,83,0,0,0,0,0,0,,,,39,11,17,11,24,15,1,18,27,77,4.93,160,58,11569.81,,,,,,,Round of 16,0.0,108.0,834.0,0.0,False,,,None,1.0,1.0,11.56981,4.93,108.0,0.025191895452521887,0.019246608125726723,0.1408628906483416,0.6485289601317445,0.2878369992415256,0.5607603963751583,0.08363709290237267,0.31096875746593017,14.547043234461794,0.34170286991800686,0.08998545055640818,34.651373820158,2.2368499774183026,15.436249965547947,1.634427784163662,0.6297861899150682,0.6164848691161366,8.982926080460254,4.036939666077749,0.3940460304693579,20.320667387444487,56.54442975056508,4.438602122967578,11.56981,,,None,1.0,1.0,78.86800948987089,50.95984230994326,50.03449471147988,59.972486389283155,55.195169708375424,46.71634538299596,,,None,1.0,1.0,,,,,,,,,,,,,,,,,,,,,
385248,285023_43934,Florian Grillitsch,Austria,MF,0,0,0,0,0,0,0.0,0.0,0,0,0,49,11,3,1,0,0,0,0,60,92,1,0,5,80,0,0,,,,31,2,10,19,22,9,0,3,16,133,3.44,142,41,11799.4,,,,,,,Round of 16,0.0,102.0,816.0,0.0,False,,,None,1.0,1.0,11.7994,3.44,102.0,0.025247188058748427,0.019288851676883795,0.022610371737892734,0.22651777126309086,0.07675145169859522,0.13855656806641137,0.08382066435504477,0.5233685979716196,20.93049117029844,1.4010394017010086,0.09018295574584936,46.58359790816918,0.7597383830638577,15.04669570855571,3.1200362793276595,0.842885789070669,0.4061206566267919,6.673751923669794,2.1403443938959863,0.18319359655427855,16.76607409924636,52.85762512952041,4.496952396456915,11.7994,,,None,1.0,1.0,53.01942924115537,68.32332513821412,68.12852422842064,50.5034674990354,70.0952281782413,45.958308921461004,,,None,1.0,1.0,,,,,,,,,,,,,,,,,,,,,
385259,285023_43934,Konrad Laimer,Austria,MF,0,1,0,0,1,0,0.01,0.0,0,0,19,149,32,6,3,1,0,0,3,150,87,7,14,8,63,0,0,,,,167,57,78,32,76,91,10,42,113,336,6.21,442,194,42644.73,,,,,,,Round of 16,0.0,412.0,255.0,1.0,False,,,None,1.0,1.0,42.64473,6.21,412.0,0.019407028725266996,0.17757000016314298,0.0190075889473705,0.33686289194013447,0.05899736732481167,0.10650577364426529,0.06443133536788644,1.3787615741039687,30.73573942543095,1.5651811793658332,0.0693219066066537,68.84475246039516,3.6761138825244757,27.840409122581427,5.815915619080214,1.1361392136537307,0.6376632118356729,20.916058901521055,10.596108303804279,1.768247702600927,37.78744288165957,89.45355065779167,8.476583439788357,42.64473,,,None,1.0,1.0,53.284081421848484,83.32666961544585,82.7661233331981,91.73594507463247,85.09802179507084,92.3871142328517,,,None,1.0,1.0,,,,,,,,,,,,,,,,,,,,,
358241,285023_43934,Marcel Sabitzer,Austria,MF,2,5,20,1,4,0,0.46,2.19,9,0,26,137,10,2,3,1,0,0,1,126,75,30,33,16,69,1,100,,,,121,47,66,8,48,73,7,80,76,324,6.03,488,233,41363.96,98.0,351.0,88.0,5.3412275314331055,4.5325117111206055,6.158299922943115,Round of 16,1.0,412.0,159.0,0.0,True,133.45,5.424188256263733,B,1.1,1.1,41.36396,6.03,412.0,0.18215005894230596,0.014826969946103986,0.09224195254503804,0.9878350128082904,0.38448342775888966,0.2692488038613043,1.529118607321237,5.121851269095865,26.82990670022202,2.867125421102145,0.23206493682369267,66.89183609779069,4.815315094043748,25.887492759976954,2.2355689543053563,0.48516709278557474,0.6376632118356729,14.894566783490616,8.968678001633888,1.28001861194981,44.13442106012409,96.93973004777546,8.26814704897728,41.36396,133.45,5.424188256263733,B,1.1,1.1,88.65728216092444,80.29955297191138,84.7184757225191,95.16262924679489,76.71445219696267,103.85737281649313,133.45,5.424188256263733,B,1.1,1.1,,,,,,,,,,,,,,,,,,,,,
441088,285023_43934,Nicolas Seiwald,Austria,MF,0,3,0,2,1,0,0.05,0.0,0,0,16,64,19,1,1,0,0,0,0,153,92,3,33,2,100,1,100,,,,138,14,45,79,96,42,1,10,57,339,6.65,491,132,39640.15,,,,,,,Round of 16,0.0,361.0,1200.0,0.0,False,,,None,1.0,1.0,39.64015,6.65,361.0,0.020220468643704734,0.015448438043790416,0.02658686072898778,0.6901111144972135,0.06147022467686239,0.4500986451339145,0.06713195589709972,0.7582945347637857,32.53271200085654,0.613399149900474,0.24179187060394478,72.23905314275264,3.3215040481644666,14.59436139578014,3.8553513809831297,0.33593837260903403,0.325261965165158,12.297145407231175,3.7489737421673377,0.316284077087353,28.858302360172242,101.51162347762214,8.322407274561035,39.64015,,,None,1.0,1.0,50.517036873315305,54.23507129487576,76.24117944458779,74.18751557894251,71.55200842541399,86.8082463319611,,,None,1.0,1.0,,,,,,,,,,,,,,,,,,,,,
520036,285023_43934,Paul Wanner,Austria,MF,0,1,0,1,0,1,0.08,0.0,0,0,18,146,20,4,1,0,0,0,0,80,85,1,0,4,75,1,100,,,,100,31,40,29,76,24,3,23,63,191,6.64,392,115,30227.02,152.0,229.0,87.0,4.892434120178223,5.320657253265381,6.158866882324219,Round of 16,0.0,270.0,1074.0,0.0,True,147.3,5.273275780677796,B,1.1,1.1,30.22702,6.64,270.0,0.021907536256872022,0.016737357700250224,0.034316451626903374,0.38026614600539416,0.06659891022089096,0.30394028968645204,0.07273302037281512,0.45413835826356663,21.836078741943496,1.0320007446231656,0.2619654502182852,51.076885265344174,3.9660527337990836,30.87638423360762,4.360729170320108,0.9151021311564964,0.35239975988665295,14.425411583990005,7.184863747583215,0.7100962752060784,28.142956593130748,91.79364795139966,7.287473731651367,30.22702,147.3,5.273275780677796,B,1.1,1.1,62.60322221437987,65.56729795846769,74.73560713639492,97.73639890616275,82.17206323528198,84.97143684884664,147.3,5.273275780677796,B,1.1,1.1,,,,,,,,,,,,,,,,,,,,,
463283,285023_43934,Romano Schmid,Austria,MF,1,2,50,0,2,0,0.12,8.48,0,0,14,142,18,3,4,0,0,0,0,91,71,4,50,5,40,1,100,,,,131,45,71,15,81,50,6,46,76,220,6.71,439,161,31408.46,75.0,352.0,215.0,5.577136993408203,4.531900405883789,5.564599514007568,Round of 16,1.0,283.0,132.0,0.0,True,151.55,5.417217135429381,C,1.0,1.0,31.408459999999998,6.71,283.0,0.20317431826818522,0.016538339478312833,0.041169497466789946,0.557271807796576,0.24733428232022472,0.11879896211646708,0.07186817679057408,0.9933201848620633,23.573233411761144,1.201256852194684,0.2588505082396782,55.73383844744061,3.1927846427768576,29.783134552733994,3.9458226702969417,0.7226936862085078,0.8927913255200675,16.613738528046127,9.640812857878686,1.2462345933587986,36.15857302300518,99.23394295820054,7.415284448851568,31.408459999999998,151.55,5.417217135429381,C,1.0,1.0,70.69858536615993,68.16488050785257,70.32430143536027,89.40149646287705,68.54634087927711,87.42752736210781,151.55,5.417217135429381,C,1.0,1.0,,,,,,,,,,,,,,,,,,,,,
385531,285023_43934,Xaver Schlager,Austria,MF,0,1,0,0,1,0,0.02,0.0,0,0,3,76,24,6,0,0,0,0,0,138,94,1,0,1,100,0,0,,,,112,2,48,62,92,20,0,8,61,301,6.62,371,91,28614.03,,,,,,,Round of 16,0.0,265.0,218.0,1.0,False,,,None,1.0,1.0,28.61403,6.62,265.0,0.022009427282488944,0.20138136865093326,0.02340208602124803,0.38203474778560254,0.0669086589387664,0.12078773692629934,0.07307129857786329,0.45625053658215525,32.64247506168979,0.4831020378667918,0.07861767425305051,71.6167199836828,1.2160061844059926,18.100357357765287,5.119275402294756,1.2884905649229894,0.16947259007516488,14.123371231431705,1.8658614253326018,0.1597004043617398,23.84426030633708,88.34468683972425,7.023664083677588,28.61403,,,None,1.0,1.0,49.694680443837036,58.6569688470185,73.81917867425675,58.62921836362869,95.29771738227727,68.25605924075553,,,None,1.0,1.0,,,,,,,,,,,,,,,,,,,,,
448346,285023_43935,Arthur Theate,Belgium,DF,1,5,0,3,2,2,0.25,0.0,0,0,3,10,6,1,0,0,0,0,0,164,93,0,0,0,0,0,0,,,,22,0,0,22,8,14,0,3,40,353,4.72,249,82,27207.18,,,,,,,Round of 16,0.0,268.0,1068.0,0.0,False,,,None,1.0,1.0,27.20718,4.72,268.0,0.021948180754675136,0.016768410096571804,0.06566905436545803,1.1171819099069686,0.250775035929417,0.6726093152872711,0.07286796010552146,0.2709283432357098,37.33700624698408,0.29770512375641356,0.07839890165569958,80.98816268094312,1.2126223545752983,5.902519372981282,1.7920835907397277,0.36464219768467165,0.16900099181099854,10.21896565715972,1.4925640840409282,0.15925599955592276,22.12143481617904,65.64443338402478,6.745184695084363,27.20718,,,None,1.0,1.0,55.077407624140825,38.59721253529636,67.06791420265357,39.98026690953095,69.07239988262295,56.50084626176404,,,None,1.0,1.0,,,,,,,,,,,,,,,,,,,,,
448360,285023_43935,Brandon Mechele,Belgium,DF,1,5,0,5,0,4,0.39,0.0,0,0,11,28,6,7,1,1,0,0,0,328,94,0,0,3,67,2,100,,,,54,5,5,44,26,28,1,9,66,700,6.32,564,162,47071.21,291.0,14.0,205.0,4.503785133361816,6.997425556182861,5.624760150909424,Round of 16,0.0,448.0,1273.0,0.0,True,227.95,5.158074951171875,C,1.0,1.0,47.07121,6.32,448.0,0.018882995478312996,0.014426608545431128,0.078666810935925,0.9611612547310012,0.2157529101139869,0.8953728984845587,0.06269154498799916,0.2330916961842956,58.091857100542974,0.7311747622475837,0.38414726756836476,124.62468173804977,2.3100617423924636,7.928474647239973,1.5418091694679081,1.263809513814967,0.3037476690429255,12.908894078193548,2.075862243806774,0.29536361905055447,31.699941957190813,106.35663408670472,8.948623627543729,47.07121,227.95,5.158074951171875,C,1.0,1.0,56.98654349302152,48.16988583856306,84.24054879424247,55.8197983653187,92.87565997825303,93.10249059526254,227.95,5.158074951171875,C,1.0,1.0,,,,,,,,,,,,,,,,,,,,,
448373,285023_43935,Maxim De Cuyper,Belgium,DF,6,9,0,4,5,0,1.0,0.0,2,0,10,39,10,5,1,1,0,0,0,173,86,12,17,6,67,0,0,,,,101,39,35,27,34,67,7,33,56,391,6.62,443,167,36148.19,,,,,,,Round of 16,0.0,326.0,1184.0,0.0,False,,,None,1.0,1.0,36.14819,6.62,326.0,0.020831935739452717,0.01591559890494187,0.19334823216282152,1.7591319815823452,1.1114809873999199,0.8130935985061054,0.41854599423897754,2.3534532202717715,37.01034108704541,1.33071627912192,0.0744116744613251,83.50754570983761,2.373794448191584,10.668395379059886,2.3997093762514625,1.0448650862242033,0.3350978889857832,12.494319175941968,8.229642325913636,1.3740004122694496,35.845197033180675,96.19612037189043,7.964059501842294,36.14819,,,None,1.0,1.0,69.24839295105122,68.71591036147163,81.9117315666255,65.16011223787434,74.86921378702898,89.55230193105945,,,None,1.0,1.0,,,,,,,,,,,,,,,,,,,,,
514166,285023_43935,Nathan Ngoy,Belgium,DF,0,1,0,1,0,0,0.02,0.0,0,0,2,15,9,4,1,0,1,0,0,144,97,0,0,2,50,3,100,,,,9,0,0,9,7,2,0,0,21,316,3.87,165,55,16948.34,,,,,,,Round of 16,0.0,173.0,941.0,0.0,False,,,None,1.0,1.0,16.94834,3.87,173.0,0.02400388076857496,0.01833896490719127,0.02552273965969585,0.4166540281851978,0.07297179753646789,0.3330245075874826,0.07969288415166886,0.29630390420728925,36.80822287919436,0.7281710586040372,0.6896154918939795,81.12586249159553,1.1249071999470444,7.461814370544853,2.5638064971299537,1.0026687706820077,0.38612109184757043,7.351556544881199,1.6323599077861715,0.1741721588567799,18.758499401068693,54.884329289382556,5.311934643503997,16.94834,,,None,1.0,1.0,48.792836965920515,48.344146919361414,76.02269955917095,45.120685485892835,80.88811235360605,46.5301479657114,,,None,1.0,1.0,,,,,,,,,,,,,,,,,,,,,
358122,285023_43935,Thomas Meunier,Belgium,DF,1,2,0,1,1,0,0.11,0.0,0,0,17,48,9,9,0,0,0,0,0,116,84,8,38,8,38,2,50,,,,84,38,22,24,29,55,5,23,34,243,5.36,363,157,27147.57,132.0,58.0,71.0,4.96540117263794,6.329032897949219,6.249011516571045,Round of 16,0.0,226.0,213.0,1.0,True,105.65,5.490848517417908,B,1.1,1.1,27.147569999999998,5.36,226.0,0.022833963093223622,0.20892568808897538,0.04151204341920011,0.5878273974439073,0.2608957880891523,0.3167933297413637,0.0758087574695024,1.8137067627087726,29.652783230114633,1.8415641976825052,0.4645239967404999,63.19381488316771,3.9422888022590783,13.416993151305205,2.438849930061028,1.9112027109028167,0.17582151581782188,9.482498341781945,8.829061357050175,1.1230859376331932,37.37524984509894,90.12248601940469,7.00599198475874,27.147569999999998,105.65,5.490848517417908,B,1.1,1.1,72.97344388103949,100.61320509114881,84.32218172908976,77.5276714219359,80.51429775079922,90.92027177895417,105.65,5.490848517417908,B,1.1,1.1,,,,,,,,,,,,,,,,,,,,,
411443,285023_43935,Timothy Castagne,Belgium,DF,0,2,0,2,0,1,0.09,0.0,0,0,20,74,17,5,0,1,0,0,0,179,92,15,27,2,100,1,0,,,,118,59,22,37,40,78,8,16,70,399,7.4,541,217,41305.11,288.0,49.0,107.0,4.512385368347168,6.395937919616699,6.025735378265381,Round of 16,0.0,343.0,1190.0,0.0,True,206.89999999999998,5.173255753517151,C,1.0,1.0,41.30511,7.4,343.0,0.020529261250383013,0.015684355595292618,0.03387902925628207,0.5284961775137489,0.06240895420116436,0.4569722313174145,0.0681571473512716,2.8357205426895717,37.505527818220294,0.6227665451755076,0.24548434397402438,83.67146591871436,4.060842985299652,16.53877432441745,3.5699199179321592,1.0296838755064326,0.1580753116279492,14.722938356530792,11.553147426542766,1.5261909019340292,43.93208075296908,111.66952788723782,8.736130384378392,41.30511,206.89999999999998,5.173255753517151,C,1.0,1.0,59.502264871307574,64.429625679978,81.93153457463224,76.39596832389553,91.01002116704517,97.7204051735117,206.89999999999998,5.173255753517151,C,1.0,1.0,,,,,,,,,,,,,,,,,,,,,
448362,285023_43935,Charles De Ketelaere,Belgium,FW,1,1,0,1,0,0,0.29,0.0,0,0,14,74,9,2,2,0,0,0,0,60,82,4,0,9,67,1,0,,,,118,74,41,3,85,33,8,44,56,147,4.82,241,119,22534.54,198.0,81.0,56.0,4.733177185058594,6.1466064453125,6.34481143951416,Round of 16,0.0,210.0,1006.0,0.0,True,144.95000000000002,5.348100137710571,B,1.1,1.1,22.53454,4.82,210.0,0.023184757109525684,0.01771315443167762,0.07714578515315519,0.40243586173890017,0.26490388256519387,0.3216601679693127,0.07697339360362525,1.0638815255689282,19.22068916495794,2.064278034003728,0.27723817334746154,45.50011674045363,3.419586804271148,18.678093718239587,2.4763175373542192,0.5796086234016489,0.5673670716478194,13.905465097729506,15.963900572941634,1.7236063652046045,30.561394605212758,67.78751040213925,6.2167482257154925,22.53454,144.95000000000002,5.348100137710571,B,1.1,1.1,73.0825299682103,75.17951832989297,75.80934336376868,85.3964073886456,73.66950420298558,71.71659434956229,144.95000000000002,5.348100137710571,B,1.1,1.1,34.54180664427026,29.4362665957568,90.54256609265101,35.39902918795176,81.33425990271023,85.76836828914392,D,E,A,E,B,A,34.82166115460168,C,53.51363846509477,53.656193490054235,143.7,5.358010387420655,BL-B,1.05,40.98357730203231
448377,285023_43935,Dodi Lukebakio,Belgium,FW,1,5,0,3,2,0,0.21,0.0,0,0,4,30,0,0,1,0,0,0,0,38,74,3,33,3,67,0,0,,,,69,32,21,16,25,44,1,18,16,98,3.11,135,63,12292.4,,,,,,,Round of 16,0.0,121.0,856.0,0.0,False,,,None,1.0,1.0,12.292399999999999,3.11,121.0,0.025022136428390917,0.019116912231290657,0.06647314037869187,1.2736489861041451,0.28589737035603274,0.7668117115601824,0.08307349294225783,0.9383634789132304,16.12765660405984,0.9688904853558674,0.08937907132221234,38.824302398493245,1.592286431858037,10.925799101486891,0.7840936671200576,0.20588213853280043,0.40250052611233444,6.6142625758846645,8.416167785315475,0.3913906975381288,21.232884176221106,50.91764550667838,4.560313111395133,12.292399999999999,,,None,1.0,1.0,73.13275273168499,70.28902498362518,49.05451875445088,43.515408439834296,41.404563089778996,43.50580456905849,,,None,1.0,1.0,45.14744307577455,46.05785485004464,40.485083676934266,52.44504737478009,44.5887129219853,33.68760246480864,C,C,C,B,C,D,40.69545983230064,C,60.67025525264803,57.79330792037272,,,None,1.0,45.450633146266966
448341,285023_43935,Jeremy Doku,Belgium,FW,1,3,0,3,0,0,0.14,0.0,0,0,9,72,13,1,10,0,0,0,0,61,84,8,38,11,73,0,0,,,,124,42,61,21,51,73,3,63,52,177,4.63,275,95,21630.17,106.0,335.0,9.0,5.278663158416748,4.7487406730651855,7.0913615226745605,Round of 16,0.0,212.0,1009.0,0.0,True,116.1,5.652349376678466,B,1.1,1.1,21.63017,4.63,212.0,0.02314062823849898,0.01767943997421322,0.04789112427174117,0.7897742146944778,0.26439967589125857,0.7091522659115473,0.0768268857518166,1.8380652433458045,19.378157496668614,2.4484533079354383,0.08265832406791837,51.23507875361187,2.442817279368906,18.254438304683443,3.2478128850824852,0.3844532551925912,2.118704497898659,13.102789368439508,9.723846256672193,0.7500648966372137,25.845973374052743,74.25626021150555,6.029420576709988,21.63017,116.1,5.652349376678466,B,1.1,1.1,69.88777431546028,81.44830575910478,79.14081787340513,84.79116018564359,72.03723473669817,69.45569567923441,116.1,5.652349376678466,B,1.1,1.1,29.89175065322883,26.302303937396722,85.04390007276258,50.84617504292346,73.04634066054643,85.31234100288314,D,E,A,C,B,A,32.46636782701503,D,55.113697596723775,48.413645787522775,99.8,5.769480419158935,BL-B,1.05,38.28111738740329
448355,285023_43935,Leandro Trossard,Belgium,FW,4,13,15,8,5,0,1.53,1.31,0,0,19,119,8,3,7,0,0,0,1,164,87,8,50,9,56,3,67,,,,161,61,73,27,84,77,8,76,73,406,6.72,579,194,44881.63,45.0,192.0,27.0,5.911190509796143,5.435470104217529,6.809418678283691,Round of 16,2.0,401.0,35.0,1.0,True,62.55,6.064389491081238,B,1.1,1.1,44.881629999999994,6.72,401.0,0.3478806681619755,0.17910817074602584,0.26868444127643915,2.3096140863709245,0.71611948076198,1.4206504793053898,0.06498946109063065,1.5548576314853184,33.30012135944423,1.7428920655618645,0.5623806900079593,80.93180219918689,3.707957607411739,23.156989095418467,1.9266286691459378,0.6535225366459039,1.2997979218743385,14.531130196223197,11.344506387597786,1.4552593248500383,38.11477031866771,112.71735591299729,8.917203752750984,44.881629999999994,62.55,6.064389491081238,B,1.1,1.1,105.65193688661478,96.59907405396766,98.65521669465595,92.34608098069194,93.71645295366467,107.01677379615536,62.55,6.064389491081238,B,1.1,1.1,97.18924972004478,98.17451423578795,96.4200824642251,86.18224982512666,106.98255367396952,93.89394538979026,S,S,S,S,S,S,87.78475082302333,S,59.89167782889756,49.11583659764968,54.300000000000004,6.133086919784546,BL-A,1.2,116.28953636930376
494025,285023_43935,Matias Fernandez Pardo,Belgium,FW,0,3,0,2,1,0,0.25,0.0,0,0,2,25,4,0,0,0,0,0,0,15,87,3,0,3,67,0,0,,,,21,15,5,1,8,13,2,18,9,43,5.86,83,52,7102.68,,,,,,,Round of 16,0.0,57.0,698.0,0.0,False,,,None,1.0,1.0,7.10268,5.86,57.0,0.024650983494114945,0.01883335138950382,0.07375585217431856,0.841321632665147,0.07493898982210943,0.5487199365863346,0.08184126520046162,0.9244447490073027,11.13392894090794,0.9545189488701228,0.08805331304097859,26.878950338305717,1.1552327344755389,9.73014855685574,1.5993338971128492,0.20282829218957776,0.1898125729046851,5.069129641795821,4.777130525313532,0.5923028754039298,18.644042792261683,39.41306609767205,3.4198632385144996,7.10268,,,None,1.0,1.0,66.83167397743908,63.10843907774125,46.06735174126216,38.98582686301681,43.36155183254441,36.91809244867541,,,None,1.0,1.0,58.54796565882792,65.39345476647227,35.15886490419597,67.6961231108379,35.810687246260194,34.610963498973,B,A,D,A,D,D,52.983651919066986,B,46.570746499774174,46.669561441597914,,,None,1.0,58.87868320363429
358112,285023_43935,Romelu Lukaku,Belgium,FW,2,5,40,5,0,2,0.69,2.88,0,0,1,42,1,1,0,1,0,0,1,36,81,0,0,2,100,0,0,,,,114,72,39,3,97,17,1,43,38,93,5.39,169,58,17718.9,30.0,319.0,168.0,6.123781681060791,4.870811939239502,5.763584136962891,Round of 16,2.0,215.0,25.0,1.0,True,107.85,5.845786833763122,B,1.1,1.1,17.7189,5.39,215.0,0.4100709383038431,0.21112715467566695,0.15417840697980031,1.174515939356881,0.45714305371460295,1.0941241500965442,0.07660756037437375,0.2848324473678522,14.485382087607936,0.6999797902748165,0.08242235110158525,34.83496524056442,0.8878580374044721,12.397379959122949,0.9165627979784843,0.3833557181197409,0.1776741611092403,10.35640892459738,15.501032201294212,0.36092723960049655,18.6127554140163,53.53346574324071,5.255384138291857,17.7189,107.85,5.845786833763122,B,1.1,1.1,98.32334663905422,63.463171433012725,55.83667812040784,44.88060184834214,55.944647051071705,49.45950604135,107.85,5.845786833763122,B,1.1,1.1,93.7812616648003,96.08520579688124,67.9476109628911,57.58462810267715,41.926410884751824,45.8535436335199,A,S,B,B,C,C,78.61554649520806,A,59.432640672425876,48.51381628080657,100.30000000000001,5.890425443649292,BL-B,1.05,91.23261348476412
358106,285023_43935,Thibaut Courtois,Belgium,GK,0,0,0,0,0,0,0.0,0.0,0,0,0,0,0,0,0,0,0,0,0,125,77,0,0,3,0,0,0,12.0,79.0,65.0,26,0,0,26,20,6,0,0,2,241,2.76,41,10,20673.97,,,,,,,Round of 16,0.0,448.0,1273.0,0.0,False,,,None,1.0,1.0,20.67397,2.76,448.0,,,,,,,,,,,,,,,,,,,,,,,,,,,,,,,,,,,,,,,,,,,,,,,,,,,,,,,,,,,,,
433092,285023_43935,Alexis Saelemaekers,Belgium,MF,1,4,25,3,1,0,0.14,7.01,1,0,3,15,1,0,2,0,0,0,2,38,79,1,100,2,100,0,0,,,,64,20,31,13,32,32,1,27,16,95,3.44,101,45,9893.21,,,,,,,Round of 16,1.0,89.0,92.0,0.0,False,,,None,1.0,1.0,9.89321,3.44,89.0,0.23742497316145866,0.01932633435290025,0.05235233025265306,1.0754728434346046,0.2890293214336007,0.775211987377067,0.2961122711964438,0.5243856235532133,16.304332001307568,0.7673757715283342,0.09035820197455459,38.61322904267661,1.3976009015377449,7.863558283372733,1.0048119874671941,0.20813753803097285,0.6190385664950789,6.686720558887665,5.962820607570306,0.39567830786269426,17.647169334123394,44.26306197017106,4.101333357024688,9.89321,,,None,1.0,1.0,80.57078836064305,73.16530637507226,49.999163980030296,42.58890215374146,44.338332398294014,40.82534009845603,,,None,1.0,1.0,,,,,,,,,,,,,,,,,,,,,
448364,285023_43935,Amadou Onana,Belgium,MF,0,2,0,0,2,0,0.07,0.0,0,0,15,21,6,1,3,0,0,0,0,52,87,0,0,1,100,0,0,,,,39,2,16,21,31,8,0,6,20,116,4.71,123,36,11340.6,,,,,,,Round of 16,0.0,107.0,833.0,0.0,False,,,None,1.0,1.0,11.3406,4.71,107.0,0.02520227931382898,0.01925454139576534,0.03736400322964057,0.6487962776421848,0.07661492911404011,0.13831010887429343,0.08367156732191221,0.3110969358499049,19.202535092274626,0.5531844304320319,0.09002254170899712,42.90794462803154,3.928497696400576,9.102391227373325,2.057782907493679,0.4187050680134405,0.82807969217425,7.507243760990348,2.1365372300961374,0.18286773870114306,15.679547670540071,48.74813041899678,4.391990267814811,11.3406,,,None,1.0,1.0,57.73616065661089,52.56261357964781,52.94458962853121,66.0783782960027,53.382210191114744,42.49224074680548,,,None,1.0,1.0,,,,,,,,,,,,,,,,,,,,,
497902,285023_43935,Diego Moreira,Belgium,MF,0,0,0,0,0,0,0.0,0.0,0,0,5,36,2,2,1,0,0,0,1,15,67,4,25,3,67,2,50,,,,47,12,21,14,20,27,1,11,5,41,1.57,109,55,8031.47,,,,,,,Round of 16,0.0,76.0,748.0,0.0,False,,,None,1.0,1.0,8.03147,1.57,76.0,0.02520651852468788,0.019257780152861538,0.02257394972996947,0.22615288420349966,0.07662781631505115,0.1383333736634871,0.08368564150196375,1.1566543162666332,11.384843374243259,0.9760300059672807,0.5127902099691282,27.061942346047346,1.8153958699422652,12.27456626078201,1.2126239902885625,0.6301517602200748,0.4054664555395682,4.33786259174483,4.2506592405465335,0.3942747613146067,19.698334082187472,45.797062536575204,3.6932575004010944,8.03147,,,None,1.0,1.0,52.542676245951384,73.1913229906733,41.088261070894106,46.55139040258749,38.07481080710922,37.52781415413572,,,None,1.0,1.0,,,,,,,,,,,,,,,,,,,,,
448343,285023_43935,Hans Vanaken,Belgium,MF,0,4,0,4,0,0,0.53,0.0,0,0,6,77,5,0,4,0,0,0,0,109,96,2,0,0,0,1,100,,,,123,14,67,42,92,31,1,30,37,237,7.1,355,93,25295.81,,,,,,,Round of 16,0.0,216.0,212.0,1.0,False,,,None,1.0,1.0,25.295810000000003,7.1,216.0,0.02305258366583865,0.21092601774605352,0.12310130905521544,0.9800831559513153,0.07007985434414951,0.8997679544595336,0.07653457777058432,0.671188780421818,28.58349273165229,0.31268524484343546,0.2756576726797284,62.638972125268324,1.8535814106245332,19.151553738756256,1.6889449808794839,0.1896766584025204,0.9507602695283688,10.153228721818275,4.27406171316663,0.36058339090467806,25.361007920579294,89.43884035352733,6.715099027585992,25.295810000000003,,,None,1.0,1.0,61.09156647311511,60.44975478594169,70.99877413554677,61.79643854854445,68.74775418159369,68.37503886289292,,,None,1.0,1.0,,,,,,,,,,,,,,,,,,,,,
358120,285023_43935,Kevin De Bruyne,Belgium,MF,4,18,6,8,10,0,1.32,0.76,13,0,13,100,7,0,3,0,0,0,0,161,83,20,25,17,47,2,100,,,,203,71,82,50,113,90,6,56,71,391,6.78,456,155,36244.83,100.0,253.0,14.0,5.322052001953125,5.211991786956787,7.029524326324463,Round of 16,1.0,322.0,146.0,0.0,True,101.44999999999999,5.732411050796508,B,1.1,1.1,36.24483,6.78,322.0,0.19620729256678213,0.015971225301747254,0.2501208161527158,3.3430032269034213,0.7647606149141478,1.5171456206939578,2.348336870225611,3.7640991223956206,35.03606486614575,3.2636952692677528,0.42527684452407044,83.79941181564003,2.9079987076318647,21.399137736874867,1.8821889261655393,0.1720042431711733,0.6868741799493151,15.167526114849617,13.868087155744107,1.203500115320843,33.86684853288625,98.81126726153632,8.008835817841245,36.24483,101.44999999999999,5.732411050796508,B,1.1,1.1,101.88829085836198,83.12213478398677,94.81105508311957,82.90353019785988,78.32370814024625,97.87330293122203,101.44999999999999,5.732411050796508,B,1.1,1.1,,,,,,,,,,,,,,,,,,,,,
495349,285023_43935,Nicolas Raskin,Belgium,MF,0,1,0,1,0,1,0.05,0.0,0,0,6,32,6,4,0,0,0,0,0,146,89,2,100,4,0,1,100,,,,116,5,33,78,77,39,0,6,28,306,6.96,240,69,22115.12,140.0,68.0,112.0,4.9270429611206055,6.222650051116943,5.994772911071777,Round of 16,0.0,198.0,205.0,1.0,True,122.2,5.388316512107849,B,1.1,1.1,22.115119999999997,6.96,198.0,0.023450616537088336,0.2145679300662389,0.030834017097549994,0.40705059060265997,0.07128987427274855,0.32534864258744417,0.07785604690313327,0.6827777285976252,36.35313533329809,1.1046907988366799,0.2804172613023829,77.28948000759722,1.8855859070254826,10.632905592772921,1.9147584739976204,0.9795583089947766,0.1805697473355802,8.55867250382686,2.577994022147672,0.17015767359311293,21.079258925369246,68.36817759213706,6.205555989930308,22.115119999999997,122.2,5.388316512107849,B,1.1,1.1,59.10412834969709,84.26580921499577,87.27057805815247,60.140547589603806,78.08824138362283,62.66476349748132,122.2,5.388316512107849,B,1.1,1.1,,,,,,,,,,,,,,,,,,,,,
401444,285023_43935,Youri Tielemans,Belgium,MF,3,9,22,6,3,2,1.21,1.65,2,0,15,91,14,6,9,0,0,0,1,214,87,12,17,10,50,2,100,,,,219,56,69,94,149,70,3,37,102,486,6.84,692,211,49842.18,74.0,175.0,180.0,5.583817958831787,5.515690326690674,5.714656352996826,Round of 16,2.0,438.0,48.0,0.0,True,115.65,5.60630841255188,B,1.1,1.1,49.84218,6.84,438.0,0.33809810302665533,0.014534853176182177,0.21007716246053945,1.6065198188606387,0.5364451570155335,1.061627705287219,0.3822353535093028,2.1492811686176543,40.34054221205899,1.8534178483804287,0.3870295720962111,91.41889956864487,2.965541273951627,18.038775896490435,2.829671259008014,1.1137553200813801,1.5823204298029112,18.749072779018174,10.227810060741104,0.616653194961586,39.755089487266176,127.5753403553045,9.457837704722275,49.84218,115.65,5.60630841255188,B,1.1,1.1,101.82984914984874,82.94447181274634,98.90706646051417,88.86926318697535,94.84817523181643,109.31291837431141,115.65,5.60630841255188,B,1.1,1.1,,,,,,,,,,,,,,,,,,,,,
482976,285023_44037,Amar Dedic,Bosnia and Herzegovina,DF,1,2,0,0,2,0,0.06,0.0,0,0,14,95,11,6,3,1,0,0,0,99,81,0,0,1,0,3,100,,,,56,23,19,14,11,45,1,3,40,204,4.44,356,141,30604.3,,,,,,,Round of 16,0.0,310.0,1157.0,0.0,False,,,None,1.0,1.0,30.6043,4.44,310.0,0.021126862869506463,0.01614092323230294,0.02955028394133115,0.5438805679957435,0.2413908402885654,0.11594422342785149,0.07014118472676147,0.26078999526118773,24.424090103824597,0.46372994512725146,0.6069606856656743,51.55991164897708,3.1160620377829096,20.74068259568555,2.610848323696778,1.2368228906818937,0.6941723755909971,9.83656406515707,5.51151025737903,0.33046169414640464,31.746379082890616,82.14464191413391,7.094626037836498,30.6043,,,None,1.0,1.0,47.575957259900356,43.37053193161589,55.02441579692875,79.64168498993169,62.21132154457201,77.52970813890096,,,None,1.0,1.0,,,,,,,,,,,,,,,,,,,,,
430194,285023_44037,Dennis Hadzikadunic,Bosnia and Herzegovina,DF,0,0,0,0,0,0,0.0,0.0,0,0,1,4,2,1,0,0,0,0,0,10,80,0,0,0,0,0,0,,,,5,0,0,5,1,4,0,2,3,23,1.52,32,11,3338.81,,,,,,,Round of 16,0.0,33.0,182.0,1.0,False,,,None,1.0,1.0,3.33881,1.52,33.0,0.022416407675917835,0.2051051488107202,0.020075238058244974,0.20112000966833482,0.06814587933479023,0.1230212453254371,0.07442247348404722,0.2767081363515297,9.18475940126059,0.3040561537161495,0.0800714082183785,20.682832297588767,0.8625335531300385,4.9005654547827415,1.0783985776251992,0.37242121570377096,0.17260633910456738,3.4817463287671266,1.5244053875931163,0.16265345409645982,9.246847869098955,26.253399270685048,2.4023290384913794,3.33881,,,None,1.0,1.0,26.55796455473272,44.177015125392685,21.292632746610927,18.330073795192796,26.39817866374629,17.3628029188203,,,None,1.0,1.0,,,,,,,,,,,,,,,,,,,,,
489520,285023_44037,Nikola Katic,Bosnia and Herzegovina,DF,0,2,0,1,1,1,0.08,0.0,0,0,14,43,18,4,0,1,0,0,0,165,90,0,0,1,0,0,0,,,,39,0,1,38,10,29,0,4,37,345,6.17,419,139,36234.39,270.0,38.0,319.0,4.559045314788818,6.49147891998291,5.043601512908936,Round of 16,0.0,353.0,1195.0,0.0,True,247.45,4.970049405097961,C,1.0,1.0,36.23439,6.17,353.0,0.020356250392361146,0.015552175299763913,0.03188648297571432,0.5240422628785486,0.06188300119277789,0.28241809433242016,0.067582751302639,0.25127755484330594,34.79960716241955,0.4468151725011288,0.072712526401514,73.74836098814609,3.002402177314923,11.10760063631818,3.710537321519589,0.8503031969449164,0.15674312802118082,8.965661686699558,1.3843064516821273,0.14770495284697244,30.247008663558354,89.90266512729366,7.796919352529397,36.23439,247.45,4.970049405097961,C,1.0,1.0,44.43136683547986,40.664917932547645,65.36605002491203,64.51851789638579,72.41636652376451,83.14594644678316,247.45,4.970049405097961,C,1.0,1.0,,,,,,,,,,,,,,,,,,,,,
376230,285023_44037,Sead Kolasinac,Bosnia and Herzegovina,DF,0,0,0,0,0,0,0.0,0.0,0,0,10,49,17,6,4,0,0,0,0,173,82,9,11,5,20,0,0,,,,54,25,13,16,14,40,5,23,93,370,6.09,339,142,38026.39,,,,,,,Round of 16,0.0,373.0,246.0,1.0,False,,,None,1.0,1.0,38.02639,6.09,373.0,0.02002108376687264,0.18318846733715866,0.017930081778260457,0.17962916355638128,0.06086409465129282,0.10987570771259704,0.06646999810601716,1.7581714920716873,35.56976885930674,1.1110277769102002,0.07151531121526905,76.73139971992266,2.281398046105411,11.932067622526784,3.4815507896862763,1.1720876332694359,0.8257317823619911,18.22001376598313,5.558822763964106,0.9847347805087676,30.252667313354678,74.99102474675486,7.9694058145594004,38.02639,,,None,1.0,1.0,47.328178330496726,79.81110629360168,73.11588977628313,67.36188304658357,75.14773061381138,79.25408549008533,,,None,1.0,1.0,,,,,,,,,,,,,,,,,,,,,
489521,285023_44037,Stjepan Radeljic,Bosnia and Herzegovina,DF,0,1,0,1,0,0,0.01,0.0,0,0,1,9,4,1,3,1,0,0,0,153,90,0,0,2,100,2,50,,,,7,0,0,7,3,4,0,1,21,318,2.86,186,63,20111.1,,,,,,,Round of 16,0.0,211.0,1007.0,0.0,False,,,None,1.0,1.0,20.111099999999997,2.86,211.0,0.023162684403726833,0.017696290884447304,0.022685944886066123,0.4020527286166896,0.07041456058732959,0.3213539361541053,0.0769001122203731,0.28592017627960403,37.26644293715611,0.7026528995450556,0.4712113569830171,78.67134725493648,0.8912486232234004,6.034898445284604,1.5027743750609937,0.3848196914203168,0.7610640423480539,7.093927259802201,1.5751551901910399,0.1680684380334419,19.655020128364058,57.03993247535043,5.740107646184995,20.111099999999997,,,None,1.0,1.0,41.218583665531504,40.62291188125264,68.81112937306966,36.32329117520044,55.712898570786564,42.921559354718326,,,None,1.0,1.0,,,,,,,,,,,,,,,,,,,,,
484022,285023_44037,Tarik Muharemovic,Bosnia and Herzegovina,DF,0,1,0,1,0,1,0.12,0.0,0,0,10,25,11,5,2,0,1,0,0,153,86,0,0,3,67,3,100,,,,11,0,1,10,5,6,0,2,23,324,5.92,279,78,28776.65,361.0,75.0,357.0,3.6079835891723633,6.17921257019043,4.459669589996338,Round of 16,0.0,292.0,1097.0,0.0,True,317.1,4.2065894365310665,D,0.9,0.9,28.77665,5.92,292.0,0.021470503080896642,0.01640346435380503,0.04083374785274687,0.37268022125529704,0.06527032936592579,0.2978769885214531,0.07128207022857684,0.26503189003058814,34.5438924068546,0.8313665066297591,0.6168332398454399,74.00418649118525,2.4465590548452654,8.474760636525012,2.653315228291393,1.0768936374170794,0.5254166089498888,6.935764518132154,1.460080091513295,0.15578997035498598,20.91979899054036,69.6171615376718,6.880961430887279,28.77665,317.1,4.2065894365310665,D,0.9,0.9,41.247538158841024,39.56505249970637,58.33810308146871,51.23843825871196,54.895182761028245,51.720939189001,317.1,4.2065894365310665,D,0.9,0.9,,,,,,,,,,,,,,,,,,,,,
300409,285023_44037,Edin Dzeko,Bosnia and Herzegovina,FW,0,3,0,3,0,0,0.2,0.0,0,0,4,69,1,1,2,1,0,0,0,48,69,2,50,3,67,1,100,,,,55,16,33,6,40,15,4,22,36,111,4.56,201,57,19815.85,,,,,,,Round of 16,0.0,196.0,974.0,0.0,False,,,None,1.0,1.0,19.815849999999998,4.56,196.0,0.023495038464547605,0.017950209386914367,0.06044605093611773,0.8018699994360335,0.07142491693222473,0.7200132854255494,0.07800352770229806,0.6840710976944504,17.113629383986712,0.9097592160652359,0.28094844883940145,39.01617414140728,1.4951093832513163,17.94294158834934,0.9332646967691012,0.3903413479303351,0.5749601390650915,10.151078358684721,4.750143338847694,0.9585766848749071,18.75489879096615,60.81374306696825,5.764299255689812,19.815849999999998,,,None,1.0,1.0,60.5465338709695,62.721080578792595,48.623727641253716,47.221798408046126,45.740377921235684,46.021485670614034,,,None,1.0,1.0,25.25195968645017,29.79923645273414,56.28910987145282,38.1372278864701,46.3991807176036,46.765409765014034,D,D,C,D,C,C,27.395970853749454,D,59.36962750716332,51.15745568300313,,,None,1.0,30.91747786350434
436743,285023_44037,Ermedin Demirovic,Bosnia and Herzegovina,FW,4,4,0,1,3,0,0.08,0.0,0,0,19,131,15,11,3,1,0,0,1,39,74,0,0,5,80,0,0,,,,106,67,31,8,82,24,3,36,53,112,6.09,375,176,40423.23,,,,,,,Round of 16,0.0,399.0,1214.0,0.0,False,,,None,1.0,1.0,40.423230000000004,6.09,399.0,0.01960612406767315,0.014979078787702289,0.030711468431249177,0.8335565431953539,0.7172530152259167,0.2720110083984378,0.06509233190467487,0.24201799549135736,12.80125666776391,1.0880004644291565,0.07003307516972851,32.72260364128066,3.7138268762303253,25.16659512992364,3.080566496510319,1.969857783494338,0.6442049538662261,11.265879307442129,12.348939028606232,0.635499834780179,35.21567480856138,79.35560417341578,8.198301523145998,40.423230000000004,,,None,1.0,1.0,53.103640116869755,49.88454369729764,56.102163658672936,87.35017319762747,60.86797977423871,86.50928307602821,,,None,1.0,1.0,17.50653228816722,7.766529278808712,69.90540868299784,9.827246327659664,86.13803445375079,88.95735579550383,E,F,B,F,A,S,18.312954458094026,E,76.45561565383392,63.66859243697479,,,None,1.0,20.99191696963611
464566,285023_44037,Esmir Bajraktarevic,Bosnia and Herzegovina,FW,2,3,0,1,2,0,0.11,0.0,1,0,16,85,8,1,2,0,0,0,0,71,82,8,0,0,0,0,0,,,,106,45,48,13,40,66,5,35,61,180,6.49,318,145,28616.79,,,,,,,Round of 16,0.0,262.0,1060.0,0.0,False,,,None,1.0,1.0,28.61679,6.49,262.0,0.02207100656744408,0.016862249017527274,0.040124991846250804,0.7532687401424881,0.4372609727779499,0.306208240448593,0.2583582982103743,1.7531049563202092,20.33327284103106,0.2993711330808114,0.07883763545891023,49.42210417803093,3.6254816321308865,19.816742621999104,2.1722775130491065,0.36668279844338975,0.5401118633822393,14.162886439638845,9.829631768903164,1.085560005685674,33.905431242226335,78.78248737050038,7.0438261367326644,28.61679,,,None,1.0,1.0,57.92839656094411,54.19288973466595,58.41307423304571,77.71856942876019,60.40759930329664,77.41759691792612,,,None,1.0,1.0,23.394923478910037,16.769549279188585,69.45428086344896,37.299955486783816,84.94934347682968,79.38455160457536,E,E,B,D,A,A,25.30566888072346,E,46.60272589601212,31.95266272189349,,,None,1.0,28.633278582551124
482984,285023_44037,Haris Tabakovic,Bosnia and Herzegovina,FW,0,0,0,0,0,0,0.0,0.0,0,0,0,0,0,0,0,0,0,0,0,1,100,0,0,0,0,0,0,,,,4,4,0,0,3,1,0,2,1,3,1.34,12,3,2264.93,,,,,,,Round of 16,0.0,25.0,599.0,0.0,False,,,None,1.0,1.0,2.2649299999999997,1.34,25.0,0.020868263977827994,0.015943353679060586,0.018688782487983634,0.18723006440907278,0.06343952249259711,0.11452503271032004,0.06928263640638894,0.25759785054230877,6.9754630163647455,0.28305713259525894,0.0745414389288016,15.754481977885261,0.6279677996208,3.862131350904582,0.6539279200092182,0.17170407600956875,0.16068563262927557,2.891293336736074,2.119111920852497,0.15142012342311992,7.208260094517406,20.940329049431423,2.048491684466581,2.2649299999999997,,,None,1.0,1.0,17.061368866476805,15.292192690113346,32.00536052793526,13.751988454217898,48.56946575418806,14.054452267495204,,,None,1.0,1.0,32.521463232549465,35.49735037702521,14.072277467863206,48.62962884456408,11.196615583433916,11.828192033969634,D,D,E,C,F,F,28.80336788926396,D,30.223435101483886,22.428107327638063,,,None,1.0,32.45542565192082
519954,285023_44037,Jovo Lukic,Bosnia and Herzegovina,FW,2,3,33,3,0,3,0.46,2.18,0,0,5,34,2,1,0,1,0,0,0,13,54,0,0,1,0,0,0,,,,9,2,7,0,7,2,0,14,14,35,3.16,100,42,8269.19,,,,,,,Round of 16,1.0,77.0,88.0,0.0,False,,,None,1.0,1.0,8.26919,3.16,77.0,0.23670820749081817,0.01926798980380322,0.1198705472244996,0.8607377574309792,0.4996450922014733,0.7728716887445258,0.08373000804794072,0.3113142226939096,10.967902479913015,0.553570804212001,0.09008541829736272,25.807359476529488,1.8163583151465394,11.858097059452426,1.2132668716365724,0.4189975141686843,0.1941930909545613,6.243557270799463,2.138029502691359,0.18299546337224631,16.959429063837252,43.917947249407106,3.745490512232209,8.26919,,,None,1.0,1.0,85.25675080688664,51.83457231729547,36.863463397474604,43.86895326689701,37.16303848028699,35.70129483714778,,,None,1.0,1.0,81.61627472937664,76.409808353435,44.82367208343439,39.39843567840261,44.41680991916901,44.44758512823411,A,A,C,D,C,C,64.9672774318936,A,59.43564104736887,59.97763220961815,,,None,1.0,71.97391496097944
504990,285023_44037,Kerim Alajbegovic,Bosnia and Herzegovina,FW,1,4,25,1,3,0,0.14,7.25,7,0,9,98,8,4,6,0,0,0,1,90,77,16,6,13,77,1,0,,,,115,33,63,19,27,88,2,50,77,241,6.35,365,130,32990.98,47.0,337.0,19.0,5.88623571395874,4.737607002258301,6.96727466583252,Round of 16,1.0,312.0,144.0,0.0,True,83.5,5.984201145172119,B,1.1,1.1,32.99098,6.35,312.0,0.1979409586021445,0.01611234529013573,0.043646084475785774,0.8966206155375765,0.24096345126166924,0.2925904424530989,1.3079775077703786,3.089952282162144,22.789183077407742,2.585126915680806,0.25218304248464335,58.01212897999644,2.2262874583872887,21.234515159113172,2.0756712417106216,0.8809300593911615,1.2234978288291376,16.362653714203837,7.270266993210966,0.5067281041741233,29.744804742495052,83.59086611140833,7.50415275149923,32.99098,83.5,5.984201145172119,B,1.1,1.1,77.74643016350132,75.3529965721044,78.8172994068708,79.17085228712602,76.8881461023939,86.65096971164108,83.5,5.984201145172119,B,1.1,1.1,61.508025382605446,50.74721267260538,92.41814212951735,46.555948873391685,89.30031820343078,82.49326323327115,B,C,S,D,A,A,53.856346674526264,B,61.47809025506867,54.80014491003502,67.6,6.09568452835083,BL-A,1.2,71.79879539888029
485063,285023_44037,Samed Bazdar,Bosnia and Herzegovina,FW,0,0,0,0,0,0,0.0,0.0,0,0,2,6,2,1,1,0,0,0,0,5,40,0,0,3,0,0,0,,,,3,1,2,0,2,1,0,8,8,17,1.57,28,13,3649.89,,,,,,,Round of 16,0.0,35.0,631.0,0.0,False,,,None,1.0,1.0,3.64989,1.57,35.0,0.02271632989148101,0.017355276037091492,0.02034383639761473,0.20381091178636765,0.06905764287010228,0.1246672184444478,0.07541821523971697,0.2804103761804416,8.35517719169952,0.879606581838,0.08114273037237019,19.81659542890677,1.0645679878877479,5.347121172056077,1.0928271022727498,0.37740405674375627,0.36540983456105436,4.480801119167938,1.7352953923369254,0.16482968969258618,9.751555038202167,25.842682461052668,2.4937301051945417,3.64989,,,None,1.0,1.0,27.601082640661694,38.31171367489409,21.724077537973717,20.179714767620926,19.844573876117067,17.08677352574952,,,None,1.0,1.0,43.505039193729,46.627666242473744,24.71501333980111,47.98312737138859,22.73595100265668,21.702753123410027,C,C,E,C,E,E,38.02446191177067,C,43.01075268817204,77.40112994350284,,,None,1.0,42.531872312553574
482978,285023_44037,Nikola Vasilj,Bosnia and Herzegovina,GK,0,0,0,0,0,0,0.0,0.0,0,0,0,0,0,0,0,0,0,0,0,155,61,0,0,4,0,0,0,8.0,92.0,70.0,18,0,0,18,13,5,0,0,11,279,3.31,34,7,22744.03,,,,,,,Round of 16,0.0,411.0,1247.0,0.0,False,,,None,1.0,1.0,22.74403,3.31,411.0,,,,,,,,,,,,,,,,,,,,,,,,,,,,,,,,,,,,,,,,,,,,,,,,,,,,,,,,,,,,,
494640,285023_44037,Amar Memic,Bosnia and Herzegovina,MF,1,3,0,2,1,0,0.19,0.0,0,0,13,54,10,3,3,0,0,0,0,52,75,5,0,4,0,0,0,,,,67,38,19,10,22,45,0,20,40,135,6.46,306,152,27462.49,,,,,,,Round of 16,0.0,254.0,1046.0,0.0,False,,,None,1.0,1.0,27.462490000000003,6.46,254.0,0.022236814518269556,0.016988926291957942,0.055344268766796996,0.7589276549655278,0.25407290117141057,0.4949816081480055,0.07382622420065493,1.2068561635928747,16.943039389820907,1.0475120922692926,0.07942990145925885,41.40210232075958,3.093299027950092,14.184952928462224,2.5615426701032056,0.7423834649639351,0.730642426898289,10.353352126390883,8.598165765863504,0.1613503261445639,35.46545594307342,77.13666325161876,6.881496958850079,27.462490000000003,,,None,1.0,1.0,55.667530576514245,54.97833640697621,57.52046178944925,72.69175903136468,57.29407542256752,76.7449295920771,,,None,1.0,1.0,,,,,,,,,,,,,,,,,,,,,
430196,285023_44037,Amir Hadziahmetovic,Bosnia and Herzegovina,MF,0,0,0,0,0,0,0.0,0.0,1,0,0,4,0,0,0,0,0,0,0,3,100,1,0,0,0,0,0,,,,1,0,1,0,1,0,0,0,0,9,1.61,21,5,1349.67,,,,,,,Round of 16,0.0,12.0,539.0,0.0,False,,,None,1.0,1.0,1.3496700000000001,1.61,12.0,0.01630063823398475,0.01245368761076435,0.01459819957682738,0.14624932623531117,0.04955394023131365,0.08945790262810832,0.1908116488029735,0.3379086082264519,5.722067374736446,0.22110185700576915,0.058225879771793526,13.126317146851498,0.49051880573706913,3.5635658387046028,0.5107967997001461,0.13412165138922652,0.12551491440168258,2.121756275088391,1.108508602463899,0.11827743102579336,5.903910050146678,17.587171540148077,1.4750096554763763,1.3496700000000001,,,None,1.0,1.0,9.914791440833138,11.640233246070988,27.798755749988242,9.856924993079053,45.83374100617421,9.90211300670406,,,None,1.0,1.0,,,,,,,,,,,,,,,,,,,,,
489523,285023_44037,Armin Gigovic,Bosnia and Herzegovina,MF,0,0,0,0,0,0,0.0,0.0,0,0,4,33,4,0,1,0,0,0,0,24,71,0,0,0,0,1,0,,,,24,3,11,10,14,10,0,4,18,53,3.43,142,62,10900.97,,,,,,,Round of 16,0.0,95.0,789.0,0.0,False,,,None,1.0,1.0,10.90097,3.43,95.0,0.025287403126901156,0.019319575988952484,0.022646386744327594,0.22687858085455717,0.07687370550577952,0.13877726836043355,0.08395417838131185,0.3121477041984679,13.329866818164666,0.3429983360132872,0.3023811471685669,29.693435292349072,1.6091667076918137,11.67779019707796,1.6406242371816786,0.2080647529281427,0.40676754727641495,7.10849131819693,2.355808191839614,0.18348539708879477,21.24592540377648,52.9418195749386,4.313599218913282,10.90097,,,None,1.0,1.0,55.06363903590897,50.51061565670978,36.71848216755643,46.77939915535797,36.62198458683222,38.597000988400666,,,None,1.0,1.0,,,,,,,,,,,,,,,,,,,,,
483966,285023_44037,Benjamin Tahirovic,Bosnia and Herzegovina,MF,0,1,0,0,1,0,0.01,0.0,1,0,11,84,10,3,2,0,0,0,0,107,85,2,0,2,0,1,100,,,,99,5,42,52,69,30,2,8,47,238,6.92,429,116,30616.63,,,,,,,Round of 16,0.0,266.0,1063.0,0.0,False,,,None,1.0,1.0,30.61663,6.92,266.0,0.021988974627299058,0.01679957661525648,0.021536392665081183,0.381679735141851,0.06684648286698916,0.12067549275461725,0.25739805054835674,0.6402212123708273,26.895907157718163,0.6670477614161321,0.2629392721544361,59.933305610208116,2.690033427127646,19.558694514224296,2.532993056778282,0.7341092475905882,0.5381044142016504,11.528721668316777,2.417311504483465,0.5283413094671296,28.431968969282764,98.95748093199217,7.3864059534849,30.61663,,,None,1.0,1.0,48.14587839787462,54.267137806009394,62.38312205728711,73.5945549475813,66.98749396025573,80.16699114659468,,,None,1.0,1.0,,,,,,,,,,,,,,,,,,,,,
389886,285023_44037,Dzenis Burnic,Bosnia and Herzegovina,MF,0,1,0,0,1,0,0.02,0.0,0,0,0,6,0,0,0,0,0,0,0,8,88,0,0,0,0,0,0,,,,7,4,2,1,0,7,0,2,7,21,3.35,37,11,3073.49,,,,,,,Round of 16,0.0,27.0,604.0,0.0,False,,,None,1.0,1.0,3.0734899999999996,3.35,27.0,0.021316219229056983,0.01628559149099953,0.02266501484311957,0.3700021964403647,0.06480130645633324,0.11698341112906471,0.07076984784046918,0.26312741016347935,8.376468877626296,0.2891331976229289,0.07614153508619152,19.310220891474525,0.6414476690407828,5.017553790263626,0.6679650457617295,0.17538985181668085,0.16413488806373874,4.025875902351831,2.1646004825218528,0.15467048672603745,8.793016222987706,25.85865817739296,2.2369969103241507,3.0734899999999996,,,None,1.0,1.0,25.685132578199273,18.308847029286206,25.14671875235453,14.407643882378402,34.465345443141516,15.21232750919636,,,None,1.0,1.0,,,,,,,,,,,,,,,,,,,,,
522846,285023_44037,Ermin Mahmic,Bosnia and Herzegovina,MF,2,4,50,2,2,0,0.34,5.88,0,0,1,41,3,1,1,1,0,0,0,16,75,1,0,0,0,1,100,,,,35,13,16,6,26,9,0,6,5,45,5.34,155,57,10657.09,,,,,,,Round of 16,2.0,88.0,36.0,0.0,False,,,None,1.0,1.0,10.65709,5.34,88.0,0.4495323339515274,0.01932541594714839,0.09477357111025833,1.0754217359443097,0.5011342299360598,0.5630565051174986,0.08397955621012128,0.5243607042506663,11.636947048072614,0.34310201820303765,0.3024725515171771,28.005461932875964,0.9732971993160979,13.378269329323203,1.429001524748128,0.4202462905877568,0.4068905057447014,4.353097721628495,4.477706744524476,0.1835408614038072,20.19175444528871,55.7153652937621,4.263171647129516,10.65709,,,None,1.0,1.0,85.0522048270903,54.1847399265884,39.428785513904685,41.12081901014655,39.14335679999958,40.727805242861336,,,None,1.0,1.0,,,,,,,,,,,,,,,,,,,,,
482974,285023_44037,Ivan Basic,Bosnia and Herzegovina,MF,0,4,0,0,4,0,0.15,0.0,5,0,5,39,8,2,3,0,0,0,0,104,92,12,58,2,50,3,100,,,,77,2,22,53,58,19,0,7,37,234,4.87,270,63,22053.62,121.0,293.0,62.0,5.07711124420166,4.9927592277526855,6.31049394607544,Round of 16,0.0,200.0,206.0,1.0,True,132.04999999999998,5.372804117202759,B,1.1,1.1,22.05362,4.87,200.0,0.023406213263255312,0.214161649978061,0.050403563806781015,0.9951177575776624,0.07115488832029616,0.12845329838874517,1.059105143258677,2.64427793306083,28.040570670049714,0.7100404827926629,0.6724449029111497,63.011024102332144,1.6857362847425486,11.98672751980961,2.30369152317684,0.5851449288199325,0.7690657512618676,10.308980555860918,1.9842747328442822,0.16983548343818056,19.86166995152098,74.12710290531736,6.181734716522816,22.05362,132.04999999999998,5.372804117202759,B,1.1,1.1,60.88072544426462,85.21339216988655,78.60939369469381,64.32083560761745,81.76121090614444,63.58260308578044,132.04999999999998,5.372804117202759,B,1.1,1.1,,,,,,,,,,,,,,,,,,,,,
372436,285023_44037,Ivan Sunjic,Bosnia and Herzegovina,MF,1,1,0,0,1,0,0.09,0.0,0,0,20,78,21,7,0,0,0,0,0,102,86,1,0,2,0,1,0,,,,57,0,13,44,41,16,0,5,41,221,7.03,401,113,26105.55,,,,,,,Round of 16,0.0,221.0,1016.0,0.0,False,,,None,1.0,1.0,26.10555,7.03,221.0,0.022942984178219845,0.01752843991215996,0.03786234792963263,0.3982392209246115,0.26214143877941143,0.1259110971700705,0.07617070747168987,0.47560296357356874,27.100834133579127,0.6959881711486201,0.27434710636222437,59.26284978934611,4.5382956174434534,19.252895784286103,4.759231456638782,1.5355382419617547,0.1766609781722928,10.874536034556355,1.560214696055662,0.16647429319716317,29.088328770088097,97.86377826564402,6.838962999209898,26.10555,,,None,1.0,1.0,56.21444440292056,55.056479170263586,64.75278797751449,82.93234939460291,74.04129837896579,76.36588689259075,,,None,1.0,1.0,,,,,,,,,,,,,,,,,,,,,
335658,285023_43924,Alex Sandro,Brazil,DF,0,0,0,0,0,0,0.0,0.0,0,0,0,4,2,1,0,0,0,0,0,13,100,0,0,0,0,0,0,,,,6,2,2,2,1,5,0,2,2,25,1.81,31,8,1822.47,,,,,,,Round of 16,0.0,15.0,554.0,0.0,False,,,None,1.0,1.0,1.82247,1.81,15.0,0.017703962795799274,0.013525827575990643,0.01585496092140599,0.15883995420391106,0.0538200468992298,0.0971593478233464,0.05877715648205358,0.21853771675134617,7.699296051334918,0.24013655136222128,0.06323855510659498,16.631747861462394,0.5327476484511917,3.8703537937106343,0.851694373752402,0.29412970367545443,0.1363205135276544,2.6013416089356527,1.5008632815487697,0.1284599540463195,6.857563107315619,20.58586893869484,1.6721860696111137,1.82247,,,None,1.0,1.0,11.367410072325578,9.600902937157747,30.61992061961718,11.644698116878544,52.35529421903675,11.41969536372986,,,None,1.0,1.0,,,,,,,,,,,,,,,,,,,,,
335656,285023_43924,Danilo,Brazil,DF,0,1,0,1,0,0,0.0,0.0,0,0,5,32,2,7,1,2,0,0,1,294,88,7,29,5,40,0,0,,,,170,38,34,98,31,139,4,18,39,642,5.69,402,173,44891.67,353.0,82.0,268.0,4.122759819030762,6.133892059326172,5.302017211914063,Round of 16,0.0,471.0,1278.0,0.0,True,291.09999999999997,4.719244003295898,C,1.0,1.0,44.89167,5.69,471.0,0.0185678556048197,0.014185841682082248,0.016628628765452326,0.3222967113983259,0.05644628103865189,0.2576063024711341,0.06164528060800139,1.3191429859690793,51.82835632117,1.0303839479831922,0.06632438022041595,113.51386728298182,1.3372734654196523,8.418979321675467,0.8932541450563972,1.2427176922996415,0.2986783990689953,8.48939688250921,7.179513067201735,0.7575520039161061,32.883664023755415,79.35728185514294,8.45991204654625,44.89167,291.09999999999997,4.719244003295898,C,1.0,1.0,40.03170972892233,51.27414046258344,84.14402461206092,44.00723040574926,70.73620057682878,86.39183322548313,291.09999999999997,4.719244003295898,C,1.0,1.0,,,,,,,,,,,,,,,,,,,,,
367981,285023_43924,Douglas Santos,Brazil,DF,0,2,0,2,0,0,0.2,0.0,0,0,21,65,23,3,2,1,0,0,1,274,91,6,17,4,75,0,0,,,,68,23,23,22,22,46,7,40,72,607,6.24,513,170,52661.36,318.0,72.0,252.0,4.417283535003662,6.19096040725708,5.370577335357666,Round of 16,0.0,505.0,1283.0,0.0,True,264.59999999999997,4.921658515930176,C,1.0,1.0,52.66136,6.24,505.0,0.01803774297507852,0.013780835632959988,0.04640598193909745,0.4643556383757658,0.05483473864423871,0.4015121418505923,0.05988530667726069,1.1302209244944532,47.32344568100719,0.8497059625206878,0.06443081790698046,104.97892657168867,3.7192623498413573,13.170213940992976,4.044222310505716,0.6021960618039881,0.44141162931146594,13.238621079129128,4.705630269915895,1.1897053924389345,31.491053279484362,93.88154591919448,9.393628624027523,52.66136,264.59999999999997,4.921658515930176,C,1.0,1.0,56.019711232940374,59.534065815774206,84.63415938146171,77.18971264943804,79.0557536475955,91.56496527903624,264.59999999999997,4.921658515930176,C,1.0,1.0,,,,,,,,,,,,,,,,,,,,,
430601,285023_43924,Gabriel Magalhaes,Brazil,DF,0,1,0,1,0,0,0.03,0.0,0,0,7,22,8,1,3,0,0,0,0,431,96,0,0,2,50,1,100,,,,44,0,2,42,22,22,0,1,19,874,5.88,419,101,51062.11,,,,,,,Round of 16,0.0,520.0,260.0,1.0,False,,,None,1.0,1.0,51.062110000000004,5.88,520.0,0.017594191918314295,0.1609829462321495,0.02018288402256227,0.3053960734976732,0.053486343431675465,0.2440979088542662,0.05841271716880346,0.21718270503967163,69.32368881999882,0.5337295863931298,0.21038743713877603,141.79092018058157,1.5622313084518153,6.502093926050525,1.7316594668047558,0.2923059947104474,0.5780982285906923,5.093409085380053,1.1964754272130453,0.1276634565592885,20.536355248021632,77.70413085560772,8.92668283819078,51.062110000000004,,,None,1.0,1.0,34.6008370800716,45.55347235268288,78.61671470666009,43.72753304664864,56.413450717593825,71.77199614740763,,,None,1.0,1.0,,,,,,,,,,,,,,,,,,,,,
332946,285023_43924,Marquinhos,Brazil,DF,0,2,0,2,0,1,0.21,0.0,0,0,13,33,9,0,2,0,0,0,1,380,97,1,100,4,75,5,100,,,,54,2,1,51,28,26,0,3,26,786,5.7,357,101,49509.16,326.0,100.0,287.0,4.351545333862305,6.0133867263793945,5.200976848602295,Round of 16,0.0,520.0,1286.0,0.0,True,282.35,4.8131794214248655,C,1.0,1.0,49.50916,5.7,520.0,0.017594191918314295,0.01344196262559212,0.046740261071742596,0.4529370571042306,0.053486343431675465,0.3916388924608236,0.05841271716880346,0.364723688646229,61.79909865606439,0.8288115536062446,0.8005513715650057,128.80731362320452,2.4474772100911597,8.125044745722656,1.8792004504113131,0.14476501110389,0.4305572449841349,6.126195970625954,1.49155739442616,0.1276634565592885,20.536355248021632,68.55658987200117,8.697559067698974,49.50916,282.35,4.8131794214248655,C,1.0,1.0,42.78425031880773,43.89590329958938,84.85437323422319,52.54660014049172,54.758379976538684,67.71997630360289,282.35,4.8131794214248655,C,1.0,1.0,,,,,,,,,,,,,,,,,,,,,
430594,285023_43924,Roger Ibanez,Brazil,DF,0,0,0,0,0,0,0.0,0.0,0,0,0,10,1,2,1,1,0,0,0,22,100,0,0,1,100,0,0,,,,6,4,2,0,3,3,0,2,3,42,1.55,65,30,5075.62,,,,,,,Round of 16,0.0,49.0,668.0,0.0,False,,,None,1.0,1.0,5.07562,1.55,49.0,0.02417115467935473,0.01846676217502701,0.02164671928464292,0.21686359978317066,0.07348031022523838,0.13265129688029875,0.0802482335354577,0.29836873336195474,12.336065701303369,0.5305514738441298,0.0863393645146551,26.15306045023686,0.7273583866111425,6.50034325655116,0.9601212348056221,0.6042681242484551,0.38881182280439364,3.7542959730036163,2.454510929908288,0.17538589835339793,13.821871950811014,34.9974041175023,2.942423197017795,5.07562,,,None,1.0,1.0,38.61187179385192,40.5358149513842,46.13644162423475,28.233043330248357,63.81097112996219,28.60581612507301,,,None,1.0,1.0,,,,,,,,,,,,,,,,,,,,,
463746,285023_43924,Endrick,Brazil,FW,0,3,0,2,1,0,0.09,0.0,0,0,3,36,4,1,1,0,0,0,1,20,80,1,0,4,25,0,0,,,,44,30,11,3,37,7,1,13,15,60,4.69,72,41,14009.09,,,,,,,Round of 16,0.0,146.0,895.0,0.0,False,,,None,1.0,1.0,14.00909,4.69,146.0,0.02457415440577828,0.018774653966014604,0.04055423553276777,0.8386995070996087,0.07470542939356598,0.5470097552262219,0.08158619262718388,0.5094167599085825,12.129595099610508,1.1576174220545978,0.08777887953744,30.29842516752106,1.3577056481496461,11.96663022943779,1.5943492941540895,0.408269540374399,0.39529438684814816,6.289771202928555,7.853342733920207,0.38438346229198256,16.31912800486442,37.02342102774555,4.832432014579946,14.00909,,,None,1.0,1.0,59.02970589092126,60.680221621645245,45.9221835823247,42.634051488815984,42.94390035459457,38.27321776567455,,,None,1.0,1.0,27.846211272863012,33.55999164276624,37.048265825854955,35.10608983190962,25.7891079331407,37.69197429664386,D,D,D,D,E,D,27.563014153877123,D,53.86430121732566,56.959769139365136,,,None,1.0,31.100016171827
430597,285023_43924,Gabriel Martinelli,Brazil,FW,1,2,50,1,1,0,0.49,2.04,0,0,5,11,2,4,4,0,0,0,0,64,91,2,50,1,100,0,0,,,,87,23,35,29,56,31,1,8,20,151,5.13,126,49,18613.07,,,,,,,Round of 16,1.0,171.0,106.0,0.0,False,,,None,1.0,1.0,18.61307,5.13,171.0,0.22570541216327847,0.018372364973419632,0.12034839585872383,0.6190706785080775,0.27476251235408483,0.33363103258305243,0.07983802580072405,0.7001591794117045,20.74263518706139,0.5278394351031269,0.08589802053017659,48.000074655104655,1.7319293931633106,6.66877303595981,1.1568711631488584,1.0044948935583733,0.9917977617442824,7.163287843961643,6.273462586121606,0.3761471860817513,17.582716665489926,47.11963330444708,5.657314882799377,18.61307,,,None,1.0,1.0,81.04894779393324,55.50137545648233,61.8145649449556,49.08168900134046,71.81085217275846,48.70422456689372,,,None,1.0,1.0,72.41508025382605,64.63370624323349,54.290565122483635,49.901435021302746,44.9215463955232,44.04055250909228,A,A,C,C,C,C,58.615830227185214,A,55.0597302504817,47.12237689590692,,,None,1.0,65.03330478827554
519836,285023_43924,Igor Thiago,Brazil,FW,1,2,0,2,0,1,0.4,0.0,0,0,5,25,5,2,0,0,0,0,0,5,80,0,0,0,0,0,0,,,,16,15,1,0,12,4,0,9,7,21,1.73,95,43,7498.81,,,,,,,Round of 16,0.0,65.0,715.0,0.0,False,,,None,1.0,1.0,7.498810000000001,1.73,65.0,0.024965435018206552,0.019073592353909805,0.10609988106019773,0.6426990633598124,0.2852495126435796,0.5557194877563808,0.08288524426044576,0.30817332986474166,9.182409052934236,0.33863116058695364,0.08917653388503381,22.61602114675986,1.7980328215090298,9.854267744395313,1.8290898226716787,0.6241247797062668,0.19223384964019047,4.71508301502746,4.838068295801594,0.18114919649210676,16.99767759702479,42.42807997275933,3.546419144265765,7.498810000000001,,,None,1.0,1.0,72.81663621745426,43.40548963666316,36.34844069202087,44.2511610375634,40.556920506025804,34.4068055476971,,,None,1.0,1.0,62.74729376633073,63.114209196755866,30.293475624545234,49.233736778514945,32.994404008631726,46.46390412120527,B,A,D,C,D,C,52.63100208642707,B,47.02649057179937,55.245267231461135,,,None,1.0,58.49332142120326
448420,285023_43924,Luiz Henrique,Brazil,FW,0,0,0,0,0,0,0.0,0.0,0,0,2,10,3,0,1,0,0,0,0,12,100,0,0,3,100,0,0,,,,3,0,3,0,0,3,0,3,6,27,1.5,60,26,3896.86,,,,,,,Round of 16,0.0,38.0,641.0,0.0,False,,,None,1.0,1.0,3.89686,1.5,38.0,0.02311511116952537,0.017659944933517382,0.02070096895898014,0.20738877741298162,0.07026993795535715,0.12685573009835524,0.07674216908282423,0.28533293227662115,9.858718194395475,0.8950479246322484,0.08256717709754462,22.102854221189517,1.0832562964658952,6.216341710129087,1.3058496803370532,0.19019113470285476,0.3718245415816141,4.171784443727713,1.5719200199724033,0.1677232466460761,12.442638328135184,32.4991682610917,2.585379326499198,3.89686,,,None,1.0,1.0,31.55945530320576,40.02693132676859,47.09029843665183,29.077376702992275,52.778063247892334,26.003132945104234,,,None,1.0,1.0,45.4087346024636,48.7549621075424,24.938151831190883,61.72923246497234,26.054310708858825,26.53626547571937,C,B,E,A,E,E,40.760470187703504,C,30.819841797885704,36.3784223366766,,,None,1.0,45.52167389013172
430609,285023_43924,Matheus Cunha,Brazil,FW,4,10,30,5,5,0,1.15,2.61,3,0,7,90,10,1,3,0,0,0,1,91,85,4,0,8,50,0,0,,,,165,47,85,33,131,34,2,37,66,226,6.22,338,109,33567.79,17.0,206.0,158.0,6.457469463348389,5.398113250732422,5.79531192779541,Round of 16,3.0,323.0,16.0,0.0,True,80.6,6.133026647567749,B,1.1,1.1,33.56779,6.22,323.0,0.5463347614855533,0.01595727486651147,0.22012694004497296,1.9388878007816475,0.7640926171101178,0.9903721587890494,0.5947914076770542,0.9584204775263778,22.74500203222816,1.6844996911586803,0.07460652594656934,54.826560102728365,1.8545620969495413,19.62895191275988,2.4059931608793734,0.34700342744913626,0.6862742138489393,14.278530562448331,9.65238754658113,0.5018511889664591,25.780393186417143,78.05732608870271,7.532958297766085,33.56779,80.6,6.133026647567749,B,1.1,1.1,102.96361829500565,70.71739264323296,80.1564443366551,73.52617337172536,75.02014335315874,79.69312661103213,80.6,6.133026647567749,B,1.1,1.1,100.3303471444569,81.41826055575606,75.31651709919963,48.60546452720606,77.39146337003037,70.88529594663349,S,A,B,C,B,B,78.27999675419636,A,64.66760239887712,44.19868063639891,78.19999999999999,6.152886581420899,BL-A,1.2,103.8258334078283
314197,285023_43924,Neymar Jr,Brazil,FW,2,3,33,3,0,0,0.02,40.25,5,0,1,10,1,1,1,1,0,0,0,26,77,6,17,1,0,0,0,,,,12,0,11,1,7,5,0,6,5,80,2.63,33,8,5925.29,,,,,,,Round of 16,1.0,55.0,83.0,0.0,False,,,None,1.0,1.0,5.92529,2.63,55.0,0.23040811331885694,0.018755163689512033,0.026101972632855082,0.8378288393724947,0.4863468159532801,0.7523013651653482,1.1107988453922164,1.538185274738095,13.352159986285187,0.5388372711657538,0.08768775484154055,34.38416126987426,0.9445772521346738,6.601861260741253,0.9751157647390623,0.4078457090620415,0.3948840252556772,4.224646990722667,1.6694059575151523,0.178124957763219,9.508824348549583,28.956467086467455,3.1632886060380487,5.92529,,,None,1.0,1.0,69.52796189293637,58.6942866307667,35.520524037959476,29.614805040704645,33.40234886199282,27.373583518576012,,,None,1.0,1.0,67.96379245987308,65.08955535717678,43.78510793111812,79.03639485342431,39.77908635382759,41.59458797369363,A,A,C,S,C,C,58.32566074475473,A,47.626666666666665,53.49512002110261,,,None,1.0,64.71621906014852
433872,285023_43924,Raphinha,Brazil,FW,2,3,0,1,2,0,0.34,0.0,7,0,10,59,7,1,2,0,0,0,2,44,68,10,30,4,25,0,0,,,,86,39,41,6,40,46,5,28,37,120,3.25,189,108,15809.52,,,,,,,Round of 16,0.0,143.0,888.0,0.0,False,,,None,1.0,1.0,15.809520000000001,3.25,143.0,0.024633507569798124,0.018819999783325766,0.0922949649641699,0.8407251910188301,0.4880281037472539,0.3417598099105859,1.5277810877044666,2.369787221116926,17.11659820898702,1.160413378146877,0.0879908890393189,42.76587120048217,2.8069827134657035,16.746668614642175,2.2179134357799306,0.4092556206518327,0.6028202490225132,10.849527332913953,9.73145074311037,1.2115963327641242,30.1988081339972,61.28166358765932,5.216020474297464,15.809520000000001,,,None,1.0,1.0,75.93529829902457,79.16936310877632,59.893760784112885,70.72056558116387,55.567407609999805,58.75275287916744,,,None,1.0,1.0,46.62187383351997,43.79760299340918,68.17851079311183,60.31964728575365,69.20375992099778,73.25079616334071,B,C,B,B,B,A,44.40948774066717,B,53.459334644659194,59.45902170391966,,,None,1.0,49.50917587703322
475036,285023_43924,Rayan,Brazil,FW,2,5,0,4,1,1,0.67,0.0,1,0,13,91,6,5,4,0,0,0,1,100,95,10,20,4,100,1,100,,,,45,27,16,2,19,26,6,57,64,254,4.96,292,112,33541.01,157.0,216.0,85.0,4.864964962005615,5.364741802215576,6.164356231689453,Round of 16,0.0,326.0,239.0,1.0,True,147.85,5.2647793054580685,B,1.1,1.1,33.54101,4.96,326.0,0.020831935739452717,0.19060758269693912,0.13569987751146245,1.060364046414356,0.41271305223193083,0.8130935985061054,0.24385401044698027,2.004069252687777,24.257826270229618,0.9813323115379256,0.24910365825332234,59.57474393033398,2.897870399567575,19.75237853624374,1.7009414410834738,1.0448650862242033,0.8591738403617748,13.891855046277946,6.133338520409668,1.1993084284774522,26.23713792462082,69.81763081929886,7.508606055539473,33.54101,147.85,5.2647793054580685,B,1.1,1.1,78.054209015067,92.88964464021755,87.97388197925584,81.63570240042768,103.66937473565288,80.30491495931714,147.85,5.2647793054580685,B,1.1,1.1,38.165360209033224,49.95327546582083,88.21877273829736,99.36770036246473,74.15273764675764,82.24452107712894,C,C,A,S,B,A,47.10237664463251,B,30.44212897775274,43.65133062697338,141.3,5.3047600269317625,BL-B,1.05,55.07445122675839
405742,285023_43924,Vinicius Junior,Brazil,FW,11,17,24,14,3,1,3.07,1.3,2,0,10,120,7,4,10,0,0,0,3,140,83,18,33,10,80,4,100,,,,220,89,104,27,103,117,15,71,90,440,5.7,421,208,48042.97,6.0,320.0,39.0,7.351788997650146,4.862656116485596,6.585500240325928,Round of 16,4.0,505.0,8.0,1.0,True,61.35,6.786846876144408,B,1.1,1.1,48.042970000000004,5.7,505.0,0.6230797597818013,0.16504133983464067,0.48052362899792095,2.733263201400976,1.718700284862726,2.2166381922707608,0.36240631508062204,2.9453469749146213,27.05453811798198,1.757268987730772,0.6694728347137032,79.718422370008,2.0553968036228696,21.489541672085416,1.624054243278825,0.7534565660056688,1.6514956629249113,15.96131015475938,14.68882354722682,2.3997894260523798,37.23895243914823,79.96557953263985,8.69504862402752,48.042970000000004,61.35,6.786846876144408,B,1.1,1.1,109.45064793997552,101.75793617759408,93.05771872696431,83.50707330679522,89.0531008628575,99.02431146656366,61.35,6.786846876144408,B,1.1,1.1,107.16685330347144,104.6513703963988,100.95561484356054,96.97776458867669,98.03079624007904,75.77722501743082,S,S+,S,S,S,B,94.14082574616084,S+,55.766986350027906,52.258243280687175,47.3,6.872989082336425,BL-A,1.2,124.62433696163995
308370,285023_43924,Alisson,Brazil,GK,0,0,0,0,0,0,0.0,0.0,0,0,0,0,0,0,0,0,0,0,0,134,81,0,0,1,0,1,100,13.0,54.0,47.0,16,0,0,16,11,5,0,0,0,280,3.08,10,1,26853.51,,,,,,,Round of 16,0.0,520.0,1287.0,0.0,False,,,None,1.0,1.0,26.85351,3.08,520.0,,,,,,,,,,,,,,,,,,,,,,,,,,,,,,,,,,,,,,,,,,,,,,,,,,,,,,,,,,,,,
430605,285023_43924,Bruno Guimaraes,Brazil,MF,2,8,0,5,3,1,0.23,0.0,8,0,37,111,10,4,7,0,0,0,0,201,80,11,18,14,36,3,67,,,,282,41,132,109,213,69,4,43,78,542,7.2,597,122,54922.91,104.0,53.0,73.0,5.297788143157959,6.358667373657227,6.245833396911621,Round of 16,0.0,458.0,166.0,4.0,True,88.60000000000001,5.693931341171265,B,1.1,1.1,54.92291,7.2,458.0,0.018744175347176414,0.643058506321731,0.05293896616441537,1.425648653927843,0.3713512712336604,0.8887904797509144,1.3197065748656018,1.9604074804658878,37.70235919234999,2.4548288416568096,0.5385076616074802,98.87334230127071,6.379875820844747,20.91650030874518,2.1592123695703407,0.7829650311130557,1.2446215737971127,14.700206988841389,7.719242952963389,0.7647456926756003,25.179517265559607,110.76183134984504,10.117002425706476,54.92291,88.60000000000001,5.693931341171265,B,1.1,1.1,73.4971915153889,106.14607200896758,92.45750783433284,95.06273407736737,82.88092999876338,94.26759251948853,88.60000000000001,5.693931341171265,B,1.1,1.1,,,,,,,,,,,,,,,,,,,,,
308386,285023_43924,Casemiro,Brazil,MF,2,4,25,2,2,2,0.65,1.54,0,0,16,63,20,6,6,2,0,0,0,224,90,3,33,7,57,2,100,,,,82,3,25,54,64,18,1,7,67,520,6.39,331,93,45216.4,108.0,4.0,263.0,5.262962341308594,7.482791900634766,5.345147132873535,Round of 16,1.0,425.0,160.0,0.0,True,131.15,5.616482973098755,B,1.1,1.1,45.2164,6.39,425.0,0.1803315274273389,0.014678941928572574,0.12193350458167118,0.8168545118937311,0.3806448606213212,0.42767895727203536,0.06378807225505359,0.7205234217853965,42.35163372476483,1.3884366276185325,0.39086632280195016,97.8031856039428,3.1560579069754393,13.70628910633166,3.8244322314031898,1.1247963407641115,1.114651731682585,13.295799625558876,1.7899342957963251,0.30052977442360856,21.137240876249596,70.67634721374249,8.806298751823453,45.2164,131.15,5.616482973098755,B,1.1,1.1,87.15470200376758,70.33965586418473,93.41467913909074,86.37053639250087,93.7500920261347,78.00649292602348,131.15,5.616482973098755,B,1.1,1.1,,,,,,,,,,,,,,,,,,,,,
429392,285023_43924,Danilo Santos,Brazil,MF,1,2,0,2,0,1,0.19,0.0,0,0,2,10,1,0,0,0,0,0,0,29,79,0,0,1,100,0,0,,,,17,4,7,6,9,8,0,3,6,63,5.84,82,26,8468.71,,,,,,,Round of 16,0.0,73.0,734.0,0.0,False,,,None,1.0,1.0,8.46871,5.84,73.0,0.02515868765921017,0.019221237371636574,0.06261639545930703,0.647674073459747,0.2874575743746556,0.5600212056550589,0.08352684302857778,0.31055884046529036,14.316892252461816,0.5522276033001835,0.08986683231869874,31.65204430930168,1.179025556822266,6.765920281371912,0.9993478003796666,0.2070056820599813,0.19372189497591835,4.540606403817373,2.5547920511395557,0.18255143765522902,13.542675570895724,40.013830466272616,3.77849610567525,8.46871,,,None,1.0,1.0,70.9411886624384,50.50194345150945,37.19716724782479,31.347089539484664,33.57405309363487,30.79298719822899,,,None,1.0,1.0,,,,,,,,,,,,,,,,,,,,,
485069,285023_43924,Ederson Silva,Brazil,MF,0,2,0,1,1,0,0.32,0.0,0,0,1,7,2,1,0,0,0,0,0,6,83,2,50,0,0,0,0,,,,6,4,1,1,3,3,0,3,1,25,2.93,34,17,4547.64,,,,,,,Round of 16,0.0,38.0,637.0,0.0,False,,,None,1.0,1.0,4.54764,2.93,38.0,0.02311511116952537,0.017659944933517382,0.08272918834338613,0.5950651485655191,0.07026993795535715,0.32069391567462396,0.07674216908282423,0.6730093034291587,8.695689080937862,0.3135333679034421,0.08256717709754462,21.71517785003698,0.8894181108896263,5.6348271534002805,1.1120114947607844,0.3840293202791235,0.17798635600534538,3.2025935158463694,2.3472727622774783,0.1677232466460761,10.698094657948765,27.45937543610871,2.7115253409085223,4.54764,,,None,1.0,1.0,51.52525922956176,40.1184230916322,26.713899998295854,22.667517642476035,30.916488565363803,21.88997774240592,,,None,1.0,1.0,,,,,,,,,,,,,,,,,,,,,
394456,285023_43924,Fabinho,Brazil,MF,0,1,0,1,0,1,0.02,0.0,0,0,1,24,5,4,0,1,0,0,0,43,98,0,0,0,0,0,0,,,,34,0,12,22,29,5,0,1,11,93,4.74,117,36,9907.51,,,,,,,Round of 16,0.0,95.0,788.0,0.0,False,,,None,1.0,1.0,9.90751,4.74,95.0,0.025287403126901156,0.019319575988952484,0.02688747760831311,0.43893312405383317,0.07687370550577952,0.3508318115597095,0.08395417838131185,0.3121477041984679,17.358903138950907,0.3429983360132872,0.09032660396929092,38.17561702032012,0.9730030780939857,9.769299308284475,1.8526787803809546,1.0562829257252466,0.19471300407713893,5.624109515801998,1.7196445622417864,0.18348539708879477,15.7325072805953,47.6404559949567,4.1029315124265295,9.90751,,,None,1.0,1.0,59.89836219473171,51.50478487201252,53.83778877695142,42.43266130944726,76.06581788253077,40.69722527609253,,,None,1.0,1.0,,,,,,,,,,,,,,,,,,,,,
411726,285023_43924,Lucas Paqueta,Brazil,MF,1,5,0,2,3,1,0.24,0.0,1,0,9,104,17,3,6,0,0,0,0,190,85,5,0,8,63,1,100,,,,192,22,89,81,110,82,1,20,78,412,6.46,335,123,27561.36,143.0,104.0,47.0,4.923226833343506,5.983496189117432,6.426150798797607,Round of 16,0.0,255.0,217.0,1.0,True,113.14999999999999,5.45799822807312,B,1.1,1.1,27.56136,6.46,255.0,0.02221596348667827,0.20327112902233133,0.06460728016057177,1.130812288995023,0.25383466191801113,0.49451747345190855,0.260055131694281,1.205724517872102,42.6362945717015,1.791722392081377,0.26565355449292394,92.96786318729566,2.3452059695077043,23.48655861793147,3.863227691433205,0.7416873463239162,1.2888517163584774,17.422973038923697,5.609333305155269,0.34749716397784663,30.02955481522021,82.46697954659737,6.893463608431905,27.56136,113.14999999999999,5.45799822807312,B,1.1,1.1,74.41323306062968,90.05841425355386,94.58002182459376,89.37806304962348,84.84563929952881,82.68317189727094,113.14999999999999,5.45799822807312,B,1.1,1.1,,,,,,,,,,,,,,,,,,,,,
409241,285023_43850,Diney Borges,Cabo Verde,DF,2,4,0,3,1,3,0.18,0.0,0,1,5,29,16,2,0,1,0,0,0,195,81,0,0,8,13,9,44,,,,103,2,2,99,57,46,0,3,42,388,5.88,395,111,43337.98,266.0,50.0,323.0,4.570214748382568,6.376781940460205,5.031055927276611,Round of 16,0.0,445.0,1270.0,0.0,True,247.85,4.956410121917725,C,1.0,1.0,43.33798,5.88,445.0,0.018925195794506074,0.014458849587002639,0.0455150958857871,0.8046068020029586,0.3749375678826235,0.5799689335212368,0.06283165003776017,0.233612616887383,37.11425193979464,1.5263212464259805,1.4959231763809382,75.38802118672523,1.3630094235165895,8.104895939757041,3.132279716755242,0.47312148366452095,0.14572400761769677,9.128883611409913,1.604393987476916,0.13732122068493607,23.676959188185055,79.77360306977585,8.376149411914191,43.33798,247.85,4.956410121917725,C,1.0,1.0,46.27066064611374,41.13665744694248,71.53345810405763,45.13215252879033,50.761169042918795,74.77497528066213,247.85,4.956410121917725,C,1.0,1.0,,,,,,,,,,,,,,,,,,,,,
477770,285023_43850,Pico Lopes,Cabo Verde,DF,0,2,0,2,0,2,0.29,0.0,0,0,6,36,9,0,3,0,0,0,0,182,84,0,0,7,14,5,60,,,,66,2,6,58,24,42,0,3,38,384,5.66,366,99,41751.06,309.0,31.0,309.0,4.449967861175537,6.624897480010986,5.092410564422607,Round of 16,0.0,445.0,1270.0,0.0,True,267.29999999999995,4.936817979812622,C,1.0,1.0,41.751059999999995,5.66,445.0,0.018925195794506074,0.014458849587002639,0.06297236938248998,0.4872018293356335,0.05753259521529847,0.4212664471875743,0.06283165003776017,0.233612616887383,35.05111961745704,1.3676187600923178,0.8611132310462883,74.75321124139059,1.5217119098502518,9.215813344092679,2.0213623124196047,0.15571651099719597,0.6218314666186843,8.494073666075264,1.604393987476916,0.13732122068493607,21.772529352181106,75.17123096609963,8.124301262301573,41.751059999999995,267.29999999999995,4.936817979812622,C,1.0,1.0,40.909628579709086,38.66384879647743,71.68142331746165,45.11899640026768,45.90894843427513,69.09467341793719,267.29999999999995,4.936817979812622,C,1.0,1.0,,,,,,,,,,,,,,,,,,,,,
477832,285023_43850,Sidny Lopes Cabral,Cabo Verde,DF,2,4,25,0,4,0,0.11,8.93,8,0,22,77,9,2,9,2,0,0,0,105,83,11,9,3,33,0,0,,,,83,18,48,17,12,71,2,16,54,234,5.79,257,117,30954.32,57.0,148.0,68.0,5.713917255401611,5.727325439453125,6.268213748931885,Round of 16,1.0,324.0,147.0,0.0,True,73.39999999999999,5.8545026063919074,B,1.1,1.1,30.95432,5.79,324.0,0.19586488830389848,0.01594335367906059,0.037938411163851396,0.8872165617133548,0.41343277114473814,0.11452503271032005,1.4692556310149527,2.1825607181290843,25.17511194627608,0.8080470055734704,0.07454143892880159,56.17870219720754,4.477893534794351,17.33687142401201,2.2288975389438526,0.5216973246617097,1.7356552515639099,12.16611442601781,4.569064661417484,0.5014133720752609,27.157875267689448,63.814502009318694,7.069038088440705,30.95432,73.39999999999999,5.8545026063919074,B,1.1,1.1,73.84211215991863,66.12028206370357,72.10899145326121,89.82117577564104,70.79945323326959,72.78454393523928,73.39999999999999,5.8545026063919074,B,1.1,1.1,,,,,,,,,,,,,,,,,,,,,
477847,285023_43850,Steven Moreira,Cabo Verde,DF,0,2,0,1,1,0,0.06,0.0,0,0,9,77,7,0,2,0,0,0,0,109,81,4,75,3,0,0,0,,,,56,10,35,11,14,42,0,11,39,226,6.63,313,113,33908.12,,,,,,,Round of 16,0.0,346.0,1192.0,0.0,False,,,None,1.0,1.0,33.908120000000004,6.63,346.0,0.02047697112763515,0.015644405941513256,0.028641276029364133,0.5271500438337826,0.062249992228010864,0.28409294698678167,0.0679835441437487,0.9396290493528083,25.389924351966112,0.7928956246902031,0.07314374086791275,53.751594166239435,2.161630980117677,17.01179436728433,1.8436736733238146,0.168484518438182,0.5011033365594307,9.362262317951982,3.109669238946901,0.1485809025021206,25.961786999866593,72.23399909553024,7.443701994349569,33.908120000000004,,,None,1.0,1.0,40.385415309149614,45.66336869356176,57.2224999143911,61.20648554103487,46.54964535110834,69.5591341905472,,,None,1.0,1.0,,,,,,,,,,,,,,,,,,,,,
482783,285023_43850,Wagner Pina,Cabo Verde,DF,0,1,0,1,0,0,0.18,0.0,0,0,4,19,2,1,3,1,0,0,0,38,79,3,33,2,0,0,0,,,,46,18,22,6,14,32,2,10,13,87,1.68,134,74,11150.18,,,,,,,Round of 16,0.0,99.0,797.0,0.0,False,,,None,1.0,1.0,11.15018,1.68,99.0,0.02526794663067513,0.0193047112258358,0.060769411646773686,0.43859540251600765,0.0768145577572524,0.35056187645473547,0.08388958281384144,0.9475816892458249,16.286090019350322,0.7665171987896583,0.09025710536477158,36.87489583256003,1.6079285913926378,8.702325740398525,1.2155791463100165,0.4197960502227853,0.8302373450929696,6.043565014727873,5.53236637889306,0.6071269914433596,23.772275103513707,51.205954285201756,4.363085724997325,11.15018,,,None,1.0,1.0,71.4910720107221,73.23757475174178,50.1311955014465,46.165567250980196,46.56047551169269,46.03658064572386,,,None,1.0,1.0,,,,,,,,,,,,,,,,,,,,,
482782,285023_43850,Dailon Livramento,Cabo Verde,FW,0,1,0,0,1,0,0.0,0.0,0,0,8,93,4,1,1,0,0,0,2,19,79,3,33,0,0,0,0,,,,66,43,23,0,53,13,2,18,23,55,5.22,237,100,23067.28,,,,,,,Round of 16,0.0,198.0,980.0,0.0,False,,,None,1.0,1.0,23.06728,5.22,198.0,0.023450616537088336,0.017916271034335483,0.021001434145954824,0.40705059060265997,0.07128987427274855,0.1286969835555408,0.07785604690313327,0.8794293876295286,11.378374636246361,0.31808416270906614,0.08376560227047952,27.929913590589457,2.27888922508929,22.628656793719028,1.5214551559338136,0.3896033318990662,0.3772214063674836,7.575414208667344,10.050757065360001,0.5634609916569197,27.175460355358254,67.77822261504136,6.392799833594126,23.06728,,,None,1.0,1.0,42.11161302906195,48.8181398305678,42.255894267625514,63.36464855968289,44.85401196739108,62.01031197824165,,,None,1.0,1.0,5.7297499066815964,10.1977245531729,44.40455978656318,41.5923013332768,69.4597856698731,68.98260689317279,F,F,C,D,B,B,14.241756352779236,F,52.64071410860402,43.835051546391746,,,None,1.0,16.543072781197644
477862,285023_43850,Gilson Benchimol,Cabo Verde,FW,0,0,0,0,0,0,0.0,0.0,0,0,5,52,4,0,1,0,0,0,0,11,82,0,0,2,0,0,0,,,,35,20,15,0,24,11,1,7,12,26,3.24,123,54,9993.83,,,,,,,Round of 16,0.0,93.0,781.0,0.0,False,,,None,1.0,1.0,9.993829999999999,3.24,93.0,0.0252932445091738,0.01932403880500878,0.022651618052635682,0.22693098973630732,0.07689146330788835,0.1388093258663458,0.08397357177045701,0.31221981022124135,10.575600152733744,0.7672846239882922,0.0903474693867688,23.97349921789513,1.8216419524347054,15.710454789914147,1.6410032208711878,0.208112815821482,0.4068615104535677,5.837512211087252,5.9621123542604435,0.39563130989149453,19.55400498408619,48.92408209190065,4.122188064846182,9.993829999999999,,,None,1.0,1.0,57.51287791087303,61.80760829768981,44.207756627683054,54.272585545477625,42.69569834013287,40.31124362926716,,,None,1.0,1.0,27.0996640537514,29.837223878896086,27.261702643706037,39.10168090383025,40.49230093998025,57.86458627772437,D,D,E,D,C,B,26.999954087619138,D,40.38369304556355,45.519317611640744,,,None,1.0,30.484726412224422
355642,285023_43850,Ryan Mendes,Cabo Verde,FW,0,6,0,3,3,0,0.07,0.0,0,0,24,102,14,1,2,0,0,0,2,82,85,5,0,4,50,1,100,,,,151,52,84,15,50,101,0,35,51,211,6.2,468,170,37830.2,122.0,299.0,100.0,5.060402870178223,4.946753978729248,6.097384929656982,Round of 16,0.0,366.0,243.0,1.0,True,143.05,5.302601051330566,B,1.1,1.1,37.8302,6.2,366.0,0.02013677223541951,0.18424699111581397,0.029854062542109035,1.1938421032639048,0.061215787595675315,0.6170980974118425,0.06685408382159277,1.0928808021137857,20.40881555348175,0.9485851671130441,0.24079104755287195,50.325642177229454,4.658655681179128,20.950727418204814,2.9950808545604537,0.33454785908098517,0.4927781404686372,11.23307017477677,10.150230909751048,0.14611241934020394,35.155627187867545,97.2076099125526,7.982326553704843,37.8302,143.05,5.302601051330566,B,1.1,1.1,56.08025091867435,70.11919393137433,72.78628104761995,93.82873492561563,68.73887196340407,98.21977999032998,143.05,5.302601051330566,B,1.1,1.1,14.839119074281447,29.43626659575681,63.278680572398734,71.69107827967021,101.289638272192,93.06480486931615,F,E,B,A,S,S,29.048271713431937,D,43.91948095158876,43.44618055555555,133.1,5.360132598876953,BL-B,1.05,34.35919920289737
364752,285023_43850,Vozinha,Cabo Verde,GK,0,0,0,0,0,0,0.0,0.0,0,0,0,0,0,0,3,0,0,0,0,166,70,0,0,2,0,0,0,18.0,136.0,102.0,35,0,0,35,19,16,0,0,7,299,2.89,44,9,21320.84,,,,,,,Round of 16,0.0,445.0,1270.0,0.0,False,,,None,1.0,1.0,21.32084,2.89,445.0,,,,,,,,,,,,,,,,,,,,,,,,,,,,,,,,,,,,,,,,,,,,,,,,,,,,,,,,,,,,,
477827,285023_43850,Deroy Duarte,Cabo Verde,MF,2,3,33,1,2,0,0.12,8.28,0,0,13,137,26,4,1,0,0,0,0,101,86,1,100,2,50,1,100,,,,56,11,29,16,41,15,1,14,51,228,6.26,323,73,31052.7,89.0,137.0,305.0,5.453007698059082,5.761402606964111,5.100103855133057,Round of 16,1.0,300.0,137.0,0.0,True,150.20000000000002,5.41104097366333,C,1.0,1.0,31.0527,6.26,300.0,0.20006929674632237,0.016285591490999535,0.040540322594846114,0.7275083514748956,0.4223074614908641,0.2957364886463301,0.07076984784046919,0.4418804876807449,25.000505086731977,0.6466393526574598,0.2548946126034569,56.312107937548475,2.965237676765233,28.434206945025394,5.31554506121063,0.8904021618857424,0.3428879655810042,11.891011313111509,3.415872025142711,0.3334235642433029,19.875707029058166,76.98203834733086,7.238366804326,31.0527,150.20000000000002,5.41104097366333,C,1.0,1.0,70.9298500855064,57.11365357378192,66.02145688257397,84.4174219668409,72.54740651180043,62.787769187790985,150.20000000000002,5.41104097366333,C,1.0,1.0,,,,,,,,,,,,,,,,,,,,,
373344,285023_43850,Garry Rodrigues,Cabo Verde,MF,0,1,0,1,0,0,0.04,0.0,0,0,3,23,1,0,0,0,0,0,2,14,79,2,50,2,100,0,0,,,,29,18,11,0,16,13,0,13,11,40,3.53,123,50,10160.29,,,,,,,Round of 16,0.0,90.0,775.0,0.0,False,,,None,1.0,1.0,10.160290000000002,3.53,90.0,0.025296643910373097,0.019326635947525046,0.0311399437946123,0.43909352351983166,0.07690179748753423,0.3509600161360918,0.08398485778243868,0.736525841141574,11.213417611920242,0.7673877467122292,0.0903596120478527,26.946569726877573,1.3976227116188402,9.560737271967746,1.0048276679314154,0.2081407860945498,0.19478415810987285,5.6261647358654105,5.538649590888369,0.18355244821366717,18.7081048965343,48.93065746752229,4.158053583590628,10.160290000000002,,,None,1.0,1.0,62.55480349078817,71.89916441582218,42.46324212856236,39.095016455039094,39.56078666515204,38.53884636435048,,,None,1.0,1.0,,,,,,,,,,,,,,,,,,,,,
477849,285023_43850,Helio Varela,Cabo Verde,MF,1,3,33,0,3,0,0.26,3.91,0,0,5,39,2,1,2,0,0,0,1,29,93,1,0,3,100,0,0,,,,34,20,12,2,9,25,2,24,17,77,4.81,179,68,13847.35,,,,,,,Round of 16,1.0,130.0,100.0,0.0,False,,,None,1.0,1.0,13.84735,4.81,130.0,0.23347125647861505,0.01900450278846194,0.07651208400411906,0.848967291232566,0.2842162639242464,0.1365140200302083,0.08258501211740008,0.5156532978821652,14.155458021423588,0.9631933079925361,0.08885351303715452,34.21549013142619,1.7915198739743412,12.73892053580239,1.196675620028329,0.4132677828595089,0.6087300337612002,6.783966273164608,5.863524804778228,0.5976855321406803,22.151013861249236,59.796479551498905,4.85785473679934,13.84735,,,None,1.0,1.0,78.25437155048184,62.507582587354484,61.00020626413135,53.7698445143686,63.653199865363064,52.16928920630027,,,None,1.0,1.0,,,,,,,,,,,,,,,,,,,,,
401894,285023_43850,Jamiro Monteiro,Cabo Verde,MF,1,5,0,2,3,0,0.19,0.0,4,0,12,110,23,4,2,0,0,0,0,106,82,6,33,3,33,0,0,,,,105,12,73,20,69,36,0,17,65,259,6.17,339,109,32481.15,,,,,,,Round of 16,0.0,314.0,1173.0,0.0,False,,,None,1.0,1.0,32.48115,6.17,314.0,0.02105220627686558,0.016083885595525302,0.05239594733155905,1.071576012564704,0.24053783065140458,0.4686127551869047,0.7760498191181266,1.3191031757000282,25.57355587107157,0.8151694966486045,0.07519848082096385,61.087364727767195,2.751972474120238,23.31547751274272,4.720091777995724,0.8793740475249828,0.5151802354713314,14.21528240985459,3.550103718488766,0.15275480874493663,25.984944051329894,78.85319996984444,7.400893011292385,32.48115,,,None,1.0,1.0,55.664628308983986,57.241514456560324,65.07873140655465,82.49964839333931,69.19196237341096,71.71060190734998,,,None,1.0,1.0,,,,,,,,,,,,,,,,,,,,,
477855,285023_43850,Joao Paulo,Cabo Verde,MF,0,2,0,1,1,1,0.08,0.0,1,0,5,25,4,0,4,0,0,0,0,62,84,5,0,6,67,0,0,,,,32,4,20,8,6,26,1,12,25,144,3.17,122,58,12421.69,,,,,,,Round of 16,0.0,121.0,854.0,0.0,False,,,None,1.0,1.0,12.42169,3.17,121.0,0.025022136428390917,0.019116912231290657,0.03919523054890771,0.644158759262972,0.07606729474230839,0.34715156033273364,0.2929035685559822,1.358023630140679,21.163578418789225,1.5983807121970401,0.08937907132221234,48.47648587672457,1.802116507471761,9.876648723418272,1.623413969574955,0.20588213853280043,1.0319907529535073,8.502733256408183,2.5409256681311927,0.3913906975381288,20.183733798152485,48.189854523699964,4.587442041871233,12.42169,,,None,1.0,1.0,60.761705615950056,73.62782398575722,62.514396229474265,51.00316571700895,51.74863839165279,46.27270950271743,,,None,1.0,1.0,,,,,,,,,,,,,,,,,,,,,
477856,285023_43850,Jovane Cabral,Cabo Verde,MF,0,2,0,0,2,0,0.05,0.0,0,0,14,86,7,1,2,0,0,0,0,34,79,1,0,2,50,0,0,,,,57,21,32,4,29,28,0,21,24,84,2.92,190,61,14327.66,,,,,,,Round of 16,0.0,148.0,899.0,0.0,False,,,None,1.0,1.0,14.32766,2.92,148.0,0.024533982911968046,0.01874396294474358,0.03225848017182016,0.6315919520932999,0.07458330805238286,0.13464249822088062,0.0814528232677339,0.5085840137688948,14.990078191341583,0.7442520016250571,0.08763538696154985,35.18657286839013,3.618588015636801,22.233894753990025,2.2089525894543596,0.40760214010323437,0.6003847258292766,8.131118040638881,5.988876076720263,0.1780185800092401,20.40718161830413,61.23980904219129,4.890073899608633,14.32766,,,None,1.0,1.0,49.023985307838814,52.12739827339835,50.12685599586986,80.36285332537099,48.56364881602329,46.59985521467126,,,None,1.0,1.0,,,,,,,,,,,,,,,,,,,,,
477852,285023_43850,Kevin Pina,Cabo Verde,MF,1,5,20,0,5,0,0.09,11.33,0,0,22,93,23,5,3,1,0,0,0,156,86,1,0,1,0,3,67,,,,71,1,26,44,53,18,0,5,66,359,6.07,388,116,39576.48,110.0,61.0,301.0,5.249795436859131,6.297797203063965,5.1393632888793945,Round of 16,1.0,389.0,156.0,0.0,True,150.4,5.379387664794921,C,1.0,1.0,39.576480000000004,6.07,389.0,0.1854913715595571,0.01509895197039865,0.03261452677710665,1.0059555976229473,0.22580794488365827,0.10845948745228769,0.06561324678236062,0.40968314008338214,32.29391779172473,0.43379403197328564,0.567778565630331,73.91937437811146,4.240732581829191,19.07031889773324,4.4310461317667285,0.9912519061753337,0.6493603375332181,13.510505332130583,1.5096931749948856,0.14340051766650863,25.55379482011495,82.14513233422926,8.123579653853604,39.576480000000004,150.4,5.379387664794921,C,1.0,1.0,58.80607464538479,47.17937730331791,64.5596306667905,87.58522065510398,75.3375641360505,76.29648470817779,150.4,5.379387664794921,C,1.0,1.0,,,,,,,,,,,,,,,,,,,,,
480966,285023_43850,Laros Duarte,Cabo Verde,MF,3,3,0,2,1,0,0.7,0.0,1,0,13,97,4,0,2,0,0,0,0,41,80,2,100,2,50,0,0,,,,82,7,65,10,62,20,3,16,34,106,6.95,252,66,21530.22,,,,,,,Round of 16,0.0,187.0,969.0,0.0,False,,,None,1.0,1.0,21.53022,6.95,187.0,0.023694917013526485,0.018102916598334236,0.16031043585745705,0.8086917210603166,0.6681334733360775,0.5274383216468713,0.277367433023227,0.6898906726916091,15.868317426771036,0.7187984714481113,0.08463824357231661,38.35459358219733,3.296131453769186,23.659195609744316,1.537305153689142,0.19496177718729593,0.5798514780807921,9.840035668451508,3.0022512963560883,0.7680312434651052,20.702754486281044,71.46481750947642,6.1539835324476035,21.53022,,,None,1.0,1.0,75.03210825836535,61.8567074327991,55.63685489791991,74.97278776642085,53.370956579616,55.42810648477996,,,None,1.0,1.0,,,,,,,,,,,,,,,,,,,,,
401893,285023_43850,Nuno Da Costa,Cabo Verde,MF,0,1,0,1,0,0,0.07,0.0,0,0,6,61,3,0,3,0,0,0,0,23,78,1,0,5,40,0,0,,,,49,32,16,1,32,17,4,31,33,71,5.99,185,86,18105.97,,,,,,,Round of 16,0.0,180.0,953.0,0.0,False,,,None,1.0,1.0,18.105970000000003,5.99,180.0,0.0238499046003816,0.01822132711469154,0.035359020563917744,0.41398134407462367,0.07250370998516006,0.3308882764468942,0.07918168327326691,0.49440322238711043,12.372111511553953,1.323500105999576,0.08519185923256306,31.60546957812169,1.9176913292346829,16.613949544201823,1.3473606105575575,0.19623701505193977,0.7836442654229383,9.704398982404072,8.02188891244435,0.9730549077803687,24.838170447318213,58.53226627093492,5.509386513991944,18.105970000000003,,,None,1.0,1.0,54.638882294987845,61.05601718032676,50.66176083879248,56.041192380658536,46.887315747654,48.99682426111905,,,None,1.0,1.0,,,,,,,,,,,,,,,,,,,,,
494314,285023_43850,Telmo Arcanjo,Cabo Verde,MF,0,0,0,0,0,0,0.0,0.0,1,0,6,27,1,0,1,0,0,0,0,14,86,1,100,0,0,1,100,,,,12,3,4,5,7,5,0,5,12,31,3.03,58,27,6515.91,,,,,,,Round of 16,0.0,69.0,727.0,0.0,False,,,None,1.0,1.0,6.51591,3.03,69.0,0.02507503678821191,0.019157328106193895,0.022456199946051053,0.22497323006383724,0.07622811183616421,0.13761180189370695,0.29352280841241124,0.5197999403892355,11.11518429625301,0.3401177989953063,0.29984171768304063,24.818045522284724,2.016200124684159,10.31807673790774,0.9960250390709559,0.20631740269340756,0.4033514695447794,5.787151323807388,2.3360238605722055,0.1819444669352656,13.707920811232533,34.83421881726239,3.3553104167146017,6.51591,,,None,1.0,1.0,47.633572730839056,55.84113111985389,37.51301650982328,44.18402560752168,40.159737867927866,31.10303467788188,,,None,1.0,1.0,,,,,,,,,,,,,,,,,,,,,
433724,285023_43850,Willy Semedo,Cabo Verde,MF,0,3,0,2,1,0,0.06,0.0,0,0,6,57,6,4,2,0,0,0,0,33,91,2,0,1,0,0,0,,,,61,29,28,4,23,38,1,28,33,105,5.15,207,90,17802.43,,,,,,,Round of 16,0.0,156.0,912.0,0.0,False,,,None,1.0,1.0,17.80243,5.15,156.0,0.02436920435566228,0.01861807212772598,0.034085368593627194,0.8317046985225165,0.07408238124121334,0.542447658199551,0.08090575846079878,0.7095229232619715,14.68504500608446,0.5348986202280414,0.08704679795842565,39.241697281650495,1.9594464915576186,16.158277132337904,1.9897617817760622,1.0179287428297419,0.5963523382342759,9.915699283229085,7.583490611089765,0.38117767915252365,26.196407298249838,64.30253214919894,5.567316196881202,17.80243,,,None,1.0,1.0,56.33799696340086,55.486361988008504,59.633771188375675,60.27533829716197,78.91882694177552,55.93368021319063,,,None,1.0,1.0,,,,,,,,,,,,,,,,,,,,,
494313,285023_43850,Yannick Semedo,Cabo Verde,MF,0,1,0,0,1,0,0.01,0.0,2,0,3,12,1,1,1,0,0,0,0,35,77,2,50,0,0,2,100,,,,14,0,8,6,10,4,0,2,13,79,3.45,75,30,5295.67,,,,,,,Round of 16,0.0,46.0,184.0,1.0,False,,,None,1.0,1.0,5.29567,3.45,46.0,0.02393614269757135,0.21901038653995616,0.02344348368942711,0.41547824580162185,0.0727658738006169,0.13136155112427159,0.4809143407939602,0.6969140924968441,14.825525510879167,0.3246698395498578,0.4869462487537482,33.32553615954791,1.3224559266123521,6.838587883553065,0.9507861410901073,0.3976697556346287,0.3850314722903111,5.725025333833829,1.6277534480056421,0.17368065141357772,13.687484265894549,36.66436210871803,2.957983656425944,5.29567,,,None,1.0,1.0,40.388005128584595,63.33680714801695,32.401170684841645,30.105836943601933,33.106998554416315,27.098213403887083,,,None,1.0,1.0,,,,,,,,,,,,,,,,,,,,,
441252,285023_43899,Alistair Johnston,Canada,DF,2,5,0,4,1,2,0.18,0.0,2,0,12,52,16,5,4,1,0,0,0,240,77,24,25,17,53,2,100,,,,176,53,50,73,39,137,8,47,88,509,6.28,683,264,53458.13,260.0,20.0,33.0,4.583779335021973,6.848737716674805,6.67397928237915,Round of 16,0.0,511.0,1284.0,0.0,True,167.25,5.446073079109191,C,1.0,1.0,53.45813,6.28,511.0,0.017857665674162596,0.013643256575060223,0.04294768594636104,0.9089710562954755,0.3537881355962097,0.6970045331133151,0.35878828198497525,3.8144450084429278,41.75948449284406,2.7879784487517623,0.3632884137348642,89.25534327812773,2.3343778671474333,11.09197553226426,2.955594467139602,0.8956849530338984,0.7365056895845628,15.502461800468938,9.151164743094771,1.3275785499187454,45.25320582577903,118.40186326442713,9.41916527669946,53.45813,167.25,5.446073079109191,C,1.0,1.0,61.51230250038885,67.90895937334552,80.73023236515645,66.54595526930717,70.04097782003204,99.79713207633128,167.25,5.446073079109191,C,1.0,1.0,,,,,,,,,,,,,,,,,,,,,
412144,285023_43899,Alphonso Davies,Canada,DF,0,0,0,0,0,0,0.0,0.0,0,0,1,4,0,0,0,0,0,0,0,18,78,1,0,0,0,0,0,,,,13,6,7,0,3,10,0,14,8,41,1.4,37,17,2589.59,,,,,,,Round of 16,0.0,22.0,583.0,0.0,False,,,None,1.0,1.0,2.5895900000000003,1.4,22.0,0.020100528460361432,0.015356803743716133,0.01800122926796128,0.18034194134636272,0.061105606519498756,0.11031170019046353,0.06673375448839995,0.4166794881991902,9.584333980469538,0.27264356803634243,0.07179908766041103,21.58010602640812,0.773423667313685,4.394279262753965,0.6298701598338858,0.16538714817185385,0.15477406914478303,3.964833705590395,2.3782677267253507,0.14584943450838253,9.302890847751659,24.383906407423428,2.0278526759598074,2.5895900000000003,,,None,1.0,1.0,12.024116725784642,15.741632018855295,18.31236215274982,10.287600702668097,17.710565604000045,10.681931288735944,,,None,1.0,1.0,,,,,,,,,,,,,,,,,,,,,
371958,285023_43899,Derek Cornelius,Canada,DF,1,5,0,5,0,4,0.74,0.0,0,0,4,29,6,4,3,1,0,0,0,170,89,1,0,2,50,1,0,,,,14,2,2,10,6,8,1,8,35,379,4.58,368,106,33569.61,307.0,18.0,302.0,4.456068992614746,6.883890628814697,5.126347064971924,Round of 16,0.0,351.0,1194.0,0.0,True,262.4,4.9878117561340325,C,1.0,1.0,33.56961,4.58,351.0,0.02039055874657456,0.015578386882382963,0.14479408265707028,1.0378975651417532,0.23297799300308386,0.9668568584686873,0.06769665503862754,0.42269175158121364,35.71321177239326,0.6185589276655318,0.24382577025626156,79.68633983149559,1.2975554714559105,8.732451626337467,1.6649027153636435,0.8517362950208044,0.6699793855891159,8.638790993161534,1.7286209458290507,0.3189445886786422,24.655293952008677,81.33366135398441,7.35440767085953,33.56961,262.4,4.9878117561340325,C,1.0,1.0,57.840510098122145,45.86271355434356,68.24874596431142,48.093877895160695,69.5606299223981,69.90080648304195,262.4,4.9878117561340325,C,1.0,1.0,,,,,,,,,,,,,,,,,,,,,
480322,285023_43899,Luc De Fougerolles,Canada,DF,1,3,0,3,0,1,0.17,0.0,0,0,17,41,22,8,8,2,0,0,0,191,89,1,0,6,67,1,0,,,,43,6,4,33,25,18,2,7,32,404,6.37,528,174,44379.43,267.0,5.0,116.0,4.570196628570557,7.458939075469971,5.986086368560791,Round of 16,0.0,421.0,1259.0,0.0,True,189.95,5.357480430603027,C,1.0,1.0,44.37943,6.37,421.0,0.01927233364400222,0.014724062904017692,0.04473382734184741,0.6577518990473665,0.22020140147555956,0.5906070886316627,0.06398414769808737,0.39951119369935617,37.14857087335129,1.2310909767340028,0.23045428297416876,79.35665182263196,3.3273726863777924,10.192923127272282,4.159415005419896,1.4514808188051924,1.4413050266411596,7.680196266767275,2.2802768203134836,0.46306706731646574,34.2929078252441,102.73145715024724,8.698102401993221,44.37943,189.95,5.357480430603027,C,1.0,1.0,57.676193813467826,56.019862974798784,78.0316424728145,75.09565348282904,72.69669784794335,93.49221055388935,189.95,5.357480430603027,C,1.0,1.0,,,,,,,,,,,,,,,,,,,,,
466585,285023_43899,Moise Bombito,Canada,DF,1,1,0,1,0,1,0.2,0.0,0,0,4,11,2,2,0,0,0,0,0,111,86,0,0,4,50,1,100,,,,38,2,1,35,19,19,1,1,22,236,3.44,212,72,21226.71,,,,,,,Round of 16,0.0,221.0,1015.0,0.0,False,,,None,1.0,1.0,21.22671,3.44,221.0,0.022942984178219845,0.01752843991215996,0.05902577228617118,0.3982392209246115,0.26214143877941143,0.3183058640476936,0.07617070747168987,0.2832081966959457,28.832387035477733,1.0807777049038663,0.27434710636222437,62.14877129251047,1.4599793474014842,6.3624464034853565,1.1037308859639432,0.573564407573639,0.1766609781722928,7.219035463881516,1.9450042298109085,0.35886906007478625,21.20014332810555,61.50116732577325,5.9002997147766765,21.22671,,,None,1.0,1.0,57.28973684200428,47.00462502698162,65.91077999470497,39.7827456435338,54.07790549458406,49.26979135695025,,,None,1.0,1.0,,,,,,,,,,,,,,,,,,,,,
485064,285023_43899,Niko Sigur,Canada,DF,0,1,0,0,1,0,0.04,0.0,0,0,4,39,9,5,1,1,0,0,0,64,81,4,25,8,63,1,100,,,,44,4,17,23,26,18,2,9,36,149,4.53,265,75,17924.01,,,,,,,Round of 16,0.0,147.0,898.0,0.0,False,,,None,1.0,1.0,17.92401,4.53,147.0,0.02455412594739475,0.018759352223809585,0.030225910782345624,0.4262050617224454,0.07464454288008004,0.1347530431993024,0.08151969814535057,1.1267179055843193,21.179548745468065,1.9802957141298192,0.29361278160651366,48.59931579804164,1.5625045328986815,12.574593502510606,2.622577084189338,1.2315585669072622,0.3949722135173592,10.608659223823796,2.493400555816311,0.5899756253191355,23.306612655094114,76.7329967907719,5.6345968194693965,17.92401,,,None,1.0,1.0,55.71320555465585,76.68333095134466,62.53955756355294,55.803399099122956,64.70105540560412,56.87541807083569,,,None,1.0,1.0,,,,,,,,,,,,,,,,,,,,,
431696,285023_43899,Richie Laryea,Canada,DF,1,2,0,1,1,0,0.34,0.0,0,0,22,79,28,8,13,1,0,0,1,202,83,4,25,15,60,1,100,,,,110,42,39,29,48,62,6,28,76,428,5.81,464,231,46053.79,249.0,106.0,67.0,4.60765552520752,5.96925163269043,6.271140098571777,Round of 16,0.0,475.0,1279.0,0.0,True,182.05,5.227766084671021,C,1.0,1.0,46.05379,5.81,475.0,0.018514522456186674,0.014145095156526616,0.0693688138638102,0.47662963743542247,0.2115428192460653,0.25686637021881026,0.061468214554539755,0.8495779491161995,37.39569005774237,2.580011047284583,0.2213925451927566,79.96246155146774,3.972829771295241,15.691954707372748,4.927413863106285,1.3944068586035667,2.160924545642989,14.209583295410676,7.779925766239348,1.0658934008176375,41.79421395802691,88.7553785563599,8.616041530334696,46.05379,182.05,5.227766084671021,C,1.0,1.0,62.2546625193518,66.26834172833769,82.70648380161423,86.45271926908075,75.41862555143003,93.51356507217028,182.05,5.227766084671021,C,1.0,1.0,,,,,,,,,,,,,,,,,,,,,
466687,285023_43899,Ali Ahmed,Canada,FW,1,3,0,1,2,0,0.29,0.0,2,0,18,113,12,1,5,0,0,0,0,65,78,15,20,5,40,1,100,,,,124,50,60,14,37,87,5,45,45,188,5.24,341,172,27940.35,160.0,182.0,53.0,4.84665584564209,5.483025074005127,6.3775248527526855,Round of 16,0.0,258.0,1053.0,0.0,True,136.55,5.324828481674194,B,1.1,1.1,27.94035,5.24,258.0,0.022153623307380278,0.01692536820683853,0.07371475387736139,0.756088394398684,0.2531223768827254,0.3073544467391923,0.4451007534370813,3.060094756530643,19.294732680754663,1.2293685566827528,0.2649081044822517,51.09330512205807,4.010603349074896,25.092631281940182,2.923510284299541,0.3680553746014143,1.099459709608275,11.24349551545487,10.795303100809559,1.089623500859798,39.04828166928738,83.35022126050896,6.94452687577691,27.94035,136.55,5.324828481674194,B,1.1,1.1,70.20481084385986,76.75850148836722,74.08031908760658,98.32989373629094,67.72712603509827,89.09392660297841,136.55,5.324828481674194,B,1.1,1.1,30.292086599477418,27.138027312959405,76.39170506912443,52.62988320579944,100.42463699206323,102.72429193283963,D,E,B,C,S,S,34.11378440008764,D,49.77696674776967,52.300511224716594,130.1,5.369553470611572,BL-B,1.05,40.171360610732954
390670,285023_43899,Cyle Larin,Canada,FW,4,9,22,9,0,3,1.27,1.58,0,0,8,76,6,5,1,2,0,0,3,23,87,0,0,1,0,0,0,,,,76,44,21,11,48,28,1,29,34,74,4.5,216,96,20615.07,16.0,279.0,313.0,6.463912487030029,5.081690788269043,5.068778038024902,Round of 16,2.0,224.0,40.0,0.0,True,129.7,5.907795619964599,B,1.1,1.1,20.61507,4.5,224.0,0.4065687199827753,0.01747840818412421,0.2641320979697631,1.9318674092934358,0.8369300374936778,1.8521622075742097,0.07595329210902145,0.2823998306607713,11.867676472592796,0.5021559889408623,0.08171842151006765,30.89238997273413,2.2231945479156154,18.81425068978462,1.867962932599299,1.1474641063426232,0.3680023428784221,9.500577380738896,9.996968240278713,0.3578447339337216,25.74392606206544,62.09300592900143,5.7661179380235374,20.61507,129.7,5.907795619964599,B,1.1,1.1,101.87660251665936,55.60373599517723,62.10178631435081,69.09259373644059,77.54897637139806,62.24526315897406,129.7,5.907795619964599,B,1.1,1.1,100.88465845464727,84.80294022678494,70.75430511763282,45.352820230196926,63.51121027029004,71.15476661578761,S,A,B,D,B,B,78.64478835634732,A,69.2669621547903,49.84778806917547,131.39999999999998,5.907149982452393,BL-B,1.05,91.26616555092606
423933,285023_43899,Jayden Nelson,Canada,FW,0,1,0,0,1,0,0.07,0.0,0,0,1,2,0,0,0,0,0,0,0,8,75,0,0,0,0,0,0,,,,4,0,2,2,1,3,0,2,7,20,1.39,19,5,1462.29,,,,,,,Round of 16,0.0,12.0,541.0,0.0,False,,,None,1.0,1.0,1.4622899999999999,1.39,12.0,0.01630063823398475,0.01245368761076435,0.02416674666745747,0.2829428561014553,0.04955394023131365,0.08945790262810832,0.05411811893682937,0.20121507836030775,6.405535024067167,0.22110185700576915,0.058225879771793526,14.629945975379082,0.6272123356032133,3.290178778972314,0.5107967997001461,0.13412165138922652,0.12551491440168258,3.0786109841513998,1.108508602463899,0.11827743102579336,5.903910050146678,17.313784480415787,1.4904040808099015,1.4622899999999999,,,None,1.0,1.0,12.185084629433879,2.2951128716758307,8.248701238963248,4.811996142186091,11.437117123263507,4.479177365993555,,,None,1.0,1.0,20.43673012318029,25.202757887139356,3.6090225563909777,21.465968586387433,6.413079258256829,9.743908643789924,E,E,G,F,F,F,17.82990795010919,F,38.779372338747834,16.32996632996633,,,None,1.0,20.464062860304416
441257,285023_43899,Jonathan David,Canada,FW,9,18,17,13,5,0,2.71,1.11,0,0,45,227,21,5,5,1,0,0,0,103,74,6,0,10,60,1,100,,,,209,64,117,28,133,76,11,93,97,307,6.61,667,256,52214.28,54.0,322.0,195.0,5.797469139099121,4.8513054847717285,5.654051780700684,Round of 16,3.0,475.0,21.0,0.0,True,129.45,5.619690251350402,B,1.1,1.1,52.21428,6.61,475.0,0.4842905353939601,0.014145095156526616,0.43733186408465125,2.9607683731035475,1.453612187080128,2.1199704219699043,0.061468214554539755,1.160095291074715,22.025081630795846,1.8037176923882943,0.2213925451927566,61.176162362977536,7.543779203818171,38.6702380123029,3.8406031662514795,0.928630845665793,0.9188551778089264,17.47001538597509,11.195616527783018,1.8421867557139264,45.67568073250835,120.27288876514923,9.572511020315707,52.21428,129.45,5.619690251350402,B,1.1,1.1,108.62077567908749,76.40526488201172,85.8567822790923,106.50954525647373,83.66154159835177,110.00000000000001,129.45,5.619690251350402,B,1.1,1.1,104.84695782008211,83.42399665710649,107.17196216347322,53.45015579625666,110.00000000000001,109.97927148698817,S,A,S+,C,S+,S+,84.86148573774061,S,88.96169354838709,58.08841389361184,123.10000000000001,5.65982756614685,BL-B,1.05,98.39919449378348
493970,285023_43899,Promise David,Canada,FW,3,5,20,3,2,1,0.75,1.34,0,0,6,23,1,4,2,0,0,0,0,16,50,0,0,1,0,1,100,,,,22,15,7,0,18,4,2,18,18,46,4.43,79,41,9794.61,,,,,,,Round of 16,1.0,105.0,56.0,1.0,False,,,None,1.0,1.0,9.79461,4.43,105.0,0.2367251843399751,0.23077286532849073,0.18121515755714943,1.2838064772660447,0.7111844206489907,0.7729271195477774,0.08373601321240716,0.31133655032950414,11.603199585044385,0.5536105066293375,0.301595372888864,28.135748824981718,2.0279920790257884,9.532409099265587,1.001850394222982,1.0535380457520864,0.6172140058217337,7.09001903678113,4.887728260373852,0.6060155751391104,16.749141910257297,39.47952370403216,4.068390800199539,9.79461,,,None,1.0,1.0,91.54189091335623,63.49290684162311,42.48378482501964,46.31700539397877,46.43235513020283,39.81626919905719,,,None,1.0,1.0,84.78910041060097,87.00830025261638,54.21780257094348,54.108993789346506,43.35613181668557,42.676239470857595,A,S,C,B,C,C,71.08776571340846,A,59.31178310740355,70.69612338474364,,,None,1.0,78.66214236167421
430138,285023_43899,Tajon Buchanan,Canada,FW,3,6,0,3,3,0,0.68,0.0,1,0,29,136,32,5,8,0,0,0,2,95,80,17,18,9,56,1,100,,,,95,55,34,6,25,70,14,73,97,262,6.58,537,213,43975.29,,,,,,,Round of 16,0.0,401.0,1217.0,0.0,False,,,None,1.0,1.0,43.97529,6.58,401.0,0.019575138882720073,0.014955406106398136,0.12915459133275564,1.1605447338935309,0.5519667161223522,0.5998866561072509,0.22914222573025836,3.0322325132419676,21.97358059930992,1.7428920655618645,0.23407516072870382,57.29380409108051,5.349485253808015,25.94758609429214,5.866295020497003,0.9818280659251593,1.4639506865139662,18.47079654757426,10.35958979976002,2.4401759126878044,41.23367284682063,105.82293979813294,8.768425536047507,43.97529,,,None,1.0,1.0,70.36313670581148,72.3248139126582,76.42797428783312,97.3610580910591,76.82571361786911,97.23458988262075,,,None,1.0,1.0,32.49346771183277,25.46866987027294,89.63861266068398,40.3310935413443,98.26268241834609,98.34171895905179,D,E,S,D,S+,S+,33.991921669175,D,54.05125012968149,53.37662337662338,,,None,1.0,38.12527190676742
486929,285023_43899,Tani Oluwaseyi,Canada,FW,4,8,0,8,0,2,0.99,0.0,0,0,11,104,20,5,5,0,0,0,1,41,66,4,0,4,50,1,100,,,,132,94,36,2,107,25,6,49,55,131,6.11,350,172,29357.02,,,,,,,Round of 16,0.0,288.0,1093.0,0.0,False,,,None,1.0,1.0,29.357020000000002,6.11,288.0,0.02154857728998108,0.016463113049545546,0.19819260865305519,1.6389464800941123,0.7883139972857435,1.563871236815818,0.0715412766027372,0.9888019603917275,14.430928976772934,1.0150912246855044,0.25767309866086263,39.39788637372745,2.6361571742016636,22.781002676640604,4.289277829579852,1.0808095968472153,1.0694319480381056,12.743435946330859,18.451338024646596,1.2405659603024042,37.98181922282998,82.70012594661746,7.01085677374776,29.357020000000002,,,None,1.0,1.0,72.65459329839483,60.88529449690421,60.880313660930995,84.04882481761638,63.459598243682905,80.97846284126969,,,None,1.0,1.0,43.52370287420679,35.00351383691998,83.79820519039534,18.477224071051566,90.10643356131818,86.4134019258673,C,D,A,F,S,S,39.09493571194078,C,81.99466148992963,65.63258699757216,,,None,1.0,43.70164372174768
331732,285023_43899,Maxime Crepeau,Canada,GK,0,0,0,0,0,0,0.0,0.0,0,0,0,0,0,1,1,0,0,0,0,123,75,0,0,2,0,1,0,7.0,49.0,40.0,14,0,0,14,9,5,0,0,6,237,3.3,90,16,28143.54,,,,,,,Round of 16,0.0,511.0,1284.0,0.0,False,,,None,1.0,1.0,28.14354,3.3,511.0,,,,,,,,,,,,,,,,,,,,,,,,,,,,,,,,,,,,,,,,,,,,,,,,,,,,,,,,,,,,,
441258,285023_43899,Ismael Kone,Canada,MF,0,2,0,1,1,0,0.04,0.0,0,0,8,25,5,1,3,0,0,0,0,108,86,2,0,0,0,0,0,,,,52,3,24,25,36,16,0,14,38,238,2.51,198,44,16975.03,,,,,,,Round of 16,0.0,160.0,917.0,0.0,False,,,None,1.0,1.0,16.97503,2.51,160.0,0.024284778153958173,0.018553570509624046,0.029894346042827806,0.6251765355607641,0.07382572558803285,0.3369216154906481,0.08062546347114115,0.707064807495911,29.90767568772565,0.32939873088028865,0.0867452275659386,66.19076402818416,2.3599515680627148,9.585601287052489,1.7792215731410617,0.4034619076324935,0.797933050730655,10.899580476937388,2.2624023125269486,0.17621035028512047,16.737900182782578,62.246937642450824,5.379531113661689,16.97503,,,None,1.0,1.0,50.57553402976988,46.977200669287754,59.20773082459758,55.43375241890819,58.83775834386843,45.538840508805976,,,None,1.0,1.0,,,,,,,,,,,,,,,,,,,,,
448411,285023_43899,Jacob Shaffelburg,Canada,MF,0,3,0,2,1,0,0.09,0.0,0,0,5,22,6,2,1,0,0,0,0,41,90,19,16,6,50,0,0,,,,62,30,23,9,12,50,6,25,25,137,7.63,202,106,15826.53,,,,,,,Round of 16,0.0,126.0,864.0,0.0,False,,,None,1.0,1.0,15.82653,7.63,126.0,0.02494282726973805,0.019056320034079866,0.0411626489867033,0.8512820661646464,0.07582619490000367,0.5552162493233601,0.08281018653553032,4.282029385854504,16.70403405132743,1.59331454888784,0.0890957790075043,46.858681707628755,1.7964045913685516,9.217849074402375,2.0365984751256248,0.6235595960424424,0.4012247766105019,8.475783334576155,7.971162224656833,1.4359751944703325,30.159680564559313,64.7703144269448,5.2850752510080135,15.82653,,,None,1.0,1.0,66.56571739973812,83.08919985933129,69.95434092417295,56.77631369111458,67.02122229154169,60.86538143029564,,,None,1.0,1.0,,,,,,,,,,,,,,,,,,,,,
370986,285023_43899,Jonathan Osorio,Canada,MF,0,1,0,1,0,0,0.04,0.0,0,0,1,3,1,0,1,0,0,0,0,9,67,0,0,0,0,0,0,,,,4,1,1,2,2,2,0,1,7,22,2.82,29,11,2036.53,,,,,,,Round of 16,0.0,17.0,563.0,0.0,False,,,None,1.0,1.0,2.03653,2.82,17.0,0.018495021512978604,0.014130196435915654,0.022767207082285437,0.32103247341750196,0.05622486539945496,0.2565958184662845,0.061403471423088975,0.22830254555620785,7.422939894190937,0.25086647180204175,0.06606421684435958,16.909611828866957,0.7116473277716101,3.8881960426591498,0.7346551345337554,0.15217703700878796,0.2975068060529932,3.493051963036753,1.412830583371655,0.13419987609817274,7.629262134180165,21.195508374122078,1.7801033216129565,2.03653,,,None,1.0,1.0,17.490933344486447,4.526920480776501,7.854382385717503,7.864155212282724,8.242399314066796,6.828722645677707,,,None,1.0,1.0,,,,,,,,,,,,,,,,,,,,,
441259,285023_43899,Liam Millar,Canada,MF,0,1,0,1,0,1,0.04,0.0,0,0,3,44,12,3,1,1,0,0,0,67,75,10,20,8,50,0,0,,,,75,36,35,4,19,56,4,33,26,166,3.93,243,114,19176.61,,,,,,,Round of 16,0.0,176.0,945.0,0.0,False,,,None,1.0,1.0,19.17661,3.93,176.0,0.02393805470274486,0.01828867379289707,0.02946753255637045,0.41551143396253354,0.07277168629634437,0.33211125137817044,0.07947434161311294,2.302883418945749,21.25036439466863,1.9306094313440845,0.08550673139820462,50.79250920776368,1.3225615636235182,13.262788775404688,3.1589933681992926,0.7991799356027046,0.3850622283806421,8.335092338735256,8.854494930107702,0.9766513536011434,30.55067101642483,70.39147764114104,5.744668828809535,19.17661,,,None,1.0,1.0,54.89581730288724,77.02443768922484,61.21093260906099,54.40847129691305,55.330983577009754,63.222152926433786,,,None,1.0,1.0,,,,,,,,,,,,,,,,,,,,,
448390,285023_43899,Mathieu Choiniere,Canada,MF,0,0,0,0,0,0,0.0,0.0,1,0,2,19,2,1,1,0,0,0,0,29,79,4,50,2,50,1,100,,,,19,0,7,12,12,7,0,5,10,63,1.48,132,43,7597.41,,,,,,,Round of 16,0.0,61.0,709.0,0.0,False,,,None,1.0,1.0,7.59741,1.48,61.0,0.02482573573046364,0.018966862098074216,0.022232935890774012,0.22273650097371972,0.07547023662060946,0.13624363768878445,0.29060454563064503,1.1391812938788661,14.127421444060234,0.7531024854590203,0.2968606310347219,31.23315881955338,1.1634222456121235,8.550027520212975,1.19430546086082,0.41244925659576054,0.39934126813007575,5.313248095675126,1.6882493326144492,0.18013553846024416,16.90256355427503,49.89343963184686,3.5471012717781076,7.59741,,,None,1.0,1.0,44.444280935094824,65.39790125063179,38.75382152297059,34.173681696333425,37.11095947290176,33.51970517409725,,,None,1.0,1.0,,,,,,,,,,,,,,,,,,,,,
423941,285023_43899,Nathan Saliba,Canada,MF,1,3,33,1,2,1,0.3,3.36,0,0,11,43,12,5,2,1,0,0,0,93,85,4,25,4,75,1,100,,,,51,4,13,34,32,19,2,8,40,206,4.12,386,122,23647.54,,,,,,,Round of 16,1.0,206.0,51.0,2.0,False,,,None,1.0,1.0,23.64754,4.12,206.0,0.21843706087689257,0.40810844951689534,0.07939170382730892,0.7942987187137731,0.2659143839863223,0.3228871717176379,0.07726701604083662,1.067939804304179,25.73441582646844,1.096333105379426,0.2782957251109383,57.188349259333215,2.8471395582758343,12.699263347511726,3.0712552793677763,1.1673111862458547,0.5695313480889564,10.835887023722087,2.363325982868325,0.5591980483533747,31.263465583684592,96.34485257627853,6.457679991512657,23.64754,,,None,1.0,1.0,78.9127806454858,82.62698233447708,73.35668577555256,71.30667914102754,74.57097023914694,76.36349467810238,,,None,1.0,1.0,,,,,,,,,,,,,,,,,,,,,
433635,285023_43899,Stephen Eustaquio,Canada,MF,1,4,25,0,4,0,0.1,10.34,44,0,16,91,15,2,6,0,0,0,0,281,87,42,38,15,60,3,100,,,,212,22,76,114,133,79,1,31,127,618,7.14,897,210,52496.91,101.0,205.0,25.0,5.31575870513916,5.405862808227539,6.825634956359863,Round of 16,1.0,444.0,163.0,0.0,True,97.6,5.706743383407592,B,1.1,1.1,52.49691000000001,7.14,444.0,0.17776025036237514,0.014469640608624058,0.03284339058937489,0.8052073013265671,0.21639646350582162,0.10393898908393828,7.05099947149578,6.904266036306987,50.80055128370257,2.639206891673868,0.5441140422234252,111.97309920420872,3.1110569056104764,17.957842509853734,2.9757964897058926,0.47347458673327203,1.0987583464604562,22.63547580503432,4.782009992997308,0.29624463733561085,39.41790201786173,159.561247175711,9.83703053579962,52.49691000000001,97.6,5.706743383407592,B,1.1,1.1,75.53768144901333,78.99928003490082,101.46327417026052,88.60616510063262,86.05854134565864,109.40687825474745,97.6,5.706743383407592,B,1.1,1.1,,,,,,,,,,,,,,,,,,,,,
431200,285023_43926,Daniel Munoz,Colombia,DF,2,3,67,3,0,0,0.64,3.11,0,0,10,46,15,5,1,0,0,0,2,143,94,6,33,4,25,0,0,,,,268,108,87,73,35,233,7,30,33,308,6.64,439,168,34353.71,27.0,51.0,208.0,6.178657531738281,6.374165058135986,5.598361492156982,Round of 16,2.0,320.0,43.0,0.0,True,75.85000000000001,6.062909650802611,B,1.1,1.1,34.35371,6.64,320.0,0.37216089184423756,0.01599921405192428,0.13114450586100096,0.7147153265045478,0.41488130632843323,0.6417555598070291,0.06952538043506364,1.3121589269740483,31.936488156486394,0.9864878979508472,0.07480260810664074,69.37065621493612,2.3862655573767952,11.95371179490892,3.2903654141480994,1.0503544522407278,0.33685837939575075,8.520935691866988,20.389951240195042,1.3812189434169095,36.209125270815996,95.99906306716237,7.690771768383171,34.35371,75.85000000000001,6.062909650802611,B,1.1,1.1,99.7843893518853,76.38545593642786,93.82653732432371,77.71961728507968,90.88797659019696,97.38001355893277,75.85000000000001,6.062909650802611,B,1.1,1.1,,,,,,,,,,,,,,,,,,,,,
386013,285023_43926,Davinson Sanchez,Colombia,DF,2,5,0,4,1,4,0.45,0.0,0,0,17,25,14,3,3,0,0,0,1,282,91,0,0,7,29,6,100,,,,44,0,1,43,17,27,0,7,43,587,5.32,323,104,36402.68,303.0,9.0,258.0,4.473987579345703,7.134161949157715,5.360033512115479,Round of 16,0.0,410.0,1245.0,0.0,True,247.64999999999998,5.094525218009949,C,1.0,1.0,36.402680000000004,5.32,410.0,0.019437306449786165,0.014850102127636631,0.09075589378308357,0.9893761758998488,0.385083276580297,0.7586596677423204,0.06453185741329008,0.23993411081616042,52.29928663781604,1.4046261520902141,1.0474116535574773,109.86439011816229,3.3558552779570143,7.672224491436663,2.891044489721128,0.648920954928261,0.6386580571227739,9.538905653648326,1.3218145878112586,0.1410370955996484,23.17667274220176,70.19647595135268,7.472373112909748,36.402680000000004,247.64999999999998,5.094525218009949,C,1.0,1.0,55.72494470606899,48.86707148658194,86.11901341753563,64.69719148517181,72.78185716806546,65.47346509167151,247.64999999999998,5.094525218009949,C,1.0,1.0,,,,,,,,,,,,,,,,,,,,,
394376,285023_43926,Deiver Machado,Colombia,DF,0,0,0,0,0,0,0.0,0.0,0,0,4,21,2,1,2,0,0,0,0,23,96,2,0,1,100,0,0,,,,36,16,17,3,7,29,1,9,7,52,1.52,117,56,10069.09,,,,,,,Round of 16,0.0,99.0,796.0,0.0,False,,,None,1.0,1.0,10.069090000000001,1.52,99.0,0.02526794663067513,0.0193047112258358,0.02262896228456742,0.22670401717041727,0.0768145577572524,0.13867049110914514,0.08388958281384144,0.7356903039002346,13.107719239166467,0.5546258134440679,0.09025710536477158,29.458697345464362,1.6079285913926378,9.126108511089706,1.2155791463100165,0.4197960502227853,0.6183459597473794,4.7722167026543305,5.1085836082018785,0.39523560609776914,19.958230167293078,47.60380073432672,4.13401206721406,10.069090000000001,,,None,1.0,1.0,55.89583062304286,61.79604535742269,52.779946447473634,45.874722944275,60.752269254811985,43.303763073721235,,,None,1.0,1.0,,,,,,,,,,,,,,,,,,,,,
463902,285023_43926,Gustavo Puerta,Colombia,DF,4,12,0,2,10,0,0.44,0.0,0,0,13,113,23,8,7,1,0,0,0,243,91,2,0,4,50,2,50,,,,210,37,90,83,117,93,3,38,83,538,6.68,559,161,43401.19,149.0,74.0,131.0,4.904052734375,6.179779529571533,5.905455112457275,Round of 16,0.0,389.0,249.0,1.0,True,133.25,5.3457623481750485,B,1.1,1.1,43.40119,6.68,389.0,0.019763026139265248,0.1808272973906905,0.0906194476742088,2.16605401556499,0.7229929811445339,0.4399161782928714,0.06561324678236062,0.575411485503674,46.71228384329013,0.9309790682341613,0.40205022021003917,103.5847482083437,2.749177473046564,22.38488580613908,4.4310461317667285,1.4884369424362094,1.3122737192143854,16.327887204275548,7.475913610125394,0.6405855539273843,33.01157036402808,110.48467940109914,8.75744251386605,43.40119,133.25,5.3457623481750485,B,1.1,1.1,78.2687040000031,83.85648280433054,98.7281678201487,93.9981069055616,102.82329116951736,102.83555911675104,133.25,5.3457623481750485,B,1.1,1.1,,,,,,,,,,,,,,,,,,,,,
441622,285023_43926,Jhon Lucumi,Colombia,DF,0,1,0,1,0,1,0.07,0.0,0,0,9,20,7,4,0,1,0,0,0,238,93,0,0,5,20,10,100,,,,17,0,1,16,4,13,0,3,28,499,4.83,263,86,33092.66,314.0,46.0,340.0,4.424666404724121,6.420003414154053,4.832277774810791,Round of 16,0.0,410.0,1243.0,0.0,True,280.29999999999995,4.825869798660278,C,1.0,1.0,33.09266,4.83,410.0,0.019437306449786165,0.014850102127636631,0.028817059438223644,0.337388445953955,0.05908941160734995,0.26966887028289993,0.06453185741329008,0.23993411081616042,45.12742160841121,1.0786322871172669,1.699399383503371,95.52066005935261,2.051879818065227,6.857239829004295,1.7500659623158135,0.8119178874147345,0.14966725966335348,7.093951666351225,1.3218145878112586,0.1410370955996484,20.24272795744524,60.41666000216428,6.932850006440869,33.09266,280.29999999999995,4.825869798660278,C,1.0,1.0,38.33592657522046,39.04209184418217,80.95583665449627,44.05125771142948,72.79549487867372,53.18314983093536,280.29999999999995,4.825869798660278,C,1.0,1.0,,,,,,,,,,,,,,,,,,,,,
394500,285023_43926,Johan Mojica,Colombia,DF,2,3,0,1,2,1,0.13,0.0,0,0,8,29,2,1,4,1,0,0,0,157,83,9,11,6,33,0,0,,,,119,24,52,43,13,106,3,24,65,342,4.4,327,139,30487.37,255.0,36.0,275.0,4.595826625823975,6.543267250061035,5.243819236755371,Round of 16,0.0,311.0,1159.0,0.0,True,227.15,5.049940872192383,C,1.0,1.0,30.48737,4.4,311.0,0.02110814066703549,0.016126619469615112,0.041914669457428666,0.7204067688721433,0.41818510149945515,0.2928496529165243,0.07007902701455783,1.8536324808163882,34.66892022693673,1.348359881622671,0.07539827846265076,75.94134870573225,2.0512515844391004,9.039762940668766,1.0154610498138912,0.3506859583442015,0.8705653908795078,14.25305152261319,5.683634244381087,0.6841851994875103,31.36422972410566,76.93860984759324,7.067641356296238,30.48737,227.15,5.049940872192383,C,1.0,1.0,55.74373966072462,58.85130975363032,75.89785391036126,54.00366840228834,60.63547226444016,75.1540179801485,227.15,5.049940872192383,C,1.0,1.0,,,,,,,,,,,,,,,,,,,,,
315614,285023_43926,Santiago Arias,Colombia,DF,0,0,0,0,0,0,0.0,0.0,0,0,5,12,1,1,0,0,0,0,0,43,86,5,80,1,100,0,0,,,,28,17,7,4,5,23,4,9,16,95,1.51,80,50,9047.2,,,,,,,Round of 16,0.0,89.0,772.0,0.0,False,,,None,1.0,1.0,9.0472,1.51,89.0,0.025296249153010802,0.01932633435290025,0.022654308891470347,0.2269579474008129,0.07690059742515283,0.13882581535172328,0.08398354718799586,1.3729005195870048,17.36497562134981,0.5552470475198864,0.09035820197455459,38.61322904267661,1.8218583495546408,7.2271721113473895,1.0048119874671941,0.42026626203942075,0.19478111847818316,6.686720558887665,5.326434435544962,1.032064479888038,18.707812954165632,39.80835876599365,3.9218703352263025,9.0472,,,None,1.0,1.0,60.66341728799598,75.89994174824704,50.38278246574607,42.76564838729356,50.356875247919376,40.45823580342092,,,None,1.0,1.0,,,,,,,,,,,,,,,,,,,,,
492189,285023_43926,Andres Gomez,Colombia,FW,0,0,0,0,0,0,0.0,0.0,0,0,0,1,1,0,0,0,0,0,0,0,0,0,0,0,0,0,0,,,,1,1,0,0,0,1,0,0,0,0,1.95,16,6,1042.07,,,,,,,Round of 16,0.0,7.0,520.0,0.0,False,,,None,1.0,1.0,1.0420699999999998,1.95,7.0,0.013091561298108753,0.010001952831755086,0.011724278636134271,0.11745748796663173,0.03979834634625061,0.07184648840402084,0.04346398350972106,0.16160223266385443,4.266225629582488,0.1775739374475471,0.04676305695684447,9.554116702869385,0.39395126258268853,2.5326643563736786,0.5200200886476318,0.1077173663608388,0.10080502199543741,1.7040499848070274,1.0000614583266836,0.09499236877907709,4.851400964192885,13.575902518365272,1.1508579659266425,1.0420699999999998,,,None,1.0,1.0,0.0,0.23184865295015197,0.0,0.0,0.0,0.0,,,None,1.0,1.0,4.65845464725644,5.470189367319415,0.0,7.817368633020328,2.6772978310961557,3.9949497804662046,G,G,G,G,G,F,3.5533458803289952,G,37.043054427294884,58.52842809364548,,,None,1.0,4.863200767126653
418881,285023_43926,Cucho Hernandez,Colombia,FW,0,0,0,0,0,0,0.0,0.0,0,0,0,4,1,0,0,0,0,0,0,3,33,1,100,0,0,0,0,,,,4,2,2,0,3,1,1,5,6,12,1.67,28,7,2325.55,,,,,,,Round of 16,0.0,20.0,181.0,1.0,False,,,None,1.0,1.0,2.3255500000000002,1.67,20.0,0.01951355830940313,0.17854472218474765,0.017475562279569062,0.17507564515196486,0.059321217260585514,0.10709040800200437,0.06478501358721839,0.40451172740763586,6.849909418544144,0.26468190490874405,0.06970243028118797,16.204475109372293,0.5872019966465589,4.26595871798331,0.77511322681982,0.1605575577697689,0.15025439898240409,3.5217809856033306,1.6542727465453777,0.30522674272939276,7.394866729623991,22.199126948946752,1.9254293296297722,2.3255500000000002,,,None,1.0,1.0,13.106161585648529,52.26529184224583,11.558970360098916,10.565994998347819,11.280774636145768,10.786378186671422,,,None,1.0,1.0,23.81485628966032,36.18112404794013,11.464952704341496,73.59942344786654,12.708386672031017,13.228937004164546,E,C,F,A,E,E,27.239491881986773,D,31.501483679525222,54.73592317765168,,,None,1.0,30.74648383517877
405755,285023_43926,Jaminton Campaz,Colombia,FW,2,4,25,2,2,1,0.36,2.78,0,0,1,12,0,0,1,0,0,0,0,7,71,3,0,1,0,0,0,,,,16,8,8,0,7,9,1,7,7,29,3.5,56,25,4148.88,,,,,,,Round of 16,1.0,36.0,80.0,0.0,False,,,None,1.0,1.0,4.14888,3.5,36.0,0.21451868718998407,0.0174617683151616,0.08946733555445177,0.9717133771146268,0.4528073207775704,0.5087581176826954,0.07588098273080694,0.8571198876653318,8.789770644446994,0.5016779242471703,0.08164062358868747,22.238146039921485,0.8794372262275251,6.529909018323851,0.7162067695339055,0.1880568451533372,0.3676519957129981,4.316632423901306,3.087583981790759,0.35750405705863714,12.11134638489962,31.367816759757442,2.604669581995746,4.14888,,,None,1.0,1.0,81.52179434463127,42.1101395526443,28.257984156997264,25.081629281310047,26.05328323541556,24.289492171166675,,,None,1.0,1.0,80.10451661067563,78.99295333244694,42.573853989813244,62.35453716853553,41.27866574009729,41.53805566547948,A,S,C,A,C,C,66.55499520291644,A,55.452532521450316,55.538074260541215,,,None,1.0,73.70891011370223
369530,285023_43926,Jhon Cordoba,Colombia,FW,1,2,0,2,0,1,0.32,0.0,0,0,2,23,2,1,2,0,0,0,2,12,75,0,0,0,0,0,0,,,,31,22,9,0,25,6,3,13,9,32,3.94,104,33,9864.95,,,,,,,Round of 16,0.0,108.0,836.0,0.0,False,,,None,1.0,1.0,9.86495,3.94,108.0,0.025191895452521887,0.019246608125726723,0.09016201775253542,0.6485289601317445,0.2878369992415256,0.5607603963751583,0.08363709290237267,0.31096875746593017,10.744477767276331,0.34170286991800686,0.08998545055640818,25.144960152194344,1.180581792089007,9.52114812770389,1.2119205100319441,0.41853255284920915,0.6164848691161366,5.180360613274791,6.360729673802199,0.8165533046010761,15.03932646079801,44.71422607487696,4.078444247279478,9.86495,,,None,1.0,1.0,78.45360464768606,50.848831659523164,36.06837858938409,37.180936272457075,36.770038982622964,34.24547449243891,,,None,1.0,1.0,49.486748786860765,47.767289027331955,35.41353383458647,32.28691947347224,26.721773161186498,28.863512163868315,B,C,D,E,D,E,40.53564576235883,C,52.708070923360125,54.037766171153066,,,None,1.0,45.27599465462414
428886,285023_43926,Luis Diaz,Colombia,FW,6,16,6,12,4,0,1.32,0.76,3,0,12,68,6,4,5,0,0,0,9,139,88,5,20,10,60,6,100,,,,237,114,100,23,115,122,10,91,85,342,6.02,380,179,39604.64,61.0,304.0,60.0,5.697328090667725,4.919243335723877,6.31362771987915,Round of 16,1.0,394.0,74.0,1.0,True,97.2,5.734690284729004,B,1.1,1.1,39.604639999999996,6.02,394.0,0.18475116026461438,0.18010569828428905,0.23551678628264147,2.8176782811926167,1.050241845224284,2.0888306671758876,0.5605524122925893,1.0683162792192975,29.35890853540545,1.9176659522134296,1.0607138188409497,70.81825694725372,2.573139762785736,14.867542986810077,1.607224863000917,0.8222292734856419,0.976903035843743,16.592864066896514,20.156239603865007,1.7934982650443951,35.851042260843755,80.49679265649249,8.095810446605626,39.604639999999996,97.2,5.734690284729004,B,1.1,1.1,102.1425122903946,98.73732244907345,95.57840506059746,82.59733075036644,93.41469489957032,95.561638194244,97.2,5.734690284729004,B,1.1,1.1,90.09611795446062,91.02907937472698,106.54232355081257,92.40774106026242,96.94451556270803,67.58946237774889,A,S,S+,S,S,B,82.40450827297155,S,51.80552753681662,50.97548774387193,85.0,5.804409503936767,BL-B,1.05,95.58006235770736
428905,285023_43926,Luis Suarez,Colombia,FW,0,7,0,7,0,2,0.76,0.0,0,0,8,59,13,5,6,0,0,0,1,48,75,3,33,2,50,0,0,,,,160,63,95,2,142,18,5,52,45,133,5.31,194,112,24943.45,,,,,,,Round of 16,0.0,280.0,225.0,1.0,False,,,None,1.0,1.0,24.943450000000002,5.31,280.0,0.02170658231072553,0.19861040445818068,0.15777974428951097,1.468937485501334,0.06598801022460561,1.3933117527307664,0.07206585327160876,0.814025778761955,15.810929844583738,0.6584812336082538,0.07753591201391159,40.05082466888959,2.1094070794766435,14.75684856020499,3.0465429457351174,1.0887346371165814,1.2593001372293047,11.016611480668665,12.943808684544122,1.067635839110556,27.338726514985034,54.910379129219024,6.258876873191639,24.943450000000002,,,None,1.0,1.0,61.61432839908076,73.35031341934621,56.614967298774985,68.32201311736942,60.48276559097058,57.8015105660843,,,None,1.0,1.0,28.83538633818589,50.65433341563943,83.88552025224354,71.3949594081862,56.201309388829955,65.06303352365876,D,B,S,A,B,B,40.10990014780742,C,52.33228943464646,60.2640722724114,,,None,1.0,44.81075669418749
360642,285023_43926,Camilo Vargas,Colombia,GK,0,0,0,0,0,0,0.0,0.0,0,0,0,0,0,0,0,0,0,0,0,152,79,0,0,6,33,0,0,5.0,48.0,46.0,41,0,0,41,22,19,0,0,2,278,2.59,25,8,17743.13,,,,,,,Round of 16,0.0,410.0,1243.0,0.0,False,,,None,1.0,1.0,17.74313,2.59,410.0,,,,,,,,,,,,,,,,,,,,,,,,,,,,,,,,,,,,,,,,,,,,,,,,,,,,,,,,,,,,,
269058,285023_43926,James Rodriguez,Colombia,MF,3,6,0,2,4,0,0.24,0.0,7,0,6,92,4,0,3,0,0,0,0,208,86,13,38,12,58,9,67,,,,134,19,74,41,65,69,3,43,59,446,5.93,270,42,26755.98,,,,,,,Round of 16,0.0,270.0,1072.0,0.0,False,,,None,1.0,1.0,26.75598,5.93,270.0,0.021907536256872022,0.016737357700250224,0.06371032854030151,1.298824799549086,0.6177341023471061,0.4876520203951904,1.3587151353339837,2.658679126768427,45.351180272662006,2.5016945902930723,1.7316592958881922,97.92337659607246,1.7615119652942233,20.95595077533575,1.4213414789802952,0.180255208321543,0.7198232213041297,13.690564661155053,4.9803229790783545,0.7100962752060784,14.732000251392845,69.38081680493359,6.649802965892108,26.75598,,,None,1.0,1.0,63.77232200769144,73.67118501175892,88.89798508177982,61.2206504996893,63.25075693498836,57.31339436821865,,,None,1.0,1.0,,,,,,,,,,,,,,,,,,,,,
395550,285023_43926,Jefferson Lerma,Colombia,MF,1,5,0,2,3,0,0.24,0.0,0,0,10,59,6,3,5,1,0,0,0,214,88,2,50,2,0,1,100,,,,146,2,37,107,127,19,1,12,74,458,6.51,587,134,40327.08,277.0,54.0,315.0,4.540770053863525,6.3570990562438965,5.059413909912109,Round of 16,0.0,374.0,1203.0,0.0,True,253.04999999999998,4.942880368232727,C,1.0,1.0,40.32708,6.51,374.0,0.020004697027918232,0.015283588529329529,0.05817659297941697,1.0182568606739517,0.22856922275276528,0.445295664865003,0.06641559413268852,0.5824478676884104,42.41860861927917,0.6068535980624706,0.23921172157161777,91.4310321082539,2.279530780843054,13.599850971836622,1.633396848794209,0.6678634785093928,0.9928108860544397,15.017757224246093,1.6959093042623392,0.3129090254224685,28.885866737738873,116.53287259302692,8.348835183757101,40.32708,253.04999999999998,4.942880368232727,C,1.0,1.0,56.84910744268187,54.60282097428807,74.59229072155222,61.69922497213379,77.38594826940883,88.06282428096522,253.04999999999998,4.942880368232727,C,1.0,1.0,,,,,,,,,,,,,,,,,,,,,
470760,285023_43926,Jhon Arias,Colombia,MF,4,8,13,6,2,0,0.93,1.07,4,0,32,89,21,5,2,1,0,0,0,202,96,6,17,5,80,3,100,,,,138,28,64,46,78,60,2,47,96,448,5.82,317,126,32691.11,78.0,40.0,108.0,5.544551849365234,6.453419208526611,6.024949073791504,Round of 16,1.0,337.0,148.0,0.0,True,79.8,5.800981259346009,B,1.1,1.1,32.69111,5.82,337.0,0.19367407956043342,0.015765022386797285,0.1794062298930339,1.5694497068499165,0.7548868660279572,1.1514794361819196,0.760664622923642,1.292951940741975,41.678326261242766,1.1450872194259,0.5928253706253422,92.58072218289144,6.158199259658988,19.219424011172283,4.280437439604098,1.0349796808709915,0.5049667816401661,19.297680518459387,6.248350609317057,0.4958049099912943,28.411459219456553,73.48307127657773,7.290501543458262,32.69111,79.8,5.800981259346009,B,1.1,1.1,97.30646091092383,80.85640685370801,103.56607191969017,97.279724081758,109.78997925663303,85.3529913311757,79.8,5.800981259346009,B,1.1,1.1,,,,,,,,,,,,,,,,,,,,,
356704,285023_43926,Juan Quintero,Colombia,MF,0,3,0,0,3,0,0.08,0.0,3,0,2,25,0,0,0,0,0,0,0,60,82,7,29,11,64,5,100,,,,41,6,24,11,23,18,0,16,22,136,4.99,114,30,9236.75,,,,,,,Round of 16,0.0,84.0,192.0,1.0,False,,,None,1.0,1.0,9.23675,4.99,84.0,0.025281599815132096,0.23132102017516645,0.03960165976375214,0.8628441472905818,0.07685606343800158,0.13874541978544494,0.719952545135455,1.7961172135328287,20.959019296340315,2.6749842769729124,1.1503352641216795,47.28310868891603,1.184785657469766,9.979063188896264,0.7922242118069793,0.20801700327890685,0.19466831857651715,7.954883472497775,2.991285181326676,0.18344328825859849,14.45686149428637,46.99350515396704,3.9597848508645934,9.23675,,,None,1.0,1.0,62.028828114169,91.97531945461598,63.11273468967043,42.12554259490892,48.51456146775515,40.89293159767312,,,None,1.0,1.0,,,,,,,,,,,,,,,,,,,,,
470759,285023_43926,Kevin Castano,Colombia,MF,0,0,0,0,0,0,0.0,0.0,0,0,1,9,0,0,0,0,0,0,0,14,100,0,0,0,0,0,0,,,,11,1,2,8,7,4,0,2,3,32,3.45,48,15,3167.34,,,,,,,Round of 16,0.0,28.0,607.0,0.0,False,,,None,1.0,1.0,3.1673400000000003,3.45,28.0,0.021523414337568627,0.01644388855390243,0.019275508944152957,0.19310807343666572,0.06543117958620864,0.11812049788457664,0.07145773560072785,0.26568502658294707,9.540832145823925,0.2919435920747808,0.07688163601379513,21.483313825167254,0.8281731539000019,5.60779646516748,0.6744577116820505,0.17709465316951464,0.16573029039927845,3.3430454127969425,1.6441688382659039,0.15617389443339794,9.600447220558028,28.095402369287616,2.2756797132205917,3.1673400000000003,,,None,1.0,1.0,22.263805062646664,20.594301404487723,35.80217102344694,18.42388567016937,50.17598806383927,18.448740127062607,,,None,1.0,1.0,,,,,,,,,,,,,,,,,,,,,
473050,285023_43926,Richard Rios,Colombia,MF,1,4,0,2,2,1,0.35,0.0,0,0,2,43,20,8,3,1,0,0,0,39,85,1,0,1,100,1,100,,,,46,15,19,12,23,23,1,12,15,91,6.71,195,81,14379.91,,,,,,,Round of 16,0.0,129.0,868.0,0.0,False,,,None,1.0,1.0,14.37991,6.71,129.0,0.024892292645837116,0.019017711581419558,0.09535197367949662,1.058298587648059,0.28441380415074696,0.5540913710551583,0.08264241158417923,0.5160116949276154,16.252708904043498,0.5463802919555367,0.29765650383833225,37.161648374764354,1.166541339313335,13.582739468368658,4.954849572497994,1.8747436599491647,0.8178943568951521,6.371198897563774,4.823893986698539,0.3893597099455962,24.880045637855364,63.177899944628656,4.972398347296904,14.37991,,,None,1.0,1.0,73.89515138365319,54.47568759316812,54.41055465922644,56.61797187698719,60.35512002910506,52.22006169201695,,,None,1.0,1.0,,,,,,,,,,,,,,,,,,,,,
426357,285023_20014,Aaron Wan Bissaka,Congo DR,DF,0,0,0,0,0,0,0.0,0.0,0,0,12,104,14,1,1,0,0,0,1,137,80,7,29,5,60,0,0,,,,141,58,48,35,39,102,5,19,54,287,6.07,460,194,40401.23,330.0,109.0,98.0,4.334512710571289,5.931458950042725,6.098320484161377,Round of 16,0.0,399.0,1213.0,0.0,True,238.85,5.015006589889526,C,1.0,1.0,40.401230000000005,6.07,399.0,0.01960612406767315,0.014979078787702289,0.01755846047004537,0.17590614513516353,0.059602617165726395,0.10759840888339026,0.06509233190467487,1.3929061920966903,28.91369142023857,1.0880004644291565,0.07003307516972851,61.49480855641398,2.5629386796249913,20.727454943017353,2.916153896995272,0.32573178834386224,0.31537975483613084,11.430291906957176,10.869225632970807,0.9643250338102742,38.17510159983224,93.33067513219481,8.194684445956666,40.401230000000005,238.85,5.015006589889526,C,1.0,1.0,42.54154013239137,55.26294808702108,67.40379537469717,72.62765517932561,55.69154032490782,92.2803416414471,238.85,5.015006589889526,C,1.0,1.0,,,,,,,,,,,,,,,,,,,,,
436572,285023_20014,Arthur Masuaku,Congo DR,DF,0,0,0,0,0,0,0.0,0.0,6,0,9,102,10,0,4,0,0,0,0,169,83,14,21,6,67,5,80,,,,60,6,31,23,11,49,0,12,38,363,5.79,343,114,32800.85,237.0,249.0,65.0,4.622768878936768,5.221038818359375,6.278861045837402,Round of 16,0.0,340.0,240.0,1.0,True,195.79999999999998,5.126532411575317,C,1.0,1.0,32.80085,5.79,340.0,0.020581885638476773,0.18831967983969833,0.018432313502394253,0.18466067794841357,0.06256893234096939,0.11295338838396053,1.1039025755911553,2.6703944652879863,35.87571771113571,1.3147434120717112,0.9364940915601495,77.67252375779569,2.1727061755401618,21.413832898498185,2.370905160486329,0.16934775503338684,0.8488609962638795,9.23763509229897,2.435221266230387,0.14934216219278745,26.26739828473541,77.78194620935457,7.290730676239021,32.80085,195.79999999999998,5.126532411575317,C,1.0,1.0,40.989223994085904,80.67543607856919,72.73740943030984,71.2601063358259,53.520519760790386,71.0753049884926,195.79999999999998,5.126532411575317,C,1.0,1.0,,,,,,,,,,,,,,,,,,,,,
403063,285023_20014,Axel Tuanzebe,Congo DR,DF,0,0,0,0,0,0,0.0,0.0,0,0,6,20,10,3,3,0,0,0,0,155,90,0,0,0,0,2,100,,,,48,2,5,41,30,18,0,0,49,314,5.59,311,128,38203.61,,,,,,,Round of 16,0.0,409.0,1241.0,0.0,False,,,None,1.0,1.0,38.20361,5.59,409.0,0.0194524929320629,0.014861704600096053,0.01742087457023825,0.17452776658646832,0.05913557851347121,0.1067552812111612,0.06458227653444883,0.2401215727533844,31.62336444430014,0.2638536141305011,0.39573287065747337,65.41729856882677,1.5641101150240706,6.8625974309641915,2.2408061480398462,0.6494279607012304,0.6391570444331013,10.525104154660578,1.64909589525615,0.1411472887150484,27.109763604287725,68.29382947699125,7.771986737032654,38.20361,,,None,1.0,1.0,30.007925766684057,29.660871465541533,58.95236904091215,42.02618607590478,73.10916222266334,72.05227419984473,,,None,1.0,1.0,,,,,,,,,,,,,,,,,,,,,
356532,285023_20014,Chancel Mbemba,Congo DR,DF,0,1,0,1,0,0,0.05,0.0,0,0,9,23,12,1,2,1,0,0,0,162,80,4,0,7,43,3,100,,,,35,2,1,32,12,23,0,11,35,340,5.4,347,135,36904.51,,,,,,,Round of 16,0.0,409.0,254.0,1.0,False,,,None,1.0,1.0,36.90451,5.4,409.0,0.0194524929320629,0.17798598755216838,0.025577088717841864,0.33765204953854067,0.05913557851347121,0.2698795641632335,0.06458227653444883,0.8926187045616738,32.765234424964646,1.4057235947950075,0.5588571536095456,69.65852992558064,2.053482963880288,7.351970279820408,2.5670547139439908,0.3231793947970858,0.476032761481029,8.241364193331568,1.64909589525615,0.1411472887150484,28.25163358495223,74.16630366326585,7.560071981049616,36.90451,,,None,1.0,1.0,40.63145258287496,66.80279849308734,66.45235579532827,50.673681880759204,49.117585572804145,74.20908054621775,,,None,1.0,1.0,,,,,,,,,,,,,,,,,,,,,
477853,285023_20014,Gedeon Kalulu,Congo DR,DF,0,0,0,0,0,0,0.0,0.0,0,0,0,3,3,0,0,0,0,0,0,6,83,0,0,1,0,0,0,,,,3,1,2,0,1,2,0,4,0,11,1.7,20,6,1186.84,,,,,,,Round of 16,0.0,10.0,528.0,0.0,False,,,None,1.0,1.0,1.18684,1.7,10.0,0.015177986346223858,0.011595981568515027,0.013592797452224236,0.13617689349832043,0.04614107849252053,0.08329678906807654,0.05039091466946321,0.18735706345778727,5.709816802243516,0.333153427413759,0.05421576722871162,12.476844438332765,0.4567359651305684,3.1908579509090775,0.8574550419860065,0.12488447165672988,0.1168704948659237,1.9756274147698822,1.1594430041021857,0.11013146892820032,5.624577230923125,16.24863475731478,1.3526984279394603,1.18684,,,None,1.0,1.0,4.7642844554277,5.263429073216916,15.227998930353163,5.439168600851305,18.937448144594246,4.889207208678633,,,None,1.0,1.0,,,,,,,,,,,,,,,,,,,,,
477833,285023_20014,Joris Kayembe,Congo DR,DF,0,1,0,0,1,0,0.0,0.0,0,0,4,20,5,0,1,0,0,0,0,24,79,3,67,4,25,0,0,,,,15,4,7,4,2,13,1,7,7,55,6.28,88,34,7372.37,,,,,,,Round of 16,0.0,69.0,726.0,0.0,False,,,None,1.0,1.0,7.37237,6.28,69.0,0.02507503678821191,0.019157328106193895,0.022456199946051053,0.4352469163393849,0.07622811183616421,0.13761180189370695,0.08324912213686353,0.9403473129403308,13.217921159008487,1.181212544097497,0.08956803140749293,29.864613992897866,1.5956527521330635,8.846160933978906,1.8371197841731466,0.20631740269340756,0.4033514695447794,4.735782892429649,2.5462975468477533,0.3922181532108133,15.179836615161367,41.14242940552882,3.535401418062158,7.37237,,,None,1.0,1.0,49.880922067302826,75.51836471943196,43.02451543124284,42.790059999043265,37.05031098276066,34.40073010250602,,,None,1.0,1.0,,,,,,,,,,,,,,,,,,,,,
504329,285023_20014,Steve Kapuadi,Congo DR,DF,0,1,0,1,0,1,0.08,0.0,0,0,6,18,6,2,0,0,0,0,0,55,84,0,0,0,0,1,0,,,,22,3,1,18,7,15,0,2,11,114,2.9,211,60,19496.83,,,,,,,Round of 16,0.0,201.0,985.0,0.0,False,,,None,1.0,1.0,19.496830000000003,2.9,201.0,0.023384021278157023,0.017865392256511962,0.03662925057502245,0.40589464489707666,0.07108742468559735,0.32442471476397755,0.07763495064348132,0.2886523586575702,18.40541764746055,0.3171808646169218,0.2796209299950287,39.42009713942628,1.8802312042390121,7.857405293801209,1.9093209267090392,0.5845901390555797,0.18005696384180908,5.200783011534001,2.178486600968146,0.16967445839430734,19.25455901390968,62.487322090205176,5.674504519301141,19.496830000000003,,,None,1.0,1.0,45.98628249133933,35.52924466618369,40.961020895751474,41.42694373340775,44.05061784488705,43.996676940364964,,,None,1.0,1.0,,,,,,,,,,,,,,,,,,,,,
510989,285023_20014,Brian Cipenga,Congo DR,FW,1,6,17,2,4,0,0.23,4.32,1,0,10,72,14,2,1,0,0,0,1,47,60,11,18,12,8,0,0,,,,45,29,11,5,15,30,3,49,48,154,3.34,210,112,17763.24,,,,,,,Round of 16,1.0,160.0,104.0,0.0,False,,,None,1.0,1.0,17.763240000000003,3.34,160.0,0.22793153113568385,0.018553570509624046,0.06858722910935569,1.4397635474876669,0.27747247856975854,0.5405683684723739,0.2842722164528668,2.5398855843314423,17.48522375584038,2.773159766660997,0.0867452275659386,49.084436777719205,2.767245074026166,19.1569986771936,3.612042349976593,0.6071086606142192,0.39063954476720364,12.936048006754646,7.557217890051818,0.7871506092302976,30.585879385539922,64.69069867823153,5.540047520829415,17.763240000000003,,,None,1.0,1.0,81.99198445403327,81.83751157541515,65.41378045776143,76.29760070856125,61.34856474074206,63.12486996094066,,,None,1.0,1.0,68.48637551325122,64.7476685217193,73.5920446276983,53.780443860355675,71.74572985625984,78.55541108410124,A,A,A,B,B,A,60.13105478895693,A,67.22775932078258,63.80776340110905,,,None,1.0,66.6890822305516
336425,285023_20014,Cedric Bakambu,Congo DR,FW,0,3,0,1,2,1,0.24,0.0,0,0,7,80,4,2,1,0,0,0,4,23,70,1,0,1,0,0,0,,,,155,91,64,0,128,27,2,29,29,63,4.6,256,117,21517.52,,,,,,,Round of 16,0.0,210.0,1005.0,0.0,False,,,None,1.0,1.0,21.51752,4.6,210.0,0.023184757109525684,0.01771315443167762,0.0674246741055434,0.7912803036433719,0.07048166161295807,0.3216601679693127,0.07697339360362525,0.48061486271222076,12.027066989725213,0.5089002663858421,0.08281595239522574,29.168650180465818,2.0586312576054975,19.844627043953,1.5042064325930398,0.5796086234016489,0.3729448506955836,8.656065132019139,19.26907832912964,0.5570730394911899,30.172550163308284,70.70384371642277,6.019016938562649,21.51752,,,None,1.0,1.0,55.10623064468907,45.807913247297016,44.883568106624864,58.98421867034781,46.67060593452887,64.3112613230109,,,None,1.0,1.0,22.443075774542734,28.583638815552053,62.46665049721077,20.713483265150384,73.44647233093158,61.331901181525225,E,D,B,F,B,B,26.246960483912957,E,69.12743838336644,62.194166303874624,,,None,1.0,29.661884798743035
477859,285023_20014,Fiston Mayele,Congo DR,FW,1,5,20,4,1,1,0.72,1.39,0,0,3,23,0,1,1,0,0,0,1,11,64,0,0,0,0,0,0,,,,21,13,8,0,17,4,2,16,18,35,3.03,72,35,5777.74,,,,,,,Round of 16,1.0,55.0,84.0,0.0,False,,,None,1.0,1.0,5.77774,3.03,55.0,0.23040811331885694,0.018755163689512033,0.17020360145519312,1.2495477788648892,0.28048734620708277,0.9581608349115456,0.0815014966612303,0.3030284562609116,10.26426794009223,0.3329778014195566,0.08768775484154055,25.120485131295393,1.3562961916270682,9.278034367441817,0.7692562949928653,0.4078457090620415,0.3948840252556772,6.900820097423231,4.345579064215716,0.5898438972556134,15.067030031696909,36.98498640656914,3.1329140412769965,5.77774,,,None,1.0,1.0,88.40463374271356,42.98907099105031,32.89552683902776,34.53939480816712,35.118016042593595,30.81334093531587,,,None,1.0,1.0,83.83725270623366,84.99496666603353,47.96992481203007,50.8658880386629,42.82213525474562,44.43250984604368,A,S,C,C,C,C,69.5563117213393,A,59.2206031853609,55.79104849769355,,,None,1.0,76.98863004018257
426506,285023_20014,Meschack Elia,Congo DR,FW,2,2,0,0,2,0,0.05,0.0,0,0,1,25,3,2,0,0,0,0,0,14,93,2,0,5,60,0,0,,,,14,6,8,0,3,11,3,12,9,41,3.31,86,41,6530.78,,,,,,,Round of 16,0.0,59.0,187.0,1.0,False,,,None,1.0,1.0,6.53078,3.31,59.0,0.024743087743153973,0.22639375438591597,0.03253342142676628,0.6369750539318701,0.4901990574394807,0.13579006553442902,0.08214705130727121,0.7204087458017854,10.968038956290092,1.3730654188988722,0.08838230941854601,26.564398939607823,0.9520590317171359,9.766503618554651,1.397819503569912,0.6185661966509636,0.19052177562228562,5.088069591151211,2.927569150986321,0.8020059507147642,16.43131272997849,40.18279648873783,3.313977430444379,6.53078,,,None,1.0,1.0,61.91725757973462,80.32276640042191,55.387704432972384,41.30490560112112,61.71652221959686,39.97751593786422,,,None,1.0,1.0,53.35946248600224,58.40376835267526,43.233082706766915,79.5451173241198,30.086683003547787,28.55258446869052,B,B,C,S,D,E,49.46934294170474,B,36.87560270009643,50.070741369552906,,,None,1.0,55.03838541760791
477835,285023_20014,Simon Banza,Congo DR,FW,0,0,0,0,0,0,0.0,0.0,0,0,3,25,3,1,0,0,0,0,0,6,67,0,0,0,0,1,0,,,,24,17,7,0,20,4,1,4,7,14,3.47,70,23,5130.52,,,,,,,Round of 16,0.0,49.0,670.0,0.0,False,,,None,1.0,1.0,5.130520000000001,3.47,49.0,0.02417115467935473,0.01846676217502701,0.02164671928464292,0.21686359978317066,0.07348031022523838,0.13265129688029875,0.0802482335354577,0.29836873336195474,9.092962792929574,0.3278575420707675,0.2890332962880174,20.477630360582722,1.3354401819312294,9.540752233151593,1.3655090983523461,0.4015741924750929,0.18611789103103143,4.565071700097064,5.089532042961998,0.37807983012676016,12.403014428397478,36.01087377636911,2.9535510938721523,5.130520000000001,,,None,1.0,1.0,40.24600948650604,37.58324843806529,23.696419520279584,31.6339114566646,24.813724215515812,22.209466546083696,,,None,1.0,1.0,48.348264277715565,51.83194362665957,36.703856415231634,55.7305466646883,34.52909549760433,38.66244558765335,B,B,D,B,D,C,43.69880777771051,B,46.47160068846816,68.56435643564356,,,None,1.0,48.73257293577328
441316,285023_20014,Yoane Wissa,Congo DR,FW,3,11,27,7,4,2,1.79,1.68,0,0,11,118,5,5,9,0,0,0,1,69,87,2,0,5,40,0,0,,,,127,52,64,11,103,24,3,50,81,195,6.07,384,140,41481.27,26.0,353.0,186.0,6.200076103210449,4.519561290740967,5.6778717041015625,Round of 16,3.0,409.0,19.0,0.0,True,115.05,5.817447781562805,B,1.1,1.1,41.481269999999995,6.07,409.0,0.5088253417882799,0.014861704600096053,0.3094133410544478,1.9688948790592637,0.5485084273696883,1.2486252618756677,0.06458227653444883,0.566370138657529,17.59467611042192,1.0794750288908628,0.06948430475332867,46.00550889753015,2.3797315297844324,22.848777160267282,1.4251847332794845,0.9756765266053752,1.6179027421455354,15.745081209126893,9.805310042859768,0.6305201375712653,29.067254999712592,80.20190213249253,8.306652674293343,41.481269999999995,115.05,5.817447781562805,B,1.1,1.1,104.09738744016255,66.79059403905879,78.81201757261223,76.89876160897126,89.16897780781265,90.25668012337455,115.05,5.817447781562805,B,1.1,1.1,99.48861515490857,81.6271913996467,89.97429056512252,44.77457235517307,86.64496543652392,80.37895490606218,S,A,A,D,A,A,78.98986282401121,S,76.40998244676791,47.73197606130097,106.69999999999999,5.875363302230834,BL-B,1.05,91.66210346044289
441313,285023_20014,Lionel Mpasi,Congo DR,GK,0,0,0,0,0,0,0.0,0.0,0,0,0,0,0,0,0,0,0,0,0,139,68,0,0,5,0,0,0,15.0,83.0,70.0,30,0,0,30,17,13,0,0,5,248,2.77,37,7,18909.7,,,,,,,Round of 16,0.0,409.0,1242.0,0.0,False,,,None,1.0,1.0,18.9097,2.77,409.0,,,,,,,,,,,,,,,,,,,,,,,,,,,,,,,,,,,,,,,,,,,,,,,,,,,,,,,,,,,,,
448128,285023_20014,Charles Pickel,Congo DR,MF,0,1,0,1,0,0,0.1,0.0,0,0,3,25,3,2,1,1,0,0,0,22,86,0,0,0,0,2,50,,,,24,6,10,8,9,15,0,4,11,46,3.67,77,35,5540.28,,,,,,,Round of 16,0.0,45.0,661.0,0.0,False,,,None,1.0,1.0,5.54028,3.67,45.0,0.0238499046003816,0.01822132711469154,0.04135902056391774,0.41398134407462367,0.07250370998516006,0.3308882764468942,0.07918168327326691,0.2944032223871104,12.172111511553952,0.32350010599957596,0.485191859232563,26.60546957812169,1.317691329234683,9.413949544201822,1.3473606105575575,0.5962370150519398,0.38364426542293834,5.304398982404071,2.8218889124443503,0.17305490778036886,14.63817044731821,36.93226627093491,2.9962485139919433,5.54028,,,None,1.0,1.0,50.37502014836932,33.399988866081515,35.5096316954735,34.02077217490561,47.02022182909148,28.86375773271894,,,None,1.0,1.0,,,,,,,,,,,,,,,,,,,,,
433161,285023_20014,Edo Kayembe,Congo DR,MF,1,2,0,0,2,0,0.1,0.0,0,0,20,116,20,5,3,0,0,0,0,41,85,2,0,1,0,0,0,,,,64,7,37,20,42,22,1,18,37,108,5.34,297,86,20579.44,,,,,,,Round of 16,0.0,177.0,947.0,0.0,False,,,None,1.0,1.0,20.579439999999998,5.34,177.0,0.023916054235896395,0.018271865436224843,0.04147373314585018,0.6156842708914786,0.27325952102063317,0.13125130564659943,0.07940130006317604,0.6963292057749213,16.016411452060805,0.5249520757992067,0.08542814573062192,39.11365439642217,4.730776226936756,27.690539062192755,4.760527798406211,1.1995548749704956,0.7858177660469264,10.533533780871018,3.0302703652624547,0.37408960567917227,24.90706111792987,81.15673844409082,6.0207333159321115,20.579439999999998,,,None,1.0,1.0,58.835084249309766,56.85096880748885,59.2659453377804,94.93045370124513,70.13709390415201,60.879419272010416,,,None,1.0,1.0,,,,,,,,,,,,,,,,,,,,,
424119,285023_20014,Nathanael Mbuku,Congo DR,MF,2,3,0,0,3,0,0.13,0.0,5,0,6,67,8,4,8,1,0,0,0,45,78,14,21,6,83,0,0,,,,45,12,26,7,11,34,0,27,36,134,5.33,243,74,18838.49,119.0,334.0,89.0,5.090838432312012,4.752577304840088,6.146090984344482,Round of 16,0.0,163.0,922.0,0.0,True,143.75,5.303912401199341,B,1.1,1.1,18.83849,5.33,163.0,0.024220741735452626,0.018504646685885803,0.04809539598344089,0.8266377682698411,0.47985057048868285,0.13292343064416404,1.0959616515939696,3.1425174452727744,17.03289753507276,1.5471886877383998,0.08651648947903678,44.8928110986642,1.947509107141961,18.090934887496065,2.3838592254737705,1.0117272942251179,1.8113777738146122,10.46461990828578,4.084424414655162,0.17574570203244422,22.78705682587361,71.22273808353646,5.7438327623836045,18.83849,143.75,5.303912401199341,B,1.1,1.1,64.28720729005413,80.53907356690175,66.48608467123096,73.59702502332446,67.05932232734024,62.325510303288155,143.75,5.303912401199341,B,1.1,1.1,,,,,,,,,,,,,,,,,,,,,
494458,285023_20014,Ngalayel Mukau,Congo DR,MF,0,1,0,0,1,0,0.06,0.0,0,0,10,125,9,3,4,0,0,0,1,69,87,0,0,1,100,0,0,,,,62,11,35,16,39,23,0,19,41,164,7.25,383,105,26619.43,,,,,,,Round of 16,0.0,220.0,1014.0,0.0,False,,,None,1.0,1.0,26.61943,7.25,220.0,0.022964860116359103,0.01754515312889835,0.03212110294381892,0.39861893859751313,0.06981317475373168,0.12603115231857875,0.07624333558631222,0.28347823327633676,20.771593495992853,0.5040735762518341,0.08203048033563472,48.3423982299384,2.6168407069568715,28.322429295647225,2.4528307793080826,0.7666895099380207,0.9471422774301224,10.88490481116088,3.6800626973218176,0.16663302500430163,27.575438532386798,94.49068269133737,6.944445984046997,26.61943,,,None,1.0,1.0,49.96352832597718,48.573957833512885,59.179740096185185,80.19190971993352,69.25674422634224,74.58278461613386,,,None,1.0,1.0,,,,,,,,,,,,,,,,,,,,,
486147,285023_20014,Noah Sadiki,Congo DR,MF,0,0,0,0,0,0,0.0,0.0,0,0,12,135,17,2,3,2,0,0,0,116,89,1,100,3,33,0,0,,,,148,9,96,43,109,39,0,20,47,242,6.86,420,141,33931.45,,,,,,,Round of 16,0.0,297.0,1104.0,0.0,False,,,None,1.0,1.0,33.93145,6.86,297.0,0.021373784063084444,0.016329571024196514,0.019141506055535898,0.19176559061399362,0.0649763035517767,0.11729932693820744,0.07096096308944036,0.44307379389794865,27.756556452436886,0.8276214173013804,0.07634715667333764,58.97348104738923,2.7940095511051495,28.1525224262598,3.716777555595798,0.5343351021175275,0.7022855475554532,11.206179989679336,3.066625042235104,0.1550881771617407,32.11741636671947,94.57580266072856,7.773889213380719,33.93145,,,None,1.0,1.0,46.054755006517944,55.31014461372487,71.74225735988288,84.98901464752244,69.6744659385017,86.26904474536785,,,None,1.0,1.0,,,,,,,,,,,,,,,,,,,,,
433076,285023_20014,Samuel Moutoussamy,Congo DR,MF,0,3,0,0,3,0,0.13,0.0,0,0,39,114,31,8,1,1,0,0,0,147,83,1,100,6,17,4,100,,,,146,8,79,59,109,37,1,14,62,320,7.17,613,169,42992.72,,,,,,,Round of 16,0.0,360.0,1198.0,0.0,False,,,None,1.0,1.0,42.99272,7.17,360.0,0.020237315128298478,0.015461308758020036,0.040185461509319266,0.6906860737854082,0.06152143799002737,0.11106238542410206,0.06718788622595094,0.4195150454284878,31.541582545010787,1.292732707308869,0.7511101995773678,69.07483147723805,7.227500758746842,23.091801918688393,5.895030958888276,1.5241576487538113,0.3255329539726697,13.155918790415669,2.733863397862981,0.3165475860557051,35.16145358791524,122.3002834415558,8.898291001872334,42.99272,,,None,1.0,1.0,53.434087499406665,60.341473585925534,73.81481623260412,90.5660497749198,73.9106797961877,95.6383396411219,,,None,1.0,1.0,,,,,,,,,,,,,,,,,,,,,
441317,285023_20014,Theo Bongonda,Congo DR,MF,0,1,0,1,0,0,0.04,0.0,1,0,1,19,2,0,1,0,0,0,0,13,69,2,0,2,0,0,0,,,,8,5,2,1,6,2,0,6,11,40,3.44,55,24,5477.05,,,,,,,Round of 16,0.0,47.0,667.0,0.0,False,,,None,1.0,1.0,5.47705,3.44,47.0,0.024018314077850638,0.018349991955477884,0.029566331133708997,0.4169045583602029,0.07301567479666594,0.3332247521129713,0.2811530471921912,0.6993065578844423,10.445351296332104,0.7286089010594201,0.08579341788608248,25.584863245651853,0.9241713516844084,8.271950067636787,1.1554623788509815,0.19762268823255502,0.386353262853177,5.3418545226203475,2.6404026528187896,0.1742768869488842,12.525999133461895,32.76198383397641,3.0046703945044997,5.47705,,,None,1.0,1.0,46.940241552568324,50.435456544973476,28.872853335239164,26.701617779840998,25.9067789927306,23.961464102381086,,,None,1.0,1.0,,,,,,,,,,,,,,,,,,,,,
433667,285023_43938,Josip Stanisic,Croatia,DF,0,0,0,0,0,0,0.0,0.0,0,0,19,75,17,0,3,0,0,0,0,162,86,5,20,9,67,3,100,,,,163,41,56,66,30,133,3,22,51,322,6.19,418,196,42580.9,,,,,,,Round of 16,0.0,413.0,256.0,1.0,False,,,None,1.0,1.0,42.5809,6.19,413.0,0.01939193731331837,0.17743191709746012,0.01736664338031539,0.1739844615750924,0.05895148943248784,0.10642295197549122,0.064381231880217,1.0524564591460264,32.663236236308684,1.7265805306286142,0.5571174310534279,66.51458630656857,3.6732552404439884,15.785140396706824,3.372145856481587,0.15955686021398352,0.6371673482828061,10.8175724549451,7.986004861648383,0.6285573281156926,38.083291334019975,85.48119379481483,8.459612017589214,42.5809,,,None,1.0,1.0,46.062261350637385,80.69567122403667,78.70688100857816,80.18656773226361,61.72930984624385,91.27134065267357,,,None,1.0,1.0,,,,,,,,,,,,,,,,,,,,,
448171,285023_43938,Josip Sutalo,Croatia,DF,0,1,0,1,0,0,0.06,0.0,0,0,4,17,9,2,1,0,0,0,0,267,90,0,0,4,0,7,71,,,,41,0,2,39,22,19,0,2,43,570,5.96,410,118,40954.87,,,,,,,Round of 16,0.0,413.0,1249.0,0.0,False,,,None,1.0,1.0,40.95487,5.96,413.0,0.01939193731331837,0.014815440107375233,0.027123631999720486,0.3366009385651773,0.05895148943248784,0.2690394289655761,0.064381231880217,0.23937407419560192,49.7379663202676,0.9134981456781898,1.2075833390137674,106.84347260010962,1.234008085592716,6.353384731281899,2.0712140405609083,0.4847898141941533,0.31193439430263636,9.516640639024422,1.3187293050549023,0.1407078971454381,25.39920612879336,84.18026197889414,8.195192747509024,40.95487,,,None,1.0,1.0,38.472930215949155,38.56490122937571,78.54157612172838,41.71259995256399,65.79389425240095,77.18803584640621,,,None,1.0,1.0,,,,,,,,,,,,,,,,,,,,,
448180,285023_43938,Josko Gvardiol,Croatia,DF,0,1,0,1,0,0,0.18,0.0,0,0,2,24,6,2,3,0,0,0,0,89,87,0,0,7,57,2,50,,,,10,2,3,5,2,8,0,8,28,187,6.86,238,88,18796.01,,,,,,,Round of 16,0.0,177.0,948.0,0.0,False,,,None,1.0,1.0,18.79601,6.86,177.0,0.023916054235896395,0.018271865436224843,0.05751811043733082,0.4151295547479705,0.07270480487712504,0.33180602179010743,0.07940130006317604,0.29521977348790507,25.643037826949193,1.728280372660255,0.48653757801763814,54.95747697175931,1.1207913363536106,9.239505176990011,1.9527617723970978,0.5978907265399717,0.7858177660469264,8.728541335579443,2.0274967845449146,0.1735348895356642,25.308170550216886,69.32401019162384,5.663058018520295,18.79601,,,None,1.0,1.0,54.79928517778998,53.59134359748467,67.76496907517406,47.71229017663455,60.76510438615094,55.64088837067085,,,None,1.0,1.0,,,,,,,,,,,,,,,,,,,,,
499290,285023_43938,Luka Vuskovic,Croatia,DF,0,0,0,0,0,0,0.0,0.0,0,0,0,3,2,1,1,0,0,0,0,43,88,0,0,1,0,0,0,,,,8,0,1,7,5,3,0,0,2,94,1.47,81,21,7008.12,,,,,,,Round of 16,0.0,71.0,731.0,0.0,False,,,None,1.0,1.0,7.00812,1.47,71.0,0.025119873969051392,0.019191583712355263,0.022496354331723662,0.22537550925032912,0.07636441686591625,0.13785786834215405,0.08339798157725063,0.31007972427397035,17.243900328679324,0.5513756514264626,0.08972818981745158,38.13335306918542,0.7559072474766945,5.280934357931028,1.2084557325146936,0.41733600392760445,0.40407271047194543,3.6910026371281055,1.708251909391371,0.1822698055194369,12.46853413644364,39.74144924996508,3.464993994628364,7.00812,,,None,1.0,1.0,48.2844008483729,49.78215041988098,44.74873792521679,28.410038220607483,43.20457314622679,29.5067513877238,,,None,1.0,1.0,,,,,,,,,,,,,,,,,,,,,
448174,285023_43938,Marin Pongracic,Croatia,DF,0,1,0,1,0,1,0.05,0.0,0,0,6,13,7,3,0,0,0,0,0,200,91,0,0,1,0,1,100,,,,17,2,1,14,11,6,0,2,28,423,4.19,280,102,28983.18,,,,,,,Round of 16,0.0,311.0,1160.0,0.0,False,,,None,1.0,1.0,28.98318,4.19,311.0,0.02110814066703549,0.016126619469615112,0.027754015302561975,0.36639041500047603,0.06416874762778789,0.2928496529165243,0.07007902701455783,0.260558888393886,42.28027183517757,0.4633189969435029,0.25240645539848433,90.27901103753477,1.6972352305674336,6.207632109695428,1.900501934493059,0.7047023122158688,0.16253268313617328,7.703748975987347,1.7894543517927486,0.15316066868000947,24.814927177479813,68.61922553160906,6.801387426631126,28.98318,,,None,1.0,1.0,39.71953065101267,36.33578200388714,68.92383725046724,41.38613667116777,68.75054991226838,61.18282439485597,,,None,1.0,1.0,,,,,,,,,,,,,,,,,,,,,
336472,285023_43938,Andrej Kramaric,Croatia,FW,0,1,0,0,1,0,0.01,0.0,0,0,0,24,1,0,0,0,0,0,1,20,85,2,0,2,50,0,0,,,,47,18,22,7,32,15,0,10,9,47,5.44,163,50,10055.36,,,,,,,Round of 16,0.0,81.0,756.0,0.0,False,,,None,1.0,1.0,10.05536,5.44,81.0,0.025261582710002308,0.019299849190441764,0.02474164320097999,0.4384849389951735,0.07679521143840704,0.13863556591249268,0.08386845459720767,0.735505014814334,12.468903905625366,0.7663241457205368,0.09023437344012825,28.392087858386542,0.7601715469093895,9.759324089410333,1.003434974721665,0.20785230253789896,0.1945141868670178,5.194690822154036,5.530973011189586,0.18329804414377676,18.682175424756974,57.33636023270346,4.130062349465684,10.05536,,,None,1.0,1.0,54.6651728415005,62.53318279945185,43.520561974229174,33.9293451158531,40.558418153945766,37.96550826681282,,,None,1.0,1.0,35.53564762971257,40.454709491158425,31.181178753334947,55.560972507789806,46.929519768845324,25.843521997063746,C,C,D,B,C,E,34.61542616232104,C,42.45283018867924,45.129806753855156,,,None,1.0,38.806612944231766
430070,285023_43938,Ante Budimir,Croatia,FW,1,3,33,3,0,1,0.46,2.18,0,0,13,76,13,6,4,0,0,0,0,10,60,0,0,2,0,0,0,,,,76,65,10,1,68,8,1,14,16,37,4.99,180,94,18722.29,60.0,316.0,288.0,5.6973395347595215,4.881691932678223,5.199741840362549,Round of 16,1.0,168.0,105.0,0.0,True,155.4,5.450592970848083,C,1.0,1.0,18.72229,4.99,168.0,0.22631813736018794,0.018422240653573403,0.11460894938865823,0.8229565340480252,0.27550841345088134,0.7389472586068604,0.0800547630495598,0.29764939610956814,9.87986159439789,0.7314776240893848,0.08613120891958664,25.07898174576992,3.3542731381050563,19.83021853435669,3.3842695613682046,1.4116323217739046,0.9944902070562252,6.373913079928654,14.783114021243806,0.3771683173716477,26.729685239446045,58.1666334135492,5.6947577217121985,18.72229,155.4,5.450592970848083,C,1.0,1.0,83.43974496038403,52.2380335871066,48.367915851757445,84.68452135033696,51.72377002635865,54.153372031392536,155.4,5.450592970848083,C,1.0,1.0,73.59089212392684,66.13420957663013,48.88673296143585,41.8848167539267,60.40744669178157,87.3932952682458,A,A,C,D,B,S,60.503516382833254,A,74.71933471933471,78.46898073495714,154.0,5.4664954662323,BL-B,1.05,70.4508981977768
485068,285023_43938,Igor Matanovic,Croatia,FW,2,4,0,3,1,2,0.12,0.0,0,0,6,49,10,4,3,0,0,0,1,14,79,0,0,0,0,0,0,,,,36,15,19,2,33,3,0,22,16,44,4.63,164,73,12766.79,,,,,,,Round of 16,0.0,125.0,863.0,0.0,False,,,None,1.0,1.0,12.76679,4.63,125.0,0.024959202488771443,0.019068830701421378,0.047468742450611584,1.0611432670548389,0.49448062672865595,0.7648830800025638,0.08286455226272119,0.3080963955213947,11.063837628370417,0.3385466225576958,0.08915427128989158,27.424328628266885,2.0068862747804825,14.875063476490281,2.8751448250020957,1.0425736204031928,0.8200928359077261,6.597626842050771,4.836860489767344,0.1811039732585256,23.2725039564958,56.859348423071424,4.648134258828779,12.76679,,,None,1.0,1.0,68.66461847171803,46.32170768017489,43.761859814841195,64.97792883599898,50.44235414506009,46.1163293908345,,,None,1.0,1.0,43.69167599850691,41.00552717050657,52.36963376182392,31.02571168153973,52.10489740682491,67.28663764674846,C,C,C,E,C,B,38.650994522690056,C,53.404757581260206,52.6436342813514,,,None,1.0,43.216522357295226
359381,285023_43938,Ivan Perisic,Croatia,FW,2,2,50,2,0,1,0.32,3.15,2,0,12,88,13,4,1,2,0,0,0,150,88,19,16,9,56,1,100,,,,135,67,47,21,34,101,10,44,57,335,6.04,452,183,41581.7,83.0,184.0,106.0,5.5156073570251465,5.471846103668213,6.049746036529541,Round of 16,1.0,413.0,75.0,1.0,True,103.89999999999999,5.642577838897704,B,1.1,1.1,41.5817,6.04,413.0,0.18200841430340325,0.17743191709746012,0.06940391601714256,0.49921741555526217,0.3841844434126576,0.43165590595566095,0.38961418586038676,3.3290871370072144,30.711838512427665,1.7265805306286142,0.23188447707325804,68.62860050743967,2.534939901513395,17.899154597577926,2.7216799485212477,0.8100227681743231,0.31193439430263636,11.793271316885608,12.214033263390588,1.7668726670462864,35.96927713314887,91.01015401247771,8.29712563378072,41.5817,103.89999999999999,5.642577838897704,B,1.1,1.1,90.22983791521037,100.2825049995091,92.92016018463725,82.94371794990234,89.25059861935182,100.075487628942,103.89999999999999,5.642577838897704,B,1.1,1.1,69.98693542366554,70.30313966077229,83.71525588163962,97.94539712147868,101.61149921363523,72.37774888348693,B,A,A,S,S,B,67.14844340053565,A,42.901904073270664,52.03799845355132,100.0,5.671472835540772,BL-B,1.05,78.07527716180859
482931,285023_43938,Marco Pasalic,Croatia,FW,2,3,0,3,0,0,0.52,0.0,1,0,5,40,7,0,2,0,0,0,2,37,62,12,8,9,89,2,50,,,,42,21,17,4,9,33,6,33,32,115,5.44,142,82,12958.46,,,,,,,Round of 16,0.0,114.0,843.0,0.0,False,,,None,1.0,1.0,12.958459999999999,5.44,114.0,0.025120970646726772,0.019192421574099255,0.1320399527232578,0.8573619808590203,0.4976855055771079,0.7698405191258242,0.29406049995266215,2.837999790529546,15.980699894477315,2.236670742501965,0.5110498619611664,42.55885431185189,1.8092346357289482,13.075543375752186,2.2618028780245347,0.2066953464812679,0.6147492287908546,10.010930100237479,6.1321629133761215,1.4462310274458248,25.31927000657411,52.593375794745604,4.718637213119789,12.958459999999999,,,None,1.0,1.0,84.02947492810857,87.42241172443597,57.97984386816739,56.81157822916339,50.08019337509931,52.3521432008913,,,None,1.0,1.0,55.52444942142591,51.793956200497625,57.84865389279652,59.13262818746422,53.91536520244322,55.58444984642056,B,B,B,B,B,C,49.03255236806905,B,53.88228792484111,58.742538031966106,,,None,1.0,54.56107796294314
389754,285023_43938,Petar Musa,Croatia,FW,1,1,100,1,0,0,0.34,2.91,0,0,9,76,11,1,1,0,0,0,0,11,64,0,0,3,33,0,0,,,,43,33,9,1,38,5,0,10,13,29,3.35,160,61,13217.92,,,,,,,Round of 16,1.0,119.0,97.0,0.0,False,,,None,1.0,1.0,13.21792,3.35,119.0,0.23513193606252483,0.019139681697674032,0.09386271371146761,0.4348459969183591,0.28623789242804193,0.34756504006666233,0.08317243879093952,0.3092411398901678,10.474705765584119,0.9700444959548893,0.08948552751844457,24.37502485821686,2.644582930279138,20.602492274428197,3.0959075362216724,0.41620735400858233,0.40297993000809557,5.991900596072353,8.636271976641046,0.18177687224911357,20.83801390732576,56.23029159905242,4.760177974790117,13.21792,,,None,1.0,1.0,79.74197867627345,56.823091109121016,46.18215024198592,75.86489970729765,43.36918917778021,46.52424475487907,,,None,1.0,1.0,73.03098170959314,65.54540447112007,44.1018675721562,43.506369629268505,48.64854979700816,82.41845214540109,A,A,C,C,C,A,59.41712850613301,A,64.90161001788908,72.03660353266652,,,None,1.0,65.90893183940058
369029,285023_43938,Dominik Livakovic,Croatia,GK,0,0,0,0,0,0,0.0,0.0,0,0,0,0,0,0,1,0,0,0,0,129,74,0,0,0,0,0,0,12.0,80.0,68.0,5,0,0,5,2,3,0,0,8,235,2.52,30,5,17297.82,,,,,,,Round of 16,0.0,413.0,1250.0,0.0,False,,,None,1.0,1.0,17.297819999999998,2.52,413.0,,,,,,,,,,,,,,,,,,,,,,,,,,,,,,,,,,,,,,,,,,,,,,,,,,,,,,,,,,,,,
241559,285023_43938,Luka Modric,Croatia,MF,0,1,0,1,0,1,0.05,0.0,7,0,16,48,12,4,3,1,0,0,0,248,91,9,44,9,44,2,100,,,,141,14,47,80,114,27,1,13,50,509,6.08,401,122,36541.56,,,,,,,Round of 16,0.0,360.0,241.0,1.0,False,,,None,1.0,1.0,36.54156,6.08,360.0,0.020237315128298478,0.18516693624279146,0.02660901131053755,0.3512748188158653,0.06152143799002737,0.28076801290887343,1.2551272786193508,1.7771600653066593,48.68185092097271,1.8018495897631832,0.41169894460782497,101.14919507185985,3.3242713265971005,11.891230504693485,2.6706240366776184,0.8453351388147254,0.6649442089422125,11.119451260598412,3.75209716277161,0.3165475860557051,27.185289096130987,86.32269041478428,7.803492846067677,36.54156,,,None,1.0,1.0,55.7230299600491,87.67679641031269,91.40241191646578,72.32367763833065,80.89913912451834,78.49971870082875,,,None,1.0,1.0,,,,,,,,,,,,,,,,,,,,,
448160,285023_43938,Luka Sucic,Croatia,MF,0,1,0,0,1,0,0.04,0.0,0,0,1,7,0,0,0,0,0,0,0,3,33,0,0,1,0,0,0,,,,5,3,1,1,4,1,1,1,3,10,1.76,31,17,2774.75,,,,,,,Round of 16,0.0,23.0,590.0,0.0,False,,,None,1.0,1.0,2.77475,1.76,23.0,0.02037040353184613,0.015562988298330438,0.02507578567744896,0.3535849377494446,0.06192602673681223,0.11179277458277154,0.06762973972572914,0.25145226119710856,7.150690653129051,0.44712583076768203,0.07276308141575435,16.57437430693026,0.7838078603420349,4.965743063277874,0.6383269650739303,0.1676076802600299,0.1568521071952152,3.163958237104383,1.8977339535648274,0.31862932528879667,9.427793948558302,23.6863611933488,2.08670851014761,2.77475,,,None,1.0,1.0,24.920999649556357,19.472793244682514,11.861147427201873,10.550614101547565,10.03232019220662,10.65702721734196,,,None,1.0,1.0,,,,,,,,,,,,,,,,,,,,,
380005,285023_43938,Mario Pasalic,Croatia,MF,1,4,0,1,3,1,0.36,0.0,0,0,7,23,8,2,0,0,0,0,1,50,90,0,0,1,100,0,0,,,,31,3,17,11,23,8,0,9,22,119,6.43,218,78,16317.24,,,,,,,Round of 16,0.0,158.0,914.0,0.0,False,,,None,1.0,1.0,16.317239999999998,6.43,158.0,0.024327138095370786,0.01858593350486328,0.09522712244604321,1.0342709791400329,0.27795647384701877,0.33750930790448647,0.08076609847663102,0.3002941926492569,18.12772915582163,0.5339752751627008,0.08689653727666445,42.02998567531073,2.1600660578255386,9.194317504439567,2.394330991653271,0.6081676403228939,0.18731896333435505,7.654561031861857,2.26634862114887,0.1765177140200104,23.703163221316586,66.43555446390098,5.254724171919067,16.317239999999998,,,None,1.0,1.0,66.5182139045044,49.36212064966883,55.682852051507005,51.73486879130715,64.28845056246489,51.59490711009109,,,None,1.0,1.0,,,,,,,,,,,,,,,,,,,,,
482774,285023_43938,Martin Baturina,Croatia,MF,1,3,33,0,3,0,0.1,10.18,2,0,17,119,8,1,14,0,0,0,0,93,86,10,20,8,50,1,100,,,,119,40,62,17,59,60,3,53,74,240,6.58,489,175,37805.67,67.0,201.0,120.0,5.616047382354736,5.41038179397583,5.951844215393066,Round of 16,1.0,344.0,149.0,0.0,True,100.35,5.6691467523574826,B,1.1,1.1,37.80567,6.58,344.0,0.19251914178914453,0.015671010736600977,0.035570277139137324,0.7000538600781417,0.23436320187116808,0.1125687263383065,0.4121138518666572,1.9732710633974566,22.680984762695008,1.6542807570074598,0.24527547636314678,56.25110671355864,3.5413658195300908,24.265033136505977,2.018816362780853,0.3407783899621182,2.566043681853539,15.398440899478443,8.275177955162343,0.6648556213032631,36.670393032470265,102.6301330404717,8.12676795286888,37.80567,100.35,5.6691467523574826,B,1.1,1.1,75.16624589409575,76.24123117599495,83.5035844614232,91.79557441844378,78.99067176503083,101.89008781986328,100.35,5.6691467523574826,B,1.1,1.1,,,,,,,,,,,,,,,,,,,,,
339987,285023_43938,Mateo Kovacic,Croatia,MF,4,5,0,1,4,0,0.46,0.0,0,0,7,95,16,3,3,0,0,0,0,208,95,0,0,3,67,2,100,,,,88,4,27,57,60,28,1,15,86,442,6.73,354,108,32503.08,,,,,,,Round of 16,0.0,293.0,230.0,1.0,False,,,None,1.0,1.0,32.503080000000004,6.73,293.0,0.0214510815544876,0.1962726293165494,0.10195737198104052,1.0918791187514671,0.7847472999613259,0.29760753857994876,0.07121759076089883,0.26479215070859485,44.40626527850574,0.8306144792318324,0.43639126933047145,95.16355703975563,1.904693967200087,21.05897485129961,3.550335139734157,0.7161515080570865,0.7048253369963171,18.26218283822552,2.1782953620670584,0.3355330507682829,26.297395703603655,83.04548831850671,7.5450622798609395,32.503080000000004,,,None,1.0,1.0,67.51051785252727,68.37173439710547,86.88138106003525,71.80204123369202,93.56572813503018,75.43621158371947,,,None,1.0,1.0,,,,,,,,,,,,,,,,,,,,,
409191,285023_43938,Nikola Vlasic,Croatia,MF,1,3,33,2,1,1,0.2,5.07,0,0,14,82,9,5,0,0,0,0,2,40,83,3,67,3,67,0,0,,,,67,30,28,9,38,29,1,22,45,105,5.15,263,96,22011.41,,,,,,,Round of 16,1.0,204.0,113.0,0.0,False,,,None,1.0,1.0,22.01141,5.15,204.0,0.21885283587889187,0.01781456695121769,0.059989284700109495,0.7958105938050946,0.2664205277381642,0.5190370978387356,0.07741408675136482,0.8744371903489506,15.420025924352412,0.9028845354804762,0.08329009574574553,37.5481327340182,3.4391648480885113,20.34931349075488,2.4904951137770404,1.1695330565129551,0.1795447192727437,11.8341888446987,7.451743194709789,0.36472709091399375,26.239053899452262,72.47738940289713,6.150050360167472,22.01141,,,None,1.0,1.0,76.64722456636767,63.26650401234599,62.92870249677765,74.8499220500127,70.46526563525904,62.71335568264451,,,None,1.0,1.0,,,,,,,,,,,,,,,,,,,,,
485066,285023_43938,Petar Sucic,Croatia,MF,2,3,33,1,2,0,0.14,7.07,0,0,11,152,25,7,6,1,0,0,1,127,87,6,17,5,20,1,100,,,,164,44,73,47,98,66,6,43,62,294,7.0,548,158,39444.7,55.0,275.0,169.0,5.77211332321167,5.098548889160156,5.762997150421143,Round of 16,1.0,338.0,71.0,1.0,True,116.5,5.668799614906311,B,1.1,1.1,39.4447,7.0,338.0,0.19350803656118534,0.18864238794796492,0.04266862285672206,0.7036497601842023,0.4084579144687659,0.28603782883293694,0.06844895506733852,1.2918434515801227,28.675777989045244,1.144105499431435,0.24653535958323194,65.87615402209258,2.522211128120517,30.095072112115545,4.968331209001518,1.3798741224411566,1.1960973831064121,13.40284602980857,9.009247800691071,1.1869433662239124,33.91960936980776,113.35786549119622,8.451885290541606,39.4447,116.5,5.668799614906311,B,1.1,1.1,85.39828793876435,89.86535369021085,91.1678602638837,95.54802732881187,91.87089692145095,102.46559208753409,116.5,5.668799614906311,B,1.1,1.1,,,,,,,,,,,,,,,,,,,,,
511141,285023_1895293,Armando Obispo,Curaçao,DF,0,0,0,0,0,0,0.0,0.0,0,0,4,24,9,1,0,0,0,0,1,97,90,0,0,1,100,1,100,,,,16,0,4,12,8,8,0,1,21,214,5.34,189,65,26713.78,,,,,,,Round of 16,0.0,300.0,1114.0,0.0,False,,,None,1.0,1.0,26.71378,5.34,300.0,0.021316219229056986,0.016285591490999535,0.01908995329277427,0.19124911892309926,0.06480130645633324,0.11698341112906474,0.07076984784046919,0.2631274101634794,24.285492776662917,0.46788627514019426,0.2548946126034569,53.80956485230675,1.3564599791098444,8.235109185574403,2.2767427434171186,0.3541429293339462,0.1641348880637388,6.528418987593548,1.449588172452791,0.15467048672603745,18.445682408920042,53.02912596001731,6.462771501224784,26.71378,,,None,1.0,1.0,30.409411238537036,31.30782899728234,54.592597147527385,36.21874190500732,52.11799805445331,44.19427233178197,,,None,1.0,1.0,,,,,,,,,,,,,,,,,,,,,
506471,285023_1895293,Deveron Fonville,Curaçao,DF,0,0,0,0,0,0,0.0,0.0,0,0,9,73,19,2,3,0,0,0,0,66,83,0,0,3,33,0,0,,,,17,5,8,4,3,14,0,9,53,151,5.89,239,132,25516.75,,,,,,,Round of 16,0.0,260.0,1057.0,0.0,False,,,None,1.0,1.0,25.51675,5.89,260.0,0.022112242444697235,0.016893753227748685,0.019802839843773047,0.19839103921382356,0.0672212170318796,0.12135198653649841,0.0734126449163948,0.2729535207373426,19.444120305340213,0.856215510448603,0.07898493001245852,44.13701868594655,2.3342567614320187,17.6286265793241,4.216047904128987,0.5527962334541221,0.7265493207528986,12.705920544979131,2.4308626917570737,0.16044643117872312,31.558209138202848,64.28083913588013,6.4821510074016935,25.51675,,,None,1.0,1.0,41.47152768662658,45.730317888284986,53.70743090099994,74.96744577875096,60.836659408055816,66.33994055969838,,,None,1.0,1.0,,,,,,,,,,,,,,,,,,,,,
401023,285023_1895293,Joshua Brenet,Curaçao,DF,0,0,0,0,0,0,0.0,0.0,0,0,17,65,6,0,1,0,0,0,1,63,78,1,0,3,33,0,0,,,,44,18,20,6,8,36,1,10,32,121,3.96,191,97,19154.29,,,,,,,Round of 16,0.0,193.0,972.0,0.0,False,,,None,1.0,1.0,19.15429,3.96,193.0,0.023561686695362734,0.01800112863525713,0.021100904136899048,0.21139545303079446,0.07162752755390271,0.1293065365841507,0.07822479982860428,0.48842852926449276,20.12592154144494,0.9123399244267055,0.0841623448758357,41.102681769111314,4.067930443884753,17.203507945384956,1.9238274264674973,0.19386555812944456,0.3790080562512282,9.389541585317119,5.15878417857628,0.36854666735848707,26.711423444659577,59.01042235016877,5.6499377529365615,19.15429,,,None,1.0,1.0,43.72130366113142,51.655090018350315,51.23309849161585,73.11911804495836,46.000794551203654,53.45438716841571,,,None,1.0,1.0,,,,,,,,,,,,,,,,,,,,,
431698,285023_1895293,Jurien Gaari,Curaçao,DF,0,2,0,1,1,1,0.11,0.0,0,0,8,30,14,4,1,1,0,0,0,54,76,0,0,1,0,0,0,,,,21,0,2,19,11,10,0,3,24,114,3.83,151,71,17250.25,,,,,,,Round of 16,0.0,180.0,952.0,0.0,False,,,None,1.0,1.0,17.25025,3.83,180.0,0.0238499046003816,0.01822132711469154,0.04335902056391774,0.6139813440746237,0.07250370998516006,0.3308882764468942,0.07918168327326691,0.2944032223871104,18.572111511553953,0.523500105999576,0.08519185923256306,40.205469578121686,2.317691329234683,10.413949544201822,3.547360610557558,0.9962370150519398,0.38364426542293834,7.90439898240407,1.6218889124443503,0.17305490778036886,21.838170447318213,51.732266270934915,5.338242513991944,17.25025,,,None,1.0,1.0,51.224312260103574,42.46333552811245,44.567064019656954,60.76310056443144,48.32709954339081,44.00066417636263,,,None,1.0,1.0,,,,,,,,,,,,,,,,,,,,,
398569,285023_1895293,Riechedly Bazoer,Curaçao,DF,0,0,0,0,0,0,0.0,0.0,0,0,1,11,3,2,0,0,0,0,0,36,86,0,0,0,0,1,100,,,,18,0,3,15,9,9,0,1,4,71,1.69,60,15,8506.82,,,,,,,Round of 16,0.0,100.0,809.0,0.0,False,,,None,1.0,1.0,8.50682,1.69,100.0,0.02526158271000231,0.019299849190441764,0.022623263011769666,0.22664692007414075,0.07679521143840704,0.1386355659124927,0.08386845459720768,0.31182897697226847,15.85831220836189,0.3426481078784713,0.30207239236116096,33.47620031249133,0.9720095658304224,7.0054298434369064,1.4271110125637305,0.6315283403799644,0.19451418686701777,4.135500727548871,1.7178886706109973,0.18329804414377676,11.26784476252083,35.517044283837095,3.8020227036457084,8.50682,,,None,1.0,1.0,52.943798881655916,48.81375417250936,38.6731874542325,31.671543851946453,45.51722610820958,29.997059601468933,,,None,1.0,1.0,,,,,,,,,,,,,,,,,,,,,
466361,285023_1895293,Roshon Van Eijma,Curaçao,DF,0,0,0,0,0,0,0.0,0.0,0,0,1,5,3,0,0,0,0,0,0,1,100,0,0,0,0,0,0,,,,0,0,0,0,0,0,0,0,0,2,1.82,18,5,1852.02,,,,,,,Round of 16,0.0,20.0,577.0,0.0,False,,,None,1.0,1.0,1.85202,1.82,20.0,0.01951355830940313,0.014908358548383988,0.017475562279569062,0.17507564515196486,0.059321217260585514,0.10709040800200437,0.06478501358721839,0.24087536377127217,6.5226366912714155,0.26468190490874405,0.06970243028118797,14.568111473008654,0.7508383602829226,4.429595081619674,1.1023859540925471,0.1605575577697689,0.15025439898240409,2.5399628037851487,1.3270000192726505,0.14159037909302907,7.067594002351264,20.56276331258311,1.847942602357045,1.85202,,,None,1.0,1.0,14.035862277956346,12.249745423172008,29.435042934155316,14.26045961503746,47.4620836527986,12.602525944616907,,,None,1.0,1.0,,,,,,,,,,,,,,,,,,,,,
466350,285023_1895293,Sherel Floranus,Curaçao,DF,0,2,0,1,1,0,0.17,0.0,0,0,16,95,25,2,0,0,0,0,1,112,85,0,0,3,33,1,100,,,,33,10,11,12,14,19,0,8,42,232,5.97,320,116,29893.73,,,,,,,Round of 16,0.0,300.0,1114.0,0.0,False,,,None,1.0,1.0,29.893729999999998,5.97,300.0,0.021316219229056986,0.016285591490999535,0.04947797647070939,0.5487552739576301,0.06480130645633324,0.2957364886463301,0.07076984784046919,0.2631274101634794,26.966788939421896,0.825392430174725,0.2548946126034569,57.02712024761753,3.5014969093170287,20.92657768930025,5.136791983693365,0.5328960068512116,0.1641348880637388,10.28223361545612,3.2371189476254454,0.15467048672603745,27.562089362300583,76.44577911477906,7.031197350075812,29.893729999999998,,,None,1.0,1.0,49.47893440154768,47.15931239002659,62.43460964874386,81.04662774712088,58.92777905323203,70.11435166585115,,,None,1.0,1.0,,,,,,,,,,,,,,,,,,,,,
485379,285023_1895293,Shurandy Sambo,Curaçao,DF,0,0,0,0,0,0,0.0,0.0,0,0,0,0,0,0,0,0,0,0,0,3,100,0,0,0,0,0,0,,,,2,0,1,1,1,1,0,0,0,7,2.18,9,4,726.32,,,,,,,Round of 16,0.0,6.0,516.0,0.0,False,,,None,1.0,1.0,0.7263200000000001,2.18,6.0,0.012246685072476785,0.009356467395372263,0.010967641283507306,0.10987725847026171,0.037229922620329425,0.06720980767775259,0.040658994440622924,0.15117308053465342,4.2989946832751,0.1661140363230751,0.04374515907888707,9.656418649138507,0.3685272472009714,2.2665184997334236,0.3837621234311325,0.10076572477633897,0.09429947505807125,1.5940775157738682,0.8328235716687113,0.08886194688589154,4.33291527944029,11.980883019663747,1.0441593772680067,0.7263200000000001,,,None,1.0,1.0,6.897723480829819,5.005112987649371,26.12547726247016,6.8719409939644,44.66908052023012,6.93395360186872,,,None,1.0,1.0,,,,,,,,,,,,,,,,,,,,,
466346,285023_1895293,Brandley Kuwas,Curaçao,FW,0,0,0,0,0,0,0.0,0.0,0,0,0,2,0,0,0,0,0,0,0,4,75,1,0,1,0,0,0,,,,5,3,2,0,2,3,0,6,2,11,2.51,16,7,839.63,,,,,,,Round of 16,0.0,6.0,515.0,0.0,False,,,None,1.0,1.0,0.83963,2.51,6.0,0.012246685072476785,0.009356467395372263,0.010967641283507306,0.10987725847026171,0.037229922620329425,0.06720980767775259,0.040658994440622924,0.2538710600668721,4.401692662807319,0.2688120158552938,0.04374515907888707,10.06721056726738,0.3685272472009714,2.4719144587978605,0.3837621234311325,0.10076572477633897,0.09429947505807125,1.7994734748383054,1.1409175102653673,0.08886194688589154,4.641009218036946,12.699768876389276,1.0557960853288022,0.83963,,,None,1.0,1.0,1.5179455828506494,2.9609276203644437,6.831664592366181,1.4851278999674316,8.518850254987234,1.5654749486798818,,,None,1.0,1.0,0.0,0.0,3.6478292505457186,9.532187294656296,1.111883252258514,0.8442158026645561,G,G,G,F,G,G,0.031592699632031096,G,13.422818791946309,34.5575959933222,,,None,1.0,1.014768250270067
466372,285023_1895293,Gervane Kastaneer,Curaçao,FW,0,1,0,0,1,0,0.03,0.0,0,0,0,17,3,2,0,2,0,0,0,9,78,0,0,0,0,0,0,,,,12,11,1,0,8,4,0,7,6,19,5.92,44,21,4460.43,,,,,,,Round of 16,0.0,45.0,660.0,0.0,False,,,None,1.0,1.0,4.460430000000001,5.92,45.0,0.0238499046003816,0.01822132711469154,0.027359020563917737,0.41398134407462367,0.07250370998516006,0.13088827644689421,0.07918168327326691,0.2944032223871104,9.572111511553953,0.32350010599957596,0.08519185923256306,21.20546957812169,0.7176913292346832,7.813949544201822,1.3473606105575575,0.5962370150519398,0.1836442654229383,4.304398982404071,3.8218889124443507,0.17305490778036886,11.83817044731821,30.332266270934912,2.780278513991944,4.460430000000001,,,None,1.0,1.0,41.78408899692275,32.65565119950191,24.863913953751286,22.718385024193754,32.036133014246666,21.25693469973891,,,None,1.0,1.0,52.27696901829041,57.644019829436466,29.168081494057724,60.9767471437353,33.15752898577228,34.91755705052104,B,B,D,A,D,D,47.06445104409477,B,44.10832613079804,58.48478213269105,,,None,1.0,52.410414715681675
466363,285023_1895293,Jearl Margaritha,Curaçao,FW,0,1,0,1,0,0,0.05,0.0,0,0,3,23,1,0,0,0,0,0,0,8,100,0,0,0,0,0,0,,,,17,11,6,0,9,8,2,7,9,19,4.54,62,36,5685.6,,,,,,,Round of 16,0.0,50.0,681.0,0.0,False,,,None,1.0,1.0,5.6856,4.54,50.0,0.02424214945122872,0.018521002180738738,0.03187476327022646,0.42078984303010564,0.07369613433173532,0.3363301943420247,0.08048393617807935,0.2992450928259673,9.526248919798062,0.3288205151564663,0.086592957839789,21.554223017231056,1.3393625957474196,9.162196480772478,0.9629412733573846,0.19946440568470986,0.18666455077446112,4.985058644552868,3.884745190971855,0.5824795927254787,15.082204796783044,34.49032958168437,3.0750679857936096,5.6856,,,None,1.0,1.0,53.56274970363707,41.0923282541168,41.27713850983901,34.768128756962156,56.01838328841124,31.35584251527482,,,None,1.0,1.0,52.06233669279582,56.48540333149727,36.414018918263395,64.03968035271423,35.73150213964376,32.726553225168175,B,B,D,A,D,D,47.19481815364628,B,37.97599740512488,29.4921875,,,None,1.0,52.552874734253265
424047,285023_1895293,Jeremy Antonisse,Curaçao,FW,0,1,0,1,0,0,0.05,0.0,2,0,1,39,3,0,0,0,0,0,0,35,71,6,50,2,0,1,100,,,,33,10,18,5,21,12,0,11,14,82,4.85,145,55,10361.23,,,,,,,Round of 16,0.0,85.0,760.0,0.0,False,,,None,1.0,1.0,10.361229999999999,4.85,85.0,0.025286316641557175,0.01931874591414968,0.03324768534024406,0.4389142650826735,0.07687040259033381,0.35081673790348833,0.508041435599215,1.584406885671117,15.661793847995876,0.7670744632753267,0.30236815521826477,35.841477032794344,0.9729612725523611,12.949561048296548,1.4285083148037032,0.20805581332673243,0.19470463813999028,6.260004169776363,3.8400249986386803,0.18347751355113884,19.76069453722934,53.575681200917494,4.198964481502209,10.361229999999999,,,None,1.0,1.0,62.22540477007718,74.18862658871271,43.77684165967556,39.99535844866574,38.114835669383,40.156134195962096,,,None,1.0,1.0,37.64464352370287,41.17647058823529,33.97526073247636,70.15494838586598,45.941991880326256,32.70770912243013,C,C,D,A,C,D,37.06363999995541,C,41.27754949570415,50.93984962406014,,,None,1.0,41.48192414792769
407680,285023_1895293,Juergen Locadia,Curaçao,FW,0,1,0,1,0,0,0.08,0.0,0,0,7,76,4,3,4,0,0,0,2,48,77,0,0,1,100,1,100,,,,67,47,20,0,44,23,2,42,42,108,5.71,227,92,23793.05,,,,,,,Round of 16,0.0,250.0,1042.0,0.0,False,,,None,1.0,1.0,23.79305,5.71,250.0,0.02232056815621156,0.01705291407134563,0.03496343397251547,0.3874354619292633,0.06785452719488314,0.30967060247302225,0.07410428627862238,0.2755250933202754,16.25815304119679,0.48993151090258674,0.26690439388572085,36.50430711448512,1.9818978079788505,18.356236846618106,1.4481386214699778,0.7451796080845083,0.9205696725297616,10.766698059617916,10.31512816518647,0.5363086914049374,24.36851500542777,62.64034327106698,6.220587084950509,23.79305,,,None,1.0,1.0,46.04709876321111,42.293649838539245,47.20509349696419,60.64023484802327,53.83448667982302,54.728172108401,,,None,1.0,1.0,12.560656961552825,14.490303709472165,67.42420567547902,9.542785679462447,57.59116345415309,59.73015244879115,F,F,B,F,B,B,16.448107658530972,F,57.14708932010073,53.23690927372573,,,None,1.0,18.954086180774837
466352,285023_1895293,Kenji Gorre,Curaçao,FW,0,0,0,0,0,0,0.0,0.0,0,0,0,8,1,0,0,0,0,0,0,2,0,0,0,0,0,0,0,,,,2,0,2,0,1,1,0,3,1,5,2.2,32,8,2257.01,,,,,,,Round of 16,0.0,20.0,578.0,0.0,False,,,None,1.0,1.0,2.25701,2.2,20.0,0.01951355830940313,0.014908358548383988,0.017475562279569062,0.17507564515196486,0.059321217260585514,0.10709040800200437,0.06478501358721839,0.24087536377127217,6.68627305490778,0.26468190490874405,0.06970243028118797,15.059020563917745,0.5872019966465589,4.920504172528765,0.77511322681982,0.1605575577697689,0.15025439898240409,2.7035991674215123,1.3270000192726505,0.14159037909302907,7.558503093260355,22.853672403492205,1.9142136932661362,2.25701,,,None,1.0,1.0,9.176612997796068,7.998246838009022,5.368258539668759,5.695958160128037,4.941283723427393,5.586806146470997,,,None,1.0,1.0,23.81485628966032,26.494330376645326,13.501495674670547,29.65852004154567,13.269204979091228,14.736465223208398,E,E,F,E,E,E,21.0751358613791,E,40.95022624434389,73.36417713152676,,,None,1.0,24.010319505090088
424056,285023_1895293,Sontje Hansen,Curaçao,FW,1,1,0,0,1,0,0.03,0.0,0,0,2,31,1,0,0,0,0,0,0,6,83,0,0,0,0,0,0,,,,21,15,6,0,13,8,1,7,7,20,1.96,59,26,4910.75,,,,,,,Round of 16,0.0,50.0,675.0,0.0,False,,,None,1.0,1.0,4.91075,1.96,50.0,0.02424214945122872,0.018521002180738738,0.02780897770715283,0.42078984303010564,0.2769854124854168,0.1330409161883432,0.08048393617807935,0.2992450928259673,9.1196703634907,0.3288205151564663,0.086592957839789,21.75751229538474,1.1360733175937376,10.788510706001928,0.9629412733573846,0.19946440568470986,0.18666455077446112,4.578480088245507,4.697902303586582,0.3791903145717971,13.049312015246228,33.88046174722333,2.917549288616229,4.91075,,,None,1.0,1.0,52.51876827428688,38.47359483863383,30.467146857882593,29.564493268101327,31.35377880117987,25.158622548152813,,,None,1.0,1.0,53.34079880552445,54.83295029345287,35.670628183361636,59.927507047925886,34.33250429757507,32.37793732451429,B,B,D,B,D,D,46.79618329020744,B,43.14133222430165,41.80157261794635,,,None,1.0,52.1172623298351
506473,285023_1895293,Tyrese Noslin,Curaçao,FW,0,0,0,0,0,0,0.0,0.0,0,0,0,7,2,0,2,0,0,0,0,9,56,3,33,1,0,0,0,,,,12,4,5,3,2,10,2,4,10,25,2.51,42,19,2453.07,,,,,,,Round of 16,0.0,19.0,574.0,0.0,False,,,None,1.0,1.0,2.4530700000000003,2.51,19.0,0.019193954472927467,0.014664181217316585,0.01718933786777492,0.17220815953110524,0.058349621597699505,0.10533642214742593,0.0637239288501192,0.7197988846740772,7.703455239800492,0.42130303535754166,0.06856080537729692,18.031500344875518,0.5775844779993333,4.678957200420907,0.9233742311371621,0.1579278574032472,0.4697059232150486,4.107924258881666,1.9490906275239737,0.4611838074290687,9.205224360348067,24.088924702309917,1.9144187238691988,2.4530700000000003,,,None,1.0,1.0,12.626733174567814,31.148472179410852,13.240809737978957,12.417320392761079,11.698302465519426,10.91936959292687,,,None,1.0,1.0,22.3217618514371,25.012820756329653,18.10817365995634,52.233079678656956,9.257159577191763,12.544519192718637,E,E,E,B,F,F,21.642174703966553,E,41.04204753199269,55.28714676390155,,,None,1.0,24.629957114021675
390650,285023_1895293,Eloy Room,Curaçao,GK,0,0,0,0,0,0,0.0,0.0,0,0,0,0,0,0,0,0,0,0,0,89,54,0,0,1,0,0,0,21.0,81.0,72.0,9,0,0,9,3,6,0,0,3,160,3.12,15,1,15611.7,,,,,,,Round of 16,0.0,300.0,1114.0,0.0,False,,,None,1.0,1.0,15.6117,3.12,300.0,,,,,,,,,,,,,,,,,,,,,,,,,,,,,,,,,,,,,,,,,,,,,,,,,,,,,,,,,,,,,
466359,285023_1895293,Godfried Roemeratoe,Curaçao,MF,0,0,0,0,0,0,0.0,0.0,0,0,0,4,0,0,0,0,0,0,0,3,33,0,0,0,0,0,0,,,,0,0,0,0,0,0,0,0,1,7,2.36,19,6,1454.14,,,,,,,Round of 16,0.0,12.0,534.0,0.0,False,,,None,1.0,1.0,1.4541400000000002,2.36,12.0,0.01630063823398475,0.01245368761076435,0.01459819957682738,0.14624932623531117,0.04955394023131365,0.08945790262810832,0.05411811893682937,0.20121507836030775,5.722067374736446,0.22110185700576915,0.058225879771793526,12.852930087119208,0.49051880573706913,3.5635658387046028,0.5107967997001461,0.13412165138922652,0.12551491440168258,2.2584498049545356,1.108508602463899,0.11827743102579336,6.040603580012822,17.313784480415787,1.4892900285414927,1.4541400000000002,,,None,1.0,1.0,1.8111157150002968,2.0864437843397385,1.864918576815568,1.708855643174658,1.796009661336051,1.766639807145651,,,None,1.0,1.0,,,,,,,,,,,,,,,,,,,,,
466317,285023_1895293,Juninho Bacuna,Curaçao,MF,1,5,0,2,3,1,0.33,0.0,2,0,16,148,21,6,3,2,0,0,0,75,80,5,20,4,25,1,100,,,,45,13,27,5,25,20,4,36,71,201,6.17,305,142,28744.95,,,,,,,Round of 16,0.0,280.0,1081.0,0.0,False,,,None,1.0,1.0,28.74495,6.17,280.0,0.02170658231072553,0.016583828885394305,0.07950831679321285,1.1048843343557613,0.24801458579739197,0.4831788748668344,0.4361190044171815,1.1780789299075278,20.72564738504897,1.0225343847538264,0.2595624875866979,52.42863180783906,3.5656196840589347,30.957213786182972,4.502755550317408,1.270761212689368,0.7132204105109458,15.749302445561108,3.842479905904802,0.8856092635377699,32.79952378216862,75.1153290177983,6.950850900231585,28.74495,,,None,1.0,1.0,65.12883712878146,66.5944579400858,68.14074342290246,91.66649923492352,72.45422367193713,74.75783510198602,,,None,1.0,1.0,,,,,,,,,,,,,,,,,,,,,
466340,285023_1895293,Leandro Bacuna,Curaçao,MF,1,6,0,3,3,2,0.33,0.0,1,0,18,110,17,3,3,1,0,0,0,125,86,4,0,4,25,1,100,,,,62,5,33,24,41,21,0,24,60,291,5.88,315,88,29455.81,,,,,,,Round of 16,0.0,300.0,1114.0,0.0,False,,,None,1.0,1.0,29.45581,5.88,300.0,0.021316219229056986,0.016285591490999535,0.07807846887347186,1.2637675840266918,0.24355438397359863,0.6532426436808609,0.24952292535773457,0.978139720232541,29.290578947146347,1.0041455076919905,0.2548946126034569,67.57355182113619,3.8590030643515605,23.607873852059228,3.706767363555241,0.7116490843684771,0.700394120615535,13.499789010766895,2.343353560039118,0.15467048672603745,22.557003191817145,75.55201372719274,6.952917802369453,29.45581,,,None,1.0,1.0,59.7580327316661,58.36625725713589,71.73827336348403,88.8779816712248,72.00469381814534,63.054077826185974,,,None,1.0,1.0,,,,,,,,,,,,,,,,,,,,,
494989,285023_1895293,Livano Comenencia,Curaçao,MF,2,5,20,2,3,0,0.31,3.25,0,0,13,102,19,4,1,1,0,0,0,62,81,1,100,4,50,0,0,,,,69,6,42,21,50,19,1,11,44,160,6.88,342,117,28808.06,,,,,,,Round of 16,1.0,253.0,122.0,0.0,False,,,None,1.0,1.0,28.80806,6.88,253.0,0.20890583271542945,0.017004883343016537,0.07779402736997261,1.1329367508002648,0.4409596741700438,0.49544652550997104,0.07389556635970537,0.46139718957823,18.825434661107714,1.048495980459375,0.07950450693881553,46.10719303785101,3.096204445848801,23.15738665041761,4.243781817561028,0.9297288894667884,0.3580324274774855,11.109669163520357,2.633501471162207,0.3481500083619104,28.966082674173233,83.92844753208512,7.139108613687629,28.80806,,,None,1.0,1.0,80.10856757512926,63.33953636899745,65.86825192261084,82.43020255363038,68.11514533633188,75.01521361132252,,,None,1.0,1.0,,,,,,,,,,,,,,,,,,,,,
485347,285023_1895293,Tahith Chong,Curaçao,MF,2,4,0,2,2,0,0.2,0.0,0,0,5,113,9,3,13,0,0,0,0,61,84,0,0,11,64,0,0,,,,116,31,78,7,73,43,4,38,78,169,6.14,293,107,27318.08,,,,,,,Round of 16,0.0,267.0,1064.0,0.0,False,,,None,1.0,1.0,27.318080000000002,6.14,267.0,0.021968559077127518,0.016783979134925426,0.05651885367086716,0.9339957301150852,0.43523132863201613,0.4890103612528243,0.07293561613606336,0.271179893248062,18.396656883463233,2.324439535028674,0.07847169302349949,47.166242479687895,1.5821951523427926,24.883015526143634,2.346417857909836,0.7334276676429279,2.5640628136379466,17.228944976179616,7.204876981562982,0.8962976827387342,26.747560363549702,73.81121455424942,6.771877807040658,27.318080000000002,,,None,1.0,1.0,62.07236739784003,60.00853065095143,67.96030072590158,68.11793074580197,72.95233605140938,66.65036343822423,,,None,1.0,1.0,,,,,,,,,,,,,,,,,,,,,
483936,285023_43995,David Doudera,Czechia,DF,0,4,0,1,3,0,0.05,0.0,0,0,1,23,0,0,1,0,0,0,0,47,72,4,25,3,0,0,0,,,,23,10,10,3,7,16,0,10,20,107,2.09,114,34,10486.58,,,,,,,Round of 16,0.0,100.0,800.0,0.0,False,,,None,1.0,1.0,10.48658,2.09,100.0,0.02526158271000231,0.019299849190441764,0.0332151639578213,1.0739989957582718,0.07679521143840704,0.3504735848335253,0.08386845459720768,1.1591810526563995,18.18853041649325,0.9781621646415694,0.09023437344012825,41.10236899364851,0.9720095658304224,9.5474860704893,0.7915969558006324,0.207852302537899,0.4063522057880505,7.524909030285396,3.836268859821324,0.18329804414377676,15.29276712202045,46.95629730557285,4.221411139984812,10.48658,,,None,1.0,1.0,60.94500006537796,72.68544435398661,45.07223797408211,36.136767196359656,38.92448222761056,36.73159674605614,,,None,1.0,1.0,,,,,,,,,,,,,,,,,,,,,
433755,285023_43995,David Zima,Czechia,DF,0,0,0,0,0,0,0.0,0.0,0,0,0,4,1,0,0,0,0,0,0,7,86,0,0,0,0,0,0,,,,2,0,1,1,1,1,0,0,1,16,2.36,23,9,2311.48,,,,,,,Round of 16,0.0,19.0,571.0,0.0,False,,,None,1.0,1.0,2.31148,2.36,19.0,0.019193954472927467,0.014664181217316585,0.01718933786777492,0.17220815953110524,0.058349621597699505,0.10533642214742593,0.0637239288501192,0.23693017401381666,7.3815427660269854,0.2603467984707882,0.06856080537729692,16.58289421289474,0.5775844779993333,4.196088489760646,0.7624179942504086,0.1579278574032472,0.1477934494415415,2.6593181269008848,1.3052656799769595,0.13927133365556169,7.595661991480533,21.0307562014616,1.891628930288403,2.31148,,,None,1.0,1.0,9.11913308969494,7.008638560256094,18.201377921462612,8.432429501099776,26.279991536073126,8.682181704358847,,,None,1.0,1.0,,,,,,,,,,,,,,,,,,,,,
441166,285023_43995,Jaroslav Zeleny,Czechia,DF,0,1,0,1,0,1,0.02,0.0,0,0,6,36,3,0,2,0,0,0,0,47,74,2,50,1,0,0,0,,,,21,8,11,2,6,15,2,15,11,105,4.33,162,69,15481.55,,,,,,,Round of 16,0.0,142.0,886.0,0.0,False,,,None,1.0,1.0,15.481549999999999,4.33,142.0,0.02465303232238703,0.018834916694303688,0.026212966638715127,0.4279218566003668,0.07494521826005657,0.3420306919891704,0.08184806731032493,0.7177867321953664,17.750369539473983,0.5411285810247681,0.08806063145556647,39.698745078030065,1.9822681522687329,12.005040619709588,1.392731972666051,0.20284514994860045,0.6032980500902009,5.4830206558542,3.330383614882891,0.5923521037390611,22.16008482323749,55.74839505126023,5.1523519128247015,15.481549999999999,,,None,1.0,1.0,54.15779255395373,60.897026751653804,43.48615327303424,50.738355756800004,37.477004262843764,43.28685042235298,,,None,1.0,1.0,,,,,,,,,,,,,,,,,,,,,
441170,285023_43995,Ladislav Krejci,Czechia,DF,1,5,20,5,0,5,0.54,1.85,0,0,2,30,10,6,2,1,0,0,0,160,84,2,50,2,50,1,100,,,,44,4,3,37,18,26,1,9,43,333,6.46,373,81,32407.75,,,,,,,Round of 16,1.0,301.0,138.0,0.0,False,,,None,1.0,1.0,32.40775,6.46,301.0,0.1998899298806252,0.016270991072298267,0.11551296211677634,1.0840417652920904,0.24333603169670961,1.009842638465013,0.07070640099480399,0.6200771524992783,35.5150679891573,0.6460596251539954,0.25466609354286496,75.0138690187814,0.9980582382992124,9.299283141920638,2.4532944107415346,1.2467895375417102,0.5211733795414863,10.451608170502757,2.162659866893415,0.3331246421166173,21.28663055587787,85.84266318302473,7.473879639249511,32.40775,,,None,1.0,1.0,80.73548772099856,54.22414064554862,66.07877253093888,51.530623404322306,68.66138792408275,68.06965654045297,,,None,1.0,1.0,,,,,,,,,,,,,,,,,,,,,
486080,285023_43995,Robin Hranac,Czechia,DF,0,0,0,0,0,0,0.0,0.0,0,0,15,37,15,6,0,0,0,0,0,116,90,1,0,2,0,0,0,,,,11,2,1,8,6,5,0,1,13,249,5.86,311,94,29418.45,,,,,,,Round of 16,0.0,301.0,1121.0,0.0,False,,,None,1.0,1.0,29.41845,5.86,301.0,0.021297108733374693,0.016270991072298267,0.01907283869726104,0.19107765955583775,0.06474321054945908,0.11687853272876034,0.07070640099480399,0.4414843313520277,27.65698385867827,0.6460596251539954,0.0760732723956144,60.01207204241237,3.3197649132134694,10.54943288995139,3.3462585164777874,1.2467895375417102,0.16398773724698515,5.093823536085241,1.805474224598914,0.1545318209693668,23.608337230792134,74.7699082718952,6.940012118994035,29.41845,,,None,1.0,1.0,38.08928970474545,42.93708318568502,61.23620426566519,65.02066473735835,64.37284480702186,62.853815450338026,,,None,1.0,1.0,,,,,,,,,,,,,,,,,,,,,
514334,285023_43995,Stepan Chaloupek,Czechia,DF,0,0,0,0,0,0,0.0,0.0,0,0,1,22,15,1,0,0,0,0,0,22,68,0,0,1,0,1,100,,,,4,0,0,4,0,4,0,1,9,54,2.18,141,46,10873.66,,,,,,,Round of 16,0.0,99.0,798.0,0.0,False,,,None,1.0,1.0,10.87366,2.18,99.0,0.02526794663067513,0.0193047112258358,0.02262896228456742,0.22670401717041727,0.0768145577572524,0.13867049110914514,0.08388958281384144,0.3119075332090538,12.895827853820876,0.5546258134440679,0.3021484907103619,29.88248011615554,0.9722544353558664,9.337999896435296,3.9701671558026916,0.4197960502227853,0.19456318905619852,5.195999473345512,1.7183214426724318,0.1833442207521787,17.839316313837177,52.68919398262089,4.3044935191215625,10.87366,,,None,1.0,1.0,53.698228209735944,54.65303900740691,34.978257861449,40.197461105040766,34.22090789139806,35.39260849618492,,,None,1.0,1.0,,,,,,,,,,,,,,,,,,,,,
441167,285023_43995,Tomas Holes,Czechia,DF,0,0,0,0,0,0,0.0,0.0,0,0,8,37,7,2,2,0,0,0,0,66,83,0,0,1,0,3,100,,,,12,2,0,10,3,9,0,2,15,146,4.11,203,58,17483.14,,,,,,,Round of 16,0.0,169.0,932.0,0.0,False,,,None,1.0,1.0,17.48314,4.11,169.0,0.024091161889461664,0.01840564768354871,0.021575080941726284,0.21614590447225004,0.07323713214396348,0.13221229644936563,0.07998265747301271,0.2973813023635147,21.184258052780844,0.5287956498821526,0.6921230203096407,47.07691419960421,2.341136283685637,11.933455323705747,2.169082559062632,0.6022683400534795,0.589548206575844,6.1661489463823065,2.0423416331579403,0.17480547066993382,19.432777047501677,62.76077453443072,5.439291473987634,17.48314,,,None,1.0,1.0,41.27368563701531,42.13980423001491,46.68209935830135,60.2128758344296,46.08048833150434,43.36931763153683,,,None,1.0,1.0,,,,,,,,,,,,,,,,,,,,,
472908,285023_43995,Vladimir Coufal,Czechia,DF,0,1,0,1,0,1,0.02,0.0,9,0,5,49,10,4,3,0,0,0,1,110,72,20,30,10,60,1,0,,,,86,42,29,15,11,75,3,27,44,252,6.82,443,154,34224.86,,,,,,,Round of 16,0.0,301.0,233.0,1.0,False,,,None,1.0,1.0,34.22486,6.82,301.0,0.021297108733374693,0.19486381221954882,0.022644695120206046,0.36967048070308833,0.06474321054945908,0.29547135387601087,1.678041791320059,3.834747933149788,26.585426931794768,2.074802194332,0.25466609354286496,60.547850505854115,1.5338367017409642,12.692546743718397,2.4532944107415346,0.8896038952472092,0.6997662006887369,10.630200991650007,8.949187070488936,0.6903102844111184,34.323906499627164,98.34416066333226,7.7984024404843915,34.22486,,,None,1.0,1.0,52.40615835448828,93.91211194935926,66.7055402573203,59.11658973307025,61.35271015017661,88.36712616646834,,,None,1.0,1.0,,,,,,,,,,,,,,,,,,,,,
433754,285023_43995,Adam Hlozek,Czechia,FW,1,3,0,2,1,0,0.31,0.0,0,0,6,92,7,4,4,0,0,0,0,26,69,1,100,1,100,0,0,,,,44,20,20,4,32,12,4,26,31,70,6.77,251,94,19420.45,,,,,,,Round of 16,0.0,172.0,937.0,0.0,False,,,None,1.0,1.0,19.420450000000002,6.77,172.0,0.024025757536647322,0.018355678757998553,0.08397365314949902,0.819983087554082,0.27451296655650187,0.5348026846513085,0.0797655150216691,0.4980486146774685,13.067759017784928,0.5273600388721783,0.08582000592090423,31.637032099341504,1.9318310776633556,22.982164054171047,2.1631937836840387,1.0035825875919104,0.9908969876125605,9.373003276998077,5.663340888424046,0.9802295512662892,26.633107491325514,72.26117109718469,5.814843389854924,19.420450000000002,,,None,1.0,1.0,70.62507214820769,57.58639796274757,49.43459820364195,68.81881797067206,54.607625541342664,59.709616218377015,,,None,1.0,1.0,38.09257185516984,36.52301088339758,66.30608780014553,38.518769739491695,67.72246808821917,75.55919874875158,C,C,B,D,B,A,36.89458890344975,C,60.09495252373812,59.51994224869157,,,None,1.0,41.29719179917351
519985,285023_43995,Denis Visinsky,Czechia,FW,0,3,0,2,1,0,0.26,0.0,0,0,4,20,0,0,1,0,0,0,0,14,100,0,0,0,0,0,0,,,,18,3,10,5,7,11,1,5,5,40,2.33,92,46,6956.61,,,,,,,Round of 16,0.0,59.0,704.0,0.0,False,,,None,1.0,1.0,6.9566099999999995,2.33,59.0,0.024743087743153973,0.01890371903576964,0.07610632885029703,0.8444650892820165,0.07521898673918809,0.5507701362347216,0.08214705130727121,0.3054286751014927,10.968038956290092,0.33561524214814054,0.08838230941854601,26.356908904257683,1.574529137767575,8.72905344180392,0.775349397519473,0.20358612595067088,0.39801181097243193,4.258109449750626,2.305099044935882,0.3870258800144715,17.468762906729225,41.4277367008387,3.4023329121975316,6.9566099999999995,,,None,1.0,1.0,66.48368016765568,44.26794457345878,45.202779797362986,39.19863702491546,54.543187358718725,36.22640498388018,,,None,1.0,1.0,57.70810003732737,64.44376911242378,35.198884307543054,57.71244462343938,33.19556709703376,32.96210450939378,B,A,D,B,D,D,51.463562658084314,B,40.52196894615131,23.849693251533736,,,None,1.0,57.2175898105611
484003,285023_43995,Mojmir Chytil,Czechia,FW,0,0,0,0,0,0,0.0,0.0,0,0,1,4,1,1,0,0,0,0,0,2,100,0,0,1,100,0,0,,,,2,2,0,0,1,1,0,2,2,4,2.6,17,8,1627.26,,,,,,,Round of 16,0.0,12.0,540.0,0.0,False,,,None,1.0,1.0,1.62726,2.6,12.0,0.01630063823398475,0.01245368761076435,0.01459819957682738,0.14624932623531117,0.04955394023131365,0.08945790262810832,0.05411811893682937,0.20121507836030775,5.585373844870303,0.3577953868719133,0.058225879771793526,12.442849497520776,0.6272123356032133,3.5635658387046028,0.6474903295662903,0.27081518125537063,0.12551491440168258,2.39514333482068,1.3818956621961875,0.11827743102579336,6.313990639745109,17.040397420683497,1.5129544124319194,1.62726,,,None,1.0,1.0,10.676082188117949,10.789151516375803,31.93426786680755,11.250603999679296,51.826151047436866,10.769861695513333,,,None,1.0,1.0,11.310190369540871,13.350680924613952,5.704584040747028,28.906034720308625,7.236019165356058,3.9421862927996676,F,F,F,E,F,G,10.786899866620297,F,20.54399598896967,32.46573887177308,,,None,1.0,12.767742324968548
401481,285023_43995,Patrik Schick,Czechia,FW,1,2,0,2,0,2,0.27,0.0,0,0,7,74,4,1,3,0,0,0,0,28,86,0,0,3,33,0,0,,,,44,23,21,0,34,10,0,27,32,75,6.81,251,76,22836.75,,,,,,,Round of 16,0.0,199.0,981.0,0.0,False,,,None,1.0,1.0,22.83675,6.81,199.0,0.02342841202993567,0.01789930679087085,0.07402722205922833,0.6031306266710951,0.2676878295402606,0.5215060391587992,0.07778232793938643,0.28920031809752594,13.135789993806487,0.9071793516818156,0.08368628777093022,31.832776944845026,2.080265973589617,18.87438688692921,1.5200145472470885,0.38923443115156675,0.769795143538273,9.336430446480744,6.111931241976635,0.16999655768921323,22.434557966370665,70.46456236179792,6.341455549979438,22.83675,,,None,1.0,1.0,60.870619709088366,49.73407634860333,54.38394193025934,62.37103885307761,55.489057598784385,56.743312199167704,,,None,1.0,1.0,33.202687569988804,29.98917358354384,47.16468590831918,19.8762108654641,62.089901612962215,65.55298019484803,D,D,C,F,B,B,30.06669250012328,D,46.398184912081675,41.9701538699451,,,None,1.0,33.835936795752325
486082,285023_43995,Pavel Sulc,Czechia,FW,0,2,0,0,2,0,0.03,0.0,0,0,6,104,12,2,1,0,0,0,1,51,76,1,100,3,0,0,0,,,,100,39,59,2,55,45,4,36,47,129,6.65,338,102,22856.82,,,,,,,Round of 16,0.0,209.0,1003.0,0.0,False,,,None,1.0,1.0,22.85682,6.65,209.0,0.02320684558546887,0.01773003002729822,0.026621346132610857,0.5974267185987171,0.07054881057982537,0.12735916857305318,0.07704672734375666,0.4810727519099729,17.48753396216046,0.8986000035301352,0.08289485243129481,42.04053130389043,1.8659850973756007,24.534112126500197,3.0624991133015946,0.5801608254831283,0.37330016101105556,12.167245998925393,9.167848877309087,0.9468186715799429,27.282184267502675,86.72901525985083,6.285389106689431,22.85682,,,None,1.0,1.0,50.81190164634888,59.84793976451452,56.611661063421536,68.5677445501858,56.39250455787062,67.792047802801,,,None,1.0,1.0,8.585293019783501,14.98414024957739,75.08610235265584,34.915318905398806,76.29933067554222,72.37454538602145,F,F,A,D,A,B,18.209230163456347,F,58.47923322683706,52.74822044470536,,,None,1.0,20.87857116492169
483961,285023_43995,Tomas Chory,Czechia,FW,0,0,0,0,0,0,0.0,0.0,0,0,0,14,1,2,1,0,0,0,0,8,88,0,0,1,0,0,0,,,,13,7,6,0,8,5,0,6,4,18,4.49,55,28,4558.03,,,,,,,Round of 16,0.0,43.0,655.0,0.0,False,,,None,1.0,1.0,4.55803,4.49,43.0,0.023664467949630067,0.01807965351351737,0.0211929509169707,0.21231760644408096,0.07193998256687541,0.12987060010756982,0.07856603359277183,0.2921141923702335,9.299241913193185,0.5194298127237245,0.08452947951607859,20.842148844085386,0.712111169540268,7.157859984743127,0.9399947371245498,0.5916011811994407,0.3806613726670938,3.8740416840154173,2.998393264631239,0.17170937944251574,13.135241650286908,32.27932293217864,2.77802965294562,4.55803,,,None,1.0,1.0,34.22933692724822,36.18691603065046,33.53651974909677,24.492408465285052,46.722919737831745,24.001473529553504,,,None,1.0,1.0,49.085479656588284,52.55370472373644,28.590831918505938,63.81711427178498,34.3782231813028,34.13552678689204,B,B,D,A,D,D,44.32455795435362,B,35.548885077186966,49.79792655069408,,,None,1.0,49.41636796729946
484012,285023_43995,Matej Kovar,Czechia,GK,0,0,0,0,0,0,0.0,0.0,0,0,0,0,0,0,0,0,0,0,0,97,64,0,0,3,33,0,0,11.0,60.0,52.0,13,0,0,13,7,6,0,0,10,181,2.86,19,2,14358.61,,,,,,,Round of 16,0.0,301.0,1121.0,0.0,False,,,None,1.0,1.0,14.35861,2.86,301.0,,,,,,,,,,,,,,,,,,,,,,,,,,,,,,,,,,,,,,,,,,,,,,,,,,,,,,,,,,,,,
523097,285023_43995,Alexandr Sojka,Czechia,MF,0,0,0,0,0,0,0.0,0.0,1,0,18,84,9,0,2,0,0,0,0,65,80,5,40,1,0,3,33,,,,66,10,36,20,26,40,0,24,44,155,8.04,321,108,19628.07,,,,,,,Round of 16,0.0,155.0,199.0,1.0,False,,,None,1.0,1.0,19.62807,8.04,155.0,0.024390119184042946,0.2231641705075076,0.021842815136461493,0.21882814931923328,0.07414596231949055,0.13385297408202768,0.2855053151419214,1.32372222846232,21.242612243527596,0.5353576960632572,0.7007118640780976,49.50188237445038,4.415489616602398,21.694458171504696,2.6050598498092588,0.20068190064630528,0.5968641566189282,12.174040729311312,3.703926859500645,0.17697470479941557,29.900432470578668,87.67415330595288,5.945492703855929,19.62807,,,None,1.0,1.0,52.14594453904632,71.65345193514578,59.2285985252516,84.55631364625886,56.97524075002845,68.91316001254935,,,None,1.0,1.0,,,,,,,,,,,,,,,,,,,,,
486081,285023_43995,Lukas Cerv,Czechia,MF,2,3,0,1,2,0,0.06,0.0,0,0,6,27,11,3,3,0,0,0,0,42,86,1,0,2,0,1,100,,,,67,2,28,37,54,13,0,4,18,97,4.24,204,53,18226.25,,,,,,,Round of 16,0.0,172.0,938.0,0.0,False,,,None,1.0,1.0,18.22625,4.24,172.0,0.024025757536647322,0.018355678757998553,0.03360498723822551,0.819983087554082,0.475987630201596,0.33332802100621456,0.0797655150216691,0.4980486146774685,16.291353636106432,0.7288347025172723,0.28729466956599825,37.07684801775904,1.9318310776633556,9.886310917239932,2.969092438264415,0.8021079239468163,0.7894223239674666,6.753832649611855,2.036796942812353,0.17433089668591295,18.372646281876655,62.79186190586527,5.574242346529953,18.22625,,,None,1.0,1.0,56.55281725698139,49.00781747678541,51.73991122867023,57.26861643591986,57.310845488007324,47.01779279648205,,,None,1.0,1.0,,,,,,,,,,,,,,,,,,,,,
484011,285023_43995,Lukas Provod,Czechia,MF,0,1,0,0,1,0,0.05,0.0,0,0,9,49,5,2,1,0,0,0,1,48,77,2,50,3,100,0,0,,,,50,31,15,4,24,26,2,24,20,109,6.94,228,88,16011.22,,,,,,,Round of 16,0.0,137.0,879.0,0.0,False,,,None,1.0,1.0,16.011219999999998,6.94,137.0,0.024748483052500478,0.018907841052110366,0.03254051544326574,0.4295786691624027,0.07523538847960147,0.13581967499212264,0.0821649637343016,0.7205658332308029,18.026630065554333,0.9582942617702218,0.08840158146353172,40.68259037832559,2.612548864954161,14.749479937045425,1.813194861009997,0.6187010769867108,0.3980985987196222,7.372067132353043,8.116589497178664,0.5946455514596805,26.18905375334623,69.6615681244947,5.2822258162971245,16.011219999999998,,,None,1.0,1.0,55.55996346777597,69.433367403858,55.1076771931711,62.28022506268896,52.09067990174356,55.277600983928075,,,None,1.0,1.0,,,,,,,,,,,,,,,,,,,,,
433668,285023_43995,Michal Sadilek,Czechia,MF,3,7,14,5,2,1,0.7,1.42,5,0,10,75,4,0,3,0,0,0,0,84,82,11,18,4,50,2,100,,,,67,15,26,26,35,32,2,16,36,201,7.16,385,125,24212.55,,,,,,,Round of 16,1.0,204.0,112.0,0.0,False,,,None,1.0,1.0,24.21255,7.16,204.0,0.21885283587889187,0.01781456695121769,0.1577569546348318,1.5779519532828734,0.6574912074770537,1.1056431174470696,1.055090786098588,2.438719909304508,24.023580878607977,1.0984198753499208,0.4743607754846348,56.319525361484885,2.657023488610733,18.980566111668768,1.512818414429817,0.19185635716573185,0.7661507388810778,10.074370785873697,4.51871309666812,0.5602624307834384,31.909578755666157,96.33270086696938,6.580451018167701,24.21255,,,None,1.0,1.0,89.94536969442628,68.42119510352153,69.01457122026599,69.2204038016111,61.26072401941918,77.61512621202465,,,None,1.0,1.0,,,,,,,,,,,,,,,,,,,,,
404885,285023_43995,Tomas Soucek,Czechia,MF,0,1,0,1,0,0,0.12,0.0,0,0,4,42,5,3,1,0,0,0,2,44,80,0,0,2,50,0,0,,,,27,3,16,8,20,7,0,5,17,99,7.02,264,57,17938.82,,,,,,,Round of 16,0.0,152.0,903.0,0.0,False,,,None,1.0,1.0,17.93882,7.02,152.0,0.024452349005778903,0.018681594640415085,0.046504781464470624,0.4244384401869756,0.07433514097756788,0.3392464562508419,0.08118179869918597,0.30183979612733475,16.990720140520807,0.7417755917286396,0.08734379064864226,38.145273211431004,1.556027945910408,13.13762766129686,1.791498632980724,0.8163498223409307,0.39333505225162485,6.668698959409369,2.2780134365103706,0.17742624438593171,19.519071292297006,76.20988627427494,5.614278214700155,17.93882,,,None,1.0,1.0,56.128871995627605,46.94313588018333,47.6864127855596,48.2858231435519,49.06401391799284,49.63964271585984,,,None,1.0,1.0,,,,,,,,,,,,,,,,,,,,,
358003,285023_43995,Vladimir Darida,Czechia,MF,0,1,0,1,0,0,0.01,0.0,0,0,10,34,1,0,1,0,0,0,0,18,78,0,0,1,0,0,0,,,,26,9,13,4,16,10,0,5,17,42,2.57,135,49,7507.52,,,,,,,Round of 16,0.0,58.0,701.0,0.0,False,,,None,1.0,1.0,7.50752,2.57,58.0,0.02469826460860442,0.018869474160973777,0.024189919437926873,0.4287069885729091,0.07508272441015745,0.3426582346765313,0.08199823850056669,0.30487537832861294,11.776626530674758,0.5421214196556207,0.08822220118193498,26.723390582432067,2.814361763647227,11.612838616796987,0.9810589782797383,0.20321732119959712,0.3972907959907644,6.735765609091061,3.543608212984128,0.17921060800003366,18.058459990272656,50.25859744510756,3.510270705405567,7.50752,,,None,1.0,1.0,49.843731889158036,45.42040837620769,37.47393343634231,53.78646466751482,36.87057300309448,34.520334683263734,,,None,1.0,1.0,,,,,,,,,,,,,,,,,,,,,
486260,285023_43854,Christopher Operi,Côte d'Ivoire,DF,0,0,0,0,0,0,0.0,0.0,0,0,4,20,3,2,0,0,0,0,0,78,90,1,0,3,33,0,0,,,,15,10,2,3,10,5,0,10,29,157,1.6,142,55,10698.42,,,,,,,Round of 16,0.0,100.0,807.0,0.0,False,,,None,1.0,1.0,10.69842,1.6,100.0,0.02526158271000231,0.019299849190441764,0.022623263011769666,0.22664692007414075,0.07679521143840704,0.1386355659124927,0.08386845459720768,0.5236669958933012,24.755509003045262,0.9781621646415694,0.09023437344012825,51.69426993970014,1.6075236225935203,8.911972013726201,1.4271110125637305,0.6315283403799644,0.19451418686701777,9.431451200574688,3.836268859821324,0.18329804414377676,19.74136551936214,52.887761835361765,4.266286905913043,10.69842,,,None,1.0,1.0,54.03064072634592,64.12597782124814,67.13207099440298,46.9683155815338,69.76792312364341,46.03536059938676,,,None,1.0,1.0,,,,,,,,,,,,,,,,,,,,,
486268,285023_43854,Emmanuel Agbadou,Côte d'Ivoire,DF,1,3,0,1,2,1,0.05,0.0,0,0,4,28,8,0,0,0,0,0,0,154,92,0,0,1,0,0,0,,,,31,0,6,25,17,14,0,5,31,323,4.16,250,72,28516.79,246.0,86.0,324.0,4.612823009490967,6.07985258102417,5.030639171600342,Round of 16,0.0,308.0,1147.0,0.0,True,241.5,4.937331485748291,C,1.0,1.0,28.51679,4.16,308.0,0.0211644235393929,0.01616961958409617,0.027828018774744587,0.7223276657837866,0.24182000015587227,0.293630508980306,0.07026588615078443,0.26125364417026586,34.228921185125344,0.4645543934844431,0.07559932088271143,72.77171627220669,1.3468004435318826,8.886386465973821,2.0830495967993583,0.17414087688212473,0.16296606125332533,8.256730756061192,1.4392654583728746,0.15356905720183486,19.556689269646455,63.477787666558314,6.736747718322137,28.51679,241.5,4.937331485748291,C,1.0,1.0,41.23103858029387,35.224575643820316,67.50314000614274,40.54169476280134,56.65390060275545,51.61010991704422,241.5,4.937331485748291,C,1.0,1.0,,,,,,,,,,,,,,,,,,,,,
407343,285023_43854,Ghislain Konan,Côte d'Ivoire,DF,0,4,0,3,1,0,0.28,0.0,0,0,14,67,12,0,1,0,0,0,0,149,83,9,22,9,44,2,100,,,,62,19,25,18,14,48,5,13,60,313,4.39,323,120,29623.54,170.0,181.0,81.0,4.817397594451904,5.489213466644287,6.1847662925720215,Round of 16,0.0,303.0,1126.0,0.0,True,149.4,5.260012149810791,B,1.1,1.1,29.623540000000002,4.39,303.0,0.02125900439343042,0.016241879356580842,0.06895523422821107,0.9038289338982937,0.0646273733560285,0.6514892759714731,0.070579894586189,1.8668807298134857,33.49051902210977,1.8928167151734712,0.4324837369335514,71.31419004638448,3.135551972888634,15.878756664648257,2.8054516011138433,0.1749190881491455,0.3419676204495233,13.463554245073015,4.832889780552914,1.0456217689792762,28.201203141453107,76.77541096078963,6.964157263326413,29.623540000000002,149.4,5.260012149810791,B,1.1,1.1,64.19129122742603,72.08740811979263,83.6096583770107,79.0207451045951,67.13579763066691,77.45709398495508,149.4,5.260012149810791,B,1.1,1.1,,,,,,,,,,,,,,,,,,,,,
486317,285023_43854,Guela Doue,Côte d'Ivoire,DF,0,1,0,1,0,0,0.01,0.0,0,0,12,78,19,6,5,1,0,0,0,163,88,11,45,9,56,2,100,,,,85,29,38,18,26,59,3,28,73,343,6.19,353,132,31331.08,252.0,66.0,170.0,4.600255489349365,6.257724285125732,5.754080772399902,Round of 16,0.0,311.0,1158.0,0.0,True,203.6,5.137332129478454,C,1.0,1.0,31.33108,6.19,311.0,0.02110814066703549,0.016126619469615112,0.020673688225128637,0.36639041500047603,0.06416874762778789,0.2928496529165243,0.07007902701455783,2.207648834688056,35.73096928855173,1.8793844124301715,0.4294146323343179,76.1183568826681,2.759284292182435,17.713163610524614,4.024600057723062,1.2357268430233694,1.0475735678153413,15.66911693809986,6.568675129060256,0.6841851994875103,30.12517248555482,81.54082244792491,7.21698492525877,31.33108,203.6,5.137332129478454,C,1.0,1.0,53.32949771320672,67.22598421183747,85.01794415372841,80.01028213915623,85.18944627944637,76.38190278130145,203.6,5.137332129478454,C,1.0,1.0,,,,,,,,,,,,,,,,,,,,,
477825,285023_43854,Odilon Kossounou,Côte d'Ivoire,DF,0,0,0,0,0,0,0.0,0.0,0,0,2,15,6,0,1,0,0,0,0,149,95,0,0,1,100,0,0,,,,8,1,0,7,3,5,0,0,22,323,5.86,287,79,29901.79,351.0,99.0,317.0,4.178211688995361,6.013503074645996,5.04713773727417,Round of 16,0.0,316.0,1176.0,0.0,True,304.70000000000005,4.670736908912659,D,0.9,0.9,29.901790000000002,5.86,316.0,0.021015109900967353,0.016055543964339055,0.01882029182291032,0.18854756603147907,0.06388593409894076,0.11533092313650883,0.06977016487121163,0.259410516617541,33.106298153246016,0.46127699230181096,0.07506597256625538,72.25831652329076,0.9848427703500892,6.532729043668177,1.7158977334872516,0.17291232426515937,0.33804438784253843,6.612427680461491,1.6053395753104736,0.1524856374414191,20.652314383685898,69.55039352189172,6.933296236757614,29.901790000000002,304.70000000000005,4.670736908912659,D,0.9,0.9,26.994744306794068,27.87507516341342,60.1634505051063,30.428991245207182,50.362539625561475,51.59550046063476,304.70000000000005,4.670736908912659,D,0.9,0.9,,,,,,,,,,,,,,,,,,,,,
477802,285023_43854,Ousmane Diomande,Côte d'Ivoire,DF,0,0,0,0,0,0,0.0,0.0,0,0,1,3,1,0,0,0,0,0,0,74,97,0,0,0,0,0,0,,,,9,0,0,9,2,7,0,0,1,148,1.35,75,24,8979.4,,,,,,,Round of 16,0.0,100.0,807.0,0.0,False,,,None,1.0,1.0,8.9794,1.35,100.0,0.02526158271000231,0.019299849190441764,0.022623263011769666,0.22664692007414075,0.07679521143840704,0.1386355659124927,0.08386845459720768,0.31182897697226847,23.908156927361134,0.3426481078784713,0.09023437344012825,49.78772776941085,0.9720095658304224,5.310725692068646,1.003434974721665,0.207852302537899,0.19451418686701777,3.499986670785774,1.7178886706109973,0.18329804414377676,13.174386932810126,38.69461456765258,3.9021331146274094,8.9794,,,None,1.0,1.0,52.943798881655916,48.81375417250936,57.904474775672,31.59291763683981,51.83978875804512,33.22763235176641,,,None,1.0,1.0,,,,,,,,,,,,,,,,,,,,,
430854,285023_43854,Wilfried Singo,Côte d'Ivoire,DF,0,2,0,2,0,0,0.14,0.0,0,0,13,24,12,3,1,0,0,0,0,92,86,1,0,0,0,0,0,,,,29,4,7,18,6,23,1,5,43,203,2.88,173,65,18230.23,,,,,,,Round of 16,0.0,190.0,203.0,1.0,False,,,None,1.0,1.0,18.23023,2.88,190.0,0.02362832451772498,0.21619391859840187,0.048900445318454173,0.6082770849067485,0.07183010653388394,0.5259560022869947,0.07844603739884694,0.4898099165136571,25.92895671788926,0.3204945937584216,0.08440037517731364,57.466563575812124,3.2868679640565595,9.128346363149037,3.1181197210897493,0.7888394901324209,0.3800799774533423,11.595658015200133,2.3993880951708095,0.36958900136747236,20.446429323392497,55.61076346375731,5.482822080764275,18.23023,,,None,1.0,1.0,55.81740172372089,55.289913827302364,57.10631768020307,64.74822336619239,69.40243247934248,50.35225549006659,,,None,1.0,1.0,,,,,,,,,,,,,,,,,,,,,
430822,285023_43854,Amad Diallo,Côte d'Ivoire,FW,4,8,25,6,2,0,1.44,1.39,4,0,8,54,12,0,2,0,0,0,1,73,95,7,29,4,100,1,100,,,,95,34,40,21,31,64,3,48,62,193,6.15,270,104,21888.37,10.0,281.0,36.0,6.683857440948486,5.075383186340332,6.664727687835693,Round of 16,2.0,211.0,39.0,0.0,True,57.15,6.437803864479065,B,1.1,1.1,21.88837,6.15,211.0,0.4116369326966316,0.017696290884447304,0.3004450324154931,1.7617125976418566,0.8473630571731393,1.2925395568863673,0.8538486088061827,1.645580045304771,21.72747300543991,1.0911271478379605,0.2769742328365647,54.39170673662993,2.2509084922485676,14.775569031874966,3.056671368232613,0.1905825672738644,0.5668269182016015,15.057649349806749,8.179217411170423,0.7507798104727993,27.61874221836861,73.35585090365242,6.085319459816761,21.88837,57.15,6.437803864479065,B,1.1,1.1,105.09674065573898,79.60903230360874,88.13562140722138,77.44347849530503,85.0768231331357,75.96117345637107,57.15,6.437803864479065,B,1.1,1.1,102.08566629339306,86.18188379646337,76.65583313121515,61.431841787311626,77.10983504626753,71.61079390204836,S,A,B,B,B,B,81.5384763299839,S,57.17966736940736,33.072281422518934,44.9,6.517271089553833,BL-A,1.2,108.09871845509629
464103,285023_43854,Ange Yoan Bonny,Côte d'Ivoire,FW,1,1,0,0,1,0,0.05,0.0,0,0,7,123,7,1,3,0,0,0,1,30,87,3,33,0,0,0,0,,,,71,51,20,0,63,8,7,36,49,92,6.23,314,113,26951.82,,,,,,,Round of 16,0.0,258.0,1054.0,0.0,False,,,None,1.0,1.0,26.95182,6.23,258.0,0.022153623307380278,0.01692536820683853,0.02912866699057194,0.3845376703421052,0.2531223768827254,0.12157908471090297,0.07355002938050252,0.8307904121911703,12.792595009764534,0.30049174654130606,0.07913274245396235,33.25887036734228,1.9670743667637132,26.950384902223075,1.9946334741580938,0.3680553746014143,0.7279089855516963,11.986596963568024,10.981078462837846,1.461174224916377,28.08753530961831,78.33428648574515,6.760882357151086,26.95182,,,None,1.0,1.0,51.64720148062785,51.25600431196725,52.48786240060852,68.69595225426389,61.75784857405303,69.15873697277995,,,None,1.0,1.0,15.6494960806271,11.641246747326631,60.933786078098464,36.64285562880216,74.96433927069238,74.61699361184917,E,F,B,D,A,A,19.539201058851077,E,49.16760545750407,32.78701380175658,,,None,1.0,22.33191073123878
506202,285023_43854,Bazoumana Toure,Côte d'Ivoire,FW,0,0,0,0,0,0,0.0,0.0,1,0,2,38,2,0,1,0,0,0,0,23,70,4,0,1,0,1,100,,,,32,16,16,0,8,24,3,13,22,69,4.99,131,53,10594.52,,,,,,,Round of 16,0.0,94.0,784.0,0.0,False,,,None,1.0,1.0,10.594520000000001,4.99,94.0,0.025290665736140885,0.019322068622411637,0.022649308606658328,0.22690785298465602,0.0768836238378683,0.13879517355994117,0.29604691295932384,1.1605155887082674,13.119504749883376,0.555124492760351,0.3024201607248313,33.09057681626792,1.1852105187626236,12.739706392301837,1.2166721069383828,0.20809159767696717,0.4068200288836209,7.957736074616436,5.113176876165903,0.8197547787274464,19.33992945256929,50.61574925827469,4.249163265257009,10.594520000000001,,,None,1.0,1.0,59.473331587362686,67.70759856898978,41.1194942723687,40.77634453897354,39.14678782069343,38.873782874020385,,,None,1.0,1.0,26.72639044419559,29.45734961727668,41.89182634004366,53.049155308730946,41.16894041915073,35.34588350575687,D,D,C,B,C,D,27.82161590246427,D,40.534979423868315,45.54084436672496,,,None,1.0,31.382605929574247
464133,285023_43854,Elye Wahi,Côte d'Ivoire,FW,2,3,0,3,0,0,0.48,0.0,0,0,5,60,3,0,0,0,0,0,0,21,71,1,0,3,33,0,0,,,,56,37,19,0,49,7,3,24,22,55,4.51,154,63,13009.5,,,,,,,Round of 16,0.0,127.0,867.0,0.0,False,,,None,1.0,1.0,13.0095,4.51,127.0,0.024926212001024982,0.019043625968783087,0.12265524226717699,0.8507149981203154,0.4938270338478621,0.7638720755087444,0.08275502384340294,0.5167148356230254,12.512393430375852,0.9651761636290221,0.08903642926766125,29.687362216182546,1.7952079449467093,17.154684388396078,1.408164803311238,0.20509287234443357,0.19193183240789236,7.8430603019136225,9.429032084165506,0.8079416183265565,21.151486160437763,54.693936324698825,4.692723085617193,13.0095,,,None,1.0,1.0,80.45390494361658,63.166253779076875,47.440958927978826,50.74448505170033,43.189026156133394,45.14258644891589,,,None,1.0,1.0,53.135498320268745,49.09684894299987,47.16468590831919,35.540623608961994,47.40499615961376,51.47643544952607,B,B,C,D,C,C,44.617834039711276,B,60.09002250562641,56.43153526970954,,,None,1.0,49.736848468174145
485675,285023_43854,Evann Guessand,Côte d'Ivoire,FW,0,1,0,1,0,1,0.14,0.0,0,0,2,9,2,1,0,0,0,0,0,5,80,0,0,0,0,0,0,,,,3,2,1,0,3,0,0,8,7,14,2.82,32,14,2736.85,,,,,,,Round of 16,0.0,27.0,605.0,0.0,False,,,None,1.0,1.0,2.73685,2.82,27.0,0.021316219229056983,0.01628559149099953,0.04411538414519142,0.3700021964403647,0.06480130645633324,0.2957364886463301,0.07076984784046918,0.26312741016347935,7.840209645074499,0.2891331976229289,0.07614153508619152,18.058949348853666,0.9989538240753137,5.553813022815421,1.0254712007962603,0.3541429293339462,0.16413488806373874,4.025875902351831,1.8070943274873217,0.15467048672603745,9.329275455539504,24.964892789806633,2.176821474308739,2.73685,,,None,1.0,1.0,37.54440868841664,17.521852896021553,19.57433418234277,18.348401688524287,26.382088210885158,15.833984441352204,,,None,1.0,1.0,47.03247480403135,50.99622025109688,20.075187969924812,45.54549886597282,22.775851119364525,26.097060833902937,B,B,E,C,E,E,40.60761146549628,C,39.11520737327189,40.4055944055944,,,None,1.0,45.35463592726375
402261,285023_43854,Nicolas Pepe,Côte d'Ivoire,FW,3,6,33,5,1,0,1.42,1.41,6,0,19,97,15,1,1,1,0,0,1,109,85,10,30,10,60,0,0,,,,136,51,64,21,88,48,8,59,57,267,6.05,289,154,25237.91,22.0,222.0,16.0,6.339755058288574,5.345263957977295,6.988800525665283,Round of 16,2.0,255.0,26.0,1.0,True,50.5,6.35284276008606,B,1.1,1.1,25.23791,6.05,255.0,0.3948122293236965,0.20327112902233133,0.28443907700441257,1.3171104219135323,0.6264309277550293,1.0534118722074357,1.1915457962868268,2.137215182464648,27.54614580530226,2.164318657918395,0.07935542157441478,65.95463391411184,4.2081872986927955,22.18247168750191,3.490631425596187,0.36909108048689787,0.3573610517659318,13.51071224763501,11.011979159792036,1.6515840944074103,35.80479693569399,73.89726543234596,6.460609211502396,25.23791,50.5,6.35284276008606,B,1.1,1.1,106.0201196502482,105.5641670400246,91.72346078689044,93.6840730091829,83.56381644621617,84.45699019098,50.5,6.35284276008606,B,1.1,1.1,98.5237028742068,99.51167163668828,87.1729323308271,101.19804141848783,90.99008814600784,93.72811728569545,S,S,A,S,A,S,88.8487913348337,S,50.8989460632362,48.09752493535279,40.2,6.435019588470459,BL-A,1.2,117.68482600879861
477777,285023_43854,Oumar Diakite,Côte d'Ivoire,FW,0,0,0,0,0,0,0.0,0.0,0,0,3,11,1,0,0,0,0,0,0,19,89,1,0,3,33,0,0,,,,9,3,5,1,5,4,2,12,14,46,3.24,46,22,4173.12,,,,,,,Round of 16,0.0,40.0,645.0,0.0,False,,,None,1.0,1.0,4.17312,3.24,40.0,0.023350748224959784,0.017839971643869273,0.020911996080344976,0.20950291307433913,0.07098627460387774,0.1281489062585793,0.07752448410686648,0.48405582164825517,11.329917954184674,0.9041721056014094,0.08340887265955634,26.048641784320022,1.2901132722635447,6.475525716642624,0.9275332319366912,0.19212995639496905,0.17980076133219033,5.780825389784588,2.17538683896822,0.5610614002390114,11.786222708831355,30.089068451181266,2.665830490574427,4.17312,,,None,1.0,1.0,36.767268052227365,51.34314735594271,44.10562182259372,29.186180696777576,43.562333936154985,26.19688621803371,,,None,1.0,1.0,46.649869354236664,50.08452202321032,34.67863206403104,67.11321194649933,33.25125269741414,35.89509488005728,B,B,D,A,D,D,43.05762652116329,B,33.51439839273756,37.35887786520697,,,None,1.0,48.0319154307499
477778,285023_43854,Simon Adingra,Côte d'Ivoire,FW,0,0,0,0,0,0,0.0,0.0,1,0,0,11,1,0,0,0,0,0,0,10,90,1,100,0,0,0,0,,,,25,11,8,6,5,20,0,5,4,23,1.82,35,14,2769.08,,,,,,,Round of 16,0.0,22.0,587.0,0.0,False,,,None,1.0,1.0,2.7690799999999998,1.82,22.0,0.020100528460361432,0.015356803743716133,0.01800122926796128,0.18034194134636272,0.061105606519498756,0.11031170019046353,0.2352923193728886,0.4166794881991902,8.235865461393628,0.27264356803634243,0.07179908766041103,18.546051858487328,0.6048651024291962,5.574189216945385,0.7984287247183744,0.16538714817185385,0.15477406914478303,3.29059944605244,3.221060551147794,0.14584943450838253,8.797215153098193,24.046789277654455,2.0581072527709234,2.7690799999999998,,,None,1.0,1.0,16.181652490413086,26.01163596574107,28.325132501137578,14.7670636239762,36.715567693501875,14.715738990942917,,,None,1.0,1.0,27.65024262784621,30.38804155824423,14.035896192093134,65.83080738495451,7.666142423466585,15.684951727690152,D,D,E,A,F,E,26.39520210580241,E,30.339928970065955,26.578722364724555,,,None,1.0,29.823877377086657
510922,285023_43854,Yan Diomande,Côte d'Ivoire,FW,0,4,0,3,1,1,0.26,0.0,11,0,20,121,20,2,7,0,0,0,0,142,89,21,24,15,53,1,100,,,,134,24,92,18,45,89,6,88,106,372,5.71,370,178,34347.31,107.0,242.0,29.0,5.268399238586426,5.272173404693604,6.758358478546143,Round of 16,0.0,361.0,242.0,1.0,True,107.75,5.641455173492431,B,1.1,1.1,34.34731,5.71,361.0,0.020220468643704734,0.18501279465242193,0.062195375616800386,0.859675471105845,0.06147022467686239,0.6196630017425461,1.932339878592046,3.8104529537191523,30.667504078161596,2.8177357858126832,0.24179187060394478,77.83467691083749,3.999761474598993,24.259529722472134,4.024915737591762,0.5055027292176655,1.342648104816947,20.60579888105412,5.444617308253653,1.1641058601305105,36.65826276416929,80.99433632797773,7.424930265328607,34.34731,107.75,5.641455173492431,B,1.1,1.1,73.43302112797211,105.2271073312379,98.05712004950891,101.47952966647628,90.01713932918402,91.96761683906475,107.75,5.641455173492431,B,1.1,1.1,14.699514744307576,37.70992801382742,99.6776618966772,102.74858511562837,97.74916791631617,103.20104773211224,F,D,S,S,S,S,35.72858099102318,C,26.013264554163595,41.96298373527762,97.10000000000001,5.715764427185058,BL-B,1.05,42.02417571710206
405873,285023_43854,Yahia Fofana,Côte d'Ivoire,GK,0,0,0,0,0,0,0.0,0.0,0,0,0,0,0,0,3,0,0,0,0,114,65,0,0,1,100,0,0,11.0,84.0,68.0,17,0,0,17,12,5,0,0,3,216,2.93,16,5,19966.03,,,,,,,Round of 16,0.0,408.0,1240.0,0.0,False,,,None,1.0,1.0,19.96603,2.93,408.0,,,,,,,,,,,,,,,,,,,,,,,,,,,,,,,,,,,,,,,,,,,,,,,,,,,,,,,,,,,,,
514208,285023_43854,Christ Inao Oulai,Côte d'Ivoire,MF,0,2,0,1,1,0,0.13,0.0,0,0,21,82,20,3,5,0,0,0,0,125,92,0,0,4,100,3,100,,,,76,1,36,39,37,39,0,22,58,286,6.06,261,70,24246.36,154.0,43.0,64.0,4.881105899810791,6.445094585418701,6.28473424911499,Round of 16,0.0,240.0,1038.0,0.0,True,114.85,5.466611289978027,B,1.1,1.1,24.24636,6.06,240.0,0.02253231628556271,0.017214689642169906,0.04474267080731171,0.5800619360927327,0.06849824150811064,0.31260834896450024,0.07480729006806819,0.278138912228986,30.961615750540542,1.0614323268547008,0.6473384253400262,70.48388936282235,4.646013402641127,19.664082609126893,4.485092606911034,0.7522488899656061,1.1182538213454931,13.892054253975243,1.7212386338727386,0.163494486968043,20.442769416867556,69.65892618461254,6.365253192232581,24.24636,114.85,5.466611289978027,B,1.1,1.1,62.41429501309521,62.312271265569194,88.86894915638474,100.28078763334604,94.07442706011632,66.11532172450313,114.85,5.466611289978027,B,1.1,1.1,,,,,,,,,,,,,,,,,,,,,
371609,285023_43854,Franck Kessie,Côte d'Ivoire,MF,2,4,25,4,0,0,0.71,1.4,1,0,13,135,13,7,2,1,0,0,1,188,88,4,0,13,46,2,50,,,,130,27,59,44,101,29,4,31,83,413,6.8,553,184,44144.95,,,,,,,Round of 16,1.0,389.0,155.0,0.0,False,,,None,1.0,1.0,44.144949999999994,6.8,389.0,0.1854913715595571,0.01509895197039865,0.1353661009376876,0.8402272522026554,0.39153629030395015,0.7713728691334552,0.23134159220265252,0.9068681763442576,37.597224845174075,2.422534177016788,0.40205022021003917,82.86870503080719,2.749177473046564,26.030909405385504,2.77376267756381,1.3227085970159176,0.4836319921129261,16.327887204275548,5.818630155922475,0.806313899347676,36.8233223086948,109.49030932857741,8.880704628055843,44.144949999999994,,,None,1.0,1.0,86.17149889712779,72.94919731571387,88.82114418128839,79.29509894974358,87.30118712497742,96.34303874439229,,,None,1.0,1.0,,,,,,,,,,,,,,,,,,,,,
430831,285023_43854,Ibrahim Sangare,Côte d'Ivoire,MF,0,1,0,0,1,0,0.0,0.0,0,0,23,114,29,2,4,0,0,0,0,190,91,1,0,4,50,1,100,,,,54,2,20,32,38,16,0,9,78,391,6.63,387,110,33681.96,173.0,84.0,140.0,4.811943054199219,6.108033180236816,5.878201484680176,Round of 16,0.0,305.0,237.0,1.0,True,151.4,5.272921180725097,C,1.0,1.0,33.68196,6.63,305.0,0.021221055532655887,0.194167942333683,0.019004728492825303,0.3683503661457225,0.0645120088192739,0.1164611527632155,0.07045390436841754,0.4399077654018382,40.726893315039206,0.9996626208718798,0.2537566662693807,85.06738341882097,4.73155028894356,24.214299562907357,5.825679617466588,0.5305169567361604,0.8752223512283859,16.642711833077865,1.7990267722561986,0.1539799789449511,26.371311394629107,88.02748487612052,7.673942096798938,33.68196,151.4,5.272921180725097,C,1.0,1.0,49.15798548327356,65.79871680958657,81.73958989424568,94.83963991085648,81.61363855796465,76.95313614531608,151.4,5.272921180725097,C,1.0,1.0,,,,,,,,,,,,,,,,,,,,,
335807,285023_43854,Jean Michael Seri,Côte d'Ivoire,MF,0,0,0,0,0,0,0.0,0.0,2,0,0,5,1,0,0,0,0,0,0,17,94,3,0,2,50,0,0,,,,11,0,6,5,8,3,0,2,8,42,1.77,28,7,2281.37,,,,,,,Round of 16,0.0,19.0,570.0,0.0,False,,,None,1.0,1.0,2.28137,1.77,19.0,0.019193954472927467,0.014664181217316585,0.01718933786777492,0.17220815953110524,0.058349621597699505,0.10533642214742593,0.38563640262362625,0.7197988846740772,8.991105134894521,0.5822592722442952,0.06856080537729692,20.767756371950334,0.5775844779993333,4.3570447266474,0.7624179942504086,0.1579278574032472,0.1477934494415415,3.7860117851081587,1.3052656799769595,0.13927133365556169,7.273749517707026,21.83553738589537,1.8867825379957426,2.28137,,,None,1.0,1.0,15.365236369661615,28.76361574931655,38.14938481889113,14.768841106778275,45.01275082755788,14.92305259483116,,,None,1.0,1.0,,,,,,,,,,,,,,,,,,,,,
405175,285023_43854,Seko Fofana,Côte d'Ivoire,MF,1,5,0,0,5,0,0.4,0.0,0,0,3,28,1,1,0,1,0,0,0,45,84,0,0,2,0,0,0,,,,24,4,16,4,18,6,1,6,29,106,3.37,168,54,11627.71,,,,,,,Round of 16,0.0,103.0,819.0,0.0,False,,,None,1.0,1.0,11.627709999999999,3.37,103.0,0.02523919279814516,0.0192827432977829,0.10726331634060073,1.2846973482636315,0.2883774082020959,0.13851269007622066,0.08379412008984194,0.3115525959003039,17.749108986596408,0.7656449353055103,0.0901543966749745,40.85428877269182,1.3944485759689882,10.59727522821889,1.0025456076184112,0.419318340438873,0.1943417845457178,9.423091892154071,2.562967115428002,0.3947858450390759,19.51221803870364,58.34379303087603,4.4591900714411885,11.627709999999999,,,None,1.0,1.0,74.60442120970026,58.91687323090885,51.99693289617478,43.907498463722774,52.883806873816184,44.91599170641354,,,None,1.0,1.0,,,,,,,,,,,,,,,,,,,,,
402974,285023_43927,Angelo Preciado,Ecuador,DF,0,0,0,0,0,0,0.0,0.0,0,0,4,29,3,0,1,0,0,0,0,47,68,8,13,5,20,1,100,,,,29,11,10,8,4,25,3,16,22,106,6.31,144,61,14040.86,,,,,,,Round of 16,0.0,137.0,878.0,0.0,False,,,None,1.0,1.0,14.04086,6.31,137.0,0.024748483052500478,0.018907841052110366,0.022163751482497326,0.22204338994703426,0.07523538847960147,0.13581967499212264,0.0821649637343016,1.9657775085230136,17.81909478633896,1.3733648202009587,0.2959368606789001,40.05998454067949,1.5748724688773186,10.598774352738054,1.3981243025792602,0.20363051855597394,0.3980985987196222,7.787137690783778,3.965883912871296,0.8021808306750489,20.58560121453128,52.228604670403755,4.873306603542331,14.04086,,,None,1.0,1.0,49.05071458882266,77.43492206870772,47.80330535002093,43.305057076149275,39.891781856945315,42.44167163745337,,,None,1.0,1.0,,,,,,,,,,,,,,,,,,,,,
402979,285023_43927,Felix Torres,Ecuador,DF,0,0,0,0,0,0,0.0,0.0,0,0,0,1,1,0,0,0,0,0,0,0,0,0,0,0,0,0,0,,,,0,0,0,0,0,0,0,0,0,0,1.15,5,0,989.25,,,,,,,Round of 16,0.0,12.0,545.0,0.0,False,,,None,1.0,1.0,0.98925,1.15,12.0,0.01630063823398475,0.01245368761076435,0.01459819957682738,0.14624932623531117,0.04955394023131365,0.08945790262810832,0.05411811893682937,0.20121507836030775,5.311986785138013,0.22110185700576915,0.058225879771793526,11.8960753780562,0.49051880573706913,3.1534852491061702,0.6474903295662903,0.13412165138922652,0.12551491440168258,2.121756275088391,1.108508602463899,0.11827743102579336,5.220442400815957,15.400075062289769,1.4257425734420206,0.98925,,,None,1.0,1.0,2.833387272444125,2.029266421259319,1.3331938208284664,2.7599650635702253,1.31760741041555,1.238886191374465,,,None,1.0,1.0,,,,,,,,,,,,,,,,,,,,,
419003,285023_43927,Jackson Porozo,Ecuador,DF,0,0,0,0,0,0,0.0,0.0,0,0,2,2,0,2,0,1,0,0,0,12,100,0,0,0,0,0,0,,,,0,0,0,0,0,0,0,1,1,24,1.33,28,13,3226.38,,,,,,,Round of 16,0.0,36.0,634.0,0.0,False,,,None,1.0,1.0,3.2263800000000002,1.33,36.0,0.02285571769000209,0.0174617683151616,0.02046866653445827,0.20506149911469876,0.06948138177760638,0.1254321786827315,0.07588098273080694,0.2821309791653858,9.748085491946904,0.3100149547471883,0.08164062358868747,21.279831192421575,1.071100195727507,4.613279323324031,0.7162067695339055,0.5713827841533012,0.17598902621301613,3.1666546069014148,1.5542802257909023,0.16584108755865518,9.811390750899836,26.001253613757946,2.4278604926320133,3.2263800000000002,,,None,1.0,1.0,29.076170338116608,26.311154432370387,35.99049983145425,22.427296300354293,61.57165904808844,21.526585066024403,,,None,1.0,1.0,,,,,,,,,,,,,,,,,,,,,
463465,285023_43927,Joel Ordonez,Ecuador,DF,0,2,0,2,0,1,0.26,0.0,0,0,7,18,5,1,1,0,0,0,0,113,89,0,0,2,50,1,100,,,,11,0,1,10,6,5,0,1,19,239,4.18,227,82,23576.79,257.0,91.0,303.0,4.589097499847412,6.064785957336426,5.115680694580078,Round of 16,0.0,253.0,1045.0,0.0,True,243.6,4.94209656715393,C,1.0,1.0,23.576790000000003,4.18,253.0,0.022257700710754627,0.017004883343016537,0.06846162076973887,0.5729923547862402,0.06766341016069408,0.49544652550997104,0.07389556635970537,0.2747490575735551,28.344489393346127,0.6751997164500254,0.26615263894349034,60.85239546622032,1.9763156538207522,7.478943562024927,1.630707969495581,0.3697844934527639,0.3580324274774855,6.443465863403486,1.513612679134158,0.16150187635723556,22.43339805400961,62.46391235154753,6.162701840175534,23.576790000000003,243.6,4.94209656715393,C,1.0,1.0,49.95677421856761,41.62291831657951,60.653968995058364,44.52787642283258,51.71354924414331,52.24743742179172,243.6,4.94209656715393,C,1.0,1.0,,,,,,,,,,,,,,,,,,,,,
389782,285023_43927,Pervis Estupinan,Ecuador,DF,0,0,0,0,0,0,0.0,0.0,0,0,2,25,3,3,0,0,0,0,0,61,90,3,0,3,0,0,0,,,,48,24,13,11,22,26,3,23,19,130,3.31,144,70,11017.23,,,,,,,Round of 16,0.0,100.0,813.0,0.0,False,,,None,1.0,1.0,11.01723,3.31,100.0,0.02526158271000231,0.019299849190441764,0.022623263011769666,0.22664692007414075,0.07679521143840704,0.1386355659124927,0.08386845459720768,0.9473430337353665,21.15426268138771,0.9781621646415694,0.09023437344012825,45.97464342883226,1.183847584751455,9.971162108331365,1.4271110125637305,0.843366359300997,0.19451418686701777,7.313071011364362,6.802001124715782,0.8188121009068748,22.91893580317763,53.31143787320383,4.333822984725257,11.01723,,,None,1.0,1.0,57.89441308693527,71.58985576367662,66.18785765513441,46.393067878971124,68.19413131945198,48.773361090930486,,,None,1.0,1.0,,,,,,,,,,,,,,,,,,,,,
424031,285023_43927,Piero Hincapie,Ecuador,DF,0,3,0,3,0,3,0.4,0.0,1,0,11,80,29,5,4,1,1,0,0,189,85,15,13,13,31,0,0,,,,111,39,35,37,30,81,7,33,57,419,6.35,420,192,39830.97,364.0,98.0,358.0,3.478523731231689,6.015414714813232,4.42781400680542,Round of 16,0.0,376.0,1204.0,0.0,True,322.59999999999997,4.096379947662353,D,0.9,0.9,39.83097,6.35,376.0,0.01997202787746748,0.015258629298385153,0.0848785443067548,0.6816319967727135,0.06071496474750114,0.6120494516476167,0.2337881201052171,2.758749525399834,38.16231120393033,2.4481534243062946,0.07134008357831384,84.74995995305125,2.4432891259610274,17.094742147500668,5.482792104577048,1.0017347831359278,0.8237085648645999,12.146055327108106,7.889936298308276,1.3172839471430795,38.55259125802655,88.37324086829723,8.252111925413642,39.83097,322.59999999999997,4.096379947662353,D,0.9,0.9,56.41799282576164,63.21611806422752,76.1784818918648,69.69734506731736,66.88601857408,82.16342565385904,322.59999999999997,4.096379947662353,D,0.9,0.9,,,,,,,,,,,,,,,,,,,,,
448290,285023_43927,Willian Pacho,Ecuador,DF,1,1,0,1,0,1,0.11,0.0,0,0,10,51,12,3,2,0,0,0,0,238,91,0,0,2,0,0,0,,,,45,0,0,45,29,16,0,1,37,488,5.2,284,119,35347.02,293.0,19.0,351.0,4.496469020843506,6.878905296325684,4.677525997161865,Round of 16,0.0,407.0,1237.0,0.0,True,266.4,4.899098706245422,C,1.0,1.0,35.34701999999999,5.2,407.0,0.019482961561180456,0.014884982632741866,0.03541993752728579,0.3381809172319567,0.22260798925103428,0.270302279152804,0.06468343238311912,0.24049767751121154,45.23341867471211,0.5910264628259431,0.06959313869653658,93.9478451029193,2.2200791403494993,11.93811975340812,2.5710755167416988,0.6504451660405299,0.47677837623118086,8.581032294536183,1.3249193180065157,0.14136836908792536,25.681807816084092,63.989544542344156,7.317451012356533,35.34701999999999,266.4,4.899098706245422,C,1.0,1.0,45.39917923806779,39.85342114881735,73.99280178778456,59.88441990683903,70.58345821801643,64.78639935476139,266.4,4.899098706245422,C,1.0,1.0,,,,,,,,,,,,,,,,,,,,,
463489,285023_43927,Yaimar Medina,Ecuador,DF,0,1,0,1,0,1,0.04,0.0,0,0,1,10,3,1,0,0,0,0,0,19,89,4,25,1,0,1,100,,,,16,5,7,4,5,11,1,10,5,51,1.52,58,28,5486.23,,,,,,,Round of 16,0.0,53.0,693.0,0.0,False,,,None,1.0,1.0,5.48623,1.52,53.0,0.024435208839254166,0.018668499553190183,0.030079524879265525,0.4241409249853651,0.07428303487133267,0.33900865738940356,0.08112489334632383,1.1212611430300603,11.856104510012747,0.5363474039752202,0.2921907972533926,28.28293972447539,0.9402125356704133,6.571355283094214,1.3804263980255986,0.40596112960895997,0.18815110806225707,4.205125679750563,2.6862330983025235,0.3822101066172049,13.563050458687687,33.945370399306256,3.0587046274800853,5.48623,,,None,1.0,1.0,52.89332649703085,58.13926549794477,40.50012618282204,31.076234441879574,45.72161447709532,30.044895417221234,,,None,1.0,1.0,,,,,,,,,,,,,,,,,,,,,
373400,285023_43927,Enner Valencia,Ecuador,FW,6,10,0,9,1,2,1.53,0.0,0,0,8,91,11,4,7,0,0,0,2,40,83,1,0,1,0,0,0,,,,98,56,35,7,64,34,9,42,43,125,5.71,233,108,29489.89,,,,,,,Round of 16,0.0,311.0,1161.0,0.0,False,,,None,1.0,1.0,29.48989,5.71,311.0,0.02110814066703549,0.016126619469615112,0.2897261171675957,1.9594640074229785,1.1262178092427895,1.708915068403193,0.07007902701455783,0.4375670653297197,13.9589635254442,0.4633189969435029,0.07539827846265076,37.53057431065636,2.0512515844391004,20.01426991069045,2.6085346422363935,0.8817104891517024,1.4015899216870085,10.358871630024852,11.347895906327762,1.746234261102512,25.87697623909482,60.29984121562488,6.891079239966281,29.48989,,,None,1.0,1.0,71.77265478810408,48.6334000645758,54.74980903996537,71.48446981796256,63.40434437726806,60.86217168519173,,,None,1.0,1.0,45.464725643896976,35.83923721248267,73.40286199369392,24.962896018283175,58.999305072967324,72.69489513256828,B,D,A,E,B,B,38.64580678439106,C,67.66563202397516,50.368229059123124,,,None,1.0,43.210853402165654
419020,285023_43927,Gonzalo Plata,Ecuador,FW,5,8,13,4,4,1,1.16,0.86,4,0,14,135,11,5,4,1,0,0,0,147,80,9,11,8,38,1,100,,,,174,31,119,24,112,62,3,86,108,362,6.52,494,187,44302.06,82.0,208.0,166.0,5.518710136413574,5.39370584487915,5.769846439361572,Round of 16,1.0,407.0,158.0,0.0,True,121.89999999999999,5.56274356842041,B,1.1,1.1,44.30206,6.52,407.0,0.18286274766622615,0.014884982632741866,0.20696871293758373,1.4818394199672764,0.8761271336712172,0.760441637467941,0.7182025768033019,1.710915752456623,30.36585813915296,1.5713051794562172,0.2329729248015823,73.36199205368357,2.8735982847696824,25.662021786231957,2.4076957306366538,0.9772047382506213,0.8035379484412722,20.18099710799443,6.389692687262932,0.6315077274030625,36.7916332712272,98.29929962440374,8.780523532118663,44.30206,121.89999999999999,5.56274356842041,B,1.1,1.1,97.68048784540858,78.3814593804863,88.12439091816712,89.50574488589156,85.86932865746543,104.20384987560105,121.89999999999999,5.56274356842041,B,1.1,1.1,86.24673385591637,67.96311420919676,105.04826582585498,41.06492570532252,104.70941077502654,93.25136148642282,A,B,S+,D,S,S,70.59314903842956,A,63.012207448876445,49.919176195892945,119.8,5.58155059814453,BL-B,1.05,82.02772707327823
405920,285023_43927,John Yeboah,Ecuador,FW,3,8,0,4,4,0,0.72,0.0,3,0,44,73,20,0,4,0,0,0,0,104,82,9,44,9,67,1,0,,,,114,39,55,20,43,71,3,52,86,262,5.74,395,169,31500.85,,,,,,,Round of 16,0.0,330.0,1185.0,0.0,False,,,None,1.0,1.0,31.50085,5.74,330.0,0.020759736527186143,0.015860438706770213,0.14393389645867022,1.5789486540595072,0.5853692107692434,0.8102755830299941,0.5911819369968555,1.823037022871378,24.87009977372202,1.8483639014345452,0.24824031611730804,60.76096239710441,8.284509630232847,16.550363177239934,4.132257848659888,0.17081111214568756,0.85619612022813,17.673612548153784,8.201120075240533,0.6728922599678601,36.06913801412829,87.50657058108897,7.12741837872343,31.50085,,,None,1.0,1.0,67.2193250825138,68.95026408872289,74.12590901116454,88.26899507685383,66.67464533349296,82.0568660144562,,,None,1.0,1.0,36.28219484882419,29.723261600410254,69.27965073975261,45.07916993450198,90.05157090084491,82.92724291932839,C,D,B,C,S,A,35.60714632751345,C,51.06382978723405,39.43387018057589,,,None,1.0,39.890325497475914
402985,285023_43927,Jordy Caicedo,Ecuador,FW,0,1,0,1,0,0,0.05,0.0,0,0,1,12,1,2,0,0,0,0,0,6,100,0,0,0,0,0,0,,,,5,4,1,0,3,2,0,9,9,20,4.6,44,22,4108.67,,,,,,,Round of 16,0.0,40.0,644.0,0.0,False,,,None,1.0,1.0,4.10867,4.6,40.0,0.023350748224959784,0.017839971643869273,0.030702705358312554,0.40531709863369075,0.07098627460387774,0.32396309181793087,0.07752448410686648,0.2882416360889035,8.784333541913103,0.3167295489233544,0.08340887265955634,20.95747295977688,0.8984849011448414,6.671339902201976,0.9275332319366912,0.5837583275136723,0.17980076133219033,4.801754461987829,2.3712010245275716,0.16943302912030817,11.786222708831355,29.697440080062556,2.653210266315127,4.10867,,,None,1.0,1.0,43.24247526845774,30.99525152027714,38.46196752494763,26.655299778971862,66.27939675005446,25.702414932475705,,,None,1.0,1.0,51.20380739081749,55.55471139052973,31.777831675964098,63.191809568221814,33.11866793460371,34.21325871068649,B,B,D,A,D,D,46.21415343956957,B,35.91787113332433,37.660084276625625,,,None,1.0,51.48124314051398
448310,285023_43927,Kevin Rodriguez,Ecuador,FW,1,6,0,6,0,2,0.68,0.0,0,0,2,26,6,3,1,0,0,0,0,27,85,1,0,3,67,0,0,,,,49,33,15,1,38,11,3,35,35,79,6.3,187,89,15137.76,,,,,,,Round of 16,0.0,146.0,198.0,1.0,False,,,None,1.0,1.0,15.13776,6.3,146.0,0.02457415440577828,0.22484805188966994,0.16213754030772443,1.456919700870575,0.2807788273172213,1.371303346920843,0.08158619262718388,0.5094167599085825,13.572108885076096,0.9515440241309426,0.08777887953744,34.21381972807051,1.1516322502259906,9.905896250201236,2.0064960900014,0.8204163362217097,0.39529438684814816,10.41123916140166,8.471562927691172,0.7965302581392932,26.210651105199872,60.72186178896592,5.065020876614438,15.13776,,,None,1.0,1.0,78.94770272875257,72.70567949945406,58.16761578824975,50.07641141006,65.70658699285804,54.64990059598851,,,None,1.0,1.0,50.82120194102275,62.77232236129839,70.40504487024013,66.89064586557008,60.133133389415164,31.89741270469405,B,B,B,A,B,D,51.33180049197765,B,46.136302656291925,51.15490836053225,,,None,1.0,57.07360532938971
448312,285023_43927,Nilson Angulo,Ecuador,FW,2,2,50,0,2,0,0.04,25.98,7,0,7,83,18,4,3,0,0,0,0,78,81,8,38,14,50,0,0,,,,65,28,26,11,22,43,2,43,55,193,6.36,274,136,25147.24,29.0,255.0,38.0,6.159590721130371,5.204077243804932,6.601485729217529,Round of 16,1.0,240.0,117.0,0.0,True,65.15,6.126737451553345,B,1.1,1.1,25.14724,6.36,240.0,0.21148331347489474,0.017214689642169906,0.02773708106027182,0.5800619360927327,0.44640023588677485,0.12365735177516814,1.3974642703933928,1.7897468897436426,22.080918882641935,2.9509422987480214,0.08048543377202999,52.91144662421447,2.000699441990478,19.853033606316224,4.107190612532371,0.9411998871549382,0.7403518269668291,13.325201262407248,6.822915557984705,0.5413964813467073,32.913535231363475,72.11528914807384,6.535475366580506,25.14724,65.15,6.126737451553345,B,1.1,1.1,73.60515004864386,82.61515998515125,79.13695949789445,81.19198619939034,77.63832619631782,78.62531801178284,65.15,6.126737451553345,B,1.1,1.1,59.167599850690564,46.56859579479192,83.9447004608295,58.097589927295076,87.20822208404962,80.33749788003846,B,C,A,B,A,B,51.875670083857116,B,54.23440161015637,54.654050857480776,54.3,6.196607875823974,BL-A,1.2,69.20150939757137
441236,285023_43927,Hernan Galindez,Ecuador,GK,0,0,0,0,0,0,0.0,0.0,0,0,0,0,0,0,0,0,0,0,0,105,67,0,0,5,60,0,0,12.0,68.0,63.0,29,0,0,29,21,8,0,0,2,191,2.51,25,3,17029.0,,,,,,,Round of 16,0.0,407.0,1237.0,0.0,False,,,None,1.0,1.0,17.029,2.51,407.0,,,,,,,,,,,,,,,,,,,,,,,,,,,,,,,,,,,,,,,,,,,,,,,,,,,,,,,,,,,,,
389784,285023_43927,Alan Franco,Ecuador,MF,0,0,0,0,0,0,0.0,0.0,0,0,9,40,14,7,0,2,0,0,0,148,95,4,0,3,33,0,0,,,,48,11,11,26,14,34,2,7,31,300,6.1,307,134,27468.83,341.0,55.0,293.0,4.260932445526123,6.352930545806885,5.170042991638184,Round of 16,0.0,270.0,1073.0,0.0,True,286.1,4.802009797096252,C,1.0,1.0,27.46883,6.1,270.0,0.021907536256872022,0.016737357700250224,0.019619513170204304,0.1965544152966558,0.06659891022089096,0.12022855897771367,0.07273302037281512,1.0052735503897816,34.328476430137705,0.8482890139144272,0.07825371950954686,71.10146391259664,2.3126471574204386,11.402940778481351,3.2584587860676786,1.4662373232827113,0.1686880291779146,8.54663620131038,3.5106291334084476,0.5263845444973401,31.63347947659678,76.1781508411569,6.780761873127832,27.46883,286.1,4.802009797096252,C,1.0,1.0,48.413969405074056,56.67243494495368,79.61490190802235,59.41591868487419,85.05034163124229,72.70892563698304,286.1,4.802009797096252,C,1.0,1.0,,,,,,,,,,,,,,,,,,,,,
463468,285023_43927,Alan Minda,Ecuador,MF,0,2,0,1,1,0,0.44,0.0,0,0,1,28,1,0,1,0,0,0,0,16,75,2,0,1,0,0,0,,,,32,16,16,0,12,20,2,10,14,43,1.55,80,31,6170.77,,,,,,,Round of 16,0.0,59.0,705.0,0.0,False,,,None,1.0,1.0,6.17077,1.55,59.0,0.024743087743153973,0.01890371903576964,0.11345453521332337,0.6369750539318701,0.07521898673918809,0.34328010088457533,0.08214705130727121,0.7204087458017854,11.383019026990386,0.5431052774982869,0.08838230941854601,26.97937901030812,0.9520590317171359,10.388973724605089,0.9828394328696192,0.20358612595067088,0.39801181097243193,6.125519767901943,5.0024695044877845,0.5945159153646179,14.356412376477028,38.93785627663695,3.239278942817973,6.17077,,,None,1.0,1.0,69.00729939890931,55.352596893567906,35.8154624794811,33.15843058015584,33.524752997081244,30.46840508772076,,,None,1.0,1.0,,,,,,,,,,,,,,,,,,,,,
419005,285023_43927,Jordy Alcivar,Ecuador,MF,0,1,0,1,0,0,0.04,0.0,0,0,1,12,7,1,0,1,0,0,0,33,94,1,0,1,100,0,0,,,,17,4,3,10,10,7,0,1,19,77,1.54,63,23,5065.44,,,,,,,Round of 16,0.0,49.0,673.0,0.0,False,,,None,1.0,1.0,5.06544,1.54,49.0,0.02417115467935473,0.01846676217502701,0.02975447655557741,0.41955753155653286,0.07348031022523838,0.33534522865366095,0.0802482335354577,0.501062665135317,14.565698950810354,0.5305514738441298,0.0863393645146551,33.24734806230454,0.9300523183845049,6.905731120097886,2.1762848254457956,0.4015741924750929,0.18611789103103143,6.997398881377412,2.454510929908288,0.17538589835339793,12.403014428397478,34.59201625395558,2.940359772792342,5.06544,,,None,1.0,1.0,48.029382483951466,44.64983820659072,49.859747730228726,34.61870509447261,63.718234697826134,30.884193023728024,,,None,1.0,1.0,,,,,,,,,,,,,,,,,,,,,
463495,285023_43927,Kendry Paez,Ecuador,MF,0,0,0,0,0,0,0.0,0.0,0,0,2,7,3,1,0,1,0,0,0,10,90,0,0,0,0,0,0,,,,8,1,1,6,1,7,0,1,4,22,1.69,33,15,2319.6,,,,,,,Round of 16,0.0,20.0,579.0,0.0,False,,,None,1.0,1.0,2.3196,1.69,20.0,0.01951355830940313,0.014908358548383988,0.017475562279569062,0.17507564515196486,0.059321217260585514,0.10709040800200437,0.06478501358721839,0.24087536377127217,7.995363963998689,0.26468190490874405,0.06970243028118797,17.840838745735926,0.9144747239192864,4.756867808892401,1.1023859540925471,0.32419392140613257,0.15025439898240409,3.194508258330604,1.490636382909014,0.14159037909302907,8.7039576387149,23.017308767128572,1.9244556932661359,2.3196,,,None,1.0,1.0,13.459069390172282,11.622080347545277,24.81420299074046,14.663966865668568,41.30329354211534,12.766608936308312,,,None,1.0,1.0,,,,,,,,,,,,,,,,,,,,,
428885,285023_43927,Moises Caicedo,Ecuador,MF,1,4,0,1,3,1,0.19,0.0,8,0,16,83,28,5,4,1,0,0,0,295,89,16,44,13,54,3,100,,,,148,7,58,83,110,38,0,24,64,640,6.23,505,134,42353.4,286.0,95.0,181.0,4.518790721893311,6.039599895477295,5.7077484130859375,Round of 16,0.0,407.0,1237.0,0.0,True,231.1,5.0441515207290655,C,1.0,1.0,42.3534,6.23,407.0,0.019482961561180456,0.014884982632741866,0.048490320415689445,0.828320275547094,0.22260798925103428,0.270302279152804,1.3717217212234847,2.854574255191943,54.54606648269972,2.3882041099814453,0.5597324970116737,118.78157259088626,3.2003578569797737,17.16627290876958,5.185152094422431,0.9772047382506213,0.8035379484412722,12.992286519372417,2.4685778207418356,0.14136836908792536,28.13250460765978,100.09647727155925,8.462151878127203,42.3534,231.1,5.0441515207290655,C,1.0,1.0,58.74078121578579,67.2777063448847,92.30234096830196,82.93234939460291,81.1011933992335,86.33844692978084,231.1,5.0441515207290655,C,1.0,1.0,,,,,,,,,,,,,,,,,,,,,
424036,285023_43927,Pedro Vite,Ecuador,MF,1,4,0,1,3,0,0.23,0.0,2,0,34,119,29,2,5,0,0,0,0,297,91,7,43,9,56,2,100,,,,261,11,108,142,153,108,1,27,83,640,6.38,648,177,43374.6,202.0,37.0,105.0,4.726470947265625,6.541030406951904,6.0500335693359375,Round of 16,0.0,407.0,253.0,1.0,True,153.0,5.329545521736145,C,1.0,1.0,43.3746,6.38,407.0,0.019482961561180456,0.17826476873778757,0.055025511859891275,0.828320275547094,0.22260798925103428,0.270302279152804,0.3914430045932106,1.3841561802465314,54.872826054909815,1.7346849655612628,0.396352710906628,118.78157259088626,6.141194006870595,23.047945208551226,5.348531880527476,0.48706537993548416,0.9669177345463179,16.096502455368285,3.1220969651620187,0.3047481551929711,35.157835410176745,123.45978668458079,8.628995315697678,43.3746,153.0,5.329545521736145,C,1.0,1.0,66.18681990121993,85.76950868481774,95.2703150731052,95.44862650522744,83.67740966561192,94.8268679464469,153.0,5.329545521736145,C,1.0,1.0,,,,,,,,,,,,,,,,,,,,,
430477,285023_43855,Ahmed Fatouh,Egypt,DF,1,1,0,1,0,0,0.13,0.0,0,0,24,49,9,2,3,1,0,0,0,182,90,7,14,11,64,0,0,,,,77,19,25,33,21,56,2,23,57,370,4.91,408,166,32856.27,,,,,,,Round of 16,0.0,301.0,1123.0,0.0,False,,,None,1.0,1.0,32.856269999999995,4.91,301.0,0.021297108733374693,0.016270991072298267,0.04228990544640361,0.36967048070308833,0.24333603169670961,0.29547135387601087,0.07070640099480399,1.513041258235531,39.44411005439681,2.2533950154792506,0.0760732723956144,81.62180340122968,4.927100303538725,12.692546743718397,2.274701589594284,0.5324182529527081,0.6997662006887369,12.951907666564265,4.841552184102173,0.5117174632638679,36.46702035339417,92.0934119231785,7.553982091390476,32.856269999999995,,,None,1.0,1.0,62.66483750584433,68.59251497610111,89.00606904625856,75.99995024320056,75.10485751567707,87.04848466262145,,,None,1.0,1.0,,,,,,,,,,,,,,,,,,,,,
483182,285023_43855,Hossam Abdelmaguid,Egypt,DF,0,0,0,0,0,0,0.0,0.0,0,0,4,11,3,1,0,0,0,0,0,32,88,0,0,0,0,0,0,,,,5,0,0,5,4,1,0,0,7,71,2.69,62,26,6751.69,,,,,,,Round of 16,0.0,73.0,735.0,0.0,False,,,None,1.0,1.0,6.75169,2.69,73.0,0.02515868765921017,0.019221237371636574,0.022531114320082257,0.22572374567843367,0.07648241048399894,0.13807087787374545,0.08352684302857778,0.31055884046529036,14.949817744133789,0.34125243940952676,0.08986683231869874,33.339845620426935,1.6009758846035795,6.976895445262569,1.42129812816098,0.417980845950638,0.19372189497591835,4.751581567708031,1.710891395576929,0.18255143765522902,13.542675570895724,35.794327188459484,3.4162475297717148,6.75169,,,None,1.0,1.0,49.057425265525325,45.32752768197151,39.10089137160188,35.3483464159106,45.95777802981278,30.385757805714103,,,None,1.0,1.0,,,,,,,,,,,,,,,,,,,,,
407022,285023_43855,Karim Hafez,Egypt,DF,0,0,0,0,0,0,0.0,0.0,0,0,1,26,10,0,1,0,0,0,0,63,87,1,0,1,100,0,0,,,,23,4,10,9,5,18,3,2,24,128,3.64,109,42,9528.82,,,,,,,Round of 16,0.0,91.0,193.0,1.0,False,,,None,1.0,1.0,9.52882,3.64,91.0,0.025296257828798165,0.2314551377428746,0.022654316661158476,0.2269580252399771,0.07690062379954643,0.13882586296444432,0.08398357599160991,0.5243858034003572,21.607557512202813,0.555247237951491,0.09035823296446703,45.61349257888838,0.9733437873458672,10.196977744694825,2.9139715029399467,0.20813760941535128,0.40690998204341866,8.383753226307832,2.5687619044362813,0.8199360370907778,17.010788996241157,45.96010752504921,4.024037151396108,9.52882,,,None,1.0,1.0,60.31807991950864,69.36109902718847,54.20411346137338,45.94984231406325,51.401933466419514,41.250590543526144,,,None,1.0,1.0,,,,,,,,,,,,,,,,,,,,,
416902,285023_43855,Mohamed Abdelmoneim,Egypt,DF,0,0,0,0,0,0,0.0,0.0,0,0,0,0,0,1,0,0,0,0,0,14,100,0,0,0,0,1,100,,,,6,0,1,5,1,5,0,0,3,32,4.11,26,10,1530.7,,,,,,,Round of 16,0.0,15.0,557.0,0.0,False,,,None,1.0,1.0,1.5307,4.11,15.0,0.017703962795799274,0.013525827575990643,0.01585496092140599,0.15883995420391106,0.0538200468992298,0.0971593478233464,0.05877715648205358,0.21853771675134617,7.847757549126535,0.24013655136222128,0.21170005289821303,17.670978346003718,0.5327476484511917,3.2765078025441623,0.554771378169166,0.29412970367545443,0.1363205135276544,2.7498031067272706,1.2039402859655335,0.1284599540463195,7.154486102898855,19.84356144973675,1.6288694584004533,1.5307,,,None,1.0,1.0,11.141405950059974,9.354965621531726,30.631480401914366,10.609747361249935,52.66077893666144,11.16269966802961,,,None,1.0,1.0,,,,,,,,,,,,,,,,,,,,,
408950,285023_43855,Mohamed Hany,Egypt,DF,0,4,0,0,4,0,0.09,0.0,0,2,9,58,9,2,1,0,0,0,0,237,87,15,20,7,71,1,100,,,,138,41,66,31,28,110,9,35,68,517,5.75,423,158,42176.04,,,,,,,Round of 16,0.0,439.0,258.0,1.0,False,,,None,1.0,1.0,42.17604,5.75,439.0,0.01901037771485995,0.1739407315625875,0.03137244613527908,0.8082283208114616,0.057791548253174264,0.10432895289915142,0.06311445401333506,2.625916147338749,43.97680815646667,1.3737743842434018,0.22732187218591426,96.2921087183037,2.0068115130914763,12.764463197773763,2.030460422968762,0.4752509938147367,0.30579671139285614,13.314809408090575,7.8288706486471495,1.5726905275949343,31.276118439133697,84.5963329141485,8.228617529548785,42.17604,,,None,1.0,1.0,51.42435641521782,84.30330858737932,85.39883898042079,60.77783321526763,68.75887323434779,85.484266198544,,,None,1.0,1.0,,,,,,,,,,,,,,,,,,,,,
344661,285023_43855,Ramy Rabia,Egypt,DF,1,1,0,1,0,1,0.1,0.0,0,0,11,25,9,3,1,0,0,0,0,211,92,0,0,1,100,7,57,,,,76,4,2,70,44,32,1,1,21,456,5.96,341,103,31577.73,276.0,65.0,306.0,4.544260025024414,6.266149044036865,5.097377777099609,Round of 16,0.0,324.0,1183.0,0.0,True,251.85,4.94082281589508,C,1.0,1.0,31.57773,5.96,324.0,0.020868263977827997,0.01594335367906059,0.03618844492059069,0.36222668873514324,0.23843614681866762,0.28952165703639055,0.06928263640638894,0.25759785054230877,43.724754124839556,0.4580537569213294,1.2995178092112951,95.0279527975952,2.5529306672075753,8.237046959056345,2.2288975389438526,0.6966939489877803,0.33568225695534604,6.391225823257484,2.119111920852497,0.32641674774919044,24.70792252712446,78.51421845270862,7.178132734011821,31.57773,251.85,4.94082281589508,C,1.0,1.0,48.75987580015332,41.90587860686162,73.27320533978455,53.956362133700274,66.16211243882356,67.59985713827271,251.85,4.94082281589508,C,1.0,1.0,,,,,,,,,,,,,,,,,,,,,
369267,285023_43855,Yasser Ibrahim,Egypt,DF,0,0,0,0,0,0,0.0,0.0,0,0,20,38,22,5,3,2,0,0,0,224,95,0,0,1,0,1,100,,,,84,0,3,81,48,36,0,2,23,458,5.83,434,153,41444.93,355.0,25.0,362.0,4.090831279754639,6.739145755767822,4.328176498413086,Round of 16,0.0,425.0,1260.0,0.0,True,307.25,4.547414755821228,D,0.9,0.9,41.44493,5.83,425.0,0.01921327477561855,0.014678941928572574,0.017206640358052947,0.17238150128684962,0.058408355317880405,0.10544245196859463,0.06378807225505359,0.23716866383023538,42.35163372476483,0.4217271117082103,0.22974807015022983,87.81385393953614,3.800530917582321,9.678332790038649,4.146668736706631,0.9636780881123912,0.631296973727424,6.206596508883181,1.306579537841164,0.13941152177188817,30.80433603535281,87.27152723686967,8.198646095495072,41.44493,307.25,4.547414755821228,D,0.9,0.9,32.74057218337181,34.47551779689647,66.45463082470539,66.06682684122065,66.59359728306984,77.18568744257637,307.25,4.547414755821228,D,0.9,0.9,,,,,,,,,,,,,,,,,,,,,
424106,285023_43855,Haissem Hassan,Egypt,FW,0,1,0,1,0,0,0.09,0.0,0,0,0,17,0,1,0,1,0,0,0,29,86,6,17,9,100,4,100,,,,49,3,20,26,8,41,2,3,4,75,1.62,79,27,6544.52,,,,,,,Round of 16,0.0,59.0,706.0,0.0,False,,,None,1.0,1.0,6.54452,1.62,59.0,0.024743087743153973,0.01890371903576964,0.040833022840772136,0.4294850185817238,0.07521898673918809,0.34328010088457533,0.08214705130727121,1.5503688872023704,14.08038948654229,2.2030255602994573,0.9183424508191314,33.6190601415128,0.7445689963669895,8.106583335753479,0.775349397519473,0.41107616130081726,0.19052177562228562,4.05061941440048,2.305099044935882,0.5945159153646179,13.526452235076443,38.7303662412868,3.31682834353009,6.54452,,,None,1.0,1.0,60.591693373002464,79.10865767237392,54.33798330927989,33.227430406291106,43.4258936420134,34.34914305207911,,,None,1.0,1.0,50.21463232549459,54.20615776178085,32.56366723259762,76.74714373529474,35.51205149775063,32.894171519023125,B,B,D,A,D,D,46.454607505733904,B,37.947122861586315,55.35360496166767,,,None,1.0,51.74400182903004
495488,285023_43855,Hamza Abdelkarim,Egypt,FW,0,0,0,0,0,0,0.0,0.0,0,0,8,36,6,2,0,0,0,0,0,10,70,1,0,2,0,0,0,,,,21,17,4,0,17,4,1,6,6,30,6.65,120,56,9335.75,,,,,,,Round of 16,0.0,83.0,758.0,0.0,False,,,None,1.0,1.0,9.33575,6.65,83.0,0.025275927492989517,0.01931080860464399,0.022636109625621688,0.22677562146710192,0.07683881957868814,0.13871429008152647,0.08391607927672519,0.5239643600568964,10.356401258539789,0.7667593026817775,0.09028561300495855,24.80491900946682,2.456269698786511,12.308365651986174,2.0637963304209226,0.6318869535791853,0.19462464169601928,4.56176569269809,5.3221554616516356,0.3953604409725658,19.964533959577118,48.25471129294283,3.9798802840277454,9.33575,,,None,1.0,1.0,56.344043740608186,64.07105385497931,40.19326900941404,57.86774324733436,39.8956858789021,39.30717494103547,,,None,1.0,1.0,31.16834639790967,34.12980303519534,30.184331797235025,46.170803569535984,42.412494056545114,59.1648293666497,D,D,D,C,C,B,30.807546252479597,D,45.58086084412871,72.69260106788711,,,None,1.0,34.64551246006364
430465,285023_43855,Ibrahim Adel,Egypt,FW,0,0,0,0,0,0,0.0,0.0,0,0,2,4,2,0,0,0,0,0,0,6,67,0,0,2,100,0,0,,,,10,3,6,1,2,8,0,4,1,12,2.13,18,8,1006.49,,,,,,,Round of 16,0.0,7.0,517.0,0.0,False,,,None,1.0,1.0,1.00649,2.13,7.0,0.013091561298108753,0.010001952831755086,0.011724278636134271,0.11745748796663173,0.03979834634625061,0.07184648840402084,0.04346398350972106,0.16160223266385443,4.924923172443064,0.39713978506773906,0.04676305695684447,10.871511788590535,0.6135171102028807,2.8620131278039667,0.6298030124577277,0.1077173663608388,0.10080502199543741,1.8138329086171237,1.2196273059468756,0.09499236877907709,5.0709668118130775,13.795468365985462,1.146951889497479,1.00649,,,None,1.0,1.0,1.9554673675140275,5.612589261339071,7.716903087532989,2.7981944047758276,3.4036427625163026,2.0256707494443615,,,None,1.0,1.0,4.65845464725644,5.470189367319415,6.601018675721562,1.7423744621319686,3.3063896711897875,3.4993498784555386,G,G,F,G,G,G,3.420056899995009,G,27.196446199407703,61.47120892372626,,,None,1.0,4.717547843785087
344654,285023_43855,Mohamed Salah,Egypt,FW,4,9,11,7,2,1,0.95,1.05,14,0,17,100,8,3,9,0,0,0,1,112,80,16,19,9,44,0,0,,,,154,57,82,15,84,70,5,77,74,283,6.35,387,147,38075.5,52.0,290.0,24.0,5.831484794616699,5.002398014068604,6.850352764129639,Round of 16,1.0,361.0,52.0,2.0,True,80.7,5.9618387699127195,B,1.1,1.1,38.0755,6.35,361.0,0.18978482525233623,0.35457715126105344,0.1791947816767561,1.7074972541490023,0.7397276511113884,1.297920428177072,2.4410329484179405,2.962631170675995,25.58057337990265,1.8003496461608945,0.07222751399531331,62.74344917266927,3.4910684047730984,20.69867823369087,1.9901434582881832,0.675067085826297,1.6817768180342099,15.179739469577914,11.040241076338493,0.9945415035218791,31.401767709301712,83.87693039032446,8.05709840399334,38.0755,80.7,5.9618387699127195,B,1.1,1.1,99.66750593485881,105.69771900010987,89.25401720210287,89.39461500763345,85.26655912301447,93.22204556066134,80.7,5.9618387699127195,B,1.1,1.1,87.02687569988802,91.73944424395523,97.15643948581133,104.61390084151178,93.082184265389,90.32864115175155,A,S,S,S+,A,A,82.31514685655142,S,49.86164325244785,53.20386021698735,67.4,6.054236507415772,BL-A,1.2,109.1171762365363
430476,285023_43855,Omar Marmoush,Egypt,FW,1,11,0,8,3,0,0.91,0.0,3,0,27,104,11,3,7,0,0,0,0,72,86,5,0,12,75,3,100,,,,163,73,76,14,92,71,5,56,81,206,5.74,307,153,33451.08,174.0,315.0,54.0,4.803040504455566,4.883936405181885,6.3582963943481445,Round of 16,0.0,348.0,1193.0,0.0,True,165.14999999999998,5.203988862037659,C,1.0,1.0,33.451080000000005,5.74,348.0,0.02044229584897615,0.015617914028617778,0.1743036432044729,2.0690783311851484,0.2335691296379906,1.4835837216760057,0.5821420729899102,1.109462451245277,19.004221220592374,2.3343739039807496,0.587293531543852,50.23208132517924,5.243612423629174,21.611449804100435,2.5262498355516505,0.6824728610166849,1.3573775298368382,16.54623956771148,13.904150055682301,1.0054520499656865,32.77480585792988,71.08313223648669,7.352749107163866,33.451080000000005,165.14999999999998,5.203988862037659,C,1.0,1.0,67.37031235672214,67.6384143313284,74.96421914805917,88.3117309782132,75.2903783392315,76.69007326658956,165.14999999999998,5.203988862037659,C,1.0,1.0,33.76259798432251,31.698607760831155,87.22774678632067,32.127943701379905,79.7922533923412,89.3530819530028,D,D,S,E,A,S,34.87621003326888,C,53.67994039241659,50.615913296325665,152.1,5.277706861495971,BL-B,1.05,41.0461666008935
363863,285023_43855,Trezeguet,Egypt,FW,3,6,17,4,2,2,0.58,1.73,0,0,6,34,3,3,2,0,0,0,0,78,83,2,0,5,40,1,100,,,,72,30,25,17,33,39,7,37,50,192,5.2,286,115,20212.14,40.0,274.0,111.0,5.950538635253906,5.107747077941895,5.995814800262451,Round of 16,1.0,176.0,58.0,1.0,True,92.85,5.83543894290924,B,1.1,1.1,20.212139999999998,5.2,176.0,0.2246772618722515,0.21902788096240378,0.13786670442790405,1.419207469810067,0.6749893078048644,0.9343288728866903,0.07947434161311294,0.6969697615896958,23.458495673533204,1.3283918098355647,0.2862459385677113,56.01172859417085,1.9247791851320386,11.255396703709621,1.3523405036737326,0.7991799356027046,0.5858014355501487,13.152833310803414,7.650059687090661,1.5788689751096632,30.751410223594334,79.02326354942984,5.952540300009774,20.212139999999998,92.85,5.83543894290924,B,1.1,1.1,101.49088724047195,88.25010935753998,79.13412998888036,67.21691292713996,78.20521393678924,75.06420568526256,92.85,5.83543894290924,B,1.1,1.1,88.87458006718927,91.53051340006458,89.29129274799902,75.39839328486339,88.65659632054424,58.68891527063273,A,S,A,A,A,C,79.4797842434203,S,54.23299565846599,51.1658574596895,84.7,5.8798423290252675,BL-B,1.05,92.22423853795692
433461,285023_43855,Zizo,Egypt,FW,1,3,0,2,1,0,0.14,0.0,4,0,4,12,1,2,0,0,0,0,0,24,88,6,33,1,0,0,0,,,,42,12,21,9,18,24,3,13,11,63,5.05,90,46,8554.4,,,,,,,Round of 16,0.0,78.0,749.0,0.0,False,,,None,1.0,1.0,8.5544,5.05,78.0,0.02523202913329969,0.019277270257840966,0.052219422497815124,0.8611523329667632,0.28829555775949717,0.5616537542720809,0.9301310934996193,1.5810053027870477,13.300677266505556,0.553837432358343,0.09012880806414651,31.74431492448781,1.6056429774563188,7.2088243660892335,1.0022610541153452,0.630789514097322,0.19428662432640767,5.611793921243748,4.254961179512105,0.8178541709740208,17.813958353166797,41.82319849772611,3.80764217079719,8.5544,,,None,1.0,1.0,75.07726776039831,72.32410247063896,50.44751495300272,42.52613825027628,54.99517109123928,41.14939936222698,,,None,1.0,1.0,51.86636804777902,53.27546582081332,50.868299781712345,77.6586048286241,33.01269156212282,36.01522603501234,B,B,C,A,D,D,47.73516691420604,B,41.7846070899043,46.23638432775159,,,None,1.0,53.143346477696056
416906,285023_43855,Mostafa Shoubir,Egypt,GK,0,0,0,0,0,0,0.0,0.0,0,0,0,0,0,0,4,0,0,0,0,116,78,0,0,3,0,0,0,10.0,92.0,79.0,15,0,0,15,9,6,0,0,2,196,3.22,45,10,23577.35,,,,,,,Round of 16,0.0,439.0,1266.0,0.0,False,,,None,1.0,1.0,23.57735,3.22,439.0,,,,,,,,,,,,,,,,,,,,,,,,,,,,,,,,,,,,,,,,,,,,,,,,,,,,,,,,,,,,,
430482,285023_43855,Emam Ashour,Egypt,MF,2,10,20,5,5,1,1.06,1.89,4,0,18,63,12,2,11,0,0,0,0,182,87,3,0,6,67,3,100,,,,214,49,104,61,105,109,5,45,71,413,6.57,461,166,37645.06,31.0,146.0,165.0,6.123448371887207,5.738740921020508,5.771111011505127,Round of 16,2.0,344.0,44.0,0.0,True,81.75,5.977657914161682,B,1.1,1.1,37.64506,6.57,344.0,0.36452648942043436,0.015671010736600977,0.2006973308651756,1.904105293497171,0.40637054950245793,0.9726054644947556,0.7561285471292369,0.7692196299784277,37.989638701879805,1.3102660617448798,0.5892901716257264,86.00837785377179,3.71337316716138,14.63262166915374,2.706845753306012,0.512785737593408,2.0500216389596693,14.882418856584577,9.823244083843951,1.0088703165658428,35.122326903788654,97.8139273067956,8.099141852765822,37.64506,81.75,5.977657914161682,B,1.1,1.1,102.11036935071232,76.93268736416915,94.98174146147807,87.89878907781102,85.8515836548238,99.22397621249029,81.75,5.977657914161682,B,1.1,1.1,,,,,,,,,,,,,,,,,,,,,
429095,285023_43855,Hamdy Fathy,Egypt,MF,0,0,0,0,0,0,0.0,0.0,0,0,5,44,15,2,2,0,0,0,1,112,93,1,0,3,0,3,100,,,,36,3,4,29,17,19,0,8,27,237,4.63,255,78,21237.73,,,,,,,Round of 16,0.0,204.0,993.0,0.0,False,,,None,1.0,1.0,21.23773,4.63,204.0,0.023317496009447235,0.01781456695121769,0.02088221672622056,0.2092045741967606,0.0708851878687196,0.12796641809984646,0.07741408675136482,0.4833665106100613,29.49857039495243,0.9028845354804762,0.6698961153540794,63.35879759678489,1.6793467892635097,12.918970575715985,3.6637071529937084,0.5829270369046212,0.570615399011633,8.314552727048696,2.1722890182347836,0.16919175104454914,22.719417781802253,70.91310668394158,5.9987685784172795,21.23773,,,None,1.0,1.0,45.98005566644416,51.892081426638306,74.50836807823917,59.8749073530811,70.97622428353388,54.23284770136364,,,None,1.0,1.0,,,,,,,,,,,,,,,,,,,,,
483183,285023_43855,Mahmoud Saber,Egypt,MF,1,3,33,1,2,0,0.16,6.15,0,0,3,10,1,2,1,1,0,0,0,34,88,1,100,1,0,0,0,,,,50,2,14,34,26,24,0,3,10,80,3.42,123,30,6589.64,,,,,,,Round of 16,1.0,51.0,81.0,0.0,False,,,None,1.0,1.0,6.58964,3.42,51.0,0.22816572251203623,0.018572633629992907,0.05438778051406923,0.8296748743925455,0.27775757147170316,0.33726779022330344,0.08070830320886971,0.5039352982955958,14.853061284503225,0.5335931687518672,0.0868343551391815,34.04952580057069,1.3430963695043914,6.537610255055071,0.9656256882181421,0.6077324427303497,0.3910409127227071,5.2028116066838015,2.0608708561681195,0.17639140002516826,13.90111387096546,47.02169466462914,3.2679343993537073,6.58964,,,None,1.0,1.0,73.28416988556022,52.77117047893252,46.24456274515655,37.191479490661486,51.92659142229553,35.65179578406389,,,None,1.0,1.0,,,,,,,,,,,,,,,,,,,,,
461788,285023_43855,Marawan Attia,Egypt,MF,1,4,0,1,3,0,0.05,0.0,0,0,15,114,20,4,1,1,0,0,0,307,88,7,43,14,50,8,100,,,,174,4,47,123,105,69,0,17,106,648,6.9,658,205,44690.71,,,,,,,Round of 16,0.0,388.0,1207.0,0.0,False,,,None,1.0,1.0,44.690709999999996,6.9,388.0,0.019778899511394783,0.015111079226705612,0.02600626404600241,0.8409021103824506,0.22598931050619425,0.27440805651008865,0.06566594637783067,1.4051809275095362,57.3649356465824,2.590341376854316,1.3975418769871353,121.9127061147469,3.083108483970204,22.568726473410027,3.937020714920149,0.8261866091459728,0.31815898222929395,20.155815011105926,2.0084901063391074,0.14351569485468055,40.33598883578789,126.99370321491807,8.978358027711591,44.690709999999996,,,None,1.0,1.0,57.0717754120055,65.90768192081177,92.28442330574131,80.76884438828499,83.35983284458128,98.89490367896235,,,None,1.0,1.0,,,,,,,,,,,,,,,,,,,,,
433469,285023_43855,Mohanad Lashin,Egypt,MF,0,2,0,1,1,1,0.12,0.0,0,0,11,93,31,4,3,2,0,0,0,156,90,2,0,5,40,5,100,,,,97,2,20,75,48,49,1,11,47,333,6.57,412,125,33745.3,283.0,12.0,291.0,4.5272393226623535,7.033745765686035,5.1827239990234375,Round of 16,0.0,308.0,1146.0,0.0,True,244.35,5.067086458206176,C,1.0,1.0,33.7453,6.57,308.0,0.0211644235393929,0.01616961958409617,0.04025162945647284,0.5448475131876688,0.06433984755975442,0.293630508980306,0.07026588615078443,0.6162139493625016,34.58388149031759,1.1744750038689145,0.9630000838633007,74.54651779816787,2.5891615117047078,20.422596384721484,6.165093106510069,0.8840614872665962,0.6954065190416789,11.096413197599077,1.7942257635651102,0.33104920979795266,28.963137357240704,92.22957238712941,7.664704470972465,33.7453,244.35,5.067086458206176,C,1.0,1.0,55.55951503518576,59.04036336815096,80.42986655997417,81.5915104894528,78.3973529367362,81.28810335634303,244.35,5.067086458206176,C,1.0,1.0,,,,,,,,,,,,,,,,,,,,,
483161,285023_43855,Mostafa Zico,Egypt,MF,2,7,14,6,1,2,0.61,1.63,0,0,12,142,27,6,5,0,0,0,2,71,68,2,50,6,33,1,100,,,,141,75,51,15,85,56,6,53,49,184,7.43,567,184,38737.42,76.0,219.0,171.0,5.565308094024658,5.355421543121338,5.749885082244873,Round of 16,1.0,312.0,67.0,1.0,True,121.19999999999999,5.579969358444213,B,1.1,1.1,38.73742,7.43,312.0,0.1979409586021445,0.1929638467062387,0.12676629014135418,1.4271751197858855,0.4178149526777722,1.176847949533614,0.0700169978576579,0.6140312623367026,19.429004550501784,1.347166405768085,0.25218304248464335,47.93159339927857,2.7568419626355976,29.015981221421704,5.4358497686165785,1.2346330622233677,1.0466463274130346,11.410811674552955,14.698030052687292,1.2141341098385352,39.29478581896461,119.31486939746114,8.520419293296783,38.73742,121.19999999999999,5.579969358444213,B,1.1,1.1,97.17496706676903,90.71090113056304,80.28483188899895,97.18991356752983,78.95729796876167,106.51173943881159,121.19999999999999,5.579969358444213,B,1.1,1.1,,,,,,,,,,,,,,,,,,,,,
506329,285023_43942,Djed Spence,England,DF,1,1,0,1,0,0,0.6,0.0,0,0,8,37,8,1,2,0,0,0,0,114,91,7,0,5,80,0,0,,,,108,29,36,43,26,82,7,12,37,249,6.3,187,107,20212.2,223.0,56.0,125.0,4.648728370666504,6.346854209899902,5.924130916595459,Round of 16,0.0,198.0,978.0,0.0,True,173.45,5.222297883033752,C,1.0,1.0,20.2122,6.3,198.0,0.023450616537088336,0.017916271034335483,0.13899242956509686,0.40705059060265997,0.267941533304652,0.32534864258744417,0.07785604690313327,1.6660360237571423,30.060282244277186,1.301342457868583,0.08376560227047952,66.08033544277872,2.27888922508929,11.616163887932437,2.308061792061427,0.3896033318990662,0.573873065399387,10.328537435113992,7.297633838913355,1.5467192868164368,28.552021968581577,57.94563966344617,5.83134361492532,20.2122,173.45,5.222297883033752,C,1.0,1.0,70.5257553979804,66.24780351453504,81.3384654485332,62.80576726585212,68.49198437422031,61.745139705283755,173.45,5.222297883033752,C,1.0,1.0,,,,,,,,,,,,,,,,,,,,,
403049,285023_43942,Ezri Konsa,England,DF,1,2,0,2,0,1,0.26,0.0,0,0,7,26,13,7,8,0,0,0,0,335,97,0,0,2,100,3,67,,,,87,2,3,82,55,32,0,2,42,683,5.88,397,119,39817.07,311.0,79.0,269.0,4.442561149597168,6.159645080566406,5.300755977630615,Round of 16,0.0,406.0,1232.0,0.0,True,265.7,4.914672446250915,C,1.0,1.0,39.81707,5.88,406.0,0.01949824387791699,0.014896658322728578,0.0599739117437606,0.5019541245069271,0.22278260160599556,0.4340222428362642,0.06473416967468441,0.24068632242900728,61.12916969469792,0.5914900603943218,0.5601715477833032,125.90558556445116,1.7312967362941734,7.8597854366191795,2.7366001929810695,1.3049871321473963,1.4581999995969839,9.40530290524456,1.6529744571081229,0.14147925757816568,25.70195247017992,82.51613479703632,8.054079444662314,39.81707,265.7,4.914672446250915,C,1.0,1.0,52.15898766580994,44.22980843637856,84.06252814686576,55.511961238232196,88.32611971934263,76.34987100388007,265.7,4.914672446250915,C,1.0,1.0,,,,,,,,,,,,,,,,,,,,,
463809,285023_43942,Jarell Quansah,England,DF,0,0,0,0,0,0,0.0,0.0,0,0,12,8,4,0,0,1,0,0,0,47,91,0,0,1,0,1,0,,,,6,4,0,2,2,4,0,2,10,93,1.54,78,34,6593.19,,,,,,,Round of 16,0.0,65.0,716.0,0.0,False,,,None,1.0,1.0,6.59319,1.54,65.0,0.024965435018206552,0.019073592353909805,0.022358044984905054,0.2239898829833492,0.07589492245534793,0.13701030737991757,0.08288524426044576,0.30817332986474166,17.975301840839965,0.5479857507751853,0.29853112407326543,37.68955164031254,3.263514952826652,6.295239711195376,1.619735232483447,0.2054155993298035,0.19223384964019047,5.343146785592154,2.5351678037310448,0.18114919649210676,15.113486285330708,38.869051939559384,3.3568234402994985,6.59319,,,None,1.0,1.0,46.355930092601724,48.159406694522566,50.66822376628396,48.69819406602597,48.86953425504467,34.7006653279813,,,None,1.0,1.0,,,,,,,,,,,,,,,,,,,,,
369434,285023_43942,John Stones,England,DF,0,0,0,0,0,0,0.0,0.0,0,0,2,6,1,1,1,0,0,0,0,64,94,0,0,0,0,0,0,,,,5,0,0,5,3,2,0,0,5,131,2.76,126,38,9936.5,,,,,,,Round of 16,0.0,98.0,793.0,0.0,False,,,None,1.0,1.0,9.9365,2.76,98.0,0.025273730278940577,0.0193091299331106,0.02263414188860802,0.22675590806265483,0.07683214004797938,0.13870223177082588,0.08390878452608272,0.3119789265632425,21.80025481540015,0.34281287750355,0.09027776455637575,46.20869119897289,1.1844168630232585,5.949099124592227,1.003917497755571,0.41989213846981227,0.4065476088825318,4.349429256701468,1.718714753889075,0.18338618690399283,16.147880517051703,49.5221558679251,4.1068572029054815,9.9365,,,None,1.0,1.0,54.06481710859175,50.057247222511194,54.064474043552444,36.35556335221953,57.30305562770788,37.75932467285027,,,None,1.0,1.0,,,,,,,,,,,,,,,,,,,,,
405841,285023_43942,Marc Guehi,England,DF,0,1,0,1,0,1,0.15,0.0,0,0,4,13,4,2,10,0,0,0,0,281,99,0,0,5,100,4,75,,,,50,1,2,47,24,26,0,1,19,569,6.37,353,107,31854.51,282.0,24.0,193.0,4.528501987457275,6.757166862487793,5.657615661621094,Round of 16,0.0,313.0,1172.0,0.0,True,221.04999999999998,5.145080137252807,C,1.0,1.0,31.854509999999998,6.37,313.0,0.02107081239907093,0.016098100672890185,0.045374449308489974,0.3657424792203178,0.06405526969317563,0.29233176882195466,0.06995509716491548,0.2600981082541315,56.51780931697445,1.1692802512602651,0.7820455433928951,115.91685088620338,1.3408434882162563,6.196654347206949,1.3670555788407,0.5267609451712624,1.9291967592313801,6.099869082253884,1.6095946767622726,0.15288981476765862,25.654519469142777,81.39662321605506,7.296709735590961,31.854509999999998,221.04999999999998,5.145080137252807,C,1.0,1.0,46.28064211886933,45.802614484034926,89.15230029231799,45.586241407195544,67.30222504567281,70.8831143239643,221.04999999999998,5.145080137252807,C,1.0,1.0,,,,,,,,,,,,,,,,,,,,,
463780,285023_43942,Nico Oreilly,England,DF,1,6,0,6,0,5,0.85,0.0,0,0,6,78,18,6,2,0,0,0,0,159,93,3,33,3,67,1,100,,,,158,39,54,65,72,86,4,21,65,347,6.46,408,170,36333.24,279.0,63.0,212.0,4.534195423126221,6.27913761138916,5.580386161804199,Round of 16,0.0,334.0,1187.0,0.0,True,229.85,5.057484436035156,C,1.0,1.0,36.333239999999996,6.46,334.0,0.02068814419839704,0.015805742167575337,0.16599072731833958,1.226531109042299,0.23637813824550716,1.154453614655084,0.06868463873867817,0.7758329916321535,34.326072280095275,0.8010725275541979,0.24738423095905437,75.29774655002248,1.6634647145124448,17.360718253911386,3.771034924483812,1.2111391297586918,0.5062710700924176,13.96945329379486,8.172837573480617,0.8440578938330895,36.118235640983265,89.4601144897847,7.941191541024539,36.333239999999996,229.85,5.057484436035156,C,1.0,1.0,67.69828039404942,64.18705423531745,83.89940516892453,68.49730599110148,93.1593243589045,88.30840124119578,229.85,5.057484436035156,C,1.0,1.0,,,,,,,,,,,,,,,,,,,,,
439641,285023_43942,Reece James,England,DF,0,1,0,0,1,0,0.04,0.0,0,0,3,26,12,1,0,0,0,0,0,118,93,7,29,6,50,2,50,,,,104,20,34,50,46,58,3,12,25,256,2.95,187,79,20103.63,,,,,,,Round of 16,0.0,204.0,992.0,0.0,False,,,None,1.0,1.0,20.103630000000003,2.95,204.0,0.023317496009447235,0.01781456695121769,0.028703630320998347,0.40473991406620524,0.0708851878687196,0.12796641809984646,0.07741408675136482,1.6565785498267294,30.6717824341691,1.48949055508881,0.4743607754846348,67.07396905430434,1.2882761095246205,9.39933445806598,3.077101133385374,0.3873916970351765,0.1795447192727437,7.923482047309806,5.496389796015343,0.755797770652883,22.914953121671697,57.61670357281934,5.777011949471343,20.103630000000003,,,None,1.0,1.0,51.86467378810228,69.87275913400872,84.77229877991317,50.815706254374994,65.06210492944551,53.51086775076496,,,None,1.0,1.0,,,,,,,,,,,,,,,,,,,,,
448189,285023_43942,Anthony Gordon,England,FW,2,4,0,4,0,2,0.33,0.0,0,0,10,55,5,2,3,0,0,0,0,56,91,5,20,8,88,0,0,,,,106,41,47,18,39,67,3,45,62,144,4.58,211,116,18873.96,84.0,306.0,15.0,5.496654510498047,4.911612510681152,7.012998104095459,Round of 16,0.0,185.0,172.0,2.0,True,100.05,5.787984108924865,B,1.1,1.1,18.87396,4.58,185.0,0.023739268263445364,0.416281257481883,0.0869537744132319,1.0092776279168532,0.4703118320494846,0.9265700172870095,0.0788143706346386,1.2883986687654962,18.88410256741962,1.9145772608398155,0.08479666623702684,45.99112893457629,2.7050843432266514,15.342446410589156,1.7392548516248505,0.5934711558002391,0.7800090504214454,15.432476266630035,9.77632655782386,0.7694688153124755,30.695116532710436,63.43662129444523,5.636714729133153,18.87396,100.05,5.787984108924865,B,1.1,1.1,80.71408481564198,99.62746443337652,85.1095471714463,77.13861424795196,91.07301011562183,74.58565184154375,100.05,5.787984108924865,B,1.1,1.1,44.52967525195969,56.01226993865032,91.31360659713803,96.15003073531597,76.84832303134489,73.16543237793734,C,B,A,S,B,B,51.419305210531796,B,40.57873030897167,45.87734510483998,85.5,5.893053388595581,BL-B,1.05,60.027688374342745
448196,285023_43942,Bukayo Saka,England,FW,1,5,0,4,1,1,0.29,0.0,3,0,3,25,7,1,5,0,0,0,2,51,80,11,9,5,60,0,0,,,,45,26,11,8,21,24,10,35,32,147,6.46,212,85,16814.25,71.0,151.0,13.0,5.593658924102783,5.687984466552734,7.0522637367248535,Round of 16,0.0,157.0,171.0,2.0,True,68.5,5.9724589586257935,B,1.1,1.1,16.81425,6.46,157.0,0.02434820954734048,0.4269593811956971,0.08101709816193794,1.2393455088125616,0.27819723157467957,0.9503376721988627,0.693372079349464,2.54651971871078,18.347609536538116,1.3511524870539489,0.0869718045031002,47.78339370093509,1.3452223453508634,9.61063870111451,2.1922262162308126,0.40451574270628204,1.2083745862683442,9.70297793314449,6.96442118037722,2.2184573539831476,25.15294492644625,65.2680269411302,5.360754502582948,16.81425,68.5,5.9724589586257935,B,1.1,1.1,82.73109880772125,102.95990381836162,68.56210413909704,60.10163021310533,63.22054417820205,62.35250605822178,68.5,5.9724589586257935,B,1.1,1.1,46.541620007465475,61.27732720469524,68.2250788260975,103.05169892108442,67.4942394206503,44.746641038686946,C,B,B,S,B,C,52.26040920765427,B,40.21676020901877,50.69671819081702,61.6,6.0406729221344,BL-A,1.2,69.70602262557726
369419,285023_43942,Harry Kane,England,FW,9,18,28,16,2,4,2.66,1.88,0,0,18,152,12,5,6,0,0,0,1,59,75,1,0,6,67,1,100,,,,87,24,46,17,74,13,4,44,52,169,6.63,514,168,43443.8,4.0,259.0,326.0,7.4719929695129395,5.18643856048584,5.012503623962402,Round of 16,5.0,394.0,4.0,0.0,True,122.75,6.51428747177124,B,1.1,1.1,43.4438,6.63,394.0,0.8450191575887445,0.015038698953256565,0.4567065653862251,3.1478122798546813,1.5454428432173812,2.7490986645000173,0.06535141429949189,0.4080482818951674,16.15354858892285,1.2573979548892997,0.235378822185787,42.26166606298509,3.5635417587719314,28.733170930616804,2.597626858987112,0.9872962728166743,1.1419700351747755,11.145653088972441,5.300209664072083,0.8030962690582001,34.03530526820239,102.61577056685083,8.729529067757353,43.4438,122.75,6.51428747177124,B,1.1,1.1,107.59220160925443,67.14526130690659,73.50998190641774,96.24972373762377,74.82557163566396,102.6652568334607,122.75,6.51428747177124,B,1.1,1.1,108.43971631205673,86.89224866569164,79.80402619451857,52.20272590457215,101.93336015507846,101.08673940490326,S+,S,B,C,S,S,85.56886565174551,S,85.38966802769394,57.64600980829246,126.10000000000001,6.505590724945068,BL-B,1.05,99.21084111105252
401470,285023_43942,Marcus Rashford,England,FW,3,9,11,7,2,2,0.94,1.06,0,0,1,47,3,5,1,0,0,0,1,83,87,15,13,15,73,1,100,,,,120,70,37,13,30,90,13,58,63,226,6.86,232,117,22644.71,68.0,340.0,5.0,5.615632057189941,4.720715522766113,7.270668983459473,Round of 16,1.0,203.0,109.0,0.0,True,93.05,5.895153808593749,B,1.1,1.1,22.64471,6.86,203.0,0.21906087792235238,0.017831501522328052,0.20488001068202136,1.970894390774175,0.6581162202341947,1.4981365769986654,0.07748767677242033,3.2239230274173494,23.850696537368005,3.2523974146650456,0.27909048775929973,61.26609324675621,0.8980583154715247,13.51841502961611,1.3185352870873288,1.1706448175097657,0.3754366111678994,15.368420346078933,15.287675489854502,2.7137283963096226,30.374142349674916,66.47892888376349,6.279846859396459,22.64471,93.05,5.895153808593749,B,1.1,1.1,103.95712733973076,86.20920600696124,88.88038652884443,62.261168136429085,90.56353654584368,74.79782522958884,93.05,5.895153808593749,B,1.1,1.1,91.19447555057857,78.40965640373037,103.90637885035173,52.95631345782903,80.99228265242678,47.90981212429571,A,A,S,C,B,C,74.6819305109605,A,68.33289018877957,54.37201907790142,76.3,6.022651481628418,BL-A,1.2,99.10764411364298
489732,285023_43942,Noni Madueke,England,FW,1,6,0,4,2,0,0.61,0.0,0,0,8,66,13,1,3,0,0,0,0,77,84,19,42,12,75,0,0,,,,143,64,62,17,32,111,15,56,39,232,5.94,302,124,26039.3,139.0,221.0,44.0,4.935810089111328,5.350631237030029,6.532773494720459,Round of 16,0.0,266.0,1062.0,0.0,True,127.54999999999998,5.397274112701416,B,1.1,1.1,26.0393,5.94,266.0,0.021988974627299058,0.01679957661525648,0.1321731855365155,1.3036530090704703,0.251241137652713,0.8582541118975127,0.07300339576263289,3.7749303437281325,21.36406751414644,2.5109943092733706,0.07854461736871224,58.826937681493774,2.136849462770474,16.239590728081268,3.0861770211354536,0.3653199380191405,0.7224990689873743,10.053564430030985,13.296596136841172,2.92547182168154,29.907126207568556,75.53935977420525,6.542370768294562,26.0393,127.54999999999998,5.397274112701416,B,1.1,1.1,76.1219559085476,81.8655632685032,81.6942409829742,76.49607168245363,69.62212470067101,76.6278295276941,127.54999999999998,5.397274112701416,B,1.1,1.1,38.309070548712214,36.24741210659272,78.4540383216105,48.22307480339996,82.74240152152449,73.14470386492549,C,D,B,C,A,B,38.64526472525287,C,63.58181633275704,52.731868559206696,118.69999999999999,5.456381225585937,BL-B,1.05,45.37077411445868
448203,285023_43942,Ollie Watkins,England,FW,0,0,0,0,0,0,0.0,0.0,0,0,0,4,1,0,0,0,0,0,0,1,100,1,0,1,100,0,0,,,,5,4,1,0,4,1,1,1,2,4,1.91,26,9,1546.81,,,,,,,Round of 16,0.0,12.0,532.0,0.0,False,,,None,1.0,1.0,1.54681,1.91,12.0,0.01630063823398475,0.01245368761076435,0.01459819957682738,0.14624932623531117,0.04955394023131365,0.08945790262810832,0.05411811893682937,0.3379086082264519,5.448680315004158,0.3577953868719133,0.058225879771793526,12.442849497520776,0.49051880573706913,3.5635658387046028,0.6474903295662903,0.13412165138922652,0.12551491440168258,2.39514333482068,1.6552827219284756,0.25497096089193744,6.450684169611255,18.2706391894788,1.5019574179541881,1.54681,,,None,1.0,1.0,12.885972329048522,17.51673675380019,32.17875726239309,11.606644086141312,46.23468969805659,11.677825730064162,,,None,1.0,1.0,11.310190369540871,13.350680924613952,9.992723744845986,37.00320071221146,8.20525950038404,8.999566585637023,F,F,F,D,F,F,11.750213744693722,F,21.624629080118694,23.722102231821456,,,None,1.0,13.820413611711963
336022,285023_43942,Jordan Pickford,England,GK,0,0,0,0,0,0,0.0,0.0,0,0,0,0,0,0,3,0,0,0,0,148,80,0,0,5,60,2,50,6.0,53.0,43.0,38,0,0,38,26,12,0,0,5,296,3.5,82,18,23685.82,,,,,,,Round of 16,0.0,406.0,1232.0,0.0,False,,,None,1.0,1.0,23.68582,3.5,406.0,,,,,,,,,,,,,,,,,,,,,,,,,,,,,,,,,,,,,,,,,,,,,,,,,,,,,,,,,,,,,
433097,285023_43942,Declan Rice,England,MF,1,4,0,3,1,1,0.21,0.0,22,0,6,37,7,2,0,1,0,0,0,141,91,31,35,8,50,1,100,,,,103,25,35,43,65,38,3,23,71,330,5.05,368,131,31053.39,169.0,134.0,49.0,4.817442417144775,5.777356147766113,6.401393890380859,Round of 16,0.0,277.0,222.0,1.0,True,133.75,5.357417345046996,B,1.1,1.1,31.05339,5.05,277.0,0.02176646877200791,0.19915835227081194,0.05782422050054896,0.9254038383384465,0.24869883519590194,0.6670406910077731,4.08789761916102,5.9270771645206,32.82972636573555,1.7554705434554982,0.2602785965826101,76.1194889206305,1.7501691990612493,10.78192840334597,1.9597754563426248,0.5441520453140768,0.1676018095444609,15.792753320398486,6.043426195596574,0.7055238077966831,30.88219817582198,86.82187781009048,7.391384371764772,31.05339,133.75,5.357417345046996,B,1.1,1.1,73.58512193598945,103.54816840445153,96.80930581741224,68.34474711180879,90.28316935448593,88.53016732036211,133.75,5.357417345046996,B,1.1,1.1,,,,,,,,,,,,,,,,,,,,,
473113,285023_43942,Eberechi Eze,England,MF,0,1,0,0,1,0,0.05,0.0,0,0,1,12,0,0,2,0,0,0,0,24,79,1,100,3,100,0,0,,,,38,15,17,6,31,7,1,13,19,54,4.84,96,37,8163.72,,,,,,,Round of 16,0.0,75.0,742.0,0.0,False,,,None,1.0,1.0,8.16372,4.84,75.0,0.02519189545252189,0.019246608125726723,0.03312353574475345,0.4372753230658855,0.07658336217566655,0.13825312224344014,0.08363709290237267,0.5222223945317894,13.279521412066641,0.9754637811155842,0.08998545055640819,29.792540167643246,0.9693281550231481,7.197358119979439,0.7894132359002259,0.20727891578335012,0.6164848691161368,7.292896983933383,4.881954214341185,0.39404603046935793,15.884341009061446,43.0241969783501,3.7190532222939265,8.16372,,,None,1.0,1.0,58.06010481786066,71.25742123099681,42.88043214869953,33.95097380640715,39.802050267046596,34.491121786995585,,,None,1.0,1.0,,,,,,,,,,,,,,,,,,,,,
481610,285023_43942,Elliot Anderson,England,MF,1,7,0,3,4,2,0.38,0.0,3,0,25,95,35,6,9,0,0,0,0,265,90,5,40,14,71,3,67,,,,228,7,48,173,170,58,2,9,118,586,6.91,592,175,42763.51,199.0,13.0,124.0,4.732633113861084,6.997947692871094,5.928210735321045,Round of 16,0.0,371.0,245.0,1.0,True,152.34999999999997,5.3713247060775755,C,1.0,1.0,42.763510000000004,6.91,371.0,0.0200539619796766,0.1834892956780454,0.08186339230623671,1.3571006279606659,0.22913211314378937,0.6145603495211825,0.5710833599492438,1.0883864503049903,51.0996431263658,2.6263649024503484,0.5761369583681222,113.18170929425762,4.8076655420317405,19.687393380432095,6.514293357990184,1.174012411522214,1.667928125773662,22.45413601674018,2.540926111544935,0.4818476855756783,35.85189389058641,117.66069485587845,8.779125330927249,42.763510000000004,152.34999999999997,5.3713247060775755,C,1.0,1.0,72.5911060380485,89.9704928218058,95.01768979264573,93.13020385648181,92.99243423910718,95.6703714185433,152.34999999999997,5.3713247060775755,C,1.0,1.0,,,,,,,,,,,,,,,,,,,,,
356189,285023_43942,Jordan Henderson,England,MF,0,0,0,0,0,0,0.0,0.0,1,0,0,4,0,0,1,0,0,0,0,13,92,1,0,0,0,0,0,,,,22,1,4,17,20,2,1,0,5,27,2.19,35,6,1790.68,,,,,,,Round of 16,0.0,12.0,535.0,0.0,False,,,None,1.0,1.0,1.79068,2.19,12.0,0.01630063823398475,0.01245368761076435,0.01459819957682738,0.14624932623531117,0.04955394023131365,0.08945790262810832,0.1908116488029735,0.3379086082264519,7.0890026733978875,0.22110185700576915,0.058225879771793526,15.586800684442093,0.49051880573706913,3.5635658387046028,0.5107967997001461,0.13412165138922652,0.26220844426782675,2.8052239244191117,1.2452021323300433,0.25497096089193744,6.040603580012822,19.50088095827409,1.5352928690826446,1.79068,,,None,1.0,1.0,11.647143038919337,16.40461591198923,25.370045489348865,11.198651897687489,38.774861995346804,10.51333927356149,,,None,1.0,1.0,,,,,,,,,,,,,,,,,,,,,
448202,285023_43942,Jude Bellingham,England,MF,6,9,22,8,1,2,1.1,1.83,0,0,14,91,13,4,6,1,0,0,1,131,86,9,11,12,50,3,100,,,,310,75,168,67,238,72,7,53,104,327,6.43,483,219,36539.14,19.0,130.0,113.0,6.400023460388184,5.8106536865234375,5.99330997467041,Round of 16,2.0,340.0,33.0,1.0,True,59.15,6.209939622879028,B,1.1,1.1,36.539139999999996,6.43,340.0,0.36577212406228093,0.18831967983969833,0.20828694463548658,1.7380167508555322,1.0981396476123817,1.4937143420791772,0.06833186031974288,1.807418869228476,29.31710318108343,2.3503141273431236,0.5913038531363453,71.45909946616722,3.0356817715996716,19.51528658716726,2.888690518122035,0.8597282318809951,1.1940512346876837,20.628912960284506,14.34428449185163,1.357507996676102,44.38988580198513,101.94526289902085,7.935941284437681,36.539139999999996,59.15,6.209939622879028,B,1.1,1.1,105.85063869555981,98.46234471719717,97.76314175800024,91.59583817781306,95.54442024867083,102.34226974446176,59.15,6.209939622879028,B,1.1,1.1,,,,,,,,,,,,,,,,,,,,,
492716,285023_43942,Morgan Rogers,England,MF,0,0,0,0,0,0,0.0,0.0,0,0,12,59,11,3,2,0,0,0,1,52,77,2,0,7,71,0,0,,,,96,45,35,16,72,24,3,31,41,113,5.58,222,105,17754.82,,,,,,,Round of 16,0.0,146.0,894.0,0.0,False,,,None,1.0,1.0,17.75482,5.58,146.0,0.02457415440577828,0.018774653966014604,0.02200762971963879,0.22047931332864268,0.07470542939356598,0.13486295937891118,0.08158619262718388,0.7154901578322377,18.723943833167482,1.7758376158255638,0.08777887953744,41.22031525747479,3.2123662294625444,16.70631838168186,3.036863079619677,0.8204163362217097,0.6013677847718034,11.647679548943593,10.944443702775036,0.7965302581392932,29.50782547197836,67.93443071629385,5.60432732338452,17.75482,,,None,1.0,1.0,54.86806191874559,69.93057383534435,62.43234402315792,77.20039662477787,61.49371294040219,59.68380733401102,,,None,1.0,1.0,,,,,,,,,,,,,,,,,,,,,
389876,285023_43946,Dayot Upamecano,France,DF,0,2,0,2,0,1,0.14,0.0,0,0,13,37,21,5,3,0,0,0,0,310,93,0,0,6,67,3,100,,,,83,2,3,78,39,44,0,5,67,689,5.97,396,148,48068.01,325.0,1.0,325.0,4.359023571014404,7.731297016143799,5.016387939453125,Round of 16,0.0,483.0,1280.0,0.0,True,276.4,5.029205679893494,C,1.0,1.0,48.06801,5.97,483.0,0.01840912307456774,0.01406457002896975,0.03809894838685196,0.47391628259919427,0.055963734146685935,0.40977889780740023,0.061118288607564894,0.22724221523246413,53.855284099044574,1.1759502365059542,0.5288818331836147,119.79907841073735,2.5608399289920136,9.118881387578593,3.818739399593466,0.9233443405929747,0.6048746932354304,12.739317713412813,1.560643635937077,0.1335765970290635,28.743178403549827,77.7526249447597,8.877937012086745,48.06801,276.4,5.029205679893494,C,1.0,1.0,47.999748194664576,47.72898954963713,88.95347203680637,64.542530766913,88.01517991747467,82.6441152671815,276.4,5.029205679893494,C,1.0,1.0,,,,,,,,,,,,,,,,,,,,,
419166,285023_43946,Ibrahima Konate,France,DF,0,0,0,0,0,0,0.0,0.0,0,0,1,2,2,0,0,0,0,0,0,11,91,0,0,0,0,0,0,,,,3,0,0,3,2,1,0,0,0,24,1.19,18,3,1968.45,,,,,,,Round of 16,0.0,19.0,575.0,0.0,False,,,None,1.0,1.0,1.96845,1.19,19.0,0.019193954472927467,0.014664181217316585,0.01718933786777492,0.17220815953110524,0.058349621597699505,0.10533642214742593,0.0637239288501192,0.23693017401381666,8.025367713574,0.2603467984707882,0.06856080537729692,17.870544107988767,0.738540714886087,3.874176015987139,0.9233742311371621,0.1579278574032472,0.1477934494415415,2.498361890014131,1.3052656799769595,0.13927133365556169,6.629924570160011,20.225975017027825,1.83641611234914,1.96845,,,None,1.0,1.0,11.046485610177669,9.105980415797596,25.016316151054884,11.260315606073027,36.91740581050389,10.181640685095998,,,None,1.0,1.0,,,,,,,,,,,,,,,,,,,,,
430707,285023_43946,Jules Kounde,France,DF,0,1,0,1,0,0,0.0,0.0,0,0,27,81,20,2,4,0,0,0,1,267,90,12,8,5,20,0,0,,,,195,92,42,61,82,113,8,48,57,571,6.31,575,216,48793.78,354.0,70.0,226.0,4.110227584838867,6.215023040771484,5.503429412841797,Round of 16,0.0,464.0,1277.0,0.0,True,279.4,4.774247360229492,C,1.0,1.0,48.79378,6.31,464.0,0.018662223375205896,0.014257938658657305,0.01671314076589939,0.32393472618607383,0.056733159060625926,0.2589155399468565,0.06195858160568358,2.1083335821082607,47.866338607633594,1.0356206881799257,0.06666146189623547,102.97947567582615,4.787009593527314,16.13013290765796,3.714744592959984,0.46654729005864726,0.7696881522439918,11.349493353042716,15.666853580270347,1.3873911573203066,39.78017139990838,106.83462654313968,9.113577536245671,48.79378,279.4,4.774247360229492,C,1.0,1.0,49.05172361485781,61.28396219381966,89.08583154410915,85.09585440092086,70.86482146229797,98.22757498268358,279.4,4.774247360229492,C,1.0,1.0,,,,,,,,,,,,,,,,,,,,,
368860,285023_43946,Lucas Digne,France,DF,1,1,0,0,1,0,0.02,0.0,0,0,12,26,3,3,1,0,0,0,0,170,88,10,10,4,50,0,0,,,,60,32,16,12,13,47,5,25,31,357,3.79,326,119,29520.76,,,,,,,Round of 16,0.0,280.0,1082.0,0.0,False,,,None,1.0,1.0,29.52076,3.79,280.0,0.02170658231072553,0.016583828885394305,0.023080078365649077,0.3767780320646158,0.24801458579739197,0.1191257237212617,0.07206585327160876,2.0882118077714598,38.01817206446367,1.0225343847538264,0.07753591201391159,80.82477759719373,2.837513381767789,8.74997156630304,1.2262771900072542,0.7246814859710088,0.34916725936537296,8.468239422649656,7.300984841787742,1.067635839110556,28.612912543994536,78.93788710482681,7.092068937826708,29.52076,,,None,1.0,1.0,53.23566040022424,60.26415628809612,79.03228888024404,55.97192354728704,65.57793019475092,72.8263754875281,,,None,1.0,1.0,,,,,,,,,,,,,,,,,,,,,
464055,285023_43946,Malo Gusto,France,DF,0,0,0,0,0,0,0.0,0.0,0,0,0,7,5,2,0,0,0,0,0,27,96,0,0,0,0,1,100,,,,19,6,7,6,4,15,0,5,4,56,3.96,39,16,4211.0,,,,,,,Round of 16,0.0,38.0,636.0,0.0,False,,,None,1.0,1.0,4.211,3.96,38.0,0.02311511116952537,0.017659944933517382,0.02070096895898014,0.20738877741298162,0.07026993795535715,0.12685573009835524,0.07674216908282423,0.28533293227662115,12.766290978039505,0.3135333679034421,0.2764053626738134,27.72416160290131,0.6955799253133574,5.6348271534002805,1.6935260514895907,0.5778675058553921,0.17798635600534538,3.7841080725751755,2.7349491334300158,0.1677232466460761,10.504256472372495,28.428566363990054,2.646271654116127,4.211,,,None,1.0,1.0,29.650205586840954,28.142479834742634,42.03867357278031,24.953296506885707,60.30335196152169,23.411029149400477,,,None,1.0,1.0,,,,,,,,,,,,,,,,,,,,,
405881,285023_43946,Maxence Lacroix,France,DF,0,0,0,0,0,0,0.0,0.0,0,0,1,6,3,2,0,0,0,0,1,46,93,0,0,0,0,0,0,,,,7,0,2,5,4,3,0,0,3,91,1.12,90,26,9363.51,,,,,,,Round of 16,0.0,100.0,804.0,0.0,False,,,None,1.0,1.0,9.36351,1.12,100.0,0.02526158271000231,0.019299849190441764,0.022623263011769666,0.22664692007414075,0.07679521143840704,0.1386355659124927,0.08386845459720768,0.31182897697226847,17.97669239757222,0.3426481078784713,0.09023437344012825,37.712960690911984,0.9720095658304224,5.9462397488317436,1.4271110125637305,0.6315283403799644,0.19451418686701777,3.9236627086278393,1.7178886706109973,0.18329804414377676,13.59806297065219,41.87218485146807,3.9835022160751676,9.36351,,,None,1.0,1.0,52.943798881655916,48.840995220892246,48.35127871031912,33.497877223409986,59.356894845309526,34.127999007997886,,,None,1.0,1.0,,,,,,,,,,,,,,,,,,,,,
408042,285023_43946,Theo Hernandez,France,DF,0,3,0,1,2,0,0.12,0.0,0,0,25,41,7,2,3,0,0,0,0,109,95,3,33,2,50,1,100,,,,42,19,15,8,18,24,1,10,26,238,3.78,221,92,22364.76,,,,,,,Round of 16,0.0,222.0,1019.0,0.0,False,,,None,1.0,1.0,22.364759999999997,3.78,222.0,0.022921131408992098,0.01751174439646996,0.043592630173962976,0.7822829342346277,0.06968023948333597,0.31800268358359873,0.07609815627785377,0.8595729893457489,28.420501689841174,0.6953252552536691,0.2740857958039699,62.4739987630611,5.495030546635643,12.12273172297804,2.0637371747095274,0.5730180980552873,0.7531272550823896,7.981005523407351,5.2107473941470515,0.3585272439146968,25.024180870860427,63.17249222803396,6.113426102109675,22.364759999999997,,,None,1.0,1.0,56.04195154979125,58.461522807802154,73.56155034754232,74.27298738166125,72.79775601109255,58.730469820671956,,,None,1.0,1.0,,,,,,,,,,,,,,,,,,,,,
419177,285023_43946,William Saliba,France,DF,0,1,0,1,0,1,0.06,0.0,0,0,12,23,12,3,0,0,0,0,0,248,98,0,0,1,0,2,100,,,,46,1,0,45,23,23,1,2,22,519,4.57,315,131,38298.57,315.0,17.0,356.0,4.421422481536865,6.890011787414551,4.469353199005127,Round of 16,0.0,402.0,1222.0,0.0,True,280.55,4.803693556785584,C,1.0,1.0,38.29857,4.57,402.0,0.01955969514229206,0.014943607088711132,0.027358275993491516,0.33951284168098506,0.059461473232567875,0.2713668638052395,0.06493818787240965,0.24144487683645313,47.05180291654606,0.4293309617743902,0.39791374477694863,99.40257934987643,2.556869428593941,7.3924868072541114,2.581201689350952,0.6530069422238012,0.1506096525956489,6.1544798095168,1.49416076532077,0.30594840481681185,27.75123461549909,69.326288119412,7.830393613306062,38.29857,280.55,4.803693556785584,C,1.0,1.0,42.56744844651756,39.37316429002933,75.82387130365927,50.77115450117513,71.46990940755234,73.6378471822031,280.55,4.803693556785584,C,1.0,1.0,,,,,,,,,,,,,,,,,,,,,
484860,285023_43946,Bradley Barcola,France,FW,3,6,33,5,1,1,1.28,1.56,0,0,14,87,13,3,0,1,0,0,1,85,89,5,20,8,75,0,0,,,,87,49,24,14,41,46,10,70,64,226,6.03,219,108,29556.14,35.0,144.0,94.0,6.093977928161621,5.742942333221436,6.13118314743042,Round of 16,2.0,297.0,31.0,1.0,True,66.1,6.050623893737793,B,1.1,1.1,29.55614,6.03,297.0,0.3798453909095531,0.19556537444743086,0.24856333443727585,1.2671804111533995,0.6026837138214798,1.0134783440543793,0.07096096308944036,1.160017007590886,22.200246546316627,1.7238004344175524,0.07634715667333764,56.105708192617485,3.1524811579516183,19.54920386194455,2.9998343419028606,0.7135709055407619,0.16457813728575024,14.253188647874321,10.236057179164478,1.9474462113940842,26.202634853752738,58.54940617265847,6.989677010305007,29.55614,66.1,6.050623893737793,B,1.1,1.1,105.54381972586528,95.68272262368068,89.08106519815843,83.26304437816829,89.27155318899655,78.31583392702991,66.1,6.050623893737793,B,1.1,1.1,96.09089212392684,97.10896693194555,91.92723744845988,84.9581363800157,65.30156175706813,80.29604085401473,S,S,A,A,B,B,84.79694990449127,S,55.667491457523276,47.79011539298933,63.6,6.070035934448242,BL-A,1.2,112.37159563281051
464114,285023_43946,Desire Doue,France,FW,5,8,13,2,6,1,0.41,2.41,1,0,9,110,15,1,4,0,0,0,0,120,84,3,33,9,56,1,100,,,,126,40,54,32,41,85,10,50,48,294,6.66,359,165,30522.06,69.0,113.0,82.0,5.614284992218018,5.89695930480957,6.181582450866699,Round of 16,1.0,277.0,130.0,0.0,True,78.85,5.79851050376892,B,1.1,1.1,30.52206,6.66,277.0,0.2042952389010058,0.016629582141814044,0.09432997452634853,1.655518918854438,0.9788139157118936,0.4845119208787752,0.2547934464520642,0.8162716009086594,28.9966221930266,1.9379993135844962,0.2602785965826101,69.54845319598657,2.297755509448243,24.106528622762813,3.4200056173746085,0.361623275185079,0.8977168900604524,11.594591607431536,8.781357747531542,1.983225198699668,37.08817636020791,85.17911887892951,7.294401360332133,30.52206,78.85,5.79851050376892,B,1.1,1.1,96.4911990771641,80.64418340112624,87.12983174530443,87.42207715720241,77.32907015166057,91.99493791144153,78.85,5.79851050376892,B,1.1,1.1,80.72415080253825,65.45594408250871,80.71113267038565,45.65826568031032,100.48498591858383,91.44798085439162,A,B,A,D,S,A,66.53449201414193,A,62.62011752506049,47.326400536732635,77.3,5.812741661071777,BL-A,1.2,88.42380604840736
403094,285023_43946,Jean Philippe Mateta,France,FW,0,1,0,1,0,0,0.15,0.0,0,0,0,13,2,1,0,0,0,0,0,2,100,0,0,0,0,0,0,,,,7,6,1,0,4,3,1,0,3,6,3.04,22,14,2380.43,,,,,,,Round of 16,0.0,18.0,567.0,0.0,False,,,None,1.0,1.0,2.38043,3.04,18.0,0.018855005128733445,0.01440522391835235,0.040602870844351366,0.32728098902341546,0.05731921559134968,0.2615901511549081,0.06259861702739504,0.2327461833090856,6.460621417347979,0.25574928956614046,0.06735007831983587,14.708915200959153,0.5673848143338469,5.545013988294403,0.907068206730829,0.31325286520763773,0.14518353949124754,2.9285845366017176,2.2308990668249034,0.29492580022250886,8.25209830464604,20.501256576528863,1.8691262818032042,2.38043,,,None,1.0,1.0,29.16809332673653,15.72981097724293,30.69170893192955,16.49906957625628,53.03990729157063,15.891705619525379,,,None,1.0,1.0,35.57297499066816,39.41005527170506,11.16420082464225,38.889713207707146,13.939748607098009,9.265645316298265,C,C,F,D,E,F,30.497132406482404,D,33.33639284075264,29.096809085992426,,,None,1.0,34.306304492519
389867,285023_43946,Kylian Mbappe,France,FW,17,26,27,17,9,0,3.87,1.81,4,0,15,102,10,5,6,0,0,0,2,153,88,6,17,19,84,9,89,,,,271,124,89,58,182,89,19,104,119,411,5.33,336,160,42709.27,1.0,341.0,3.0,8.85826301574707,4.696123600006104,7.499510765075684,Round of 16,7.0,482.0,1.0,2.0,True,52.5,7.894254040718079,B,1.1,1.1,42.70927,5.33,482.0,1.0998139207723014,0.3230436270273153,0.6143533247442446,4.181881833033493,2.682240528187565,2.7273380899076627,0.6790998482549635,1.1543109016744384,29.639488174618098,3.185084891484551,1.4561648973053098,76.93752106393958,2.8716289995288107,19.166856738115314,2.1221235715296345,0.9240005687723638,1.0687581742936647,20.78156723911488,20.408865530781757,3.068877612346325,30.61742077662399,68.53881251889267,8.0564041991564,42.70927,52.5,7.894254040718079,B,1.1,1.1,110.00000000000001,105.91395355407789,99.63531042843513,89.68483938938859,97.49628553085591,90.65100914123374,52.5,7.894254040718079,B,1.1,1.1,109.42515864128407,110.00000000000001,110.00000000000001,99.67081416792081,81.53542299111227,81.18736691352443,S+,S+,S+,S,A,A,96.93961881458593,S+,53.09987988542918,51.62558741728205,35.6,8.034423398971558,BL-A,1.2,128.29442933887407
485655,285023_43946,Michael Olise,France,FW,5,14,0,7,7,0,1.61,0.0,17,0,26,154,14,3,9,1,0,0,0,275,88,15,20,21,81,1,100,,,,231,39,132,60,157,74,5,77,159,623,7.24,632,241,52521.25,72.0,228.0,1.0,5.590426445007324,5.321447372436523,8.186074256896973,Round of 16,0.0,437.0,164.0,5.0,True,77.64999999999999,6.198991537094115,B,1.1,1.1,52.52125,7.24,437.0,0.0190390055770287,0.8128301496550221,0.27409813233948727,2.4060141363407834,0.8561629263483393,1.2220841517585745,2.777376286455921,2.629870533025359,50.10999419809928,3.6110393391023403,0.22766419779998093,113.3607438925848,4.724000372673643,28.11074480149236,2.831802457065453,0.6356235475242954,1.5835121718526308,27.863635432663038,7.521346460534803,0.9364313738610924,44.574737566898314,118.09201293449873,9.892692909686739,52.52125,77.64999999999999,6.198991537094115,B,1.1,1.1,85.88654151165366,109.45307292536502,105.96482445404055,101.71191465186007,97.06930135840553,109.87080516440045,77.64999999999999,6.198991537094115,B,1.1,1.1,45.3919372900336,59.981955972573076,101.63327674023772,110.00000000000001,109.75860429391759,105.79211185859384,C,B,S,S+,S+,S+,56.632342359990204,A,34.00469541579142,45.42042042042041,66.3,6.342222881317139,BL-A,1.2,75.43899328253052
398680,285023_43946,Ousmane Dembele,France,FW,5,12,33,8,4,0,1.14,3.52,13,0,18,150,6,0,2,0,0,0,2,200,82,26,8,19,63,3,100,,,,122,37,54,31,42,80,10,111,101,499,6.18,477,147,40236.93,7.0,328.0,21.0,7.075489044189453,4.82135820388794,6.872978687286377,Round of 16,4.0,391.0,5.0,2.0,True,58.64999999999999,6.686741828918457,B,1.1,1.1,40.23693,6.18,391.0,0.681583250997619,0.34600070981332254,0.20629841789443157,2.162585554228736,0.8872982339098207,1.431989555362744,2.2165267623408065,4.545601316083062,39.52257673302719,3.411432825375501,0.5668693925495623,96.9658241673379,3.5720901059173857,28.471171118703605,1.611080329556323,0.16234979446899098,0.48285756134916613,19.280075086829363,7.463942571026845,1.797800570675199,30.642228012070085,96.7397990173004,8.219851536419762,40.23693,58.64999999999999,6.686741828918457,B,1.1,1.1,107.38181145860676,110.00000000000001,95.7387762828222,87.99313311651166,82.76023132757507,96.81988613330208,58.64999999999999,6.686741828918457,B,1.1,1.1,101.76745054124672,103.69028851450169,85.81760853747274,105.02193865654876,95.0133499140485,90.8468539770479,S,S+,A,S+,A,A,91.80903809355081,S+,50.62464943144154,40.46477065459703,43.300000000000004,6.789322853088378,BL-A,1.2,121.56663463068902
448332,285023_43946,Mike Maignan,France,GK,0,0,0,0,0,0,0.0,0.0,0,0,0,0,0,0,2,0,0,0,0,148,77,0,0,3,33,1,100,10.0,59.0,47.0,27,0,0,27,17,10,0,0,5,279,3.1,61,5,26002.36,,,,,,,Round of 16,0.0,502.0,1282.0,0.0,False,,,None,1.0,1.0,26.00236,3.1,502.0,,,,,,,,,,,,,,,,,,,,,,,,,,,,,,,,,,,,,,,,,,,,,,,,,,,,,,,,,,,,,
402047,285023_43946,Adrien Rabiot,France,MF,1,6,0,2,4,1,0.77,0.0,0,0,7,68,18,7,2,0,0,0,0,244,92,1,0,10,80,1,100,,,,130,38,31,61,90,40,6,20,73,532,5.32,519,158,44604.05,228.0,48.0,90.0,4.641147136688232,6.401098251342773,6.144330024719238,Round of 16,0.0,402.0,251.0,1.0,True,166.49999999999997,5.280935525894165,C,1.0,1.0,44.60405,5.32,402.0,0.01955969514229206,0.17896686395305184,0.14381478836717343,1.1596291260026887,0.22348473009690856,0.43539012066958027,0.06493818787240965,0.40546813370079393,46.3957098890887,1.9055402735534566,0.23389048791260794,101.53488168911285,1.7367531442722377,14.773533366149445,3.5653412305369967,1.309099969681164,0.4786561663243303,14.519665909598176,7.563021269301377,1.1260646891385155,32.17986255083629,102.7870325197375,8.864638978999025,44.60405,166.49999999999997,5.280935525894165,C,1.0,1.0,69.12388470419035,76.95372388563567,94.81659361794053,70.8646330530798,92.73928287217059,92.66472297050368,166.49999999999997,5.280935525894165,C,1.0,1.0,,,,,,,,,,,,,,,,,,,,,
405893,285023_43946,Aurelien Tchouameni,France,MF,0,2,0,0,2,0,0.06,0.0,0,0,7,47,14,4,2,1,0,0,0,195,96,1,0,1,100,2,100,,,,128,1,25,102,98,30,1,7,48,411,3.97,462,114,33560.45,,,,,,,Round of 16,0.0,304.0,235.0,1.0,False,,,None,1.0,1.0,33.560449999999996,3.97,304.0,0.02124001053349334,0.1943413763791233,0.029708544333267355,0.5467933911695709,0.06456963202181976,0.11656517780781145,0.07051683497119787,0.44030069835697616,41.65384129726188,0.46621351120783805,0.4320973342887069,88.7056471915198,1.8859524552946223,12.302289621036795,3.1591730867190284,0.8872188399957206,0.5197760977709674,11.314157130995277,1.6225196846512153,0.33223152476256196,27.1073227232515,101.46466311905945,7.659153956753551,33.560449999999996,,,None,1.0,1.0,51.52598975091818,60.63158500414665,78.17513102290748,61.68118792035321,88.69161036364359,80.67416095576657,,,None,1.0,1.0,,,,,,,,,,,,,,,,,,,,,
485666,285023_43946,Maghnes Akliouche,France,MF,0,0,0,0,0,0,0.0,0.0,0,0,0,8,2,0,0,0,0,0,0,7,71,2,0,0,0,0,0,,,,11,3,5,3,7,4,0,2,4,20,1.66,24,5,1369.75,,,,,,,Round of 16,0.0,10.0,526.0,0.0,False,,,None,1.0,1.0,1.36975,1.66,10.0,0.015177986346223858,0.011595981568515027,0.013592797452224236,0.13617689349832043,0.04614107849252053,0.08329678906807654,0.05039091466946321,0.44191550468494445,5.837096022857096,0.20587420680018037,0.05421576722871162,13.622357423854973,0.4567359651305684,3.8272540539769704,0.7301758213724279,0.12488447165672988,0.1168704948659237,2.484744297224197,1.414001445329343,0.11013146892820032,5.497298010309545,16.757751639769097,1.3759790701818897,1.36975,,,None,1.0,1.0,2.790273019380455,7.391919287373236,6.243402409072392,3.2823311158897965,7.667158862249626,2.8869442313959337,,,None,1.0,1.0,,,,,,,,,,,,,,,,,,,,,
485677,285023_43946,Manu Kone,France,MF,2,5,0,1,4,0,0.16,0.0,0,0,18,51,14,4,4,1,0,0,0,198,93,0,0,2,100,0,0,,,,57,2,11,44,41,16,1,5,66,438,3.79,386,82,31433.26,,,,,,,Round of 16,0.0,299.0,1107.0,0.0,False,,,None,1.0,1.0,31.433259999999997,3.79,299.0,0.021335368615074363,0.01630022162191681,0.04773328831899408,1.0859892272793874,0.42268684061580214,0.29600216297251614,0.07083342380204688,0.26336379018447786,42.3775892653776,0.6472202599208446,0.07620993669304561,93.93456441802108,3.862469792598602,13.073176000991431,3.1733563511038025,0.8912020530167839,0.8799369783880248,14.585398481269745,1.8087177273254929,0.33372309468396755,21.503785273728734,88.32275559954925,7.312956760176973,31.433259999999997,,,None,1.0,1.0,59.964132097134616,53.76546381230438,79.50912990000307,78.4130278258499,91.14912581524925,68.37982392742083,,,None,1.0,1.0,,,,,,,,,,,,,,,,,,,,,
431861,285023_43946,Rayan Cherki,France,MF,0,0,0,0,0,0,0.0,0.0,1,0,6,63,9,2,1,0,0,0,0,57,88,2,0,5,60,1,100,,,,32,4,20,8,23,9,2,15,28,125,7.52,179,62,11740.08,,,,,,,Round of 16,0.0,94.0,785.0,0.0,False,,,None,1.0,1.0,11.74008,7.52,94.0,0.025290665736140885,0.019322068622411637,0.022649308606658328,0.22690785298465602,0.0768836238378683,0.13879517355994117,0.29604691295932384,0.7363517832775952,20.3302894422048,1.4034521036216954,0.3024201607248313,44.967163368326744,2.033538129623968,18.041753960185243,2.7012454259457352,0.6322554031076393,0.4068200288836209,9.230227490908453,2.568194043581869,0.6076728760121104,21.248666577007317,60.795680588610814,4.492115809731589,11.74008,,,None,1.0,1.0,59.09537586053254,76.18901525492514,64.48089570514409,65.82249772256439,66.11000342847498,52.938167958421545,,,None,1.0,1.0,,,,,,,,,,,,,,,,,,,,,
379955,285023_43948,Antonio Ruediger,Germany,DF,0,1,0,0,1,0,0.04,0.0,0,0,5,14,4,1,0,0,0,0,0,246,93,1,0,4,25,0,0,,,,11,0,1,10,5,6,0,2,19,514,5.87,258,72,28802.14,290.0,92.0,331.0,4.505339622497559,6.062807559967041,4.97088098526001,Round of 16,0.0,300.0,1119.0,0.0,True,270.55,4.855345153808594,C,1.0,1.0,28.802139999999998,5.87,300.0,0.021316219229056986,0.016285591490999535,0.026240076393464883,0.37000219644036464,0.06480130645633324,0.11698341112906474,0.07076984784046919,0.4418804876807449,50.919701326735456,1.0041455076919905,0.07614153508619154,107.43548810748638,1.5352130566271096,6.44757841040175,1.3829773558307912,0.3541429293339462,0.1641348880637388,6.170912832559016,1.449588172452791,0.15467048672603745,19.6969539515409,65.36308830870861,6.836072278188741,28.802139999999998,270.55,4.855345153808594,C,1.0,1.0,39.24082643642815,43.10456801640937,81.35753908932357,39.377268640941224,56.9256674446723,53.493597495955626,270.55,4.855345153808594,C,1.0,1.0,,,,,,,,,,,,,,,,,,,,,
430657,285023_43948,David Raum,Germany,DF,1,1,0,1,0,0,0.04,0.0,2,0,18,29,8,2,0,0,0,0,0,52,85,14,21,4,50,1,0,,,,54,27,14,13,18,36,4,13,15,134,3.53,198,85,13697.63,,,,,,,Round of 16,0.0,123.0,859.0,0.0,False,,,None,1.0,1.0,13.697629999999998,3.53,123.0,0.024991199999268868,0.01909327679944142,0.030763945055099984,0.43379169598730927,0.28554389759164633,0.3467223551898565,0.5021120831853105,3.2424804671051395,19.041706069842924,1.1772632351655588,0.2988392159912573,46.32084487544487,4.52430688306764,10.702720204486885,2.4596894399280407,0.6247688927817222,0.1924322399943703,6.396514300612867,7.357909103784741,1.0196187455701704,25.817186927244705,64.05764376772596,4.8491698755743275,13.697629999999998,,,None,1.0,1.0,65.39309716814039,80.91536708911202,63.44078479728993,67.35833762024309,59.37419700875819,56.415386242265164,,,None,1.0,1.0,,,,,,,,,,,,,,,,,,,,,
401378,285023_43948,Jonathan Tah,Germany,DF,1,1,0,1,0,1,0.03,0.0,0,0,5,27,9,5,1,0,0,0,0,375,97,1,0,3,100,1,100,,,,52,2,1,49,37,15,0,4,59,794,6.1,392,119,42610.17,,,,,,,Round of 16,0.0,419.0,1258.0,0.0,False,,,None,1.0,1.0,42.61017,6.1,419.0,0.019302047807662426,0.014746764525054093,0.02214202244176315,0.3350406565014471,0.2205409089063936,0.26779232193955116,0.06408279872143925,0.40012716170888485,66.98858047053224,0.7474010271764325,0.23080959834007,142.60545082910284,1.390150640483677,7.942561048279395,2.061613122240808,0.9681306672169456,0.31048845169010053,12.06233008153146,1.6363418262544753,0.14005565889239852,25.44333317584285,80.87652396977616,8.425136000688758,42.61017,,,None,1.0,1.0,43.89256253403013,44.057833330517155,85.71904495005292,48.107988162036605,91.9373854884058,77.36421062222381,,,None,1.0,1.0,,,,,,,,,,,,,,,,,,,,,
386413,285023_43948,Joshua Kimmich,Germany,DF,1,5,0,1,4,0,0.15,0.0,15,0,26,55,9,0,7,0,0,0,0,368,91,25,20,9,56,2,100,,,,100,6,21,73,45,55,1,10,73,778,6.79,518,157,44638.55,159.0,28.0,77.0,4.856651782989502,6.664299488067627,6.231894016265869,Round of 16,0.0,392.0,178.0,2.0,True,118.85,5.471609497070312,B,1.1,1.1,44.63855,6.79,392.0,0.01971560702257605,0.34572412225588367,0.04245611391193587,1.0035419224331412,0.22526614459394897,0.2735299505852151,2.5454163039947186,4.376636934219622,67.26654047636592,1.7553987868620815,0.40108554677527714,143.01557629307703,4.891880226901621,12.741995281374672,2.105784554867303,0.16222001458175578,1.30912506879106,14.635403317394786,2.3327243354351683,0.3083871438011296,32.2710400865651,103.44102540362479,8.941003628037391,44.63855,118.85,5.471609497070312,B,1.1,1.1,69.18038683106587,100.77855513696872,102.5581011516273,85.39584495365807,83.48441610398875,102.68287431104245,118.85,5.471609497070312,B,1.1,1.1,,,,,,,,,,,,,,,,,,,,,
514188,285023_43948,Malick Thiaw,Germany,DF,0,0,0,0,0,0,0.0,0.0,0,0,3,7,3,1,1,0,0,0,0,38,87,0,0,0,0,0,0,,,,1,0,0,1,0,1,0,2,12,80,3.0,69,20,5108.07,,,,,,,Round of 16,0.0,50.0,677.0,0.0,False,,,None,1.0,1.0,5.10807,3.0,50.0,0.02424214945122872,0.018521002180738738,0.021710299362542387,0.21750056487642405,0.07369613433173532,0.1330409161883432,0.08048393617807935,0.2992450928259673,15.624927264408507,0.3288205151564663,0.086592957839789,33.95486898460563,1.3393625957474196,5.909568030313572,1.3695198296647477,0.4027536838383914,0.38995382892814273,5.594926479013913,1.648563131281358,0.17590103641811555,11.82957634632414,35.913354528760145,2.957662328981514,5.10807,,,None,1.0,1.0,39.027162748954765,36.43222449668775,36.91275715326324,30.004968557293754,44.84364321601565,25.929549046044947,,,None,1.0,1.0,,,,,,,,,,,,,,,,,,,,,
511015,285023_43948,Nathaniel Brown,Germany,DF,2,3,33,3,0,0,0.21,4.87,11,0,3,64,21,4,1,0,0,0,0,131,88,19,32,6,67,0,0,,,,152,60,55,37,62,90,8,41,65,304,4.93,354,129,34794.69,94.0,209.0,141.0,5.3863911628723145,5.383767604827881,5.875782489776611,Round of 16,1.0,319.0,69.0,1.0,True,123.0,5.508345460891723,B,1.1,1.1,34.79469,4.93,319.0,0.19672359794438424,0.19177709588412914,0.055681124858272014,0.7153424476629988,0.4152453405610793,0.6423186630107577,2.0029886628850084,3.5982402350405116,29.855344447215526,1.3388811706483812,0.0748682430475905,68.72846956000872,1.1580124625468489,15.12794966436945,4.34783557926765,0.8755122337722774,0.33715395304484796,14.152855308141188,11.971177751621877,1.5581947262125746,29.38610677908149,81.1433699719623,7.77502831329363,34.79469,123.0,5.508345460891723,B,1.1,1.1,89.59284068578167,100.83897149986443,89.26594453501775,73.46217517233136,88.02552387094634,88.01760009313963,123.0,5.508345460891723,B,1.1,1.1,,,,,,,,,,,,,,,,,,,,,
430667,285023_43948,Nico Schlotterbeck,Germany,DF,2,2,50,2,0,2,0.25,4.01,0,0,18,7,6,2,1,0,0,0,0,123,89,0,0,3,67,4,75,,,,22,0,1,21,5,17,0,6,33,272,3.07,158,40,15443.46,,,,,,,Round of 16,1.0,152.0,103.0,0.0,False,,,None,1.0,1.0,15.44346,3.07,152.0,0.22950431391290618,0.018681594640415085,0.07316153690239717,0.6294904050941029,0.48443907079182247,0.5442984211579692,0.08118179869918597,0.30183979612733475,33.18982536818386,0.9468275566357668,0.9075516502771515,73.61926314036401,4.4267554546101895,5.960808889547404,1.9965505978878513,0.6112978574338034,0.39333505225162485,9.949530397923406,1.6628575417889888,0.17742624438593171,16.033187888875844,54.47437799411944,5.102599743549506,15.44346,,,None,1.0,1.0,79.77385597182612,56.411529357267185,72.41546949333313,57.89223477691547,68.22639200578135,49.86324655470058,,,None,1.0,1.0,,,,,,,,,,,,,,,,,,,,,
430658,285023_43948,Waldemar Anton,Germany,DF,1,1,0,1,0,1,0.11,0.0,0,0,1,13,3,3,1,0,0,0,1,30,97,2,0,0,0,0,0,,,,15,4,3,8,2,13,0,2,7,70,3.37,98,35,7334.85,,,,,,,Round of 16,0.0,66.0,720.0,0.0,False,,,None,1.0,1.0,7.33485,3.37,66.0,0.02499548265295503,0.019096548746857643,0.04544167637203822,0.43386603333829277,0.28559283024096355,0.3467817717753974,0.0829850024078107,0.7277573638200374,14.433624794293777,0.339038726704682,0.08928386403635537,32.91396268458397,0.9617706269687031,7.350849284235436,1.4120781333409393,0.8344825201964546,0.40207177940373395,4.7207579448711,2.5382190542354746,0.1813672221298417,15.341282978594686,43.10796480231753,3.5163204139185025,7.33485,,,None,1.0,1.0,64.7383982361466,49.28687045683558,48.04311693290902,37.68969679094209,69.51153416420843,36.985862749613034,,,None,1.0,1.0,,,,,,,,,,,,,,,,,,,,,
484851,285023_43948,Deniz Undav,Germany,FW,4,6,50,5,1,0,1.43,2.1,0,0,6,53,7,3,0,0,0,0,0,31,74,2,0,4,50,0,0,,,,19,12,7,0,13,6,5,27,30,85,6.03,205,59,17404.37,,,,,,,Round of 16,3.0,174.0,9.0,2.0,False,,,None,1.0,1.0,17.40437,6.03,174.0,0.6273043828649206,0.42053716698840254,0.3090609765121649,1.4218110604592056,0.8773350725928118,1.1371504060742286,0.07962014034731636,0.6982483794046446,14.049480050316971,1.1297213247058109,0.08566359678331749,34.59598487028161,1.9283102665240615,15.097087109797117,2.1592513081445843,0.8006460619102227,0.18466116887781206,9.154813269822377,4.044159538324032,1.1795505290061732,19.54580649377346,62.8785296158074,5.398796940231779,17.40437,,,None,1.0,1.0,97.51888382948326,79.1115484074407,56.13795655205364,57.29865197357762,57.39003240006373,53.22756299195207,,,None,1.0,1.0,95.87532661440835,97.11295561169251,59.359689546446745,68.75596159145346,48.538824476061585,51.90984981250117,S,S+,B,A,C,C,80.64027025068809,S,56.72491909385112,58.86923458422879,,,None,1.0,89.10074131863226
411367,285023_43948,Kai Havertz,Germany,FW,7,12,25,11,1,7,2.0,1.5,0,0,19,99,14,3,4,1,0,0,1,117,86,3,67,2,0,0,0,,,,204,95,88,21,127,77,8,80,78,290,6.93,577,202,44897.03,44.0,147.0,273.0,5.918576240539551,5.732943534851074,5.265091896057129,Round of 16,3.0,392.0,18.0,0.0,True,116.7,5.727360248565673,B,1.1,1.1,44.89703,6.93,392.0,0.5157077047585293,0.015062723765248105,0.3483179075157737,2.1608568171503655,1.2172503400658556,1.926836943038393,0.0654558153149525,0.7393615508226321,25.768534965791172,0.5980838921448571,0.07042414828464166,62.334195061361974,3.734565332184396,20.016546048168653,2.9324380510938917,0.658212112317709,0.8131329710551067,15.462056813621372,17.04715656826845,1.4657020385183535,39.7109215526044,113.19553665909854,8.983738307178323,44.89703,116.7,5.727360248565673,B,1.1,1.1,108.18246286523815,73.36389078899275,85.35948629336659,92.66066028977205,86.91025421779044,107.9563726005159,116.7,5.727360248565673,B,1.1,1.1,104.72377752892872,83.54935516344086,99.8243997089498,56.228699012937106,108.10906696902087,91.7796370625813,S,A,S,B,S+,A,84.14927411984785,S,77.96922640572929,44.878403784341074,122.99999999999999,5.703967666625976,BL-B,1.05,97.5820039869601
484850,285023_43948,Maximilian Beier,Germany,FW,0,0,0,0,0,0,0.0,0.0,0,0,1,9,1,1,1,0,0,0,0,13,46,0,0,1,0,0,0,,,,12,4,8,0,1,11,0,7,7,26,1.62,46,16,3573.92,,,,,,,Round of 16,0.0,33.0,627.0,0.0,False,,,None,1.0,1.0,3.57392,1.62,33.0,0.022416407675917835,0.017126135464401223,0.020075238058244974,0.20112000966833482,0.06814587933479023,0.1230212453254371,0.07442247348404722,0.2767081363515297,9.748696441299547,0.49203516706246847,0.0800714082183785,21.246769337627722,0.8625335531300385,5.840460521514337,0.8904195642788801,0.37242121570377096,0.3605853524508863,4.233662382152402,2.2763214409783923,0.16265345409645982,10.18674293583055,28.88510545753352,2.446524784319233,3.57392,,,None,1.0,1.0,26.009708592985888,28.882135887054567,18.329324986467142,16.906045939118272,17.491090063163558,15.36416597263776,,,None,1.0,1.0,41.24673385591638,44.27244582043343,25.789473684210527,45.46071178752357,23.979504640051072,25.764719385613727,C,C,E,C,E,E,36.36166959471691,C,44.669078527346244,76.92993403458726,,,None,1.0,40.71483866669694
498416,285023_43948,Nick Woltemade,Germany,FW,0,2,0,2,0,0,0.09,0.0,0,0,0,6,1,0,0,0,0,0,0,1,100,0,0,0,0,0,0,,,,12,5,7,0,11,1,0,3,3,7,1.4,37,13,4199.08,,,,,,,Round of 16,0.0,44.0,659.0,0.0,False,,,None,1.0,1.0,4.19908,1.4,44.0,0.02375941250347064,0.01815219115265157,0.03920968326622753,0.6116517557504577,0.07222861401055077,0.5288739625883662,0.07888124951152255,0.2932861879428416,7.941863462365658,0.32227267119707576,0.08486862146239713,18.734117243425466,0.7149682410544387,5.592648911150276,0.9437661035934156,0.19549244607855643,0.18294747627672395,3.690343629255732,2.611940854809316,0.172398297125183,10.199324442362084,28.822490509265783,2.717657813854631,4.19908,,,None,1.0,1.0,50.30595267467185,32.74160445363161,37.28268050800747,23.816913700456286,51.995258658979104,24.25225522991431,,,None,1.0,1.0,57.12019410227697,62.24049839503124,33.267038564152315,66.33952985565,32.398595515891884,32.27702715435205,B,B,D,A,D,D,51.010984891550905,B,38.71089332830758,29.58148383005707,,,None,1.0,56.72303073621143
228912,285023_43948,Manuel Neuer,Germany,GK,0,0,0,0,0,0,0.0,0.0,0,0,0,0,0,0,2,0,0,0,0,129,91,0,0,1,0,0,0,7.0,61.0,45.0,28,0,0,28,19,9,0,0,5,256,3.47,82,19,25681.69,,,,,,,Round of 16,0.0,442.0,1269.0,0.0,False,,,None,1.0,1.0,25.68169,3.47,442.0,,,,,,,,,,,,,,,,,,,,,,,,,,,,,,,,,,,,,,,,,,,,,,,,,,,,,,,,,,,,,
484849,285023_43948,Aleksandar Pavlovic,Germany,MF,1,4,0,1,3,0,0.37,0.0,0,0,27,76,20,13,4,1,0,0,0,260,92,1,0,1,0,1,100,,,,158,4,54,100,119,39,0,20,67,548,7.64,597,165,38018.1,,,,,,,Round of 16,0.0,300.0,1112.0,0.0,False,,,None,1.0,1.0,38.0181,7.64,300.0,0.021316219229056986,0.016285591490999535,0.08522859197416247,0.906261428992161,0.24355438397359863,0.2957364886463301,0.07076984784046919,0.4418804876807449,53.42224441197717,0.46788627514019426,0.2548946126034569,113.5130927430734,5.4677807620069485,17.530269216472206,4.243026596107038,2.499179859541131,0.8791471981328003,14.751060553387756,2.1646004825218528,0.15467048672603745,36.32099016064658,125.96038158706159,8.483453490464758,38.0181,,,None,1.0,1.0,63.631742290989436,57.055403426798925,81.7386272671365,88.75511595481665,94.27761662878056,95.68638730725397,,,None,1.0,1.0,,,,,,,,,,,,,,,,,,,,,
429640,285023_43948,Angelo Stiller,Germany,MF,0,0,0,0,0,0,0.0,0.0,0,0,1,7,1,0,0,0,0,0,0,34,91,0,0,1,0,0,0,,,,28,0,13,15,25,3,0,3,10,72,1.71,85,18,5947.34,,,,,,,Round of 16,0.0,52.0,688.0,0.0,False,,,None,1.0,1.0,5.9473400000000005,1.71,52.0,0.02437403807669676,0.018621765090596324,0.021828413539966545,0.21868386962412334,0.07409707575315817,0.13376472096491182,0.08092180641463326,0.30087312601874483,14.892353105462917,0.5350047193305879,0.08706406400996083,32.50443720986435,0.9378588206622323,5.941718842938334,0.9681801240296427,0.20054958529506095,0.18768009319056506,5.216574960797889,1.6575320853676865,0.17685802028451167,11.485144237891822,39.37906423550889,3.145296210282767,5.9473400000000005,,,None,1.0,1.0,40.22435885745717,42.22576895531553,46.11002889785021,26.91382442432313,46.8102010857245,27.413551634924378,,,None,1.0,1.0,,,,,,,,,,,,,,,,,,,,,
492363,285023_43948,Felix Nmecha,Germany,MF,3,8,13,3,5,0,0.49,2.04,0,0,9,74,21,3,3,0,0,0,0,131,92,2,0,4,75,1,0,,,,113,38,47,28,73,40,3,26,66,313,6.64,442,141,33325.14,56.0,42.0,86.0,5.7498650550842285,6.4479146003723145,6.163877010345459,Round of 16,1.0,299.0,65.0,1.0,True,61.4,5.958075475692748,B,1.1,1.1,33.32514,6.64,299.0,0.2002490286280624,0.19521388163490483,0.10677479612328011,1.6227302073183514,0.6016005006287901,0.6538294829984922,0.07083342380204688,0.6211911102104539,30.390374044507404,1.0050475799468206,0.25512359670603363,71.57035691639759,2.2522468524817096,17.188190181290157,4.425751971194718,0.7122883930037959,0.7010233183750366,14.585398481269745,8.24960948779306,0.6915504147099436,32.059691214495025,98.34192056027659,7.651439935282347,33.32514,61.4,5.958075475692748,B,1.1,1.1,94.76689594805042,85.37762574958509,92.84799319771035,84.65438868177642,95.89921329093454,94.77411457493923,61.4,5.958075475692748,B,1.1,1.1,,,,,,,,,,,,,,,,,,,,,
430669,285023_43948,Florian Wirtz,Germany,MF,1,10,0,5,5,0,0.97,0.0,5,0,17,123,18,1,3,0,0,0,1,271,82,12,42,15,67,2,100,,,,218,71,100,47,96,122,4,117,99,599,6.85,653,229,46415.88,103.0,199.0,2.0,5.301777362823486,5.41827917098999,7.539622783660889,Round of 16,0.0,405.0,170.0,3.0,True,92.14999999999999,5.878713989257813,B,1.1,1.1,46.415879999999994,6.85,405.0,0.01951355830940313,0.5058174494574749,0.17620283500684175,1.811439281515601,0.22295758089694914,0.9252722261838225,0.8829668317690366,2.204511727407636,50.7044548730896,2.719227359454199,0.39697515755391527,112.25902056391774,3.369020178464741,23.738685990710586,3.5569314086380017,0.32419392140613257,0.641163489891495,18.739962803785147,12.945181837454468,0.7961358336384837,43.72213945689673,124.47185422167401,9.140210602357044,46.415879999999994,92.14999999999999,5.878713989257813,B,1.1,1.1,78.89103259250652,108.88706699928932,98.7827850391738,95.4381279519755,83.03609607423454,109.30117338925687,92.14999999999999,5.878713989257813,B,1.1,1.1,,,,,,,,,,,,,,,,,,,,,
429642,285023_43948,Jamal Musiala,Germany,MF,1,6,17,4,2,0,0.34,2.92,0,0,13,107,19,5,11,1,0,0,0,104,83,8,0,9,67,0,0,,,,180,32,113,35,121,59,6,65,131,288,6.61,412,140,33546.51,87.0,218.0,121.0,5.469120025634766,5.360443592071533,5.947033882141113,Round of 16,1.0,305.0,141.0,0.0,True,115.14999999999998,5.5722970247268675,B,1.1,1.1,33.546510000000005,6.61,305.0,0.19917611143938976,0.016212886426949093,0.07950944750111483,1.2581256456793921,0.2424670647260078,0.8282813763901511,0.07045390436841754,1.6855931567489755,25.422758507060095,1.8894379004055493,0.07580161036264683,66.73801266042737,2.9519997298762215,22.968614171560215,4.046129058399249,1.064382124456362,2.120907742575523,26.07432979613476,7.137678449458216,1.2217103143853543,31.709963071831126,92.47636127378887,7.6498380844763725,33.546510000000005,115.14999999999998,5.5722970247268675,B,1.1,1.1,90.65985896379706,78.83394614048956,88.12057619000906,95.83839068703986,88.036585213455,92.96977167096556,115.14999999999998,5.5722970247268675,B,1.1,1.1,,,,,,,,,,,,,,,,,,,,,
491218,285023_43948,Jamie Leweling,Germany,MF,0,1,0,0,1,0,0.08,0.0,0,0,2,15,4,0,0,0,0,0,0,14,79,3,0,1,0,0,0,,,,11,7,4,0,2,9,2,7,8,36,1.71,55,20,4276.01,,,,,,,Round of 16,0.0,37.0,635.0,0.0,False,,,None,1.0,1.0,4.27601,1.71,37.0,0.022988535169481867,0.017563240869484145,0.036009752345813495,0.3990298849084953,0.06988514691522489,0.1261610810101165,0.0763219367626798,0.8621007202357961,10.190286350040727,0.504593238406756,0.08211504762538922,23.71681196365105,1.0773244950558565,7.146185391404907,1.4914757275424995,0.18914966737449676,0.17701172080501038,4.53449367074367,2.9127495772407723,0.5523583059255682,11.217843220736341,31.357322381087013,2.6443133557715925,4.27601,,,None,1.0,1.0,43.90658559247185,44.60773465034305,28.240986231083674,26.126410566153137,26.85926147678468,22.32343039862963,,,None,1.0,1.0,,,,,,,,,,,,,,,,,,,,,
379953,285023_43948,Leon Goretzka,Germany,MF,0,2,0,2,0,1,0.19,0.0,0,0,3,20,2,0,0,0,0,0,0,30,77,1,0,1,100,1,0,,,,27,12,9,6,19,8,2,11,19,80,5.06,140,49,12494.96,,,,,,,Round of 16,0.0,122.0,857.0,0.0,False,,,None,1.0,1.0,12.494959999999999,5.06,122.0,0.025006805269116576,0.019105199225605062,0.06223838179141509,0.6437640807124619,0.0760206880181144,0.5566403711548598,0.08302259349346702,0.5183855161609491,14.44016303144785,0.5488938185892712,0.29902582034025843,35.025887384477045,1.3816093199151782,8.822089703145423,1.2030162737509849,0.20575599375429116,0.19255240057219764,7.239314527509796,4.2169809285486926,0.6008524028706579,18.284053539517,51.93495562894126,4.599996128258099,12.494959999999999,,,None,1.0,1.0,68.35115839878337,55.852694060121024,41.80281043537328,37.5882891182596,39.44305844644083,38.56338435828821,,,None,1.0,1.0,,,,,,,,,,,,,,,,,,,,,
404353,285023_43948,Leroy Sane,Germany,MF,2,6,17,5,1,0,1.57,0.64,1,0,10,84,15,3,2,0,0,0,1,189,85,11,18,9,44,0,0,,,,148,55,73,20,36,112,2,94,122,439,6.38,477,221,38060.03,97.0,237.0,164.0,5.3518805503845215,5.285000324249268,5.775258541107178,Round of 16,1.0,360.0,152.0,0.0,True,134.75,5.447693014144897,B,1.1,1.1,38.06003,6.38,360.0,0.18994294261306988,0.015461308758020036,0.2845615650873901,1.1998029562397226,0.40093269295957024,0.959590522847959,0.23689351371072237,2.116571320276202,38.66921889937119,1.8018495897631832,0.07228768963828217,89.26980114792585,2.306037561688472,18.000633094145254,3.1797409191319317,0.675629511329954,0.4952385814574411,23.338256439501954,10.710027889647238,0.4862532135404765,43.986146217123355,99.2203181036269,8.061185750234479,38.06003,134.75,5.447693014144897,B,1.1,1.1,95.9915224693759,79.94969655254262,95.31538258166039,82.08547060713101,87.79218207420132,102.94126398224161,134.75,5.447693014144897,B,1.1,1.1,,,,,,,,,,,,,,,,,,,,,
395471,285023_43948,Nadiem Amiri,Germany,MF,1,2,0,1,1,0,0.26,0.0,0,0,1,11,0,0,0,0,0,0,0,20,85,2,50,2,50,1,100,,,,17,2,8,7,9,8,0,4,5,48,3.08,80,26,5438.68,,,,,,,Round of 16,0.0,50.0,185.0,1.0,False,,,None,1.0,1.0,5.438680000000001,3.08,50.0,0.02424214945122872,0.2218102803344203,0.07456551168249959,0.6240791211837872,0.2769854124854168,0.3363301943420247,0.08048393617807935,0.7058236491333304,11.965720257642241,0.7353990714638294,0.2898822359934705,27.449612083687825,0.9327840394400562,6.722725142928298,0.7596519952037031,0.19946440568470986,0.18666455077446112,4.171901531938143,2.0551416875887205,0.17590103641811555,13.049312015246228,38.14953658845064,3.0248717972319024,5.438680000000001,,,None,1.0,1.0,64.07428791213248,71.23429535046255,39.56014500829449,29.729388132420798,37.079332030935,30.413263187921295,,,None,1.0,1.0,,,,,,,,,,,,,,,,,,,,,
484848,285023_43948,Pascal Gross,Germany,MF,0,1,0,0,1,0,0.04,0.0,0,0,1,15,1,1,0,0,0,0,0,14,100,1,0,1,100,0,0,,,,9,4,4,1,4,5,0,6,9,34,1.99,58,15,3218.51,,,,,,,Round of 16,0.0,24.0,593.0,0.0,False,,,None,1.0,1.0,3.21851,1.99,24.0,0.020625995911539848,0.015758260876416443,0.025390417624919673,0.35802145347786163,0.06270302757108114,0.1131954655625307,0.0684783064263123,0.427572311691574,9.143027297902325,0.45273602670365265,0.07367605739602033,20.933497425698377,0.7936424871295833,6.411769587733395,0.8193012260435387,0.342675712519676,0.15882016851885683,4.2414472952654085,2.0945102986064605,0.14966222633413312,9.200156723022644,28.65361518609257,2.189645902953106,3.21851,,,None,1.0,1.0,24.546883956199736,23.42577686124652,39.41691494777787,20.96907611947043,56.98938828371827,19.903917505868876,,,None,1.0,1.0,,,,,,,,,,,,,,,,,,,,,
448522,285023_43860,Alidu Seidu,Ghana,DF,0,0,0,0,0,0,0.0,0.0,0,0,0,16,6,1,0,1,0,0,0,27,93,1,0,0,0,0,0,,,,4,2,2,0,0,4,0,2,15,65,1.36,73,34,8378.97,,,,,,,Round of 16,0.0,92.0,780.0,0.0,False,,,None,1.0,1.0,8.378969999999999,1.36,92.0,0.025295116473611125,0.0193254689858389,0.022653294509107174,0.226947785001239,0.07689715407977782,0.13881959920717785,0.08397978669238892,0.5243621433609644,13.970290467443634,0.3431029598480612,0.09035415604373892,32.24792330620568,0.7611806449239059,8.075325405775498,2.0653631234813306,0.420247443955581,0.19477239684680567,6.4743019248317495,2.1444075518928685,0.18354136513252228,15.313067672602795,38.32174170475323,3.7799502971749024,8.378969999999999,,,None,1.0,1.0,55.78619106843632,54.45357828779903,45.674002625309136,37.05883963268645,62.92179239830465,35.82754516431892,,,None,1.0,1.0,,,,,,,,,,,,,,,,,,,,,
520037,285023_43860,Derrick Luckassen,Ghana,DF,1,1,100,1,0,0,0.62,1.62,0,0,2,8,4,1,2,0,0,0,0,125,87,0,0,3,0,1,100,,,,4,0,0,4,1,3,1,1,12,256,2.64,147,39,18059.74,,,,,,,Round of 16,1.0,205.0,114.0,0.0,False,,,None,1.0,1.0,18.05974,2.64,205.0,0.2186448940210781,0.017797640535194306,0.141979098463066,0.4043553525898857,0.26616738969096865,0.3231943844948373,0.0773405321686454,0.2875576894848671,32.010086674294044,0.9020266645420204,0.2785605111107637,67.01023907941011,1.091702507825767,5.874111776315125,1.5113810180608458,0.38702361887498443,0.570073231825674,5.376409403908305,1.5841763703604106,0.36438054740874243,15.079198480603132,49.74797724815699,5.3722499544043,18.05974,,,None,1.0,1.0,80.79924231210391,46.28176483367793,63.68667788072585,39.58506263402109,48.04945166606933,42.15461903357196,,,None,1.0,1.0,,,,,,,,,,,,,,,,,,,,,
441333,285023_43860,Gideon Mensah,Ghana,DF,0,0,0,0,0,0,0.0,0.0,0,0,10,63,18,2,2,0,0,0,0,182,86,3,0,6,33,2,100,,,,61,15,23,23,4,57,2,7,35,378,5.74,365,158,39697.98,346.0,89.0,255.0,4.2083048820495605,6.075423717498779,5.365420341491699,Round of 16,0.0,414.0,1253.0,0.0,True,284.70000000000005,4.777651572227478,C,1.0,1.0,39.69798,5.74,414.0,0.01937687742184347,0.014803934350288412,0.017353156343906134,0.17384934422877962,0.058905707362404164,0.10634030329107698,0.06433123304052032,0.7266587391556926,35.88767353852171,1.2377690938707986,0.39419458232446275,75.56238122425954,2.207990876246303,13.82299930768501,3.532017216453628,0.48441332360056594,0.47418233232183266,8.209328455775497,3.7550579934973274,0.4655789987465341,31.87908848083698,76.80282863318732,7.984596020580149,39.69798,284.70000000000005,4.777651572227478,C,1.0,1.0,38.91179139518029,49.49088660783125,74.23093330310667,65.68307120842854,55.997706928062904,81.97678657090273,284.70000000000005,4.777651572227478,C,1.0,1.0,,,,,,,,,,,,,,,,,,,,,
486150,285023_43860,Jerome Opoku,Ghana,DF,0,0,0,0,0,0,0.0,0.0,0,0,8,10,7,2,4,0,0,0,0,115,83,0,0,7,43,7,57,,,,16,0,2,14,9,7,0,0,14,246,4.21,230,74,29365.82,,,,,,,Round of 16,0.0,313.0,1171.0,0.0,False,,,None,1.0,1.0,29.36582,4.21,313.0,0.02107081239907093,0.016098100672890185,0.01887017675211195,0.18904732884446437,0.06405526969317563,0.11563661844610125,0.06995509716491548,0.2600981082541315,27.186414354582777,1.522670552011972,1.3121309945204556,58.844317314802716,2.0476240897196702,5.666568896079388,1.8971410299682605,0.5267609451712624,0.86902585697626,5.216393330374616,1.4328995263864193,0.15288981476765862,19.82357950673961,59.6631197198251,6.856970281802081,29.36582,,,None,1.0,1.0,31.200268177446954,37.9779484863899,61.32096843360615,45.30359556767821,41.83977152907071,51.4771958361774,,,None,1.0,1.0,,,,,,,,,,,,,,,,,,,,,
494351,285023_43860,Jonas Adjetey,Ghana,DF,1,2,0,2,0,2,0.1,0.0,0,0,3,19,6,1,0,0,0,0,0,120,88,0,0,0,0,4,75,,,,33,0,0,33,18,15,0,2,11,251,4.59,260,87,26258.63,,,,,,,Round of 16,0.0,257.0,1051.0,0.0,False,,,None,1.0,1.0,26.25863,4.59,257.0,0.02217436769334122,0.01694121691771269,0.03845340871535809,0.570847066622846,0.2533593976268516,0.4935915695792451,0.07361890074189285,0.27372039480660404,29.540012627126575,0.3007731233924803,0.823004120756992,62.85595542727154,1.225119032145307,7.636891654684837,1.8105519050731063,0.3684000172199058,0.17074263123872743,4.931746914666104,1.5079457006179764,0.1608972119828839,23.279153823470665,68.3663744965376,6.638314956916794,26.25863,,,None,1.0,1.0,49.23386483143734,34.95712529428858,54.35677758866474,37.51340250650555,44.25624610896228,58.14514416939496,,,None,1.0,1.0,,,,,,,,,,,,,,,,,,,,,
511022,285023_43860,Kojo Peprah Oppong,Ghana,DF,0,0,0,0,0,0,0.0,0.0,0,0,1,5,0,1,0,1,0,0,0,22,95,0,0,0,0,0,0,,,,3,0,0,3,2,1,0,0,0,44,2.83,63,16,5660.9,,,,,,,Round of 16,0.0,61.0,708.0,0.0,False,,,None,1.0,1.0,5.6609,2.83,61.0,0.02482573573046364,0.018966862098074216,0.022232935890774012,0.22273650097371972,0.07547023662060946,0.13624363768878445,0.08242144262513927,0.3064488818568431,12.670139723021693,0.33673627944800877,0.08867752802921613,27.277679862448768,0.9552391426066177,5.635464078135895,0.7779392548498086,0.41244925659576054,0.19115816512457,3.231417065620069,1.6882493326144492,0.18013553846024416,11.281619773126376,35.52880552446697,3.143952610976916,5.6609,,,None,1.0,1.0,44.28645669780792,41.1637397343201,40.47223430889716,26.61968016832993,54.177292356298224,27.162568253002036,,,None,1.0,1.0,,,,,,,,,,,,,,,,,,,,,
520039,285023_43860,Marvin Senaya,Ghana,DF,0,2,0,1,1,0,0.1,0.0,0,0,34,89,24,6,4,0,0,0,0,91,82,8,25,4,75,1,100,,,,55,17,11,27,12,43,3,10,25,201,5.77,285,171,31108.53,208.0,52.0,244.0,4.708521366119385,6.363735198974609,5.413160800933838,Round of 16,0.0,312.0,1163.0,0.0,True,193.60000000000002,5.132963299751282,C,1.0,1.0,31.10853,5.77,312.0,0.021089457186041532,0.01611234529013573,0.036572024419141654,0.5429176127053706,0.06411194984556627,0.2925904424530989,0.0700169978576579,1.6751402708333207,22.96603457882384,0.9934634029358792,0.25218304248464335,50.93806892335232,6.647574993789862,19.642851646368243,4.905295264368268,1.2346330622233677,0.8697948259969318,7.166375640566486,4.440642970553319,0.6835796055902263,36.99571630055527,69.44274599812012,7.171238642658488,31.10853,193.60000000000002,5.132963299751282,C,1.0,1.0,53.02286448357425,59.34459717429039,63.21947115968493,92.35027365667335,62.14488452816324,77.24142214210853,193.60000000000002,5.132963299751282,C,1.0,1.0,,,,,,,,,,,,,,,,,,,,,
441342,285023_43860,Abdul Fatawu,Ghana,FW,0,3,0,1,2,0,0.1,0.0,2,0,11,50,5,1,8,1,0,0,0,22,82,7,14,8,50,1,100,,,,45,19,23,3,4,41,3,24,38,90,6.21,211,93,16816.62,99.0,238.0,42.0,5.3341383934021,5.284966468811035,6.5536041259765625,Round of 16,0.0,163.0,920.0,0.0,True,105.6,5.631629037857055,B,1.1,1.1,16.81662,6.21,163.0,0.024220741735452626,0.018504646685885803,0.04200210324924729,0.8266377682698411,0.073631054875776,0.3360331884506174,0.4866323781746096,1.7207491406276012,12.361373105524333,1.9534082033513067,0.2896262472854902,35.95598175518025,2.9630578961742278,14.638069004786358,1.7745299520544104,0.4023980208057576,1.8113777738146122,10.870839423898687,5.506192719300336,0.7850749754518044,26.646142224196222,64.72322583372994,5.33317123636747,16.81662,105.6,5.631629037857055,B,1.1,1.1,64.25252097649383,85.99244527038404,66.02243499153442,76.8054228178789,64.89100391647318,62.67603821706281,105.6,5.631629037857055,B,1.1,1.1,27.838745800671887,34.95204087447055,61.176327916565626,63.58861309536426,69.52598661351085,77.46659882789682,D,D,C,B,B,B,33.887892355392836,D,43.28929068150209,47.442718308860044,95.8,5.695060920715332,BL-B,1.05,39.91217242866189
486213,285023_43860,Brandon Thomas Asante,Ghana,FW,0,0,0,0,0,0,0.0,0.0,0,0,3,28,0,0,1,0,0,0,1,6,50,2,50,0,0,0,0,,,,34,26,8,0,23,11,2,8,8,18,3.14,102,49,7440.82,,,,,,,Round of 16,0.0,70.0,190.0,1.0,False,,,None,1.0,1.0,7.4408199999999995,3.14,70.0,0.025098235796776395,0.22964328015477137,0.022476976050161062,0.22518137156867782,0.07629863682220024,0.13773911805270886,0.08332614284529763,0.7307490786874763,9.441722056546508,0.34043247034747504,0.08965089826608529,22.104919802709652,1.3866607956146981,10.53809107954996,0.786478316927785,0.20650828413587616,0.40372464364121247,4.950632588299876,7.178954355280872,0.6030492549534779,18.350904168571283,44.12704889160434,3.5530788630825763,7.4408199999999995,,,None,1.0,1.0,51.57838805548289,69.3293009414539,30.49235589899934,34.21809375231605,28.625150208585833,31.598405903853166,,,None,1.0,1.0,36.20754012691303,45.79194286691105,26.650497210768858,79.30135447357823,36.213013423064275,33.857199389451054,C,C,E,S,D,D,37.96001090026007,C,45.3437771975631,69.55380577427822,,,None,1.0,42.46144279756054
448525,285023_43860,Ernest Nuamah,Ghana,FW,0,0,0,0,0,0,0.0,0.0,0,0,2,58,6,2,2,0,0,0,0,29,69,0,0,2,50,1,100,,,,22,7,12,3,12,10,2,15,27,74,4.98,148,60,12051.38,,,,,,,Round of 16,0.0,109.0,194.0,1.0,False,,,None,1.0,1.0,12.05138,4.98,109.0,0.025181078700802856,0.23040127431707927,0.022551166841291,0.22592463810360316,0.07655047925044067,0.1381937599100061,0.0836011812866655,0.3108352354827104,14.32963417820314,0.7638820118770216,0.30110974330893364,34.00300662125159,1.1800748806438914,16.90776254831561,2.0560518633063536,0.6295157759295376,0.6162201663755138,8.979069043132283,3.1905545872970587,0.6050397674323573,20.734268076099074,53.98619586504419,4.538386033712788,12.05138,,,None,1.0,1.0,52.97815488993223,66.48481763574144,44.60689136880369,50.59124313992861,46.04698456785307,42.8808368391676,,,None,1.0,1.0,21.51922359089213,34.205777887519226,53.40771283046325,55.423193505309776,47.05753264328298,53.45506623702112,E,D,C,B,C,C,28.6115981701006,D,30.75264179426353,54.60907818436313,,,None,1.0,32.24586729132308
411376,285023_43860,Inaki Williams,Ghana,FW,0,3,0,1,2,0,0.06,0.0,0,0,3,43,3,2,1,1,0,0,1,23,65,4,25,3,67,0,0,,,,38,26,12,0,17,21,0,23,25,67,2.75,117,64,12856.69,,,,,,,Round of 16,0.0,140.0,880.0,0.0,False,,,None,1.0,1.0,12.85669,2.75,140.0,0.02469166292552284,0.018864430475099447,0.034536393545014955,0.8427099945394776,0.07506265529358944,0.3425666443924982,0.08197632091273582,1.1330290801815694,12.808772707433942,0.9560941106934784,0.08819861996996758,31.892717552977498,1.3641979155265198,13.473263766013204,1.3949143442058702,0.6172805990656596,0.3971846027837548,8.390435569468476,7.062660600275206,0.1791627061875937,21.159515056990593,46.51810528516801,4.616925145093071,12.85669,,,None,1.0,1.0,53.9638723393416,65.03655936728417,43.853883938914166,43.07303441319903,43.42518743589907,41.23442720695112,,,None,1.0,1.0,26.67039940276223,33.522004216604294,50.89497938394374,48.71441592301333,40.21798763761384,39.84962406015036,D,D,C,C,C,C,29.283862983620985,D,61.144867284937646,65.05390957687777,,,None,1.0,32.98049167740182
353235,285023_43860,Jordan Ayew,Ghana,FW,0,0,0,0,0,0,0.0,0.0,6,0,23,212,19,7,7,0,0,0,1,47,70,9,11,3,0,1,0,,,,86,51,28,7,58,28,4,37,45,124,6.47,416,167,34883.48,,,,,,,Round of 16,0.0,323.0,1181.0,0.0,False,,,None,1.0,1.0,34.883480000000006,6.47,323.0,0.020886485427371038,0.01595727486651147,0.018705100889336405,0.18739354725437293,0.06349491569920795,0.11462503202541226,1.1202396837352364,1.834167604290015,15.038427316708153,0.8087525643950432,0.24975595129929679,36.961318716750164,4.65695290259318,40.99718180579262,3.98233798905392,1.397899979565501,1.386871915259849,10.600392630041059,10.35298524799204,0.8521500396719139,35.93905985687533,91.71898126621542,7.763400645208415,34.883480000000006,,,None,1.0,1.0,44.95784377351516,57.3702989980196,55.73597315029551,96.2606086310554,59.24633733483613,87.89198813471785,,,None,1.0,1.0,4.016424038820454,4.069592964728674,71.85059422750425,37.51192318290693,92.1180644453385,100.0,G,G,B,D,S,S+,14.211449360166096,F,37.95048574114698,63.532552276434814,,,None,1.0,16.509954498945547
448523,285023_43860,Kamaldeen Sulemana,Ghana,FW,0,1,0,0,1,0,0.01,0.0,0,0,3,62,8,2,1,0,0,0,1,31,87,4,75,4,75,3,100,,,,64,19,34,11,21,43,1,12,19,85,3.32,172,75,14795.98,,,,,,,Round of 16,0.0,136.0,877.0,0.0,False,,,None,1.0,1.0,14.79598,3.32,136.0,0.024767100865698288,0.01892206506139349,0.024257338891880285,0.42990183302659846,0.0752919866317228,0.13592184955095218,0.08222677487411831,1.1364907093243934,14.50943728755645,1.1667065723805452,0.7115422964709346,35.72860142004173,1.3683658114292532,17.460563943108827,2.437633105203949,0.6191665140420723,0.3983980807254303,7.169921594214268,5.630398604402462,0.38740148794106016,23.508767027715038,58.08325457021639,5.033804632465695,14.79598,,,None,1.0,1.0,52.213367338255644,73.48039649735135,57.4353609199128,53.63617801963622,57.306302766603714,50.64365907704772,,,None,1.0,1.0,19.111608809257184,24.063135102281144,49.73562939607081,59.344595883587345,53.73248966753229,55.43369702451619,E,E,C,B,C,C,24.789272349844193,E,41.03472017310908,51.23874659780863,,,None,1.0,28.068980887891442
514401,285023_43860,Prince Adu,Ghana,FW,0,1,0,1,0,0,0.25,0.0,0,0,0,25,4,4,0,0,0,0,0,5,80,0,0,0,0,0,0,,,,17,10,7,0,12,5,1,8,9,17,4.51,70,31,6266.52,,,,,,,Round of 16,0.0,62.0,711.0,0.0,False,,,None,1.0,1.0,6.266520000000001,4.51,62.0,0.024863737646069854,0.018995895561597365,0.07439241354254163,0.431579232785448,0.07558576244405237,0.3449539708265406,0.0825476089849519,0.30691797750308625,9.145004262275204,0.33725173743129144,0.08881327087176151,21.689887060824066,0.7481995932455339,9.814126119256171,1.613137197376882,1.0385859478515,0.19145077987473788,5.11287955458722,3.7758514011324276,0.3889130589847921,14.42641575590252,37.04270358031902,3.2750380535563632,6.266520000000001,,,None,1.0,1.0,65.73722016346383,43.90399483411878,33.48215482690751,32.250110794308156,44.814611257672816,30.220243976557725,,,None,1.0,1.0,54.67525195968644,58.70766776197078,40.22798932815911,50.57973164889671,35.48919205588676,36.1942450110238,B,B,C,C,D,D,48.25803875009316,B,42.54729288975864,55.38696440500047,,,None,1.0,53.71472012943455
494349,285023_43860,Benjamin Asare,Ghana,GK,0,0,0,0,0,0,0.0,0.0,0,0,0,0,0,0,1,0,0,0,0,59,69,0,0,4,25,0,0,8.0,55.0,47.0,10,1,0,9,7,3,0,0,0,87,1.85,8,2,10835.06,,,,,,,Round of 16,0.0,259.0,1055.0,0.0,False,,,None,1.0,1.0,10.83506,1.85,259.0,,,,,,,,,,,,,,,,,,,,,,,,,,,,,,,,,,,,,,,,,,,,,,,,,,,,,,,,,,,,,
386473,285023_43860,Lawrence Ati Zigi,Ghana,GK,0,0,0,0,0,0,0.0,0.0,0,0,0,0,0,0,1,0,0,0,0,52,75,0,0,2,0,0,0,8.0,31.0,30.0,2,0,0,2,1,1,0,0,0,87,1.36,7,1,7025.37,,,,,,,Round of 16,0.0,155.0,909.0,0.0,False,,,None,1.0,1.0,7.02537,1.36,155.0,,,,,,,,,,,,,,,,,,,,,,,,,,,,,,,,,,,,,,,,,,,,,,,,,,,,,,,,,,,,,
448531,285023_43860,Antoine Semenyo,Ghana,MF,0,6,0,3,3,1,0.26,0.0,0,0,26,123,20,6,4,0,0,0,4,68,76,5,0,5,60,0,0,,,,92,45,33,14,54,38,3,44,50,176,5.78,285,167,39933.84,,,,,,,Round of 16,0.0,414.0,1253.0,0.0,False,,,None,1.0,1.0,39.93384,5.78,414.0,0.01937687742184347,0.014803934350288412,0.05960060524647906,1.1487904727496931,0.058905707362404164,0.5938108675515337,0.06433123304052032,1.0516391153293305,17.36379209662435,1.0752789057839796,0.06921420615082487,42.73936323072213,4.8078338856354055,23.572410592894144,3.8569975926272657,1.1343740759478416,0.7991627084954704,10.64668127707778,8.629763636101895,0.628069186833353,33.34150017361836,63.80361358624181,8.022920956342304,39.93384,,,None,1.0,1.0,52.42281951213139,53.79472401618908,59.70783177773603,92.37164160735306,61.10714430517549,78.33584120400572,,,None,1.0,1.0,,,,,,,,,,,,,,,,,,,,,
506279,285023_43860,Caleb Yirenkyi,Ghana,MF,1,2,50,2,0,0,0.75,1.33,0,0,12,128,14,7,3,2,0,0,0,70,89,1,0,4,25,0,0,,,,64,29,18,17,44,20,2,20,61,165,6.84,460,136,34220.54,85.0,324.0,276.0,5.481296062469482,4.849970817565918,5.235024929046631,Round of 16,1.0,307.0,143.0,0.0,True,168.6,5.325029492378235,C,1.0,1.0,34.22054,6.84,307.0,0.19882139023104956,0.016184012207935135,0.15219947829761574,0.5453324834905333,0.24203524481768265,0.4715299985004207,0.07032843001354012,0.43912431495201315,19.337785677060396,0.9978822791921192,0.07566661205071244,44.76966632914949,2.7691042598222837,26.65810908142156,3.150732494172866,1.4177627774175359,0.696025502338823,13.593223940677301,6.592052269787221,0.508982005808836,30.942936937174224,100.83829634131769,7.755947590000569,34.22054,168.6,5.325029492378235,C,1.0,1.0,81.30396615835464,62.53576473059799,72.95141907451695,83.02316318499159,85.0863751902114,86.00211326685633,168.6,5.325029492378235,C,1.0,1.0,,,,,,,,,,,,,,,,,,,,,
441341,285023_43860,Elisha Owusu,Ghana,MF,0,0,0,0,0,0,0.0,0.0,0,0,5,55,10,2,0,0,0,0,0,58,86,4,25,1,0,0,0,,,,36,8,9,19,23,13,2,7,41,134,5.07,262,74,18829.07,,,,,,,Round of 16,0.0,166.0,926.0,0.0,False,,,None,1.0,1.0,18.829069999999998,5.07,166.0,0.024156178855277505,0.018455320645432014,0.02163330753563232,0.2167292366895498,0.07343478372004364,0.13256910955776297,0.08019851379952132,1.1084572631519918,19.620883115397884,0.5302227578335956,0.08628587087105125,44.77314468979263,1.7397494733160688,15.611891464337557,2.7826414990150914,0.6038937353024464,0.1860025771856368,11.449567125983416,3.2632635695991845,0.5804139294551166,22.726315580396427,74.8816851530773,5.726613791097018,18.829069999999998,,,None,1.0,1.0,48.43158498412573,57.866738008172725,54.667841238408656,56.60963519646756,64.93964851646643,54.82711598087155,,,None,1.0,1.0,,,,,,,,,,,,,,,,,,,,,
507253,285023_43860,Kwasi Sibo,Ghana,MF,0,0,0,0,0,0,0.0,0.0,0,0,5,114,15,7,1,0,0,0,0,93,95,0,0,1,100,2,100,,,,46,2,12,32,42,4,0,7,28,204,6.63,447,96,31122.82,,,,,,,Round of 16,0.0,282.0,1084.0,0.0,False,,,None,1.0,1.0,31.12282,6.63,282.0,0.021666849769493745,0.01655347322389322,0.019403963979567816,0.19439497613189785,0.065867223299261,0.11890767153498168,0.07193394123471922,0.2674555935546308,23.958191355450275,0.47558253758488334,0.44078076199957206,52.8777446385183,1.560465779820957,24.72297337404735,3.4043532140489092,1.450128551083686,0.34852813053657206,7.907658678117549,1.836819226347593,0.1572146619274466,24.38159048907921,100.77829610452058,7.370171057301955,31.12282,,,None,1.0,1.0,42.2938967658253,44.07963727331689,63.38340286366543,64.89245703328025,83.18470282003443,74.36390080375442,,,None,1.0,1.0,,,,,,,,,,,,,,,,,,,,,
369089,285023_43860,Thomas Partey,Ghana,MF,0,2,0,0,2,0,0.09,0.0,0,0,5,52,14,2,5,0,0,0,0,152,88,0,0,4,50,0,0,,,,40,0,8,32,33,7,0,8,31,324,4.54,359,77,31028.86,,,,,,,Round of 16,0.0,307.0,1145.0,0.0,False,,,None,1.0,1.0,31.02886,4.54,307.0,0.02118326205227112,0.016184012207935135,0.03495831369962198,0.5453324834905333,0.06439711663890421,0.11625374214286391,0.07032843001354012,0.26148618677323465,33.90411218772022,0.9978822791921192,0.07566661205071244,73.01412870957526,1.5256373625708346,13.1576113398344,3.150732494172866,0.5295721365236437,1.0513017586963798,8.26408009531395,1.4405465526026453,0.15370574945127924,20.46228737462629,82.89684539526108,7.188983529054924,31.02886,,,None,1.0,1.0,42.92284445105527,44.14384990551024,71.5265222346793,58.290309098896095,59.50850731979796,63.654609885872574,,,None,1.0,1.0,,,,,,,,,,,,,,,,,,,,,
397775,285023_43908,Carlens Arcus,Haiti,DF,0,0,0,0,0,0,0.0,0.0,0,0,12,34,11,5,3,1,0,0,2,61,89,2,50,1,0,0,0,,,,41,11,25,5,10,31,0,11,10,124,6.07,247,86,18006.56,,,,,,,Round of 16,0.0,171.0,936.0,0.0,False,,,None,1.0,1.0,18.00656,6.07,171.0,0.02404759813274821,0.018372364973419632,0.02153606698376398,0.21575505044701693,0.07310469832355455,0.13197321855252217,0.07983802580072405,0.7001591794117045,20.137661744969805,0.5278394351031269,0.08589802053017659,42.555313676280335,3.143534091377022,11.306902758662007,2.971791489423631,1.2061527075889038,0.7901399477137522,5.14670970365634,3.8535688177552423,0.174489372051221,25.044055784619548,71.52022880214126,5.535007402011719,18.00656,,,None,1.0,1.0,47.32897210045543,53.18695958668636,56.236730763289444,71.03574285368921,62.52078233672451,55.203260567162616,,,None,1.0,1.0,,,,,,,,,,,,,,,,,,,,,
448363,285023_43908,Hannes Delcroix,Haiti,DF,0,0,0,0,0,0,0.0,0.0,0,0,9,21,9,1,2,0,0,0,0,151,97,1,0,2,50,1,100,,,,11,0,2,9,3,8,0,0,16,302,5.87,298,89,30006.24,,,,,,,Round of 16,0.0,306.0,1141.0,0.0,False,,,None,1.0,1.0,30.006240000000002,5.87,306.0,0.021202139377453834,0.01619843448437473,0.018987787940872553,0.19022559449451582,0.06445450370745967,0.11635734090346665,0.07039110273314673,0.4395156377080897,33.756529185919874,0.6431786769813828,0.2535304710890646,69.16767332885624,2.2381826412415364,7.657647352752926,2.264558102627089,0.35224763203048964,0.5188493316719935,5.604498137651693,1.4418302862243706,0.153842723322805,22.614079358742522,72.12513619268464,7.01357176016175,30.006240000000002,,,None,1.0,1.0,36.195555713836356,40.99470055993882,71.21267414531064,51.185746588204964,59.56964313079812,61.37501505938425,,,None,1.0,1.0,,,,,,,,,,,,,,,,,,,,,
431781,285023_43908,Jean Kevin Duverne,Haiti,DF,0,1,0,1,0,0,0.03,0.0,0,0,3,56,9,2,1,0,0,0,1,69,86,2,50,1,100,0,0,,,,53,5,20,28,10,43,0,6,21,154,4.12,209,82,19174.4,,,,,,,Round of 16,0.0,186.0,201.0,1.0,False,,,None,1.0,1.0,19.174400000000002,4.12,186.0,0.02371709798585692,0.21700617610437178,0.02720667366950933,0.41167611637228535,0.07209997787700505,0.3290457469895598,0.07874076531304498,0.690536484023772,21.451988637018324,0.5205850303233404,0.08471747400548092,47.937040612743765,1.3103538523199378,15.527004300056428,2.533175801673406,0.5929169087139848,0.38150796773427537,7.2637249203378,2.6072890976460994,0.1720912629853778,23.904315486891054,62.9796047398073,5.691203963656093,19.174400000000002,,,None,1.0,1.0,48.42276855062425,65.65517667157529,54.1978237012556,50.656828121644224,54.495806542638036,50.95104084337196,,,None,1.0,1.0,,,,,,,,,,,,,,,,,,,,,
489300,285023_43908,Martin Experience,Haiti,DF,0,1,0,0,1,0,0.01,0.0,0,0,26,91,26,7,6,0,0,0,0,111,84,6,0,6,33,3,100,,,,116,41,45,30,32,84,1,25,47,243,6.65,447,187,33997.02,,,,,,,Round of 16,0.0,306.0,1141.0,0.0,False,,,None,1.0,1.0,33.99702,6.65,306.0,0.021202139377453834,0.01619843448437473,0.020765752233200548,0.3680220237273153,0.06445450370745967,0.11635734090346665,0.07039110273314673,1.3284977838720873,26.644672016607892,1.354364393912581,0.6091233295546636,58.67768400412107,5.260721938199128,20.10339739904889,5.28709739958468,1.4190262074272866,1.2300350486031917,11.116187443868478,8.731483884769151,0.3316391525556045,40.038129423556875,98.61680414837176,7.72311819401542,33.99702,,,None,1.0,1.0,49.52264846218973,60.436620065837865,72.15759758549176,93.21567565920054,71.52174157237556,90.78018673221239,,,None,1.0,1.0,,,,,,,,,,,,,,,,,,,,,
275917,285023_43908,Ricardo Ade,Haiti,DF,1,4,0,2,2,2,0.17,0.0,0,0,3,24,5,6,4,0,0,0,0,136,89,0,0,5,40,1,100,,,,13,1,0,12,10,3,0,2,22,293,5.64,310,95,28826.94,,,,,,,Round of 16,0.0,306.0,1141.0,0.0,False,,,None,1.0,1.0,28.82694,5.64,306.0,0.021202139377453834,0.01619843448437473,0.049213180910448476,0.9014113114257138,0.24225093294025918,0.4719501993690657,0.07039110273314673,0.2617192084752901,31.08958274742788,1.1765679646797813,0.2535304710890646,67.56750546576104,1.1714040658447396,8.191036640451324,1.5533723856958908,1.2412297781944872,0.8744421901375927,6.67127671304849,1.61962671545717,0.153842723322805,23.680857934139322,74.25869334347823,6.80389643116751,28.82694,,,None,1.0,1.0,49.278822781257695,45.25191660610176,70.36649808115642,45.169020299091024,67.60770976329749,61.89019281291147,,,None,1.0,1.0,,,,,,,,,,,,,,,,,,,,,
466865,285023_43908,Derrick Etienne,Haiti,FW,0,0,0,0,0,0,0.0,0.0,1,0,0,2,0,0,0,0,0,0,0,8,50,2,50,2,0,0,0,,,,10,7,1,2,4,6,2,5,1,19,2.56,26,8,1841.93,,,,,,,Round of 16,0.0,14.0,552.0,0.0,False,,,None,1.0,1.0,1.84193,2.56,14.0,0.017268111186741725,0.013192836946670677,0.015464629654398416,0.15492949356744676,0.05249505800769485,0.09476739419283858,0.20213667219395715,0.5027706505970891,6.785715345522443,0.523837746244914,0.06168169315904144,15.353453717220136,0.519632001831432,3.4854569596606138,0.5411135321477387,0.1420820188445109,0.1329644561379113,2.392492967565025,2.187946434521007,0.4149105008789471,6.688737633097701,19.35503533346225,1.6338366687052424,1.84193,,,None,1.0,1.0,9.739239252811203,34.709857781685,11.165198073543934,7.307767269998528,8.01746482496901,7.731998855024965,,,None,1.0,1.0,15.714818962299363,18.02313434253262,8.071792384186274,50.685715496958274,9.576826012216086,7.64279118849756,E,E,F,C,F,F,15.987332378474841,F,34.77873477873478,82.94573643410853,,,None,1.0,18.450569188030677
394993,285023_43908,Duckens Nazon,Haiti,FW,1,1,0,0,1,0,0.12,0.0,0,0,1,6,0,0,1,1,0,0,0,3,33,0,0,0,0,0,0,,,,0,0,0,0,0,0,0,2,4,8,1.63,27,8,2597.09,,,,,,,Round of 16,0.0,31.0,620.0,0.0,False,,,None,1.0,1.0,2.59709,1.63,31.0,0.022085621977415242,0.016873415190745245,0.0420036137764871,0.3833573183679788,0.2523454087979516,0.12120589341205486,0.07332426496501862,0.27262491768921376,7.752789501471997,0.2995693765016604,0.07888984170332726,17.599551178034698,0.8498056545309888,5.198660938523848,0.6920750502842841,0.18172049763017262,0.35526440721270663,3.6155733710147144,1.5019106369521464,0.16025327306812498,8.55478223837988,24.93996776177639,2.2295089465483944,2.59709,,,None,1.0,1.0,44.647732714071594,22.157675626006743,13.909228919630317,14.790368257169867,13.72791792694834,13.451618453432404,,,None,1.0,1.0,51.679731243001115,52.192824175198005,22.502149802659137,42.705131737923125,21.71184800715542,24.466189396937317,B,B,E,C,E,E,42.7240032776629,C,46.80414597279206,66.44711352189073,,,None,1.0,47.66734515203094
431693,285023_43908,Frantzdy Pierrot,Haiti,FW,1,3,0,3,0,1,0.25,0.0,0,0,3,41,3,5,4,1,0,0,2,17,76,0,0,0,0,0,0,,,,28,19,8,1,22,6,1,23,25,48,5.98,210,61,17982.57,,,,,,,Round of 16,0.0,168.0,931.0,0.0,False,,,None,1.0,1.0,17.98257,5.98,168.0,0.024112880436614404,0.018422240653573403,0.07214584543470778,0.8229565340480252,0.27550841345088134,0.7389472586068604,0.0800547630495598,0.29764939610956814,11.295298392862906,0.3270671102422378,0.08613120891958664,27.30323957192923,1.3322205688693214,12.753034542031614,1.3622169921324694,1.2094270648503311,0.9944902070562252,8.193760392240815,5.481672202759424,0.3771683173716477,20.056911760968113,64.23279112125641,5.545182449060693,17.98257,,,None,1.0,1.0,67.68173519217714,41.65086002408096,40.25205187855981,44.016156612765336,51.634748506592274,45.97919800445756,,,None,1.0,1.0,39.473684210526315,37.49169025052707,54.80475382003396,23.341882697076965,50.660180681028486,41.37599638193227,C,C,C,F,C,C,34.573250370521706,D,54.210236653824985,52.79486002753556,,,None,1.0,38.760524907888275
510757,285023_43908,Josue Casimir,Haiti,FW,0,1,0,0,1,0,0.01,0.0,0,0,9,81,13,4,4,1,0,0,0,52,83,2,0,3,33,0,0,,,,71,39,29,3,35,36,2,20,46,121,6.05,246,113,20980.8,,,,,,,Round of 16,0.0,208.0,1000.0,0.0,False,,,None,1.0,1.0,20.9808,6.05,208.0,0.023228949039536508,0.017746917066205896,0.02275084564841609,0.4032029354395993,0.07061600508019099,0.12748047232897639,0.07712011081126122,0.6763237562577942,17.698982839365637,0.8994558787429063,0.08297380596922442,40.52223054094363,2.452140776409632,20.077245233852196,3.2602088076423263,0.9702990113248173,0.9580341262319422,11.984041936998606,9.176580832102873,0.5581348635446324,29.450890145629153,68.89068263326244,5.925940453608078,20.9808,,,None,1.0,1.0,51.02387006045229,56.2020547643105,59.47858569825111,77.93759092322694,67.72645671899113,62.81291455676754,,,None,1.0,1.0,5.487122060470324,9.817850291553496,68.66359447004608,29.584331347902587,70.48388866537437,80.55288597433436,F,F,B,E,B,A,14.6061986354963,F,47.904043526647705,51.36753719824658,,,None,1.0,16.941320886434887
485676,285023_43908,Lenny Joseph,Haiti,FW,0,2,0,2,0,0,0.33,0.0,0,0,4,43,5,6,1,0,0,0,0,20,65,0,0,3,33,1,100,,,,50,31,17,2,39,11,1,28,28,61,5.97,120,60,12922.53,,,,,,,Round of 16,0.0,134.0,875.0,0.0,False,,,None,1.0,1.0,12.92253,5.97,134.0,0.02480381815084515,0.01895011706724569,0.09085307871079233,0.6385384705561794,0.07540360717856927,0.5521219681186348,0.08234867626080589,0.3061783312540325,12.242955184792779,0.9604369105582585,0.2965985454882172,30.789585786198877,1.5783937240088253,13.53446243610934,1.817248980841875,1.4520816580655438,0.39898870681490595,9.05254478328176,8.134737368185423,0.38797581155593075,20.423629224193565,47.353399164626424,4.6515909578454435,12.92253,,,None,1.0,1.0,68.1545817428752,56.07278361578165,46.46659084152853,49.73479723411042,49.977799852786376,43.50584821023673,,,None,1.0,1.0,38.96043299738709,43.398735018708805,66.30608780014553,25.514551582338846,39.83394901430086,48.80057286072324,C,C,B,E,C,C,36.74671016762383,C,59.16757940854327,68.34604421847314,,,None,1.0,41.13559576836039
481027,285023_43908,Louicius Deedson,Haiti,FW,0,2,0,1,1,0,0.05,0.0,1,0,3,30,4,3,1,0,0,0,1,15,87,5,20,5,60,0,0,,,,41,21,16,4,15,26,0,14,14,54,5.91,145,67,13276.69,,,,,,,Round of 16,0.0,129.0,869.0,0.0,False,,,None,1.0,1.0,13.27669,5.91,129.0,0.024892292645837116,0.019017711581419558,0.03272960332727599,0.6408161186332548,0.07567256964334484,0.3453501365477562,0.29138364609158135,1.350976632957224,11.242919275865848,1.3813452299851452,0.08891526933093019,29.438222697990472,1.375282573820737,10.869103419772431,1.6149898203795603,0.831037487412154,0.400411887880348,6.162457663056372,6.076341393742952,0.1806184754381941,21.957668354751736,52.74083821925856,4.742110842563647,13.27669,,,None,1.0,1.0,55.40801882055768,73.03811403213388,53.76696263302667,46.92737369770025,57.55311396187853,46.89880830178593,,,None,1.0,1.0,27.323628219484892,32.49634371023191,44.986660198884316,61.9729953155139,46.801506894407666,36.21271223170709,D,D,C,A,C,D,30.065805278675377,D,40.71632071632072,56.22847883329957,,,None,1.0,33.83496727526222
485664,285023_43908,Ruben Providence,Haiti,FW,1,4,0,4,0,0,0.19,0.0,1,0,7,100,9,3,4,0,0,0,0,48,88,7,29,3,67,0,0,,,,100,31,61,8,44,56,4,27,47,144,6.09,312,115,24005.38,,,,,,,Round of 16,0.0,237.0,1032.0,0.0,False,,,None,1.0,1.0,24.005380000000002,6.09,237.0,0.022596468896786542,0.017263702237144917,0.05623939736408082,0.9606913858656462,0.2581822321771504,0.8819652882292418,0.2645092434682506,1.6053535791783682,16.45911730129334,0.8749654043087705,0.08071458689932152,43.77713343837602,2.006395709158536,23.13087036475801,2.413483649927977,0.7543906462755177,0.9319486774289336,11.847228213834532,7.410808239515571,0.9219158452387605,29.02797630294058,79.52119205531923,6.3377128945100285,24.005380000000002,,,None,1.0,1.0,63.70858744531014,65.0752502501891,66.69538416287348,71.28428773334508,74.185248505749,68.90262511686409,,,None,1.0,1.0,28.014184397163117,25.126783034815475,73.07785593014798,51.38520889416453,76.00672981968474,75.74763977613208,D,E,B,B,A,A,30.65440424569626,D,43.526073075558706,45.36095261721657,,,None,1.0,34.47816493502073
405879,285023_43908,Wilson Isidor,Haiti,FW,2,5,20,2,3,1,0.15,6.67,0,0,7,88,1,3,2,0,0,0,1,21,86,0,0,1,100,0,0,,,,55,34,18,3,44,11,1,18,22,64,6.78,287,110,22699.6,,,,,,,Round of 16,1.0,201.0,108.0,0.0,False,,,None,1.0,1.0,22.6996,6.78,201.0,0.21947722726760885,0.017865392256511962,0.05035577499428408,1.190267468854884,0.46327383666450117,0.5205179207534294,0.07763495064348132,0.2886523586575702,11.738248643819185,0.5132740706063736,0.08352772400557687,29.615436839953684,2.076324410228464,21.583929713062837,0.9288548967617801,0.7806833450450316,0.5722433758207128,7.357808277417971,8.257375986641152,0.3657676643837592,29.059219313382275,77.39040574540351,6.302545956647977,22.6996,,,None,1.0,1.0,77.60619987424407,49.856927082779485,53.35407542074454,59.49940059718588,59.24880530586587,67.43435962159558,,,None,1.0,1.0,65.8641284061217,56.39043476609241,49.759883579917535,34.57606460775378,76.68336929885521,62.89596170878323,B,B,C,E,A,B,53.6289166077596,B,65.13049962714392,49.80883124672014,,,None,1.0,59.58380292172099
506483,285023_43908,Yassin Fortune,Haiti,FW,0,0,0,0,0,0,0.0,0.0,0,0,0,0,0,0,1,0,0,0,0,5,100,0,0,0,0,0,0,,,,4,0,4,0,0,4,0,1,3,9,2.25,24,5,1501.22,,,,,,,Round of 16,0.0,13.0,549.0,0.0,False,,,None,1.0,1.0,1.50122,2.25,13.0,0.016801521392674466,0.01283636234400329,0.015046770498423541,0.1507432499350753,0.05107662503373039,0.09220674940299747,0.05578105102367923,0.2073979800711736,6.179681708996922,0.22789583617023645,0.0600150344146332,13.529660322750612,0.50559138174836,3.1094911671850487,0.5264924743608471,0.1382429180189255,0.2702655394511409,2.609634704738722,1.1425706607874344,0.12191183922524593,6.085324364855661,18.55026854328107,1.5416859531487295,1.50122,,,None,1.0,1.0,10.033470907335902,8.2393589203077,28.485406818441266,10.63064809999214,46.90293751786058,9.969049040846135,,,None,1.0,1.0,14.17506532288167,16.427662443731126,10.536017463012369,31.93717277486911,7.784645770088878,9.61199992462359,F,F,F,E,F,F,13.57089475548571,F,20.923261390887294,10.033167495854062,,,None,1.0,15.809981774285054
295922,285023_43908,Johny Placide,Haiti,GK,0,0,0,0,0,0,0.0,0.0,0,0,0,0,0,0,0,1,0,0,0,105,64,0,0,2,0,0,0,13.0,56.0,48.0,12,0,0,12,9,3,0,0,2,187,2.51,16,4,12868.53,,,,,,,Round of 16,0.0,306.0,1141.0,0.0,False,,,None,1.0,1.0,12.86853,2.51,306.0,,,,,,,,,,,,,,,,,,,,,,,,,,,,,,,,,,,,,,,,,,,,,,,,,,,,,,,,,,,,,
466838,285023_43908,Danley Jean Jacques,Haiti,MF,0,0,0,0,0,0,0.0,0.0,0,0,11,78,25,5,3,1,0,0,0,116,88,2,0,1,0,3,100,,,,73,2,27,44,36,37,0,11,30,243,6.87,470,138,33149.8,,,,,,,Round of 16,0.0,288.0,1092.0,0.0,False,,,None,1.0,1.0,33.149800000000006,6.87,288.0,0.02154857728998108,0.016463113049545546,0.019298043877815457,0.19333383544571026,0.0655076749615425,0.11825859216741619,0.0715412766027372,0.6273987992296269,27.9835475203517,0.4729864829423536,0.6190762598229631,59.63646339880508,2.6361571742016636,18.082761581533298,5.1927857324851034,1.0808095968472153,0.708028786876005,8.225896431804605,1.8267926111899742,0.1563564768161027,31.837965483074278,104.38431561634347,7.696218114543955,33.149800000000006,,,None,1.0,1.0,43.89061300127896,48.327351060353166,61.11172834640044,79.61497505158208,68.8351371304305,86.94171207121684,,,None,1.0,1.0,,,,,,,,,,,,,,,,,,,,,
523215,285023_43908,Dominique Simon,Haiti,MF,1,1,0,0,1,0,0.01,0.0,1,0,2,26,6,1,1,0,0,0,0,30,73,1,100,2,0,0,0,,,,47,2,24,21,34,13,1,2,11,64,4.37,150,36,7878.3,,,,,,,Round of 16,0.0,68.0,722.0,0.0,False,,,None,1.0,1.0,7.8783,4.37,68.0,0.025050219011249507,0.01913836732459462,0.024534629836844624,0.434816134881933,0.286218235707201,0.13747560193373728,0.2932322970303509,0.5192854733878663,14.465232267900017,0.7599123104945932,0.08947938230818323,31.72564590708996,1.1739423303125252,10.097798950588032,2.045367082414529,0.4161787719375634,0.4029522562996237,5.571357976423308,2.1236462334670163,0.3918299590586289,15.584943657410856,54.125774415562695,3.6381807622315203,7.8783,,,None,1.0,1.0,57.00284118203018,66.80568922815411,40.62279290441297,39.863686719964065,37.676378500129225,35.61296869386098,,,None,1.0,1.0,,,,,,,,,,,,,,,,,,,,,
430697,285023_43908,Jean Ricner Bellegarde,Haiti,MF,0,6,0,1,5,1,0.29,0.0,5,0,13,89,17,4,5,1,0,0,0,130,86,12,25,5,60,4,100,,,,109,8,53,48,82,27,0,17,58,299,6.64,431,112,32370.02,,,,,,,Round of 16,0.0,292.0,1096.0,0.0,False,,,None,1.0,1.0,32.370020000000004,6.64,292.0,0.021470503080896642,0.01640346435380503,0.07144171534704057,1.2729145593227589,0.06527032936592579,0.2978769885214531,0.9715164082960386,2.425594301392496,30.402814451744277,1.191460241856744,0.7968801074589323,69.50301480084794,2.9866996576857425,19.997760163788524,3.733596433972347,0.8968467698035869,1.065557211790366,13.237404884604386,2.9004550324212346,0.15578997035498598,27.041392489399104,96.98428541492262,7.527936443563575,32.370020000000004,,,None,1.0,1.0,58.48170777264308,64.89942197802239,75.44421227274105,83.57872990266334,74.99525078092826,78.91775182716081,,,None,1.0,1.0,,,,,,,,,,,,,,,,,,,,,
489603,285023_43817,Ali Nemati,IR Iran,DF,0,1,0,1,0,0,0.06,0.0,0,0,5,24,10,3,0,1,0,0,1,129,88,3,33,3,0,2,100,,,,28,3,1,24,12,16,1,4,22,265,6.14,369,108,31613.92,,,,,,,Round of 16,0.0,309.0,1150.0,0.0,False,,,None,1.0,1.0,31.613919999999997,6.14,309.0,0.02114562381905736,0.016155256597759824,0.029576525006540986,0.3670410392236823,0.06428269640993439,0.2933696858380864,0.07020347107927043,0.792989087379743,29.765454106822993,0.818786748438993,0.43017717291987223,62.42237021271892,1.5229266235585726,8.169202947098976,2.4358442911849782,0.7059536997405029,0.1628213034067417,6.653494029803975,1.9699545091484758,0.33075514875017986,25.922927734754076,84.52278003456442,7.279954509722045,31.613919999999997,,,None,1.0,1.0,44.61237358296303,49.34749743042904,65.0981272992126,46.23286548445568,59.19067911030176,72.01490379285312,,,None,1.0,1.0,,,,,,,,,,,,,,,,,,,,,
481181,285023_43817,Arya Yousefi,IR Iran,DF,1,1,0,1,0,0,0.06,0.0,0,0,1,12,2,0,1,0,0,0,0,18,89,0,0,0,0,0,0,,,,19,6,12,1,8,11,1,7,21,42,2.27,84,31,5813.32,,,,,,,Round of 16,0.0,51.0,686.0,0.0,False,,,None,1.0,1.0,5.81332,2.27,51.0,0.02430972988218967,0.018572633629992907,0.03400218125108457,0.4219628891328523,0.27775757147170316,0.33726779022330344,0.08070830320886971,0.30007930566574925,11.591365402425678,0.3297371761220207,0.0868343551391815,26.30299808063652,0.9353843842446982,6.945322240314765,1.1694816808479886,0.2000204574706566,0.3910409127227071,7.445227525612114,2.876294826687506,0.3802473926550148,14.104969863595308,39.07131095206512,3.1096769151553048,5.81332,,,None,1.0,1.0,58.74281023094717,40.0245492234195,38.16400542052871,30.806433326921102,49.900506309552725,29.965852981276765,,,None,1.0,1.0,,,,,,,,,,,,,,,,,,,,,
288961,285023_43817,Ehsan Hajisafi,IR Iran,DF,0,1,0,0,1,0,0.08,0.0,0,0,1,27,2,2,1,1,0,0,0,20,55,2,0,2,0,1,100,,,,15,1,8,6,3,12,1,2,7,47,4.41,134,48,11464.24,,,,,,,Round of 16,0.0,104.0,822.0,0.0,False,,,None,1.0,1.0,11.46424,4.41,104.0,0.02523068825225008,0.01927624582471906,0.03952191076028569,0.4379486798629452,0.07670129228684025,0.13846601712834847,0.08376588499747027,0.7346055055132902,12.453654662165397,0.7653869451810352,0.3017029633007948,28.357364849582694,0.970820815750467,10.382125447541881,1.2137867368000235,0.6307559926670288,0.4058552444060832,4.765179919712183,1.9273666687697721,0.3946528188220841,18.236169573125974,51.13044950239294,4.423100701915191,11.46424,,,None,1.0,1.0,61.45503679422081,63.49290684162312,36.48705028002999,35.54992547270051,35.561546667488805,36.44875848177951,,,None,1.0,1.0,,,,,,,,,,,,,,,,,,,,,
390534,285023_43817,Hossein Kanani,IR Iran,DF,1,1,0,1,0,0,0.02,0.0,0,0,2,17,5,1,0,1,0,0,0,34,97,0,0,0,0,3,67,,,,4,0,0,4,1,3,0,2,8,75,3.94,123,27,14749.2,,,,,,,Round of 16,0.0,154.0,907.0,0.0,False,,,None,1.0,1.0,14.7492,3.94,154.0,0.024410950602599776,0.01864996626038623,0.02595556706361849,0.42371985590423744,0.27891409692961555,0.33867210400477976,0.08104435600063126,0.3013287742384916,14.914906379895019,0.3311101339736633,0.7013103368456232,33.16777699450091,1.1439839397288571,7.9977651705854536,1.7884655835716274,0.4055581086559032,0.18796431964001828,4.815065431018495,1.6600422847791951,0.17712585757246394,13.344880831626833,47.217483339860145,4.951842562545903,14.7492,,,None,1.0,1.0,53.602596323077925,39.57656053894956,46.64021074400571,36.7082689360606,59.81784946386818,36.415192060207076,,,None,1.0,1.0,,,,,,,,,,,,,,,,,,,,,
390537,285023_43817,Milad Mohammadi,IR Iran,DF,1,1,0,1,0,0,0.06,0.0,0,0,23,62,22,1,1,0,0,0,2,80,83,4,0,4,75,0,0,,,,57,31,18,8,20,37,4,12,26,174,6.7,299,142,26000.62,,,,,,,Round of 16,0.0,235.0,1030.0,0.0,False,,,None,1.0,1.0,26.000619999999998,6.7,235.0,0.022639390365147526,0.017296494238972712,0.03166586623300094,0.39296950698259403,0.258672643336539,0.3140938709504201,0.07516277601228978,1.038856221173343,22.56554570475205,1.0664762774188228,0.08086790238430697,49.55575398637109,5.0477891572773,15.960548844500995,4.886103662265052,0.3761258005509243,0.3641722024381264,7.882904919777815,7.424884897812698,0.9236670029954722,34.209034479303796,77.2042050583446,6.728545345603509,26.000619999999998,,,None,1.0,1.0,57.62404386508143,60.03746002626736,63.77579715077514,83.07658306169078,57.466817483986866,74.678879948398,,,None,1.0,1.0,,,,,,,,,,,,,,,,,,,,,
384797,285023_43817,Ramin Rezaeian,IR Iran,DF,2,4,50,4,0,0,0.97,2.06,7,0,9,82,10,2,3,0,0,0,1,98,69,17,29,12,50,0,0,,,,151,29,67,55,19,132,3,19,43,223,6.79,458,170,34994.84,,,,,,,Round of 16,2.0,309.0,32.0,1.0,False,,,None,1.0,1.0,34.994839999999996,6.79,309.0,0.3757906284572567,0.19347775891685948,0.19094000211692166,0.8990085461809814,0.41892770104813376,0.8253371927953855,1.3114609873129681,3.2755041198471386,24.268456534930905,2.41468926931089,0.07553216828167288,54.97482511531673,2.2322166328349713,18.45390808160676,2.4358442911849782,0.5286311974214033,0.6947888103640407,10.377266578505068,6.5803395694450675,0.6854001533883791,36.91692287853825,100.30448274096429,7.879467704262738,34.994839999999996,,,None,1.0,1.0,91.29218543152692,93.86296945322398,72.93623080499869,71.39746918924877,65.0087958005634,90.87628206447653,,,None,1.0,1.0,,,,,,,,,,,,,,,,,,,,,
448505,285023_43817,Saleh Hardani,IR Iran,DF,0,0,0,0,0,0,0.0,0.0,0,0,5,46,6,0,2,0,0,0,0,29,72,1,0,0,0,0,0,,,,17,3,4,10,1,16,0,3,12,70,3.78,105,37,10101.64,,,,,,,Round of 16,0.0,107.0,832.0,0.0,False,,,None,1.0,1.0,10.10164,3.78,107.0,0.02520227931382898,0.01925454139576534,0.022570153262292676,0.2261148500036736,0.07661492911404011,0.13831010887429343,0.08367156732191221,0.5224376496691606,14.341698674431743,0.3418437166127763,0.09002254170899712,33.18627179234577,1.81509055820802,14.385909072854718,2.057782907493679,0.2073643541941848,0.6167389783549945,5.8165180504363025,2.347877943915393,0.18286773870114306,15.890888384359329,44.943997570250175,4.130147577021306,10.10164,,,None,1.0,1.0,50.106719577467615,49.787931890014534,35.85289300868725,56.623060120242805,33.94785501337084,33.89901374581021,,,None,1.0,1.0,,,,,,,,,,,,,,,,,,,,,
346743,285023_43817,Shoja Khalilzadeh,IR Iran,DF,0,2,0,2,0,2,0.18,0.0,0,0,8,26,12,4,0,1,0,0,1,141,84,0,0,1,0,2,100,,,,32,0,1,31,22,10,0,3,17,297,5.59,255,78,28814.55,,,,,,,Round of 16,0.0,309.0,1150.0,0.0,False,,,None,1.0,1.0,28.81455,5.59,309.0,0.02114562381905736,0.016155256597759824,0.05085522528483294,0.544363541542782,0.06428269640993439,0.4706921881571861,0.07020347107927043,0.26102158042244406,31.89332413465219,0.4641417438007937,0.43017717291987223,68.09669028693011,2.0548941305158714,8.523847951737174,2.7904892958231775,0.8832762020596027,0.1628213034067417,5.766881518208477,1.4379870021911767,0.15343264643108018,20.603252665181085,64.30801477018706,6.783563216405029,28.81455,,,None,1.0,1.0,41.85041084879494,35.17921611042443,55.311877765761054,48.60236135103124,51.510850587601894,54.19722760220971,,,None,1.0,1.0,,,,,,,,,,,,,,,,,,,,,
416989,285023_43817,Ali Alipour,IR Iran,FW,0,1,0,1,0,0,0.04,0.0,0,0,2,13,4,1,1,0,0,0,0,8,50,0,0,1,100,0,0,,,,17,10,7,0,13,4,0,5,7,21,2.2,51,27,4655.69,,,,,,,Round of 16,0.0,42.0,653.0,0.0,False,,,None,1.0,1.0,4.65569,2.2,42.0,0.02356486042669135,0.018003553365992186,0.029008133719831034,0.409033610650858,0.0716371756971417,0.32693363692426536,0.07823533661661526,0.2908846371070779,9.260099919629134,0.5172434497302246,0.08417368144414149,21.34724996147018,1.1043331457651626,6.930121726622203,1.528867197941133,0.3915013544933996,0.3790591081881067,4.450564272897935,3.5786015974825514,0.17098662725607242,12.882343638621919,31.353015377898934,2.785635044337625,4.65569,,,None,1.0,1.0,43.77376352766903,35.710052114791225,23.801076835005922,27.2609260087181,23.153350677985827,21.33338218038157,,,None,1.0,1.0,52.25830533781263,56.77030902771182,36.57530924084404,54.68130656887891,34.163344427782455,31.897412704694066,B,B,D,B,D,D,46.60886810485821,B,49.35021659446851,76.64760758350887,,,None,1.0,51.91257170751945
405639,285023_43817,Amirhossein Hosseinzadeh,IR Iran,FW,0,1,0,1,0,0,0.09,0.0,0,0,3,13,3,0,0,0,0,0,0,14,71,0,0,3,67,1,100,,,,15,4,9,2,8,7,0,3,8,33,4.82,47,17,3200.06,,,,,,,Round of 16,0.0,26.0,603.0,0.0,False,,,None,1.0,1.0,3.20006,4.82,26.0,0.021098075521278084,0.016118929698256457,0.03481773207125479,0.366215706437118,0.06413814958468537,0.2927100113209852,0.07004561073064323,0.2604346442346566,9.352289278614972,0.8169456149512491,0.25228609862221635,21.235691235211537,1.1656546071669334,6.204672080056721,1.191900613115403,0.17359496538907607,0.16245518151384125,4.16160008503333,2.1424486191898393,0.15308763598239378,9.764573805068107,27.363266258852285,2.236497405888355,3.20006,,,None,1.0,1.0,31.87821940392822,27.179492932720578,24.57705199266679,20.008180999736116,18.58181188268363,16.481850866942178,,,None,1.0,1.0,43.29973870847332,47.04552793025508,26.213480916367164,41.43332556118448,23.846504251024932,27.18638702018203,C,C,E,D,E,E,37.85400986955284,C,44.01536595228467,58.316859644168304,,,None,1.0,42.34560906576185
403236,285023_43817,Mehdi Ghayedi,IR Iran,FW,0,1,0,0,1,0,0.05,0.0,1,0,3,13,2,2,1,0,0,0,0,9,67,3,33,1,100,0,0,,,,6,3,3,0,4,2,5,7,11,29,1.86,50,24,4683.23,,,,,,,Round of 16,0.0,50.0,678.0,0.0,False,,,None,1.0,1.0,4.68323,1.86,50.0,0.02424214945122872,0.018521002180738738,0.03187476327022646,0.42078984303010564,0.07369613433173532,0.1330409161883432,0.2837732143317609,0.9091129272870118,9.729538197951744,0.532109793310148,0.086592957839789,23.587115798767876,1.3393625957474196,7.129303699235661,1.1662305515110662,0.606042961992073,0.38995382892814273,5.391637200860232,2.258430965742402,1.192347427186523,12.642733458938865,32.050858243840196,2.8712969120507035,4.68323,,,None,1.0,1.0,52.47892165484603,61.86542299902542,30.11323173737312,31.17477058420583,32.622998250586306,26.49975493571769,,,None,1.0,1.0,50.989175065322875,56.48540333149727,38.82852292020373,75.94166649002692,33.82045279982444,31.66186142046847,B,B,D,A,D,D,47.63551733909386,B,43.81298529654716,64.51573405167137,,,None,1.0,53.034453365238704
388475,285023_43817,Mehdi Taremi,IR Iran,FW,2,5,0,4,1,1,1.34,0.0,0,0,17,100,7,3,5,0,0,0,2,71,82,2,0,4,25,0,0,,,,94,53,29,12,63,31,3,55,69,185,6.23,345,156,30405.34,,,,,,,Round of 16,0.0,293.0,1099.0,0.0,False,,,None,1.0,1.0,30.40534,6.23,293.0,0.0214510815544876,0.016388626307628523,0.2602552946288909,1.0918791187514671,0.42497929394348405,0.8372595476067114,0.07121759076089883,0.6245601567264366,19.762156866283583,1.0104984822407532,0.0766232633126297,48.93336826646297,3.7035339972892958,21.958394866344218,1.9313791126538693,0.7161515080570865,1.064593343014159,15.204154787073865,10.99261150950418,0.6953010567861246,34.93182784803186,81.42653229142641,7.1677124113890045,30.40534,,,None,1.0,1.0,69.61880206548514,60.775866868068306,67.78229957418947,81.27099122925753,69.51839711477686,79.71320763312511,,,None,1.0,1.0,40.126913027248975,33.97785333054758,80.61363085132186,18.9223562329101,87.30843787718081,84.71743267944298,C,D,A,F,S,S,37.105521015663406,C,65.13953488372093,49.29824561403508,,,None,1.0,41.527690064623116
481180,285023_43817,Shahriyar Moghanloo,IR Iran,FW,0,3,0,2,1,1,0.51,0.0,0,0,6,52,4,1,1,0,0,0,1,25,60,2,0,2,50,1,0,,,,19,13,6,0,15,4,4,22,17,66,7.1,168,47,12254.16,,,,,,,Round of 16,0.0,108.0,835.0,0.0,False,,,None,1.0,1.0,12.25416,7.1,108.0,0.025191895452521887,0.019246608125726723,0.13030020879504864,0.8597825971976037,0.07658336217566655,0.5607603963751583,0.08363709290237267,0.7334760315976483,13.490775049132498,0.764210144049725,0.30123908762226725,32.32758381243355,2.0255963403524437,15.647503602613803,1.634427784163662,0.41853255284920915,0.40523123205027767,6.870389709801663,4.459446940209467,1.027806941666935,17.996877379720036,58.23445884709195,4.5831735494935995,12.25416,,,None,1.0,1.0,77.08819382151306,65.46727889223452,44.91324624214759,56.08351936558079,42.59022587735495,43.262274295346884,,,None,1.0,1.0,46.40724150802539,52.97156641151778,46.274557361144794,40.57485639188588,44.78987601038733,60.08819040081406,B,B,C,D,C,B,43.556682498326836,B,58.320935175345376,62.894602851323825,,,None,1.0,48.57726405449068
380007,285023_43817,Alireza Beiranvand,IR Iran,GK,0,0,0,0,0,0,0.0,0.0,0,0,0,0,0,0,1,0,0,0,0,93,67,0,0,2,0,1,100,15.0,75.0,65.0,32,0,0,32,18,14,0,0,4,185,2.59,19,0,13335.74,,,,,,,Round of 16,0.0,309.0,1150.0,0.0,False,,,None,1.0,1.0,13.33574,2.59,309.0,,,,,,,,,,,,,,,,,,,,,,,,,,,,,,,,,,,,,,,,,,,,,,,,,,,,,,,,,,,,,
379886,285023_43817,Alireza Jahanbakhsh,IR Iran,MF,0,1,0,1,0,0,0.04,0.0,0,0,2,20,0,2,0,0,0,0,0,11,64,2,50,1,100,0,0,,,,35,16,13,6,20,15,1,6,10,30,4.37,84,30,6517.05,,,,,,,Round of 16,0.0,58.0,702.0,0.0,False,,,None,1.0,1.0,6.51705,4.37,58.0,0.02469826460860442,0.018869474160973777,0.030403344193062183,0.4287069885729091,0.07508272441015745,0.3426582346765313,0.08199823850056669,0.7191036953376336,10.326827421143186,0.5421214196556207,0.08822220118193498,24.238020680377947,1.1574484956111448,8.713240397733841,0.7739448197752281,0.6174456382086178,0.19017663748625405,5.285966499559489,4.9934073225157,0.3863247665045439,14.12329097868696,39.69577536137754,3.305130344831605,6.51705,,,None,1.0,1.0,54.933473412402186,59.827454776944855,31.836880141365132,29.88625475241347,32.756808284941926,28.76877758085391,,,None,1.0,1.0,,,,,,,,,,,,,,,,,,,,,
390535,285023_43817,Mehdi Torabi,IR Iran,MF,0,0,0,0,0,0,0.0,0.0,0,0,1,13,1,0,0,0,0,0,0,20,85,2,0,1,100,0,0,,,,15,5,6,4,6,9,1,6,11,45,2.34,65,18,3461.66,,,,,,,Round of 16,0.0,29.0,612.0,0.0,False,,,None,1.0,1.0,3.4616599999999997,2.34,29.0,0.021720318802235433,0.016594323564907868,0.01945184870652996,0.1948747002936563,0.06602976915879573,0.11920110958666806,0.07211145842342163,0.6323991487708637,10.720965944757967,0.47675617097155615,0.07758497876158497,24.047694402532564,0.8357496001349035,6.387665808961768,0.8627696767248841,0.17871478310479313,0.16724645477721287,4.830763010692555,2.3877773935173923,0.339744399967055,10.234701100888545,31.448839940281662,2.3501064704465056,3.4616599999999997,,,None,1.0,1.0,25.858964404239,35.394961992512094,30.72479880875526,19.635350537266806,31.387751247485713,19.106361415239515,,,None,1.0,1.0,,,,,,,,,,,,,,,,,,,,,
482670,285023_43817,Mohammad Ghorbani,IR Iran,MF,0,2,0,1,1,0,0.18,0.0,0,0,5,23,3,2,1,0,0,0,0,19,84,0,0,0,0,0,0,,,,9,1,2,6,7,2,0,4,14,53,2.39,191,53,12481.86,,,,,,,Round of 16,0.0,104.0,823.0,0.0,False,,,None,1.0,1.0,12.481860000000001,2.39,104.0,0.02523068825225008,0.01927624582471906,0.06067980524666143,0.6495276247267028,0.07670129228684025,0.350044961992106,0.08376588499747027,0.31144761578577496,12.24207571730164,0.34222905545352006,0.0901240184370373,29.62683851876524,1.8171365952054972,9.53580966808685,1.425365681663781,0.6307559926670288,0.4058552444060832,6.246232533758485,1.9273666687697721,0.18307387395832656,19.294064297444763,63.19044935962712,4.638407667787447,12.481860000000001,,,None,1.0,1.0,66.33226301378046,48.22824817359744,42.333819585789605,44.154830373003726,48.025642950889456,42.68924719416671,,,None,1.0,1.0,,,,,,,,,,,,,,,,,,,,,
448497,285023_43817,Mohammad Mohebbi,IR Iran,MF,1,2,50,2,0,1,0.24,4.15,0,0,8,133,15,1,1,0,0,0,0,69,71,1,0,3,33,1,0,,,,95,41,41,13,36,59,3,43,61,159,6.83,470,170,30775.81,,,,,,,Round of 16,1.0,271.0,129.0,0.0,False,,,None,1.0,1.0,30.77581,6.83,271.0,0.20542905520210858,0.016721874509538055,0.06365139216666413,0.5634561589389022,0.25007908661501127,0.4872009092121605,0.07266573739746904,0.45371824949032813,19.796919254641953,0.8475042890602001,0.26172311441484664,45.15629856646543,2.126966017094244,28.461778280965085,3.4389862756596568,0.3636302449337068,0.3520737662150732,14.044983530388427,9.013635110479601,0.7094393880050089,38.21172061970295,106.02499182550974,7.381458220474771,30.77581,,,None,1.0,1.0,78.07373354235003,56.997206735472346,61.55344849980517,74.08601781321403,58.81059725212589,89.05580938102803,,,None,1.0,1.0,,,,,,,,,,,,,,,,,,,,,
371736,285023_43817,Saeid Ezatolahi,IR Iran,MF,2,6,0,2,4,2,0.49,0.0,0,0,22,96,22,7,4,2,0,0,0,99,79,0,0,4,50,0,0,,,,60,1,22,37,50,10,0,6,40,227,6.6,406,65,32836.4,,,,,,,Round of 16,0.0,298.0,1105.0,0.0,False,,,None,1.0,1.0,32.836400000000005,6.6,298.0,0.021354556893293415,0.01631488146647617,0.10687082560989272,1.2660404963470557,0.42306699025575434,0.4753429455305366,0.07089712888573416,0.26360065029081386,24.687319878515936,1.0059514843009167,0.07627847722284409,56.234311867836546,4.582241836334552,21.143289143762434,4.608806905109808,1.4292272746685164,0.8807283626786441,9.942577289461491,1.6312698556215968,0.154948664817737,18.47885735290078,91.98368134455963,7.570800465878201,32.836400000000005,,,None,1.0,1.0,58.594567524420725,51.29471308989879,61.667111664767596,91.69855116094301,62.37446947657843,66.00287283520797,,,None,1.0,1.0,,,,,,,,,,,,,,,,,,,,,
411644,285023_43817,Saman Ghoddos,IR Iran,MF,0,4,0,2,2,0,0.16,0.0,0,0,9,102,18,3,0,0,0,0,1,64,70,1,100,6,50,2,100,,,,41,7,15,19,30,11,1,20,38,162,6.9,338,99,26206.79,,,,,,,Round of 16,0.0,228.0,1023.0,0.0,False,,,None,1.0,1.0,26.20679,6.9,228.0,0.022790531909653442,0.017411966378975227,0.05098890252208238,0.9689419964202394,0.06928321700534647,0.5073071111835924,0.07566456594004942,0.4724426619244692,19.658332882619483,1.4558287910127823,0.46364045204469645,47.59319430054636,2.405859710510656,23.711755596817515,4.154258156491629,0.76086950464775,0.1754870957043315,10.228927564693002,2.887661684206023,0.35648443556815257,26.21941301652462,85.17316075951798,6.812867858935575,26.20679,,,None,1.0,1.0,54.88880261123625,61.09219404141728,58.60197460806662,74.48666688845807,56.233383614511645,69.11602793621809,,,None,1.0,1.0,,,,,,,,,,,,,,,,,,,,,
484276,285023_43818,Ahmed Maknazi,Iraq,DF,0,0,0,0,0,0,0.0,0.0,0,0,2,23,5,0,0,0,0,0,0,5,60,0,0,0,0,0,0,,,,1,0,1,0,1,0,0,1,9,16,2.2,55,16,4276.36,,,,,,,Round of 16,0.0,38.0,642.0,0.0,False,,,None,1.0,1.0,4.2763599999999995,2.2,38.0,0.02311511116952537,0.017659944933517382,0.02070096895898014,0.20738877741298162,0.07026993795535715,0.12685573009835524,0.07674216908282423,0.28533293227662115,8.501850895361594,0.3135333679034421,0.08256717709754462,19.97063417985056,1.0832562964658952,8.73623812262058,1.6935260514895907,0.19019113470285476,0.17798635600534538,4.753299000456519,1.5719200199724033,0.1677232466460761,10.504256472372495,31.529977333210354,2.658940917925392,4.2763599999999995,,,None,1.0,1.0,29.317409994529793,27.08698941058359,16.996252726841405,28.1930017409241,17.600799080741936,16.984415048857826,,,None,1.0,1.0,,,,,,,,,,,,,,,,,,,,,
481183,285023_43818,Akam Hashim,Iraq,DF,0,1,0,0,1,0,0.03,0.0,0,0,3,16,7,0,3,0,0,0,0,148,85,0,0,3,33,1,100,,,,20,1,2,17,6,14,1,1,25,313,5.56,270,79,28097.87,,,,,,,Round of 16,0.0,303.0,1131.0,0.0,False,,,None,1.0,1.0,28.09787,5.56,303.0,0.02125900439343042,0.016241879356580842,0.024386912573183813,0.3690090740379667,0.0646273733560285,0.11666941611114616,0.070579894586189,0.2624211502325051,33.31224573548966,0.8231769954528172,0.25421045031344247,71.31419004638448,1.1745458200674352,6.786819047022698,1.9140851680132982,0.1749190881491455,0.6985141936897412,7.223989213369202,1.6239706213909515,0.3325286224988401,20.891998390028636,67.32692676992386,6.692171058128712,28.09787,,,None,1.0,1.0,36.54433169800136,37.879628392336386,63.409821094708185,38.46558403881241,42.27447969167828,55.139495721355345,,,None,1.0,1.0,,,,,,,,,,,,,,,,,,,,,
436863,285023_43818,Frans Putros,Iraq,DF,0,0,0,0,0,0,0.0,0.0,0,0,1,26,5,2,0,0,0,0,0,28,93,1,0,2,100,1,100,,,,8,5,2,1,1,7,0,6,9,55,1.95,106,32,10283.22,,,,,,,Round of 16,0.0,105.0,829.0,0.0,False,,,None,1.0,1.0,10.28322,1.95,105.0,0.02522169072662866,0.019269371715144295,0.022587537347139558,0.22628900919931233,0.07667393980895114,0.1384166387077381,0.08373601321240716,0.5228400439428508,14.141241508404542,0.7651140002426841,0.301595372888864,30.039280267501837,0.9704746109590562,10.166919580105626,1.8478643686763678,0.6305310585253935,0.19420701859504072,5.186487594261012,2.7726933242403877,0.18300858791241753,14.84561046773718,45.19011803159252,4.171733522213955,10.28322,,,None,1.0,1.0,51.02889368610328,59.000704547845494,51.85011517465238,40.53954927640424,62.752684786762416,38.45775851298931,,,None,1.0,1.0,,,,,,,,,,,,,,,,,,,,,
479553,285023_43818,Hussein Ali,Iraq,DF,0,1,0,1,0,0,0.01,0.0,0,0,9,20,3,1,0,0,0,0,1,40,80,2,0,2,100,0,0,,,,44,24,18,2,3,41,2,10,8,82,4.18,179,71,18211.32,,,,,,,Round of 16,0.0,174.0,943.0,0.0,False,,,None,1.0,1.0,18.21132,4.18,174.0,0.02398196998413144,0.018322225067876414,0.023488367748591372,0.41627370565789035,0.07290518875175957,0.3327205222331764,0.07962014034731636,0.6982483794046446,15.859447288959338,0.7275063827852848,0.08566359678331749,33.99266245740082,2.5316326794048507,8.460540568108435,1.3548214243035315,0.3984311199896965,0.18466116887781206,4.730448908696589,6.457449189847188,0.5762281161253838,21.95909614529661,57.64973537084056,5.561080613923163,18.21132,,,None,1.0,1.0,48.412230068511164,52.82320371013456,44.51798311065346,45.65067213800392,40.32223528113829,46.103119036703106,,,None,1.0,1.0,,,,,,,,,,,,,,,,,,,,,
479072,285023_43818,Merchas Doski,Iraq,DF,0,1,0,0,1,0,0.02,0.0,0,0,4,65,25,3,8,1,0,0,0,141,82,3,67,13,23,1,100,,,,88,15,45,28,22,66,1,11,58,298,6.21,307,128,31441.23,,,,,,,Round of 16,0.0,303.0,1131.0,0.0,False,,,None,1.0,1.0,31.44123,6.21,303.0,0.02125900439343042,0.016241879356580842,0.022604179706982724,0.3690090740379667,0.0646273733560285,0.11666941611114616,0.070579894586189,0.7972410100928321,32.064332729148894,2.6059098616539074,0.25421045031344247,68.64009074708285,1.3528191066875443,15.52221009140804,5.123004327175259,0.7097389480094725,1.589880626790286,13.107007671832797,4.119796634072477,0.3325286224988401,29.627389434413974,73.92303837486789,7.288202833682918,31.44123,,,None,1.0,1.0,47.14225400418573,61.502764454681916,75.7105854371468,63.07509820110218,64.57259430864424,73.62183129349242,,,None,1.0,1.0,,,,,,,,,,,,,,,,,,,,,
434024,285023_43818,Munaf Younus,Iraq,DF,0,0,0,0,0,0,0.0,0.0,0,0,2,11,5,0,0,0,0,0,0,19,89,0,0,0,0,0,0,,,,2,0,0,2,1,1,0,0,8,40,1.95,63,22,8749.67,,,,,,,Round of 16,0.0,89.0,770.0,0.0,False,,,None,1.0,1.0,8.74967,1.95,89.0,0.025296249153010802,0.01932633435290025,0.022654308891470347,0.2269579474008129,0.07690059742515283,0.13882581535172328,0.08398354718799586,0.31225689954476527,12.273886245147057,0.3431183235114385,0.09035820197455459,26.946149222211975,1.185472177529297,7.015043387338943,1.8533268835009857,0.20813753803097285,0.19478111847818316,4.989690766820082,1.720246127401347,0.18354958385424633,12.768208681929094,36.202170457850045,3.858755675972068,8.74967,,,None,1.0,1.0,55.98808060693662,51.49635631448209,38.89130036243358,35.42293603858824,44.33811237656286,31.63466557930364,,,None,1.0,1.0,,,,,,,,,,,,,,,,,,,,,
479056,285023_43818,Mustafa Saadoon,Iraq,DF,0,0,0,0,0,0,0.0,0.0,0,0,0,6,2,2,0,0,0,0,0,1,100,0,0,0,0,0,0,,,,3,1,2,0,0,3,0,0,0,2,2.01,26,15,2482.84,,,,,,,Round of 16,0.0,24.0,596.0,0.0,False,,,None,1.0,1.0,2.48284,2.01,24.0,0.020625995911539848,0.015758260876416443,0.018471816898538624,0.1850564353183355,0.06270302757108114,0.1131954655625307,0.0684783064263123,0.2546072935320478,6.894482061828485,0.2797710085441265,0.07367605739602033,15.39861684459354,0.6206774689700572,4.855084424297659,0.9922662442030649,0.5156407306792021,0.15882016851885683,2.6847621318296726,1.5756152441278821,0.14966222633413312,9.200156723022644,23.118734604987733,2.0624007280436873,2.48284,,,None,1.0,1.0,18.219225820157376,16.54205315765832,30.8544025465283,16.349310131684618,59.176877065280685,16.13723237121597,,,None,1.0,1.0,,,,,,,,,,,,,,,,,,,,,
396158,285023_43818,Rebin Sulaka,Iraq,DF,0,1,0,1,0,0,0.07,0.0,0,0,2,1,1,1,0,0,1,0,0,29,79,0,0,0,0,3,33,,,,7,0,0,7,2,5,0,1,4,65,3.63,41,15,4423.46,,,,,,,Round of 16,0.0,41.0,652.0,0.0,False,,,None,1.0,1.0,4.42346,3.63,41.0,0.023460366396948682,0.01792371992726879,0.03478150507375533,0.4072198265034804,0.07131951384672401,0.3254839099765111,0.07788841643786963,0.2895947628039345,13.350439516483695,0.31821640980821186,0.674000686340071,29.90885996091566,1.0994361839970934,4.538590349006143,0.9318874606048406,0.38976531390415053,0.18064482125650486,3.840628808452656,1.5953987564580985,0.17022841857625964,10.464418230137637,29.24665201875112,2.7275952572839697,4.42346,,,None,1.0,1.0,45.64655464138884,30.499260574059377,25.933540150988655,21.259167248310906,26.347309321292016,20.34424216471159,,,None,1.0,1.0,,,,,,,,,,,,,,,,,,,,,
434025,285023_43818,Zaid Tahseen,Iraq,DF,0,2,0,1,1,1,0.21,0.0,0,0,1,6,2,3,2,1,0,0,0,64,83,0,0,3,0,1,100,,,,15,0,1,14,4,11,0,2,18,134,4.12,179,49,16808.01,,,,,,,Round of 16,0.0,165.0,924.0,0.0,False,,,None,1.0,1.0,16.80801,4.12,165.0,0.02417775372191429,0.018471803843542512,0.06422997579753824,0.6224213461486405,0.07350037131461944,0.3354367823036784,0.08027014235675542,0.2984501919433099,20.85490294406256,0.9361948611174836,0.28911220617249056,44.813133407850174,0.9303062348776575,5.691120856088997,1.1631326303855314,0.8071823672573492,0.5916672434143655,6.796559993259881,1.6441839641050593,0.17543378100621004,17.677881630993095,58.12037563436203,5.321960023602067,16.80801,,,None,1.0,1.0,56.98690253425384,48.62044245935066,51.08098712375575,34.85264663331126,51.94586559869816,41.19958904754891,,,None,1.0,1.0,,,,,,,,,,,,,,,,,,,,,
523236,285023_43818,Ahmed Qasem,Iraq,FW,0,0,0,0,0,0,0.0,0.0,0,0,3,81,6,0,1,0,0,0,0,16,81,1,0,1,100,0,0,,,,52,37,14,1,31,21,2,11,21,47,6.29,215,78,15459.21,,,,,,,Round of 16,0.0,135.0,876.0,0.0,False,,,None,1.0,1.0,15.459209999999999,6.29,135.0,0.024785547914118983,0.0189361586063869,0.022196945289968392,0.2223759358854755,0.0753480656589217,0.136023086952685,0.08228801907487503,0.51379890036015,11.40255276259368,0.5440372688153751,0.088533977149233,27.857061138029188,1.3693849985564643,21.42264477313132,2.0237565108864244,0.20393548823737098,0.39869481584698147,7.590954093766955,9.375821985957563,0.5955361294813779,24.149815133820443,67.06389834529361,5.175403681008377,15.459209999999999,,,None,1.0,1.0,48.45876080024171,53.79922186229893,44.57374988580701,54.65720865771192,44.34834293247082,50.27930523549319,,,None,1.0,1.0,17.357222844344907,19.770555945981883,36.04656803298569,37.95705534476546,60.334296477817205,61.04923964045451,E,E,D,D,B,B,20.89565208683459,E,43.789876648234795,42.27455485353245,,,None,1.0,23.814186738605713
436628,285023_43818,Ali Alhamadi,Iraq,FW,0,6,0,4,2,2,0.95,0.0,0,0,13,71,11,1,5,0,0,0,0,35,74,0,0,0,0,0,0,,,,100,53,45,2,79,21,5,23,33,90,6.76,258,112,22671.28,,,,,,,Round of 16,0.0,201.0,984.0,0.0,False,,,None,1.0,1.0,22.67128,6.76,201.0,0.023384021278157023,0.017865392256511962,0.2072303397858455,1.386360674844336,0.07108742468559735,0.9127043327323331,0.07763495064348132,0.2886523586575702,14.48355352767151,0.3171808646169218,0.08352772400557687,34.71386019567943,3.2528836461651753,18.25034521124216,2.8897869566562986,0.38849693306612776,1.1605229937890682,9.514833543301942,11.983146900440738,1.1501404883415665,29.451405725361177,71.70370277170942,6.296992597054356,22.67128,,,None,1.0,1.0,68.40428722470449,47.65649496147744,48.89661877973333,81.0786796731404,49.9003478848145,65.62990282685776,,,None,1.0,1.0,36.020903322135126,42.94288590476553,58.054814455493585,25.113200384625017,74.03167404264657,81.13705315921382,C,C,B,E,A,A,37.12281831755096,C,68.28270430602434,46.74543946932007,,,None,1.0,41.54659187165571
464457,285023_43818,Ali Jasim,Iraq,FW,1,4,0,0,4,0,0.11,0.0,3,0,27,58,8,1,0,0,0,0,0,36,81,5,0,4,75,1,100,,,,55,16,32,7,21,34,4,23,39,96,4.46,252,92,15703.59,,,,,,,Round of 16,0.0,144.0,892.0,0.0,False,,,None,1.0,1.0,15.70359,4.46,144.0,0.024613849820002257,0.01880498126248172,0.044747869577876,1.046460559969598,0.2812323782989413,0.13508080781217235,0.7009368059408109,1.3358647364087801,15.451688818403895,1.1594873583430483,0.29432694640318247,37.77799307306799,6.313649389629139,16.526898354963258,2.422549796728666,0.408929031165113,0.18952664361401733,11.253681866970016,4.976340640697585,1.004223193678474,26.872208829198293,74.23635561111959,5.189993428638182,15.70359,,,None,1.0,1.0,64.67421228957365,70.87584420218171,60.673060984709515,76.13199909079368,59.98034187658472,58.92022335843138,,,None,1.0,1.0,34.17319895483389,37.32074683279834,62.21683240358962,51.43820081819531,69.80724918620388,74.10820283792188,C,C,B,B,B,A,36.33128415392155,C,45.845457484642736,44.62996389891696,,,None,1.0,40.68163465937558
434029,285023_43818,Ali Yousif,Iraq,FW,0,0,0,0,0,0,0.0,0.0,0,0,2,17,1,1,0,0,0,0,0,4,100,0,0,0,0,0,0,,,,5,3,2,0,4,1,0,2,3,8,2.35,69,22,4539.67,,,,,,,Round of 16,0.0,38.0,640.0,0.0,False,,,None,1.0,1.0,4.53967,2.35,38.0,0.02311511116952537,0.017659944933517382,0.02070096895898014,0.20738877741298162,0.07026993795535715,0.12685573009835524,0.07674216908282423,0.28533293227662115,8.308012709785325,0.3135333679034421,0.08256717709754462,18.41992869524041,1.0832562964658952,7.5732090091629685,0.9181733091845157,0.3840293202791235,0.17798635600534538,3.590269886998907,2.1534345767012097,0.1677232466460761,11.667285585830108,34.24371193127811,2.7099804505694793,4.53967,,,None,1.0,1.0,30.51879822039178,27.727404692665587,35.74952997672883,25.9626968746629,56.94847515189353,23.80598604941522,,,None,1.0,1.0,45.4087346024636,48.7549621075424,25.580226225387513,61.72923246497234,26.10751086446928,23.502364934893617,C,B,E,A,E,E,40.70850519265124,C,32.025858938040244,35.20093869169844,,,None,1.0,45.46488859984121
395186,285023_43818,Aymen Hussein,Iraq,FW,1,3,33,3,0,3,0.18,5.42,0,1,5,60,3,2,1,0,0,0,0,16,75,0,0,3,67,0,0,,,,78,47,28,3,59,19,1,20,18,43,3.97,126,54,12557.87,,,,,,,Round of 16,1.0,128.0,99.0,0.0,False,,,None,1.0,1.0,12.557870000000001,3.97,128.0,0.23379376047477016,0.019030754534337054,0.05990702179984373,0.8501400066586835,0.28460886420519893,0.7633557804837745,0.08269909038481547,0.3074811962982416,11.459514424248454,0.9645238087812956,0.08897625025739785,27.160684014742884,1.7939945782581248,17.143089674452966,1.4072130359857957,0.6227230435147905,0.40068650311882553,7.0022216565947915,11.511503035821024,0.38962674524808505,19.257230477041492,48.808206045451726,4.595212851903952,12.557870000000001,,,None,1.0,1.0,80.08200316216866,56.911058242013915,47.812550882251074,52.80239804031132,47.327077136632276,43.44968286125259,,,None,1.0,1.0,69.59686450167973,63.26615890140362,53.077855930147955,43.55724187633804,38.498957609451004,54.47264778487572,A,A,C,C,C,C,56.54863397595482,B,66.46404744255004,65.40455616653574,,,None,1.0,62.7743545257859
484262,285023_43818,Marko Farji,Iraq,FW,0,0,0,0,0,0,0.0,0.0,0,0,2,34,2,0,2,0,0,0,0,11,64,2,50,1,100,0,0,,,,40,19,19,2,9,31,2,5,17,36,4.55,96,30,6975.47,,,,,,,Round of 16,0.0,62.0,712.0,0.0,False,,,None,1.0,1.0,6.9754700000000005,4.55,62.0,0.024863737646069854,0.018995895561597365,0.022266968886314308,0.22307745416053873,0.07558576244405237,0.13645219220163135,0.0825476089849519,0.7239215347529049,10.396014934024661,0.5457535160562008,0.08881327087176151,25.651420854697342,1.1652031504953528,11.690642126880356,1.1961336401270632,0.20457883335186272,0.6084543371245565,6.780893783586495,5.652367408756611,0.5974148376097015,14.21791397727761,42.46374982456666,3.4228553895124927,6.9754700000000005,,,None,1.0,1.0,48.32159102651768,62.761550869727536,33.15888803793499,37.298038789707235,31.42650098381763,29.873635782064706,,,None,1.0,1.0,40.56550951847704,43.55068472335656,35.29468833373757,67.03902325285625,26.484034965802277,39.49158610812745,C,C,D,A,E,C,38.33314062464353,C,48.195230583650364,55.775662464625675,,,None,1.0,42.86918419528076
422968,285023_43818,Mohanad Ali,Iraq,FW,0,0,0,0,0,0,0.0,0.0,0,0,1,14,1,0,0,0,0,0,0,2,50,0,0,0,0,0,0,,,,4,4,0,0,3,1,1,0,1,4,2.36,36,16,2367.96,,,,,,,Round of 16,0.0,20.0,576.0,0.0,False,,,None,1.0,1.0,2.36796,2.36,20.0,0.01951355830940313,0.014908358548383988,0.017475562279569062,0.17507564515196486,0.059321217260585514,0.10709040800200437,0.06478501358721839,0.24087536377127217,6.68627305490778,0.26468190490874405,0.06970243028118797,14.895384200281383,0.7508383602829226,5.902322354346946,0.77511322681982,0.1605575577697689,0.15025439898240409,2.7035991674215123,1.981545473818105,0.30522674272939276,8.867594002351264,23.50821785803766,1.9323691478115905,2.36796,,,None,1.0,1.0,12.601471682814363,11.725172448693149,7.4247575719842445,10.093263218925495,7.007557805561625,7.625321172590498,,,None,1.0,1.0,23.81485628966032,26.494330376645326,13.781227261702645,30.294423129915,7.629567316484399,11.903819699625002,E,E,E,E,F,F,20.850286901578087,E,42.482881810062516,67.0857656039515,,,None,1.0,23.76461345929947
433571,285023_43818,Ahmed Basil,Iraq,GK,0,0,0,0,0,0,0.0,0.0,0,0,0,0,0,0,1,0,0,0,0,71,59,0,0,3,0,0,0,3.0,43.0,36.0,12,0,0,12,8,4,0,0,2,124,1.87,10,2,7048.26,,,,,,,Round of 16,0.0,149.0,900.0,0.0,False,,,None,1.0,1.0,7.04826,1.87,149.0,,,,,,,,,,,,,,,,,,,,,,,,,,,,,,,,,,,,,,,,,,,,,,,,,,,,,,,,,,,,,
347085,285023_43818,Jalal Hassan,Iraq,GK,0,0,0,0,0,0,0.0,0.0,0,0,0,0,0,0,1,0,0,0,0,51,65,0,0,0,0,0,0,7.0,51.0,45.0,5,0,0,5,4,1,0,0,0,79,1.8,9,2,7078.62,,,,,,,Round of 16,0.0,154.0,908.0,0.0,False,,,None,1.0,1.0,7.07862,1.8,154.0,,,,,,,,,,,,,,,,,,,,,,,,,,,,,,,,,,,,,,,,,,,,,,,,,,,,,,,,,,,,,
493983,285023_43818,Aimar Sher,Iraq,MF,0,0,0,0,0,0,0.0,0.0,0,0,0,4,2,0,0,0,0,0,0,22,91,1,0,0,0,0,0,,,,27,1,8,18,23,4,0,2,2,49,2.56,41,6,3139.09,,,,,,,Round of 16,0.0,24.0,595.0,0.0,False,,,None,1.0,1.0,3.13909,2.56,24.0,0.020625995911539848,0.015758260876416443,0.018471816898538624,0.1850564353183355,0.06270302757108114,0.1131954655625307,0.0684783064263123,0.427572311691574,10.526747443178534,0.2797710085441265,0.07367605739602033,23.527972698091272,0.6206774689700572,4.509154387978607,0.9922662442030649,0.16971069436014985,0.15882016851885683,3.0306921681487253,1.5756152441278821,0.14966222633413312,7.643471559586909,25.713209877380624,2.175909021210876,3.13909,,,None,1.0,1.0,16.69159034060768,18.336905054460587,31.60481407133766,14.622596986870509,38.5293832043984,14.615273397194475,,,None,1.0,1.0,,,,,,,,,,,,,,,,,,,,,
433074,285023_43818,Amir Alammari,Iraq,MF,0,0,0,0,0,0,0.0,0.0,3,0,19,64,19,3,0,2,0,0,0,125,79,7,43,7,57,0,0,,,,80,5,35,40,49,31,1,6,40,261,6.6,383,104,30575.01,,,,,,,Round of 16,0.0,279.0,224.0,1.0,False,,,None,1.0,1.0,30.57501,6.6,279.0,0.021726506172904426,0.19879270336959262,0.019457389868206283,0.1949302133832985,0.06604857876562946,0.1192350658768995,0.6187129584545237,1.5435475607727875,29.854353507288106,1.5700538983037309,0.0776070800496146,63.4083737354981,4.1154734241714195,15.681361720255362,4.142501197850512,0.7253466507511386,0.1672940975313641,10.115755055629677,2.388457589049661,0.33984118144408815,25.906270742897714,89.39538017533432,7.290656207002971,30.57501,,,None,1.0,1.0,48.73001550252757,87.04950690082124,66.90350152915966,77.0294530193404,61.66456231488427,73.59513814564126,,,None,1.0,1.0,,,,,,,,,,,,,,,,,,,,,
433585,285023_43818,Ibrahim Bayesh,Iraq,MF,0,1,0,1,0,0,0.45,0.0,0,0,14,120,14,3,5,0,0,0,0,48,83,1,0,3,33,0,0,,,,90,50,35,5,42,48,2,24,42,128,6.37,331,112,27586.07,,,,,,,Round of 16,0.0,259.0,1056.0,0.0,False,,,None,1.0,1.0,27.58607,6.37,259.0,0.022132914834218077,0.016909546933342613,0.10334212062733768,0.38417821726683865,0.06728406109602296,0.3070671419844229,0.07348127724960403,0.45881040608782203,16.121467612478888,0.8570159729340362,0.07905877178782697,39.90944247059564,3.2644475484305677,26.368387459106504,3.291980894484335,0.7389147393786486,1.0984319710946497,10.676180352198994,10.785212009097872,0.5317998407855545,27.875678306720904,81.41629118115958,6.8722803899318325,27.58607,,,None,1.0,1.0,58.1247033561492,56.023298590483314,61.35965815338397,88.18352327413511,63.680004330973226,70.8457439169727,,,None,1.0,1.0,,,,,,,,,,,,,,,,,,,,,
506069,285023_43818,Kevin Yakob,Iraq,MF,0,1,0,1,0,0,0.07,0.0,0,0,1,18,2,1,0,0,0,0,0,12,75,0,0,1,0,0,0,,,,6,2,3,1,6,0,0,4,5,28,2.45,47,15,3609.05,,,,,,,Round of 16,0.0,29.0,611.0,0.0,False,,,None,1.0,1.0,3.6090500000000003,2.45,29.0,0.021720318802235433,0.016594323564907868,0.0322017723781924,0.377016467031691,0.06602976915879573,0.3013428763247028,0.07211145842342163,0.2681156152947941,9.26383181085369,0.47675617097155615,0.07758497876158497,20.951284367985973,0.8357496001349035,7.2983746426519405,1.044911443462919,0.36085654984282783,0.16724645477721287,3.737912410264347,1.8413520933032879,0.1576026332290203,9.688275800674441,28.170288138997034,2.3769523454460244,3.6090500000000003,,,None,1.0,1.0,36.15508989057912,25.432557034460963,20.874223674035054,19.00778251713365,21.1638021284384,16.760149177580303,,,None,1.0,1.0,,,,,,,,,,,,,,,,,,,,,
464458,285023_43818,Youssef Amyn,Iraq,MF,0,0,0,0,0,0,0.0,0.0,0,0,2,25,4,0,0,0,0,0,0,6,83,0,0,0,0,0,0,,,,26,15,10,1,18,8,0,5,8,16,2.41,52,18,3954.85,,,,,,,Round of 16,0.0,32.0,626.0,0.0,False,,,None,1.0,1.0,3.95485,2.41,32.0,0.022255088020800135,0.017002887247891302,0.019930766627907767,0.19967264972261878,0.0676554675832324,0.12213592305815114,0.07388689222905645,0.2747168065287568,8.37215639927015,0.3018680139141329,0.07949517441029808,19.2276047579528,1.042952553856546,8.784449214368376,1.4438903284890494,0.1831148642351435,0.17136417776016105,4.389821057677942,4.312828344276205,0.16148291867892575,10.486686495753107,29.796991160791197,2.5000098981513275,3.95485,,,None,1.0,1.0,26.00113840737599,23.996970509650016,23.31429761352194,26.581353950601894,27.62082874085323,18.214958148576148,,,None,1.0,1.0,,,,,,,,,,,,,,,,,,,,,
484270,285023_43818,Zaid Ismael,Iraq,MF,0,0,0,0,0,0,0.0,0.0,0,0,3,52,17,2,0,0,0,0,0,71,89,0,0,0,0,1,0,,,,73,2,28,43,60,13,0,7,32,150,5.13,243,58,16240.49,,,,,,,Round of 16,0.0,126.0,866.0,0.0,False,,,None,1.0,1.0,16.24049,5.13,126.0,0.02494282726973805,0.019056320034079866,0.0223377983896866,0.22378704626408974,0.07582619490000367,0.1368862360563224,0.08281018653553032,0.3078942598176464,22.978984250332992,0.33832450908672684,0.29826078564102315,49.5778267938645,1.3780745781015142,15.492799273407943,4.337413548094332,0.6235595960424424,0.19205976997698296,9.939938381010789,2.1145420389183043,0.18098515466921924,20.119760246150403,73.34607969891907,5.371661197154025,16.24049,,,None,1.0,1.0,48.65103781616643,47.98546634766257,56.301467379039785,55.40761292852762,67.9322872757737,49.515564702482884,,,None,1.0,1.0,,,,,,,,,,,,,,,,,,,,,
434026,285023_43818,Zidane Iqbal,Iraq,MF,0,0,0,0,0,0,0.0,0.0,1,0,6,59,10,1,2,0,0,0,0,128,92,1,100,2,50,5,100,,,,114,0,61,53,92,22,0,8,28,268,6.85,352,61,24227.99,,,,,,,Round of 16,0.0,210.0,1004.0,0.0,False,,,None,1.0,1.0,24.227990000000002,6.85,210.0,0.023184757109525684,0.01771315443167762,0.020763341077006815,0.2080136407866644,0.07048166161295807,0.12723794701707694,0.27139561455586103,0.48061486271222076,32.441400189709974,0.703322487338078,1.054927057156405,69.02520547567416,1.8642090366532618,15.76176040395605,2.6707397583064543,0.3851864024494131,0.5673670716478194,8.461642911066903,1.5766562224761844,0.16822859758671835,19.28490578998308,89.36837692783742,6.545992535787056,24.227990000000002,,,None,1.0,1.0,45.842485950725006,53.70822266951375,73.61364092843675,61.81129330195596,64.28188741423465,59.10432366880658,,,None,1.0,1.0,,,,,,,,,,,,,,,,,,,,,
405527,285023_43819,Ayumu Seko,Japan,DF,0,0,0,0,0,0,0.0,0.0,0,0,1,3,2,1,0,0,0,0,0,50,84,0,0,2,0,0,0,,,,7,1,0,6,4,3,0,2,9,107,3.05,105,26,9712.91,,,,,,,Round of 16,0.0,97.0,792.0,0.0,False,,,None,1.0,1.0,9.712909999999999,3.05,97.0,0.025278914348787984,0.019313090562474017,0.02263878453420056,0.22680241953732577,0.07684789962031549,0.13873068194614846,0.0839259956379761,0.31204291872143886,18.836959401946338,0.7668499106117884,0.09029628205387069,41.13056878701899,0.9726764487761422,5.314369310936132,1.2161067764184483,0.4199782654542416,0.1946476404856675,5.198254831027366,1.9310506495673925,0.18342380251480558,13.607392422345606,45.08066317823364,4.060302229769626,9.712909999999999,,,None,1.0,1.0,54.51109924632921,58.82436970877186,47.41212552813469,31.531683831271508,41.22933987420966,33.581248556822246,,,None,1.0,1.0,,,,,,,,,,,,,,,,,,,,,
403274,285023_43819,Hiroki Ito,Japan,DF,0,1,0,0,1,0,0.04,0.0,0,0,23,34,14,7,0,0,0,0,0,199,89,10,20,11,27,2,50,,,,81,9,19,53,16,65,1,11,46,417,5.85,358,119,39533.62,,,,,,,Round of 16,0.0,405.0,1230.0,0.0,False,,,None,1.0,1.0,39.53362,5.85,405.0,0.01951355830940313,0.014908358548383986,0.024021016825023604,0.3387120087883285,0.05932121726058552,0.10709040800200437,0.06478501358721839,1.8772390001349086,38.922636691271414,2.0646819049087437,0.39697515755391527,82.47720238209956,4.350838360282922,9.17504962707422,2.9023859540925474,1.3060121032243146,0.1502543989824041,10.067235531057875,2.799727291999923,0.30522674272939276,25.72213945689672,76.19912694894676,8.014022602357047,39.53362,,,None,1.0,1.0,46.21529113304225,58.59295810743299,84.95378736197901,64.6174744022656,77.05591567268932,73.6752175891947,,,None,1.0,1.0,,,,,,,,,,,,,,,,,,,,,
498455,285023_43819,Junnosuke Suzuki,Japan,DF,0,0,0,0,0,0,0.0,0.0,0,0,0,22,4,2,0,1,0,0,0,7,86,1,0,1,0,0,0,,,,10,4,5,1,3,7,0,2,4,19,3.0,68,34,5757.46,,,,,,,Round of 16,0.0,58.0,699.0,0.0,False,,,None,1.0,1.0,5.75746,3.0,58.0,0.02469826460860442,0.018869474160973777,0.022118777852881764,0.22159283006839886,0.07508272441015745,0.13554407617202105,0.08199823850056669,0.5119895368331232,9.498370787125145,0.5421214196556207,0.08822220118193498,21.959764936828332,0.7432201786021242,9.127468714742864,1.6024014537932691,0.6174456382086178,0.19017663748625405,4.043281548532427,2.508037420461576,0.17921060800003366,14.951747612705002,36.38194882530537,3.147808501173164,5.75746,,,None,1.0,1.0,43.0007391105166,48.94094651544773,34.641195022770596,30.22156983456894,44.02394043728074,28.649831431076528,,,None,1.0,1.0,,,,,,,,,,,,,,,,,,,,,
400511,285023_43819,Kou Itakura,Japan,DF,0,0,0,0,0,0,0.0,0.0,0,0,4,4,2,1,0,0,0,0,0,110,97,0,0,1,100,0,0,,,,29,0,0,29,24,5,0,0,3,222,2.86,116,34,13382.22,,,,,,,Round of 16,0.0,138.0,196.0,1.0,False,,,None,1.0,1.0,13.38222,2.86,138.0,0.02472970034807052,0.226271262695879,0.02214693044371803,0.22187487152288868,0.07517828905813438,0.135716595510211,0.08210260515559412,0.30526342109658244,30.87037070992267,0.5428114271511817,0.0883344896433079,64.08540277826867,1.5736772293939505,5.40628618933792,1.189685433367044,0.41085374609387737,0.190418692680143,3.8410500309961106,1.6817185424701877,0.17943870572559967,14.97077806889147,46.38238849612098,4.733020742861834,13.38222,,,None,1.0,1.0,44.42968421183034,56.91648456469641,69.40125625934115,38.49373504193106,57.439432733790326,39.42528512921429,,,None,1.0,1.0,,,,,,,,,,,,,,,,,,,,,
390541,285023_43819,Shogo Taniguchi,Japan,DF,0,0,0,0,0,0,0.0,0.0,0,0,3,11,4,2,1,1,0,0,0,127,96,1,0,1,0,0,0,,,,28,1,2,25,17,11,1,0,20,245,4.15,189,56,24756.98,,,,,,,Round of 16,0.0,267.0,1065.0,0.0,False,,,None,1.0,1.0,24.75698,4.15,267.0,0.021968559077127518,0.016783979134925426,0.019674162767112317,0.19710191203998811,0.06678441959446765,0.12056345221527583,0.07293561613606336,0.45540334776683633,30.55540488170233,0.4822049898409319,0.07847169302349949,61.16722502311473,1.2137482433052442,6.092223165228661,1.4253005853159646,0.5492042131241537,0.35338135941265614,6.54398461409071,1.678173345999754,0.34362731918241146,17.352164183092217,54.6519752842969,6.300063117672628,24.75698,,,None,1.0,1.0,36.787264941155115,39.54931880229641,66.81475497034513,36.65505256365358,68.4177897734272,43.82901854981416,,,None,1.0,1.0,,,,,,,,,,,,,,,,,,,,,
403289,285023_43819,Takehiro Tomiyasu,Japan,DF,0,1,0,1,0,0,0.2,0.0,0,0,4,24,11,5,2,0,0,0,0,127,86,1,0,6,33,2,0,,,,37,0,7,30,8,29,1,0,10,258,4.81,202,53,21029.22,,,,,,,Round of 16,0.0,208.0,998.0,0.0,False,,,None,1.0,1.0,21.029220000000002,4.81,208.0,0.023228949039536508,0.017746917066205896,0.05976147853322286,0.4032029354395993,0.07061600508019099,0.3222732769858541,0.07712011081126122,0.4815309516009164,32.30844318863147,1.4838342927135395,0.47255941528297984,67.20884477893588,1.4781767531252439,8.974055368410164,2.870623198328571,1.165091815981695,0.5684485169181865,4.971500969351008,1.579661450484641,0.3633420588877546,17.76332186621648,60.31979922835981,5.935372321209565,21.029220000000002,,,None,1.0,1.0,53.433845889745946,55.98689643559632,70.00178694968011,50.03196882843355,55.38922728418028,48.775702461327725,,,None,1.0,1.0,,,,,,,,,,,,,,,,,,,,,
430401,285023_43819,Tsuyoshi Watanabe,Japan,DF,0,0,0,0,0,0,0.0,0.0,0,0,4,8,3,0,1,0,0,0,0,34,91,2,50,0,0,0,0,,,,13,6,0,7,5,8,2,3,4,74,2.85,100,28,9543.84,,,,,,,Round of 16,0.0,99.0,799.0,0.0,False,,,None,1.0,1.0,9.54384,2.85,99.0,0.02526794663067513,0.0193047112258358,0.02262896228456742,0.22670401717041727,0.0768145577572524,0.13867049110914514,0.08388958281384144,0.7356903039002346,15.438524477967961,0.3427344280984775,0.09025710536477158,34.12030782306736,1.6079285913926378,6.371520501597031,1.427470531655607,0.20790466487719497,0.4064545744017889,4.13654254661756,2.9896697547459743,0.6071269914433596,14.025271377616548,44.00164718345169,4.0227161170612895,9.54384,,,None,1.0,1.0,56.95502523870116,64.46419382406152,46.11335577567206,40.301608242273176,46.149726079081695,36.42618751861794,,,None,1.0,1.0,,,,,,,,,,,,,,,,,,,,,
405528,285023_43819,Yukinari Sugawara,Japan,DF,2,2,0,1,1,0,0.09,0.0,0,0,5,36,4,3,1,0,0,0,0,73,71,5,20,4,25,2,50,,,,40,13,20,7,12,28,4,18,32,153,6.28,195,72,18767.61,,,,,,,Round of 16,0.0,181.0,955.0,0.0,False,,,None,1.0,1.0,18.76761,6.28,181.0,0.023827811423151816,0.018204447927287985,0.03932256063539897,0.6134125871392101,0.4720660097770735,0.3305817606156031,0.07910833392486404,1.293204161834116,22.351387276681276,1.1224593602450152,0.4847424054541903,47.96100007750275,1.7161001589722145,11.603191050618008,1.545927224857269,0.7954994269657311,0.383288879483615,9.495594654894205,4.217977997849514,0.9721535257877737,22.017755556203515,60.47619266773808,5.636488354779741,18.76761,,,None,1.0,1.0,63.17375431276934,68.10362927313876,54.94690562174003,49.67634041419592,52.305135855895514,50.30376611589269,,,None,1.0,1.0,,,,,,,,,,,,,,,,,,,,,
430413,285023_43819,Ayase Ueda,Japan,FW,4,9,22,5,4,2,0.63,3.15,0,0,11,173,9,6,4,0,0,0,1,35,74,1,0,4,50,0,0,,,,165,82,80,3,141,24,2,45,59,117,6.28,385,141,36607.93,48.0,348.0,149.0,5.853370189666748,4.60254430770874,5.840290069580078,Round of 16,2.0,349.0,34.0,1.0,True,118.25,5.662476277351379,B,1.1,1.1,36.60793,6.28,349.0,0.36298426112952575,0.18688433411377853,0.1261979880604086,1.7247698352010394,0.7472105362400223,0.9684905929922185,0.06781104463155999,0.4234059897865089,12.650808515339575,0.9621633777166901,0.07295814801925672,34.94572740041737,2.498705366808574,33.41147301283113,2.1815548358456804,1.1957347536698413,0.8423910988855251,12.764099256571418,15.43391176933184,0.49076314523044123,30.691741767215436,84.3828475164904,7.887236997775977,36.60793,118.25,5.662476277351379,B,1.1,1.1,98.9895821161052,74.78792742772907,69.80063182925964,85.77835950704494,75.23825864600964,90.8556743611544,118.25,5.662476277351379,B,1.1,1.1,91.07129525942517,91.86480275028967,87.13558088770317,58.56391885876593,92.01601989685821,92.40149245293685,A,S,A,B,A,A,80.20888624903915,S,66.07255719883706,61.535503716995635,108.30000000000001,5.724363565444946,BL-B,1.05,93.06080904948617
464339,285023_43819,Keisuke Goto,Japan,FW,0,0,0,0,0,0,0.0,0.0,0,0,1,6,3,0,1,0,0,0,0,1,100,0,0,1,100,0,0,,,,15,9,6,0,14,1,0,1,1,2,1.75,15,10,1396.31,,,,,,,Round of 16,0.0,11.0,531.0,0.0,False,,,None,1.0,1.0,1.39631,1.75,11.0,0.01576119443299538,0.012041552546808469,0.014115095286413339,0.14140943645283452,0.04791403107630595,0.08649743504827864,0.05232716551754465,0.19455618408089492,5.268364871074249,0.3459547153165968,0.05629898651465949,11.766733355699458,0.6064557369051444,3.709975020268005,0.8904024108346854,0.12968310779468595,0.2535310711615119,2.1837099862038576,2.2613531324684453,0.11436322680581444,6.369378869385574,16.212132713186328,1.4323609503726877,1.39631,,,None,1.0,1.0,10.195361818921182,10.348996494513415,32.940546915777844,12.575245871024043,45.795555416471124,10.443767396994302,,,None,1.0,1.0,7.148189622993656,8.868164637504984,9.134125636672326,24.20035186637556,7.0714311839362125,11.30080841200746,F,F,F,E,F,F,7.645695857687268,F,22.831649389843854,26.189078097475043,,,None,1.0,9.335158884335224
520218,285023_43819,Kento Shiogai,Japan,FW,0,0,0,0,0,0,0.0,0.0,0,0,0,6,2,0,0,0,0,0,0,1,100,0,0,0,0,0,0,,,,11,6,5,0,9,2,0,1,0,2,2.04,20,11,1755.39,,,,,,,Round of 16,0.0,12.0,544.0,0.0,False,,,None,1.0,1.0,1.75539,2.04,12.0,0.01630063823398475,0.01245368761076435,0.01459819957682738,0.14624932623531117,0.04955394023131365,0.08945790262810832,0.05411811893682937,0.20121507836030775,5.448680315004158,0.22110185700576915,0.058225879771793526,12.16946243778849,0.49051880573706913,3.8369528984368904,0.7841838594324343,0.13412165138922652,0.12551491440168258,2.121756275088391,1.9286697816607639,0.11827743102579336,6.724071229343542,17.45047801028193,1.5304689544136685,1.75539,,,None,1.0,1.0,9.272348822990525,7.450565648599102,28.485406818441266,9.826092820910826,45.83374100617421,9.55738879763834,,,None,1.0,1.0,11.310190369540871,13.350680924613952,8.986175115207375,28.906034720308625,8.607585677188105,3.4333955188723704,F,F,F,E,F,G,10.973288836753238,F,23.145004849660527,14.420319541171652,,,None,1.0,12.971420815947027
403293,285023_43819,Koki Ogawa,Japan,FW,0,3,0,3,0,2,0.22,0.0,0,0,3,18,0,1,0,0,0,0,0,3,100,0,0,0,0,0,0,,,,24,12,10,2,22,2,1,5,4,12,4.72,78,29,5939.74,,,,,,,Round of 16,0.0,56.0,186.0,1.0,False,,,None,1.0,1.0,5.93974,4.72,56.0,0.024601144704399173,0.225095007124207,0.06741774231688183,0.8396206679980076,0.0747874799013735,0.7539102798478807,0.08167580041860525,0.30367653023110336,8.635821829400921,0.3336899267704703,0.08787528888411385,20.42931538695343,1.359196844154918,8.266378238993392,0.7709014704570525,0.4087179511978424,0.18942881422387364,4.027382329583598,4.148573035318514,0.3848056385451664,13.861454847562214,38.301883007068064,3.1730348269221103,5.93974,,,None,1.0,1.0,65.18468037388408,53.82339804324078,43.68146772170475,36.46734423222898,59.509637204121866,33.93779994888983,,,None,1.0,1.0,58.734602463605825,69.5340842181238,36.33883094833858,71.8930834940755,35.48462016751399,36.28375449902953,B,A,D,A,D,D,54.78194457100562,B,40.57059679767103,38.6148435386419,,,None,1.0,60.843786253580355
448569,285023_43819,Shuto Machino,Japan,FW,0,0,0,0,0,0,0.0,0.0,0,0,1,4,1,1,0,0,0,0,0,4,75,1,0,0,0,1,100,,,,7,2,5,0,2,5,0,3,2,10,1.59,27,8,2487.67,,,,,,,Round of 16,0.0,23.0,589.0,0.0,False,,,None,1.0,1.0,2.48767,1.59,23.0,0.02037040353184613,0.015562988298330438,0.018242918586980114,0.18276326048772343,0.06192602673681223,0.11179277458277154,0.06762973972572914,0.42227393845882977,7.321512330390772,0.2763041535059608,0.24358475867747553,16.57437430693026,0.7838078603420349,4.453278031492711,0.8091486423356513,0.3384293575217511,0.1568521071952152,2.993136559842662,1.7269122763031062,0.14780764802707547,7.89039885320281,23.00307448430192,2.037669023039315,2.48767,,,None,1.0,1.0,13.54982375545061,16.479711702862165,11.917613752672999,10.368342514478938,17.531938188567725,9.744278753814378,,,None,1.0,1.0,29.1899962672639,31.964519743964747,13.815183119088045,45.23814570659431,13.53742243029394,8.219797614336592,D,D,E,C,E,F,26.02650692103517,E,36.218061933356886,49.82186386649165,,,None,1.0,29.42098186878022
405530,285023_43819,Zion Suzuki,Japan,GK,0,0,0,0,0,0,0.0,0.0,0,0,0,0,0,0,1,0,0,0,0,109,70,0,0,6,17,0,0,17.0,78.0,64.0,20,0,0,20,14,6,0,0,1,204,3.02,38,5,20433.26,,,,,,,Round of 16,0.0,405.0,1230.0,0.0,False,,,None,1.0,1.0,20.433259999999997,3.02,405.0,,,,,,,,,,,,,,,,,,,,,,,,,,,,,,,,,,,,,,,,,,,,,,,,,,,,,,,,,,,,,
400514,285023_43819,Ao Tanaka,Japan,MF,0,2,0,0,2,0,0.16,0.0,0,0,12,89,34,6,2,0,0,0,0,160,91,0,0,1,0,0,0,,,,119,2,33,84,103,16,0,7,38,331,4.57,285,67,23492.09,,,,,,,Round of 16,0.0,225.0,1020.0,0.0,False,,,None,1.0,1.0,23.49209,4.57,225.0,0.02285571769000209,0.017461768315161597,0.05113474165445539,0.5883874381146628,0.06948138177760636,0.1254321786827315,0.07588098273080694,0.28213097916538576,38.11420497794423,0.5016779242471703,0.08164062358868747,80.12036282891604,2.987729890727327,21.28795766982246,7.232747732533293,1.338034662153229,0.5593149652129801,10.258184478400748,1.9376061647908662,0.16584108755865515,20.16119110389886,75.25863677525331,6.312046650257493,23.49209,,,None,1.0,1.0,53.58576629166668,50.2705818644757,73.05678694887735,84.2625043244132,82.25733849867379,57.69179960991227,,,None,1.0,1.0,,,,,,,,,,,,,,,,,,,,,
448557,285023_43819,Daichi Kamada,Japan,MF,0,1,200,0,1,0,0.09,23.09,1,0,13,116,22,2,4,1,0,0,1,200,85,4,50,6,50,3,100,,,,212,19,92,101,134,78,0,34,52,436,6.49,423,128,38789.21,90.0,346.0,235.0,5.447715759277344,4.659204483032227,5.46958589553833,Round of 16,2.0,359.0,45.0,0.0,True,164.65,5.334906601905823,C,1.0,1.0,38.78921,6.49,359.0,0.3599485965992619,0.015474206911272225,0.033425097096249114,0.3515678597555188,0.06157276048464342,0.11115503603280365,0.23709113532814888,0.9294066124265341,40.56979678072531,1.2938111324819215,0.5818895921765841,88.83473031980904,2.8175029059720798,23.450759991015286,4.3713239235181005,0.5063459363305127,0.8353461191072303,11.46842174287107,4.6044632398619285,0.14696445726203045,28.22705084083787,90.13134103248258,8.191759744131643,38.78921,164.65,5.334906601905823,C,1.0,1.0,61.548371280815104,62.3633092120993,81.60029451756455,85.60868521723326,67.9837612233983,82.96977167096557,164.65,5.334906601905823,C,1.0,1.0,,,,,,,,,,,,,,,,,,,,,
430407,285023_43819,Daizen Maeda,Japan,MF,1,2,50,2,0,1,0.79,1.27,0,0,18,125,22,2,1,0,0,0,1,30,93,3,0,1,100,0,0,,,,102,73,25,4,71,31,8,31,33,92,5.36,432,239,32326.01,77.0,327.0,84.0,5.563324451446533,4.825092315673828,6.165918827056885,Round of 16,1.0,271.0,128.0,0.0,True,116.24999999999999,5.603238224983215,B,1.1,1.1,32.32601,5.36,271.0,0.20542905520210858,0.016721874509538055,0.1645993738625805,0.5634561589389022,0.25007908661501127,0.4872009092121605,0.07266573739746904,0.8208018192936604,12.638789643476978,0.4804207192568679,0.07818132951318055,32.858998978053805,3.962383866110905,26.99344400175175,4.72377876997132,0.5471720298353729,0.3520737662150732,8.905813553141778,14.886972227332917,1.6271483125133392,50.87610377791791,99.05040399924643,7.665984695429335,32.32601,116.24999999999999,5.603238224983215,B,1.1,1.1,94.77593493230044,68.59894738929857,75.22028828032803,97.27805636408354,81.88461509455176,100.56290450870405,116.24999999999999,5.603238224983215,B,1.1,1.1,,,,,,,,,,,,,,,,,,,,,
395321,285023_43819,Junya Ito,Japan,MF,1,3,33,2,1,0,0.67,1.49,11,0,6,77,5,2,5,0,0,0,0,85,76,17,35,10,60,1,100,,,,143,36,86,21,80,63,4,45,54,215,5.88,233,108,24421.93,91.0,246.0,41.0,5.428849220275879,5.230613708496094,6.555665493011475,Round of 16,1.0,242.0,119.0,0.0,True,101.75,5.68081796169281,B,1.1,1.1,24.42193,5.88,242.0,0.21108337259732635,0.017182134553215458,0.14649863748029152,0.7675586355299409,0.2569623706190012,0.5006108359297515,2.149196164841932,3.483705268081549,23.35931683129673,2.190987034281719,0.2689268936324967,56.96044527978497,1.8083222063379722,18.683927079307093,1.647705731564488,0.5622326273902363,1.1161390662506134,13.111408005217799,8.318761929526142,0.9175599695846843,27.570669005256683,64.24656991854484,6.386327108183059,24.42193,101.75,5.68081796169281,B,1.1,1.1,93.79411422927797,84.19903323495312,76.660331760706,70.24825143070619,70.27284597122778,70.31610951471494,101.75,5.68081796169281,B,1.1,1.1,,,,,,,,,,,,,,,,,,,,,
479294,285023_43819,Kaishu Sano,Japan,MF,1,1,100,0,1,0,0.09,11.52,0,0,10,108,14,4,1,1,0,0,0,131,95,1,100,1,100,1,100,,,,124,6,39,79,93,31,2,6,42,287,5.11,411,114,34501.68,41.0,258.0,122.0,5.938204288482666,5.194927215576172,5.937811374664307,Round of 16,1.0,303.0,66.0,1.0,True,93.79999999999998,5.826614499092102,B,1.1,1.1,34.50168,5.11,303.0,0.1995322910135394,0.19451516597668983,0.03508330977039035,0.3690090740379667,0.24290065997613747,0.11666941611114616,0.070579894586189,0.4406944368526141,30.281599862947807,0.46663042221259926,0.25421045031344247,66.67908459426165,2.4224588264081977,23.187961416072724,3.161998174354061,0.8880122346295815,0.3419676204495233,10.254635085911055,2.5153370544914964,0.5108019091189491,27.131563421732455,92.4634601833592,7.833799313719431,34.50168,93.79999999999998,5.826614499092102,B,1.1,1.1,74.88796688637137,76.27896591386305,82.5061188290115,82.33953125864298,93.34835534733335,88.2747138954266,93.79999999999998,5.826614499092102,B,1.1,1.1,,,,,,,,,,,,,,,,,,,,,
405522,285023_43819,Keito Nakamura,Japan,MF,2,5,20,2,3,0,0.17,5.98,0,0,9,80,11,3,1,0,0,0,1,117,85,9,33,10,80,0,0,,,,155,52,85,18,32,123,4,56,72,272,6.72,497,180,36946.02,59.0,261.0,57.0,5.704461097717285,5.182394027709961,6.340290546417236,Round of 16,1.0,330.0,70.0,1.0,True,88.8,5.785108399391174,B,1.1,1.1,36.94602,6.72,330.0,0.1948462737693853,0.1899469759489694,0.048186300975460686,1.0566890423329098,0.4112826735270443,0.46210250854559587,0.06892232527025799,1.823037022871378,27.13322475787061,2.0224504386767443,0.07415377887510889,62.50182776952639,2.191480826755878,17.768968937935327,2.5654790134800955,0.693070723872285,0.3339365085015325,15.236401026762994,10.464245059389121,0.8469787972100592,37.98408992379249,105.26339737979326,8.075349168718535,36.94602,88.8,5.785108399391174,B,1.1,1.1,86.0633448413603,97.19491087468032,89.21350842213859,79.38811868426284,86.26324556392208,102.61240440071543,88.8,5.785108399391174,B,1.1,1.1,,,,,,,,,,,,,,,,,,,,,
391646,285023_43819,Ritsu Doan,Japan,MF,0,1,0,0,1,0,0.02,0.0,1,0,9,114,19,6,5,0,0,0,0,105,85,5,0,5,80,0,0,,,,97,42,41,14,45,52,2,44,65,222,6.63,346,152,32576.29,161.0,186.0,83.0,4.845883369445801,5.447380542755127,6.168525695800781,Round of 16,0.0,295.0,231.0,1.0,True,145.25,5.266768527030944,B,1.1,1.1,32.57629,6.63,295.0,0.02141235506200828,0.1959182905162509,0.022767233724309662,0.37167090086521487,0.06509355938850518,0.11751100458030145,0.2506482700547441,1.162110367129813,25.83149399931905,1.188233440305463,0.07648493228149358,55.488719202663745,2.2603738497658425,24.432582018407928,4.082603331951746,1.2535363649434634,1.0626713902218465,14.458469115468223,8.997614346089627,0.5144865508276852,34.15052702198801,81.45908897861386,7.544586410996903,32.57629,145.25,5.266768527030944,B,1.1,1.1,60.40851203315832,85.87313960980512,79.9167497277545,88.88098594573496,85.91160858337686,90.63839213764602,145.25,5.266768527030944,B,1.1,1.1,,,,,,,,,,,,,,,,,,,,,
403304,285023_43819,Takefusa Kubo,Japan,MF,0,1,0,0,1,0,0.01,0.0,0,0,0,49,3,1,1,0,0,0,0,16,75,0,0,2,50,0,0,,,,20,7,9,4,15,5,1,4,10,36,1.57,85,32,7808.85,,,,,,,Round of 16,0.0,77.0,191.0,1.0,False,,,None,1.0,1.0,7.8088500000000005,1.57,77.0,0.02521988194215082,0.2307563153524706,0.024700800727599257,0.4377611063336445,0.0766684411041385,0.1384067120985237,0.08373000804794072,0.3113142226939096,11.602367456559017,0.7650591297606684,0.09008541829736272,26.018847802078156,0.7589166874032024,15.03042194268244,1.4247551971852401,0.4189975141686843,0.4056814165032287,5.397603968604793,3.195471130434696,0.3944837889209137,14.844545808350578,40.7456223661771,3.6481339764491354,7.8088500000000005,,,None,1.0,1.0,55.196461100711794,65.65228593650852,37.52068059961417,36.92704792124583,36.60540022155188,32.53429986877225,,,None,1.0,1.0,,,,,,,,,,,,,,,,,,,,,
485503,285023_43819,Yuito Suzuki,Japan,MF,0,0,0,0,0,0,0.0,0.0,0,0,0,7,2,0,0,0,0,0,0,4,100,0,0,0,0,0,0,,,,12,5,5,2,7,5,0,3,6,11,1.86,32,14,2226.64,,,,,,,Round of 16,0.0,17.0,562.0,0.0,False,,,None,1.0,1.0,2.2266399999999997,1.86,17.0,0.018495021512978604,0.014130196435915654,0.016563401466163117,0.16593733301444405,0.05622486539945496,0.10150067806322657,0.061403471423088975,0.22830254555620785,6.647464192175647,0.25086647180204175,0.06606421684435958,15.203565284433319,0.5565521873685522,4.508576604271382,0.8897502749368132,0.15217703700878796,0.14241166564993527,3.3379568226336946,2.0332111449838868,0.13419987609817274,8.09454755538934,21.660793795331248,1.809588458754982,2.2266399999999997,,,None,1.0,1.0,11.820878305426245,10.034672646450403,31.076532020356147,12.166089892399267,48.80130683452822,12.133216976065816,,,None,1.0,1.0,,,,,,,,,,,,,,,,,,,,,
433527,285023_43820,Abdallah Nasib,Jordan,DF,0,0,0,0,0,0,0.0,0.0,0,0,12,38,6,1,1,0,0,0,0,97,72,0,0,1,0,0,0,,,,29,0,2,27,1,28,0,1,13,190,5.62,269,86,26869.89,,,,,,,Round of 16,0.0,287.0,1088.0,0.0,False,,,None,1.0,1.0,26.869889999999998,5.62,287.0,0.02156819274539662,0.016478099257483017,0.01931561069506739,0.19350982531169847,0.06556730594600574,0.11836624178673665,0.07160639991471678,0.26623777124917586,24.57256530792283,0.47341703782973454,0.07704158448655672,50.10484809197171,2.8194229132685735,10.864579282160687,1.7610573164567975,0.3583291613402982,0.34694115557072885,5.158661169117079,1.4667233794579517,0.15649880656059784,22.46191155172176,68.12525526215599,6.567401254645194,26.869889999999998,,,None,1.0,1.0,30.70465676815639,31.45306893339756,38.98457908986301,57.28012460364307,32.63001917130261,56.71439144457325,,,None,1.0,1.0,,,,,,,,,,,,,,,,,,,,,
389437,285023_43820,Ehsan Haddad,Jordan,DF,0,1,0,1,0,0,0.03,0.0,0,0,13,80,18,3,1,0,0,0,0,73,74,7,29,9,78,0,0,,,,57,11,30,16,3,54,0,23,48,167,6.44,384,118,30918.71,,,,,,,Round of 16,0.0,287.0,228.0,1.0,False,,,None,1.0,1.0,30.91871,6.44,287.0,0.02156819274539662,0.19734417068865787,0.024741592838002636,0.3743758967428733,0.06556730594600574,0.29923231321791144,0.07160639991471678,1.5323002712673996,20.23177959357463,1.9203456092791333,0.07704158448655672,45.944928449054686,3.0002889846997483,18.460954282270034,3.9314501736308953,0.7200613042026479,0.34694115557072885,11.4889736692082,3.456250165200876,0.15649880656059784,28.249625837519353,88.92485347674109,7.299695421977163,30.91871,,,None,1.0,1.0,50.63972566871702,81.12060927885346,62.21892268929986,77.28052643982667,60.352833666921576,76.8677180721924,,,None,1.0,1.0,,,,,,,,,,,,,,,,,,,,,
489550,285023_43820,Husam Abudahab,Jordan,DF,0,0,0,0,0,0,0.0,0.0,0,0,4,42,14,2,1,1,0,0,0,58,74,0,0,1,100,0,0,,,,22,1,4,17,8,14,0,0,15,112,4.16,206,75,19848.59,,,,,,,Round of 16,0.0,190.0,971.0,0.0,False,,,None,1.0,1.0,19.84859,4.16,190.0,0.02362832451772498,0.01805203993154188,0.021160582305093777,0.21199332757302852,0.07183010653388394,0.1296722449532747,0.07844603739884694,0.2916680378467971,19.192132843216022,0.5186364724252817,0.08440037517731364,39.435652617127865,1.50359105605482,12.694900179152516,3.514403478423469,0.590697611465561,0.3800799774533423,6.047685412528055,1.8049624591702298,0.17144712270061244,22.4278481100611,62.14944545976369,5.803486971523576,19.84859,,,None,1.0,1.0,36.960192944668165,37.63102012927803,39.57868194490677,53.369789629261014,38.59653415495751,49.384453044647145,,,None,1.0,1.0,,,,,,,,,,,,,,,,,,,,,
489551,285023_43820,Mohammad Abualnadi,Jordan,DF,0,0,0,0,0,0,0.0,0.0,0,0,2,6,3,0,0,0,0,0,0,31,77,0,0,0,0,0,0,,,,26,0,2,24,4,22,0,1,10,60,2.24,115,31,8415.95,,,,,,,Round of 16,0.0,75.0,738.0,0.0,False,,,None,1.0,1.0,8.41595,2.24,75.0,0.02519189545252189,0.019246608125726723,0.022560853891460498,0.2260216860000264,0.07658336217566655,0.13825312224344014,0.08363709290237267,0.31096875746593017,14.758296871527655,0.3417028699180069,0.08998545055640819,31.0600619900384,1.180581792089007,5.929836297584286,1.4231741470978032,0.20727891578335012,0.19397759498441855,5.391614250340651,1.7131496583532986,0.18279239340349882,14.616819186666294,47.038016082601416,3.772337727171048,8.41595,,,None,1.0,1.0,49.75075644379606,45.992396747331135,32.23736467055756,28.922556361054276,30.723707933862247,29.0603964078209,,,None,1.0,1.0,,,,,,,,,,,,,,,,,,,,,
433526,285023_43820,Mohammad Abuhasheesh,Jordan,DF,0,0,0,0,0,0,0.0,0.0,0,0,0,7,2,0,0,0,0,0,0,3,100,0,0,0,0,0,0,,,,0,0,0,0,0,0,0,0,1,6,2.5,25,12,1660.43,,,,,,,Round of 16,0.0,13.0,547.0,0.0,False,,,None,1.0,1.0,1.66043,2.5,13.0,0.016801521392674466,0.01283636234400329,0.015046770498423541,0.1507432499350753,0.05107662503373039,0.09220674940299747,0.05578105102367923,0.2073979800711736,5.897894059541826,0.22789583617023645,0.0600150344146332,13.10697884856797,0.50559138174836,4.095747940277882,0.8082801238159419,0.1382429180189255,0.1293717147235934,2.327847055283627,1.1425706607874344,0.12191183922524593,7.0715811379484945,18.69116236800862,1.5641176589836023,1.66043,,,None,1.0,1.0,9.979981986039085,8.181152363774139,28.08890628564768,10.475902588278243,46.311060877462765,10.163814111189403,,,None,1.0,1.0,,,,,,,,,,,,,,,,,,,,,
431219,285023_43820,Saed Alrosan,Jordan,DF,0,0,0,0,0,0,0.0,0.0,0,0,1,3,1,0,0,0,0,0,0,13,92,0,0,0,0,0,0,,,,4,0,1,3,1,3,0,0,2,28,2.24,36,12,2425.08,,,,,,,Round of 16,0.0,22.0,584.0,0.0,False,,,None,1.0,1.0,2.42508,2.24,22.0,0.020100528460361432,0.015356803743716133,0.01800122926796128,0.18034194134636272,0.061105606519498756,0.11031170019046353,0.06673375448839995,0.24812092331470148,8.741541156047093,0.27264356803634243,0.07179908766041103,19.388844682909774,0.773423667313685,4.225720697869477,0.7984287247183744,0.16538714817185385,0.15477406914478303,2.9534823162834627,1.3669163374184188,0.14584943450838253,8.460098023329214,24.21534784253894,2.0001231064506597,2.42508,,,None,1.0,1.0,14.874243584138735,12.959719132510136,27.70685548072559,13.53475906942422,40.24773474103721,13.213273641466436,,,None,1.0,1.0,,,,,,,,,,,,,,,,,,,,,
499102,285023_43820,Saleem Obaid,Jordan,DF,0,0,0,0,0,0,0.0,0.0,0,0,2,6,3,1,0,0,0,0,0,18,67,0,0,0,0,0,0,,,,2,0,0,2,0,2,0,0,5,36,6.56,43,19,4204.95,,,,,,,Round of 16,0.0,43.0,656.0,0.0,False,,,None,1.0,1.0,4.20495,6.56,43.0,0.023664467949630067,0.01807965351351737,0.0211929509169707,0.21231760644408096,0.07193998256687541,0.12987060010756982,0.07856603359277183,0.2921141923702335,11.283691607742607,0.3209848432687822,0.08452947951607859,24.414158294274344,1.1090011084501525,5.570300229103589,1.3368846760344344,0.39315621174449844,0.18221640321215152,4.072486653470359,1.6092784784466432,0.17170937944251574,11.349236925192427,29.89798329871933,2.707962703130469,4.20495,,,None,1.0,1.0,33.73241542857562,31.177379530078657,19.717458736909837,20.254836893196458,20.62983711695779,17.95223253565423,,,None,1.0,1.0,,,,,,,,,,,,,,,,,,,,,
431225,285023_43820,Yazan Alarab,Jordan,DF,0,0,0,0,0,0,0.0,0.0,0,1,10,28,16,4,0,1,0,0,0,106,89,0,0,1,0,0,0,,,,17,1,5,11,9,8,0,0,24,212,5.49,258,78,28270.79,,,,,,,Round of 16,0.0,309.0,1149.0,0.0,False,,,None,1.0,1.0,28.27079,5.49,309.0,0.02114562381905736,0.016155256597759824,0.018937174867395004,0.18971853690458262,0.06428269640993439,0.11604718351898678,0.07020347107927043,0.26102158042244406,25.6870365534837,0.4641417438007937,0.07553216828167288,53.02427758980664,2.409539135154071,8.878492956375375,3.499779305099576,0.8832762020596027,0.1628213034067417,7.008139034442174,1.6153095045102763,0.15343264643108018,20.603252665181085,64.83998227714436,6.687142332543996,28.27079,,,None,1.0,1.0,33.430519730083134,34.695558278888,54.24473439874924,55.01512183159662,65.03563754258256,53.79683038444243,,,None,1.0,1.0,,,,,,,,,,,,,,,,,,,,,
498514,285023_43820,Ali Azaizeh,Jordan,FW,0,2,0,1,1,1,0.06,0.0,1,0,3,47,3,1,1,0,0,0,0,13,92,1,0,0,0,0,0,,,,30,11,19,0,18,12,0,12,16,35,7.27,129,40,9229.12,,,,,,,Round of 16,0.0,78.0,750.0,0.0,False,,,None,1.0,1.0,9.22912,7.27,78.0,0.02523202913329969,0.019277270257840966,0.035292207362273835,0.649562143772497,0.07670536856523107,0.3500635650778148,0.2953605259168211,0.5230543568157175,10.973185185368628,0.34224724316407706,0.09012880806414651,25.819789627048362,1.3940527882620526,14.614480987888546,1.4254414325038771,0.4191993249030559,0.40587681352067373,6.669744867215079,4.04337099031784,0.1830836033912226,16.5444172180012,50.07521587630249,3.9504063032503454,9.22912,,,None,1.0,1.0,60.92109209371345,52.21267771094939,47.454621948443965,45.91148239093682,61.211623488030774,40.00892762922401,,,None,1.0,1.0,41.153415453527444,46.741628520959566,40.637885035168566,59.27040718994425,36.28616363702864,48.14102926489154,C,C,C,B,D,C,39.8692751211458,C,38.425241214170015,31.288935684829344,,,None,1.0,44.547811186805056
431212,285023_43820,Ali Olwan,Jordan,FW,3,6,17,4,2,1,0.25,3.93,0,0,11,154,7,1,4,0,0,0,1,48,75,8,38,4,50,1,100,,,,63,22,36,5,30,33,12,40,47,147,6.79,411,138,33572.53,,,,,,,Round of 16,1.0,297.0,136.0,0.0,False,,,None,1.0,1.0,33.57253,6.79,297.0,0.20060958748631877,0.016329571024196514,0.06395045691134447,1.2671804111533995,0.6026837138214798,0.8342425406311448,0.07096096308944036,1.697724417860589,15.568521819656953,1.006857220724615,0.255582960096572,41.94607972218198,2.6147737476819146,31.558002691301255,1.9244195213634543,0.35509929869429313,0.8815213509786876,11.206179989679336,5.396690486737151,2.305917818240553,31.579708956449767,92.96268042991946,7.709557898816051,33.57253,,,None,1.0,1.0,85.44535813890667,64.52411096159967,62.632533534779355,77.62775563837153,59.661905425195386,84.84363065011637,,,None,1.0,1.0,68.07577454273984,53.44640923854206,62.561241814212956,32.29751785827838,87.65590139351158,84.39708293289613,A,B,B,E,S,A,55.0075819391613,B,79.69579420171499,45.98214285714285,,,None,1.0,61.090353840822914
396950,285023_43820,Mahmoud Almardi,Jordan,FW,1,1,0,1,0,0,0.02,0.0,1,0,6,90,16,4,2,0,0,0,0,39,82,7,14,5,60,0,0,,,,80,28,48,4,49,31,4,17,37,105,7.38,328,87,18861.43,,,,,,,Round of 16,0.0,152.0,904.0,0.0,False,,,None,1.0,1.0,18.86143,7.38,152.0,0.024452349005778903,0.018681594640415085,0.025999584973757893,0.4244384401869756,0.2793871058846951,0.3392464562508419,0.28623376360631325,1.7372035504772256,15.965460315985169,1.3569314864500213,0.08734379064864226,39.375585000873755,1.9661318757246626,22.98012197683897,4.047070246959124,1.021401787248058,0.5983870171587522,10.769738257551914,7.404312559188552,0.9976341040144407,25.670630239510825,89.33321202833108,5.803461208043119,18.86143,,,None,1.0,1.0,62.008664459759885,76.85966579041832,64.43476781592386,73.73878861466918,66.62542638131745,63.283600552787135,,,None,1.0,1.0,27.24897349757372,23.569298562175923,73.0730050933786,58.56031540793183,73.94023627519111,79.64836904290802,D,E,B,B,B,A,30.396949503315838,D,40.31079456109518,55.03984427276598,,,None,1.0,34.196828580268104
431208,285023_43820,Mohammad Abuzraiq,Jordan,FW,0,0,0,0,0,0,0.0,0.0,0,0,0,10,3,1,0,1,0,0,0,5,80,0,0,0,0,0,0,,,,2,1,1,0,0,2,0,0,2,10,5.37,24,15,1643.16,,,,,,,Round of 16,0.0,12.0,533.0,0.0,False,,,None,1.0,1.0,1.6431600000000002,5.37,12.0,0.01630063823398475,0.01245368761076435,0.01459819957682738,0.14624932623531117,0.04955394023131365,0.08945790262810832,0.05411811893682937,0.20121507836030775,5.995454434468734,0.22110185700576915,0.058225879771793526,13.263010676717641,0.49051880573706913,4.3837270179014665,0.9208773892985785,0.27081518125537063,0.12551491440168258,2.39514333482068,1.2452021323300433,0.11827743102579336,7.27084534880812,17.99725212974651,1.515127839556791,1.6431600000000002,,,None,1.0,1.0,5.110304487162391,2.9214358203072743,10.873724814382351,6.108671860144253,20.994014904317527,5.511576593661642,,,None,1.0,1.0,11.310190369540871,13.350680924613952,5.265583313121511,23.479661699556985,10.71065432866391,6.627470932971527,F,F,F,F,F,F,10.570460905243564,F,25.532263347527024,34.279881217520405,,,None,1.0,12.531226392664614
431211,285023_43820,Mousa Altamari,Jordan,FW,3,8,13,4,4,0,1.13,0.89,0,0,10,82,7,2,3,0,0,0,1,36,78,1,100,4,75,0,0,,,,81,47,25,9,50,31,6,33,45,102,6.07,243,120,23119.95,,,,,,,Round of 16,1.0,230.0,63.0,1.0,False,,,None,1.0,1.0,23.11995,6.07,230.0,0.21350023870653267,0.20813189763478493,0.23592241431100675,1.7301121957613241,0.6414106044368434,0.8878488002276589,0.07552073033136657,0.47154456547732254,14.279878239680722,1.071555251479501,0.08125302673001246,36.057539509569125,2.5920392888176815,19.85161978981358,2.048077723157818,0.5686700884081711,0.7474125933959301,11.54475395804111,10.512293574592585,1.309571925400701,30.17538450507292,66.88971173164033,6.211092757532575,23.11995,,,None,1.0,1.0,93.01355939137149,80.11752421068047,64.06445110747644,72.68191323932828,64.62728039170742,65.92801147835866,,,None,1.0,1.0,82.71743187756626,85.90666489392011,68.58113024496728,71.18299171206307,71.87374273069751,75.46497823506135,A,S,B,A,B,A,73.73302035904581,A,60.039860488290984,54.58810542293362,,,None,1.0,81.55277196326999
511875,285023_43820,Odeh Fakhoury,Jordan,FW,1,2,0,0,2,0,0.08,0.0,2,0,7,99,5,2,4,0,0,0,1,21,81,1,0,0,0,1,100,,,,84,48,33,3,49,35,3,9,19,53,7.01,275,98,18713.27,,,,,,,Round of 16,0.0,163.0,923.0,0.0,False,,,None,1.0,1.0,18.71327,7.01,163.0,0.024220741735452626,0.018504646685885803,0.03793990809311822,0.6235280104633878,0.2767408126822294,0.13292343064416404,0.4866323781746096,0.5020905937888807,12.158263347717881,0.3285301408996794,0.2896262472854902,28.440920716341477,2.1506188649484144,24.59044713730258,1.7745299520544104,0.605507778612211,0.9989387425887988,7.01175402557607,11.396375695687484,0.7850749754518044,27.66169101322849,77.72225033334296,5.718399358511081,18.71327,,,None,1.0,1.0,58.70192570194279,50.20075845317179,47.89939718717011,70.22376072786125,51.67748840975298,61.87150760941568,,,None,1.0,1.0,29.488615154908548,29.30539991262892,48.19791414018919,40.0661339211904,73.62934786584252,79.26206493677806,D,D,C,D,B,A,30.64234683393484,D,46.9582537969956,50.514924070518404,,,None,1.0,34.46498907257071
397894,285023_43820,Yazeed Abulaila,Jordan,GK,0,0,0,0,0,0,0.0,0.0,0,0,0,0,0,0,0,0,0,0,0,66,64,0,0,3,33,0,0,8.0,70.0,56.0,9,0,0,9,7,2,0,0,0,122,2.64,9,2,13586.57,,,,,,,Round of 16,0.0,309.0,1148.0,0.0,False,,,None,1.0,1.0,13.58657,2.64,309.0,,,,,,,,,,,,,,,,,,,,,,,,,,,,,,,,,,,,,,,,,,,,,,,,,,,,,,,,,,,,,
491167,285023_43820,Amer Jamous,Jordan,MF,0,0,0,0,0,0,0.0,0.0,0,0,2,26,2,1,0,0,0,0,0,4,100,0,0,0,0,0,0,,,,4,1,3,0,4,0,0,2,2,8,2.19,48,10,2136.97,,,,,,,Round of 16,0.0,19.0,572.0,0.0,False,,,None,1.0,1.0,2.13697,2.19,19.0,0.019193954472927467,0.014664181217316585,0.01718933786777492,0.17220815953110524,0.058349621597699505,0.10533642214742593,0.0637239288501192,0.23693017401381666,6.898674055366725,0.2603467984707882,0.06856080537729692,15.29524431780071,0.8994969517728404,7.737125701269224,0.9233742311371621,0.3188840942900007,0.1477934494415415,2.8202743637876386,1.466221916863713,0.13927133365556169,7.756618228367286,25.05466212363044,1.8635404573892953,2.13697,,,None,1.0,1.0,14.389611710547861,12.743964761755993,30.229777967087056,17.8114568854895,52.84625180093355,14.324812332552932,,,None,1.0,1.0,,,,,,,,,,,,,,,,,,,,,
45191,285023_43820,Mohammad Aldaoud,Jordan,MF,0,0,0,0,0,0,0.0,0.0,0,0,0,1,0,0,0,0,0,0,0,5,40,0,0,1,0,0,0,,,,7,3,2,2,0,7,0,1,4,9,2.14,28,7,1620.24,,,,,,,Round of 16,0.0,15.0,556.0,0.0,False,,,None,1.0,1.0,1.62024,2.14,15.0,0.017703962795799274,0.013525827575990643,0.01585496092140599,0.15883995420391106,0.0538200468992298,0.0971593478233464,0.05877715648205358,0.21853771675134617,6.511604069001972,0.38859804915383933,0.06323855510659498,14.256363896796502,0.5327476484511917,3.42496930033578,0.554771378169166,0.1456682058838364,0.1363205135276544,2.8982646045188885,1.6493247793403878,0.1284599540463195,6.709101609524001,20.140484445319984,1.6421627009127144,1.62024,,,None,1.0,1.0,4.317207915245491,8.128370523959152,8.366566293046402,3.7874285571154354,4.399222685044198,4.256849078289418,,,None,1.0,1.0,,,,,,,,,,,,,,,,,,,,,
479389,285023_43820,Mohannad Abutaha,Jordan,MF,0,1,0,0,1,0,0.04,0.0,2,0,21,98,21,2,2,1,0,0,0,87,68,6,50,6,50,2,0,,,,76,25,36,15,19,57,2,25,64,213,6.46,423,170,31861.4,,,,,,,Round of 16,0.0,296.0,1103.0,0.0,False,,,None,1.0,1.0,31.8614,6.46,296.0,0.02139305012125938,0.016344290292642165,0.026334654538824775,0.3713358099936823,0.06503487236862854,0.11740505906547151,0.4298196550140674,1.3404599965312847,22.579052295915176,1.3665595176792211,0.4352107036446248,53.824115431217415,4.411104314669544,21.540196274004547,4.437717269020389,0.5348167450092084,0.5235212145451835,14.266036291551163,5.939747088089701,0.5140227002913443,37.34889016381087,95.19924418400521,7.409534984650952,31.8614,,,None,1.0,1.0,51.278296207127624,64.79490217494431,63.44262885779924,88.66430216442797,59.79303974072966,87.35812517769482,,,None,1.0,1.0,,,,,,,,,,,,,,,,,,,,,
433534,285023_43820,Nizar Alrashdan,Jordan,MF,1,2,50,2,0,1,0.23,4.3,0,0,15,149,17,5,4,0,0,0,0,80,78,0,0,7,43,2,100,,,,63,7,41,15,36,27,0,12,42,204,6.62,407,103,31944.15,,,,,,,Round of 16,1.0,289.0,134.0,0.0,False,,,None,1.0,1.0,31.94415,6.62,289.0,0.2020664151103544,0.01644815643407042,0.06080411709352275,0.5542330221818854,0.2459855762693906,0.4792259842024334,0.07147628188627461,0.26575398301330533,21.458777752524032,1.5557812655018501,0.43797641911384844,52.54132494924365,3.3559119032299116,30.884489959937287,3.7437688090210948,1.0798276893857763,0.8879229625435912,10.384872240725702,2.7278200564322086,0.1562144281225327,25.49023141980386,92.9156261276191,7.471561223918403,31.94415,,,None,1.0,1.0,71.51095484133705,56.81141781618984,66.04358446188195,90.18142666268548,65.01450363704332,75.17537249842941,,,None,1.0,1.0,,,,,,,,,,,,,,,,,,,,,
431230,285023_43820,Noor Alrawabdeh,Jordan,MF,0,1,0,0,1,0,0.03,0.0,0,0,20,182,22,1,0,0,0,0,0,111,76,0,0,10,40,5,80,,,,85,4,35,46,63,22,0,10,69,253,7.46,635,142,38422.0,,,,,,,Round of 16,0.0,309.0,238.0,1.0,False,,,None,1.0,1.0,38.422,7.46,309.0,0.02114562381905736,0.19347775891685948,0.024256849936967997,0.3670410392236823,0.06428269640993439,0.11604718351898678,0.07020347107927043,0.26102158042244406,26.5736490650792,2.0600442646726904,0.9621446798771712,60.29450018488972,4.182764158345067,36.18615831351673,4.563714319014174,0.35130869510230356,0.1628213034067417,14.987651638801658,2.147277011467575,0.15343264643108018,31.951892813603468,131.69056565144493,8.487180291310663,38.422,,,None,1.0,1.0,48.51696237489494,64.63516497304579,66.42350335854107,87.24867543189893,60.124530436008385,92.92097718987472,,,None,1.0,1.0,,,,,,,,,,,,,,,,,,,,,
511828,285023_43822,Castrop Jens,Korea Republic,DF,0,0,0,0,0,0,0.0,0.0,0,0,2,13,5,3,0,0,0,0,0,30,90,4,25,2,100,1,100,,,,19,4,15,0,3,16,3,13,12,65,2.16,40,32,5519.79,,,,,,,Round of 16,0.0,51.0,683.0,0.0,False,,,None,1.0,1.0,5.5197899999999995,2.16,51.0,0.02430972988218967,0.018572633629992907,0.021770821693293776,0.21810689650300574,0.07390157884185661,0.13341179759345692,0.08070830320886971,1.1155032761851356,14.037637313983836,0.7374491613817138,0.290690347769028,30.991685911122993,1.1392403768745447,7.149178232944611,1.7810496587375284,0.8115884353601962,0.18718492009286047,5.610523591943495,2.468582841427813,0.7879593779147078,14.308825856225154,30.101647276351873,3.0498390656386665,5.5197899999999995,,,None,1.0,1.0,45.31585679438685,63.74151005736628,48.78456068136843,36.66045496666025,61.41346160503281,32.981649274357785,,,None,1.0,1.0,,,,,,,,,,,,,,,,,,,,,
395088,285023_43822,Kim Minjae,Korea Republic,DF,1,1,0,1,0,1,0.1,0.0,0,0,3,13,4,2,0,0,0,0,0,226,98,0,0,0,0,0,0,,,,33,0,0,33,20,13,0,2,43,459,5.97,264,91,26815.14,,,,,,,Round of 16,0.0,268.0,1069.0,0.0,False,,,None,1.0,1.0,26.81514,5.97,268.0,0.021948180754675136,0.016768410096571804,0.03806116940017732,0.38097164416615,0.250775035929417,0.3045041824168618,0.07286796010552146,0.2709283432357098,48.74826536596676,0.29770512375641356,0.07839890165569958,100.4977347230748,1.2126223545752983,6.454677072286897,1.4239784578693184,0.5486947641198763,0.16900099181099854,10.771123356465335,1.4925640840409282,0.15925599955592276,23.777907914095888,68.40522188055284,6.673028726939107,26.81514,,,None,1.0,1.0,48.196144381227555,39.81526138112507,74.15290477260064,40.50742230817696,81.62182118432962,59.15414515816847,,,None,1.0,1.0,,,,,,,,,,,,,,,,,,,,,
448580,285023_43822,Kim Moonhwan,Korea Republic,DF,0,0,0,0,0,0,0.0,0.0,0,0,11,19,2,0,0,0,0,0,0,25,88,0,0,0,0,0,0,,,,27,14,9,4,10,17,0,7,1,49,2.29,109,52,8571.36,,,,,,,Round of 16,0.0,74.0,736.0,0.0,False,,,None,1.0,1.0,8.57136,2.29,74.0,0.02517596752075037,0.019234439185853283,0.022546589472883197,0.22587878059617233,0.07653494126308112,0.13816570975387804,0.08358421216889123,0.31077214307614254,13.482245316031136,0.341486823451458,0.08992855598412032,28.71810306841207,3.0799159732996193,8.67064797142202,1.2111542561693607,0.20714786076073402,0.19385494990977786,3.488124705340515,4.667747460854999,0.18267682033056468,19.04109894461282,45.74155521863636,3.802762783271923,8.57136,,,None,1.0,1.0,49.20618597810448,45.99256262046235,41.78542374297173,49.17632930837315,40.824356465643824,36.237460184098154,,,None,1.0,1.0,,,,,,,,,,,,,,,,,,,,,
423874,285023_43822,Lee Hanbeom,Korea Republic,DF,0,2,0,2,0,2,0.22,0.0,0,0,5,41,22,7,3,0,0,0,0,200,92,2,50,3,33,1,100,,,,53,6,8,39,3,50,1,10,33,403,6.23,365,107,31151.94,,,,,,,Round of 16,0.0,300.0,1109.0,0.0,False,,,None,1.0,1.0,31.15194,6.23,300.0,0.021316219229056986,0.016285591490999535,0.058415630346572656,0.5487552739576301,0.06480130645633324,0.4744895661635955,0.07076984784046919,0.6206335651980103,42.69705976094125,0.825392430174725,0.2548946126034569,87.59389650306991,1.5352130566271096,11.273911503367914,4.600532751141569,1.4266613944375386,0.700394120615535,8.673455917800732,2.5221066375563836,0.3334235642433029,25.95331166464519,84.489667603056,7.256106259738811,31.15194,,,None,1.0,1.0,55.869057278866094,57.68150154048074,80.22121248950988,60.10148055265711,80.82537888480812,71.94016297886988,,,None,1.0,1.0,,,,,,,,,,,,,,,,,,,,,
423880,285023_43822,Lee Taeseok,Korea Republic,DF,0,0,0,0,0,0,0.0,0.0,0,0,4,25,5,3,1,0,0,0,0,45,87,9,33,4,75,1,100,,,,56,32,20,4,18,38,3,14,20,103,4.44,151,68,13302.6,,,,,,,Round of 16,0.0,120.0,850.0,0.0,False,,,None,1.0,1.0,13.3026,4.44,120.0,0.025037184293568028,0.01912840880028597,0.022422300765947777,0.2246336174818923,0.0761130402524468,0.13740406740310132,0.08312345185464584,2.1986653759239694,17.607049333871604,1.1794294224264747,0.2993890859637545,39.89743195768593,1.5932440044305674,9.88258836325746,1.8343465253588953,0.8358747433688662,0.40274258272760344,7.458065329730579,8.421229118047947,0.8115386002355182,22.295434571222902,54.307566686392825,4.775153419668321,13.3026,,,None,1.0,1.0,53.22847451568974,79.64055292466162,61.16790865900402,50.600541378228826,62.50330288303794,49.61485304367094,,,None,1.0,1.0,,,,,,,,,,,,,,,,,,,,,
479316,285023_43822,Park Jinseob,Korea Republic,DF,1,1,0,1,0,1,0.24,0.0,0,0,1,1,0,0,1,0,0,0,0,52,94,0,0,1,0,0,0,,,,8,2,2,4,4,4,1,1,6,108,4.68,64,13,4973.55,,,,,,,Round of 16,0.0,44.0,658.0,0.0,False,,,None,1.0,1.0,4.97355,4.68,44.0,0.02375941250347064,0.01815219115265157,0.06909585627392648,0.4124106023657982,0.27146976739521034,0.3296328092037064,0.07888124951152255,0.2932861879428416,18.1031622849833,0.5215138245817353,0.08486862146239713,38.85747373527608,0.9142093944390983,4.596443144226978,0.744524950208756,0.19549244607855643,0.3821886296613836,4.288067089409711,2.014217394655337,0.37163945050984254,10.199324442362084,34.202001650651596,2.871964109916448,4.97355,,,None,1.0,1.0,62.79919609002537,40.171618123023,51.74195483304064,28.293996257496705,48.626744138742694,28.519117628253994,,,None,1.0,1.0,,,,,,,,,,,,,,,,,,,,,
429608,285023_43822,Seol Youngwoo,Korea Republic,DF,0,2,0,1,1,0,0.03,0.0,0,0,6,41,6,1,2,0,0,0,4,123,92,11,27,6,83,0,0,,,,86,42,38,6,42,44,9,40,58,258,6.66,309,155,30578.14,,,,,,,Round of 16,0.0,274.0,1078.0,0.0,False,,,None,1.0,1.0,30.578139999999998,6.66,274.0,0.021826698809034508,0.016675597890102364,0.025038133760470448,0.561896833384758,0.0663531643794649,0.3028187688990316,0.07246464004599457,2.2828010742842744,29.62596033880411,1.3942604176560454,0.07796496814587124,63.15168240268587,1.7550120955717676,11.543898481222694,1.7821645088902067,0.3626239236357861,0.5341332724996661,13.457013482212082,9.171724350881693,1.8056791390738063,35.360464665014185,76.2631258885983,7.324850250247069,30.578139999999998,,,None,1.0,1.0,55.822508205040876,67.6791034922041,84.30643955333643,58.62809866605437,74.4028347690759,79.86268926109156,,,None,1.0,1.0,,,,,,,,,,,,,,,,,,,,,
430387,285023_43822,Cho Guesung,Korea Republic,FW,1,2,0,2,0,2,0.51,0.0,0,0,4,13,1,1,0,1,0,0,0,7,57,0,0,0,0,0,0,,,,16,11,5,0,10,6,2,8,7,19,4.22,37,22,4408.36,,,,,,,Round of 16,0.0,41.0,650.0,0.0,False,,,None,1.0,1.0,4.40836,4.22,41.0,0.023460366396948682,0.01792371992726879,0.1213442095173803,0.6039532456935371,0.26805293303678074,0.5222173291665678,0.07788841643786963,0.2895947628039345,9.022304294302446,0.31821640980821186,0.0838004287699007,20.859122678173048,1.4929030223772068,6.899391379286825,0.9318874606048406,0.38976531390415053,0.18064482125650486,4.430829066022826,3.7594663675487228,0.5636952569563732,11.841552164468034,28.4597183419909,2.7246245826541995,4.40836,,,None,1.0,1.0,68.50523199395464,34.964642352579304,24.651613047205174,27.290079694443047,25.446878569201957,22.83238589465259,,,None,1.0,1.0,71.44456886898095,72.83899029421262,44.20276497695853,54.21497763740805,40.65323141070187,43.75412214747395,A,A,C,B,C,C,60.53435429764031,A,51.25148986889153,72.0209801671857,,,None,1.0,67.12979197470871
448586,285023_43822,Oh Hyeongyu,Korea Republic,FW,2,4,25,4,0,2,0.6,1.67,0,0,4,51,5,0,1,0,0,0,0,22,68,1,0,2,50,0,0,,,,65,35,27,3,52,13,3,22,26,62,6.26,158,64,15016.21,,,,,,,Round of 16,1.0,145.0,101.0,0.0,False,,,None,1.0,1.0,15.01621,6.26,145.0,0.2308344181916919,0.01878986480118943,0.14576967243417685,1.0456193583577544,0.48724666281432233,0.9599336398141103,0.08165229206799596,0.5098294787999287,12.55190295457094,0.7460745910443191,0.08784999616472335,30.735453031701514,1.565045987416813,15.069930659746273,1.801881357194225,0.2023599575709249,0.39561464616023795,8.563510942553487,8.8909071208695,0.7971755904309162,21.07587757310703,54.79008710659245,5.0440559363909,15.01621,,,None,1.0,1.0,90.77683582009196,57.177310771880286,46.672372168475476,50.79622919774355,43.5579410022729,46.01157658095062,,,None,1.0,1.0,80.85106382978724,72.07924177097384,48.202764976958534,44.248256565699386,45.79569145239749,50.76035954548025,A,A,C,C,C,C,63.998570686115684,A,70.96927462781122,53.450213531130586,,,None,1.0,70.91535056180928
307849,285023_43822,Son Heungmin,Korea Republic,FW,1,7,0,4,3,0,0.81,0.0,3,0,9,54,0,0,4,0,0,0,2,58,84,3,33,2,50,0,0,,,,97,51,34,12,70,27,6,35,50,142,6.14,169,96,18757.38,,,,,,,Round of 16,0.0,183.0,962.0,0.0,False,,,None,1.0,1.0,18.75738,6.14,183.0,0.02378357061789964,0.018170647952075323,0.18284904225323717,1.6094923613303347,0.2717457926422062,0.9282991874061984,0.6772926683428008,0.8919156095987271,19.318231660578558,0.7214878277887734,0.08495491424713751,45.67807035923658,2.510688848707958,15.171634831440654,0.7452819688825031,0.1956912190440782,0.9809084456129925,13.067951584097852,11.789008572453005,1.3692360161862276,26.763525170612507,55.17837007541535,5.623982846536268,18.75738,,,None,1.0,1.0,76.09999765938005,64.12257983100417,60.69529406996702,58.02148459255648,58.88420520406764,55.848357896438614,,,None,1.0,1.0,44.91414706980217,45.29810632680583,65.03031772980839,53.21872946562943,56.29274715628543,56.978913449036106,C,C,B,B,B,B,42.60361987131531,C,52.22995239838887,38.30789946140036,,,None,1.0,47.53579492925629
274281,285023_43822,Kim Seunggyu,Korea Republic,GK,0,0,0,0,0,0,0.0,0.0,0,0,0,0,0,0,0,0,0,0,0,116,73,0,0,9,11,2,50,11.0,42.0,34.0,38,0,0,38,27,11,0,0,7,230,3.14,37,14,15687.05,,,,,,,Round of 16,0.0,300.0,1109.0,0.0,False,,,None,1.0,1.0,15.68705,3.14,300.0,,,,,,,,,,,,,,,,,,,,,,,,,,,,,,,,,,,,,,,,,,,,,,,,,,,,,,,,,,,,,
423855,285023_43822,Eom Jisung,Korea Republic,MF,0,0,0,0,0,0,0.0,0.0,0,0,0,2,0,0,1,0,0,0,0,9,100,3,67,2,100,0,0,,,,15,7,6,2,4,11,2,5,3,23,4.64,72,36,6234.99,,,,,,,Round of 16,0.0,53.0,692.0,0.0,False,,,None,1.0,1.0,6.23499,4.64,53.0,0.024435208839254166,0.018668499553190183,0.02188319562808246,0.21923269370578838,0.07428303487133267,0.13410042610982686,0.08112489334632383,0.9163529117504836,9.80702219721698,0.741255635254797,0.08728256597381588,22.54550924864724,0.7353043043908364,4.9320894328576,0.7657017041868684,0.20105289832938328,0.39305933934183385,3.795309217191409,3.0960495608616774,0.5871183378967816,15.2023163089243,36.81408563722033,3.212131714732981,6.23499,,,None,1.0,1.0,44.788808721472876,64.79662835674132,47.989612342930016,28.923610131717254,52.8762547642717,32.090321002728864,,,None,1.0,1.0,,,,,,,,,,,,,,,,,,,,,
395083,285023_43822,Hwang Heechan,Korea Republic,MF,0,1,0,0,1,0,0.01,0.0,0,0,3,25,3,1,2,0,0,0,0,47,85,1,0,3,100,1,100,,,,57,15,28,14,28,29,1,18,29,105,6.27,144,62,12925.63,,,,,,,Round of 16,0.0,123.0,858.0,0.0,False,,,None,1.0,1.0,12.92563,6.27,123.0,0.024991199999268868,0.01909327679944142,0.02447682556728391,0.43379169598730927,0.07597324799777738,0.1371517055959876,0.08297078399757266,0.5180620223848439,17.99385282187358,0.9676925855716897,0.2988392159912573,40.24329603722266,1.3807471391596056,9.86443760611141,1.411836191958696,0.4151982431878532,0.6115735391821082,9.330503394927032,4.8430613086583145,0.3909067967885639,20.99706198658572,52.74082868965704,4.687381334087861,12.92563,,,None,1.0,1.0,52.089512027799046,61.21500760899971,56.51374420270612,44.77073038975086,53.941802506484834,44.60525020491653,,,None,1.0,1.0,,,,,,,,,,,,,,,,,,,,,
395084,285023_43822,Hwang Inbeom,Korea Republic,MF,2,4,25,2,2,0,0.37,2.74,0,0,20,62,10,1,1,0,0,0,0,218,89,3,67,5,80,2,100,,,,177,12,64,101,135,42,3,11,68,459,6.78,372,97,32488.04,,,,,,,Round of 16,1.0,286.0,64.0,1.0,False,,,None,1.0,1.0,32.48804,6.78,286.0,0.20261873372177988,0.19752400185293506,0.08631464029481317,0.9178097096832913,0.4276888282215201,0.4805358774373342,0.07167165171425778,0.809573042616552,46.499694523735755,1.1979719894766416,0.4391735627733228,98.84781501655218,4.27023922536942,15.21922098465913,2.486785638716415,0.35865569112860374,0.3472573079644086,15.120060807889804,3.6404305825545205,0.6997340775797617,24.47371987032747,86.83351618834826,7.590444518713466,32.48804,,,None,1.0,1.0,82.78139658403828,82.85626167456907,87.13309256722741,75.19524381978556,77.34290810931958,74.80323230801676,,,None,1.0,1.0,,,,,,,,,,,,,,,,,,,,,
430385,285023_43822,Kim Jingyu,Korea Republic,MF,0,1,0,0,1,0,0.01,0.0,0,0,3,16,3,0,1,0,0,0,0,56,96,1,0,2,100,0,0,,,,14,1,6,7,11,3,0,5,19,122,5.21,99,26,7803.84,,,,,,,Round of 16,0.0,64.0,713.0,0.0,False,,,None,1.0,1.0,7.80384,5.21,64.0,0.024933510207275005,0.019049201798358104,0.024420323159408824,0.4327903293978336,0.07579787103011604,0.13683510401752527,0.08277925388815302,0.5168661258167649,19.834097618123028,0.7563718840878025,0.08906249846038633,43.704875131003426,1.3775598166118062,7.959884614171394,1.4085771033096561,0.20515292198545873,0.40107490441417976,7.218096063164825,1.904665303953692,0.18091755006398744,13.421464750254112,43.2101721253709,3.6056618934538918,7.80384,,,None,1.0,1.0,49.14055227102517,54.4420153475319,61.787983638412584,40.60071545919211,61.89078147632136,36.41680085199106,,,None,1.0,1.0,,,,,,,,,,,,,,,,,,,,,
492315,285023_43822,Lee Gihyuk,Korea Republic,MF,0,0,0,0,0,0,0.0,0.0,0,0,6,19,4,2,2,1,0,0,0,236,92,4,0,3,0,4,100,,,,70,0,7,63,21,49,0,2,71,500,6.18,388,125,30898.48,,,,,,,Round of 16,0.0,300.0,1109.0,0.0,False,,,None,1.0,1.0,30.89848,6.18,300.0,0.021316219229056986,0.016285591490999535,0.01908995329277427,0.19124911892309926,0.06480130645633324,0.11698341112906474,0.07076984784046919,0.978139720232541,49.13217055156281,0.825392430174725,0.7911538451552532,104.93294502224467,1.7139661341443753,7.341343797988077,1.3829773558307912,0.5328960068512116,0.5216410430982696,15.466072863456814,1.449588172452791,0.15467048672603745,29.170867059955967,88.60098838595313,7.210799504711285,30.89848,,,None,1.0,1.0,41.83898456713443,49.92123836704258,82.74124503029708,48.43076165623511,82.81921217573348,77.10795640285276,,,None,1.0,1.0,,,,,,,,,,,,,,,,,,,,,
390525,285023_43822,Lee Jaesung,Korea Republic,MF,1,2,0,2,0,1,0.14,0.0,0,0,10,46,6,1,4,0,0,0,1,59,78,1,0,2,100,1,0,,,,66,18,38,10,43,23,4,28,40,137,4.63,205,85,14542.7,,,,,,,Round of 16,0.0,125.0,862.0,0.0,False,,,None,1.0,1.0,14.5427,4.63,125.0,0.024959202488771443,0.019068830701421378,0.051654788962239497,0.6425386158920481,0.28517830114726056,0.5555807544211684,0.08286455226272119,0.5173987211027901,20.482442279533206,0.7571512737204866,0.29845659687128695,46.889444907336646,2.8440955771060636,14.247156499746094,2.0379355226765137,0.41466664365900674,1.0293951614891215,11.620882656004259,5.46476746651153,1.018313275584107,25.78413186347255,65.44074377190864,5.019836351852034,14.5427,,,None,1.0,1.0,72.29863016472325,61.66885576756535,58.54763445683944,69.53998630611139,57.03420270995766,55.0911565491007,,,None,1.0,1.0,,,,,,,,,,,,,,,,,,,,,
418490,285023_43822,Lee Kangin,Korea Republic,MF,1,4,0,1,3,0,0.15,0.0,9,0,11,81,4,1,7,1,0,0,0,159,88,20,25,12,75,7,86,,,,161,12,71,78,62,99,0,42,108,376,5.68,264,69,28433.53,,,,,,,Round of 16,0.0,300.0,232.0,1.0,False,,,None,1.0,1.0,28.433529999999998,5.68,300.0,0.021316219229056986,0.19503866900826491,0.04590291492036409,0.906261428992161,0.24355438397359863,0.2957364886463301,1.6795475454958575,3.838188960508787,35.36818358273337,2.4341701278301136,1.3274130777070496,82.76756341010375,2.6077315217307024,18.424034604058534,1.3829773558307912,0.3541429293339462,1.4154064306845966,22.079936731595637,3.5946251026599763,0.15467048672603745,19.160694718989102,66.43560677381221,6.770182106285102,28.433529999999998,,,None,1.0,1.0,58.71335809763485,87.92250889098906,88.10556200530756,68.7352012367668,71.01205350413903,61.3055139408439,,,None,1.0,1.0,,,,,,,,,,,,,,,,,,,,,
402817,285023_43822,Paik Seungho,Korea Republic,MF,0,0,0,0,0,0,0.0,0.0,0,0,2,31,5,1,2,1,0,0,0,152,89,1,0,7,43,1,100,,,,134,4,43,87,92,42,1,10,67,317,6.66,269,63,23909.61,,,,,,,Round of 16,0.0,216.0,1012.0,0.0,False,,,None,1.0,1.0,23.90961,6.66,216.0,0.02305258366583865,0.01761217392070073,0.02064497182777846,0.20682778064990437,0.07007985434414951,0.12651257915812256,0.07653457777058432,0.4778749365964651,36.895988016142454,1.6658821516209048,0.2756576726797284,78.10407963129654,1.0803260353231223,10.259116922790026,1.6889449808794839,0.3829905022278732,0.5641325818776632,15.952644036578857,2.3409232749131026,0.36058339090467806,19.56159260581871,72.81384978454702,6.4471273772752875,23.90961,,,None,1.0,1.0,45.53408407934392,56.18855824347649,85.06013735911317,47.16710408571709,71.9745047000574,53.254055093792815,,,None,1.0,1.0,,,,,,,,,,,,,,,,,,,,,
448585,285023_43822,Yang Hyunjun,Korea Republic,MF,1,1,0,1,0,0,0.19,0.0,0,0,2,10,1,1,0,0,0,0,1,13,69,0,0,0,0,0,0,,,,9,1,6,2,2,7,1,1,10,28,2.31,37,21,2936.45,,,,,,,Round of 16,0.0,25.0,598.0,0.0,False,,,None,1.0,1.0,2.93645,2.31,25.0,0.020868263977827994,0.015943353679060586,0.05193814110993703,0.3622266887351433,0.23843614681866762,0.28952165703639055,0.06928263640638894,0.25759785054230877,9.075422508277592,0.28305713259525894,0.0745414389288016,20.129397586037022,0.9779610482729411,5.612097594165287,0.8289245443352884,0.3467007003356392,0.16068563262927557,4.466262955670709,1.5941220478742855,0.32641674774919044,10.358199332386674,25.315244657583193,2.166005417634024,2.93645,,,None,1.0,1.0,46.20175087226463,16.567769458005177,16.955006781394903,16.99474540470455,19.16144731403948,15.415439272652224,,,None,1.0,1.0,,,,,,,,,,,,,,,,,,,,,
395516,285023_43911,Cesar Montes,Mexico,DF,1,1,0,1,0,1,0.06,0.0,0,0,8,13,4,3,4,0,1,0,0,131,91,2,0,4,25,1,100,,,,13,2,0,11,6,7,0,3,20,282,5.34,237,78,26780.16,,,,,,,Round of 16,0.0,299.0,1108.0,0.0,False,,,None,1.0,1.0,26.78016,5.34,299.0,0.021335368615074363,0.01630022162191681,0.029841922317695276,0.3703345872274352,0.24377318060281408,0.29600216297251614,0.07083342380204688,0.6211911102104539,30.390374044507404,1.0050475799468206,0.25512359670603363,66.02403345599497,2.073333192468722,6.274456920497887,1.3842197509739222,0.7122883930037959,0.8799369783880248,6.3553701206722994,1.8087177273254929,0.15480943467097955,20.788130633676783,61.664620257614054,6.4804536087705396,26.78016,,,None,1.0,1.0,46.521359763484966,47.14006101217551,71.0080659986504,47.425932715604816,64.2964736276157,52.285738275651305,,,None,1.0,1.0,,,,,,,,,,,,,,,,,,,,,
400634,285023_43911,Edson Alvarez,Mexico,DF,0,0,0,0,0,0,0.0,0.0,0,0,3,29,9,4,2,1,0,0,0,126,88,1,100,3,0,3,67,,,,93,2,27,64,66,27,0,2,35,265,4.54,288,87,22977.48,328.0,76.0,320.0,4.340903282165527,6.1707024574279785,5.042739868164063,Round of 16,0.0,221.0,1018.0,0.0,True,288.19999999999993,4.790832304954529,C,1.0,1.0,22.97748,4.54,221.0,0.022942984178219845,0.01752843991215996,0.020546818910646556,0.20584445404698842,0.06974667190178833,0.1259110971700705,0.07617070747168987,0.47560296357356874,31.718308538642077,0.8883829380262431,0.6591366401174705,67.72821953196153,1.2675845805238608,9.825552207282573,2.450494254107305,0.9583539413288853,0.561450511927539,9.720167433290618,1.9450042298109085,0.16647429319716317,24.086064831269898,76.12316960847261,6.237138700783014,22.97748,288.19999999999993,4.790832304954529,C,1.0,1.0,43.60353181207148,52.07411996130682,70.7901641023484,48.88497030539561,70.8943980198844,59.47509784797046,288.19999999999993,4.790832304954529,C,1.0,1.0,,,,,,,,,,,,,,,,,,,,,
441261,285023_43911,Israel Reyes,Mexico,DF,0,2,0,2,0,1,0.06,0.0,0,0,3,11,2,1,0,0,0,0,0,102,91,2,50,2,0,6,67,,,,51,7,12,32,9,42,1,2,28,206,6.45,272,65,24823.63,243.0,22.0,297.0,4.616825580596924,6.808748245239258,5.153513431549072,Round of 16,0.0,237.0,1033.0,0.0,True,223.35,5.079785943031311,C,1.0,1.0,24.82363,6.45,237.0,0.022596468896786542,0.017263702237144917,0.03160583168906131,0.5817134524038075,0.06869326544623108,0.5029873547674031,0.07502027673733132,0.6579087455237718,26.691521504762978,0.6854764375778513,1.2176483872848374,55.52544937569303,1.2484398422348586,6.26635232570619,1.0870608828115416,0.37541271281367894,0.1739928105052564,8.246937845947064,2.863073037973507,0.3534489450460025,19.55352796639461,71.94163338608247,6.492762241537602,24.82363,223.35,5.079785943031311,C,1.0,1.0,46.30345420308488,51.11052026933528,65.39347973690577,38.34728042227107,60.75885149583705,53.44388468583856,223.35,5.079785943031311,C,1.0,1.0,,,,,,,,,,,,,,,,,,,,,
402772,285023_43911,Jesus Gallardo,Mexico,DF,0,3,0,2,1,0,0.11,0.0,0,0,6,57,16,5,1,0,0,0,0,128,82,5,20,7,14,2,100,,,,85,16,34,35,12,73,2,23,37,260,6.22,308,100,32678.44,220.0,15.0,311.0,4.659085750579834,6.921806335449219,5.078948974609375,Round of 16,0.0,324.0,1182.0,0.0,True,212.0,5.103459644317627,C,1.0,1.0,32.67844,6.22,324.0,0.020868263977827997,0.01594335367906059,0.037938411163851396,0.7122199373872843,0.06343952249259711,0.464518281362461,0.06928263640638894,1.1325809721726614,29.2000343057757,1.5080335028777523,0.4245346875809426,60.72861442968538,1.6779475455772228,13.8369389374906,3.453873909226346,1.046687197639921,0.33568225695534604,9.191171812474611,4.219071412765343,0.5014133720752609,24.182932654146246,72.73932984994829,7.370753268373768,32.67844,212.0,5.103459644317627,C,1.0,1.0,49.83619476405215,56.03065551122827,68.9143733667937,58.22465543448184,59.94644171014508,66.45739041024345,212.0,5.103459644317627,C,1.0,1.0,,,,,,,,,,,,,,,,,,,,,
425701,285023_43911,Johan Vasquez,Mexico,DF,0,1,0,1,0,1,0.22,0.0,0,0,6,9,2,0,2,0,0,0,0,174,93,0,0,3,67,0,0,,,,41,1,4,36,12,29,0,5,24,360,4.6,336,100,31238.83,274.0,96.0,228.0,4.547868251800537,6.030199527740479,5.496882915496826,Round of 16,0.0,305.0,1133.0,0.0,True,235.8,5.0074716091156,C,1.0,1.0,31.23883,4.6,305.0,0.021221055532655887,0.016212886426949093,0.058154840792306754,0.3683503661457225,0.0645120088192739,0.2944162086699494,0.07045390436841754,0.26195270949510424,37.879612420531465,0.8217075649651461,0.07580161036264683,79.55077668571221,1.7063143385290844,5.529018692700295,1.0208931079847725,0.17460684492269263,0.5193122394149182,7.033138814114235,1.6210717163494648,0.1539799789449511,24.591760835561765,78.9517770248771,7.239174761061519,31.23883,235.8,5.0074716091156,C,1.0,1.0,45.030935755776156,41.89912828163385,77.70002397049302,42.45625381642092,55.87802669837332,68.21913816841942,235.8,5.0074716091156,C,1.0,1.0,,,,,,,,,,,,,,,,,,,,,
403596,285023_43911,Jorge Sanchez,Mexico,DF,1,1,0,1,0,0,0.04,0.0,0,0,14,72,18,3,1,0,0,0,1,101,91,4,25,1,0,0,0,,,,95,32,30,33,23,72,2,16,25,207,5.04,411,184,34115.76,142.0,73.0,197.0,4.924066066741943,6.181884765625,5.646827220916748,Round of 16,0.0,304.0,236.0,1.0,True,145.39999999999998,5.293429160118103,B,1.1,1.1,34.11576,5.04,304.0,0.02124001053349334,0.1943413763791233,0.026146264166636665,0.3686793828380366,0.24268364035335413,0.29467918613934585,0.07051683497119787,0.9746427233515792,24.911124514097647,0.46621351120783805,0.07586931762563821,52.37038949188678,3.132750513615363,16.755139829325156,3.8716291200451654,0.7091048316641863,0.3416620894394331,7.217534939369986,7.14405394292878,0.5103455330940965,39.575303306458906,92.38084869415121,7.758062446720135,34.11576,145.39999999999998,5.293429160118103,B,1.1,1.1,62.727890438038784,72.97152714287238,75.02054865983708,83.42788493227978,76.12980895281245,98.63085446723771,145.39999999999998,5.293429160118103,B,1.1,1.1,,,,,,,,,,,,,,,,,,,,,
500038,285023_43911,Mateo Chavez,Mexico,DF,1,1,100,1,0,0,0.49,2.04,0,0,5,18,3,1,1,0,0,0,0,26,88,1,0,2,50,0,0,,,,50,9,27,14,14,36,0,6,5,49,1.56,96,41,8450.23,,,,,,,Round of 16,1.0,81.0,90.0,0.0,False,,,None,1.0,1.0,8.45023,1.56,81.0,0.237099601631035,0.019299849190441764,0.12642389228307568,0.4384849389951735,0.2886332303594397,0.35047358483352536,0.08386845459720767,0.5236669958933013,13.739932019151562,0.7663241457205368,0.09023437344012825,28.81576389622861,1.819361641514553,8.488295975884135,1.4271110125637303,0.41969032145893165,0.40635220578805054,4.347338746469904,3.6244308409002923,0.18329804414377676,16.77563325446768,43.14321296499427,3.7900347901549667,8.45023,,,None,1.0,1.0,82.34794758770484,60.78139734898258,50.817213534202295,46.1691489265227,49.890471682087195,40.66442702399714,,,None,1.0,1.0,,,,,,,,,,,,,,,,,,,,,
430766,285023_43911,Alexis Vega,Mexico,FW,0,0,0,0,0,0,0.0,0.0,0,0,1,3,0,0,0,0,0,0,0,10,100,1,0,1,0,0,0,,,,12,5,4,3,7,5,2,3,6,25,1.53,28,10,1915.42,,,,,,,Round of 16,0.0,18.0,568.0,0.0,False,,,None,1.0,1.0,1.9154200000000001,1.53,18.0,0.018855005128733445,0.01440522391835235,0.016885788393088522,0.16916710601499646,0.05731921559134968,0.10347626814648916,0.06259861702739504,0.3908600663175046,7.72553248141533,0.41386317257455946,0.06735007831983587,17.71307897811911,0.725498697342266,3.963875158210213,0.5908404407139913,0.1551389821992188,0.14518353949124754,3.4029261856269746,2.072785183816484,0.4530396832309278,7.619642772612363,21.449939874579375,1.7956017450654593,1.9154200000000001,,,None,1.0,1.0,16.87067707135409,21.631808932873785,36.40443568113048,14.719463334082638,49.02223774638178,14.76346316154508,,,None,1.0,1.0,20.83799925345277,23.569298562175923,12.975988357991753,46.56294380736375,12.988795825561123,13.549286750711367,E,E,F,C,E,E,20.08306115095626,E,26.946288473144236,26.686560801449428,,,None,1.0,22.926219518847795
514336,285023_43911,Armando Gonzalez,Mexico,FW,0,0,0,0,0,0,0.0,0.0,0,0,0,7,0,1,0,0,0,0,0,1,100,0,0,0,0,0,0,,,,7,4,3,0,5,2,0,4,4,5,1.47,25,14,2086.01,,,,,,,Round of 16,0.0,21.0,582.0,0.0,False,,,None,1.0,1.0,2.0860100000000004,1.47,21.0,0.019815307963211643,0.015138895283893694,0.017745797199533814,0.17778294304593487,0.0602385362081634,0.1087464101021055,0.06578682243786266,0.2446001614978845,6.62350006699728,0.26877483721300266,0.07078028004459198,15.291887074976767,0.5962822472289647,4.830426059611568,0.6209324903352,0.3292071230990286,0.15257787131672965,3.243906822434373,2.0121872794411377,0.14377987458106367,8.672385296786286,22.043904826021667,1.915399790350444,2.0860100000000004,,,None,1.0,1.0,15.753627061725753,14.042120694176985,31.589208365236466,13.777654373151854,54.16910972993328,14.274428168582364,,,None,1.0,1.0,25.494587532661438,28.203764553932647,14.069852049478532,42.535557581024655,14.36645818855687,13.228937004164546,D,D,E,D,E,E,23.281864857902683,E,28.28854314002829,29.01614959626009,,,None,1.0,26.421745630197183
406135,285023_43911,Cesar Huerta,Mexico,FW,0,0,0,0,0,0,0.0,0.0,0,0,0,4,1,0,0,0,0,0,0,2,100,0,0,0,0,0,0,,,,3,3,0,0,0,3,0,1,3,5,1.86,21,7,1580.4,,,,,,,Round of 16,0.0,12.0,542.0,0.0,False,,,None,1.0,1.0,1.5804,1.86,12.0,0.01630063823398475,0.01245368761076435,0.01459819957682738,0.14624932623531117,0.04955394023131365,0.08945790262810832,0.05411811893682937,0.20121507836030775,5.585373844870303,0.22110185700576915,0.058225879771793526,12.57954302738692,0.49051880573706913,3.5635658387046028,0.6474903295662903,0.13412165138922652,0.12551491440168258,2.5318368646868237,1.5185891920623316,0.11827743102579336,6.177297109878965,17.587171540148077,1.5065489536223922,1.5804,,,None,1.0,1.0,9.116947007171223,7.281457647192416,28.00278590753362,9.234200587083595,46.578360005384354,9.245212433519129,,,None,1.0,1.0,11.310190369540871,13.350680924613952,8.28037836526801,28.906034720308625,7.14458139790059,8.999566585637023,F,F,F,E,F,F,11.040252391972743,F,20.94038413569469,10.766045548654244,,,None,1.0,13.044595939281498
386339,285023_43911,Guillermo Martinez,Mexico,FW,0,0,0,0,0,0,0.0,0.0,0,0,2,37,2,3,1,0,0,0,0,12,92,1,0,0,0,0,0,,,,32,18,14,0,29,3,0,13,14,32,1.61,76,37,7134.93,,,,,,,Round of 16,0.0,66.0,719.0,0.0,False,,,None,1.0,1.0,7.134930000000001,1.61,66.0,0.02499548265295503,0.019096548746857643,0.0223849544446804,0.2242594703623125,0.0759862672649833,0.1371752087994172,0.0829850024078107,0.5181508008440571,10.660706660726134,0.339038726704682,0.08928386403635537,24.948913291496723,1.1713771899446832,12.38140679565896,1.2024715703649589,0.8344825201964546,0.40207177940373395,6.188003885702961,5.472710935899198,0.1813672221298417,15.760496104546645,38.496620416845964,3.4744158698483445,7.134930000000001,,,None,1.0,1.0,46.69628916360305,47.126766613372745,43.58798715680665,39.62206353004625,67.76045212210983,34.76983384142541,,,None,1.0,1.0,37.681970884658455,40.6636403350491,48.355566335192826,59.32339911397504,27.34354997988369,38.511692765748954,C,C,C,B,D,D,36.25832157782089,C,37.242424242424235,44.19046227999708,,,None,1.0,40.60190404340895
429157,285023_43911,Julian Quinones,Mexico,FW,5,11,27,7,4,2,1.7,1.76,0,0,11,145,7,5,7,0,0,0,1,106,80,3,33,5,100,1,100,,,,202,83,97,22,100,102,5,66,120,278,6.6,486,205,39050.0,9.0,193.0,30.0,6.815557956695557,5.4334893226623535,6.740291118621826,Round of 16,3.0,354.0,11.0,1.0,True,41.849999999999994,6.589430952072143,A,1.2,1.2,39.05,6.6,354.0,0.5320179501331324,0.18609871103732617,0.3081662495495303,2.0586384591288422,0.9146290174749434,1.3055384583890217,0.06752598102923334,0.762745278083621,24.707358715200854,1.128678241677248,0.24321104679940062,62.258918350462615,2.488201326399146,28.495349299997773,1.831264831173246,1.0201485324085766,1.3505286602072941,23.114577208192696,15.539590397087904,1.0003788777217046,41.47853441796022,101.25463905710981,8.27059916695117,39.05,41.849999999999994,6.589430952072143,A,1.2,1.2,116.46799565276332,97.08055263834117,95.92415241508738,93.77300938768268,96.81178046899002,113.901149578969,41.849999999999994,6.589430952072143,A,1.2,1.2,112.92273236282195,112.06822541738684,115.60514188697553,84.70737859550205,117.21297684795725,99.06043303748093,S,S,S+,A,S,A,100.0,S+,63.92393919830975,53.351724137931036,33.7,6.654771041870117,BL-A,1.2,132.3075454876643
356731,285023_43911,Raul Jimenez,Mexico,FW,4,10,20,7,3,5,1.87,1.07,0,0,9,59,3,4,2,0,0,0,1,53,74,0,0,7,57,0,0,,,,114,50,62,2,84,30,6,57,59,144,4.26,220,104,22902.77,66.0,179.0,163.0,5.65869665145874,5.503309726715088,5.775893688201904,Round of 16,2.0,241.0,41.0,0.0,True,107.19999999999999,5.664687871932983,B,1.1,1.1,22.90277,4.26,241.0,0.4000553925507501,0.01719839993484568,0.373163958404807,2.089690633619205,0.8235222195677825,1.4449457313497107,0.07473650233466972,0.27787571831902497,17.340719445650326,1.6267445243782628,0.08040927299380729,43.61154047561999,2.376350642306348,15.303714544466779,1.2717211260722716,0.9403092599630434,0.5508790569008366,14.0676808486258,10.969447628949517,1.295972971006574,26.841679845259037,61.85335002605907,6.105597519023279,22.90277,107.19999999999999,5.664687871932983,B,1.1,1.1,106.94934281560876,65.7245980412815,69.67218624864354,66.51895116126353,70.40035156472341,66.45144362178802,107.19999999999999,5.664687871932983,B,1.1,1.1,101.97275102650245,86.05652529012897,97.74872665534805,43.830256268944616,67.19249478804726,61.90984981250117,S,A,S,D,B,B,80.49900654743439,S,79.94188269480767,59.877775006235964,106.4,5.678317070007324,BL-B,1.05,93.3936926303337
403585,285023_43911,Roberto Alvarado,Mexico,FW,0,5,0,2,3,0,0.28,0.0,5,0,6,60,9,3,4,0,0,0,1,146,81,12,42,12,58,1,100,,,,143,45,73,25,59,84,3,54,75,329,6.34,452,156,38909.71,111.0,145.0,11.0,5.24617862701416,5.739736080169678,7.087615966796875,Round of 16,0.0,369.0,168.0,3.0,True,91.1,5.780571579933166,B,1.1,1.1,38.90971,6.34,369.0,0.02008698037908678,0.5206813140664348,0.06515368318026413,1.0224451563891874,0.06106442035242382,0.44712725569163647,0.9089135432865889,2.269293130026697,31.138828056113493,2.2937992460891827,0.2401956475997021,70.07770734737827,1.6151271356811046,13.824234853854598,2.1454502003295004,0.6706105356159385,0.8284495636613849,15.247973240483763,8.946017929551605,0.6510859906874662,32.710469111160585,94.27212703966171,8.144426801714676,38.90971,91.1,5.780571579933166,B,1.1,1.1,66.06827633488062,107.43707428979201,86.98051188138051,71.00012231031927,78.26341393509725,97.56793331980488,91.1,5.780571579933166,B,1.1,1.1,14.329973870847335,42.807840604759825,90.48120300751881,108.23960828369758,98.37277349036248,54.90361241449487,F,C,A,S+,S,C,35.887313025579026,C,32.57393519173624,51.583980872683796,84.39999999999999,5.847965574264526,BL-B,1.05,42.206304607601744
430759,285023_43911,Santiago Gimenez,Mexico,FW,1,1,0,1,0,0,0.3,0.0,0,0,3,24,3,1,3,0,0,0,0,11,45,0,0,0,0,0,0,,,,29,20,9,0,19,10,3,15,16,33,4.84,111,34,8054.44,,,,,,,Round of 16,0.0,76.0,745.0,0.0,False,,,None,1.0,1.0,8.05444,4.84,76.0,0.02520651852468788,0.019257780152861538,0.08598682859981092,0.4375291471029712,0.2880040792145227,0.34970963656295856,0.08368564150196375,0.31114926466874715,10.539338322645373,0.34190121726886635,0.0900376841701851,25.370932242851577,1.3926433441433224,9.73805110598835,1.4240002531880338,0.4187754973206033,0.8282189813385111,6.663001483639017,5.941669343742305,0.8170272871135498,15.259432561298572,46.219815062374145,3.6981128131598946,8.05444,,,None,1.0,1.0,77.15726129521052,51.46166749368073,34.62735539452035,41.21096653596193,35.89089215088885,33.76426821841025,,,None,1.0,1.0,56.64427025009331,55.61169252977265,45.77977201067184,39.26065667592259,30.708459822244983,40.57512201556523,B,B,C,D,D,C,47.44791338322541,B,54.206991902034375,63.61267911419887,,,None,1.0,52.82944718592657
215285,285023_43911,Guillermo Ochoa,Mexico,GK,0,0,0,0,0,0,0.0,0.0,0,0,0,0,0,0,0,0,0,0,0,9,44,0,0,2,50,0,0,0.0,3.0,3.0,2,0,0,2,1,1,0,0,0,14,0.92,5,0,1147.02,,,,,,,Round of 16,0.0,18.0,566.0,0.0,False,,,None,1.0,1.0,1.14702,0.92,18.0,,,,,,,,,,,,,,,,,,,,,,,,,,,,,,,,,,,,,,,,,,,,,,,,,,,,,,,,,,,,,
485070,285023_43911,Raul Rangel,Mexico,GK,0,0,0,0,0,0,0.0,0.0,0,0,0,0,0,0,0,0,0,0,0,132,73,0,0,4,0,1,100,6.0,48.0,38.0,59,1,0,58,40,19,0,0,7,261,3.18,60,8,20544.93,,,,,,,Round of 16,0.0,386.0,1206.0,0.0,False,,,None,1.0,1.0,20.54493,3.18,386.0,,,,,,,,,,,,,,,,,,,,,,,,,,,,,,,,,,,,,,,,,,,,,,,,,,,,,,,,,,,,,
416576,285023_43911,Alvaro Fidalgo,Mexico,MF,1,1,100,1,0,0,0.33,3.04,0,0,5,33,4,0,2,0,0,0,0,47,89,1,0,3,0,0,0,,,,60,5,39,16,31,29,0,15,12,104,3.92,189,71,11902.43,,,,,,,Round of 16,1.0,93.0,94.0,0.0,False,,,None,1.0,1.0,11.90243,3.92,93.0,0.23739677224210323,0.01932403880500878,0.09264578220450241,0.4390345174692367,0.28899499104081783,0.3509128535992752,0.08397357177045701,0.5243233379541709,18.211327151119203,0.9793881517212217,0.0903474693867688,40.517574381063625,1.8216419524347054,11.680487762988484,1.6410032208711878,0.208112815821482,0.6189650381864972,5.837512211087252,2.780559438266502,0.18352778215856508,23.15976495554599,62.922914922273996,4.5270088578772505,11.90243,,,None,1.0,1.0,81.0489477939332,65.97272804828269,60.73896091823387,54.48735888784497,55.578430744189276,51.98012016373866,,,None,1.0,1.0,,,,,,,,,,,,,,,,,,,,,
464533,285023_43911,Brian Gutierrez,Mexico,MF,0,5,0,2,3,0,0.35,0.0,1,0,14,61,8,4,2,1,0,0,0,48,85,1,0,2,50,0,0,,,,102,24,60,18,69,33,3,22,33,117,4.84,274,94,20049.76,,,,,,,Round of 16,0.0,184.0,966.0,0.0,False,,,None,1.0,1.0,20.04976,4.84,184.0,0.023761426327516082,0.018153729714222286,0.09102009726482617,1.2094777213384154,0.07223473603564891,0.5289187894165847,0.27814597627294163,0.49256908745244676,17.307664527453866,0.7208160684376046,0.08487581484188746,40.65408962368444,3.504641413165849,16.55231518608694,2.3386523823237497,0.9925411792851552,0.5814790644530503,9.668397645059214,6.398065016750521,0.7701870320292213,26.340090237015595,76.04908915988455,5.876263603000758,20.04976,,,None,1.0,1.0,64.05590280841967,58.07498289160894,60.73642648183738,74.99415571710057,66.21278471635955,61.638820897392634,,,None,1.0,1.0,,,,,,,,,,,,,,,,,,,,,
419518,285023_43911,Erik Lira,Mexico,MF,0,0,0,0,0,0,0.0,0.0,0,0,16,62,17,2,3,0,0,0,0,126,90,1,100,1,0,1,100,,,,113,2,53,58,85,28,1,11,36,270,5.12,383,103,32360.9,294.0,87.0,221.0,4.492576122283936,6.079370498657227,5.541401386260986,Round of 16,0.0,283.0,226.0,1.0,True,244.70000000000002,4.992801594734192,C,1.0,1.0,32.3609,5.12,283.0,0.021647041201980147,0.19806561654451796,0.019386224218845338,0.1942172536641659,0.06580700525401965,0.11879896211646708,0.07186817679057408,0.44873835366344805,29.926688109078327,0.47514774392986386,0.2588505082396782,64.81020230075087,3.555839196909268,15.260952387437586,3.764295393230736,0.5411664091423029,0.7112640484538625,9.352647445397928,1.8351399440318685,0.338598208027773,25.62999095316529,89.06841544249308,7.588178288620505,32.3609,244.70000000000002,4.992801594734192,C,1.0,1.0,47.72254475050495,63.5685704554556,67.40015541943811,80.29874947333194,67.4955961900437,74.98318183390114,244.70000000000002,4.992801594734192,C,1.0,1.0,,,,,,,,,,,,,,,,,,,,,
500037,285023_43911,Gilberto Mora,Mexico,MF,0,4,0,2,2,0,0.11,0.0,1,0,13,68,3,1,3,0,0,0,0,63,90,4,25,4,75,1,100,,,,118,27,69,22,72,46,2,31,39,154,4.88,278,94,18888.04,128.0,159.0,40.0,4.998045444488525,5.635547637939453,6.57443904876709,Round of 16,0.0,170.0,934.0,0.0,True,110.64999999999999,5.4877691745758055,B,1.1,1.1,18.88804,4.88,170.0,0.024069400342178325,0.018389021861424236,0.043758062846967545,1.0233132299255272,0.0731709770402221,0.5357741541056261,0.2817510516499078,1.1044752478793523,20.55960038428188,1.13383991629681,0.28781654053613676,48.64911476165587,3.348224747777216,18.17973575107118,1.3597606566641272,0.399883668529319,0.7908563101764006,11.004754484180456,7.086512848744142,0.5783288539105975,26.68148654989036,77.84213091338428,5.717944080497909,18.88804,110.64999999999999,5.4877691745758055,B,1.1,1.1,67.92176671595517,76.83443304580958,79.15636061997775,77.99843137195715,74.9362778199125,69.11726463399506,110.64999999999999,5.4877691745758055,B,1.1,1.1,,,,,,,,,,,,,,,,,,,,,
448051,285023_43911,Luis Chavez,Mexico,MF,0,0,0,0,0,0,0.0,0.0,0,0,1,4,3,1,0,0,0,0,0,28,100,1,0,1,100,0,0,,,,16,0,6,10,2,14,0,4,4,61,1.36,42,16,2876.74,,,,,,,Round of 16,0.0,31.0,618.0,0.0,False,,,None,1.0,1.0,2.87674,1.36,31.0,0.022085621977415242,0.016873415190745245,0.019778999618093995,0.19815220038136955,0.06714029081134235,0.12120589341205486,0.07332426496501862,0.45783003567582303,12.382917451137226,0.48477449448826954,0.07888984170332726,27.415422431324988,0.8498056545309888,4.828250702550631,1.2476904042441117,0.36692561561678183,0.1700592892260974,3.6155733710147144,1.5019106369521464,0.16025327306812498,10.036423182272754,27.71804453157553,2.2813015577933498,2.87674,,,None,1.0,1.0,27.208692528646267,32.42535459597452,45.116465609406845,23.267788105615892,56.40842181180704,22.18717056471507,,,None,1.0,1.0,,,,,,,,,,,,,,,,,,,,,
430763,285023_43911,Luis Romo,Mexico,MF,1,2,50,1,1,0,0.07,14.19,0,0,13,54,8,1,2,0,0,0,0,81,86,2,50,3,33,0,0,,,,116,30,55,31,88,28,2,11,56,188,5.25,385,118,25531.12,46.0,142.0,126.0,5.9065842628479,5.747804164886475,5.922398567199707,Round of 16,1.0,218.0,62.0,1.0,True,80.39999999999999,5.886720824241638,B,1.1,1.1,25.531119999999998,5.25,218.0,0.21595434950956854,0.21052430122897473,0.03411184962892005,0.5923252100882063,0.26289205498588825,0.31921730155747197,0.07638881479479483,0.6699104761990643,23.126575627049203,0.8909267351227456,0.08218700194186962,53.065336004576444,3.2006708877426546,14.677328467728554,2.264565332838998,0.3822610824423327,0.5630581702029716,13.799859253391611,7.353052327895908,0.5528423166581256,30.136348688031266,95.05687083597302,6.747711915154149,25.531119999999998,80.39999999999999,5.886720824241638,B,1.1,1.1,77.8510596065749,84.18232788348328,77.73646354653617,78.6691917578167,76.27292558818232,83.97311311921356,80.39999999999999,5.886720824241638,B,1.1,1.1,,,,,,,,,,,,,,,,,,,,,
461177,285023_43911,Obed Vargas,Mexico,MF,1,1,0,0,1,0,0.02,0.0,0,0,3,20,2,1,0,0,0,0,0,22,91,0,0,3,33,0,0,,,,24,1,14,9,20,4,0,9,17,53,5.27,181,47,10044.8,,,,,,,Round of 16,0.0,85.0,764.0,0.0,False,,,None,1.0,1.0,10.044799999999999,5.27,85.0,0.025286316641557175,0.01931874591414968,0.026886322375005385,0.4389142650826735,0.28891583476495636,0.13877130572886576,0.08395057124996982,0.3121342926233817,12.905203229725782,0.979119895449949,0.09032272304364224,29.69215949973029,1.3970521369016062,8.92069783697872,1.2164628826290804,0.4201012455013549,0.19470463813999028,6.896140466300232,1.9316161090670767,0.18347751355113884,18.06433107983236,61.20931675920389,4.131866945399192,10.044799999999999,,,None,1.0,1.0,60.78561358761456,62.281688848641906,52.45681498134942,42.96354719614944,60.32854763187042,43.62695756424196,,,None,1.0,1.0,,,,,,,,,,,,,,,,,,,,,
372090,285023_43911,Orbelin Pineda,Mexico,MF,0,1,0,1,0,0,0.09,0.0,0,0,3,33,1,0,2,0,0,0,0,5,100,0,0,1,0,0,0,,,,19,7,9,3,14,5,0,6,11,20,3.76,87,32,5754.74,,,,,,,Round of 16,0.0,45.0,663.0,0.0,False,,,None,1.0,1.0,5.75474,3.76,45.0,0.0238499046003816,0.01822132711469154,0.03935902056391774,0.41398134407462367,0.07250370998516006,0.3308882764468942,0.07918168327326691,0.2944032223871104,8.772111511553954,0.523500105999576,0.08519185923256306,21.405469578121686,1.317691329234683,11.013949544201823,0.9473606105575576,0.19623701505193977,0.5836442654229383,5.304398982404071,3.0218889124443504,0.17305490778036886,14.038170447318212,38.93226627093492,3.0391405139919434,5.75474,,,None,1.0,1.0,49.673719646210415,38.19262777900729,44.46662419058302,37.70308673741711,56.8857416830956,31.626314013632307,,,None,1.0,1.0,,,,,,,,,,,,,,,,,,,,,
400721,285023_43872,Achraf Hakimi,Morocco,DF,4,13,8,6,7,0,0.91,1.1,17,0,16,65,26,6,14,1,0,0,0,385,90,33,30,7,86,6,83,,,,226,69,103,54,90,136,11,83,145,841,5.89,546,252,53833.04,63.0,39.0,32.0,5.685664176940918,6.490420818328857,6.689000129699707,Round of 16,1.0,549.0,55.0,2.0,True,51.65,6.057211661338806,B,1.1,1.1,53.833040000000004,5.89,549.0,0.15764077788759268,0.29452206134837433,0.1432105778619139,1.9816770028694533,0.6144392323839155,0.9372452651034466,2.4501279459670893,4.8552135368923315,59.698670078559125,1.213732469013786,0.9050646896003965,130.70807716769133,2.7589375557990725,12.263344749437904,4.188282120110956,0.9832655035577041,2.1011579333964354,22.608731677749347,10.860485149608698,1.6711654280143442,40.87195101923818,92.06497624713727,8.91183134788165,53.833040000000004,51.65,6.057211661338806,B,1.1,1.1,98.97855193935796,104.52985556338999,103.35568461583576,90.95644333615253,101.33588176079446,104.86744153118066,51.65,6.057211661338806,B,1.1,1.1,,,,,,,,,,,,,,,,,,,,,
424071,285023_43872,Anass Salah Eddine,Morocco,DF,0,1,0,0,1,0,0.01,0.0,0,0,0,18,8,3,2,0,0,0,0,124,92,3,0,1,100,0,0,,,,32,11,5,16,5,27,3,8,52,255,3.44,142,59,15424.64,,,,,,,Round of 16,0.0,162.0,918.0,0.0,False,,,None,1.0,1.0,15.42464,3.44,162.0,0.02424214945122872,0.01852100218073874,0.023743192144079203,0.42078984303010564,0.07369613433173533,0.13304091618834324,0.08048393617807935,0.909112927287012,33.10780518562512,0.5321097933101478,0.08659295783978899,69.5304926614999,0.7294947612863747,8.14575009000407,2.385966220433155,0.8093322401457546,0.5932431070818243,13.726497605161175,3.8847451909718553,0.7857688708791603,19.75785819431772,50.75347183397889,5.0549103973034395,15.42464,,,None,1.0,1.0,50.80115233556152,55.02508418147441,71.95307820144558,44.97209067942667,86.11953814292866,47.26545669480377,,,None,1.0,1.0,,,,,,,,,,,,,,,,,,,,,
448607,285023_43872,Chadi Riad,Morocco,DF,0,1,0,1,0,1,0.12,0.0,0,0,7,30,12,0,1,0,0,0,0,226,94,0,0,1,0,1,100,,,,77,0,3,74,48,29,0,2,22,464,4.73,393,99,38595.32,,,,,,,Round of 16,0.0,390.0,250.0,1.0,False,,,None,1.0,1.0,38.59532,4.73,390.0,0.01974718632330963,0.1806823665946557,0.03755625213294082,0.34276727193638107,0.060031446422861276,0.27396807478597035,0.06556065859338796,0.24375926797493405,43.8597207613591,0.4334463515330189,0.2361324657905091,91.24765813831304,1.7534009445465633,8.622516754536973,2.605944025550996,0.1624798490681916,0.3176488509331313,6.213474117947511,1.3428876587303478,0.14328558396193464,22.718190000024208,82.90727162890902,7.954593010598189,38.59532,,,None,1.0,1.0,42.69095251640277,47.75135948000906,73.55873196252512,49.03311825035353,53.847974375614584,71.71060190735,,,None,1.0,1.0,,,,,,,,,,,,,,,,,,,,,
403083,285023_43872,Issa Diop,Morocco,DF,1,1,100,1,0,1,0.12,8.02,0,0,4,11,2,3,1,2,0,0,0,275,92,0,0,3,0,0,0,,,,30,1,1,28,8,22,0,4,20,567,4.33,346,80,39019.12,93.0,35.0,359.0,5.412150859832764,6.564397811889648,4.400058269500732,Round of 16,1.0,433.0,162.0,0.0,True,150.8,5.331964755058289,C,1.0,1.0,39.01912,4.33,433.0,0.179236594845522,0.014589814686023883,0.036318962949385,0.3314748182447137,0.21819369165113553,0.26494220781787176,0.06340076538952787,0.23572862890612403,50.26162302226482,0.7394464368181843,0.06821311264198601,104.73592560249895,1.2152152861723176,5.295788697784444,0.9186915190486312,0.6375468934089912,0.30718392258944877,5.688491510877894,1.458786258749114,0.13856504628506452,18.927080567306813,72.64931596933931,7.760396593671461,39.01912,150.8,5.331964755058289,C,1.0,1.0,59.20768745775704,37.30002499912274,76.87927942739262,38.131031885769,63.396384727471556,61.56720572391256,150.8,5.331964755058289,C,1.0,1.0,,,,,,,,,,,,,,,,,,,,,
411680,285023_43872,Noussair Mazraoui,Morocco,DF,0,0,0,0,0,0,0.0,0.0,0,0,28,57,19,3,6,0,0,0,0,222,90,4,0,5,40,0,0,,,,31,7,12,12,12,19,3,7,36,452,5.33,331,128,39362.24,347.0,3.0,264.0,4.203802108764648,7.489504337310791,5.333625793457031,Round of 16,0.0,440.0,1267.0,0.0,True,274.65,4.979113364219666,C,1.0,1.0,39.36224,5.33,440.0,0.01899610784285352,0.014513026391940088,0.017012154339745896,0.17043307956608178,0.057748167842274704,0.10425063984158013,0.06306707803827369,0.8716765112636687,41.55434050025514,1.0541489018448211,0.06785409721467277,85.86551436866954,5.031950769567542,12.595584594426244,3.6219076766082106,0.6341913923696123,1.1020528644671994,8.20730638572055,2.4068912908355093,0.6157271755463587,26.473727291399783,69.87749508037675,7.774210544060187,39.36224,274.65,4.979113364219666,C,1.0,1.0,41.09987447218567,51.552239729485,78.37684922399342,82.36075671392138,67.28109341308533,71.98287201543174,274.65,4.979113364219666,C,1.0,1.0,,,,,,,,,,,,,,,,,,,,,
485767,285023_43872,Redouane Halhal,Morocco,DF,0,0,0,0,0,0,0.0,0.0,0,0,4,12,9,3,5,1,0,0,1,119,95,0,0,0,0,1,100,,,,13,0,0,13,1,12,0,0,37,260,2.23,154,62,19377.5,,,,,,,Round of 16,0.0,208.0,999.0,0.0,False,,,None,1.0,1.0,19.3775,2.23,208.0,0.023228949039536508,0.017746917066205896,0.020802917601847312,0.20841013078272158,0.07061600508019099,0.12748047232897639,0.07712011081126122,0.28673814694403865,30.750100751376447,0.3150774647722732,0.27776661062610214,67.59843038824962,1.4781767531252439,6.636541712527634,2.4810375890148153,0.7755062066679396,1.1528269308888197,10.230906695086706,1.579661450484641,0.1685492542308769,19.51645710812838,50.96974460482968,5.613629149901706,19.3775,,,None,1.0,1.0,40.68112782428253,40.07852360616124,64.04965504485757,45.277205724621524,82.77829904390873,44.03327091571471,,,None,1.0,1.0,,,,,,,,,,,,,,,,,,,,,
411678,285023_43872,Ayoub El Kaabi,Morocco,FW,2,3,0,3,0,0,0.31,0.0,0,0,2,25,7,1,1,0,0,0,3,10,70,0,0,0,0,0,0,,,,59,45,12,2,39,20,2,10,14,31,1.4,108,59,8709.76,,,,,,,Round of 16,0.0,74.0,737.0,0.0,False,,,None,1.0,1.0,8.709760000000001,1.4,74.0,0.02517596752075037,0.019234439185853283,0.08799381085344789,0.8592389875048629,0.4987750792022083,0.7715259166625688,0.08358421216889123,0.31077214307614254,10.315444281487682,0.341486823451458,0.08992855598412032,24.91794182695993,1.1798353525735474,9.937368385239402,2.266754601017178,0.4182679297302976,0.40497501887934145,6.232685601944842,11.212469598911467,0.6049169582696918,20.51893942739976,45.53043514966679,3.831981800817309,8.709760000000001,,,None,1.0,1.0,79.579935757214,49.4094451946399,37.471160464755556,40.885793810952,38.36611298758687,37.82841776755919,,,None,1.0,1.0,62.29936543486376,60.49307679158199,42.99296628668446,42.832312355597,42.24790607512527,37.87099327265532,B,B,C,C,C,D,51.822269695524824,B,58.5720647172332,61.3160733549083,,,None,1.0,57.60957066670904
523288,285023_43872,Ayoube Amaimouni,Morocco,FW,1,2,0,2,0,0,0.29,0.0,0,0,4,10,3,1,0,0,0,0,0,9,89,1,0,0,0,1,0,,,,12,8,3,1,6,6,1,11,12,30,3.33,73,35,4598.41,,,,,,,Round of 16,0.0,33.0,630.0,0.0,False,,,None,1.0,1.0,4.598409999999999,3.33,33.0,0.022416407675917835,0.017126135464401223,0.07458915192867747,0.5770780363609728,0.2561248926811092,0.49897927201807507,0.07442247348404722,0.4646871496978488,8.99678038791427,0.3040561537161495,0.2680504215646975,21.998685391012998,1.4264705931689956,6.028439534860656,1.2663775909715183,0.37242121570377096,0.17260633910456738,5.173557448883997,3.0282374943636685,0.35063246744277876,13.75834418941061,33.960538817884135,2.6391074037024027,4.598409999999999,,,None,1.0,1.0,59.64865671290242,32.49951801007671,34.39193836379126,30.884351304694206,46.087402423487546,27.196096965206873,,,None,1.0,1.0,61.91675998506905,62.46842295200289,34.7077370846471,61.57025669288001,35.60806115357887,28.88235626660637,B,B,D,A,D,D,52.80026986384691,B,40.63699701407649,34.826283291862495,,,None,1.0,58.678290550286185
430740,285023_43872,Brahim Diaz,Morocco,FW,1,5,0,4,1,0,0.29,0.0,1,0,14,123,17,3,8,0,0,0,0,140,90,5,60,10,50,0,0,,,,172,59,85,28,91,81,5,73,117,345,5.91,454,200,41478.47,58.0,323.0,18.0,5.713639259338379,4.850802898406982,6.974554538726807,Round of 16,0.0,422.0,165.0,4.0,True,87.75,5.8994426250457765,B,1.1,1.1,41.47847,5.91,422.0,0.01925752287078163,0.6606699768526688,0.06407816631216309,0.9802250319208924,0.2200321768720241,0.7516425148942413,0.22542428327584296,1.0451613990411681,28.884067551317543,1.8761021136677611,0.06878787169443198,69.76779716488599,2.840347681055432,23.427213076157592,3.3487719615412277,0.642918820215335,1.4401973848638019,21.400885166299627,10.837457718650661,0.947179122674631,38.46527574356611,90.7022993628515,8.222943896115485,41.47847,87.75,5.8994426250457765,B,1.1,1.1,76.4045630813751,104.1109945219538,96.95557944934016,93.99060427466448,93.91709352056868,100.98572397066629,87.75,5.8994426250457765,B,1.1,1.1,22.439343038447188,41.30353852874699,98.97598835799177,105.61650804417405,103.52254855345454,95.3863983266437,E,C,S,S+,S,S,40.24149359475087,C,31.876743259397006,45.21974588627369,72.5,6.005630207061768,BL-A,1.2,53.94546816688043
433426,285023_43872,Soufiane Rahimi,Morocco,FW,4,6,33,5,1,2,1.59,1.26,0,0,4,57,10,5,6,0,0,0,2,32,75,5,40,4,25,0,0,,,,90,64,21,5,70,20,10,29,30,101,7.34,270,123,21306.98,,,,,,,Round of 16,2.0,180.0,24.0,1.0,False,,,None,1.0,1.0,21.30698,7.34,180.0,0.4238499046003816,0.21822132711469158,0.33935902056391776,1.4139813440746238,0.8725037099851601,1.1308882764468942,0.07918168327326691,1.2944032223871105,14.172111511553952,1.123500105999576,0.08519185923256306,37.605469578121685,1.517691329234683,15.813949544201822,2.7473606105575574,1.1962370150519397,1.3836442654229384,9.104398982404069,14.421888912444352,2.1730549077803687,32.23817044731821,75.53226627093491,6.149588513991945,21.30698,,,None,1.0,1.0,97.78984084168101,87.15068262815858,63.880407446545696,64.62296901815465,65.10181044199588,69.97566169623025,,,None,1.0,1.0,93.39305711086226,93.54213755247012,73.0244967256852,80.25520910613221,81.10895724369995,59.051764750221416,S,S,B,S,A,B,81.3297492083799,S,61.8699091016409,66.17454925529135,,,None,1.0,89.85417664028203
356956,285023_43872,Yassine Bounou,Morocco,GK,0,0,0,0,0,0,0.0,0.0,0,1,0,0,0,0,4,0,0,0,0,174,67,0,0,8,0,0,0,12.0,85.0,67.0,30,0,0,30,16,14,0,0,7,321,2.58,28,3,23478.08,,,,,,,Round of 16,0.0,549.0,1289.0,0.0,False,,,None,1.0,1.0,23.478080000000002,2.58,549.0,,,,,,,,,,,,,,,,,,,,,,,,,,,,,,,,,,,,,,,,,,,,,,,,,,,,,,,,,,,,,
485760,285023_43872,Ayyoub Bouaddi,Morocco,MF,0,3,0,0,3,0,0.14,0.0,0,0,19,84,28,2,6,0,0,0,0,226,90,0,0,1,100,1,100,,,,144,18,39,87,95,49,0,14,98,494,5.32,491,141,39895.09,217.0,44.0,278.0,4.67138671875,6.424352169036865,5.226677894592285,Round of 16,0.0,358.0,1197.0,0.0,True,206.29999999999998,5.073154330253601,C,1.0,1.0,39.895089999999996,5.32,358.0,0.0202711159188862,0.015487132562029054,0.04195247084878718,0.6918396722343068,0.06162419239341405,0.11124788416284746,0.06730010485070217,0.2502266549027312,45.023400760340785,0.44494648972712564,0.24239749946561476,98.76830048993229,3.8397908148948354,18.03069813122178,5.394909743728108,0.5067688885873021,1.176022032995543,19.29749872599452,4.4383202882082955,0.14708721710743825,30.460486934055304,101.76588499939893,8.386589861746575,39.895089999999996,206.29999999999998,5.073154330253601,C,1.0,1.0,49.33944150666164,46.10098193337615,76.7399840507115,88.01257966869764,80.10258022257115,89.26935456383724,206.29999999999998,5.073154330253601,C,1.0,1.0,,,,,,,,,,,,,,,,,,,,,
441307,285023_43872,Azzedine Ounahi,Morocco,MF,2,4,50,1,3,0,0.28,7.03,2,0,18,153,13,2,6,1,0,0,0,245,90,3,67,14,64,3,100,,,,241,50,94,97,137,104,2,62,101,528,6.59,517,224,42341.55,25.0,307.0,46.0,6.245397090911865,4.899636745452881,6.440932750701904,Round of 16,2.0,376.0,47.0,0.0,True,72.55,6.092416954040527,B,1.1,1.1,42.341550000000005,6.59,376.0,0.3549340029815176,0.015258629298385153,0.0647808258005118,0.8491129843247385,0.39567693985155133,0.2770874765435666,0.40126910765724216,0.7489776747755338,47.541246506843734,2.6156344118583195,0.573783046234389,103.00538759622198,3.615656038825203,29.320854238798496,2.8030963037446464,0.49929182047985254,1.1586705399686499,19.515218779397205,9.732227161380552,0.4798790093829542,43.911982859691356,104.61889666084365,8.672586343142006,42.341550000000005,72.55,6.092416954040527,B,1.1,1.1,88.39138259129702,83.87062235312048,106.71922857627729,97.75704460739044,93.38735444920374,106.67029673704744,72.55,6.092416954040527,B,1.1,1.1,,,,,,,,,,,,,,,,,,,,,
448612,285023_43872,Bilal El Khannouss,Morocco,MF,4,6,0,2,4,1,0.28,0.0,2,0,14,104,16,5,4,1,0,0,0,212,78,14,14,21,67,1,100,,,,136,38,78,20,51,85,8,67,113,489,6.0,469,199,43579.91,185.0,139.0,79.0,4.778095245361328,5.755778789520264,6.214325428009033,Round of 16,0.0,435.0,1262.0,0.0,True,151.6,5.283805322647094,C,1.0,1.0,43.579910000000005,6.0,435.0,0.019067751478951362,0.014567762129918841,0.061847734969316,1.1304634260154298,0.6975576709935308,0.4244396733652444,0.3831007881588779,2.473943296997491,40.112083025323244,3.6164914401724695,0.22800793490719395,92.10557860664854,2.81235775024592,20.158291270647975,3.155873886334495,0.9563790922907103,0.7864133928854442,20.550400512061128,7.372804583301036,1.4175390177263083,37.92632548690052,92.20695124806684,8.477927591752005,43.579910000000005,151.6,5.283805322647094,C,1.0,1.0,65.40637810964863,70.28889971843896,82.49944328409563,80.14917381857417,73.74383263517878,93.21460181623739,151.6,5.283805322647094,C,1.0,1.0,,,,,,,,,,,,,,,,,,,,,
494293,285023_43872,Chemsdine Talbi,Morocco,MF,0,2,0,1,1,0,0.05,0.0,0,0,5,31,4,0,0,0,0,0,0,35,86,7,14,1,100,0,0,,,,53,25,17,11,11,42,0,16,24,98,5.66,187,87,14533.76,,,,,,,Round of 16,0.0,128.0,195.0,1.0,False,,,None,1.0,1.0,14.533760000000001,5.66,128.0,0.0249093645737396,0.2279151504353676,0.03275205033270976,0.6412556107576528,0.07572446830416839,0.34558698868171345,0.08269909038481547,1.7696719676054555,15.428317946368033,0.5467550169792345,0.08897625025739785,38.64932578929956,1.7939945782581248,11.08544219332308,1.6160974318868264,0.20495425171272938,0.19180210721779492,8.255528032000976,6.9160463259983525,0.1807423493470545,26.1504155417755,61.550154195414585,5.007945440920838,14.533760000000001,,,None,1.0,1.0,55.53513586143421,70.99725507498651,52.7054672747265,48.269397591385086,51.61736906278348,50.360759164310586,,,None,1.0,1.0,,,,,,,,,,,,,,,,,,,,,
505112,285023_43872,Gessime Yassine,Morocco,MF,1,1,100,1,0,0,0.42,2.35,1,0,1,11,5,1,2,0,0,0,0,30,87,0,0,2,50,1,0,,,,37,19,9,9,16,21,0,14,27,68,2.49,83,31,8431.83,,,,,,,Round of 16,1.0,78.0,89.0,0.0,False,,,None,1.0,1.0,8.43183,2.49,78.0,0.23682221832756573,0.019277270257840966,0.11146467547220962,0.4379719545782309,0.28829555775949717,0.3500635650778148,0.2953605259168211,0.3114641676214514,14.570218401671154,0.765427621552609,0.30171899725841256,32.80226587045914,0.9708724098735204,6.997234176894967,1.8486218108924093,0.4191993249030559,0.6174670027149397,8.997236948352004,5.736092503871968,0.1830836033912226,14.640105515252808,40.342067173366246,3.7817075613076496,8.43183,,,None,1.0,1.0,81.42881889926929,57.08491806125417,51.31310296506809,41.81113206720112,57.450499735948924,39.153037689123174,,,None,1.0,1.0,,,,,,,,,,,,,,,,,,,,,
448598,285023_43872,Ismael Saibari,Morocco,MF,3,10,30,7,3,1,1.01,2.97,0,0,32,181,17,8,3,0,0,0,3,95,84,7,29,8,75,1,100,,,,298,151,117,30,182,116,9,67,94,246,6.64,615,315,45216.86,12.0,270.0,91.0,6.589122295379639,5.148232460021973,6.137832164764404,Round of 16,3.0,411.0,20.0,0.0,True,70.45,6.26016628742218,B,1.1,1.1,45.216860000000004,6.64,411.0,0.5080316971785898,0.014838523931253539,0.18189224917798477,1.8029540302205542,0.5476528867332459,1.2466777081136482,0.06448154378502848,1.3798359804600804,21.801848726708766,1.566400854064608,0.23224577450283682,54.24011369020796,5.796286541553182,33.07393904192936,3.3773999711402682,1.4627642523667428,0.6381601138531955,17.837830716406117,25.914131127379775,1.6067557693517573,57.524140587837834,117.69974153915419,8.902111280145215,45.216860000000004,70.45,6.26016628742218,B,1.1,1.1,105.05583145977972,81.06840999098148,90.25273548830458,103.05434763156893,92.57094531395785,108.68456167389529,70.45,6.26016628742218,B,1.1,1.1,,,,,,,,,,,,,,,,,,,,,
485740,285023_43872,Neil El Aynaoui,Morocco,MF,2,6,0,4,2,3,0.56,0.0,1,0,38,106,42,11,7,0,0,0,0,376,93,0,0,3,0,3,67,,,,310,34,90,186,230,80,1,22,144,796,6.76,713,239,59775.75,317.0,10.0,349.0,4.417823314666748,7.098959922790527,4.688016414642334,Round of 16,0.0,533.0,1288.0,0.0,True,278.95,4.887542080879212,C,1.0,1.0,59.77575,6.76,533.0,0.017227057897546902,0.01316147223372583,0.09632674037522149,1.0213348392192305,0.34129481459602257,0.6723912109166973,0.2016561115135957,0.21265080268731892,59.93170173386722,0.667054651203546,0.4949218886912574,127.56414335498357,6.0079632394151,18.501247664351236,6.607242816614608,1.7308293046121555,1.143884300867291,23.044910982474846,6.0832263412519385,0.2694618113983403,40.04362231347223,118.55460645573146,9.999204063076043,59.77575,278.95,4.887542080879212,C,1.0,1.0,65.50902363381428,56.90780341198278,88.47076236328463,92.54258521279051,100.0,99.44478252469607,278.95,4.887542080879212,C,1.0,1.0,,,,,,,,,,,,,,,,,,,,,
505097,285023_43872,Samir El Mourabet,Morocco,MF,0,0,0,0,0,0,0.0,0.0,1,0,6,33,5,0,1,0,0,0,0,110,91,1,0,4,50,1,100,,,,50,10,21,19,34,16,0,13,35,231,7.58,216,85,14604.02,,,,,,,Round of 16,0.0,121.0,855.0,0.0,False,,,None,1.0,1.0,14.60402,7.58,121.0,0.025022136428390917,0.019116912231290657,0.02240882449980976,0.22449860803552327,0.07606729474230839,0.13732148471900935,0.2929035685559822,0.5187033276857818,31.23542204824799,1.1787205609695919,0.29920914693593664,66.73170245511858,2.0119465830854857,11.555289328328065,1.8332440451886793,0.20588213853280043,0.40250052611233444,10.601034012545426,3.7999061218135393,0.18156062192440448,25.84914583972304,67.91388163139005,5.045360510785333,14.60402,,,None,1.0,1.0,53.44233574963092,63.86271031947336,79.31550354652518,55.443071007637634,64.45661035311983,55.45025989084299,,,None,1.0,1.0,,,,,,,,,,,,,,,,,,,,,
372266,285023_43872,Sofyan Amrabat,Morocco,MF,0,0,0,0,0,0,0.0,0.0,0,0,10,39,16,4,2,0,0,0,0,81,93,0,0,3,67,2,100,,,,50,1,9,40,44,6,0,2,18,167,2.55,212,65,14953.16,,,,,,,Round of 16,0.0,140.0,881.0,0.0,False,,,None,1.0,1.0,14.95316,2.55,140.0,0.02469166292552284,0.018864430475099447,0.022112865649581228,0.22153359976779088,0.07506265529358944,0.13550784613526934,0.08197632091273582,0.3047938871526539,24.818183006353216,0.9560941106934784,0.5023162164844253,52.598597378700376,2.8136095033271222,12.645028572984288,4.086678721549846,1.0313981955801172,0.6042434010409836,6.941023981667874,1.886190643844484,0.1791627061875937,21.366573855247818,66.18869111960474,5.051017703875402,14.95316,,,None,1.0,1.0,52.32363621645495,56.57637168906303,69.6501053442502,72.86270263680214,75.10845059783199,53.486239084864664,,,None,1.0,1.0,,,,,,,,,,,,,,,,,,,,,
436612,285023_43960,Denzel Dumfries,Netherlands,DF,2,5,0,4,1,2,0.44,0.0,0,0,24,74,8,6,3,0,0,0,1,179,82,17,29,13,54,0,0,,,,82,40,29,13,18,64,13,44,56,379,6.05,470,183,43452.06,,,,,,,Round of 16,0.0,432.0,180.0,2.0,False,,,None,1.0,1.0,43.452059999999996,6.05,432.0,0.019111093101913158,0.33512363481599267,0.08763013766929817,0.9727716265256924,0.3786204827159471,0.7459271983155614,0.06344882909835169,2.96035079058213,34.91463356758778,2.342620804794202,0.06826482456003378,74.68618581755324,4.421364129856343,15.39627033094412,1.880956252186075,1.1188143531009345,0.6279395564139278,11.462213593729091,7.7100859690251236,2.2220680295073336,35.44835118809969,92.57680204488243,8.47670878113215,43.452059999999996,,,None,1.0,1.0,68.61160075250827,94.46713308218119,80.17807087738312,74.8209199325887,75.44829939135215,91.9119762011012,,,None,1.0,1.0,,,,,,,,,,,,,,,,,,,,,
489517,285023_43960,Jan Paul Van Hecke,Netherlands,DF,2,3,33,3,0,3,0.15,6.86,0,0,11,56,17,4,2,0,0,0,0,360,93,1,0,5,60,4,75,,,,43,2,3,38,13,30,0,5,48,739,5.92,374,114,42651.39,133.0,59.0,200.0,4.9573893547058105,6.310612201690674,5.641765117645264,Round of 16,1.0,432.0,161.0,0.0,True,138.65,5.331466722488402,B,1.1,1.1,42.65139,5.92,432.0,0.17937247294497863,0.014600875129861652,0.041154337514809174,0.6522488668395614,0.3786204827159471,0.585665818472496,0.06344882909835169,0.39616871309308155,63.921943319182645,1.0605297660496777,0.709310343932296,132.38028256105682,2.337966191896492,12.511565493768941,3.3233086707736645,0.7982915934148035,0.46767817657086236,10.180122554984568,1.6201535349886333,0.13867009154748186,24.390315978928175,77.19170957994814,8.348392302133204,42.65139,138.65,5.331466722488402,B,1.1,1.1,75.44097711905492,58.51619837733633,95.09458551035875,71.71414984973265,88.34986165519956,82.2348553311466,138.65,5.331466722488402,B,1.1,1.1,,,,,,,,,,,,,,,,,,,,,
483512,285023_43960,Jorrel Hato,Netherlands,DF,0,0,0,0,0,0,0.0,0.0,0,0,1,23,4,0,0,0,0,0,0,4,50,1,100,0,0,0,0,,,,3,2,1,0,2,1,0,0,5,11,1.55,45,17,4437.91,,,,,,,Round of 16,0.0,43.0,654.0,0.0,False,,,None,1.0,1.0,4.43791,1.55,43.0,0.023664467949630067,0.01807965351351737,0.0211929509169707,0.21231760644408096,0.07193998256687541,0.12987060010756982,0.07856603359277183,0.4905591618251758,8.505462035373416,0.3209848432687822,0.08452947951607859,19.45303405790079,0.9105561389952103,8.943864709837607,1.5353296454893766,0.19471124228955616,0.18221640321215152,4.072486653470359,2.0061684173565277,0.17170937944251574,10.952346986282544,30.29487323762922,2.7541924432146923,4.43791,,,None,1.0,1.0,33.73241542857562,42.63047186466487,18.531245025021768,25.26265758434359,18.231823224031068,18.465936022388625,,,None,1.0,1.0,,,,,,,,,,,,,,,,,,,,,
448140,285023_43960,Micky Van De Ven,Netherlands,DF,1,3,0,2,1,2,0.13,0.0,0,0,8,87,13,5,1,1,0,0,0,117,90,3,0,3,67,0,0,,,,18,8,2,8,5,13,3,11,24,242,4.22,245,92,27342.03,,,,,,,Round of 16,0.0,291.0,1094.0,0.0,False,,,None,1.0,1.0,27.342029999999998,4.22,291.0,0.021489963439099386,0.016418332067471928,0.04267285917839119,0.7334381255341693,0.2455395467077187,0.47835703505949045,0.07134667861780997,0.8059022822508124,28.087640094464167,0.8321200376465135,0.07676214940446302,59.2940373985385,2.088356442632231,19.65546554679952,3.016140246414753,1.0778697084411923,0.34568277633392186,7.12226098955549,2.9030839365353676,0.6965613482726747,23.461701013468772,63.55311892589132,6.628665219033633,27.342029999999998,,,None,1.0,1.0,56.68348001450214,55.25829698606799,68.07013081384517,67.5955027942602,70.43950945500431,57.94475489516954,,,None,1.0,1.0,,,,,,,,,,,,,,,,,,,,,
336088,285023_43960,Nathan Ake,Netherlands,DF,0,1,0,1,0,1,0.14,0.0,0,0,8,19,4,2,2,0,0,0,0,123,91,1,0,3,0,0,0,,,,28,1,5,22,5,23,0,3,17,253,4.51,136,49,18580.35,,,,,,,Round of 16,0.0,189.0,970.0,0.0,False,,,None,1.0,1.0,18.58035,4.51,189.0,0.02365052885931712,0.01806900404851828,0.048946398733011535,0.4105206242669467,0.07189760773232405,0.32812218172108587,0.07851975581293283,0.49027020758056405,32.10149350152071,0.915780011471238,0.08447968908548076,67.4369708306106,2.298316349163799,8.145284184533455,1.5344252897001753,0.5912527101367683,0.5787652308990489,6.450024787243764,1.806658643890155,0.171608237403205,17.292394260201423,48.324883857281,5.557413102618233,18.58035,,,None,1.0,1.0,50.73134843730477,50.43238502425332,72.35420264715803,49.95195242463089,61.93281971927127,45.74907976643886,,,None,1.0,1.0,,,,,,,,,,,,,,,,,,,,,
397786,285023_43960,Virgil Van Dijk,Netherlands,DF,2,2,50,2,0,2,0.14,7.26,0,0,10,11,4,2,2,0,0,0,0,347,95,0,0,1,100,1,100,,,,35,0,1,34,17,18,1,4,40,718,5.3,292,100,38197.13,88.0,111.0,220.0,5.453144550323486,5.900674343109131,5.543290615081787,Round of 16,1.0,432.0,76.0,1.0,True,124.44999999999999,5.542810535430909,B,1.1,1.1,38.197129999999994,5.3,432.0,0.17937247294497863,0.17486225497292718,0.039551723716378516,0.4919874869964959,0.3786204827159471,0.42540443862943045,0.06344882909835169,0.23590733325001598,61.83854538122278,0.4194842466774156,0.22852620440309931,129.01479358435245,2.177704812053426,5.299803400830992,1.2399107328138126,0.47776883372867246,0.46767817657086236,8.898031516240044,1.2996307753025023,0.2989314713905474,22.146656661125263,64.05027643281677,7.63454644835343,38.197129999999994,124.44999999999999,5.542810535430909,B,1.1,1.1,76.74958994139092,59.60228748454303,84.56402843000018,56.45357031979102,80.10204703354542,69.63570854838231,124.44999999999999,5.542810535430909,B,1.1,1.1,,,,,,,,,,,,,,,,,,,,,
424051,285023_43960,Brian Brobbey,Netherlands,FW,3,4,75,4,0,0,1.4,2.14,0,0,18,53,2,4,3,0,0,0,2,21,86,1,0,0,0,0,0,,,,91,75,13,3,77,14,5,25,28,61,5.72,226,77,22528.72,15.0,257.0,219.0,6.4913506507873535,5.1998724937438965,5.556449890136719,Round of 16,3.0,245.0,13.0,0.0,True,102.3,6.063903737068175,B,1.1,1.1,22.52872,5.72,245.0,0.5866051341764782,0.017133486689933836,0.28336743724666885,0.9534451444283775,0.6323542347621655,0.8753128569575274,0.07445441860023605,0.4648866120953426,11.25735858549103,0.30418666683542217,0.08010577808435035,27.837978857039793,4.059918712563956,14.117594347533057,1.0788614696287484,0.9367601783324209,0.7368595331588823,8.184733371514275,15.629537335582,1.1030217789576602,21.662757286284286,62.74825037416268,6.012208960917797,22.52872,102.3,6.063903737068175,B,1.1,1.1,105.63440437406082,55.4132349253701,58.22920270736524,73.5676440911399,70.11418430050303,59.96670786111426,102.3,6.063903737068175,B,1.1,1.1,101.87010078387459,83.63292750099717,65.10356536502547,46.75180702460945,57.69759701547127,68.95754423653116,S,A,B,D,C,B,78.24659069111242,A,70.31618014417244,49.479503194773486,100.4,6.081732606887817,BL-B,1.05,90.80927416682876
448152,285023_43960,Cody Gakpo,Netherlands,FW,6,10,30,8,2,2,1.35,2.23,1,0,15,127,7,3,3,0,0,0,3,100,79,10,10,18,67,1,0,,,,103,56,39,8,54,49,5,86,72,257,5.98,418,177,39227.0,13.0,297.0,58.0,6.587228298187256,4.967573642730713,6.3269877433776855,Round of 16,3.0,394.0,12.0,1.0,True,66.85,6.2792199611663815,B,1.1,1.1,39.227,5.98,394.0,0.5148851589266794,0.18010569828428905,0.24046879626257248,1.8272762852064217,1.050241845224284,1.4285626698517573,0.23041841363052437,1.89365127587446,22.92129556149518,3.23820194686169,0.235378822185787,56.78756200411594,3.0683407607788338,24.606495947340992,1.7722918623319497,0.6571622741546093,0.6467690371816781,14.446993075593094,10.582353642665122,0.9681632683892326,35.52090826218169,86.7693386310717,8.033474544978255,39.227,66.85,6.2792199611663815,B,1.1,1.1,106.11070429844374,100.78809456268908,87.90307108782162,85.74775483571668,83.79343962568011,96.44041475457223,66.85,6.2792199611663815,B,1.1,1.1,101.59294512877938,99.80417481813522,91.13218530196458,89.72634970430506,99.19754215281081,88.64963159779147,S,S,A,S,S,A,89.7087291621134,S,55.92755214050493,55.52061918007014,54.900000000000006,6.347190666198729,BL-A,1.2,118.81247324374422
489518,285023_43960,Crysencio Summerville,Netherlands,FW,2,2,100,1,1,0,0.16,12.33,3,0,17,75,13,2,5,1,0,0,1,67,84,8,13,6,83,0,0,,,,80,39,28,13,40,40,6,46,62,182,6.16,285,131,28089.07,8.0,276.0,10.0,6.909579277038574,5.092770099639893,7.089201927185059,Round of 16,2.0,282.0,22.0,2.0,True,48.699999999999996,6.681963562965392,A,1.2,1.2,28.08907,6.16,282.0,0.3850536243924341,0.37994024784683367,0.048474905949403055,0.5577817507548383,0.4292539979222015,0.30060105884645183,0.6170141031691299,1.7210026920463923,19.234163285352047,1.3840494741422344,0.07739398737663165,48.880490117665964,3.7407864275585996,17.636931268900014,3.0409664394259686,0.5416616145263349,1.0753016797824528,14.085233846707537,8.55947455687199,1.2473749857962677,30.740859044980667,71.34396736006242,6.818958743545783,28.08907,48.699999999999996,6.681963562965392,A,1.2,1.2,96.7834681275598,110.26631688313508,89.72362005500207,99.80728660769923,88.80347950366425,87.19652011515544,48.699999999999996,6.681963562965392,A,1.2,1.2,82.15005599104146,86.17599574540824,90.37108901285472,110.71581490980773,90.87889982078201,97.2966250211996,A,A,A,S,A,A,78.77184312746883,S,44.46734214894956,47.69546557193506,35.4,6.781785154342652,BL-A,1.2,104.4707977125074
433066,285023_43960,Donyell Malen,Netherlands,FW,2,4,0,2,2,1,0.22,0.0,0,0,8,47,7,0,2,0,0,0,0,34,79,8,25,5,60,0,0,,,,82,40,30,12,46,36,4,42,38,107,4.34,178,81,18907.07,,,,,,,Round of 16,0.0,197.0,975.0,0.0,False,,,None,1.0,1.0,18.90707,4.34,197.0,0.023472825714989164,0.01793323884625172,0.06432566185504521,0.9979497933645104,0.46503319069838084,0.5224946680486743,0.07792978137376402,1.8644517627250814,14.34171916161964,1.3025749093101473,0.08384493345394128,38.19193575227091,2.281047473514709,13.5955441130576,2.1134097684417488,0.19313440998293083,0.5744165585302303,10.535157096337311,9.4697620504184,0.9576704244375888,23.46127708473739,56.228976650017806,5.579967207641194,18.90707,,,None,1.0,1.0,68.4228823137769,70.8035758255122,57.30520442270848,61.647275201961996,52.34687952429628,52.278727299183146,,,None,1.0,1.0,35.722284434490476,31.812570039316977,60.04850836769342,46.10721326069907,50.29442961120662,58.938700133793134,C,D,B,C,C,B,33.58478418693913,D,59.87061769616027,47.601898837780325,,,None,1.0,37.6803681769843
336098,285023_43960,Memphis Depay,Netherlands,FW,0,0,0,0,0,0,0.0,0.0,1,0,0,31,2,1,1,1,0,0,0,17,88,1,100,2,100,1,100,,,,35,19,14,2,31,4,0,17,18,39,5.39,137,50,8184.41,,,,,,,Round of 16,0.0,68.0,189.0,1.0,False,,,None,1.0,1.0,8.18441,5.39,68.0,0.025050219011249507,0.22920393723759713,0.0224339741377146,0.2247505649689305,0.07615266579419849,0.13747560193373728,0.2932322970303509,0.5192854733878663,11.734379859030986,0.7599123104945932,0.2995449522211857,26.474006659264894,0.7538111904865201,11.148126800153046,1.2051048027625193,0.4161787719375634,0.4029522562996237,7.041816965814326,5.69476092198806,0.18176438914562637,18.525861636192893,51.39492200669366,3.70248393383759,8.18441,,,None,1.0,1.0,48.040820993675084,73.72899971309452,46.81462400535126,38.19755404714687,53.57568861880908,38.82472150382112,,,None,1.0,1.0,36.69279581933558,46.28577940701628,45.91317002182877,89.00947495601667,42.13818075417872,26.752972657206925,C,C,C,S,C,E,39.93196281552486,C,33.02331850653727,44.81743227326266,,,None,1.0,44.61631381861283
448153,285023_43960,Noa Lang,Netherlands,FW,0,0,0,0,0,0,0.0,0.0,0,0,2,6,1,0,1,0,0,0,0,13,85,1,0,2,100,0,0,,,,8,1,5,2,1,7,0,5,2,26,3.65,35,12,2122.19,,,,,,,Round of 16,0.0,17.0,561.0,0.0,False,,,None,1.0,1.0,2.1221900000000002,3.65,17.0,0.018495021512978604,0.014130196435915654,0.016563401466163117,0.16593733301444405,0.05622486539945496,0.10150067806322657,0.061403471423088975,0.3833976859592659,8.043320455803169,0.5610567526081577,0.06606421684435958,17.52999239047919,0.866742468174668,4.353481463868324,0.7346551345337554,0.15217703700878796,0.2975068060529932,2.7175762610214633,1.412830583371655,0.13419987609817274,7.784357274583224,22.126079216540422,1.7933887713398826,2.1221900000000002,,,None,1.0,1.0,10.869260074967892,19.125145186308387,25.846886509107897,12.957423963981164,24.192082589829976,11.132142581101812,,,None,1.0,1.0,19.783501306457634,22.353700924993824,8.125151588649041,41.81486741420608,14.14700754666374,14.20280023366687,E,E,F,D,E,E,18.750255453578404,E,27.490328820116055,36.47250952640174,,,None,1.0,21.469782193099267
448159,285023_43960,Wout Weghorst,Netherlands,FW,0,0,0,0,0,0,0.0,0.0,0,0,2,53,2,1,2,0,0,0,0,7,57,0,0,1,0,0,0,,,,8,5,3,0,7,1,1,8,10,21,1.8,109,30,7013.96,,,,,,,Round of 16,0.0,58.0,700.0,0.0,False,,,None,1.0,1.0,7.01396,1.8,58.0,0.02469826460860442,0.018869474160973777,0.022118777852881764,0.22159283006839886,0.07508272441015745,0.13554407617202105,0.08199823850056669,0.30487537832861294,9.498370787125145,0.5421214196556207,0.08822220118193498,22.37399325383735,1.1574484956111448,15.548007628382683,1.1881731367842487,0.4103314797041074,0.6044049544952746,5.285966499559489,2.7151515789660863,0.3863247665045439,14.12329097868696,44.8736293239903,3.4080474413340816,7.01396,,,None,1.0,1.0,45.28527862512515,47.68925823153157,28.96235334414984,40.74667276523806,29.196981460046125,28.066681906900527,,,None,1.0,1.0,43.02911534154535,46.095842276206575,29.42517584283289,48.089111219450146,29.099155115028708,50.308101079767084,C,C,D,C,D,C,38.89965036941828,C,43.959563607246515,67.07868555924028,,,None,1.0,43.48824362705952
424081,285023_43960,Bart Verbruggen,Netherlands,GK,0,0,0,0,0,0,0.0,0.0,0,0,0,0,0,0,0,0,0,0,0,123,72,0,0,2,0,0,0,17.0,57.0,54.0,28,0,0,28,22,6,0,0,0,237,2.99,35,6,21588.04,,,,,,,Round of 16,0.0,432.0,1261.0,0.0,False,,,None,1.0,1.0,21.58804,2.99,432.0,,,,,,,,,,,,,,,,,,,,,,,,,,,,,,,,,,,,,,,,,,,,,,,,,,,,,,,,,,,,,
422657,285023_43960,Frenkie De Jong,Netherlands,MF,0,1,0,1,0,0,0.04,0.0,0,0,7,85,22,6,6,0,0,0,0,243,92,0,0,5,80,2,100,,,,143,2,32,109,106,37,0,8,69,519,6.5,424,109,38652.6,,,,,,,Round of 16,0.0,360.0,1199.0,0.0,False,,,None,1.0,1.0,38.6526,6.5,360.0,0.020237315128298478,0.015461308758020036,0.02491195503568984,0.3512748188158653,0.06152143799002737,0.28076801290887343,0.06718788622595094,0.24980941794371642,47.833322783548844,1.1230270798240976,0.41169894460782497,102.84625134670755,1.7969206792341579,18.170338721630024,4.367680311525332,1.1847463937842684,1.1740610913965268,14.34385818280907,1.7156296329543526,0.14684195857093377,24.979115938828954,90.225919846934,8.161748213913128,38.6526,,,None,1.0,1.0,48.60361127339882,50.80117697425359,87.84199896893165,70.89685117427128,91.79009821383674,78.07424835506444,,,None,1.0,1.0,,,,,,,,,,,,,,,,,,,,,
448157,285023_43960,Guus Til,Netherlands,MF,0,0,0,0,0,0,0.0,0.0,0,0,1,20,1,0,0,0,0,0,0,8,88,0,0,1,0,0,0,,,,20,11,8,1,9,11,0,6,5,19,1.75,56,28,4267.29,,,,,,,Round of 16,0.0,36.0,632.0,0.0,False,,,None,1.0,1.0,4.26729,1.75,36.0,0.02285571769000209,0.0174617683151616,0.02046866653445827,0.20506149911469876,0.06948138177760638,0.1254321786827315,0.07588098273080694,0.2821309791653858,8.981433613946978,0.5016779242471703,0.08164062358868747,20.321516344921665,0.8794372262275251,8.063212774323707,0.9078697390338876,0.1880568451533372,0.17598902621301613,3.9333064849013426,3.6625728902907047,0.16584108755865518,12.686335293399564,31.367816759757442,2.6273643942142395,4.26729,,,None,1.0,1.0,28.704312830690306,31.179557905432564,32.75612091046038,22.486073003578056,35.11677455633789,21.15930218111915,,,None,1.0,1.0,,,,,,,,,,,,,,,,,,,,,
478364,285023_43960,Justin Kluivert,Netherlands,MF,0,0,0,0,0,0,0.0,0.0,0,0,2,12,0,0,2,0,0,0,0,7,100,1,0,0,0,0,0,,,,29,13,14,2,15,14,2,3,5,18,3.51,60,20,3868.51,,,,,,,Round of 16,0.0,32.0,624.0,0.0,False,,,None,1.0,1.0,3.86851,3.51,32.0,0.022255088020800135,0.017002887247891302,0.019930766627907767,0.19967264972261878,0.0676554675832324,0.12213592305815114,0.07388689222905645,0.46134302909607106,8.558782621837462,0.3018680139141329,0.07949517441029808,19.600857203087426,1.042952553856546,6.3583083209932925,0.6973854382197929,0.1831148642351435,0.5446166228947894,3.8299423899759995,3.939575899141577,0.534735363813554,10.859938940887734,31.290000941329712,2.4838965900948655,3.86851,,,None,1.0,1.0,30.980294176923394,33.38107909969983,38.31206535992655,26.155678723042445,51.54794175102868,23.262649567109598,,,None,1.0,1.0,,,,,,,,,,,,,,,,,,,,,
402044,285023_43960,Marten De Roon,Netherlands,MF,0,0,0,0,0,0,0.0,0.0,0,0,0,1,0,0,0,0,0,0,0,1,100,0,0,0,0,0,0,,,,1,0,0,1,1,0,0,0,0,2,1.75,23,4,1374.64,,,,,,,Round of 16,0.0,11.0,529.0,0.0,False,,,None,1.0,1.0,1.37464,1.75,11.0,0.01576119443299538,0.012041552546808469,0.014115095286413339,0.14140943645283452,0.04791403107630595,0.08649743504827864,0.05232716551754465,0.19455618408089492,5.268364871074249,0.21378484128914926,0.05629898651465949,11.766733355699458,0.47428586287769686,3.049125650130768,0.49389278875234316,0.12968310779468595,0.12136119713406442,2.05154011217641,1.0718242662214177,0.11436322680581444,5.5763596252208885,17.26949170540591,1.429496829202513,1.37464,,,None,1.0,1.0,8.243112118634171,6.373045758420422,26.927148164780203,8.138693949560045,45.50916349369798,8.363405777209007,,,None,1.0,1.0,,,,,,,,,,,,,,,,,,,,,
484859,285023_43960,Quinten Timber,Netherlands,MF,0,0,0,0,0,0,0.0,0.0,0,0,5,27,7,0,2,0,0,0,0,12,83,2,50,2,50,0,0,,,,19,7,6,6,8,11,1,5,14,32,3.41,96,29,7777.13,,,,,,,Round of 16,0.0,68.0,723.0,0.0,False,,,None,1.0,1.0,7.7771300000000005,3.41,68.0,0.025050219011249507,0.01913836732459462,0.0224339741377146,0.2247505649689305,0.07615266579419849,0.13747560193373728,0.08316672711734835,0.7293510433008689,10.68405200946597,0.7599123104945932,0.08947938230818323,25.00354766987388,1.8041390400515325,10.307864520501033,2.255432652327532,0.20611320202456088,0.6130178262126262,6.201554686162315,3.173974083032029,0.3918299590586289,14.114484668019838,42.782233640260564,3.616928428523422,7.7771300000000005,,,None,1.0,1.0,49.62897821743857,67.04851097376371,41.956508520970125,51.66569556255626,41.451984364401156,34.79135889926204,,,None,1.0,1.0,,,,,,,,,,,,,,,,,,,,,
430176,285023_43960,Ryan Gravenberch,Netherlands,MF,0,5,0,2,3,0,0.25,0.0,0,0,11,54,15,5,3,0,0,0,0,126,88,5,20,3,67,0,0,,,,130,29,62,39,89,41,3,32,87,308,5.99,443,129,37432.87,123.0,164.0,92.0,5.035660743713379,5.623404502868652,6.136937618255615,Round of 16,0.0,374.0,176.0,2.0,True,121.39999999999999,5.399141526222229,B,1.1,1.1,37.43287,5.99,374.0,0.020004697027918232,0.3507934761051173,0.05985414241729592,1.0182568606739517,0.06081427896487143,0.445295664865003,0.06641559413268852,1.085712699052092,27.65617356594451,0.7746085418503645,0.07145677778372393,66.26779054006981,2.4472857246309485,12.761076252897153,3.143191342885254,1.0033733660851807,0.657300998478652,17.198571493488714,6.225292786535474,0.6484189129982562,28.047092018799404,92.37616068757022,7.86331714789674,37.43287,121.39999999999999,5.399141526222229,B,1.1,1.1,65.12913431288075,84.66618042667457,81.09403109953003,75.27462355193076,92.48126970686118,89.39342372186833,121.39999999999999,5.399141526222229,B,1.1,1.1,,,,,,,,,,,,,,,,,,,,,
448149,285023_43960,Teun Koopmeiners,Netherlands,MF,0,2,0,2,0,1,0.11,0.0,3,0,8,44,9,3,0,0,0,0,0,63,86,4,50,2,50,2,100,,,,44,8,13,23,29,15,0,4,7,127,7.14,228,57,16774.64,,,,,,,Round of 16,0.0,145.0,893.0,0.0,False,,,None,1.0,1.0,16.774639999999998,7.14,145.0,0.0245940638759024,0.01878986480118943,0.04471189881943999,0.6331386497261753,0.07476595418274329,0.5474529311825314,0.7003733550153645,1.1285505417472972,21.007757481518304,0.7460745910443191,0.5003307047963024,44.141076062227825,2.3900074046799715,13.626248179535748,2.626842774457383,0.8210810205182935,0.18937429184444846,4.6449442105534855,3.322417554343183,0.1784545274835478,19.632195092896502,69.22691190869772,5.406715162630413,16.774639999999998,,,None,1.0,1.0,58.50955760803078,64.0566001796454,56.52254752739124,61.33387477628782,55.02946311456371,50.89268390220909,,,None,1.0,1.0,,,,,,,,,,,,,,,,,,,,,
483526,285023_43960,Tijjani Reijnders,Netherlands,MF,2,4,0,3,1,0,0.48,0.0,10,0,7,34,5,0,3,0,0,0,1,67,79,15,40,4,50,0,0,,,,165,51,68,46,118,47,3,26,35,166,4.97,286,95,23300.38,153.0,314.0,76.0,4.886405944824219,4.885438919067383,6.238072872161865,Round of 16,0.0,211.0,210.0,1.0,True,157.9,5.2241776227951044,C,1.0,1.0,23.30038,4.97,211.0,0.023162684403726833,0.2119334150308997,0.11397739323489876,0.9847641010560468,0.4588888088802344,0.7098281844470101,2.019271353684897,3.19947703847639,20.562050260561197,1.0911271478379605,0.08273710869011225,49.147304384675714,2.056671368102115,10.890826548945915,1.6970114992074463,0.1905825672738644,0.7610640423480539,9.813246997852534,11.481248521660111,0.7507798104727993,25.870608101050543,76.46364488999566,6.359584221482793,23.30038,157.9,5.2241776227951044,C,1.0,1.0,70.89602916040545,89.48061509198403,63.38539990780156,58.053242709254164,55.24957667296149,63.653580928578016,157.9,5.2241776227951044,C,1.0,1.0,,,,,,,,,,,,,,,,,,,,,
419567,285023_43978,Callan Elliot,New Zealand,DF,0,0,0,0,0,0,0.0,0.0,0,0,0,4,1,0,0,0,0,0,0,6,67,0,0,0,0,0,0,,,,1,0,1,0,0,1,0,0,3,11,2.07,19,8,1875.73,,,,,,,Round of 16,0.0,18.0,564.0,0.0,False,,,None,1.0,1.0,1.8757300000000001,2.07,18.0,0.018855005128733445,0.01440522391835235,0.016885788393088522,0.16916710601499646,0.05731921559134968,0.10347626814648916,0.06259861702739504,0.2327461833090856,7.093076949381654,0.25574928956614046,0.06735007831983587,15.499484616001249,0.5673848143338469,4.121989041218632,0.7489543237224101,0.1551389821992188,0.14518353949124754,2.9285845366017176,1.2822157687743894,0.13681191721408986,7.303415006595526,20.026914927503604,1.7893262050488554,1.8757300000000001,,,None,1.0,1.0,5.084059479643376,5.1458387885920445,5.485032983338754,4.6426173999620906,7.3438223814387555,4.728453657555709,,,None,1.0,1.0,,,,,,,,,,,,,,,,,,,,,
463580,285023_43978,Finn Surman,New Zealand,DF,1,2,50,2,0,2,0.24,4.18,0,0,5,28,11,4,1,0,0,0,0,145,93,0,0,1,100,0,0,,,,60,0,0,60,21,39,0,4,24,310,6.05,310,103,30931.08,,,,,,,Round of 16,1.0,306.0,142.0,0.0,False,,,None,1.0,1.0,30.93108,6.05,306.0,0.19899856861025333,0.01619843448437473,0.06165893095674444,0.5458184529601149,0.24225093294025918,0.4719501993690657,0.07039110273314673,0.2617192084752901,32.68975061052308,0.4653822477485833,0.07573404185626509,70.59004476271865,1.5269969243103383,8.902222357382524,2.620150961092688,0.8856369197288882,0.34105290243919406,7.02686957151409,1.4418302862243706,0.153842723322805,25.103229368001713,74.25869334347823,7.178005009773414,30.93108,,,None,1.0,1.0,70.4656856704443,44.09044954016033,69.03007440210753,51.448421237231386,73.61375751516839,66.59352546428433,,,None,1.0,1.0,,,,,,,,,,,,,,,,,,,,,
440748,285023_43978,Francis De Vries,New Zealand,DF,0,0,0,0,0,0,0.0,0.0,2,0,1,5,1,0,0,0,0,0,0,16,44,2,50,0,0,0,0,,,,13,4,4,5,4,9,0,3,4,33,4.92,56,24,3921.77,,,,,,,Round of 16,0.0,32.0,621.0,0.0,False,,,None,1.0,1.0,3.92177,4.92,32.0,0.022255088020800135,0.017002887247891302,0.019930766627907767,0.19967264972261878,0.0676554675832324,0.12213592305815114,0.4471393373636849,0.6479692516633851,10.238418624943291,0.3018680139141329,0.07949517441029808,22.400250541597135,0.8563263312892319,5.051924763022092,0.884011660787107,0.1831148642351435,0.17136417776016105,3.643316167408686,2.2599398960357493,0.16148291867892575,11.606443831156993,30.543496051060455,2.4938363027088006,3.92177,,,None,1.0,1.0,25.313244078957847,39.41886520547121,16.539510590469323,14.988954528962797,14.545039541655457,15.504586336160642,,,None,1.0,1.0,,,,,,,,,,,,,,,,,,,,,
405469,285023_43978,Liberato Cacace,New Zealand,DF,1,1,0,1,0,0,0.02,0.0,2,0,9,59,8,1,5,0,0,0,0,88,85,6,17,4,25,0,0,,,,74,31,34,9,13,61,1,25,42,197,6.67,350,111,26344.8,,,,,,,Round of 16,0.0,237.0,1035.0,0.0,False,,,None,1.0,1.0,26.3448,6.67,237.0,0.022596468896786542,0.017263702237144917,0.024026273019824535,0.39222448567288815,0.2581822321771504,0.31349838803648383,0.45399821019916997,1.4158646124474488,24.038675970530107,1.0644543710396899,0.08071458689932152,53.82004867511475,2.385373642620374,15.361822728790319,2.223994683197058,0.37541271281367894,1.1214376441598528,10.899783380179937,7.410808239515571,0.3534489450460025,28.270020436016907,86.72177279109417,6.781007173059674,26.3448,,,None,1.0,1.0,54.51724490218478,62.288933581335435,66.85190866111414,67.68097459697893,60.7312533154695,72.0469355702745,,,None,1.0,1.0,,,,,,,,,,,,,,,,,,,,,
261367,285023_43978,Michael Boxall,New Zealand,DF,0,0,0,0,0,0,0.0,0.0,0,0,4,21,12,2,2,0,0,0,0,115,90,1,100,0,0,0,0,,,,26,0,0,26,9,17,0,3,18,240,5.59,181,75,22180.78,,,,,,,Round of 16,0.0,237.0,1031.0,0.0,False,,,None,1.0,1.0,22.18078,5.59,237.0,0.022596468896786542,0.017263702237144917,0.02023649368520615,0.20273551894196884,0.06869326544623108,0.12400942130556455,0.07502027673733132,0.4684197787928524,29.15487807226493,0.30649850411601265,0.08071458689932152,61.96807424454429,1.437928808965778,8.161241993015384,2.981950550120735,0.5649016795445982,0.552970743967095,6.352048178637871,1.5366502708570722,0.16395997831508313,21.44841763370381,54.698137413568816,5.991971325812792,22.18078,,,None,1.0,1.0,37.62756731821764,41.13655305928729,56.94790279057963,46.076631423637885,58.11313563783761,47.35015871364383,,,None,1.0,1.0,,,,,,,,,,,,,,,,,,,,,
331463,285023_43978,Tim Payne,New Zealand,DF,0,1,0,0,1,0,0.02,0.0,3,0,5,57,9,2,2,0,0,0,0,87,83,9,11,3,0,0,0,,,,31,10,12,9,5,26,2,11,41,191,6.23,309,105,25040.85,,,,,,,Round of 16,0.0,241.0,215.0,1.0,False,,,None,1.0,1.0,25.04085,6.23,241.0,0.022510994679117383,0.20597059887066207,0.023935390373546687,0.3907408431968576,0.06843342382451685,0.1235403387989962,0.6410530991421187,1.9768255087413726,23.75897420946808,0.8716557286349973,0.08040927299380729,52.48383382560336,1.6212618465630821,14.926170146595146,2.4043543196871697,0.5627648620914105,0.5508790569008366,10.669781267781106,3.4185596715168622,0.5408841752633085,27.030452044194856,78.65407573134674,6.5092075821239685,25.04085,,,None,1.0,1.0,49.956530289791466,80.82864503710857,60.47774653603899,56.87790557757821,59.755273737922955,66.37731096668998,,,None,1.0,1.0,,,,,,,,,,,,,,,,,,,,,
482775,285023_43978,Tyler Bindon,New Zealand,DF,1,2,0,2,0,1,0.33,0.0,0,0,4,13,4,2,1,0,0,0,0,68,72,0,0,6,33,2,50,,,,22,11,7,4,6,16,1,6,26,147,7.1,152,48,13159.9,,,,,,,Round of 16,0.0,120.0,848.0,0.0,False,,,None,1.0,1.0,13.1599,7.1,120.0,0.025037184293568028,0.01912840880028597,0.09170786777610054,0.6445461448161514,0.28606930391957636,0.5573165947373604,0.08312345185464584,0.30905900291980365,22.43604339821558,1.599341949760734,0.5093453496308842,49.135507559039645,1.5932440044305674,7.363113199251904,1.6243902616917656,0.6259184797017368,0.40274258272760344,8.717802911733356,4.012147581038225,0.3916260729012591,18.096309297880314,54.51752295005995,4.745192660843022,13.1599,,,None,1.0,1.0,74.93647637170731,64.77639321127387,55.49435374589814,45.264624071757034,49.185048372345825,44.43177164888226,,,None,1.0,1.0,,,,,,,,,,,,,,,,,,,,,
274078,285023_43978,Chris Wood,New Zealand,FW,2,5,0,3,2,2,0.47,0.0,0,0,8,88,5,2,1,0,0,0,4,47,77,0,0,8,13,0,0,,,,108,48,59,1,77,31,0,54,55,119,6.11,333,144,31195.3,,,,,,,Round of 16,0.0,306.0,175.0,2.0,False,,,None,1.0,1.0,31.1953,6.11,306.0,0.021202139377453834,0.37179129294997376,0.10255210968028831,1.0792077406585137,0.4200473621730587,0.6497466286018652,0.07039110273314673,0.2617192084752901,15.265700545708722,1.70995725237818,0.07573404185626509,36.630926779253926,2.060386212008737,19.570008111350496,1.5533723856958908,0.5300440612632891,0.34105290243919406,12.538558877730873,9.976058889398747,0.153842723322805,32.392882966546495,78.34801121583261,7.224982382305303,31.1953,,,None,1.0,1.0,58.03679918371859,66.07726184618929,60.51714956777998,58.92218950217087,59.151457963773154,77.9461212453789,,,None,1.0,1.0,31.93355729749907,45.98187999772076,70.37108901285472,52.328465141912375,82.68168684393402,59.127141161173604,D,C,B,B,A,B,38.68133035430302,C,45.4000342641768,55.29904144727959,,,None,1.0,43.249672153665145
416652,285023_43978,Jesse Randall,New Zealand,FW,0,1,0,0,1,0,0.01,0.0,3,0,3,15,2,0,1,0,0,0,0,16,75,5,40,1,0,0,0,,,,46,23,21,2,20,26,2,6,16,50,7.8,113,69,9324.27,,,,,,,Round of 16,0.0,79.0,752.0,0.0,False,,,None,1.0,1.0,9.32427,7.8,79.0,0.025243001833706348,0.019285653400951647,0.024723444760409035,0.43816241627351166,0.07673872557446731,0.13853359406338045,0.7188533775524002,1.370010633742763,11.613003726704862,0.5540782806938913,0.09016800254999907,29.00625098529914,1.3946590226443867,7.847005892690176,1.2143791131040187,0.2076994190877358,0.4060533179410373,6.672645351826526,6.58531578459383,0.60652762894837,22.690395830946184,46.71007691934341,3.972265785632033,9.32427,,,None,1.0,1.0,57.43849755458344,71.2892193167314,40.167467070733046,37.990104315494634,38.10819501349749,39.07518966561986,,,None,1.0,1.0,36.52482269503546,41.42338885828791,36.13388309483386,71.0770078640015,46.6917815734611,28.88235626660637,C,C,D,A,C,D,36.770281006134546,C,44.76329442282751,49.28327645051194,,,None,1.0,41.161353047965164
368535,285023_43978,Max Crocombe,New Zealand,GK,0,0,0,0,0,0,0.0,0.0,0,0,0,0,0,0,1,0,0,0,0,107,73,0,0,4,0,0,0,11.0,97.0,88.0,21,0,0,21,13,8,0,0,0,185,2.56,19,2,13059.58,,,,,,,Round of 16,0.0,306.0,1136.0,0.0,False,,,None,1.0,1.0,13.05958,2.56,306.0,,,,,,,,,,,,,,,,,,,,,,,,,,,,,,,,,,,,,,,,,,,,,,,,,,,,,,,,,,,,,
423575,285023_43978,Ben Old,New Zealand,MF,0,0,0,0,0,0,0.0,0.0,0,0,2,28,4,0,1,0,0,0,0,33,76,1,0,2,0,0,0,,,,35,17,13,5,17,18,1,12,24,75,6.37,160,74,12151.2,,,,,,,Round of 16,0.0,112.0,838.0,0.0,False,,,None,1.0,1.0,12.151200000000001,6.37,112.0,0.02514616724587226,0.019211671775846404,0.022519901538713357,0.2256114125299659,0.07644434842745167,0.13800216584534697,0.08348527525629588,0.5212744589697661,15.153248023477593,0.7628229534964492,0.08982210940225571,34.166734473203526,1.178438805736226,10.5582162381562,1.631460978763529,0.2069026640990369,0.40449565827993544,8.334009805072972,5.29483285566252,0.39333076002276807,23.657704138180254,56.44179057546241,4.553143002304358,12.151200000000001,,,None,1.0,1.0,51.14273168292963,59.88237874321369,44.10897209521306,40.59755054348131,41.13900890692972,42.47885498055964,,,None,1.0,1.0,,,,,,,,,,,,,,,,,,,,,
390196,285023_43978,Callum Mccowatt,New Zealand,MF,3,4,0,3,1,1,0.21,0.0,0,0,9,55,11,4,1,1,0,0,0,93,84,2,0,3,33,0,0,,,,110,32,55,23,59,51,3,22,53,205,7.24,334,110,20963.57,,,,,,,Round of 16,0.0,173.0,942.0,0.0,False,,,None,1.0,1.0,20.96357,7.24,173.0,0.02400388076857496,0.01833896490719127,0.06376806954630906,1.0205276579738276,0.6768454273250977,0.7356069274465691,0.07969288415166886,0.6988863240663759,26.542371172787657,0.9294622685335804,0.08574186210534976,58.78253818941622,2.5339456694538467,15.513462767726585,2.9663889169890405,1.0026687706820077,0.38612109184757043,13.792875262626582,8.073678625531555,0.7780457886454096,29.829515947193578,88.90254376747536,6.120165148349397,20.96357,,,None,1.0,1.0,72.00094302822694,64.56262243539175,70.3388692840231,69.20287381469188,73.5420695255851,70.91110908054875,,,None,1.0,1.0,,,,,,,,,,,,,,,,,,,,,
405454,285023_43978,Elijah Just,New Zealand,MF,5,7,43,5,2,0,0.86,3.48,0,0,19,152,18,3,2,1,0,0,0,99,86,1,0,5,20,2,50,,,,162,36,101,25,100,62,2,35,72,236,6.88,460,178,33430.3,,,,,,,Round of 16,3.0,291.0,15.0,0.0,False,,,None,1.0,1.0,33.4303,6.88,291.0,0.5621201369976689,0.016418332067471928,0.17422620141097644,1.4542783569455955,0.9663797781191449,1.01898720861806,0.07134667861780997,0.44548216654509937,24.843859053112748,1.1925401533522269,0.4371822651101761,58.212777051421355,4.070667079013653,31.369119307235195,3.9171905356790355,0.7174495927354793,0.5258928341867785,15.772343766492602,7.94896555641535,0.5163512904198182,38.95976598881443,102.29828136425546,7.725832707957444,33.4303,,,None,1.0,1.0,93.17294586913488,67.78216508003739,79.43666451472757,90.64617958996861,79.61411765983014,91.06847272900481,,,None,1.0,1.0,,,,,,,,,,,,,,,,,,,,,
390181,285023_43978,Joe Bell,New Zealand,MF,0,1,0,0,1,0,0.01,0.0,0,0,27,98,22,3,0,0,0,0,0,143,84,0,0,0,0,1,100,,,,94,0,49,45,69,25,0,8,47,309,7.04,472,112,32154.28,,,,,,,Round of 16,0.0,275.0,1079.0,0.0,False,,,None,1.0,1.0,32.15428,7.04,275.0,0.021806584078527855,0.01666023023599528,0.02135775611911601,0.3785138405275134,0.06629201559872468,0.11967453342296086,0.07239785914071246,0.26918047386534777,33.25596144219384,0.2957845064411518,0.26075828650346305,72.41960757390012,5.593563268815021,21.956574609727543,4.706364818533903,0.7280200783230117,0.16791069740466447,11.433095114220693,1.4829349436762083,0.1582285740737981,27.464675452585027,105.99986684269467,7.606321027834005,32.15428,,,None,1.0,1.0,43.862112126945036,43.05846905133726,58.4154699061825,86.4099833677214,64.85989791237155,81.29878061548351,,,None,1.0,1.0,,,,,,,,,,,,,,,,,,,,,
423595,285023_43978,Marko Stamenic,New Zealand,MF,0,3,0,1,2,0,0.09,0.0,0,0,10,67,18,4,0,1,0,0,0,171,91,2,50,9,44,1,100,,,,98,6,26,66,66,32,0,9,53,364,6.52,415,133,32898.29,,,,,,,Round of 16,0.0,302.0,1125.0,0.0,False,,,None,1.0,1.0,32.89829,6.52,302.0,0.02127803712372532,0.01625642036252614,0.03511471910454142,0.7262052216746626,0.06468523285612497,0.29520675860187096,0.07064308325076807,0.6195218719889981,37.44602596396526,1.8945113133480076,0.25443803947281324,80.47811354413712,2.424627601795806,15.892972574642139,3.878560606912651,0.8888072529214774,0.16384088585268497,12.2265776401165,2.5175889817630153,0.15439343736975092,30.5460786545375,93.25997229793971,7.554715233200315,32.89829,,,None,1.0,1.0,54.53475464524193,62.53377517071711,87.7229332112706,67.81589158319011,83.10833164062826,82.9057081161228,,,None,1.0,1.0,,,,,,,,,,,,,,,,,,,,,
336641,285023_43978,Ryan Thomas,New Zealand,MF,0,0,0,0,0,0,0.0,0.0,0,0,2,50,7,3,3,0,0,0,0,25,72,1,0,2,0,0,0,,,,22,6,12,4,15,7,1,15,22,62,7.4,216,78,13002.61,,,,,,,Round of 16,0.0,103.0,820.0,0.0,False,,,None,1.0,1.0,13.00261,7.4,103.0,0.02523919279814516,0.0192827432977829,0.022603211502306878,0.2264460377849584,0.0767271461063613,0.13851269007622066,0.08379412008984194,0.5232028579960385,13.516103744681718,0.7656449353055103,0.0901543966749745,31.5416772404795,1.1827983138732536,15.253580994325054,2.272447180192819,0.8426188646303423,0.8292925708329217,7.9415400574839285,2.9862676396194714,0.3947858450390759,24.591824329001273,68.5030056114713,4.750188016796614,13.00261,,,None,1.0,1.0,54.038358953283016,62.177622386237786,45.80504330824272,51.741257978147296,48.53710483068575,49.880118107095164,,,None,1.0,1.0,,,,,,,,,,,,,,,,,,,,,
390209,285023_43978,Sarpreet Singh,New Zealand,MF,2,4,0,2,2,0,0.22,0.0,0,0,10,104,7,2,2,1,0,0,0,76,76,7,0,6,17,2,100,,,,139,39,77,23,65,74,1,54,63,196,7.24,381,118,27406.52,,,,,,,Round of 16,0.0,227.0,1022.0,0.0,False,,,None,1.0,1.0,27.40652,7.24,227.0,0.02281223433666944,0.017428547033215454,0.06251535669016606,0.9698646775162053,0.4519458479072787,0.5077901975634455,0.07573661799774255,1.6206825149851602,21.972632586601026,1.457215113113995,0.4640819565743868,54.14265836235941,2.599449033278075,24.116931920393874,2.053932469507186,0.5702957196459197,0.5582508599161583,15.021126319198052,9.011957966545038,0.35682390010877524,29.879048844566167,93.48009553005383,7.048861797869119,27.40652,,,None,1.0,1.0,62.82755360086079,63.20694087514182,67.298026119007,73.80289246670822,63.916919094250005,78.15432779861789,,,None,1.0,1.0,,,,,,,,,,,,,,,,,,,,,
483505,285023_43961,David Moller Wolfe,Norway,DF,0,0,0,0,0,0,0.0,0.0,0,0,13,38,18,7,2,0,0,0,0,158,84,7,14,6,33,0,0,,,,88,21,42,25,38,50,1,18,59,325,5.0,326,137,39977.48,,,,,,,Round of 16,0.0,383.0,248.0,1.0,False,,,None,1.0,1.0,39.97748,5.0,383.0,0.019858772657693154,0.18170335675730173,0.01778472244132368,0.17817290828482296,0.06037066887938719,0.10898494434542003,0.06593112522354126,1.4108554708143335,32.78343560119663,1.2685519190098948,0.07093553593327995,68.61543111062105,2.762496494624017,10.003490442283905,3.6198570800443073,1.3291167625552682,0.4859750583578856,12.410241296578596,4.847632319197072,0.3106265088510457,29.174752390567722,72.21816551557384,8.22971523398373,39.97748,,,None,1.0,1.0,44.687089367673394,76.17456157959123,74.06085037290734,66.63102472708155,72.9772091899022,78.97113812286311,,,None,1.0,1.0,,,,,,,,,,,,,,,,,,,,,
483530,285023_43961,Fredrik Andre Bjorkan,Norway,DF,0,0,0,0,0,0,0.0,0.0,0,0,2,21,2,0,0,0,0,0,0,21,90,0,0,0,0,0,0,,,,18,7,5,6,3,15,1,2,7,46,1.72,70,29,5776.79,,,,,,,Round of 16,0.0,50.0,676.0,0.0,False,,,None,1.0,1.0,5.77679,1.72,50.0,0.02424214945122872,0.018521002180738738,0.021710299362542387,0.21750056487642405,0.07369613433173532,0.1330409161883432,0.08048393617807935,0.2992450928259673,12.16900953579592,0.3288205151564663,0.086592957839789,27.043033527380462,1.1360733175937376,8.755617924465113,1.1662305515110662,0.19946440568470986,0.18666455077446112,4.578480088245507,3.0715880783571285,0.3791903145717971,13.659179849707273,36.11664380691382,3.0936059350684433,5.77679,,,None,1.0,1.0,41.2740522680799,38.749915385775644,37.44593835007549,29.92283380099962,42.537036533031035,27.10217733634298,,,None,1.0,1.0,,,,,,,,,,,,,,,,,,,,,
520112,285023_43961,Henrik Falchener,Norway,DF,0,0,0,0,0,0,0.0,0.0,0,0,0,2,1,0,0,0,0,0,0,23,78,0,0,0,0,0,0,,,,0,0,0,0,0,0,0,0,8,52,1.45,64,23,6891.96,,,,,,,Round of 16,0.0,71.0,730.0,0.0,False,,,None,1.0,1.0,6.89196,1.45,71.0,0.025119873969051392,0.019191583712355263,0.022496354331723662,0.22537550925032912,0.07636441686591625,0.13785786834215405,0.08339798157725063,0.31007972427397035,13.030906710474333,0.3407259705162131,0.08972818981745158,29.286066470954935,0.7559072474766945,5.070284677020779,0.9978060516044439,0.20668632301735487,0.19342302956169574,4.954900722589604,1.708251909391371,0.1822698055194369,12.88983349826414,36.160404674490835,3.4405249276938297,6.89196,,,None,1.0,1.0,48.2844008483729,44.622188325676944,27.7733712478902,21.99820919614613,27.435956845028574,24.259304127600437,,,None,1.0,1.0,,,,,,,,,,,,,,,,,,,,,
483516,285023_43961,Kristoffer Ajer,Norway,DF,1,1,0,1,0,1,0.1,0.0,0,0,8,12,4,1,1,0,0,0,0,221,94,1,100,0,0,0,0,,,,43,2,2,39,26,17,0,2,25,479,4.82,285,91,41619.19,254.0,45.0,348.0,4.597104549407959,6.420419216156006,4.707738399505615,Round of 16,0.0,416.0,1255.0,0.0,True,246.15,4.89826021194458,C,1.0,1.0,41.61919,4.82,416.0,0.019346851861409154,0.014780994822116589,0.03355010669393993,0.3358183553099264,0.22105283006804732,0.26841392342477693,0.06423154817987839,0.4010559397865981,42.1593611876579,0.2624206986481537,0.06910695484895349,91.83137150972664,1.8800926694884323,5.527421372607076,1.2552065515665711,0.321424297525038,0.31120915974221397,6.574223635922548,1.640140114801995,0.14038075710638478,20.959717214386977,63.70474630159345,8.283917477608316,41.61919,246.15,4.89826021194458,C,1.0,1.0,40.17334190236641,35.49308730608372,68.62848481277408,40.2186032931463,58.939580900697244,64.89317194616598,246.15,4.89826021194458,C,1.0,1.0,,,,,,,,,,,,,,,,,,,,,
419672,285023_43961,Leo Ostigard,Norway,DF,1,3,33,3,0,3,0.32,3.16,0,0,1,7,3,2,1,0,0,0,0,84,82,0,0,0,0,4,25,,,,17,1,1,15,11,6,0,3,12,187,4.46,127,36,14834.49,,,,,,,Round of 16,1.0,149.0,102.0,0.0,False,,,None,1.0,1.0,14.83449,4.46,149.0,0.23008041841746088,0.018728489405228487,0.08773485609525412,0.8366372483518913,0.2800884267769715,0.7512314144673151,0.08138558223214475,0.3025974780342153,25.256038004892687,0.33250422813156966,0.9098297974061815,56.33089455459239,0.9432338395914233,5.975771784115744,1.3848622968578201,0.6128323447089571,0.3943224066570301,5.65760536404542,1.8725983557315053,0.17787162189049466,15.251167835712165,48.23855288289448,4.990224404643357,14.83449,,,None,1.0,1.0,80.01824857106332,40.43989118493169,47.20539808805329,34.42004017675009,43.91601750520168,37.999975899900804,,,None,1.0,1.0,,,,,,,,,,,,,,,,,,,,,
494625,285023_43961,Marcus Holmgren Pedersen,Norway,DF,1,1,100,1,0,0,0.16,6.1,0,0,7,43,11,2,1,0,0,0,0,94,79,6,50,4,0,0,0,,,,41,17,13,11,11,30,4,12,29,185,4.85,268,118,24813.76,50.0,343.0,299.0,5.834283351898193,4.673741340637207,5.142811298370361,Round of 16,1.0,228.0,116.0,0.0,True,156.2,5.487334036827087,C,1.0,1.0,24.81376,4.85,228.0,0.2139068679413606,0.017411966378975227,0.05098890252208238,0.3955929883251178,0.26039955303705364,0.3161907751518852,0.07566456594004942,1.4280243420830052,25.391822963570696,1.073596118949368,0.0814077799812821,51.988870029275624,2.0236270384472412,12.43589177094679,2.816443804269679,0.5697531686160429,0.3666034317360387,8.508880540407638,4.798825044523094,0.929833443663274,29.850623401127063,71.79501723729847,6.5466370693533245,24.81376,156.2,5.487334036827087,C,1.0,1.0,76.12390563104455,65.9219688053208,62.78190128922996,59.39582581577525,57.849785309022636,67.79696506196586,156.2,5.487334036827087,C,1.0,1.0,,,,,,,,,,,,,,,,,,,,,
489696,285023_43961,Sondre Langas,Norway,DF,0,0,0,0,0,0,0.0,0.0,0,0,1,1,1,0,0,0,0,0,0,10,90,0,0,0,0,1,100,,,,4,0,0,4,1,3,0,0,1,20,3.13,26,11,2984.87,,,,,,,Round of 16,0.0,29.0,610.0,0.0,False,,,None,1.0,1.0,2.98487,3.13,29.0,0.021720318802235433,0.016594323564907868,0.01945184870652996,0.1948747002936563,0.06602976915879573,0.11920110958666806,0.07211145842342163,0.2681156152947941,8.89954827737762,0.2946144042335214,0.2597267454996197,19.494150234081694,0.8357496001349035,4.201964608105351,0.8627696767248841,0.17871478310479313,0.16724645477721287,3.009345343312208,1.4770685598272186,0.1576026332290203,8.959708733722302,24.345311037498302,2.263263097483478,2.98487,,,None,1.0,1.0,22.786452297813494,20.97543656379974,26.707175828898894,15.934730551689412,36.84648971534102,15.714505064168932,,,None,1.0,1.0,,,,,,,,,,,,,,,,,,,,,
491244,285023_43961,Torbjorn Heggem,Norway,DF,1,1,0,1,0,0,0.61,0.0,0,0,1,16,6,2,0,0,0,0,0,255,94,0,0,2,0,0,0,,,,58,0,7,51,20,38,1,3,36,516,5.04,292,99,41648.32,,,,,,,Round of 16,0.0,400.0,1215.0,0.0,False,,,None,1.0,1.0,41.64832,5.04,400.0,0.019590615162858937,0.014967229984424225,0.11775692393952622,0.34004954452686914,0.22383801538078998,0.27179584129946865,0.06504084234069167,0.24182655357033067,48.276160354665016,0.5942921946404162,0.06997767736173212,99.06686758835374,0.75380333676645,6.254195053991809,1.5995867884575405,0.48975667213140095,0.1508477367540138,8.464164462343529,1.3322401935350592,0.3064320489074033,22.53806239534139,65.65738076721702,8.393077377413272,41.64832,,,None,1.0,1.0,49.13260993320732,39.976351492919555,79.12592311685125,37.62268579529569,70.85893997230299,68.42200609208817,,,None,1.0,1.0,,,,,,,,,,,,,,,,,,,,,
398588,285023_43961,Alexander Sorloth,Norway,FW,1,3,0,3,0,1,0.47,0.0,0,0,8,44,6,5,2,0,0,0,2,92,78,3,33,5,100,0,0,,,,79,37,41,1,25,54,3,48,57,240,5.26,345,125,31634.51,,,,,,,Round of 16,0.0,291.0,1095.0,0.0,False,,,None,1.0,1.0,31.63451,5.26,291.0,0.021489963439099386,0.016418332067471928,0.1039442788483624,0.7334381255341693,0.2455395467077187,0.658567092912347,0.07134667861780997,0.8059022822508124,23.58238864814275,1.1925401533522269,0.07676214940446302,58.933617282832785,2.088356442632231,11.90643305912669,1.7546698414447575,1.0778697084411923,0.5258928341867785,13.069192898699752,8.129175614268208,0.6965613482726747,29.408632922613037,81.57412471117696,7.4022132881658615,31.63451,,,None,1.0,1.0,63.08204763436923,60.804589762308034,65.38386493385224,58.812134592939536,64.77542093237018,77.33217884480243,,,None,1.0,1.0,29.255319148936177,24.272065946171818,80.9168081494058,28.651673484960888,80.0665666947076,49.02670209357981,D,E,A,E,A,C,29.001150548089893,D,62.097273853779434,56.088255865708646,,,None,1.0,32.67155471504427
483448,285023_43961,Antonio Nusa,Norway,FW,1,3,33,2,1,0,0.21,4.68,0,0,5,78,11,1,4,1,0,0,1,68,76,5,20,5,40,1,100,,,,104,17,80,7,27,77,1,33,46,194,6.15,300,132,29077.2,28.0,294.0,72.0,6.1674017906188965,4.986365795135498,6.248663902282715,Round of 16,1.0,291.0,135.0,0.0,True,78.9,6.010561919212341,B,1.1,1.1,29.0772,6.15,291.0,0.20170002129195594,0.016418332067471928,0.05708966380661971,0.7334381255341693,0.2455395467077187,0.47835703505949045,0.07134667861780997,1.1663223979565254,19.257347259674194,1.1925401533522269,0.2569722072573195,50.64395462160138,1.5477262690736613,18.033575026123813,2.6557201307090397,0.35702947702976623,0.8863129498924915,11.086882262318335,4.524974457211076,0.3361412325669617,30.670103327583032,73.46467210779842,6.941360305118175,29.0772,78.9,6.010561919212341,B,1.1,1.1,80.85511996444617,64.03539338011804,67.30340405542394,68.46308977573618,61.17777866796672,79.23988414224743,78.9,6.010561919212341,B,1.1,1.1,66.46603210153043,53.56777906512944,64.85811302449673,32.32125824024419,84.29135730222012,65.37151148548062,B,B,B,E,A,B,53.844920168630736,B,73.94555438719476,45.52911483684874,67.8,6.073676824569701,BL-A,1.2,71.78381167869792
419652,285023_43961,Erling Haaland,Norway,FW,11,17,41,15,1,5,3.63,1.93,0,0,10,70,4,5,3,0,0,0,0,40,70,0,0,4,25,0,0,,,,49,36,13,0,38,11,7,36,40,140,4.55,240,112,39593.68,5.0,312.0,327.0,7.463855266571045,4.887267589569092,5.0074076652526855,Round of 16,7.0,416.0,3.0,0.0,True,131.55,6.463255214691162,B,1.1,1.1,39.59368,4.55,416.0,1.1550156547269539,0.014780994822116589,0.6062516601389931,2.9316327618597424,1.8434368341616825,2.539751529155866,0.06423154817987839,0.23881753937723457,12.794210713563109,0.9113743002856077,0.06910695484895349,36.832553770952394,2.2045694703071597,14.937248596350159,1.2552065515665711,0.9703778991624918,0.635685960560941,9.007799642063,7.1562457287203545,1.2760495599719293,24.366723622983606,56.40401828317209,7.9553019751951455,39.59368,131.55,6.463255214691162,B,1.1,1.1,109.07662100549076,51.58877719830394,57.643985058797895,63.04739348713597,60.121061797962774,70.58970264960338,131.55,6.463255214691162,B,1.1,1.1,109.42515864128407,87.10117950958232,65.48775163715742,50.07315711752196,62.062836033795406,58.365274087474326,S+,S,B,C,B,C,82.59834327071324,S,90.29021855965604,63.21626617375231,132.3,6.469262218475342,BL-B,1.05,95.80246833377568
419662,285023_43961,Jorgen Strand Larsen,Norway,FW,1,2,0,2,0,0,0.85,0.0,0,0,5,50,4,0,2,0,0,0,1,21,76,0,0,1,0,0,0,,,,38,24,13,1,34,4,1,19,23,48,1.47,101,41,9811.95,,,,,,,Round of 16,0.0,100.0,804.0,0.0,False,,,None,1.0,1.0,9.811950000000001,1.47,100.0,0.02526158271000231,0.019299849190441764,0.20268557909464743,0.6503229579162061,0.2886332303594398,0.562311603754558,0.08386845459720768,0.31182897697226847,12.680741924546398,0.554486126799504,0.09023437344012825,28.603925877307574,1.819361641514553,15.267112581357184,1.6389490314847632,0.207852302537899,0.6181902247090832,8.160423087048493,6.802001124715782,0.3951360630648095,16.77563325446768,44.202403059599426,4.078498857280116,9.811950000000001,,,None,1.0,1.0,82.24700281845469,56.222708148668985,44.784588617508994,55.212775375383686,43.990226880181275,39.95910656356288,,,None,1.0,1.0,57.48413587159389,56.08653535679691,42.25078826097503,34.798736672531106,30.909622910647013,59.051764750221416,B,B,C,E,D,B,47.97234446775435,B,52.00477107991558,43.40244550770866,,,None,1.0,53.40252472287994
483496,285023_43961,Julian Ryerson,Norway,FW,0,0,0,0,0,0,0.0,0.0,6,0,19,18,4,4,0,0,0,0,0,131,85,10,40,11,45,0,0,,,,10,2,8,0,2,8,1,14,34,281,4.03,140,43,20029.65,,,,,,,Round of 16,0.0,184.0,963.0,0.0,False,,,None,1.0,1.0,20.02965,4.03,184.0,0.023761426327516082,0.018153729714222286,0.0212797829618703,0.2131875170104743,0.07223473603564891,0.1304027076854083,1.2744361806008828,2.2858914552427407,33.84608191929769,2.5141384362278982,0.08487581484188746,73.3324083256409,4.50093161749379,7.984219428866644,1.5416202188613968,0.9925411792851552,0.18296298272187383,9.867655685924802,2.0143881177075804,0.37167095029804487,16.177930152870594,49.34851168389572,5.872256523798951,20.02965,,,None,1.0,1.0,49.06299873235886,77.61125690778138,75.38459957636611,55.54664451714644,65.99401947295058,49.22508986756666,,,None,1.0,1.0,7.7174318775662565,9.47596345609603,53.93160320155228,60.24545859211056,34.914597125196586,46.53928053215744,F,F,C,B,D,C,14.749953673052577,F,16.463868885026077,50.67140600315955,,,None,1.0,17.098410702957473
483535,285023_43961,Egil Selvik,Norway,GK,0,0,0,0,0,0,0.0,0.0,0,0,0,0,0,0,0,0,0,0,0,30,63,0,0,0,0,0,0,5.0,25.0,22.0,6,0,0,6,6,0,0,0,1,49,0.75,5,0,4989.63,,,,,,,Round of 16,0.0,100.0,804.0,0.0,False,,,None,1.0,1.0,4.98963,0.75,100.0,,,,,,,,,,,,,,,,,,,,,,,,,,,,,,,,,,,,,,,,,,,,,,,,,,,,,,,,,,,,,
373235,285023_43961,Orjan Nyland,Norway,GK,0,0,0,0,0,0,0.0,0.0,0,0,0,0,0,0,0,0,0,0,0,161,71,0,0,1,0,2,50,7.0,60.0,53.0,29,0,0,29,18,11,0,0,1,318,2.88,37,2,25175.45,,,,,,,Round of 16,0.0,416.0,1255.0,0.0,False,,,None,1.0,1.0,25.17545,2.88,416.0,,,,,,,,,,,,,,,,,,,,,,,,,,,,,,,,,,,,,,,,,,,,,,,,,,,,,,,,,,,,,
494626,285023_43961,Andreas Schjelderup,Norway,MF,1,2,0,2,0,0,0.08,0.0,0,0,17,37,8,2,3,0,0,0,0,83,88,7,14,5,60,1,100,,,,67,17,43,7,15,52,2,42,37,212,6.51,224,82,24328.89,114.0,167.0,35.0,5.1895904541015625,5.586208343505859,6.670098304748535,Round of 16,0.0,225.0,167.0,3.0,True,102.19999999999999,5.61921010017395,B,1.1,1.1,24.328889999999998,6.51,225.0,0.02285571769000209,0.5924506768151075,0.035801704094456835,0.5883874381146628,0.26114435127758834,0.5087581176826954,0.07588098273080694,1.6237717656652597,23.356156326445625,1.2683298022470981,0.27330359308866947,57.31246945841819,3.946044738227237,11.3214832558234,2.2495105255337613,0.5713827841533011,0.750977934712962,10.066521508900765,4.812550707290597,0.549167026558619,23.03613564639859,63.567195635754416,6.472430223135078,24.328889999999998,102.19999999999999,5.61921010017395,B,1.1,1.1,67.45175808787602,94.03736096123548,79.99702376890785,78.34785180296811,74.5727939192685,67.50013585964857,102.19999999999999,5.61921010017395,B,1.1,1.1,,,,,,,,,,,,,,,,,,,,,
483497,285023_43961,Fredrik Aursnes,Norway,MF,0,1,0,0,1,0,0.0,0.0,0,0,8,46,12,5,1,0,0,0,0,131,89,2,50,5,20,1,100,,,,126,30,54,42,67,59,1,17,41,279,6.94,424,131,32590.73,,,,,,,Round of 16,0.0,281.0,1083.0,0.0,False,,,None,1.0,1.0,32.59073,6.94,281.0,0.02168669682368837,0.01656863637329791,0.01942173820742235,0.3764328641996219,0.06592755834401264,0.11901659216840178,0.07199983345464538,0.6314202261865889,30.890810473087438,1.2034574572039582,0.25932470135170466,66.56566771135284,2.107474643198349,12.379152088238186,2.861892175236976,1.0877372429527568,0.3488473858398903,10.279079837555656,6.930576739722799,0.33921849245017266,30.76901798372561,96.68783417928529,7.643876057572213,32.59073,,,None,1.0,1.0,48.097915506959616,59.75836276749751,79.23863099424887,60.316240116088004,76.3685750580338,84.40052439578727,,,None,1.0,1.0,,,,,,,,,,,,,,,,,,,,,
419654,285023_43961,Jens Petter Hauge,Norway,MF,0,0,0,0,0,0,0.0,0.0,0,0,0,11,2,0,0,0,0,0,0,3,67,0,0,0,0,0,0,,,,3,0,2,1,2,1,0,0,0,7,2.08,26,14,1718.66,,,,,,,Round of 16,0.0,12.0,538.0,0.0,False,,,None,1.0,1.0,1.71866,2.08,12.0,0.01630063823398475,0.01245368761076435,0.01459819957682738,0.14624932623531117,0.04955394023131365,0.08945790262810832,0.05411811893682937,0.20121507836030775,5.722067374736446,0.22110185700576915,0.058225879771793526,12.852930087119208,0.49051880573706913,4.520420547767611,0.7841838594324343,0.13412165138922652,0.12551491440168258,2.121756275088391,1.108508602463899,0.11827743102579336,7.134151818941974,18.2706391894788,1.525448201061685,1.71866,,,None,1.0,1.0,2.6857785277412862,2.306091470497314,3.4719049239099125,5.068138727400577,5.324821377471415,3.0678269582031836,,,None,1.0,1.0,,,,,,,,,,,,,,,,,,,,,
419681,285023_43961,Kristian Thorstvedt,Norway,MF,1,3,0,2,1,0,0.17,0.0,0,0,0,38,5,2,1,0,0,0,0,24,79,0,0,1,0,0,0,,,,46,16,22,8,31,15,1,12,25,62,3.78,137,44,9451.89,,,,,,,Round of 16,0.0,75.0,739.0,0.0,False,,,None,1.0,1.0,9.451889999999999,3.78,75.0,0.02519189545252189,0.019246608125726723,0.058473972192656556,0.8597825971976037,0.28783699924152567,0.5607603963751584,0.08363709290237267,0.31096875746593017,13.279521412066641,0.552956506983866,0.08998545055640819,31.482569264170117,0.7580745179572888,12.689952683691779,1.8456814212295214,0.6297861899150683,0.40523123205027767,8.560418806328537,5.093207851407045,0.39404603046935793,17.36311646852246,51.685596098050326,3.991183819953054,9.451889999999999,,,None,1.0,1.0,72.88039080855962,53.47318273681926,44.440360548692404,41.266178946301494,47.84543742504458,39.25493517958849,,,None,1.0,1.0,,,,,,,,,,,,,,,,,,,,,
400716,285023_43961,Martin Odegaard,Norway,MF,2,8,0,5,3,0,0.31,0.0,9,0,13,123,11,3,4,0,0,0,0,259,90,12,25,14,57,0,0,,,,171,15,108,48,111,60,4,55,64,593,5.73,505,180,47779.2,92.0,283.0,12.0,5.422641754150391,5.050694465637207,7.072849273681641,Round of 16,0.0,399.0,169.0,3.0,True,100.64999999999999,5.779401540756225,B,1.1,1.1,47.779199999999996,5.73,399.0,0.01960612406767315,0.5082168773328449,0.06852636631971011,1.491206941255544,0.38842781619582156,0.9296614064586282,1.5448057275401028,2.2149691896719284,48.972028561074374,2.567713860064585,0.07003307516972851,111.80506400801852,2.727351279140039,23.851294333803256,2.4229160984501292,0.6545569873739574,0.8086175533812736,13.074417902107651,3.799483853823759,0.7999124342952266,35.873325206621566,100.72924211037197,9.4077156728007,47.779199999999996,100.64999999999999,5.779401540756225,B,1.1,1.1,79.6124581463443,107.51974931270192,104.8961783153301,88.24440281264812,92.39510519654918,105.41358333621524,100.64999999999999,5.779401540756225,B,1.1,1.1,,,,,,,,,,,,,,,,,,,,,
433067,285023_43961,Morten Thorsby,Norway,MF,0,0,0,0,0,0,0.0,0.0,0,0,0,33,3,1,0,0,0,0,0,18,94,0,0,0,0,0,0,,,,33,9,16,8,23,10,0,5,18,39,2.1,107,30,6205.36,,,,,,,Round of 16,0.0,50.0,674.0,0.0,False,,,None,1.0,1.0,6.20536,2.1,50.0,0.02424214945122872,0.018521002180738738,0.021710299362542387,0.21750056487642405,0.07369613433173532,0.1330409161883432,0.08048393617807935,0.2992450928259673,11.559141701334875,0.3288205151564663,0.086592957839789,25.620008580304688,0.7294947612863746,11.19508926230929,1.3695198296647477,0.4027536838383914,0.18666455077446112,6.814662147936003,3.478166634664492,0.17590103641811555,13.862469127860956,43.63834709860004,3.1807296210067664,6.20536,,,None,1.0,1.0,39.6693707144829,37.13107415275738,42.8122197999942,32.15433065125558,63.34456142716024,30.395459493855725,,,None,1.0,1.0,,,,,,,,,,,,,,,,,,,,,
477470,285023_43961,Oscar Bobb,Norway,MF,3,3,0,3,0,0,0.48,0.0,0,0,12,66,9,1,4,0,0,0,0,87,90,1,0,3,0,0,0,,,,75,15,54,6,27,48,3,41,35,210,6.53,198,75,22661.02,,,,,,,Round of 16,0.0,212.0,1010.0,0.0,False,,,None,1.0,1.0,22.66102,6.53,212.0,0.02314062823849898,0.01767943997421322,0.11386886072745653,0.7897742146944778,0.652504007983702,0.7091522659115473,0.0768268857518166,0.479700081022253,24.423513813870375,0.896035979565665,0.08265832406791837,57.63880023313719,3.0249737775075713,17.09012530840611,2.4716042208975986,0.3844532551925912,0.9543915016213288,9.80390254565374,4.48443777342421,0.7500648966372137,21.96493005312831,59.31424342594649,6.229459252078736,22.66102,,,None,1.0,1.0,71.67436646015,58.956704118777814,71.9725378563948,75.89695163331717,65.24235182301256,58.02737082331998,,,None,1.0,1.0,,,,,,,,,,,,,,,,,,,,,
483442,285023_43961,Patrick Berg,Norway,MF,0,2,0,0,2,0,0.08,0.0,7,0,11,90,13,3,1,1,0,0,0,137,91,10,50,0,0,2,100,,,,101,19,43,39,69,32,0,19,46,295,7.01,451,144,44152.28,118.0,280.0,59.0,5.12795877456665,5.081413269042969,6.316282749176025,Round of 16,0.0,381.0,177.0,2.0,True,127.55,5.418057942390441,B,1.1,1.1,44.15228,7.01,381.0,0.019890959747014467,0.3487990296970915,0.03115764136905117,0.5120640273005863,0.060468517630923986,0.1091615870916154,1.2336461639363914,1.9135456893690088,29.333746445368597,0.2698009780085043,0.40465284466670814,63.72260792212312,2.433371611184208,18.693364842566222,2.791718301559866,0.6640663214739937,0.3199615582771977,10.261940622868957,4.521887022914511,0.14432880392433697,30.38964699300567,93.18536271219757,8.939415469645061,44.15228,127.55,5.418057942390441,B,1.1,1.1,52.8918410614404,73.3598478895208,72.92675235691691,75.97672173333119,82.53157674377756,98.52514960174715,127.55,5.418057942390441,B,1.1,1.1,,,,,,,,,,,,,,,,,,,,,
404645,285023_43961,Sander Berge,Norway,MF,0,0,0,0,0,0,0.0,0.0,0,0,7,47,11,2,2,0,0,0,0,304,97,1,0,2,100,1,100,,,,71,2,21,48,61,10,1,18,80,659,5.55,470,115,46665.85,,,,,,,Round of 16,0.0,416.0,1255.0,0.0,False,,,None,1.0,1.0,46.66585,5.55,416.0,0.019346851861409154,0.014780994822116589,0.017326266653003578,0.1735799549005629,0.05881442965868384,0.10617552301541344,0.06423154817987839,0.4010559397865981,55.62514842163507,0.5868974994668806,0.231345355258317,121.03428358341205,1.7178542690790688,11.2057653869348,2.3908753544321155,0.4836626979344015,0.4734475601515775,15.497335658437539,1.640140114801995,0.3026191575157483,24.8534388242117,93.71885037732568,9.102679523418233,46.66585,,,None,1.0,1.0,39.44022650994242,45.169023630944714,85.12545012909229,53.84634368565462,88.20610786599009,82.34515201124863,,,None,1.0,1.0,,,,,,,,,,,,,,,,,,,,,
494627,285023_43961,Thelo Aasgaard,Norway,MF,1,2,50,1,1,0,0.18,5.48,0,0,3,19,3,0,3,0,0,0,0,43,88,0,0,1,100,1,100,,,,59,9,31,19,44,15,0,14,34,99,1.67,127,39,11184.96,,,,,,,Round of 16,1.0,100.0,95.0,0.0,False,,,None,1.0,1.0,11.184959999999998,1.67,100.0,0.237099601631035,0.019299849190441764,0.06075410641755555,0.6503229579162061,0.2886332303594398,0.3504735848335253,0.08386845459720768,0.31182897697226847,17.34117834080912,0.554486126799504,0.30207239236116096,39.40766484228025,1.3956856036724878,8.700133994805169,1.4271110125637305,0.207852302537899,0.830028243630116,10.490641295179852,3.624430840900292,0.18329804414377676,16.351957216625618,49.710191551546274,4.369354575638883,11.184959999999998,,,None,1.0,1.0,77.22367232761191,54.779957418784186,53.74693943869047,46.08414475970873,57.903457201006916,42.955299917302945,,,None,1.0,1.0,,,,,,,,,,,,,,,,,,,,,
385031,285023_43914,Amir Murillo,Panama,DF,1,5,0,4,1,0,0.37,0.0,0,0,11,68,15,1,7,0,0,0,1,112,79,8,50,12,58,1,100,,,,101,35,46,20,15,86,5,26,67,260,6.27,332,156,31781.32,,,,,,,Round of 16,0.0,303.0,1127.0,0.0,False,,,None,1.0,1.0,31.78132,6.27,303.0,0.02125900439343042,0.016241879356580842,0.08499983002402087,1.0821022205184028,0.24290065997613747,0.8297625625915821,0.070579894586189,1.6886074431933769,26.894407417165738,2.427636575033798,0.25421045031344247,61.865705855518705,2.600732113028307,16.057029951268365,3.34027146097417,0.35319237476925447,1.4116073401701772,14.711467251413778,7.6852623664746575,1.0456217689792762,34.61904145977703,78.3798705403706,7.348831795729551,31.78132,,,None,1.0,1.0,63.947765408117455,67.49562509616425,71.29726698076401,76.27089077021164,64.05953204350806,80.15631388745422,,,None,1.0,1.0,,,,,,,,,,,,,,,,,,,,,
441240,285023_43914,Andres Andrade,Panama,DF,0,0,0,0,0,0,0.0,0.0,0,0,10,38,19,4,0,1,0,0,0,178,83,8,0,7,29,5,80,,,,91,3,24,64,21,70,1,2,71,380,6.0,322,117,30384.6,,,,,,,Round of 16,0.0,303.0,1127.0,0.0,False,,,None,1.0,1.0,30.3846,6.0,303.0,0.02125900439343042,0.016241879356580842,0.019038713974580547,0.19073578741785774,0.0646273733560285,0.11666941611114616,0.070579894586189,1.6886074431933769,38.66044433409292,1.5362701419332532,0.9673035967938783,83.25850024993179,2.4224588264081977,10.708831352665095,4.053364607454606,0.8880122346295815,0.16369433382941426,15.424560397894215,1.9805171946311693,0.3325286224988401,27.666383281592783,76.59713767416953,7.099833930841513,30.3846,,,None,1.0,1.0,44.05595981649321,56.06308451136236,76.16372890319663,60.63632756561326,72.00723520551718,70.90980747181545,,,None,1.0,1.0,,,,,,,,,,,,,,,,,,,,,
418729,285023_43914,Carlos Harvey,Panama,DF,0,5,0,4,1,2,0.29,0.0,0,0,28,53,19,8,3,1,0,0,0,107,79,1,0,3,33,6,67,,,,94,10,45,39,63,31,3,23,57,255,6.82,446,118,33573.58,,,,,,,Round of 16,0.0,295.0,1102.0,0.0,False,,,None,1.0,1.0,33.57358,6.82,295.0,0.02141235506200828,0.016359039267374326,0.07124823156150632,1.0899079058607213,0.06509355938850518,0.8357480095758076,0.0710890188058675,0.4438733621343068,26.190612501816805,0.8291149378077101,1.153840439774753,61.41417449387668,5.671999623494497,13.479467692226457,4.082603331951746,1.6126548674412164,0.7035528877240934,13.021995105477208,3.2517183061255768,0.6940458020765619,28.04551247952621,99.4150141035015,7.723659056674894,33.57358,,,None,1.0,1.0,59.22781484963417,56.786623568559904,65.59923468736535,83.5146260506243,67.32031046830076,81.80595042465538,,,None,1.0,1.0,,,,,,,,,,,,,,,,,,,,,
441242,285023_43914,Cesar Blackman,Panama,DF,1,2,0,2,0,0,0.08,0.0,0,0,7,41,12,2,2,1,0,0,1,79,87,0,0,2,100,0,0,,,,68,10,47,11,7,61,1,23,51,172,3.91,180,64,18333.59,,,,,,,Round of 16,0.0,187.0,968.0,0.0,False,,,None,1.0,1.0,18.33359,3.91,187.0,0.023694917013526485,0.018102916598334236,0.0371162445636993,0.6099914125219976,0.2707328562594395,0.5274383216468713,0.07866712448490794,0.29249005561497093,23.418929151227157,0.7187984714481113,0.08463824357231661,51.46881394572639,2.103929602539272,12.531978331598452,3.126907621995694,0.5923623942639339,0.5798514780807921,13.217940913602929,3.5983522219710458,0.3706306263884672,20.30535386920441,57.15839529471746,5.518812165164757,18.33359,,,None,1.0,1.0,58.35733972685061,51.05610493478415,62.27772000817351,63.1883629665755,69.60154305422284,50.318987141978475,,,None,1.0,1.0,,,,,,,,,,,,,,,,,,,,,
337232,285023_43914,Eric Davis,Panama,DF,0,1,0,0,1,0,0.0,0.0,2,0,1,1,1,0,1,0,0,0,0,7,43,3,33,2,0,0,0,,,,5,1,4,0,2,3,0,2,4,18,4.82,30,18,1809.13,,,,,,,Round of 16,0.0,14.0,553.0,0.0,False,,,None,1.0,1.0,1.8091300000000001,4.82,14.0,0.017268111186741725,0.013192836946670677,0.015464629654398416,0.29973603662142134,0.05249505800769485,0.09476739419283858,0.34694321524793176,0.6475771936510637,6.640908802468469,0.523837746244914,0.06168169315904144,15.20864717416616,0.6644385448854068,3.3406504166066395,0.6859200752017132,0.1420820188445109,0.2777709991918859,2.8269125967269484,1.3191071761971591,0.12529741477099796,8.136803063637448,19.93426150567815,1.6290870140930718,1.8091300000000001,,,None,1.0,1.0,6.9983111063057155,29.171209393732667,9.733130269549124,8.220166680953657,7.425193372849084,7.48721061375826,,,None,1.0,1.0,,,,,,,,,,,,,,,,,,,,,
385030,285023_43914,Fidel Escobar,Panama,DF,0,0,0,0,0,0,0.0,0.0,0,0,2,16,5,1,0,0,0,0,0,27,74,1,100,1,100,1,0,,,,8,2,3,3,1,7,0,1,20,52,1.93,106,45,9536.99,,,,,,,Round of 16,0.0,98.0,795.0,0.0,False,,,None,1.0,1.0,9.53699,1.93,98.0,0.025273730278940577,0.0193091299331106,0.02263414188860802,0.22675590806265483,0.07683214004797938,0.13870223177082588,0.08390878452608272,0.5239188122979318,13.958479043216649,0.5547527632382392,0.302217650291065,29.46544022593244,1.1844168630232585,8.06849798193912,1.8516770406943281,0.41989213846981227,0.19460772314784244,7.528527542721806,2.1425945253584535,0.18338618690399283,17.631459717194527,45.28335815323131,4.022185099155615,9.53699,,,None,1.0,1.0,54.06481710859175,65.31406993369512,37.974980043893694,36.80490337317309,39.808321568269804,35.40186466297787,,,None,1.0,1.0,,,,,,,,,,,,,,,,,,,,,
480310,285023_43914,Jiovany Ramos,Panama,DF,0,2,0,1,1,0,0.15,0.0,0,0,3,29,18,2,1,0,0,0,0,121,89,0,0,2,0,2,50,,,,24,2,3,19,8,16,0,1,16,258,3.98,205,63,18498.83,,,,,,,Round of 16,0.0,186.0,967.0,0.0,False,,,None,1.0,1.0,18.49883,3.98,186.0,0.02371709798585692,0.018119862861194685,0.05107303125869058,0.6105624296154625,0.07209997787700505,0.3290457469895598,0.07874076531304498,0.29276385753741785,31.794076925663532,0.7194713435665174,0.48249010049183505,68.62121719003417,1.3103538523199378,10.157073842490647,4.3231526208619995,0.5929169087139848,0.38150796773427537,6.269293354121913,2.010630157916568,0.1720912629853778,20.125475535270695,62.184059486834585,5.5568423370184,18.49883,,,None,1.0,1.0,52.30971519909156,46.620604868188266,66.15758134674998,48.912883250889145,57.3091748684578,47.705901896512565,,,None,1.0,1.0,,,,,,,,,,,,,,,,,,,,,
441239,285023_43914,Jorge Gutierrez,Panama,DF,0,0,0,0,0,0,0.0,0.0,0,0,6,28,10,1,2,0,0,0,0,23,83,0,0,1,0,0,0,,,,16,10,2,4,4,12,0,6,15,50,2.1,117,43,9490.21,,,,,,,Round of 16,0.0,90.0,776.0,0.0,False,,,None,1.0,1.0,9.49021,2.1,90.0,0.025296643910373097,0.019326635947525046,0.022654662420373728,0.2269614891638674,0.07690179748753423,0.13882798178012756,0.08398485778243868,0.3122617724296455,13.12260592112392,0.5552557123562649,0.0903596120478527,29.067890070437215,2.034018814686733,10.621397443747568,2.914015977135094,0.42027282045051406,0.6190482268218014,6.474692873289268,3.841593316040655,0.18355244821366717,17.22318065604255,47.6578652613865,4.015908150009383,9.49021,,,None,1.0,1.0,56.50874310096368,56.95984559069812,45.04399907732755,58.71711928685176,46.861114296147925,39.466439395839,,,None,1.0,1.0,,,,,,,,,,,,,,,,,,,,,
418715,285023_43914,Jose Cordoba,Panama,DF,0,0,0,0,0,0,0.0,0.0,0,0,7,21,12,5,1,0,0,0,0,183,92,1,0,1,100,2,100,,,,35,0,2,33,23,12,0,4,29,387,6.07,315,114,30753.8,,,,,,,Round of 16,0.0,303.0,1127.0,0.0,False,,,None,1.0,1.0,30.7538,6.07,303.0,0.02125900439343042,0.016241879356580842,0.019038713974580547,0.19073578741785774,0.0646273733560285,0.11666941611114616,0.070579894586189,0.4406944368526141,39.55181076719348,0.46663042221259926,0.4324837369335514,84.50641325627255,1.8876389665478712,7.678185480123243,2.8054516011138433,1.0662855212496904,0.3419676204495233,7.937082359849638,1.4456973347708424,0.15425533587873114,27.131563421732455,75.34922466782876,7.165652428261657,30.7538,,,None,1.0,1.0,38.38238689017379,41.73535988085765,70.66474046442389,48.76286327842675,76.69588011263167,70.01024838923166,,,None,1.0,1.0,,,,,,,,,,,,,,,,,,,,,
466669,285023_43914,Azarias Londono,Panama,FW,0,1,0,0,1,0,0.01,0.0,0,0,1,24,3,1,0,0,0,0,0,21,95,1,0,2,50,0,0,,,,30,14,16,0,13,17,0,14,10,56,6.8,100,41,8536.29,,,,,,,Round of 16,0.0,76.0,747.0,0.0,False,,,None,1.0,1.0,8.536290000000001,6.8,76.0,0.02520651852468788,0.019257780152861538,0.02468771235896419,0.4375291471029712,0.07662781631505115,0.1383333736634871,0.08368564150196375,0.5225255275682187,12.653100951640086,0.7646537430678094,0.0900376841701851,30.23258628953942,0.9698908183443792,9.73805110598835,1.4240002531880338,0.4187754973206033,0.19409019264009666,5.394743906242188,4.673411766345476,0.18289849841513525,16.739066401594872,43.89467617047996,3.7999644654380056,8.536290000000001,,,None,1.0,1.0,52.81752178221776,58.62490898916397,54.69158879276353,38.883600721509204,61.257991704098814,38.215452310772,,,None,1.0,1.0,37.66330720418066,42.733955060874855,38.459859325733696,57.150730228713144,32.281189422479066,25.122957770365765,C,C,D,B,D,E,36.115066174841836,C,38.708948478457366,43.364209543083994,,,None,1.0,40.44536020778136
337251,285023_43914,Cecilio Waterman,Panama,FW,1,2,0,2,0,0,0.05,0.0,0,0,7,19,2,1,1,0,0,0,0,10,70,0,0,1,0,0,0,,,,19,14,5,0,17,2,1,12,13,26,3.89,82,34,8772.9,,,,,,,Round of 16,0.0,85.0,763.0,0.0,False,,,None,1.0,1.0,8.7729,3.89,85.0,0.025286316641557175,0.01931874591414968,0.03324768534024406,0.6509596972572961,0.28891583476495636,0.5628621700781109,0.08395057124996982,0.3121342926233817,10.36065804363031,0.555029031100704,0.09032272304364224,23.966932831015477,2.2452338656000963,8.708652404804097,1.2164628826290804,0.4201012455013549,0.4067500703146128,6.047958737601742,4.68820672733717,0.39552294572576135,15.307740461562267,40.21681897391626,3.86216636021629,8.7729,,,None,1.0,1.0,69.19590673092932,57.64205906645844,37.34769327411269,45.568060842492244,37.85212631296662,34.59880575873396,,,None,1.0,1.0,43.97163120567376,43.18980417481813,34.334222653407714,37.988850499183926,26.246296770418056,43.24156255299903,C,C,D,D,E,C,37.5437628721432,C,51.7655897821187,57.979111003157634,,,None,1.0,42.00658342375133
411174,285023_43914,Jose Fajardo,Panama,FW,0,1,0,1,0,1,0.25,0.0,0,0,18,99,19,4,3,1,0,0,1,18,61,0,0,1,100,0,0,,,,56,47,9,0,44,12,1,19,16,50,6.5,236,110,19207.38,,,,,,,Round of 16,0.0,176.0,944.0,0.0,False,,,None,1.0,1.0,19.20738,6.5,176.0,0.02393805470274486,0.01828867379289707,0.07162276606196685,0.41551143396253354,0.07277168629634437,0.33211125137817044,0.07947434161311294,0.2954913472506825,11.414143243362803,0.525434981157538,0.08550673139820462,27.50676117610091,4.3336496711661185,24.303445169727556,4.564167818385839,0.9999191427722114,0.7865406427196554,6.327700267040189,11.062626208972276,0.3744337320926233,29.7477141877468,68.9863031909545,5.750845574214141,19.20738,,,None,1.0,1.0,59.00518883521673,48.63060614619142,46.20384547626154,92.6707929168686,48.89585776406071,61.556528464772086,,,None,1.0,1.0,28.536767450541245,31.584645482345337,49.430026679602236,16.39994064904508,72.51380710288579,95.47741534286845,D,D,C,F,B,S+,29.70852232533779,D,63.14519372570049,75.55385790679908,,,None,1.0,33.44454260186963
418747,285023_43914,Tomas Rodriguez,Panama,FW,1,1,0,0,1,0,0.06,0.0,0,0,3,26,3,3,1,0,0,0,0,9,78,0,0,1,100,0,0,,,,16,12,4,0,13,3,1,8,10,21,4.09,75,32,6034.0,,,,,,,Round of 16,0.0,53.0,691.0,0.0,False,,,None,1.0,1.0,6.034,4.09,53.0,0.024435208839254166,0.018668499553190183,0.03417768950485706,0.4241409249853651,0.2791912661509094,0.13410042610982686,0.08112489334632383,0.30162821791175337,9.80702219721698,0.5363474039752202,0.08728256597381588,22.135692786088086,1.3500289982295666,9.849886983567442,1.3804263980255986,0.8157775921681134,0.39305933934183385,5.229666836148446,4.120590717259561,0.3822101066172049,14.382683383805995,37.42881033105906,3.170947209328099,6.034,,,None,1.0,1.0,56.41842409689776,45.35643503263932,34.30430879187729,35.62717570201487,40.21921897004091,29.923543494531167,,,None,1.0,1.0,54.31131019036955,55.5167239643678,39.7380548144555,55.91071920639295,35.85494312570865,41.6209697175269,B,B,C,B,D,C,47.61637014296697,B,44.21405702088733,60.0469822912902,,,None,1.0,53.01353006698339
441241,285023_43914,Orlando Mosquera,Panama,GK,0,0,0,0,0,0,0.0,0.0,0,0,0,0,0,0,0,0,0,0,0,103,72,0,0,2,0,2,100,9.0,48.0,42.0,27,0,0,27,20,7,0,0,2,185,2.98,31,11,15112.23,,,,,,,Round of 16,0.0,303.0,1127.0,0.0,False,,,None,1.0,1.0,15.11223,2.98,303.0,,,,,,,,,,,,,,,,,,,,,,,,,,,,,,,,,,,,,,,,,,,,,,,,,,,,,,,,,,,,,
271116,285023_43914,Alberto Quintero,Panama,MF,0,0,0,0,0,0,0.0,0.0,0,0,0,1,0,1,0,0,0,0,0,3,100,1,0,0,0,0,0,,,,5,2,2,1,3,2,0,2,1,8,2.86,17,8,1246.31,,,,,,,Round of 16,0.0,8.0,523.0,0.0,False,,,None,1.0,1.0,1.24631,2.86,8.0,0.013852656829273552,0.010583429817564993,0.01240588535002422,0.12428603707224231,0.0421120767609916,0.07602338067905326,0.045990820673188194,0.28716249770265645,4.862744302302659,0.18789743723226646,0.04948169019416513,11.038880547166034,0.4168541493064997,2.6799042065094185,0.43408685440211603,0.2301449621933665,0.10666545758540637,1.9192825253276666,1.174366678622126,0.10051487795320889,5.365774290559978,14.481321179867827,1.2414902435307154,1.24631,,,None,1.0,1.0,8.488154913502875,7.808280577131582,26.746815560944054,8.40564579244425,51.15517568551123,8.616175905234345,,,None,1.0,1.0,,,,,,,,,,,,,,,,,,,,,
269514,285023_43914,Anibal Godoy,Panama,MF,0,0,0,0,0,0,0.0,0.0,0,0,0,2,1,0,1,0,0,0,0,8,100,1,0,1,100,1,0,,,,4,1,2,1,1,3,0,1,3,18,2.1,18,4,1239.04,,,,,,,Round of 16,0.0,11.0,530.0,0.0,False,,,None,1.0,1.0,1.23904,2.1,11.0,0.01576119443299538,0.012041552546808469,0.014115095286413339,0.14140943645283452,0.04791403107630595,0.08649743504827864,0.05232716551754465,0.3267260581083424,6.193553989266381,0.3459547153165968,0.18846886054210693,13.881451340138618,0.47428586287769686,3.181295524158215,0.6260626627797905,0.12968310779468595,0.2535310711615119,2.4480497342587526,1.2039941402488652,0.11436322680581444,5.5763596252208885,16.608642335268673,1.411574594284391,1.23904,,,None,1.0,1.0,10.308728402831832,12.505993944896554,32.36140182268867,11.43653739210547,46.120132928947335,10.381108198319042,,,None,1.0,1.0,,,,,,,,,,,,,,,,,,,,,
395581,285023_43914,Cristian Martinez,Panama,MF,0,1,0,1,0,0,0.24,0.0,4,0,11,105,17,5,5,0,0,0,1,78,73,12,17,9,22,1,0,,,,73,28,34,11,30,43,4,37,42,188,6.73,319,147,29553.99,,,,,,,Round of 16,0.0,264.0,1061.0,0.0,False,,,None,1.0,1.0,29.553990000000002,6.73,264.0,0.02202991691446884,0.01683085652265419,0.06406622944175616,0.382390402264258,0.06697094741998529,0.30563817173424856,0.8120912749866108,2.4887931468839266,21.588584245615646,1.9614556823966476,0.2634288509261262,50.807998813881035,2.6950421245742757,23.47460949249715,3.8308752674617357,1.1049520949104674,1.093320298779628,10.626497588975951,6.670786125665559,0.8988010279619602,34.2117853840514,78.82055578712671,7.203849068529363,29.553990000000002,,,None,1.0,1.0,60.300019281125586,72.30307650264966,67.13366390488025,84.14498059567495,64.34429085043587,78.90173593845013,,,None,1.0,1.0,,,,,,,,,,,,,,,,,,,,,
400416,285023_43914,Edgar Yoel Barcenas,Panama,MF,0,2,0,0,2,0,0.05,0.0,3,0,9,74,6,3,3,1,0,0,0,109,88,5,40,3,67,4,100,,,,120,9,66,45,86,34,1,13,49,239,6.75,426,101,30790.0,,,,,,,Round of 16,0.0,272.0,1075.0,0.0,False,,,None,1.0,1.0,30.79,6.75,272.0,0.02186704200982001,0.016706420095502487,0.028751855889898488,0.5629354108154686,0.06647580770985283,0.12000632654989221,0.6227150443276477,1.1867875413276268,27.113509071725414,0.8467210226762438,0.811597693865804,59.7843373558825,2.308372422724639,17.61651666526586,1.78545855812981,0.7300384865118442,0.7184926883306593,11.831537248798616,3.137395719400936,0.3420394117749357,25.523726524184813,97.85862834489016,7.377238302233961,30.79,,,None,1.0,1.0,51.21955680852629,59.796293570618616,70.14681129942115,65.64258530139966,73.13314959185219,75.34087001510655,,,None,1.0,1.0,,,,,,,,,,,,,,,,,,,,,
372342,285023_43914,Ismael Diaz,Panama,MF,2,6,0,4,2,2,0.39,0.0,0,0,3,20,1,0,0,0,0,0,2,15,87,0,0,0,0,0,0,,,,21,8,13,0,13,8,1,11,11,48,4.67,83,37,6159.12,,,,,,,Round of 16,0.0,52.0,689.0,0.0,False,,,None,1.0,1.0,6.15912,4.67,52.0,0.02437403807669676,0.018621765090596324,0.10154256761469306,1.445055470773762,0.4828876094697044,0.9513457883980043,0.08092180641463326,0.30087312601874483,11.00884303515573,0.3306094524723149,0.08706406400996083,27.59895080526579,1.3466493543787785,8.598857312095886,0.9681801240296427,0.20054958529506095,0.18768009319056506,5.420970227656161,3.2926942202338716,0.3812532871427847,15.36865430819901,38.970273701792344,3.1885830398980115,6.15912,,,None,1.0,1.0,74.37331081694335,40.763865729072805,38.72355622390262,34.38596529087604,40.251182126983814,32.08195185347601,,,None,1.0,1.0,,,,,,,,,,,,,,,,,,,,,
411176,285023_43914,Jose Luis Rodriguez,Panama,MF,1,3,0,1,2,0,0.24,0.0,3,0,20,88,12,4,2,0,0,0,0,48,73,16,13,3,33,2,50,,,,76,31,39,6,34,42,9,43,45,154,6.2,305,109,25899.78,,,,,,,Round of 16,0.0,251.0,1043.0,0.0,False,,,None,1.0,1.0,25.89978,6.2,251.0,0.022299577747073612,0.017036877398764236,0.06485044269322629,0.7610697221224577,0.25479001987634153,0.30937938620117766,0.6350325086959976,3.2672548441136806,16.24286376711677,0.8634693831370196,0.45365269876302233,45.071946186078954,4.411024964069694,20.582966163027326,2.942771210585151,0.9314781398038726,0.5457053557029423,11.317570896505787,7.313438894394364,1.8447994678599056,27.52458685352871,77.1673815551215,6.608694246647186,25.89978,,,None,1.0,1.0,61.43838955127018,66.03547282944768,60.16656017828854,84.24113637373353,61.900504936689856,67.68622790255422,,,None,1.0,1.0,,,,,,,,,,,,,,,,,,,,,
505495,285023_43928,Alexandro Maidana,Paraguay,DF,0,0,0,0,0,0,0.0,0.0,0,0,2,30,6,0,0,0,0,0,0,19,68,1,0,0,0,0,0,,,,9,4,3,2,2,7,1,4,8,38,2.91,101,38,8335.08,,,,,,,Round of 16,0.0,69.0,725.0,0.0,False,,,None,1.0,1.0,8.33508,2.91,69.0,0.02507503678821191,0.019157328106193895,0.022456199946051053,0.22497323006383724,0.07622811183616421,0.13761180189370695,0.08324912213686353,0.5197999403892355,12.166552727630748,0.3401177989953063,0.08956803140749293,26.289961326213557,1.1751053795819684,10.948897796734384,2.0473934704486942,0.20631740269340756,0.1930777832692317,4.946056578705196,2.5462975468477533,0.3922181532108133,16.020931360263557,43.87598732711094,3.7378339985764906,8.33508,,,None,1.0,1.0,49.880922067302826,50.149273773362154,29.593005983081845,37.829363694523074,28.057684842881596,29.418083953475183,,,None,1.0,1.0,,,,,,,,,,,,,,,,,,,,,
369744,285023_43928,Gustavo Gomez,Paraguay,DF,0,2,0,2,0,2,0.07,0.0,0,0,9,31,10,3,2,0,0,0,1,91,88,0,0,0,0,0,0,,,,9,2,1,6,6,3,1,3,7,188,5.32,342,109,49082.71,,,,,,,Round of 16,0.0,554.0,1290.0,0.0,False,,,None,1.0,1.0,49.08271,5.32,554.0,0.016665306009583415,0.012732293791321729,0.024707390145594695,0.4290242311080445,0.05066253026913359,0.37096230497065585,0.05532881595181695,0.20571653738229764,18.14821456552683,0.22604821071398945,0.05952847306623196,38.43549892881174,1.7592563635956635,7.416579650451584,1.9197395570666165,0.5563767962319455,0.4078259618638544,3.147483760996633,1.4128105754657727,0.2606750132005683,20.57015015728757,62.840869288696766,8.178774116919836,49.08271,,,None,1.0,1.0,31.075759298100063,24.657237341244585,37.712884916380915,42.29623902742484,44.41283680241309,63.25955129767553,,,None,1.0,1.0,,,,,,,,,,,,,,,,,,,,,
486875,285023_43928,Gustavo Velazquez,Paraguay,DF,0,0,0,0,0,0,0.0,0.0,0,0,3,24,3,2,0,0,0,0,0,80,71,4,0,6,17,3,100,,,,20,2,3,15,6,14,0,5,11,177,5.35,197,66,25381.16,,,,,,,Round of 16,0.0,293.0,1100.0,0.0,False,,,None,1.0,1.0,25.38116,5.35,293.0,0.0214510815544876,0.016388626307628523,0.019210730596936912,0.1924591037068627,0.0652112879256423,0.11772353557102795,0.07121759076089883,0.9843281627442784,21.381112893363866,1.3702664882585949,0.6162752723393923,47.494296242391606,1.1851579551644034,8.287210637666227,1.2118431006181858,0.5362675050481656,0.1651733279695545,4.770882612556453,1.8185273560492163,0.155649047759362,18.742267577228976,54.80369984610613,6.263942801151646,25.38116,,,None,1.0,1.0,29.14188184097673,47.747072932867184,48.275176122113685,31.192724326416794,32.87432170971105,44.0618393631276,,,None,1.0,1.0,,,,,,,,,,,,,,,,,,,,,
520066,285023_43928,Jose Canale,Paraguay,DF,0,0,0,0,0,0,0.0,0.0,0,0,2,17,4,1,2,0,0,0,0,27,67,1,0,1,0,0,0,,,,14,2,2,10,4,10,0,1,12,62,4.87,123,37,17328.15,,,,,,,Round of 16,0.0,198.0,979.0,0.0,False,,,None,1.0,1.0,17.32815,4.87,198.0,0.023450616537088336,0.017916271034335483,0.021001434145954824,0.2103989315707565,0.07128987427274855,0.1286969835555408,0.07785604690313327,0.4861260695657218,12.951587908501589,0.5147358217409695,0.08376560227047952,29.30647520381278,1.098979270897869,7.68313070729437,1.5214551559338136,0.3896033318990662,0.573873065399387,5.412245959316406,1.988039045051962,0.17015767359311293,14.786405836348337,45.359933485404355,5.2641903976943585,17.32815,,,None,1.0,1.0,32.963761489841225,39.28589139239927,28.535921232193896,30.719214991011405,27.56278005294441,31.693823526752425,,,None,1.0,1.0,,,,,,,,,,,,,,,,,,,,,
479601,285023_43928,Juan Jose Caceres,Paraguay,DF,1,2,0,1,1,0,0.07,0.0,0,0,17,154,41,9,6,1,0,0,0,129,62,9,11,13,31,2,50,,,,55,19,17,19,8,47,0,15,66,270,5.99,521,193,48658.8,178.0,32.0,175.0,4.791272640228272,6.5837178230285645,5.736011028289795,Round of 16,0.0,488.0,1281.0,0.0,True,155.35000000000002,5.296324014663696,C,1.0,1.0,48.6588,5.99,488.0,0.018344092446549182,0.014014886629163574,0.027196299226855715,0.4722421630139859,0.20959552382928284,0.25450186213843523,0.06090238692254328,1.610904822286163,25.821902750250423,2.2486025462380463,0.3731840638026203,54.92133226853082,3.167111637361705,27.08471822720084,6.8818392753677715,1.5354005377761664,1.0642264085890687,12.540486313469666,4.170231835778825,0.13310473479216087,35.563969225744096,96.7066474534772,8.937456426461734,48.6588,155.35000000000002,5.296324014663696,C,1.0,1.0,48.94015856196897,56.08758280278307,63.31802403778746,91.11093251725173,61.69675367618468,94.22360280501091,155.35000000000002,5.296324014663696,C,1.0,1.0,,,,,,,,,,,,,,,,,,,,,
369749,285023_43928,Junior Alonso,Paraguay,DF,1,3,0,1,2,0,0.2,0.0,0,0,31,140,16,3,3,1,0,0,1,116,59,1,0,7,29,2,100,,,,21,2,6,13,2,19,1,8,48,233,5.96,457,123,43140.24,,,,,,,Round of 16,0.0,456.0,1275.0,0.0,False,,,None,1.0,1.0,43.14024,5.96,456.0,0.018771714329422207,0.014341589747678563,0.04829428145974963,0.6406660955869603,0.2144814364359049,0.2604345931143304,0.06232209157368173,0.3891334665568491,24.37744046425231,1.3565275072855123,0.3818834133336189,50.3772409396472,5.444756598709276,25.51227819679942,3.1068772382181566,0.62669994012587,0.6167884749599353,9.999341817949059,1.5913825110069504,0.2936229840487489,25.373926490699507,88.88640338537512,8.27709234296033,43.14024,,,None,1.0,1.0,48.82120501818964,47.82563278792847,55.51086703252614,90.7476773556971,51.829179301077424,78.87504279059895,,,None,1.0,1.0,,,,,,,,,,,,,,,,,,,,,
431202,285023_43928,Omar Alderete,Paraguay,DF,0,1,0,0,1,0,0.01,0.0,0,0,6,9,3,2,3,0,0,0,0,97,72,0,0,3,33,2,50,,,,18,2,2,14,6,12,0,1,17,216,4.35,271,94,33031.77,,,,,,,Round of 16,0.0,363.0,1201.0,0.0,False,,,None,1.0,1.0,33.031769999999995,4.35,363.0,0.020186883110961246,0.015422778696774393,0.019771392196797414,0.35039943106604066,0.0613681246573222,0.11078561451295534,0.06702045192839134,0.24918688512170564,22.998844152733756,0.7816630299005675,0.4106729780613463,51.29729241092585,1.623159981342024,5.259571273262287,1.1404243165485706,0.5046631058259818,0.6632871473378907,5.505411621761598,1.7113542306668013,0.14647602385313482,22.377626469799107,64.100818538079,7.18989951665614,33.031769999999995,,,None,1.0,1.0,25.852789654026388,28.675350824827074,43.9749790805785,32.3682092106882,32.5688160809301,59.613267301208275,,,None,1.0,1.0,,,,,,,,,,,,,,,,,,,,,
386458,285023_43928,Alejandro Romero Gamarra,Paraguay,FW,0,0,0,0,0,0,0.0,0.0,0,0,3,13,5,1,1,0,0,0,0,10,60,0,0,0,0,1,100,,,,6,0,1,5,5,1,0,0,9,24,1.41,35,11,2181.02,,,,,,,Round of 16,0.0,18.0,565.0,0.0,False,,,None,1.0,1.0,2.18102,1.41,18.0,0.018855005128733445,0.01440522391835235,0.016885788393088522,0.16916710601499646,0.05731921559134968,0.10347626814648916,0.06259861702739504,0.2327461833090856,7.72553248141533,0.25574928956614046,0.22546396132825483,17.554965095110695,1.041726463359104,5.545013988294403,1.381409855756086,0.31325286520763773,0.3032974224996665,3.8772678346522307,1.2822157687743894,0.13681191721408986,7.777756655620781,22.556737055638308,1.8375967923924954,2.18102,,,None,1.0,1.0,7.548685685400501,5.316880141142205,8.260370426342892,19.76868718545894,13.008821675846342,7.614229745957586,,,None,1.0,1.0,20.83799925345277,23.569298562175923,13.71574096531652,28.545689636899336,13.927556904770613,30.446416793864355,E,E,F,E,E,D,19.296128959852894,E,37.20208945478289,53.23099777172566,,,None,1.0,22.06629116003985
485802,285023_43928,Alex Arce,Paraguay,FW,0,0,0,0,0,0,0.0,0.0,0,0,1,32,4,1,0,1,0,0,0,10,70,0,0,0,0,0,0,,,,11,6,2,3,7,4,0,8,10,22,2.85,122,46,7712.6,,,,,,,Round of 16,0.0,64.0,714.0,0.0,False,,,None,1.0,1.0,7.7126,2.85,64.0,0.024933510207275005,0.019049201798358104,0.022329454401227203,0.2237034535796714,0.07579787103011604,0.13683510401752527,0.08277925388815302,0.3077792499986027,10.216101330487572,0.3381981324514782,0.08906249846038633,22.796187549187213,0.9593860649754818,11.305274627261989,1.6176639791278182,0.4142397978036209,0.19198802859601755,5.336314180801366,2.9500996830445025,0.18091755006398744,17.603202266617355,48.019170269188635,3.586584806904242,7.7126,,,None,1.0,1.0,45.101984175697254,41.902006627836066,27.897767349610504,32.18944383298706,29.765185535074963,29.207504887833153,,,None,1.0,1.0,39.455020530048536,42.48703679082223,27.057967499393648,46.30858257201603,37.8954683442449,33.49916143742816,C,C,E,C,C,D,35.893828721128955,C,41.57414750198256,53.23590814196242,,,None,1.0,40.203600672933234
369768,285023_43928,Antonio Sanabria,Paraguay,FW,0,0,0,0,0,0,0.0,0.0,0,0,4,38,2,1,2,0,0,0,0,10,70,0,0,0,0,0,0,,,,5,3,2,0,4,1,2,12,9,26,2.48,113,45,9967.8,,,,,,,Round of 16,0.0,95.0,787.0,0.0,False,,,None,1.0,1.0,9.967799999999999,2.48,95.0,0.025287403126901156,0.019319575988952484,0.022646386744327594,0.22687858085455717,0.07687370550577952,0.13877726836043355,0.08395417838131185,0.3121477041984679,10.3611032133748,0.3429983360132872,0.09032660396929092,23.967962625968624,1.6091667076918137,12.738062913074339,1.2165151507831264,0.42011929612741866,0.6188220904756909,5.200000429403446,2.355808191839614,0.6075944834873467,17.640998169388784,46.79223782215959,4.115716280836015,9.967799999999999,,,None,1.0,1.0,58.26730723895306,53.996842147247634,33.40334417621035,46.70833100486972,35.20356699230535,34.801934258369826,,,None,1.0,1.0,26.24113475177305,28.96351307717146,28.55687606112054,34.4171948195095,35.40836106945612,45.67245180620725,D,D,E,E,D,C,25.562073679873798,E,37.93371310201968,47.7959927140255,,,None,1.0,28.913467600889135
463127,285023_43928,Gabriel Avalos,Paraguay,FW,0,1,0,1,0,0,0.05,0.0,0,0,5,46,5,1,2,0,0,0,0,23,52,0,0,4,25,0,0,,,,25,24,1,0,17,8,1,20,26,52,5.35,185,69,18764.8,,,,,,,Round of 16,0.0,170.0,933.0,0.0,False,,,None,1.0,1.0,18.7648,5.35,170.0,0.024069400342178325,0.018389021861424236,0.031647624296135,0.41779130238389967,0.0731709770402221,0.33393351159175044,0.07991040913603202,0.29711267782384915,12.485974683726845,1.13383991629681,0.08597589802226097,28.061369225240544,1.7334996076662093,13.739241615765913,1.763441941691879,0.399883668529319,0.5890156676625248,8.38082613150007,6.4809909212025145,0.3764882113967217,21.63547048704346,59.07095115959382,5.693069239714498,18.7648,,,None,1.0,1.0,50.66958470137073,52.583272699591745,42.94421852282175,52.6486212938217,40.42864283627359,47.028213928513374,,,None,1.0,1.0,20.044792833146698,23.11344944823264,38.971622604899345,16.929859889352862,51.39168282067224,50.34578928524318,E,E,D,F,C,C,21.046360560152543,E,58.68963395878192,65.82197614991483,,,None,1.0,23.978874994574817
489417,285023_43928,Isidro Pitta,Paraguay,FW,0,0,0,0,0,0,0.0,0.0,0,0,2,26,3,2,0,0,0,0,2,4,75,1,0,1,0,0,0,,,,5,5,0,0,3,2,0,5,8,15,1.31,77,23,6037.06,,,,,,,Round of 16,0.0,55.0,694.0,0.0,False,,,None,1.0,1.0,6.03706,1.31,55.0,0.024548643572659727,0.018755163689512033,0.02198478323793114,0.22025043013390308,0.07462787646088558,0.1347229559267566,0.0815014966612303,0.508887926007109,8.82325165186885,0.5388372711657538,0.08768775484154055,21.00329573637145,1.150436721880871,9.895612776680409,1.386834704231457,0.6137051788082387,0.18902455550947994,4.842225399961259,2.6987033062461383,0.178124957763219,12.596716394742542,38.014283755300134,3.186297518971581,6.03706,,,None,1.0,1.0,41.26077006159961,47.34815149365141,28.6840836958514,30.10219506470633,31.913230648130703,25.73802804056712,,,None,1.0,1.0,44.662187383352,47.88125130581778,26.601988843075432,59.21741526591347,20.54058008119674,33.68760246480864,C,C,E,B,E,D,40.05994365911045,C,39.89239724819192,60.30500112132764,,,None,1.0,44.7561662201636
441234,285023_43928,Julio Enciso,Paraguay,FW,1,8,13,6,2,1,0.74,1.36,2,0,20,209,17,3,10,0,0,0,0,68,81,7,43,3,33,2,50,,,,90,38,41,11,43,47,5,50,81,201,6.43,538,237,46088.56,21.0,333.0,17.0,6.3416924476623535,4.761114120483398,6.978664875030518,Round of 16,1.0,431.0,54.0,2.0,True,66.8,6.263848805427552,B,1.1,1.1,46.08856,6.43,431.0,0.1795086319019061,0.33537802214649615,0.13581156595062419,1.454659138460323,0.21852485599650548,1.0672594841876941,0.3842630558650236,1.358767629961156,17.1386202068879,0.7405687345955946,0.38908270707670933,46.19469931200439,3.783188193706111,37.05966670958878,3.325831344597196,0.6385145327481524,1.751097438912405,15.48049018473424,7.395172516063785,0.9406905132141463,44.1359432206127,103.55312187454318,8.905993187260439,46.08856,66.8,6.263848805427552,B,1.1,1.1,91.86728970812712,91.69384052840158,79.83765845416767,101.90261508993399,84.29045721520377,107.56291560118991,66.8,6.263848805427552,B,1.1,1.1,75.55057857409481,86.64153165302285,82.75479020130975,101.52447167051743,108.47116052814458,107.32602182147099,A,A,A,S,S+,S+,76.10119614967476,A,47.389003910743035,43.45287739783152,51.0,6.374726343154907,BL-A,1.2,100.96874490765295
494531,285023_43928,Orlando Gill,Paraguay,GK,0,0,0,0,0,0,0.0,0.0,0,0,1,0,0,0,3,0,0,0,0,159,43,0,0,10,0,1,100,28.0,141.0,124.0,16,0,0,16,12,4,0,0,7,238,3.4,49,5,31439.42,,,,,,,Round of 16,0.0,554.0,1290.0,0.0,False,,,None,1.0,1.0,31.43942,3.4,554.0,,,,,,,,,,,,,,,,,,,,,,,,,,,,,,,,,,,,,,,,,,,,,,,,,,,,,,,,,,,,,
385306,285023_43928,Andres Cubas,Paraguay,MF,0,1,0,0,1,0,0.02,0.0,0,0,43,231,57,14,3,1,0,0,0,117,83,0,0,1,0,1,100,,,,57,0,20,37,48,9,0,7,56,285,6.6,756,205,60748.96,297.0,23.0,347.0,4.488586902618408,6.787336826324463,4.711148262023926,Round of 16,0.0,554.0,1290.0,0.0,True,268.4,4.8890397310256954,C,1.0,1.0,60.74896,6.6,554.0,0.016665306009583415,0.012732293791321729,0.01771981250584314,0.28927267831301345,0.05066253026913359,0.0914591993805938,0.05532881595181695,0.20571653738229764,21.78175493819764,0.36579976350902044,0.19928002586126303,51.991399549929746,6.51080915862672,35.36689020945779,8.488062538433077,2.093643876977287,0.5475775146588855,9.995309847953154,1.1333074698757106,0.12092346040553725,33.98629922561055,120.6980121458396,9.809150669714867,60.74896,268.4,4.8890397310256954,C,1.0,1.0,34.699182542596425,36.34018372158486,52.50982254656179,96.2071887543562,66.29848954490602,96.07076863631056,268.4,4.8890397310256954,C,1.0,1.0,,,,,,,,,,,,,,,,,,,,,
406205,285023_43928,Braian Ojeda,Paraguay,MF,0,0,0,0,0,0,0.0,0.0,0,0,1,4,1,0,0,0,0,0,0,7,86,0,0,0,0,0,0,,,,4,1,2,1,0,4,0,1,2,16,1.14,31,13,2756.42,,,,,,,Round of 16,0.0,28.0,609.0,0.0,False,,,None,1.0,1.0,2.75642,1.14,28.0,0.021523414337568627,0.01644388855390243,0.019275508944152957,0.19310807343666572,0.06543117958620864,0.11812049788457664,0.07145773560072785,0.26568502658294707,8.277398158246719,0.2919435920747808,0.07688163601379513,18.59546471070507,0.8281731539000019,4.705343616898047,0.8549482813359369,0.17709465316951464,0.16573029039927845,3.1625548431430563,1.6441688382659039,0.15617389443339794,9.239466081250255,25.027062685171543,2.201512528338417,2.75642,,,None,1.0,1.0,21.21649612433016,19.620838799776436,21.629455444573743,14.47405581226468,28.380198969742793,14.176270684721532,,,None,1.0,1.0,,,,,,,,,,,,,,,,,,,,,
476348,285023_43928,Damian Bobadilla,Paraguay,MF,0,0,0,0,0,0,0.0,0.0,0,1,5,95,22,1,1,0,0,0,0,32,75,1,100,1,0,1,100,,,,26,4,10,12,18,8,1,4,13,72,6.04,336,98,25835.61,,,,,,,Round of 16,0.0,216.0,1013.0,0.0,False,,,None,1.0,1.0,25.83561,6.04,216.0,0.02305258366583865,0.01761217392070073,0.02064497182777846,0.20682778064990437,0.07007985434414951,0.12651257915812256,0.07653457777058432,0.4778749365964651,13.698326757100125,0.5059990886687883,0.2756576726797284,30.742187894085124,1.6602675667991806,22.631202927612602,4.9752803259104805,0.3829905022278732,0.3708187380523104,5.513696470009808,2.3409232749131026,0.36058339090467806,26.32757713970606,85.76587732084565,6.819449840482916,25.83561,,,None,1.0,1.0,39.74100312983178,47.490180190184894,41.274842608632774,68.4715887721272,39.999619326037894,69.75132485507551,,,None,1.0,1.0,,,,,,,,,,,,,,,,,,,,,
463128,285023_43928,Diego Gomez,Paraguay,MF,0,6,0,2,4,0,0.25,0.0,1,0,23,147,37,5,1,2,0,0,0,101,79,2,0,4,25,2,100,,,,84,10,43,31,58,26,0,21,63,247,6.73,492,179,37311.9,,,,,,,Round of 16,0.0,332.0,1186.0,0.0,False,,,None,1.0,1.0,37.3119,6.73,332.0,0.02072386472174022,0.015833032647409526,0.062005895353512155,1.228648859802905,0.06300054875409028,0.46130401809939425,0.24258895512941953,0.6033868346316451,24.305768289639254,0.9762413980986523,0.42159709329254,58.049184573559,4.620694195031172,29.381908557008476,7.079474822290404,1.0394445801966885,0.3333594826106417,13.646001755594838,3.147162939069642,0.150372362420947,37.74466955711484,104.21257877613542,8.124980082632737,37.3119,,,None,1.0,1.0,54.324395275580706,55.580723610407865,65.41323687276054,91.20708829531031,66.79909535246779,93.21994044580761,,,None,1.0,1.0,,,,,,,,,,,,,,,,,,,,,
485804,285023_43928,Gustavo Caballero,Paraguay,MF,1,1,0,1,0,1,0.07,0.0,0,0,2,36,8,2,2,0,0,0,1,8,63,0,0,1,0,0,0,,,,13,9,3,1,8,5,1,11,11,27,2.52,169,57,12413.4,,,,,,,Round of 16,0.0,117.0,846.0,0.0,False,,,None,1.0,1.0,12.4134,2.52,117.0,0.025080531933992317,0.01916152639757013,0.03718350489309047,0.43534229985869777,0.2865645844262553,0.34796172660066854,0.0832673660208545,0.3095940861932011,9.85570156329703,0.5505121024995905,0.08958766006822054,23.98220527953893,1.1753629016515343,12.2132158305769,2.468481687458933,0.6270021514467261,0.6137596305855783,5.578099799472281,3.598454399761482,0.39230410705996693,20.020517895954747,58.18734684440394,4.596404451229136,12.4134,,,None,1.0,1.0,65.5432999488517,51.927075839432455,36.6358813303025,46.80732821160795,38.41301625650107,40.08241556006127,,,None,1.0,1.0,,,,,,,,,,,,,,,,,,,,,
424422,285023_43928,Matias Galarza,Paraguay,MF,1,2,50,0,2,0,0.07,13.75,0,0,42,197,61,10,9,2,0,0,0,113,73,4,25,6,33,0,0,,,,87,24,47,16,35,52,3,35,80,280,5.32,560,237,48496.58,51.0,77.0,130.0,5.832286357879639,6.160738468170166,5.908360958099365,Round of 16,1.0,439.0,77.0,1.0,True,74.64999999999999,5.900572824478149,B,1.1,1.1,48.49658,5.32,439.0,0.17842718070329444,0.1739407315625875,0.02818411007551039,0.48939471483459246,0.21720835124160873,0.10432895289915142,0.06311445401333506,0.8723313144659692,24.209124585900796,1.2143575812549672,0.06790506919747975,58.510326410044726,7.267566011709813,34.92339881316616,10.320134178367354,1.7505854177222124,1.5811311353003321,15.227811043951787,5.118784997843764,0.6161897096643273,43.87004587522003,106.43643492356402,9.236217809509304,48.49658,74.64999999999999,5.900572824478149,B,1.1,1.1,75.64439508111235,84.5109048219858,80.98917905751857,110.00000000000001,82.08060045166916,108.584729300932,74.64999999999999,5.900572824478149,B,1.1,1.1,,,,,,,,,,,,,,,,,,,,,
495046,285023_43928,Mauricio,Paraguay,MF,3,4,25,2,2,0,0.32,3.12,5,0,10,75,4,3,3,0,0,0,0,69,78,12,17,4,25,1,100,,,,72,16,34,22,43,29,2,21,48,173,5.19,321,110,22291.21,,,,,,,Round of 16,1.0,208.0,115.0,0.0,False,,,None,1.0,1.0,22.29121,5.19,208.0,0.2180217536964142,0.017746917066205896,0.08313661509204819,0.9875813494102326,0.6549944190508242,0.5170660816427318,1.0510841340956496,2.624251802826571,21.010460518532565,1.094248683399784,0.27776661062610214,50.65145638310128,2.6469335810665098,18.908488405910933,1.5070735657304266,0.7755062066679396,0.7632413215750643,12.37362754631236,4.696346324994685,0.5581348635446324,28.866511731658516,83.50014298252826,6.181198892758497,22.29121,,,None,1.0,1.0,83.92321727626631,69.047752981733,66.15525333503733,68.8795919837302,65.8514281167343,68.99071250477289,,,None,1.0,1.0,,,,,,,,,,,,,,,,,,,,,
369761,285023_43928,Miguel Almiron,Paraguay,MF,0,4,0,1,3,0,0.11,0.0,2,0,17,123,21,2,7,1,1,0,0,67,73,4,0,6,67,0,0,,,,82,13,53,16,32,50,2,26,54,183,6.51,357,129,33177.48,,,,,,,Round of 16,0.0,306.0,1134.0,0.0,False,,,None,1.0,1.0,33.17748,6.51,306.0,0.021202139377453834,0.01619843448437473,0.03854539515648049,0.9014113114257138,0.06445450370745967,0.29415377013626615,0.42598396119874576,0.9729049254064882,18.821629130364713,1.354364393912581,0.07573404185626509,48.0098982501531,3.6605540751039327,25.792883134498478,4.398115253420683,0.5300440612632891,1.407831477835991,12.360762448498074,3.753183866250765,0.5094355817884041,29.725936528054504,82.6151255174198,7.577406908401976,33.17748,,,None,1.0,1.0,52.388401941882194,58.51860060111916,61.08787826778589,92.56395316347017,58.24497320464893,78.96579949329288,,,None,1.0,1.0,,,,,,,,,,,,,,,,,,,,,
463125,285023_43928,Ramon Sosa,Paraguay,MF,0,0,0,0,0,0,0.0,0.0,0,0,0,12,1,0,1,0,0,0,0,3,100,0,0,0,0,0,0,,,,5,1,3,1,4,1,0,0,0,9,1.41,36,16,2289.64,,,,,,,Round of 16,0.0,19.0,573.0,0.0,False,,,None,1.0,1.0,2.28964,1.41,19.0,0.019193954472927467,0.014664181217316585,0.01718933786777492,0.17220815953110524,0.058349621597699505,0.10533642214742593,0.0637239288501192,0.23693017401381666,6.737717818479972,0.2603467984707882,0.06856080537729692,15.456200554687465,0.5775844779993333,5.483738384854674,0.7624179942504086,0.1579278574032472,0.3087496863282951,2.498361890014131,1.466221916863713,0.13927133365556169,8.722355649687808,23.1231872809894,1.8881136460747963,2.28964,,,None,1.0,1.0,13.04784721765456,11.283858838569873,29.945407322576212,13.947601231524878,47.17841927214712,13.074642778101483,,,None,1.0,1.0,,,,,,,,,,,,,,,,,,,,,
403002,285023_43963,Diogo Dalot,Portugal,DF,0,1,0,0,1,0,0.04,0.0,0,0,2,12,2,0,1,0,0,0,0,29,93,1,0,1,0,0,0,,,,21,5,6,10,5,16,0,4,20,63,1.46,53,20,4952.68,,,,,,,Round of 16,0.0,50.0,682.0,0.0,False,,,None,1.0,1.0,4.95268,1.46,50.0,0.02424214945122872,0.018521002180738738,0.02984187048868965,0.42078984303010564,0.07369613433173532,0.1330409161883432,0.08048393617807935,0.5025343709796488,13.795323761025374,0.532109793310148,0.086592957839789,30.498951255993045,1.1360733175937376,6.926014421081979,1.1662305515110662,0.19946440568470986,0.38995382892814273,7.221240704243367,2.6650095220497656,0.17590103641811555,11.82957634632414,32.66072607830124,2.926073208049213,4.95268,,,None,1.0,1.0,45.63592887620461,45.041558962409184,48.15011097505686,32.87380502544607,57.48852849198002,29.41693085185809,,,None,1.0,1.0,,,,,,,,,,,,,,,,,,,,,
368649,285023_43963,Joao Cancelo,Portugal,DF,0,2,0,0,2,0,0.04,0.0,1,0,10,49,10,5,2,0,0,0,1,155,88,12,33,9,56,4,75,,,,92,37,27,28,34,58,7,36,53,349,6.48,320,118,28676.34,148.0,30.0,118.0,4.907160758972168,6.628729820251465,5.955078125,Round of 16,0.0,266.0,219.0,1.0,True,122.8,5.42737545967102,B,1.1,1.1,28.67634,6.48,266.0,0.021988974627299058,0.20119423140098036,0.027068232308652896,0.5660743899275749,0.06684648286698916,0.12067549275461725,0.25739805054835674,2.4841677602280656,35.7468505874329,1.9578103449161992,0.8161232365116077,80.40111229142344,2.505638772341922,13.104881596723962,2.532993056778282,1.102898557162036,0.5381044142016504,12.635089597031119,8.31794045762663,1.450314583395749,28.80075827885421,78.85846356034827,7.028626848750706,28.67634,122.8,5.42737545967102,B,1.1,1.1,65.23641009855687,104.67382063945603,95.20330526286384,75.39894033873568,88.03335889479739,80.71761159576782,122.8,5.42737545967102,B,1.1,1.1,,,,,,,,,,,,,,,,,,,,,
395212,285023_43963,Nelson Semedo,Portugal,DF,0,0,0,0,0,0,0.0,0.0,0,0,4,12,2,1,1,1,0,0,0,73,93,4,0,3,0,0,0,,,,42,17,19,6,25,17,3,6,18,158,4.92,162,66,12693.36,,,,,,,Round of 16,0.0,120.0,851.0,0.0,False,,,None,1.0,1.0,12.69336,4.92,120.0,0.025037184293568028,0.01912840880028597,0.022422300765947777,0.2246336174818923,0.0761130402524468,0.13740406740310132,0.08312345185464584,1.1488840575883217,23.485824716551228,0.9694731587593453,0.08943282229662497,51.445026459378056,1.5932440044305674,7.153156935584776,1.2044777343575066,0.4159622160346072,0.40274258272760344,7.03815280239632,5.271885163041003,0.8115386002355182,21.875522043888648,56.61708558673124,4.64723966559176,12.69336,,,None,1.0,1.0,52.237235674129366,68.70490216702922,70.70519970246406,45.93552939082969,63.94217408863987,48.49735669620451,,,None,1.0,1.0,,,,,,,,,,,,,,,,,,,,,
433195,285023_43963,Nuno Mendes,Portugal,DF,1,2,50,0,2,0,0.11,9.02,5,0,6,64,13,3,11,0,0,0,1,251,85,18,33,15,53,1,100,,,,105,36,48,21,33,72,8,50,68,554,5.23,334,141,33707.66,112.0,64.0,70.0,5.237975120544434,6.270987510681152,6.257235050201416,Round of 16,1.0,386.0,154.0,0.0,True,94.3,5.647741961479187,B,1.1,1.1,33.707660000000004,5.23,386.0,0.18593927140239813,0.015135410907317093,0.0360158504725256,0.5099990727076952,0.2263531958146061,0.10872138096774375,0.8964143016137018,3.234857298735594,48.15410663390805,2.7606408379693397,0.23689251335739758,106.4929272394143,1.5929161514236605,14.298640162123503,2.7804603900067857,0.6613884008871078,1.9799565194654551,13.875385748088807,7.327836925823738,1.4727749752570858,29.768711821724615,73.37254514832733,7.168216986286541,33.707660000000004,94.3,5.647741961479187,B,1.1,1.1,73.87725719450847,76.78284973687256,97.47243272889055,72.13070034759933,79.26227234052585,80.48388569407689,94.3,5.647741961479187,B,1.1,1.1,,,,,,,,,,,,,,,,,,,,,
489704,285023_43963,Renato Veiga,Portugal,DF,0,2,0,2,0,2,0.28,0.0,0,0,6,33,8,4,3,1,0,0,0,275,96,0,0,4,50,0,0,,,,36,2,0,34,9,27,0,2,21,581,5.79,398,111,39962.18,320.0,41.0,342.0,4.400928974151611,6.451122283935547,4.811850547790527,Round of 16,0.0,413.0,1251.0,0.0,True,283.65,4.811188364028931,C,1.0,1.0,39.962180000000004,5.79,413.0,0.01939193731331837,0.014815440107375233,0.06289925693753916,0.49921741555526217,0.05895148943248784,0.43165590595566095,0.064381231880217,0.23937407419560192,51.03889813618828,0.9134981456781898,0.06926800008317321,108.63225384700056,1.5592410395728857,8.955248363123257,1.9085975635708234,0.8100227681743231,0.6371673482828061,5.939078145242555,1.643962259035072,0.1407078971454381,24.260890789862763,82.22886425501311,8.033764996965738,39.962180000000004,283.65,4.811188364028931,C,1.0,1.0,46.114473071825344,42.378095780812714,83.75561592687542,49.779292387679014,72.08360638492336,74.16103288008567,283.65,4.811188364028931,C,1.0,1.0,,,,,,,,,,,,,,,,,,,,,
384752,285023_43963,Ruben Dias,Portugal,DF,0,0,0,0,0,0,0.0,0.0,0,0,10,17,5,5,3,1,0,0,0,201,96,0,0,4,25,0,0,,,,23,0,1,22,14,9,0,0,33,413,4.64,313,83,32274.28,349.0,11.0,253.0,4.194595813751221,7.083716869354248,5.368853092193604,Round of 16,0.0,313.0,1168.0,0.0,True,274.29999999999995,4.921528291702271,C,1.0,1.0,32.27428,4.64,313.0,0.02107081239907093,0.016098100672890185,0.01887017675211195,0.18904732884446437,0.06405526969317563,0.11563661844610125,0.06995509716491548,0.2600981082541315,42.38219728690618,0.9925851008844118,0.07526494188948135,88.35240742757023,2.401014390471377,6.903434948710362,1.5437507292165538,1.0568463962988228,0.6923307066004064,8.57360118751583,1.4328995263864193,0.15288981476765862,21.41383586012229,74.32881720102093,7.370881058864234,32.27428,274.29999999999995,4.921528291702271,C,1.0,1.0,38.829735399345836,44.45410034078668,82.06904368971553,50.37654801952356,83.94568707197448,63.74002795899625,274.29999999999995,4.921528291702271,C,1.0,1.0,,,,,,,,,,,,,,,,,,,,,
491216,285023_43963,Samu Costa,Portugal,DF,0,0,0,0,0,0,0.0,0.0,0,0,2,10,1,0,0,0,0,0,0,11,100,0,0,0,0,0,0,,,,3,0,2,1,3,0,0,1,1,23,1.65,33,7,2859.94,,,,,,,Round of 16,0.0,26.0,602.0,0.0,False,,,None,1.0,1.0,2.85994,1.65,26.0,0.021098075521278084,0.016118929698256457,0.018894592513835795,0.189291933576907,0.06413814958468537,0.11578623846077414,0.07004561073064323,0.2604346442346566,8.821517960034338,0.2861742963706159,0.07536232576200533,19.46645350660943,0.9887308343067223,5.673900761476088,0.838053067394981,0.17359496538907607,0.16245518151384125,2.9231336750118517,1.4347535277489951,0.15308763598239378,7.995336076465996,24.88633343880933,2.1763220922631397,2.85994,,,None,1.0,1.0,19.387993579389814,17.804798503204907,33.17347652906619,18.908990298573055,48.80948946089316,16.54370228011937,,,None,1.0,1.0,,,,,,,,,,,,,,,,,,,,,
492358,285023_43963,Tomas Araujo,Portugal,DF,0,0,0,0,0,0,0.0,0.0,0,0,1,4,1,1,0,1,0,0,0,102,96,0,0,0,0,2,50,,,,11,1,0,10,5,6,0,0,9,215,1.52,113,39,10213.3,,,,,,,Round of 16,0.0,100.0,810.0,0.0,False,,,None,1.0,1.0,10.213299999999998,1.52,100.0,0.02526158271000231,0.019299849190441764,0.022623263011769666,0.22664692007414075,0.07679521143840704,0.1386355659124927,0.08386845459720768,0.31182897697226847,29.839621457150052,0.3426481078784713,0.5139104112821937,63.98087503712004,0.9720095658304224,5.522563710989678,1.003434974721665,0.4196903214589317,0.19451418686701777,5.194690822154035,1.92972668953203,0.18329804414377676,16.351957216625618,46.74445928665182,4.163520046174072,10.213299999999998,,,None,1.0,1.0,52.943798881655916,49.37016148162285,64.64902975696681,34.17321787613414,61.691670901440986,38.2447296095556,,,None,1.0,1.0,,,,,,,,,,,,,,,,,,,,,
201200,285023_43963,Cristiano Ronaldo,Portugal,FW,7,15,20,12,3,0,2.5,1.2,0,0,6,58,5,2,3,0,0,0,5,87,87,1,0,4,25,0,0,,,,168,83,72,13,135,33,6,54,59,206,5.04,256,123,32444.66,39.0,344.0,335.0,5.975358486175537,4.671862602233887,4.926413536071777,Round of 16,3.0,385.0,17.0,0.0,True,158.75,5.51759786605835,C,1.0,1.0,32.44466,5.04,385.0,0.5186141711949146,0.0151476154600207,0.4334122268046962,2.671822594989236,1.2241106161979265,2.1039588468274477,0.0658247163969486,0.4110035371066234,20.925888827622558,0.9339795870989261,0.07082105029213867,48.71945448515465,1.5942006113726848,13.312595079650398,1.452602570170199,0.4956592332813871,0.6514532072971904,12.390211921839072,15.148082489467692,1.1414375922037936,26.799991350621585,60.4632359692208,6.964007615907996,32.44466,158.75,5.51759786605835,C,1.0,1.0,98.03954632351034,54.48112240451709,66.49468891077655,57.26123643755713,66.20944847775444,63.624575010130904,158.75,5.51759786605835,C,1.0,1.0,96.09929078014183,77.09358202434994,77.46786320640312,48.35082066826349,60.66347244065688,53.13371147166161,S,A,A,C,B,C,74.1326245543046,A,77.01141376654296,47.6491697585305,158.3,5.530325412750244,BL-B,1.05,86.08891579590085
485081,285023_43963,Francisco Conceicao,Portugal,FW,0,2,0,2,0,0,0.17,0.0,0,0,6,29,4,1,0,0,0,0,1,66,91,4,25,7,86,0,0,,,,64,32,28,4,16,48,6,48,48,153,4.8,177,75,15699.2,,,,,,,Round of 16,0.0,146.0,896.0,0.0,False,,,None,1.0,1.0,15.699200000000001,4.8,146.0,0.02457415440577828,0.018774653966014604,0.05704010736666021,0.6326261091759533,0.07470542939356598,0.5470097552262219,0.08158619262718388,1.1276369536795483,21.608971404098654,1.7758376158255638,0.08777887953744,49.463251174421,1.975925841920612,10.524116443972202,1.5943492941540895,0.408269540374399,0.18922098892449274,13.09019333440918,8.265489529767517,1.4147504519102592,23.3256235342687,58.661127809729365,5.180718725144696,15.699200000000001,,,None,1.0,1.0,66.68639383544377,78.47558669274886,76.89604111172352,55.945912518990916,73.83473820466565,56.19195590888546,,,None,1.0,1.0,31.65360209033221,35.91521206480655,74.96240601503759,55.46558704453442,53.62276434658572,40.61281022104132,D,D,A,B,C,C,34.209568094726514,D,45.433295818543854,43.23522568636575,,,None,1.0,38.36310730814109
418561,285023_43963,Francisco Trincao,Portugal,FW,0,1,0,1,0,0,0.11,0.0,1,0,2,12,1,0,0,0,0,0,0,16,81,0,0,1,0,0,0,,,,24,6,18,0,19,5,0,8,15,35,1.9,56,32,4066.95,,,,,,,Round of 16,0.0,32.0,622.0,0.0,False,,,None,1.0,1.0,4.066949999999999,1.9,32.0,0.022255088020800135,0.017002887247891302,0.04045965111031232,0.386298872289933,0.0676554675832324,0.3087621456254653,0.2605131147963706,0.2747168065287568,10.238418624943291,0.4884942364814472,0.07949517441029808,22.77350298673177,1.042952553856546,6.3583083209932925,0.884011660787107,0.1831148642351435,0.17136417776016105,5.696204615649141,2.6331923411703775,0.16148291867892575,13.099453611695505,30.543496051060455,2.5209306977011234,4.066949999999999,,,None,1.0,1.0,41.956757681166415,30.902390097608073,27.531356654903593,22.37619849242239,29.11210966832265,21.270916401103037,,,None,1.0,1.0,49.13213885778275,53.06653497692262,31.53043900072763,53.29291815927253,34.51537983248601,34.41818832796276,B,B,D,B,D,D,43.88484401461864,B,38.678579826005176,35.95959595959596,,,None,1.0,48.93586597384166
448081,285023_43963,Goncalo Ramos,Portugal,FW,1,2,50,2,0,2,0.13,7.42,0,0,5,32,3,0,0,0,0,0,0,11,91,0,0,0,0,0,0,,,,12,8,4,0,11,1,1,10,11,31,3.54,101,40,6429.87,,,,,,,Round of 16,1.0,58.0,85.0,0.0,False,,,None,1.0,1.0,6.42987,3.54,58.0,0.2318124231131147,0.018869474160973777,0.049043618458468115,0.6358211470774194,0.2821968829146677,0.5497723931810417,0.08199823850056669,0.30487537832861294,10.326827421143186,0.3350072611511103,0.08822220118193498,24.445134838882453,1.7787909711246757,11.198610299787966,1.3952872952887587,0.20321732119959712,0.19017663748625405,5.493080658063999,3.3364940544796178,0.3863247665045439,16.194432563732065,43.216716055954215,3.2870741324931823,6.42987,,,None,1.0,1.0,77.13600976484206,43.356547656595204,43.66606958709122,43.12512176075168,49.26242578749971,36.403103877537326,,,None,1.0,1.0,70.50205300485257,68.83131683412789,43.373271889400925,57.50047692731627,44.265023225192934,47.85836772382083,A,A,C,B,C,C,59.310066260117345,A,44.39619388211253,27.048431312823634,,,None,1.0,65.7919384535061
418535,285023_43963,Joao Felix,Portugal,FW,1,6,0,4,2,1,0.62,0.0,0,0,13,61,10,1,2,0,0,0,0,38,82,4,0,7,29,0,0,,,,105,41,44,20,74,31,4,36,49,110,3.28,170,57,15531.47,,,,,,,Round of 16,0.0,142.0,885.0,0.0,False,,,None,1.0,1.0,15.531469999999999,3.28,142.0,0.02465303232238703,0.018834916694303688,0.15025387700106138,1.4615961096199188,0.28168006886396696,0.9622352438009015,0.08184806731032493,1.1312564334031872,15.889755884038788,1.7815376846482305,0.08806063145556647,40.73241933104962,3.4294121064961054,17.173411884807347,2.839875926893424,0.40958000055251087,0.6032980500902009,13.338944978802793,10.152633684811933,1.005821804946882,19.679266615990564,57.40227385609151,5.162672116566848,15.531469999999999,,,None,1.0,1.0,79.58259219851007,73.59891663508937,65.53810087043097,78.14058645468394,63.61631599513754,54.75007701396856,,,None,1.0,1.0,51.269130272489726,51.90791847898346,75.94955129759884,45.1215634737266,45.90541677334406,79.34686339909925,B,B,A,C,C,A,47.47834834329328,B,58.11965811965811,49.40597106802093,,,None,1.0,52.8627053059494
418548,285023_43963,Pedro Neto,Portugal,FW,0,0,0,0,0,0,0.0,0.0,0,0,7,61,6,3,2,0,0,0,0,128,89,11,18,10,70,2,50,,,,146,70,61,15,42,104,8,63,61,300,5.94,286,172,28899.48,253.0,203.0,96.0,4.5997090339660645,5.407835483551025,6.126350402832031,Round of 16,0.0,293.0,229.0,1.0,True,206.24999999999997,5.102588343620299,C,1.0,1.0,28.89948,5.94,293.0,0.0214510815544876,0.1962726293165494,0.019210730596936912,0.1924591037068627,0.0652112879256423,0.11772353557102795,0.07121759076089883,2.2435161838067246,30.01554503779207,2.0898025002942786,0.43639126933047145,69.62002861248887,1.904693967200087,14.942918748996304,1.7514951096449485,0.7161515080570865,0.5249413339873963,13.765082763002496,14.050639560655837,1.5947210718307288,37.80997189617459,70.81337611390009,6.896832286617993,28.89948,206.24999999999997,5.102588343620299,C,1.0,1.0,52.6906149375295,90.61956470829574,86.12363733045453,62.47638433381392,78.39567277078925,75.83202393556773,206.24999999999997,5.102588343620299,C,1.0,1.0,4.856289660321016,14.072442021690822,86.4103807906864,80.96530088814463,83.68750228594419,52.13597904535776,F,F,S,S,A,C,19.985865198485268,E,28.147866577972064,50.51071185375308,200.89999999999998,5.13851408958435,BL-C,1.0,22.820007628120635
418550,285023_43963,Rafael Leao,Portugal,FW,1,4,25,3,1,0,0.33,3.07,3,0,4,32,4,1,2,0,0,0,0,73,90,7,57,6,50,2,50,,,,67,18,42,7,8,59,3,37,59,183,5.8,165,68,15989.45,32.0,298.0,37.0,6.121883869171143,4.957186222076416,6.628959655761719,Round of 16,1.0,175.0,57.0,1.0,True,73.14999999999999,6.073948168754577,B,1.1,1.1,15.989450000000001,5.8,175.0,0.2248834916131294,0.21922892517470854,0.08776238526162634,1.0186632220958587,0.2737619472672758,0.7342630227156216,0.6823176835694503,1.7022268270839442,22.475410746580955,1.530534596035621,0.4874321461126892,54.254830202478175,1.5246989982799628,10.863881027645386,1.5545052722180792,0.3980665688034089,0.5863391387304914,14.973217386631335,5.246000053217672,0.7766243509492152,21.336233911709943,54.784059285070725,5.109566592940337,15.989450000000001,73.14999999999999,6.073948168754577,B,1.1,1.1,92.48501995858133,102.25398631505368,83.72512580839063,63.780875634113535,82.1389167114601,63.14780653548762,73.14999999999999,6.073948168754577,B,1.1,1.1,77.31616274729377,85.05365723945376,78.81688091195733,106.29268499480678,49.55049193518891,42.65306122448979,A,A,B,S+,C,C,72.55632297905792,A,43.75342165772473,37.87432498772706,60.099999999999994,6.157536840438842,BL-A,1.2,96.3203083552988
403001,285023_43963,Diogo Costa,Portugal,GK,0,0,0,0,0,0,0.0,0.0,0,0,0,0,0,0,1,0,0,0,0,91,80,0,0,3,33,1,0,15.0,82.0,69.0,13,0,0,13,6,7,0,0,3,152,2.7,28,5,18569.24,,,,,,,Round of 16,0.0,413.0,1251.0,0.0,False,,,None,1.0,1.0,18.56924,2.7,413.0,,,,,,,,,,,,,,,,,,,,,,,,,,,,,,,,,,,,,,,,,,,,,,,,,,,,,,,,,,,,,
395205,285023_43963,Bernardo Silva,Portugal,MF,0,0,0,0,0,0,0.0,0.0,1,0,4,28,5,1,0,1,0,0,0,47,94,0,0,0,0,0,0,,,,52,26,11,15,31,21,1,9,15,101,5.57,219,66,14075.86,,,,,,,Round of 16,0.0,117.0,847.0,0.0,False,,,None,1.0,1.0,14.07586,5.57,117.0,0.025080531933992317,0.01916152639757013,0.022461121178806158,0.2250225325117791,0.07624481707933665,0.13764195925374986,0.2935871333677732,0.3095940861932011,18.05817248982686,0.3401923351526718,0.08958766006822054,39.54586806321091,1.5960024363453715,10.530657691801549,1.8375223854181766,0.41668238409980746,0.19312009589174087,6.4193788688599565,7.1738904446591,0.39230410705996693,21.913395802077012,68.70333521174987,4.946052651652695,14.07586,,,None,1.0,1.0,51.20951082219637,49.03567728012664,56.38568865006216,46.94223120689903,63.07998984136029,48.36175974212827,,,None,1.0,1.0,,,,,,,,,,,,,,,,,,,,,
395206,285023_43963,Bruno Fernandes,Portugal,MF,3,8,0,4,4,0,0.88,0.0,7,0,19,166,17,2,7,0,0,0,0,224,88,18,17,14,71,6,100,,,,209,44,112,53,129,80,5,68,87,518,6.34,433,168,38648.13,207.0,69.0,74.0,4.709003925323486,6.222354888916016,6.24560546875,Round of 16,0.0,366.0,244.0,1.0,True,153.04999999999998,5.320156955718994,C,1.0,1.0,38.648129999999995,6.34,366.0,0.02013677223541951,0.18424699111581397,0.16663268521575134,1.5315670975198115,0.5678032789795358,0.7859605945397962,1.248891563717267,3.2880932647771806,44.38729014565114,2.637210138392579,1.0851035331926393,102.16642879551115,3.8143431955393594,31.757927234393836,3.5016683459443145,0.5034103562089387,1.3370906261084046,17.312120071383095,8.799330932727422,0.9904249049799713,34.81790219361164,91.29742251307422,8.120444255980711,38.648129999999995,153.04999999999998,5.320156955718994,C,1.0,1.0,75.91910454855231,94.10579119883356,94.19463329308586,92.56395316347017,83.3948508487004,88.99864536935364,153.04999999999998,5.320156955718994,C,1.0,1.0,,,,,,,,,,,,,,,,,,,,,
484141,285023_43963,Joao Neves,Portugal,MF,1,2,50,2,0,1,0.16,6.25,1,0,17,148,24,1,3,0,0,0,0,223,96,2,50,7,71,3,67,,,,184,45,61,78,134,50,2,29,91,478,6.81,496,155,39283.8,96.0,138.0,237.0,5.373629093170166,5.758649826049805,5.458596229553223,Round of 16,1.0,345.0,150.0,0.0,True,137.54999999999998,5.452623987197875,B,1.1,1.1,39.2838,6.81,345.0,0.1923555475102204,0.015657694202579266,0.04585172208808712,0.5275978018010463,0.23416405035480384,0.45619543713902266,0.2399024723138643,0.596704797679446,45.00366529999452,1.481013838783232,0.5887894188184563,97.10626864529877,3.5383565229881033,29.22838809889223,4.766879795572675,0.34048881151053845,0.6733901539863191,18.3069961005895,9.127451990625017,0.4924294729376616,33.202008481778215,103.74595076175795,8.373895354730584,39.2838,137.54999999999998,5.452623987197875,B,1.1,1.1,84.14642503024473,80.34305376265934,107.03214149301974,100.26903526047222,93.18873233165831,101.02683141835705,137.54999999999998,5.452623987197875,B,1.1,1.1,,,,,,,,,,,,,,,,,,,,,
395216,285023_43963,Ruben Neves,Portugal,MF,0,2,0,0,2,0,0.03,0.0,0,0,3,37,0,0,0,0,0,0,0,29,93,0,0,2,50,0,0,,,,33,4,14,15,17,16,0,2,9,63,3.62,123,36,9241.31,,,,,,,Round of 16,0.0,76.0,746.0,0.0,False,,,None,1.0,1.0,9.24131,3.62,76.0,0.02520651852468788,0.019257780152861538,0.028915237616953613,0.6489054100024426,0.07662781631505115,0.1383333736634871,0.08368564150196375,0.31114926466874715,14.344111054835858,0.7646537430678094,0.0900376841701851,31.712220129835718,1.3926433441433224,12.48594252368148,0.7898714644896193,0.20739923442113187,0.19409019264009666,5.1833676433427165,2.5596491373507604,0.18289849841513525,15.682185087097514,48.75633021716781,3.9489889583073907,9.24131,,,None,1.0,1.0,54.64126486983599,55.21673234542921,53.51436946307358,41.12490287492675,52.47186255046071,38.16267105975433,,,None,1.0,1.0,,,,,,,,,,,,,,,,,,,,,
441149,285023_43963,Vitinha,Portugal,MF,0,3,0,0,3,0,0.09,0.0,0,0,18,75,13,4,5,0,0,0,0,356,95,0,0,6,67,9,100,,,,155,5,48,102,111,44,0,8,72,736,6.82,412,127,36000.85,,,,,,,Round of 16,0.0,315.0,1175.0,0.0,False,,,None,1.0,1.0,36.00085,6.82,315.0,0.021033638788408342,0.016069700034343975,0.03471139341973452,0.7178640694225178,0.06394226191676138,0.11543260967078497,0.0698316807775157,0.2596392372041125,69.64685585641098,1.3436008009518068,1.6625829443909492,145.16837898157266,3.8078458316982924,17.121494153171263,2.9520945746628757,0.8785984629015813,1.0438761223589412,15.437428852364416,2.3122886758551178,0.15262008304869093,29.136927592055862,91.65964324941339,8.015182345608155,36.00085,,,None,1.0,1.0,52.96970846075414,56.47204414280924,95.79975310231643,82.08297335508551,94.53127804609392,83.33279848174122,,,None,1.0,1.0,,,,,,,,,,,,,,,,,,,,,
486614,285023_43834,Alhashmi Alhussein,Qatar,DF,0,0,0,0,0,0,0.0,0.0,0,0,2,20,8,2,2,0,0,0,0,0,0,0,0,0,0,0,0,,,,1,0,1,0,0,1,0,1,1,1,1.97,50,20,4072.3,,,,,,,Round of 16,0.0,41.0,647.0,0.0,False,,,None,1.0,1.0,4.0723,1.97,41.0,0.023460366396948682,0.01792371992726879,0.02101016573045136,0.21048640731342358,0.07131951384672401,0.12875049078645437,0.07788841643786963,0.2895947628039345,7.645170359972049,0.31821640980821186,0.0838004287699007,17.31792113275203,1.0994361839970934,8.27652531361722,2.309021394935238,0.5864987330942073,0.5741116596366185,3.2504285508824853,1.5953987564580985,0.17022841857625964,11.44808532608792,31.017252791461633,2.6585103498011895,4.0723,,,None,1.0,1.0,32.61405364293585,30.229218428174505,18.092795556052707,36.39829480192251,21.61521307711342,18.92795310086799,,,None,1.0,1.0,,,,,,,,,,,,,,,,,,,,,
510991,285023_43834,Ayoub Aloui,Qatar,DF,0,0,0,0,0,0,0.0,0.0,0,0,2,38,5,1,0,0,0,0,0,28,39,1,0,4,0,0,0,,,,23,4,12,7,2,21,1,2,11,57,3.76,170,55,15912.29,,,,,,,Round of 16,0.0,170.0,935.0,0.0,False,,,None,1.0,1.0,15.91229,3.76,170.0,0.024069400342178325,0.018389021861424236,0.02155559217044121,0.21595065987002388,0.0731709770402221,0.13209286907787465,0.07991040913603202,0.49895332033772505,13.495177896296223,1.13383991629681,0.08597589802226097,29.070572437809922,1.1279776801245818,12.124516475654906,1.763441941691879,0.399883668529319,0.18533438263477311,5.353216493791933,2.4441780709249983,0.3764882113967217,18.809701491849196,56.04334152188568,5.117316788537243,15.91229,,,None,1.0,1.0,39.952417697007824,56.659209143752896,36.516094233051675,35.786361846971204,31.478800694819537,38.673238313466584,,,None,1.0,1.0,,,,,,,,,,,,,,,,,,,,,
385067,285023_43834,Boualem Khoukhi,Qatar,DF,0,2,0,0,2,0,0.07,0.0,0,0,5,21,12,2,1,0,0,0,0,117,80,1,0,8,25,3,100,,,,27,4,5,18,17,10,0,6,13,236,4.92,226,62,25410.03,,,,,,,Round of 16,0.0,310.0,1153.0,0.0,False,,,None,1.0,1.0,25.41003,4.92,310.0,0.021126862869506463,0.01614092323230294,0.031321935712983806,0.5438805679957435,0.06422566312329965,0.11594422342785149,0.07014118472676147,0.43795517242645354,27.61306329279938,1.7038861852841116,0.6069606856656743,57.229197318265584,1.5215754432955175,7.630459485455882,2.7880135008620432,0.5281621820208307,0.3398420212604656,5.053104281694894,2.1453718912389808,0.15329651698113891,17.750330086834616,59.11316888264936,6.174382273042274,25.41003,,,None,1.0,1.0,35.63455811033011,42.66660329991861,61.699551303839094,42.049581014128115,40.340393892813175,44.700603849001084,,,None,1.0,1.0,,,,,,,,,,,,,,,,,,,,,
419441,285023_43834,Homam Ahmed,Qatar,DF,0,1,0,0,1,0,0.0,0.0,0,0,3,45,6,4,0,0,1,0,0,33,76,3,33,2,50,0,0,,,,20,13,6,1,5,15,1,7,13,75,5.86,157,57,13626.23,,,,,,,Round of 16,0.0,134.0,874.0,0.0,False,,,None,1.0,1.0,13.62623,5.86,134.0,0.02480381815084515,0.01895011706724569,0.022213307383170875,0.43053916350278104,0.07540360717856927,0.13612335401183817,0.08234867626080589,0.9301762524142275,14.946946176486957,0.7524376035048602,0.08859923843481887,33.70157608494645,1.3703944169554272,13.95046105021614,2.0252482878952733,1.0360830439587472,0.19098939976150767,5.932555177480785,4.3907498412242525,0.38797581155593075,19.799631303033372,55.04937352560216,4.79796007021892,13.62623,,,None,1.0,1.0,47.19849381802469,64.66654527873618,44.06549446957308,45.778871574720156,45.621497543273264,41.939988541267184,,,None,1.0,1.0,,,,,,,,,,,,,,,,,,,,,
512791,285023_43834,Issa Laye,Qatar,DF,0,1,0,1,0,1,0.07,0.0,0,0,7,30,6,0,3,0,0,0,0,90,94,0,0,1,0,0,0,,,,32,1,8,23,15,17,0,5,22,202,5.61,338,88,29038.33,,,,,,,Round of 16,0.0,310.0,1153.0,0.0,False,,,None,1.0,1.0,29.038330000000002,5.61,310.0,0.021126862869506463,0.01614092323230294,0.031321935712983806,0.36671539083047777,0.06422566312329965,0.29310940059311724,0.07014118472676147,0.26078999526118773,22.829603509337208,0.46372994512725146,0.07546515416987709,51.20558129464654,1.8759057976260491,9.224946079943274,1.725022437870449,0.17383182769029915,0.6941723755909971,6.647590876182286,1.6138763597431833,0.15329651698113891,22.35662469313153,78.95566872515913,6.817190685351008,29.038330000000002,,,None,1.0,1.0,39.77866661835034,35.90740787453897,59.49452283065031,48.49811373355457,55.224914691687886,62.18114812448901,,,None,1.0,1.0,,,,,,,,,,,,,,,,,,,,,
419473,285023_43834,Jassem Gaber,Qatar,DF,0,0,0,0,0,0,0.0,0.0,0,0,13,85,14,7,0,1,0,0,0,32,78,0,0,1,100,1,100,,,,61,5,41,15,47,14,0,5,18,69,6.14,232,55,17053.08,,,,,,,Round of 16,0.0,166.0,927.0,0.0,False,,,None,1.0,1.0,17.05308,6.14,166.0,0.024156178855277505,0.018455320645432014,0.02163330753563232,0.2167292366895498,0.07343478372004364,0.13256910955776297,0.08019851379952132,0.29818387178954553,14.354106071541983,0.5302227578335956,0.28885421871166284,31.606202080152883,3.3602962560409613,21.6889418995559,3.592914890377538,1.6167354745055043,0.1860025771856368,6.7904951256493495,2.6555585260773493,0.1752772337738936,18.877516971424807,68.80463471785895,5.366854431015571,17.05308,,,None,1.0,1.0,43.26011635777897,44.29232907086418,44.803891619059215,79.90878437342772,51.39943458324573,45.66807517227695,,,None,1.0,1.0,,,,,,,,,,,,,,,,,,,,,
356673,285023_43834,Lucas Mendes,Qatar,DF,0,0,0,0,0,0,0.0,0.0,0,0,1,5,1,0,0,0,0,0,1,0,0,0,0,0,0,0,0,,,,4,4,0,0,2,2,0,0,0,0,2.35,17,9,1535.0,,,,,,,Round of 16,0.0,13.0,546.0,0.0,False,,,None,1.0,1.0,1.535,2.35,13.0,0.016801521392674466,0.01283636234400329,0.015046770498423541,0.1507432499350753,0.05107662503373039,0.09220674940299747,0.05578105102367923,0.2073979800711736,5.475212585359183,0.22789583617023645,0.0600150344146332,12.261615900202685,0.6464852064759076,3.813960290822786,0.6673862990883945,0.1382429180189255,0.1293717147235934,2.1869532305560795,1.7061459596976245,0.12191183922524593,6.648899663765852,17.564011770188237,1.5464453465480261,1.535,,,None,1.0,1.0,2.7164408176440293,3.031816703444961,2.585623984089519,4.919102994968004,2.312575908917841,2.6576670393849264,,,None,1.0,1.0,,,,,,,,,,,,,,,,,,,,,
416051,285023_43834,Pedro Miguel,Qatar,DF,1,3,0,2,1,0,0.23,0.0,0,0,6,36,8,1,7,0,0,0,0,78,76,2,50,7,29,2,100,,,,26,8,4,14,13,13,3,3,29,172,5.13,229,76,26501.54,,,,,,,Round of 16,0.0,310.0,1153.0,0.0,False,,,None,1.0,1.0,26.501540000000002,5.13,310.0,0.021126862869506463,0.01614092323230294,0.059668364059426326,0.7210457451610093,0.2413908402885654,0.47027457775838294,0.07014118472676147,0.6151203495917194,20.703621383354015,1.526721008118846,0.42979550850040854,45.89062597968857,1.698740620460783,10.287937142934867,2.0793527922009805,0.35099700485556495,1.40283308425206,7.887747116339146,2.854032599900044,0.6847920484769362,20.230642567148337,59.64466441414516,6.3677598355699345,26.501540000000002,,,None,1.0,1.0,53.96168899759064,56.53918031761814,52.02612822729799,52.78798866452262,45.16010992740279,49.88702654797951,,,None,1.0,1.0,,,,,,,,,,,,,,,,,,,,,
386387,285023_43834,Sultan Albrake,Qatar,DF,0,0,0,0,0,0,0.0,0.0,0,0,2,50,4,2,0,0,0,0,0,42,79,3,33,3,0,1,100,,,,38,14,10,14,10,28,4,8,11,89,4.19,215,70,17683.33,,,,,,,Round of 16,0.0,167.0,928.0,0.0,False,,,None,1.0,1.0,17.68333,4.19,167.0,0.024134553581358405,0.018438798936157824,0.021613940805321332,0.21653521473194762,0.07336904288732957,0.13245043005449494,0.08012671789010992,0.9050779387057154,16.365125913042736,0.9345220940749727,0.28859562849175463,35.62564740307039,1.1310309925685222,14.585980255366284,1.5658283834220166,0.6033531130657017,0.18583606257645977,5.367707066454502,4.474664225134691,0.9846683331829063,21.896422346905812,65.30245986885195,5.489604284418483,17.68333,,,None,1.0,1.0,43.89058896681009,66.6235729189469,46.92305201096978,41.92385500249651,43.79956623079377,48.524343256831656,,,None,1.0,1.0,,,,,,,,,,,,,,,,,,,,,
353251,285023_43834,Ahmed Alaaeldin,Qatar,FW,1,1,0,1,0,0,0.13,0.0,0,0,2,22,4,1,1,0,0,0,0,8,50,0,0,1,0,0,0,,,,20,11,8,1,15,5,0,8,11,26,4.31,70,30,6052.91,,,,,,,Round of 16,0.0,55.0,696.0,0.0,False,,,None,1.0,1.0,6.05291,4.31,55.0,0.024548643572659727,0.018755163689512033,0.04874651430493678,0.4261098998801003,0.28048734620708277,0.34058242567295377,0.0815014966612303,0.3030284562609116,9.646689530853639,0.5388372711657538,0.08768775484154055,23.267749903579617,1.150436721880871,9.07217489769562,1.5926941739776543,0.4078457090620415,0.3948840252556772,5.45980380919985,3.933860124723322,0.178124957763219,14.037732682965922,36.573267467076754,3.189560391567058,6.05291,,,None,1.0,1.0,62.004920142504496,43.55839782110155,29.723078763608807,31.99919000204102,29.43074909430487,27.280680135983882,,,None,1.0,1.0,58.7719298245614,58.821630040456604,33.536260004850845,49.763656018822715,35.43432939541348,35.61912299545857,B,B,D,C,D,D,49.597830267285545,B,49.86252771618625,70.43989913140936,,,None,1.0,55.178791282641086
386347,285023_43834,Akram Afif,Qatar,FW,0,2,0,1,1,0,0.16,0.0,7,0,16,54,5,0,4,0,0,0,2,93,78,12,33,12,42,3,67,,,,83,23,54,6,42,41,2,40,69,217,5.2,194,104,23536.07,,,,,,,Round of 16,0.0,269.0,1070.0,0.0,False,,,None,1.0,1.0,23.53607,5.2,269.0,0.021927839777245467,0.016752869589815537,0.04905881483390142,0.5645005615188396,0.06666063292282623,0.3042219762162197,1.3599743686913315,2.477261152434678,24.246781926488435,2.504013116962917,0.6299722182404107,55.9051542062727,3.601964418876017,13.987856705263992,1.6065407448532472,0.1804222656871757,0.9043723323595767,15.542072751555448,5.720466621141824,0.5268723884610864,26.146337085005086,55.47008637367901,6.0638824233411155,23.53607,,,None,1.0,1.0,53.81918610172176,72.04659190422801,68.54455666480281,69.82845364028711,56.60578812350061,56.33063422673549,,,None,1.0,1.0,14.371033967898473,17.985146916370677,64.5306815425661,48.54484176611484,54.29940382575619,65.49644788663387,E,E,B,C,B,B,21.073706645315156,E,40.32596041909196,41.89668465690053,,,None,1.0,24.008757714330805
386366,285023_43834,Almoez Ali,Qatar,FW,1,1,0,1,0,1,0.05,0.0,0,0,1,11,2,0,0,0,0,0,0,3,67,0,0,1,100,0,0,,,,15,3,10,2,10,5,0,2,5,9,2.3,38,11,2859.04,,,,,,,Round of 16,0.0,24.0,597.0,0.0,False,,,None,1.0,1.0,2.85904,2.3,24.0,0.020625995911539848,0.015758260876416443,0.027120067806514925,0.35802145347786163,0.23566804573060726,0.2861604837220568,0.0684783064263123,0.2546072935320478,7.240412098147538,0.45273602670365265,0.07367605739602033,16.609371971710225,0.7936424871295833,5.719909515095289,0.9922662442030649,0.16971069436014985,0.15882016851885683,3.549587222627304,1.9215452804469342,0.14966222633413312,8.508296650384539,25.194314822902044,2.127470167875301,2.85904,,,None,1.0,1.0,34.561225112945245,17.28396168908816,14.949603592358315,13.907465945432756,13.516889129472249,12.451554372929529,,,None,1.0,1.0,43.542366554684584,41.727288267583425,24.262562564769695,37.59671026135615,22.563050496922703,24.973267070615705,C,C,E,D,E,E,35.77266781064472,C,44.66260437824418,57.27472527472527,,,None,1.0,40.07120082440461
429063,285023_43834,Edmilson Junior,Qatar,FW,2,3,0,3,0,0,0.43,0.0,0,0,5,66,11,4,2,0,0,0,1,41,80,4,25,7,43,0,0,,,,68,40,25,3,21,47,8,16,38,106,6.21,290,97,23874.51,,,,,,,Round of 16,0.0,228.0,214.0,1.0,False,,,None,1.0,1.0,23.874509999999997,6.21,228.0,0.022790531909653442,0.2085283024106824,0.10259031325064333,0.7778256603885322,0.4515158890687608,0.6984234472152995,0.07566456594004942,1.0457916700195906,15.262657153890219,1.6469451270444893,0.0814077799812821,36.890679482770764,1.641394366383827,16.831567499676055,2.816443804269679,0.9519858406794571,0.5577197677677459,10.228927564693002,9.19450077325236,1.6942987877901026,25.837180344461206,75.99957662999603,6.367131050735543,23.874509999999997,,,None,1.0,1.0,71.11284789898959,87.63921685444456,63.869996761655436,62.68681264755942,64.9486412228415,63.332218943842314,,,None,1.0,1.0,38.39119074281449,46.627666242473744,63.39558573853987,75.93106810522077,68.50883288833619,58.75025910641265,C,C,B,A,B,B,42.42704861112089,C,41.68472137966895,58.51865931698662,,,None,1.0,47.34284484320282
284190,285023_43834,Hassan Alhaydos,Qatar,FW,1,1,100,1,0,0,0.66,1.51,0,0,8,46,1,1,1,0,0,0,0,14,71,0,0,1,0,0,0,,,,21,10,10,1,11,10,0,7,16,31,4.75,147,43,8290.41,,,,,,,Round of 16,1.0,69.0,87.0,0.0,False,,,None,1.0,1.0,8.29041,4.75,69.0,0.2353487230637596,0.019157328106193895,0.16123683288791252,0.4352469163393849,0.2865017981117119,0.34788548816925463,0.08324912213686353,0.3095262541136878,11.11518429625301,0.550391485270854,0.08956803140749293,24.818045522284724,2.4367474972352543,14.313276777143148,0.9960250390709559,0.41659108896895525,0.4033514695447794,6.628246068909578,3.8079396645010397,0.1819444669352656,17.072299791641296,53.54857689578614,3.728441073010561,8.29041,,,None,1.0,1.0,82.6985978387843,49.79255224822962,40.11999856787142,54.219165668778416,41.09030227808273,38.556367238159055,,,None,1.0,1.0,79.48861515490854,75.72603468252008,44.82852292020373,44.16770884117261,41.717567023883554,59.76784065426723,A,A,C,C,C,B,64.54326386389612,A,52.23066754791804,52.828446086354184,,,None,1.0,71.51056971247823
498458,285023_43834,Mohamed Manai,Qatar,FW,0,0,0,0,0,0,0.0,0.0,0,1,2,52,3,3,0,0,0,0,0,15,47,0,0,3,33,0,0,,,,16,2,8,6,9,7,0,5,8,34,6.99,153,43,10166.36,,,,,,,Round of 16,0.0,91.0,779.0,0.0,False,,,None,1.0,1.0,10.166360000000001,6.99,91.0,0.025296257828798165,0.019326340981201798,0.022654316661158476,0.2269580252399771,0.07690062379954643,0.13882586296444432,0.08398357599160991,0.3122570066386845,11.425375267642522,0.9795048314748367,0.09035823296446703,25.673385683291144,1.1854725841075402,15.712326460498321,1.4290699256082375,0.8445239997003695,0.1947811852817459,4.989692478121066,2.144504310912936,0.18354964680575947,17.222917793002832,55.29377458256281,4.1592777444835445,10.166360000000001,,,None,1.0,1.0,56.237786088765915,63.521814192290925,38.30117462296589,42.317252117495,38.18002756281324,37.29177215579786,,,None,1.0,1.0,28.20082120194102,31.01483408991623,32.413291292748,33.39974987811857,41.18722797264182,40.82951740252887,D,D,D,E,C,C,27.206636403319422,D,42.197183098591545,82.15985968428964,,,None,1.0,30.710580668212565
419463,285023_43834,Yusuf Abdurisag,Qatar,FW,0,0,0,0,0,0,0.0,0.0,0,0,8,60,8,1,2,0,0,0,0,14,64,0,0,3,0,0,0,,,,18,10,7,1,11,7,1,12,11,33,4.62,176,66,12292.36,,,,,,,Round of 16,0.0,105.0,831.0,0.0,False,,,None,1.0,1.0,12.29236,4.62,105.0,0.02522169072662866,0.019269371715144295,0.022587537347139558,0.22628900919931233,0.07667393980895114,0.1384166387077381,0.08373601321240716,0.31133655032950414,11.180192597817692,0.9766174938560304,0.09009187927551757,25.386203408008214,2.450999066252481,17.35803836295941,2.4823748495164075,0.419027564912047,0.6172140058217337,5.609494581487705,3.83021079230712,0.39451208152576406,22.036729250590962,59.99536258452677,4.596673651372274,12.29236,,,None,1.0,1.0,52.97264277424291,61.53009773127886,42.71761353248667,70.10089501145308,40.023899906004814,44.287054112256115,,,None,1.0,1.0,22.69503546099291,25.39269501794906,31.72932330827068,30.601776289293507,54.53714202114042,76.14336593363105,E,E,D,E,B,A,24.360654389048616,E,42.92977875498145,68.42907981698016,,,None,1.0,27.600604141140547
419459,285023_43834,Mahmoud Abunada,Qatar,GK,0,0,0,0,0,0,0.0,0.0,0,1,0,0,0,1,1,1,0,0,0,93,54,0,0,8,0,0,0,16.0,124.0,103.0,7,0,0,7,4,3,0,0,3,162,3.1,20,2,16005.91,,,,,,,Round of 16,0.0,310.0,1153.0,0.0,False,,,None,1.0,1.0,16.00591,3.1,310.0,,,,,,,,,,,,,,,,,,,,,,,,,,,,,,,,,,,,,,,,,,,,,,,,,,,,,,,,,,,,,
345059,285023_43834,Abdulaziz Hatem,Qatar,MF,0,0,0,0,0,0,0.0,0.0,0,0,1,20,0,1,0,0,0,0,0,32,81,0,0,2,50,0,0,,,,31,5,13,13,26,5,2,5,20,65,2.28,86,28,5826.99,,,,,,,Round of 16,0.0,51.0,685.0,0.0,False,,,None,1.0,1.0,5.8269899999999994,2.28,51.0,0.02430972988218967,0.018572633629992907,0.021770821693293776,0.21810689650300574,0.07390157884185661,0.13341179759345692,0.08070830320886971,0.30007930566574925,14.44534929924353,0.7374491613817138,0.0868343551391815,30.991685911122993,0.9353843842446982,8.576170181353538,0.7617696955882957,0.4038764501005032,0.18718492009286047,7.241371532982269,2.6724388340576595,0.5841033852848614,13.493401885705769,39.479022937324814,3.1124636265745544,5.8269899999999994,,,None,1.0,1.0,43.468272778622534,49.718554248411806,39.755139039983476,28.333355259507588,41.17749111683853,28.12028386628943,,,None,1.0,1.0,,,,,,,,,,,,,,,,,,,,,
419436,285023_43834,Ahmed Alganehi,Qatar,MF,0,1,0,0,1,0,0.05,0.0,2,0,3,18,4,1,0,0,0,0,0,12,92,2,100,0,0,0,0,,,,7,2,4,1,3,4,0,2,8,27,2.04,51,24,4200.63,,,,,,,Round of 16,0.0,41.0,646.0,0.0,False,,,None,1.0,1.0,4.20063,2.04,41.0,0.023460366396948682,0.01792371992726879,0.030846836689954197,0.4072198265034804,0.07131951384672401,0.12875049078645437,0.4713552548179832,0.683061601184048,10.005971390252729,0.31821640980821186,0.0838004287699007,22.432990031693507,1.2961696031871501,7.8830584752371085,1.522087718175011,0.38976531390415053,0.18064482125650486,4.627562485212883,1.988865594838212,0.17022841857625964,12.235019002848148,31.213986210651694,2.6837571494858494,4.20063,,,None,1.0,1.0,41.02126404937512,46.003959687598254,36.0269353936841,32.432869519776204,51.954345527154366,27.06197343052193,,,None,1.0,1.0,,,,,,,,,,,,,,,,,,,,,
433394,285023_43834,Ahmed Fathy,Qatar,MF,0,0,0,0,0,0,0.0,0.0,0,0,10,73,10,2,1,2,0,0,0,65,91,0,0,2,0,1,100,,,,49,3,18,28,41,8,0,4,14,146,6.63,312,80,18273.99,,,,,,,Round of 16,0.0,163.0,921.0,0.0,False,,,None,1.0,1.0,18.27399,6.63,163.0,0.024220741735452626,0.018504646685885803,0.02169112746860195,0.21730849485048095,0.073631054875776,0.13292343064416404,0.08041286256170271,0.2989808359824272,21.09509269120183,0.7347496565125862,0.2896262472854902,47.33012819234164,2.7599481383677746,19.309593434334786,2.7900787410866776,0.605507778612211,0.3896094691694386,5.996205236543804,2.2564365943970808,0.17574570203244422,24.00571537271233,85.23731137218175,5.629177304101861,18.27399,,,None,1.0,1.0,48.60795898232004,51.3401159843207,61.28904210391526,73.52510910787234,61.305931666314436,58.74860315392847,,,None,1.0,1.0,,,,,,,,,,,,,,,,,,,,,
386348,285023_43834,Assim Madibo,Qatar,MF,0,0,0,0,0,0,0.0,0.0,0,0,2,51,7,2,1,0,1,0,0,33,82,0,0,1,0,0,0,,,,18,0,7,11,12,6,0,3,21,75,6.04,208,30,14695.95,,,,,,,Round of 16,0.0,140.0,882.0,0.0,False,,,None,1.0,1.0,14.69595,6.04,140.0,0.02469166292552284,0.018864430475099447,0.022112865649581228,0.22153359976779088,0.07506265529358944,0.13550784613526934,0.08197632091273582,0.3047938871526539,14.879360690006234,0.5419765141790205,0.08819861996996758,33.54918793903533,1.157139117269291,15.129734152071036,2.2231495372347854,0.6172805990656596,0.3971846027837548,7.562200376439561,1.6791318455872555,0.1791627061875937,14.11951591624481,65.36045592657584,4.997760110375661,14.69595,,,None,1.0,1.0,43.617153663546055,45.55255764151533,41.88559132082371,46.22366645449789,49.17062285665478,39.15630442197926,,,None,1.0,1.0,,,,,,,,,,,,,,,,,,,,,
354861,285023_43834,Karim Boudiaf,Qatar,MF,0,1,0,0,1,0,0.02,0.0,0,0,2,29,3,0,2,0,0,0,0,69,94,0,0,4,50,0,0,,,,58,7,34,17,31,27,0,5,19,143,4.59,205,30,13129.49,,,,,,,Round of 16,0.0,114.0,839.0,0.0,False,,,None,1.0,1.0,13.12949,4.59,114.0,0.025120970646726772,0.019192421574099255,0.026710514020493206,0.43604422604796184,0.0763677507660494,0.13786388690923654,0.08340162254713289,0.3100932616631953,22.72178397145425,1.183376355474319,0.08973210715010803,48.4573028792067,1.1772580035123608,10.758295724291365,1.4191673684024178,0.2066953464812679,0.6147492287908546,7.272364693965599,3.1829386296987123,0.18227776301264947,14.365008381486593,65.86488507129394,4.754666200922457,13.12949,,,None,1.0,1.0,53.32331326487508,60.25503991915851,72.70157410518856,46.12962839297989,60.85597654324686,45.43637123416567,,,None,1.0,1.0,,,,,,,,,,,,,,,,,,,,,
403312,285023_43835,Abdulelah Alamri,Saudi Arabia,DF,2,4,25,3,1,1,0.93,1.07,0,0,7,23,5,1,0,1,0,0,0,99,82,1,100,3,67,0,0,,,,30,4,2,24,15,15,2,2,15,212,5.67,252,89,25207.74,,,,,,,Round of 16,1.0,268.0,126.0,0.0,False,,,None,1.0,1.0,25.20774,5.67,268.0,0.20600074718987976,0.016768410096571804,0.1908247995413972,0.933129343471764,0.4348276023646217,0.6726093152872711,0.07286796010552146,0.45498090967091454,25.373589428695773,0.8498628230620274,0.07839890165569958,55.03675081357925,1.9488326203161168,8.295202736638943,1.608031024304523,0.36464219768467165,0.16900099181099854,5.6176514962796045,2.2287743497817467,0.5273611324263321,23.409802781225473,66.19659108333039,6.3771826316511575,25.20774,,,None,1.0,1.0,87.44565843483717,52.585898221187335,56.447850461922265,48.023817514886055,48.72382736383996,56.65641901184968,,,None,1.0,1.0,,,,,,,,,,,,,,,,,,,,,
433439,285023_43835,Ali Lajami,Saudi Arabia,DF,0,0,0,0,0,0,0.0,0.0,0,0,3,7,3,0,2,0,0,0,0,68,82,0,0,4,75,5,80,,,,11,0,1,10,6,5,0,1,16,138,5.8,145,54,16522.11,,,,,,,Round of 16,0.0,177.0,949.0,0.0,False,,,None,1.0,1.0,16.52211,5.8,177.0,0.023916054235896395,0.018271865436224843,0.02141826153149937,0.21457483860446244,0.07270480487712504,0.13125130564659943,0.07940130006317604,0.29521977348790507,21.43138878793552,1.126616224229731,1.0882017264481623,45.13029588072742,1.3213460524971186,5.830075002550373,1.3510976239665735,0.1967812942529555,0.5852630499034184,6.321884741857348,1.6263873522578987,0.1735348895356642,18.489310201337616,50.6724215902776,5.207016649481572,16.52211,,,None,1.0,1.0,36.75674622557957,48.80797270237579,51.33216055060529,34.10214718184225,37.37095947081065,36.899372713567715,,,None,1.0,1.0,,,,,,,,,,,,,,,,,,,,,
403335,285023_43835,Hassan Altambakti,Saudi Arabia,DF,0,0,0,0,0,0,0.0,0.0,0,1,5,26,7,0,1,0,0,0,0,87,82,0,0,2,0,0,0,,,,19,0,1,18,10,9,0,1,24,184,5.62,252,67,22701.97,,,,,,,Round of 16,0.0,237.0,1037.0,0.0,False,,,None,1.0,1.0,22.701970000000003,5.62,237.0,0.022596468896786542,0.017263702237144917,0.02023649368520615,0.20273551894196884,0.06869326544623108,0.12400942130556455,0.07502027673733132,0.278930812061933,23.849187003799187,0.6854764375778513,0.08071458689932152,51.356692107612794,1.627417775696697,9.108686826669981,2.034505716466138,0.18592374608275963,0.36348177723617575,7.488981979023388,1.5366502708570722,0.16395997831508313,19.93250589985645,68.15185405146407,6.090731080383281,22.701970000000003,,,None,1.0,1.0,34.489840210459974,36.779125781836285,49.571713047579046,43.6957628468836,39.52277859298203,50.0838135183473,,,None,1.0,1.0,,,,,,,,,,,,,,,,,,,,,
512183,285023_43835,Mohammed Abu Alshamat,Saudi Arabia,DF,1,1,0,1,0,0,0.02,0.0,0,0,10,67,16,2,1,0,0,0,0,64,80,3,0,4,25,1,0,,,,58,15,28,15,28,30,1,27,44,143,6.75,212,87,17130.45,,,,,,,Round of 16,0.0,153.0,906.0,0.0,False,,,None,1.0,1.0,17.13045,6.75,153.0,0.02443169508504581,0.018665815044974998,0.02597762416471601,0.4240799340206507,0.279151118776159,0.33895990834435114,0.08111322768235209,0.9162211412826647,21.073944073462048,1.1509065750040401,0.2921487805614033,47.12771911712537,2.7839862256753958,18.24849997586012,4.043651848666911,0.6107815185949963,0.3930028178724725,12.19479285062517,4.734634478327751,0.3821551452547121,25.648947285369687,65.49181901559677,5.443918210706992,17.13045,,,None,1.0,1.0,57.761537893306524,63.74093397516369,61.99951733321695,76.44183437564911,61.08387700710677,56.68678119642808,,,None,1.0,1.0,,,,,,,,,,,,,,,,,,,,,
419303,285023_43835,Moteb Alharbi,Saudi Arabia,DF,0,0,0,0,0,0,0.0,0.0,0,0,11,64,2,0,4,0,0,0,0,77,74,2,0,5,20,0,0,,,,49,18,19,12,20,29,4,8,25,168,6.75,235,107,22511.24,,,,,,,Round of 16,0.0,213.0,1011.0,0.0,False,,,None,1.0,1.0,22.51124,6.75,213.0,0.023118589363214342,0.017662602273495753,0.02070408389012023,0.20741998376675905,0.07028051166417161,0.1268748184253203,0.07675371668587161,0.6731105729707428,22.461579603369003,1.282917310800702,0.08257960120540161,49.441476861741826,2.8282254734095833,16.68611415850801,1.1121788221569096,0.19021975328052756,0.9534825498392004,7.855891889263744,5.061768903897054,0.9432178961619333,28.147766193573567,66.43084526312357,6.194488932700566,22.51124,,,None,1.0,1.0,44.3295445972873,58.4832629708917,55.595426151947805,65.13818846609661,43.6724807242439,61.49780353949955,,,None,1.0,1.0,,,,,,,,,,,,,,,,,,,,,
430518,285023_43835,Nawaf Bu Washl,Saudi Arabia,DF,0,0,0,0,0,0,0.0,0.0,0,0,3,27,4,1,1,0,0,0,0,46,76,0,0,1,0,0,0,,,,9,2,3,4,3,6,0,1,3,85,4.31,105,56,10603.72,,,,,,,Round of 16,0.0,104.0,824.0,0.0,False,,,None,1.0,1.0,10.60372,4.31,104.0,0.02523068825225008,0.01927624582471906,0.022595595171185076,0.22636973499918772,0.07670129228684025,0.13846601712834847,0.08376588499747027,0.31144761578577496,17.954707228623093,0.5538080003172776,0.0901240184370373,36.39736475440549,1.3939787054779822,10.382125447541881,1.6369446265275385,0.41917704780327114,0.4058552444060832,3.9188641402571522,2.13894561363353,0.18307387395832656,19.928801132036035,44.99466010134397,4.2410327882810295,10.60372,,,None,1.0,1.0,51.06303844404796,52.349123159182476,39.1616375688521,41.16443082789687,35.50188213816809,36.329574000324875,,,None,1.0,1.0,,,,,,,,,,,,,,,,,,,,,
419281,285023_43835,Saud Abdulhamid,Saudi Arabia,DF,0,2,0,0,2,0,0.11,0.0,0,0,11,76,18,4,2,1,0,0,0,113,78,4,25,3,67,1,0,,,,44,25,12,7,12,32,9,15,50,241,5.93,324,150,29778.02,,,,,,,Round of 16,0.0,300.0,1118.0,0.0,False,,,None,1.0,1.0,29.77802,5.93,300.0,0.021316219229056986,0.016285591490999535,0.03875279181967346,0.5487552739576301,0.06480130645633324,0.11698341112906474,0.07076984784046919,0.978139720232541,27.145542016939164,0.825392430174725,0.2548946126034569,58.63589794527292,2.6077315217307024,17.530269216472206,3.8855204410725066,0.8904021618857424,0.5216410430982696,11.712258235594243,5.9184151103844265,1.763448184381426,33.6396939978876,77.16079142484813,7.010513831476291,29.77802,,,None,1.0,1.0,52.18823803608096,57.74128079454468,61.70560298748812,75.2879650389462,61.70425237136262,76.4085959291526,,,None,1.0,1.0,,,,,,,,,,,,,,,,,,,,,
419302,285023_43835,Abdullah Alhamddan,Saudi Arabia,FW,2,2,0,1,1,0,0.2,0.0,0,0,5,62,5,2,0,0,0,0,0,22,73,1,0,2,50,0,0,,,,39,13,21,5,24,15,0,16,17,52,7.86,170,70,10726.97,,,,,,,Round of 16,0.0,88.0,769.0,0.0,False,,,None,1.0,1.0,10.72697,7.86,88.0,0.02529504705124135,0.01932541594714839,0.06507696102723831,0.6511844490440235,0.5011342299360598,0.35093786166735547,0.08397955621012128,0.5243607042506663,12.909658908773471,0.7673393051033236,0.0903539080670341,29.490292437026962,1.8217717731166698,17.832760841776206,1.853238811648414,0.6323649340378998,0.1947718622945584,6.898521443030211,4.477706744524476,0.1835408614038072,22.949296810140563,58.89714494551423,4.277994497933812,10.72697,,,None,1.0,1.0,75.16227388187214,62.972574529602554,47.65169788775025,55.94123933969792,47.95748440081157,46.94173512053817,,,None,1.0,1.0,53.042179917879814,50.426408858667784,50.201309725927736,45.35472793946203,55.762408105043704,63.14093504437784,B,B,C,C,B,B,46.48882390901953,B,50.18896447467876,59.20230658337338,,,None,1.0,51.781392160566064
419291,285023_43835,Feras Albrikan,Saudi Arabia,FW,0,0,0,0,0,0,0.0,0.0,0,0,11,150,11,2,3,1,0,0,0,51,63,0,0,5,0,0,0,,,,51,27,23,1,33,18,2,38,41,108,6.49,328,123,28286.37,,,,,,,Round of 16,0.0,262.0,1059.0,0.0,False,,,None,1.0,1.0,28.286369999999998,6.49,262.0,0.02207100656744408,0.016862249017527274,0.019765910641540214,0.19802107092310825,0.06709585996503,0.12112568404213309,0.07327574180391434,0.2724445050685297,16.63162171290186,1.224783915113111,0.07883763545891023,36.09616011676582,2.7000688500985865,31.847108788419,2.7275251822684865,0.5517653548498497,0.7251944197886991,10.461235311509649,6.498145753586885,0.530312336466294,29.833615001284215,80.633312934565,6.982671158444841,28.286369999999998,,,None,1.0,1.0,43.14697367392043,49.38481613187092,51.882750229091265,81.78382204556993,49.57619882374655,73.85673099458255,,,None,1.0,1.0,8.533034714445687,9.349845201238391,60.344409410623335,4.021027195455411,79.53622764346586,87.50635988467408,F,F,B,G,A,S,13.980748740106987,F,56.47253657190174,62.642450142450144,,,None,1.0,16.257853990380454
419300,285023_43835,Khalid Alghannam,Saudi Arabia,FW,0,0,0,0,0,0,0.0,0.0,0,0,0,6,0,0,0,0,0,0,0,0,0,0,0,0,0,0,0,,,,0,0,0,0,0,0,0,0,0,0,1.85,10,4,790.29,,,,,,,Round of 16,0.0,8.0,522.0,0.0,False,,,None,1.0,1.0,0.7902899999999999,1.85,8.0,0.013852656829273552,0.010583429817564993,0.01240588535002422,0.12428603707224231,0.0421120767609916,0.07602338067905326,0.045990820673188194,0.1709971959005527,4.514248396896348,0.18789743723226646,0.04948169019416513,10.109558132749205,0.4168541493064997,3.260730715519937,0.43408685440211603,0.11397966039126277,0.10666545758540637,1.8031172235255628,0.9420360750179188,0.10051487795320889,4.9011130833515635,13.668164067253102,1.1885165426029203,0.7902899999999999,,,None,1.0,1.0,0.3220882364299883,0.5699855046843164,0.3089294478733752,0.34067996405825907,0.289011499685803,0.2582509092003934,,,None,1.0,1.0,1.1571481896229923,2.1823776330034743,1.2612175600291047,3.756067575301525,1.5946746644233936,4.401982399608043,G,G,G,G,G,F,0.7903805612124553,G,37.98735511064278,64.44444444444444,,,None,1.0,1.843941599472317
339745,285023_43835,Salem Aldawsari,Saudi Arabia,FW,1,3,0,1,2,0,0.08,0.0,0,0,15,120,15,3,4,1,0,0,1,81,72,2,0,4,75,1,100,,,,104,61,33,10,50,54,3,50,64,193,6.36,400,160,29452.07,,,,,,,Round of 16,0.0,276.0,1080.0,0.0,False,,,None,1.0,1.0,29.45207,6.36,276.0,0.021786507373364444,0.016644891633250433,0.03412686929424636,0.7435589723146796,0.2489277918019792,0.3022611618519753,0.07233120447956996,0.6343262657907133,21.89814143714556,1.0262994235601204,0.26051821372460904,51.160103000703984,3.396051720683552,25.95568961903746,3.423154135856017,0.7273498108288964,0.8985433443227113,14.528414746511489,12.626075020022302,0.7061733256619861,36.2088363533059,92.74810548763088,7.105632957914417,29.45207,,,None,1.0,1.0,58.04965509461947,59.08617280086956,64.31731102399327,88.69635409044751,63.27289412143803,83.64243899681456,,,None,1.0,1.0,17.50653228816722,14.11042944785276,81.02352655833133,17.86251775229455,92.42895285468713,91.89703582263931,E,F,A,F,S,S,21.752793331940175,E,70.44313781729528,57.30828788796877,,,None,1.0,24.75083677339051
494800,285023_43835,Sultan Mandash,Saudi Arabia,FW,0,0,0,0,0,0,0.0,0.0,0,0,15,22,5,1,2,0,0,0,0,9,78,0,0,0,0,0,0,,,,22,11,6,5,8,14,1,4,14,29,2.38,107,50,8464.47,,,,,,,Round of 16,0.0,71.0,729.0,0.0,False,,,None,1.0,1.0,8.464469999999999,2.38,71.0,0.025119873969051392,0.019191583712355263,0.022496354331723662,0.22537550925032912,0.07636441686591625,0.13785786834215405,0.08339798157725063,0.31007972427397035,10.081811177730836,0.3407259705162131,0.08972818981745158,24.441123810019192,3.9156524611304384,9.28327829522577,1.8404047752454427,0.41733600392760445,0.614722391382195,6.218798808051101,4.025398399404117,0.3929194864296865,18.57737488284088,45.21834095363157,3.7717736574220058,8.464469999999999,,,None,1.0,1.0,50.574253245573566,47.34372798072897,36.549739162916254,63.70653577055783,39.76729433426631,35.78840220519976,,,None,1.0,1.0,35.722284434490476,38.76426902695208,30.967741935483883,45.842253640545174,37.69430525584288,63.404752482710535,C,C,D,C,C,B,34.122721080569804,D,39.72577009767092,43.55742296918766,,,None,1.0,38.26820432768678
396885,285023_43835,Mohammed Alowais,Saudi Arabia,GK,0,0,0,0,0,0,0.0,0.0,0,0,0,0,0,0,1,0,0,0,0,93,57,0,0,4,0,0,0,17.0,86.0,78.0,6,0,0,6,5,1,0,0,2,138,2.51,15,1,12844.17,,,,,,,Round of 16,0.0,306.0,1135.0,0.0,False,,,None,1.0,1.0,12.84417,2.51,306.0,,,,,,,,,,,,,,,,,,,,,,,,,,,,,,,,,,,,,,,,,,,,,,,,,,,,,,,,,,,,,
411624,285023_43835,Abdullah Alkhaibari,Saudi Arabia,MF,0,1,0,0,1,0,0.01,0.0,0,0,8,81,7,0,2,0,0,0,0,58,83,0,0,1,0,0,0,,,,46,1,15,30,33,13,0,7,30,133,7.08,345,76,23607.42,,,,,,,Round of 16,0.0,203.0,988.0,0.0,False,,,None,1.0,1.0,23.607419999999998,7.08,203.0,0.023339661678439858,0.017831501522328052,0.022859279575182717,0.40512466082287485,0.07095257150245717,0.12808806329127795,0.07748767677242033,0.28810478375866155,18.95766613127019,0.5123003872502707,0.08336927151538716,43.064020136072344,2.2681068291789126,20.172936381909135,2.101420152062979,0.19203873629020313,0.571157827411812,8.909620210029821,1.7829115690245363,0.16935258513875956,22.3495724836745,88.59542631932561,6.468269631486635,23.607419999999998,,,None,1.0,1.0,43.05381185601036,42.53501658083191,48.77062518032057,68.06559770921324,47.12214416850291,62.18648675405925,,,None,1.0,1.0,,,,,,,,,,,,,,,,,,,,,
523333,285023_43835,Ala Alhajji,Saudi Arabia,MF,0,0,0,0,0,0,0.0,0.0,0,0,1,7,1,0,0,0,0,0,0,17,94,0,0,0,0,0,0,,,,17,3,12,2,11,6,0,7,13,37,5.08,98,33,5355.08,,,,,,,Round of 16,0.0,43.0,657.0,0.0,False,,,None,1.0,1.0,5.35508,5.08,43.0,0.023664467949630067,0.01807965351351737,0.0211929509169707,0.21231760644408096,0.07193998256687541,0.12987060010756982,0.07856603359277183,0.2921141923702335,11.085246638287664,0.3209848432687822,0.08452947951607859,24.61260326372929,0.9105561389952103,5.768745198558531,0.9399947371245498,0.19471124228955616,0.18221640321215152,5.660046409109897,2.20461338681147,0.17170937944251574,14.12746649756162,40.81245661874116,2.9362002158496825,5.35508,,,None,1.0,1.0,34.439841557866025,32.21430340528934,39.460079037259135,24.51587780976521,53.05081746005723,26.140093156374324,,,None,1.0,1.0,,,,,,,,,,,,,,,,,,,,,
407993,285023_43835,Mohamed Kanno,Saudi Arabia,MF,2,3,0,2,1,2,0.16,0.0,0,0,10,84,14,5,0,1,0,0,0,104,93,1,0,6,67,3,100,,,,33,4,15,14,29,4,1,27,56,244,5.97,287,88,25496.47,,,,,,,Round of 16,0.0,256.0,1049.0,0.0,False,,,None,1.0,1.0,25.496470000000002,5.97,256.0,0.022195147814568505,0.016957092930330337,0.04965685894767923,0.7575055981460135,0.4397204039920914,0.4940541258421551,0.07368789074436743,0.46010048194093517,26.58971803028209,1.4177964488642165,0.6376517999473434,61.61199417945757,2.5291321612150113,19.742080891041557,3.3012372343679406,1.1132395628077776,0.17090263817217752,13.31192954993798,2.253853141253523,0.34717156986041064,23.487092843069046,73.45577882077775,6.502679932223871,25.496470000000002,,,None,1.0,1.0,62.934657097344285,61.71277314535569,79.43830627904667,71.39809814470182,91.23913470526368,63.71892278861231,,,None,1.0,1.0,,,,,,,,,,,,,,,,,,,,,
436537,285023_43835,Musab Aljuwayr,Saudi Arabia,MF,0,0,0,0,0,0,0.0,0.0,7,0,5,107,8,1,1,0,0,0,2,79,81,7,43,7,43,0,0,,,,79,20,54,5,43,36,1,28,49,173,7.55,326,85,20967.44,,,,,,,Round of 16,0.0,167.0,929.0,0.0,False,,,None,1.0,1.0,20.96744,7.55,167.0,0.024134553581358405,0.018438798936157824,0.021613940805321332,0.21653521473194762,0.07336904288732957,0.13245043005449494,1.4968357395841068,1.714625951102285,23.853445027711004,1.7440701064715425,0.08620862539261223,52.62615566339834,1.7381920018659494,26.122039432017406,2.3753763958185865,0.4009661099665594,0.3882230656756022,13.058413184221912,5.688986243729546,0.37750732388547903,24.93222739339295,87.76741721285676,6.154265465166408,20.96744,,,None,1.0,1.0,52.0558304604518,76.29597245239601,68.07691874553335,65.02542737374645,59.952505718167046,64.0816551273601,,,None,1.0,1.0,,,,,,,,,,,,,,,,,,,,,
403319,285023_43835,Nasser Aldawsari,Saudi Arabia,MF,0,1,0,0,1,0,0.01,0.0,0,0,8,106,19,7,2,1,0,0,0,107,86,1,0,2,50,1,0,,,,90,3,31,56,56,34,0,12,60,240,7.14,499,150,28038.3,,,,,,,Round of 16,0.0,230.0,1024.0,0.0,False,,,None,1.0,1.0,28.0383,7.14,230.0,0.022747207931134508,0.017378866859386763,0.022279019842560796,0.394840980333537,0.0691515121106489,0.12483667712606618,0.07552073033136657,0.47154456547732254,27.823343424733995,0.6900491899287049,0.2720060575054106,62.38145775657407,2.210533227266885,24.42969252842313,4.337114092462596,1.522435242285162,0.5566595626205321,14.40604941967208,2.1191602204750652,0.16505374074831194,35.89797542833487,115.72248761014227,7.149282926446755,28.0383,,,None,1.0,1.0,50.31855791027898,54.45920122635075,65.9219211936154,77.64912358905121,80.26896029199173,86.21031982009532,,,None,1.0,1.0,,,,,,,,,,,,,,,,,,,,,
442428,285023_43967,Aaron Hickey,Scotland,DF,0,0,0,0,0,0,0.0,0.0,0,0,1,16,5,2,4,1,0,0,0,42,90,1,0,1,100,0,0,,,,26,2,9,15,1,25,0,2,5,83,2.11,103,30,8361.39,,,,,,,Round of 16,0.0,79.0,751.0,0.0,False,,,None,1.0,1.0,8.36139,2.11,79.0,0.025243001833706348,0.019285653400951647,0.022606622722194054,0.22648021245201336,0.07673872557446731,0.13853359406338045,0.08380676608790508,0.5232818184567696,17.11674102606382,0.5540782806938913,0.09016800254999907,35.99176371140859,0.9712946150013899,8.058688096511675,1.849425724568514,0.6310638267307326,1.0410999294055325,4.344141109790045,2.1399895043423633,0.18316322130537324,14.434789881907747,44.59325488112843,3.768441225216389,8.36139,,,None,1.0,1.0,51.84934506768065,56.33255608120666,49.7978237654766,39.97944674483671,54.511297618117936,36.126650783707014,,,None,1.0,1.0,,,,,,,,,,,,,,,,,,,,,
401339,285023_43967,Andy Robertson,Scotland,DF,0,0,0,0,0,0,0.0,0.0,0,0,13,47,5,3,1,1,0,0,0,153,81,11,36,7,14,3,33,,,,59,17,27,15,8,51,2,24,42,316,5.92,246,107,25387.97,,,,,,,Round of 16,0.0,255.0,1048.0,0.0,False,,,None,1.0,1.0,25.387970000000003,5.92,255.0,0.02221596348667827,0.016972996103822195,0.019895728260129586,0.1993216244024774,0.06753652899950194,0.12192120761489034,0.07375699877577185,2.3235133153831566,35.74326365371666,1.6054242591628678,0.638249820329942,75.08324242711879,3.090398501181741,12.867565041576448,1.6276500964110956,0.7416873463239162,0.3573610517659318,10.716240253857372,4.677842640562725,0.5337952968963557,27.048784688524062,65.88644571685006,6.488565109328148,25.387970000000003,,,None,1.0,1.0,47.03675533557091,67.05429244389728,74.12978520800624,61.99813440831875,59.92974301539083,62.18164830323566,,,None,1.0,1.0,,,,,,,,,,,,,,,,,,,,,
337389,285023_43967,Anthony Ralston,Scotland,DF,1,1,0,1,0,0,0.02,0.0,0,0,2,9,2,2,0,0,0,0,0,5,100,1,100,1,100,1,100,,,,5,1,3,1,0,5,0,3,3,16,4.9,35,13,2807.5,,,,,,,Round of 16,0.0,23.0,591.0,0.0,False,,,None,1.0,1.0,2.8075,4.9,23.0,0.02037040353184613,0.015562988298330438,0.021659352132214538,0.3535849377494446,0.23274770399853342,0.2826144518444927,0.06762973972572914,0.42227393845882977,7.492334007652493,0.44712583076768203,0.24358475867747553,17.599304370500587,0.954629537603756,5.307386417801316,0.9799703195973724,0.5092510347834723,0.1568521071952152,3.163958237104383,1.5560905990413851,0.14780764802707547,8.744507239511416,24.36964790239569,2.0923029200779313,2.8075,,,None,1.0,1.0,29.326909302107286,29.08788670851373,36.14733442544224,22.42935084577083,60.096058760276385,20.545796616025754,,,None,1.0,1.0,,,,,,,,,,,,,,,,,,,,,
359634,285023_43967,Grant Hanley,Scotland,DF,0,0,0,0,0,0,0.0,0.0,0,0,2,11,2,1,0,0,0,0,1,101,93,0,0,5,40,3,100,,,,41,0,0,41,12,29,0,1,14,206,3.88,173,45,19774.95,,,,,,,Round of 16,0.0,203.0,989.0,0.0,False,,,None,1.0,1.0,19.77495,3.88,203.0,0.023339661678439858,0.017831501522328052,0.020902067412743593,0.20940344457896237,0.07095257150245717,0.12808806329127795,0.07748767677242033,0.28810478375866155,27.37367842975843,1.2951852522259208,0.6705329202471247,57.35166892187796,1.0937795317154373,6.472451244835259,1.1228140708434162,0.3877599525341156,0.17971539492398692,5.778080750127222,1.587190352780624,0.16935258513875956,16.28221478011321,54.93137712537265,5.718173941868328,19.77495,,,None,1.0,1.0,38.769565106532085,47.85476313815858,74.19798792355965,34.66295583090694,57.352151385897564,41.165104678280926,,,None,1.0,1.0,,,,,,,,,,,,,,,,,,,,,
430147,285023_43967,Jack Hendry,Scotland,DF,0,0,0,0,0,0,0.0,0.0,0,0,2,15,4,1,3,0,0,0,0,180,95,0,0,2,0,1,0,,,,48,0,3,45,20,28,0,2,20,352,5.98,349,123,30532.32,,,,,,,Round of 16,0.0,306.0,1137.0,0.0,False,,,None,1.0,1.0,30.53232,5.98,306.0,0.021202139377453834,0.01619843448437473,0.018987787940872553,0.19022559449451582,0.06445450370745967,0.11635734090346665,0.07039110273314673,0.2617192084752901,38.91262563367106,0.6431786769813828,0.2535304710890646,78.05749479049621,0.99360763661194,6.590868777356127,1.3755759564630914,0.35224763203048964,0.696645760904793,6.315683854582892,1.4418302862243706,0.153842723322805,28.65915795265771,81.19275408355742,7.107106905652542,30.53232,,,None,1.0,1.0,34.95102013480882,37.970999480482135,75.8816702151452,38.41819594454017,59.98150199116712,73.64852444134357,,,None,1.0,1.0,,,,,,,,,,,,,,,,,,,,,
401712,285023_43967,Kieran Tierney,Scotland,DF,0,2,0,2,0,0,0.06,0.0,0,0,12,31,6,3,2,0,0,0,0,48,75,7,43,1,100,2,50,,,,47,14,22,11,8,39,1,17,20,113,4.26,119,65,12307.0,,,,,,,Round of 16,0.0,115.0,844.0,0.0,False,,,None,1.0,1.0,12.307,4.26,115.0,0.025107832165721957,0.01918238377461157,0.035118492235743065,0.6463648722378279,0.07632780978379476,0.5588891849724525,0.0833580027901969,1.7837719874180686,18.288377563964097,0.5511113365193379,0.5107825785429293,42.11549826754039,3.282129297812728,11.173766446302537,2.0500712348859746,0.838233346130016,0.6144277097230295,7.479109886488737,4.65511483292655,0.39273113121796377,21.726699895920657,47.7232488889805,4.579005269012397,12.307,,,None,1.0,1.0,62.015545907688704,67.51681005458222,51.06378093827221,65.72580710978791,51.56491660942275,46.6658982994626,,,None,1.0,1.0,,,,,,,,,,,,,,,,,,,,,
433694,285023_43967,Nathan Patterson,Scotland,DF,0,0,0,0,0,0,0.0,0.0,0,0,7,37,9,2,0,0,0,0,0,109,86,2,0,3,0,1,100,,,,55,10,19,26,10,45,0,10,21,222,6.3,203,86,21036.01,,,,,,,Round of 16,0.0,204.0,990.0,0.0,False,,,None,1.0,1.0,21.036009999999997,6.3,204.0,0.023317496009447235,0.01781456695121769,0.02088221672622056,0.2092045741967606,0.0708851878687196,0.12796641809984646,0.07741408675136482,0.6789018504795059,28.91196437534409,0.9028845354804762,0.2788254356151902,60.42576749874323,2.0704174690023986,11.55022319662987,2.4904951137770404,0.5829270369046212,0.1795447192727437,7.141340687832028,3.5410363973208967,0.16919175104454914,24.283700500757814,60.74526901073045,5.959325189658815,21.036009999999997,,,None,1.0,1.0,42.65969168389372,48.98304984227197,65.79229222615879,54.127876187106786,54.253917197121716,52.92322212597907,,,None,1.0,1.0,,,,,,,,,,,,,,,,,,,,,
442431,285023_43967,Scott Mckenna,Scotland,DF,0,0,0,0,0,0,0.0,0.0,0,0,3,3,3,0,0,0,0,0,0,52,94,0,0,1,0,1,100,,,,0,0,0,0,0,0,0,1,4,105,1.87,63,17,9598.73,,,,,,,Round of 16,0.0,102.0,817.0,0.0,False,,,None,1.0,1.0,9.59873,1.87,102.0,0.025247188058748427,0.019288851676883795,0.022610371737892734,0.22651777126309086,0.07675145169859522,0.13855656806641137,0.08382066435504477,0.3116512893971905,19.236752701703008,0.5541701674032927,0.3019002643202784,40.65551326808518,1.394890308787145,5.307699514131976,1.4262978107322275,0.20773386334738203,0.1944033480523629,4.1331442207766464,1.7169097767471282,0.18319359655427855,11.684858693460063,36.131957752140515,4.031032466996425,9.59873,,,None,1.0,1.0,52.04060884099672,53.22212514935034,53.9654789579049,35.832658225509306,50.58427725345654,33.606213217424866,,,None,1.0,1.0,,,,,,,,,,,,,,,,,,,,,
485131,285023_43967,Ben Gannon Doak,Scotland,FW,0,4,0,2,2,0,0.14,0.0,0,0,13,71,6,3,1,0,0,0,0,52,90,7,29,1,100,0,0,,,,74,39,24,11,21,53,5,30,44,142,6.19,200,96,20888.71,,,,,,,Round of 16,0.0,204.0,991.0,0.0,False,,,None,1.0,1.0,20.88871,6.19,204.0,0.023317496009447235,0.01781456695121769,0.048257164307942815,0.9913459336745393,0.0708851878687196,0.5190370978387356,0.07741408675136482,1.6565785498267294,17.76645000278575,0.5118138557415869,0.08329009574574553,44.78294030918765,3.2436295082190667,18.19842475219099,1.9038890941687066,0.7784623767740658,0.3750800591421884,11.638653504829255,9.211561253534791,1.1468684503917723,26.239053899452262,60.15866299112212,5.930522834096046,20.88871,,,None,1.0,1.0,59.05857993200867,60.066719312458375,62.97421799276902,70.64043576611508,78.01873804163138,58.51142606125579,,,None,1.0,1.0,20.586039567002615,26.8362172121028,71.29274799902984,47.73936452084702,59.12731794740499,71.01776998888198,E,D,B,C,B,B,27.046697907202354,D,51.9223590892124,42.69466316710411,,,None,1.0,30.53580620856907
433191,285023_43967,Che Adams,Scotland,FW,1,1,0,1,0,0,0.15,0.0,0,0,6,73,4,4,2,0,0,0,0,19,63,0,0,2,0,0,0,,,,63,34,26,3,56,7,3,9,16,41,6.82,192,75,17234.99,,,,,,,Round of 16,0.0,160.0,915.0,0.0,False,,,None,1.0,1.0,17.234990000000003,6.82,160.0,0.024284778153958173,0.018553570509624046,0.05229548887081763,0.42152978257903845,0.27747247856975854,0.3369216154906481,0.08062546347114115,0.2997713015324597,11.783114672352061,0.73669223684374,0.0867452275659386,26.072353690784194,1.9526580620992635,19.36064543017532,1.575574820159336,1.0144021665776706,0.5942862977489293,6.419351911339422,8.575451654960444,0.7871506092302976,23.050949525216073,61.02505712456047,5.432471123566818,17.234990000000003,,,None,1.0,1.0,66.13302991657622,51.457005839250414,43.67039074380708,59.71072899345704,45.92279139242803,47.37979403956923,,,None,1.0,1.0,34.873086972751025,31.28074607304982,49.90540868299782,21.222205735845854,54.61029223510479,65.40222737294364,C,D,C,F,B,B,31.114258682699653,D,58.04268610098907,74.62213099458855,,,None,1.0,34.98067566691546
520217,285023_43967,Findlay Curtis,Scotland,FW,0,0,0,0,0,0,0.0,0.0,0,0,1,12,0,1,0,1,0,0,0,2,100,2,0,1,100,0,0,,,,8,5,3,0,2,6,0,2,3,9,5.61,35,16,2919.32,,,,,,,Round of 16,0.0,21.0,581.0,0.0,False,,,None,1.0,1.0,2.9193200000000004,5.61,21.0,0.019815307963211643,0.015138895283893694,0.017745797199533814,0.17778294304593487,0.0602385362081634,0.1087464101021055,0.06578682243786266,0.576933699853331,6.7896668361750026,0.43494160639072593,0.07078028004459198,15.95655415168766,0.762449016406688,5.6612599055001835,0.6209324903352,0.3292071230990286,0.15257787131672965,3.0777400532566506,2.1783540486188606,0.14377987458106367,9.004718835141732,23.705572517798903,2.0538682207739325,2.9193200000000004,,,None,1.0,1.0,17.853335818356857,22.92195431723194,35.476763151781064,17.1546497502254,53.7681610380509,16.75988500015673,,,None,1.0,1.0,25.494587532661438,28.203764553932647,12.255639097744357,53.642664857875666,8.17819392121722,9.265645316298265,D,D,F,B,F,F,23.67667107686006,E,28.825456247075337,36.793717678605624,,,None,1.0,26.85317424342898
484045,285023_43967,Lawrence Shankland,Scotland,FW,0,4,0,4,0,2,0.35,0.0,0,0,4,61,9,5,3,0,0,0,1,34,59,0,0,2,0,0,0,,,,97,46,45,6,80,17,1,29,30,83,4.59,258,70,21051.5,,,,,,,Round of 16,0.0,183.0,961.0,0.0,False,,,None,1.0,1.0,21.0515,4.59,183.0,0.02378357061789964,0.018170647952075323,0.09110492278989314,1.0111611474389608,0.07230205467841491,0.9282991874061984,0.07896145445142683,0.2935843957073531,14.531581949447567,0.7214878277887734,0.08495491424713751,33.9108898193729,1.5134701588890014,16.567740997187194,2.540275610556625,1.1929099088630348,0.7814647076492012,9.079076824822028,10.791789882634047,0.37201732636727114,21.57798798355393,72.92886275419278,6.081530714673761,21.0515,,,None,1.0,1.0,62.57339857986056,47.449539208226966,47.52489808526656,58.01731890209213,50.196163692913096,54.61956658751062,,,None,1.0,1.0,32.03620754012691,37.510683963608024,68.60538442881398,14.735994234478659,60.02340806846861,57.84574217498635,D,C,B,F,B,B,32.3128877936504,D,71.7057761732852,70.96221333550967,,,None,1.0,36.290490128507244
430098,285023_43967,Lyndon Dykes,Scotland,FW,0,1,0,1,0,1,0.15,0.0,0,0,3,22,3,2,0,0,0,0,0,11,64,1,0,4,25,0,0,,,,27,11,16,0,24,3,0,13,11,27,4.83,78,34,5899.41,,,,,,,Round of 16,0.0,49.0,671.0,0.0,False,,,None,1.0,1.0,5.89941,4.83,49.0,0.02417115467935473,0.01846676217502701,0.052050809050647254,0.41955753155653286,0.07348031022523838,0.33534522865366095,0.0802482335354577,0.501062665135317,10.106432451796385,1.1386332691642165,0.0863393645146551,23.112651473636426,1.3354401819312294,8.932670437831508,1.3655090983523461,0.6042681242484551,0.18611789103103143,5.375847427190514,3.873368452321824,0.17538589835339793,14.632647677904464,37.63242523055601,3.109400431073373,5.89941,,,None,1.0,1.0,54.69173725446106,54.8091387010131,35.15706521623204,33.20094368671199,33.58685208504071,29.238429111469088,,,None,1.0,1.0,58.59462486002238,63.2281714752417,44.220227989328166,60.605803675519844,36.06067810248345,36.25040043718318,B,A,C,B,D,D,52.2590400567647,B,48.225689111632036,73.14229249011858,,,None,1.0,58.08685603406749
442433,285023_43967,Ross Stewart,Scotland,FW,0,0,0,0,0,0,0.0,0.0,0,0,0,5,0,0,0,0,0,0,0,0,0,0,0,0,0,0,0,,,,2,1,1,0,1,1,0,0,0,0,3.1,22,7,1157.14,,,,,,,Round of 16,0.0,7.0,519.0,0.0,False,,,None,1.0,1.0,1.15714,3.1,7.0,0.013091561298108753,0.010001952831755086,0.011724278636134271,0.11745748796663173,0.03979834634625061,0.07184648840402084,0.04346398350972106,0.16160223266385443,4.266225629582488,0.1775739374475471,0.04676305695684447,9.554116702869385,0.39395126258268853,2.971796051614063,0.4102371648375358,0.1077173663608388,0.10080502199543741,1.7040499848070274,1.0000614583266836,0.09499236877907709,4.961183888002981,14.234600061225848,1.1634906869694701,1.15714,,,None,1.0,1.0,0.030101907286479847,0.2394079251497839,0.03638923135635919,0.02652742043754857,0.03245297804890919,0.1283451037263101,,,None,1.0,1.0,4.65845464725644,5.470189367319415,0.25612418142129556,7.817368633020328,3.716030869390293,2.5326474079936685,G,G,G,G,G,G,3.562942182637884,G,37.043054427294884,58.52842809364548,,,None,1.0,4.873687226555307
411301,285023_43967,Angus Gunn,Scotland,GK,0,0,0,0,0,0,0.0,0.0,0,0,0,0,0,0,0,0,0,0,0,119,76,0,0,0,0,1,100,9.0,75.0,64.0,21,0,0,21,15,6,0,0,3,224,3.43,29,6,17506.02,,,,,,,Round of 16,0.0,306.0,1137.0,0.0,False,,,None,1.0,1.0,17.50602,3.43,306.0,,,,,,,,,,,,,,,,,,,,,,,,,,,,,,,,,,,,,,,,,,,,,,,,,,,,,,,,,,,,,
401334,285023_43967,John Mcginn,Scotland,MF,1,3,33,3,0,0,0.56,1.78,4,0,5,89,3,2,11,0,0,0,0,55,85,9,56,7,57,1,0,,,,52,11,39,2,25,27,2,35,41,161,6.15,331,98,28477.11,,,,,,,Round of 16,1.0,277.0,131.0,0.0,False,,,None,1.0,1.0,28.47711,6.15,277.0,0.2042952389010058,0.016629582141814044,0.1217092900456982,0.7428750682094486,0.24869883519590194,0.6670406910077731,0.8023797568390578,1.9114442216826466,17.132252134641735,1.5729417733265005,0.2602785965826101,45.27212676882986,1.5676404289322516,20.273424450053863,1.2296603758266336,0.5441520453140768,2.175418280963438,10.31689021652855,3.488023413790603,0.5229950376676852,24.85874876156505,80.06831331531757,6.921139151856838,28.47711,,,None,1.0,1.0,82.37185555936934,69.45595368051312,66.283807747334,61.267725494128655,64.9119003212822,67.03519918634541,,,None,1.0,1.0,,,,,,,,,,,,,,,,,,,,,
484051,285023_43967,Kenny Mclean,Scotland,MF,0,1,0,0,1,0,0.01,0.0,0,0,4,31,6,1,1,1,0,0,0,63,89,2,50,2,100,0,0,,,,56,2,24,30,42,14,1,4,21,137,7.3,188,56,16438.49,,,,,,,Round of 16,0.0,144.0,891.0,0.0,False,,,None,1.0,1.0,16.43849,7.3,144.0,0.024613849820002257,0.01880498126248172,0.024107242093262562,0.4272417354311947,0.07482610345280687,0.13508080781217235,0.08171798140240748,0.7166459118703767,21.024658239249522,0.7466748086507795,0.08792067155704804,46.2406503417595,1.566305068168046,10.953928934117624,2.009737247036397,0.408929031165113,0.3959329184601519,7.538368919739596,2.086652792851702,0.38500436914007075,19.44158293473745,61.02635402096699,5.3416814000226065,16.43849,,,None,1.0,1.0,49.47130029525164,62.82225630612993,59.180737356769086,48.67752269357975,57.48279042524158,47.347366949339204,,,None,1.0,1.0,,,,,,,,,,,,,,,,,,,,,
442434,285023_43967,Lewis Ferguson,Scotland,MF,1,2,0,0,2,0,0.09,0.0,8,0,15,87,28,5,10,0,0,0,0,201,92,9,11,3,33,1,100,,,,210,1,73,136,146,64,0,1,44,427,7.16,451,119,36575.01,,,,,,,Round of 16,0.0,306.0,1137.0,0.0,False,,,None,1.0,1.0,36.57501,7.16,306.0,0.021202139377453834,0.01619843448437473,0.03498946657182451,0.5458184529601149,0.24225093294025918,0.11635734090346665,1.4927625365955428,1.861887071570486,42.64635064755985,0.8209751062141825,0.2535304710890646,91.39222698295617,3.304961216638334,19.392211682117694,5.64269025805028,1.0634333489616878,1.9412207655343898,10.58279815617008,1.61962671545717,0.153842723322805,27.94797223572651,99.32798986530294,8.181475610613287,36.57501,,,None,1.0,1.0,57.14072271335863,62.913038693785104,82.07305933789927,87.94847581665857,83.51473541675396,84.52865150547278,,,None,1.0,1.0,,,,,,,,,,,,,,,,,,,,,
430097,285023_43967,Ryan Christie,Scotland,MF,0,2,0,1,1,0,0.15,0.0,0,0,3,52,8,2,1,1,0,0,0,35,83,1,100,1,100,0,0,,,,32,0,21,11,16,16,0,15,24,90,7.62,208,53,14260.28,,,,,,,Round of 16,0.0,114.0,840.0,0.0,False,,,None,1.0,1.0,14.26028,7.62,114.0,0.025120970646726772,0.019192421574099255,0.054096168083212014,0.6467031034534911,0.0763677507660494,0.34852276431476575,0.08340162254713289,0.5207521390687245,15.559382139666255,0.5513997232577312,0.08973210715010803,37.292382376713654,1.38791688091789,15.603449904618541,2.472461755430064,0.6280131012923263,0.4040903513853254,8.325659080993246,1.7083264878600075,0.18227776301264947,19.210162561813767,66.49686170351053,4.992877152903854,14.26028,,,None,1.0,1.0,63.38892605774989,60.82764911005106,50.68289987322543,53.37116709893874,53.926174372013314,47.57889674643832,,,None,1.0,1.0,,,,,,,,,,,,,,,,,,,,,
433787,285023_43967,Scott Mctominay,Scotland,MF,3,8,0,8,0,3,0.65,0.0,0,0,11,103,6,3,0,0,0,0,0,96,91,0,0,1,100,2,100,,,,117,37,45,35,71,46,0,32,64,226,7.12,483,135,36353.67,,,,,,,Round of 16,0.0,306.0,1137.0,0.0,False,,,None,1.0,1.0,36.35367,7.12,306.0,0.021202139377453834,0.01619843448437473,0.13455546694219225,1.6125970283569118,0.5978437914058583,1.538728774765863,0.07039110273314673,0.2617192084752901,23.977725578115898,0.4653822477485833,0.4313269003218641,55.65514470716348,2.5937754997071356,22.236954549842487,1.7311688149286906,0.7078404904960887,0.1632564732063945,14.138726740826069,8.020298167837954,0.153842723322805,30.792715103451304,105.01747560075253,8.142122148966898,36.35367,,,None,1.0,1.0,61.74991084371606,48.86420736463165,67.36694673373879,66.01113093860025,83.16288248306124,88.81557105036765,,,None,1.0,1.0,,,,,,,,,,,,,,,,,,,,,
370171,285023_43879,Abdoulaye Seck,Senegal,DF,0,2,0,1,1,1,0.05,0.0,0,0,1,3,1,1,1,1,0,0,0,30,87,0,0,1,0,0,0,,,,7,0,0,7,3,4,0,2,7,66,1.38,51,16,6142.53,,,,,,,Round of 16,0.0,66.0,188.0,1.0,False,,,None,1.0,1.0,6.14253,1.38,66.0,0.02499548265295503,0.22870311172283786,0.03286528259347941,0.643472596314273,0.0759862672649833,0.3467817717753974,0.0829850024078107,0.30854423786807683,14.433624794293777,0.5486452896806621,0.08928386403635537,32.07553643268005,0.9617706269687031,5.2547836544756334,0.9928650073889789,0.41526939424449416,0.40207177940373395,4.7207579448711,1.699792802331554,0.1813672221298417,11.358758282051062,33.256456342446455,3.266402316750982,6.14253,,,None,1.0,1.0,55.99604993082479,58.026526830340316,39.88967449281513,30.021798362257655,43.66861875189482,29.46946339052992,,,None,1.0,1.0,,,,,,,,,,,,,,,,,,,,,
464865,285023_43879,El Hadji Malick Diouf,Senegal,DF,0,0,0,0,0,0,0.0,0.0,5,0,14,37,5,2,0,0,0,0,0,89,83,9,33,7,71,0,0,,,,53,17,17,19,11,42,1,16,23,194,4.77,268,97,21779.39,,,,,,,Round of 16,0.0,202.0,986.0,0.0,False,,,None,1.0,1.0,21.77939,4.77,202.0,0.023361837087867245,0.01784844353513057,0.020921926822410383,0.2096024023523449,0.07101998474711643,0.12820976193821543,1.0570971706292285,2.05154308570815,25.04880053550149,1.6882301783563443,0.08344848207786179,55.05527362613217,3.4457048418411267,11.572187362607332,1.711602398482917,0.5840355441579753,0.17988614557657778,7.546735171593694,4.919120332414855,0.36542066420906655,26.48485785281204,73.59474991928315,6.116291052614999,21.77939,,,None,1.0,1.0,48.068826631453106,72.56114274611501,67.32708796216795,60.50505902979047,56.08765172083747,61.85119730165665,,,None,1.0,1.0,,,,,,,,,,,,,,,,,,,,,
430671,285023_43879,Ismail Jakobs,Senegal,DF,0,1,0,1,0,0,0.11,0.0,9,0,13,51,10,2,0,0,0,0,0,117,91,19,21,9,78,0,0,,,,90,40,28,22,25,65,6,36,40,236,5.11,384,141,29465.19,242.0,214.0,80.0,4.617249488830566,5.374155044555664,6.210819721221924,Round of 16,0.0,257.0,1050.0,0.0,True,197.29999999999998,5.12917788028717,C,1.0,1.0,29.46519,5.11,257.0,0.02217436769334122,0.01694121691771269,0.040312901913749026,0.3848977467837517,0.06741007778775732,0.3076422497401509,1.7471627792937412,3.8067574717493953,28.982164667609297,1.9743170019443288,0.07920684140061485,60.06671562968513,3.0846122305362496,13.587269889535856,2.554349184429483,0.5543493370590001,0.17074263123872743,10.324277189999838,8.945918494181749,1.2765931310174496,33.32041709478176,91.42409015658531,7.234572607940039,29.46519,197.29999999999998,5.12917788028717,C,1.0,1.0,61.5486771932215,75.47188858226066,83.73134038405131,67.663213335911,73.06315631510715,82.08355916230734,197.29999999999998,5.12917788028717,C,1.0,1.0,,,,,,,,,,,,,,,,,,,,,
339820,285023_43879,Kalidou Koulibaly,Senegal,DF,0,0,0,0,0,0,0.0,0.0,0,0,3,21,5,0,0,0,0,0,0,83,88,0,0,1,0,3,100,,,,23,1,1,21,13,10,0,0,18,189,2.65,167,44,16073.86,,,,,,,Round of 16,0.0,181.0,954.0,0.0,False,,,None,1.0,1.0,16.07386,2.65,181.0,0.023827811423151816,0.018204447927287985,0.021339234798117838,0.21378312408851813,0.07243654672638153,0.1307670290902572,0.07910833392486404,0.29413050420738596,24.349534591934738,0.5230151656689772,0.6845571369795362,55.154330412415206,1.3164706959215224,8.605970077737819,1.745741956382615,0.19605523238969313,0.183474147958269,6.698188413539361,1.820201219545362,0.1728945996863896,16.422943073493826,54.881380185028405,5.09823742173334,16.07386,,,None,1.0,1.0,37.30817073147231,37.86197242493405,55.10353952506314,36.363624665993804,45.51758409811304,37.28156562820125,,,None,1.0,1.0,,,,,,,,,,,,,,,,,,,,,
403642,285023_43879,Krepin Diatta,Senegal,DF,0,1,0,0,1,0,0.04,0.0,2,0,7,44,13,4,6,0,0,0,0,283,90,10,40,4,75,1,100,,,,69,19,23,27,13,56,3,36,126,588,5.93,467,164,45457.47,,,,,,,Round of 16,0.0,459.0,1276.0,0.0,False,,,None,1.0,1.0,45.45747,5.93,459.0,0.01873044761414614,0.01431006197720765,0.02305701452014621,0.32511894736465663,0.05694056074700428,0.10279269650643404,0.37632382882004023,1.801902359054395,50.554435444569606,0.8823372769204284,0.22397453024826752,106.026121191099,1.6631222291986483,10.377533741148904,2.628839134253871,0.7823916084513444,1.0866406748521504,22.228770775935445,4.2580634155926065,0.6071162419998568,31.757990057674593,90.26169406683488,8.622862292991416,45.45747,,,None,1.0,1.0,47.39958494833544,58.82037131744298,84.24343873981677,59.402808344817295,87.0850880539924,89.19995237942425,,,None,1.0,1.0,,,,,,,,,,,,,,,,,,,,,
430690,285023_43879,Moussa Niakhate,Senegal,DF,0,1,0,1,0,1,0.06,0.0,0,0,12,21,4,3,6,0,0,0,0,290,93,2,50,1,100,4,75,,,,58,2,1,55,29,29,0,5,56,585,5.57,386,119,42611.78,,,,,,,Round of 16,0.0,459.0,259.0,1.0,False,,,None,1.0,1.0,42.611779999999996,5.57,459.0,0.01873044761414614,0.17137943334774516,0.026198401947556963,0.32511894736465663,0.05694056074700428,0.2598620678769715,0.06218508607896519,0.545347388090095,51.65392104416336,0.4111291628088158,0.6951826443598801,105.55491307698738,2.448469086051336,6.764938199626542,1.2152147919190335,0.625322237080807,1.0866406748521504,11.233914779997816,1.587884102293469,0.13590812788824438,24.68986834600041,77.53907498582136,8.17589155357599,42.611779999999996,,,None,1.0,1.0,43.298755350573494,56.16485375708204,76.02154358094121,53.23780586064464,80.07803234347632,74.00087399297877,,,None,1.0,1.0,,,,,,,,,,,,,,,,,,,,,
484698,285023_43879,Assane Diao,Senegal,FW,0,0,0,0,0,0,0.0,0.0,0,0,1,3,0,0,0,0,0,0,0,12,100,0,0,3,33,0,0,,,,19,5,10,4,5,14,0,12,8,29,1.72,23,12,1835.5,,,,,,,Round of 16,0.0,16.0,558.0,0.0,False,,,None,1.0,1.0,1.8355,1.72,16.0,0.018112078169435622,0.013837627721448812,0.01622045272541976,0.16250156533617638,0.05506071763508429,0.09939908499386269,0.06013209952252625,0.22357549292351328,7.724897937014528,0.7013238161581065,0.06469634322122404,17.622681767484952,0.6969125188972839,3.8076901188416703,0.5675600815174346,0.14902617917811625,0.13946300190465427,3.572611443827436,1.9911130769474361,0.13142123919742488,7.623180506014978,19.845347701562968,1.7127126918449598,1.8355,,,None,1.0,1.0,13.57199492049632,15.786936031784046,42.402228726026905,13.55099065656255,49.17770764731576,13.65738618509946,,,None,1.0,1.0,18.58902575587906,21.100115861649794,18.937666747513944,36.462683087097524,11.497019128780952,3.3580191079201747,E,E,E,D,E,G,17.565036173875107,F,25.964064305978773,34.031561149727594,,,None,1.0,20.17462146445535
418781,285023_43879,Bamba Dieng,Senegal,FW,0,0,0,0,0,0,0.0,0.0,0,0,2,15,0,0,0,0,0,0,0,3,100,0,0,0,0,0,0,,,,5,3,2,0,5,0,0,1,1,5,1.68,28,15,1882.12,,,,,,,Round of 16,0.0,16.0,559.0,0.0,False,,,None,1.0,1.0,1.8821199999999998,1.68,16.0,0.018112078169435622,0.013837627721448812,0.01622045272541976,0.16250156533617638,0.05506071763508429,0.09939908499386269,0.06013209952252625,0.22357549292351328,6.357943173410883,0.24567222829022475,0.06469634322122404,13.977469064541896,0.8487963815199112,5.630296470313197,0.5675600815174346,0.14902617917811625,0.13946300190465427,2.5094244054690455,1.6873453517021817,0.13142123919742488,8.078832093882859,20.604767014676106,1.7197935175204269,1.8821199999999998,,,None,1.0,1.0,11.546783108411676,9.75866136207605,29.432152988581016,13.167495297280787,46.962943444536855,11.84284531228454,,,None,1.0,1.0,18.58902575587906,21.100115861649794,9.735629396070822,36.462683087097524,4.6486960974360825,13.307705353609586,E,E,F,D,F,E,17.16646372389953,F,24.455880776241024,14.81132075471698,,,None,1.0,19.739077263000084
496358,285023_43879,Ibrahim Mbaye,Senegal,FW,1,4,25,4,0,0,0.29,3.43,0,0,2,41,6,0,2,0,0,0,0,67,94,8,13,9,44,0,0,,,,95,36,38,21,26,69,4,41,58,176,5.55,191,104,18570.21,65.0,295.0,78.0,5.661895751953125,4.976946830749512,6.228814601898193,Round of 16,1.0,203.0,111.0,0.0,True,102.75,5.70088312625885,B,1.1,1.1,18.57021,5.55,203.0,0.21906087792235238,0.017831501522328052,0.07766122012347822,0.9922883095546127,0.2666737877463697,0.910972928266928,0.07748767677242033,1.8538745137099615,20.719157077465407,2.078070117201571,0.08336927151538716,51.480032434560584,1.0937795317154373,12.344087732152634,1.9056989358190661,0.19203873629020313,0.571157827411812,14.38981426485937,8.633154137561474,0.9522374501144096,27.829766538504053,58.45435901776308,5.482380763810637,18.57021,102.75,5.70088312625885,B,1.1,1.1,92.4265782500681,81.0204095187363,89.8893889386691,62.811631560006965,82.56888692883672,67.45120191745272,102.75,5.70088312625885,B,1.1,1.1,75.61216871967152,66.20809512051513,73.83846713558091,52.7697818852407,65.70388793387222,42.21776245124088,A,B,B,C,B,D,62.251758670886225,A,60.92388146426496,37.76650986621051,91.9,5.763476514816284,BL-B,1.05,72.45682869024904
448815,285023_43879,Iliman Ndiaye,Senegal,FW,2,3,33,2,1,0,0.21,4.76,0,0,6,41,8,2,1,0,0,0,0,59,90,2,0,4,50,0,0,,,,67,17,36,14,33,34,3,38,49,137,5.17,188,74,14673.13,,,,,,,Round of 16,1.0,134.0,50.0,2.0,False,,,None,1.0,1.0,14.673129999999999,5.17,134.0,0.23280312520424348,0.43494873117404237,0.06589316186438451,0.8465377776095777,0.491402221285366,0.5521219681186348,0.08234867626080589,0.7221769453608292,20.354928159875314,1.1684362176116567,0.08859923843481887,46.59753312225716,1.9943923381156223,13.118463822002543,2.44124690200207,0.6200844298519504,0.39898870681490595,13.420530231403124,5.222747069437846,0.8039744256627274,23.335619522941144,61.497352044257504,5.015714544773123,14.673129999999999,,,None,1.0,1.0,84.3694994140038,79.61742704412735,71.62242370239782,63.67871609786489,78.08853652640991,59.52327008212585,,,None,1.0,1.0,71.976483762598,76.10590894413947,80.45597865631822,77.29825974521482,55.689257891079336,55.92364369570543,A,A,A,A,B,B,66.03293662909296,A,45.53097608967862,42.26622920084368,,,None,1.0,73.13842516256535
401889,285023_43879,Ismaila Sarr,Senegal,FW,6,17,24,15,2,2,3.68,1.09,0,0,18,157,11,1,9,0,0,0,2,73,78,2,0,10,50,0,0,,,,127,68,51,8,96,31,7,73,102,213,6.69,556,216,46719.89,18.0,355.0,99.0,6.407315254211426,4.484910011291504,6.097647666931152,Round of 16,4.0,419.0,7.0,1.0,True,88.8,6.041537570953368,B,1.1,1.1,46.71989,6.69,419.0,0.6667527820920618,0.17660944809615395,0.6129408174762776,2.9248435936390447,1.0298543267618927,2.533869891934949,0.06408279872143925,0.5619898452799846,18.10605003206009,1.8804398121741313,0.06894691476897019,48.56323167429384,3.4943655269079748,28.984709912522373,2.385338489383008,0.3206799329325462,1.6053899202588993,19.022425475088756,12.319278941947063,1.2730944438900973,41.14401348223954,107.42200407543653,9.090346308614578,46.71989,88.8,6.041537570953368,B,1.1,1.1,108.62077567908749,86.51129640187565,83.80102098566091,95.13324831461031,79.40727316199336,108.2323797492968,88.8,6.041537570953368,B,1.1,1.1,107.55692422545727,105.90495545974282,86.41523162745575,60.28933590520805,108.45104421930435,101.0660108918914,S+,S+,A,B,S+,S,92.42742798468619,S+,66.00096828854998,49.03158715715584,76.0,6.122174453735352,BL-A,1.2,122.37753703402093
418795,285023_43879,Nicolas Jackson,Senegal,FW,3,7,0,6,1,2,0.56,0.0,0,0,10,106,13,2,0,0,0,0,5,45,80,1,0,4,50,0,0,,,,127,73,40,14,96,31,4,38,42,114,6.12,304,154,28133.46,,,,,,,Round of 16,0.0,271.0,220.0,1.0,False,,,None,1.0,1.0,28.13346,6.12,271.0,0.02188727030044248,0.2002636594112042,0.1223847633351973,1.4811650834472327,0.6171626564183434,1.221368048818825,0.07266573739746904,0.45371824949032813,15.391916417001969,1.031046073961866,0.07818132951318055,36.896918245890454,2.4940495868975767,23.5061500886201,3.0719027058563246,0.5471720298353729,0.16853198131340713,10.55768961725677,14.886972227332917,0.8929811729066751,35.27505206127629,75.55705553183319,6.8964765851398555,28.13346,,,None,1.0,1.0,70.21073877694346,70.9902505486116,63.139061864491495,72.61697120398578,62.549001260219924,75.90142611998073,,,None,1.0,1.0,39.00709219858155,48.337100419761065,67.81469803541111,58.2847574029718,83.66921473245309,74.91849925565795,C,C,B,B,A,A,43.13733316516903,B,50.310321048195526,55.27929384812344,,,None,1.0,48.119015697254234
353790,285023_43879,Sadio Mane,Senegal,FW,3,6,0,4,2,0,0.58,0.0,1,0,14,129,16,4,10,0,0,0,3,129,82,22,27,14,71,2,100,,,,164,85,65,14,84,80,18,86,103,350,6.02,435,204,42224.81,116.0,336.0,8.0,5.1331963539123535,4.7377028465271,7.123040199279785,Round of 16,0.0,421.0,257.0,1.0,True,122.0,5.571333289146423,B,1.1,1.1,42.22481,6.02,421.0,0.01927233364400222,0.17633757010181053,0.11099536529294243,1.142592420640745,0.5434284158711452,0.7522205958294554,0.22559765489588018,3.7933948448530046,27.128533427088136,2.523999034316345,0.3920677901719615,70.62952243395115,2.8425321647844144,24.414911760678052,3.189733962233138,0.8050267900140216,1.764532041036745,19.154755277810562,15.047743888939115,3.0488831824811506,39.14131304117788,87.70140098085251,8.34988670711471,42.22481,122.0,5.571333289146423,B,1.1,1.1,79.02987965591461,104.13007337339454,90.74142058302265,94.19863666454329,87.16667829433024,100.97397898561178,122.0,5.571333289146423,B,1.1,1.1,34.73684210526316,45.73287241922923,104.97889886005338,95.7186764737054,103.76394425953697,96.81666572446153,D,C,S+,S,S,S,46.32244612060909,B,40.464556334537214,53.43357865198285,105.6,5.690600156784058,BL-B,1.05,54.17956015196874
433806,285023_43879,Edouard Mendy,Senegal,GK,0,0,0,0,0,0,0.0,0.0,0,0,0,0,0,0,0,0,0,0,0,60,82,0,0,0,0,1,100,8.0,34.0,25.0,18,0,0,18,15,3,0,0,2,132,1.72,18,2,9883.83,,,,,,,Round of 16,0.0,172.0,939.0,0.0,False,,,None,1.0,1.0,9.88383,1.72,172.0,,,,,,,,,,,,,,,,,,,,,,,,,,,,,,,,,,,,,,,,,,,,,,,,,,,,,,,,,,,,,
448821,285023_43879,Mory Diaw,Senegal,GK,0,0,0,0,0,0,0.0,0.0,0,0,0,0,0,0,2,0,0,0,0,95,67,0,0,2,0,1,100,5.0,53.0,45.0,18,0,0,18,14,4,0,0,1,166,2.0,15,4,12541.47,,,,,,,Round of 16,0.0,287.0,1089.0,0.0,False,,,None,1.0,1.0,12.541469999999999,2.0,287.0,,,,,,,,,,,,,,,,,,,,,,,,,,,,,,,,,,,,,,,,,,,,,,,,,,,,,,,,,,,,,
523354,285023_43879,Bara Sapoko Ndiaye,Senegal,MF,1,1,0,0,1,0,0.04,0.0,0,0,2,11,3,0,2,0,0,0,0,10,90,1,100,0,0,0,0,,,,21,3,10,8,15,6,0,3,6,27,1.62,56,15,3984.92,,,,,,,Round of 16,0.0,36.0,633.0,0.0,False,,,None,1.0,1.0,3.9849200000000002,1.62,36.0,0.02285571769000209,0.0174617683151616,0.02813518531445755,0.3967244686146808,0.26114435127758834,0.1254321786827315,0.07588098273080694,0.47379394866536784,9.364759552946941,0.3100149547471883,0.08164062358868747,21.85482010092152,1.071100195727507,6.338246048823868,1.2911956780338516,0.1880568451533372,0.5593149652129801,4.124969454401325,2.1292691342908485,0.16584108755865518,10.1947166898998,31.367816759757442,2.5732445215165294,3.9849200000000002,,,None,1.0,1.0,42.365849640759116,37.75781166950515,32.23693461913282,28.172784861397105,40.13967361349068,23.72014173332744,,,None,1.0,1.0,,,,,,,,,,,,,,,,,,,,,
486130,285023_43879,Habib Diarra,Senegal,MF,1,3,67,2,1,0,0.54,3.68,0,0,12,73,14,2,2,0,0,0,0,54,96,1,0,2,50,0,0,,,,68,36,19,13,52,16,1,15,33,133,4.92,221,92,18234.36,23.0,284.0,95.0,6.319550514221191,5.04205322265625,6.127780914306641,Round of 16,2.0,168.0,37.0,0.0,True,80.15,6.079983520507813,B,1.1,1.1,18.234360000000002,4.92,168.0,0.4285233942837615,0.018422240653573403,0.1307853699425441,0.8229565340480252,0.27550841345088134,0.5367420016832869,0.0800547630495598,0.49985465303314175,18.776892899035126,0.7314776240893848,0.08613120891958664,44.49068641043298,3.1520678811814835,19.223602763585973,3.5864748182917787,0.6028112940796103,0.590079693209078,9.811402447629403,8.919161570460174,0.3771683173716477,26.325274725598902,66.45704894741571,5.596095710701479,18.234360000000002,80.15,6.079983520507813,B,1.1,1.1,93.72982834991342,68.98080454410704,77.94523791671898,89.16304289470679,87.15931556712708,69.61444429954821,80.15,6.079983520507813,B,1.1,1.1,,,,,,,,,,,,,,,,,,,,,
332314,285023_43879,Idrissa Gana Gueye,Senegal,MF,1,5,0,0,5,0,0.12,0.0,0,0,24,91,23,2,2,0,0,0,0,270,90,1,0,8,63,5,100,,,,142,6,54,82,103,39,2,11,86,578,5.81,449,140,39822.15,,,,,,,Round of 16,0.0,411.0,1246.0,0.0,False,,,None,1.0,1.0,39.82215,5.81,411.0,0.019422151742478456,0.014838523931253539,0.036938084031938455,0.9886047878270356,0.22191318977583824,0.10658876876272176,0.06448154378502848,0.4026168895878579,50.30407221048193,1.566400854064608,0.8837251684176519,108.3129033851376,4.493327753723552,18.415652678846016,4.354619062012492,0.4855451614945202,0.4752902653744917,16.53487192857649,2.2980030979677273,0.46666683000083115,29.021917104064684,90.66334669168936,8.023475679858665,39.82215,,,None,1.0,1.0,55.514552025477236,58.360098156056296,90.03257771424892,85.64073714325279,78.69702389832855,82.96977167096556,,,None,1.0,1.0,,,,,,,,,,,,,,,,,,,,,
464842,285023_43879,Lamine Camara,Senegal,MF,0,3,0,0,3,0,0.14,0.0,5,0,11,124,20,5,3,1,0,0,0,131,89,8,50,4,50,1,100,,,,141,32,63,46,101,40,2,25,98,307,6.56,453,176,31487.71,,,,,,,Round of 16,0.0,287.0,227.0,1.0,False,,,None,1.0,1.0,31.48771,6.56,287.0,0.02156819274539662,0.19734417068865787,0.04463686069543187,0.7361080396052231,0.06556730594600574,0.11836624178673665,0.975936757070591,1.7131663426985748,30.722011736582775,1.016015252123259,0.25790765591773157,71.26617844941917,2.6385568418373984,26.41906142524173,4.293182316493246,1.0817934470649975,0.7086732984330785,20.532277240766938,7.254437665255548,0.5182309494229476,38.739857980527496,101.40461240549216,7.402608216621501,31.48771,,,None,1.0,1.0,62.93047383478901,84.99392653121116,81.01946935690935,84.60439153528814,88.82374682361241,88.89031186435089,,,None,1.0,1.0,,,,,,,,,,,,,,,,,,,,,
431788,285023_43879,Pape Gueye,Senegal,MF,3,8,25,1,7,0,0.37,5.4,0,0,7,51,10,4,2,1,0,0,0,161,86,3,33,13,54,5,100,,,,107,13,51,43,79,28,2,16,99,369,6.87,356,114,29411.07,38.0,256.0,66.0,6.039241313934326,5.199975490570068,6.275955677032471,Round of 16,2.0,257.0,27.0,1.0,True,77.69999999999999,5.972530031204223,B,1.1,1.1,29.41107,6.87,257.0,0.3940730073715298,0.20289053675680696,0.08865972507191354,1.6865429856574115,0.6252580373050401,0.3076422497401509,0.07361890074189285,0.8315683543238869,37.16393474052945,2.7181142813007058,1.0089534405960865,84.79797516828467,1.9689163115016841,13.587269889535856,2.554349184429483,0.9262479767371886,0.5426412709169159,21.295287060506396,3.925286858526202,0.5327958516610725,28.29978545912621,86.21750920109065,7.224509030750348,29.41107,77.69999999999999,5.972530031204223,B,1.1,1.1,92.67203342582373,95.74604018335104,94.6570770627153,77.36630201509824,89.47643992528698,83.52180927206915,77.69999999999999,5.972530031204223,B,1.1,1.1,,,,,,,,,,,,,,,,,,,,,
418798,285023_43879,Pape Matar Sarr,Senegal,MF,0,4,0,0,4,0,0.23,0.0,0,0,3,25,3,1,0,0,0,0,0,48,90,1,0,2,50,0,0,,,,36,6,12,18,24,12,1,4,13,106,3.29,157,44,10328.88,,,,,,,Round of 16,0.0,94.0,786.0,0.0,False,,,None,1.0,1.0,10.32888,3.29,94.0,0.025290665736140885,0.019322068622411637,0.07142814623118561,1.0752354638460002,0.0768836238378683,0.13879517355994117,0.08396501024398774,0.5242698805622592,18.42155231776678,0.7672063954756871,0.09033825800949524,40.93760721673535,1.39729242147796,9.982641657002468,1.4287540096537188,0.4201735003923033,0.19473812616828481,6.048998950178412,2.9923578490125413,0.39559097329677434,17.431192328131267,56.12987872887343,4.192825828619707,10.32888,,,None,1.0,1.0,70.41255684452318,64.74459512553928,57.92974528547238,45.89821475902074,56.206317759448154,44.3829541184701,,,None,1.0,1.0,,,,,,,,,,,,,,,,,,,,,
448825,285023_43879,Pathe Ciss,Senegal,MF,1,2,0,1,1,1,0.2,0.0,0,0,3,11,5,1,0,0,0,0,0,139,92,0,0,0,0,8,75,,,,31,0,5,26,24,7,0,2,17,298,6.06,190,63,21513.7,,,,,,,Round of 16,0.0,232.0,1025.0,0.0,False,,,None,1.0,1.0,21.5137,6.06,232.0,0.022703994795487292,0.01734585202375229,0.058410920583602526,0.5844815513506713,0.259410799201061,0.3149901784604139,0.07537726272101782,0.2802581117554951,33.86298805614059,0.30795698540598965,1.6042239095917181,73.30560896657659,1.2543805764541427,6.296170930041,1.6634056560252881,0.3771991242000491,0.17482075992525217,6.191883913947062,1.5439624620723178,0.16474018623605577,19.26579263963788,56.67193585156915,5.893478482703752,21.5137,,,None,1.0,1.0,53.5361852906765,36.96470592580843,63.5676121230648,37.28366481518602,56.17112564722358,43.238558280882636,,,None,1.0,1.0,,,,,,,,,,,,,,,,,,,,,
395050,285023_43883,Aubrey Modiba,South Africa,DF,1,5,0,1,4,0,0.12,0.0,2,0,12,67,14,4,6,1,0,0,2,139,83,8,50,9,33,1,100,,,,96,27,48,21,19,77,2,26,54,308,5.96,442,154,37864.78,,,,,,,Round of 16,0.0,381.0,1205.0,0.0,False,,,None,1.0,1.0,37.864779999999996,5.96,381.0,0.019890959747014467,0.015196693246719052,0.03782968809805862,1.012467531976145,0.2272696858561102,0.2759627553168016,0.39964032281046047,1.5799433529186362,29.66734878181897,1.7710114920351803,0.23785167644152186,65.89102310905054,2.600172779409394,14.856937973386941,2.958519469785052,0.8308674896991799,1.1539673994031285,11.596349968670445,5.856296368716,0.4779311403747094,32.05765867525753,91.68415219817089,7.890653124429204,37.864779999999996,,,None,1.0,1.0,56.7030938277287,64.56858423233186,74.62749301097627,72.972722144766,68.10025659307051,86.08753133998002,,,None,1.0,1.0,,,,,,,,,,,,,,,,,,,,,
506039,285023_43883,Ime Okon,South Africa,DF,0,1,0,1,0,1,0.01,0.0,0,0,3,22,5,1,1,0,0,0,0,280,92,0,0,2,50,2,50,,,,52,1,2,49,14,38,0,3,46,582,5.9,460,183,39562.72,308.0,93.0,341.0,4.455293655395508,6.0618205070495605,4.824283123016357,Round of 16,0.0,402.0,1218.0,0.0,True,283.99999999999994,4.788520050048828,C,1.0,1.0,39.56272,5.9,402.0,0.01955969514229206,0.014943607088711132,0.019157113150274484,0.33951284168098506,0.059461473232567875,0.2713668638052395,0.06493818787240965,0.24144487683645313,52.30054713620496,0.593354218638731,0.39791374477694863,109.73604453232988,1.0806601168148748,7.228463550389772,1.4330388913005676,0.3249604284951198,0.31463290945998956,10.091037974260976,1.49416076532077,0.1419251479524712,36.28044397244481,93.1096603647414,8.03774361347112,39.56272,283.99999999999994,4.788520050048828,C,1.0,1.0,35.63272727412258,37.00093876621293,78.47973128643841,39.47944645017945,65.55114300357421,90.16090570206569,283.99999999999994,4.788520050048828,C,1.0,1.0,,,,,,,,,,,,,,,,,,,,,
463218,285023_43883,Khuliso Mudau,South Africa,DF,0,0,0,0,0,0,0.0,0.0,0,0,32,82,16,4,10,0,0,0,1,187,90,5,20,5,20,0,0,,,,62,30,25,7,17,45,6,17,64,394,5.83,399,189,39120.48,,,,,,,Round of 16,0.0,402.0,1218.0,0.0,False,,,None,1.0,1.0,39.12048,5.83,402.0,0.01955969514229206,0.014943607088711132,0.017516880581631075,0.17548958481664437,0.059461473232567875,0.10734360694089884,0.06493818787240965,1.0615611611581568,37.04638424782128,1.085423989231753,0.06986723104826724,78.89967224183384,5.837334565880755,17.069858962250212,3.2372947168083153,0.8170301990881419,1.790842221239056,13.043456597819107,6.250835214386651,1.1260646891385155,37.264583513630846,83.10424169601663,7.965205968355432,39.12048,,,None,1.0,1.0,48.36484400484904,60.956380195853946,81.55000946457176,87.75616426054142,80.71900474206382,87.40083421425665,,,None,1.0,1.0,,,,,,,,,,,,,,,,,,,,,
504199,285023_43883,Mbekezeli Mbokazi,South Africa,DF,1,4,0,0,4,0,0.06,0.0,0,0,9,49,16,3,4,0,0,0,1,213,87,2,0,7,57,3,67,,,,29,5,6,18,13,16,0,4,29,466,5.31,336,138,35585.09,236.0,78.0,277.0,4.6229448318481445,6.160454273223877,5.2310662269592285,Round of 16,0.0,402.0,1218.0,0.0,True,222.54999999999998,5.005601596832276,C,1.0,1.0,35.585089999999994,5.31,402.0,0.01955969514229206,0.014943607088711132,0.027358275993491516,0.8315826122740072,0.22348473009690856,0.10734360694089884,0.06493818787240965,0.5694913905651345,41.310988926294144,1.4134705029604344,0.5619370016412893,90.70934673606638,2.064799658000919,11.657091485726971,3.2372947168083153,0.6530069422238012,0.8067026800530117,7.302642607567184,2.150253792778133,0.1419251479524712,28.899397413549472,72.77077651356316,7.38531978626981,35.585089999999994,222.54999999999998,5.005601596832276,C,1.0,1.0,44.985470973822835,48.96331896947726,77.18503566915327,63.38601651036259,58.52286383321924,73.26948174185722,222.54999999999998,5.005601596832276,C,1.0,1.0,,,,,,,,,,,,,,,,,,,,,
463221,285023_43883,Nkosinathi Sibisi,South Africa,DF,0,0,0,0,0,0,0.0,0.0,0,0,2,15,6,1,0,1,0,0,0,52,81,0,0,1,100,3,100,,,,16,0,2,14,4,12,0,0,12,108,1.39,101,38,9387.59,,,,,,,Round of 16,0.0,101.0,815.0,0.0,False,,,None,1.0,1.0,9.38759,1.39,101.0,0.02525465717453112,0.01929455808134177,0.02261706077922308,0.2265847841698932,0.0767741578105746,0.13859755857382677,0.0838454618194433,0.3117434881624121,19.242443693225617,0.5543341128349192,0.7255494641861626,41.302880604029966,1.1835230295351487,7.8506290563985095,2.062059594738582,0.41957526215162116,0.1944608602438896,5.8286065115006185,1.717417706496814,0.18324779245839776,16.13569433765934,44.19028484381637,3.9875097885243647,9.38759,,,None,1.0,1.0,52.19999531876011,53.355098962422254,42.28319966608743,36.88578509418481,40.44329496525591,34.54469832433891,,,None,1.0,1.0,,,,,,,,,,,,,,,,,,,,,
430917,285023_43883,Evidence Makgopa,South Africa,FW,3,4,0,4,0,2,0.42,0.0,0,0,15,76,9,1,1,0,0,0,2,29,69,0,0,1,100,0,0,,,,43,32,10,1,35,8,3,30,28,77,6.21,319,106,25410.78,,,,,,,Round of 16,0.0,241.0,1039.0,0.0,False,,,None,1.0,1.0,25.41078,6.21,241.0,0.022510994679117383,0.01719839993484568,0.09944426994787325,0.9570574400043067,0.634750020631966,0.8786291345422617,0.07473650233466972,0.27787571831902497,12.810186671190731,0.4941113307633645,0.08040927299380729,30.963803146920295,3.508983835921246,18.512841926375657,2.4043543196871697,0.3739926631555942,0.36210685796502023,8.215742681615493,7.571548048104823,0.7296563741991249,27.21922424313067,80.54179772070489,6.579040081676297,25.41078,,,None,1.0,1.0,69.77766737476568,45.699921120787536,46.232744932004515,75.08496950748922,46.01340897892593,67.90415902377583,,,None,1.0,1.0,39.3430384471818,31.090808942240113,46.46616541353384,8.567734277296138,73.75736074028018,74.08935873518384,C,D,C,G,B,A,32.74972874646296,D,68.68771929824563,52.70783847980998,,,None,1.0,36.76785263554295
481242,285023_43883,Iqraam Rayners,South Africa,FW,0,1,0,1,0,1,0.11,0.0,0,0,7,83,2,1,1,0,0,0,2,24,88,2,0,3,33,0,0,,,,75,57,17,1,51,24,5,25,28,62,6.68,193,108,19309.81,,,,,,,Round of 16,0.0,182.0,956.0,0.0,False,,,None,1.0,1.0,19.309810000000002,6.68,182.0,0.02380569953190406,0.0181875544423747,0.043278655945892544,0.41321404231933917,0.07236932657698834,0.3302749851501854,0.07903492244592149,0.6931161672600156,12.548809487517069,0.9217884268080344,0.0850339587279613,29.75022605217127,2.113766253147728,20.97500083165351,1.1452340127699372,0.3955026018676025,0.3829331925147572,8.688265645205444,12.99775323975607,1.1708806863989751,29.18397839294995,60.02081295517726,5.739496778528995,19.309810000000002,,,None,1.0,1.0,57.70910733195465,59.17478254875629,57.00879463191234,58.80130710467698,58.11431870923288,58.088339244114295,,,None,1.0,1.0,22.041806644270242,24.936845904005775,53.497453310696095,35.90096869237128,66.00343806005634,62.86769555467615,E,E,C,D,B,B,25.384871074943028,E,47.49605678233438,47.27665900797405,,,None,1.0,28.719827606290675
506038,285023_43883,Kamogelo Sebelebele,South Africa,FW,0,0,0,0,0,0,0.0,0.0,0,0,1,4,0,1,0,0,0,0,0,5,80,1,0,0,0,0,0,,,,5,2,3,0,2,3,1,2,2,13,1.94,27,11,1742.93,,,,,,,Round of 16,0.0,13.0,548.0,0.0,False,,,None,1.0,1.0,1.74293,1.94,13.0,0.016801521392674466,0.01283636234400329,0.015046770498423541,0.1507432499350753,0.05107662503373039,0.09220674940299747,0.05578105102367923,0.3482918047987211,6.179681708996922,0.22789583617023645,0.0600150344146332,14.093235621660801,0.6464852064759076,3.673066466095239,0.5264924743608471,0.279136742746473,0.1293717147235934,2.468740880011174,1.4243583102425292,0.26280566395279337,6.930687313220948,18.972950017463713,1.5757413995236251,1.74293,,,None,1.0,1.0,8.451665951528774,12.58710017047422,11.916172908379528,7.286403135024322,21.187670394954598,7.216424517586815,,,None,1.0,1.0,14.17506532288167,16.427662443731126,10.283773951006546,34.184030353774084,9.823707984345855,11.402189684738161,F,F,F,E,F,F,13.847629348025889,F,28.07726864330638,36.91358024691358,,,None,1.0,16.11238638637088
419211,285023_43883,Lyle Foster,South Africa,FW,0,1,0,1,0,1,0.07,0.0,0,0,1,25,1,0,1,0,0,0,0,5,20,0,0,1,0,0,0,,,,20,10,8,2,12,8,0,6,7,15,1.49,66,16,5968.5,,,,,,,Round of 16,0.0,59.0,707.0,0.0,False,,,None,1.0,1.0,5.9685,1.49,59.0,0.024743087743153973,0.01890371903576964,0.03668322213376921,0.4294850185817238,0.07521898673918809,0.34328010088457533,0.08214705130727121,0.3054286751014927,9.100628638138776,0.5431052774982869,0.08838230941854601,21.169658020504023,0.9520590317171359,9.766503618554651,0.9828394328696192,0.20358612595067088,0.39801181097243193,4.673089520450919,3.7575292923869066,0.17953584466432523,11.244061846224833,36.032995781734904,3.1973099333676984,5.9685,,,None,1.0,1.0,55.43288437606081,45.6628529497181,26.290033286439,27.446594845564427,23.477069469284082,23.848322017458287,,,None,1.0,1.0,48.982829413960424,52.95257269843682,19.80839194761096,46.28738580240371,25.755059833550014,27.327717790717386,B,B,E,C,E,E,42.22231318341193,C,50.73487846240814,74.94267250364811,,,None,1.0,47.119118069371446
419223,285023_43883,Oswin Appollis,South Africa,FW,1,4,0,0,4,0,0.15,0.0,7,0,12,115,9,1,2,0,0,0,0,99,83,7,14,3,33,1,100,,,,209,85,102,22,102,107,2,46,83,231,6.39,405,182,30714.27,,,,,,,Round of 16,0.0,287.0,1090.0,0.0,False,,,None,1.0,1.0,30.71427,6.39,287.0,0.02156819274539662,0.016478099257483017,0.046445521409743624,0.9169741110363979,0.24643337737718057,0.11836624178673665,1.3376688999329407,1.5323002712673996,24.934297450785177,0.8351491806920843,0.25790765591773157,57.520357020649875,2.8194229132685735,24.791266782361152,2.303655530750322,0.3583291613402982,0.5278072270019036,17.819286169299314,16.840339451107813,0.5182309494229476,39.82505440911455,92.72304097679576,7.262719162333774,30.71427,,,None,1.0,1.0,58.3187401590182,62.42539187727994,68.74235325561658,77.51023190963328,65.92969084660186,86.41318774376407,,,None,1.0,1.0,18.533034714445684,18.25105889950426,77.22047053116664,44.25249591962185,94.05654511539446,82.41845214540109,E,E,A,C,S,A,25.059042291815242,E,49.85603350492976,42.66855560564105,,,None,1.0,28.363774805432943
486161,285023_43883,Relebohile Mofokeng,South Africa,FW,1,3,0,0,3,0,0.12,0.0,1,0,18,107,13,3,2,0,0,0,0,54,81,2,0,6,50,2,100,,,,56,18,34,4,37,19,3,34,22,130,5.73,341,100,23444.92,,,,,,,Round of 16,0.0,184.0,964.0,0.0,False,,,None,1.0,1.0,23.44492,5.73,184.0,0.023761426327516082,0.018153729714222286,0.04519074786574088,0.8109616396072391,0.2714927769012371,0.1304027076854083,0.27814597627294163,0.691827128318035,18.503212772647395,1.5178482318999573,0.4833918965730639,43.244444154937085,4.301673576628202,25.718185065903995,3.334942586651691,0.7932831384195669,0.5814790644530503,7.476559195537743,5.202516771556992,0.7701870320292213,27.535638482209123,89.39937789787895,6.552776533025969,23.44492,,,None,1.0,1.0,61.483775061641964,65.00351344757907,65.04555437264017,89.07563521501189,62.02814527076631,70.7570292400894,,,None,1.0,1.0,26.754385964912288,27.482003456855775,65.62939607082221,38.4233842762363,79.49965253648368,93.38571993894512,D,D,B,D,A,S,30.212320342594882,D,43.3067806489217,57.06517798883491,,,None,1.0,33.995073139377766
463234,285023_43883,Thapelo Maseko,South Africa,FW,1,8,13,4,4,0,0.47,2.13,1,0,9,97,23,4,10,0,0,0,0,49,76,2,0,5,40,0,0,,,,84,43,37,4,42,42,3,40,49,152,4.77,299,159,27093.85,53.0,254.0,182.0,5.801723957061768,5.211858749389648,5.70704984664917,Round of 16,1.0,255.0,123.0,0.0,True,115.4,5.6895756483078,B,1.1,1.1,27.09385,4.77,255.0,0.2085140964051874,0.016972996103822195,0.10745585073182887,1.6897066877505504,0.25383466191801113,0.8671137392889268,0.260055131694281,0.6468301191165748,16.368257830191713,1.2328279933258497,0.07935542157441478,44.530348628483296,2.3452059695077043,22.18247168750191,4.9810164889442605,0.9279854792424252,2.034044248032514,12.020327184286934,9.52159409644396,0.7200934298148648,36.73628760028654,75.76024676153105,6.806367368311173,27.09385,115.4,5.6895756483078,B,1.1,1.1,92.71878679263432,71.09422014844866,72.77591921657157,90.66147043611959,73.7273281641531,83.94375065657732,115.4,5.6895756483078,B,1.1,1.1,77.54199328107504,69.34205777887519,83.75260732476355,48.090171057930775,93.68567353059508,92.69169163510284,A,B,A,C,A,A,66.57121909432536,A,67.1479101999567,58.262864634546055,111.80000000000001,5.714335203170776,BL-B,1.05,77.41297088725159
504193,285023_43883,Tshepang Moremi,South Africa,FW,0,0,0,0,0,0,0.0,0.0,0,0,1,18,1,1,1,0,0,0,0,9,67,0,0,0,0,0,0,,,,14,8,4,2,4,10,2,4,5,20,3.72,67,41,5585.39,,,,,,,Round of 16,0.0,44.0,183.0,1.0,False,,,None,1.0,1.0,5.58539,3.72,44.0,0.02375941250347064,0.21739334453731116,0.021277979461608164,0.21316944898113863,0.07222861401055077,0.1303916558190469,0.07888124951152255,0.2932861879428416,9.535792689442934,0.32227267119707576,0.08486862146239713,21.32425223742604,0.9142093944390983,7.9835427517661905,0.9437661035934156,0.39473359946321607,0.3821886296613836,4.088825936025051,3.2096643149632946,0.5708806038945021,15.778076737132553,34.799725110805575,2.993867817203318,5.58539,,,None,1.0,1.0,38.38384413797048,52.629524460660235,23.72790387178624,24.392028489278125,24.492023350797233,23.774097271000187,,,None,1.0,1.0,49.58006718924973,56.20049763528271,36.35217074945428,64.87695275240053,36.4492886141692,35.90922795711082,B,B,D,A,D,D,46.25347990747464,B,40.99911082370058,67.02246296001275,,,None,1.0,51.52421754845618
395986,285023_43883,Ronwen Williams,South Africa,GK,0,0,0,0,0,0,0.0,0.0,0,0,0,0,0,0,0,0,0,0,0,237,76,0,0,7,29,3,67,14.0,72.0,59.0,60,0,0,60,42,18,0,0,8,443,3.09,36,7,20708.63,,,,,,,Round of 16,0.0,402.0,1218.0,0.0,False,,,None,1.0,1.0,20.70863,3.09,402.0,,,,,,,,,,,,,,,,,,,,,,,,,,,,,,,,,,,,,,,,,,,,,,,,,,,,,,,,,,,,,
463236,285023_43883,Jayden Adams,South Africa,MF,0,0,0,0,0,0,0.0,0.0,0,0,2,43,2,0,0,0,0,0,0,44,91,0,0,2,50,2,100,,,,40,10,19,11,31,9,0,11,20,92,5.27,181,57,14495.71,,,,,,,Round of 16,0.0,130.0,870.0,0.0,False,,,None,1.0,1.0,14.495709999999999,5.27,130.0,0.0248750036498193,0.01900450278846194,0.022277058268632167,0.22317853274617871,0.07562001109545066,0.1365140200302083,0.08258501211740008,0.30705704505336934,17.284401813855524,0.7545970551637403,0.5060460186947461,37.34443392385813,1.165731115487954,13.573305547117577,1.196675620028329,0.20467153003071312,0.19153752810360858,7.409755031650994,3.777562276490269,0.1804930264830888,19.856455080132484,60.213672057156494,4.993100203283418,14.495709999999999,,,None,1.0,1.0,45.071829772070885,50.97201826958327,56.6086066661824,41.64105123516908,55.41315532932796,43.62820536297881,,,None,1.0,1.0,,,,,,,,,,,,,,,,,,,,,
390475,285023_43883,Sphephelo Sithole,South Africa,MF,0,0,0,0,0,0,0.0,0.0,0,0,7,72,13,5,1,0,1,0,0,129,84,0,0,1,0,5,80,,,,115,3,48,64,85,30,0,11,47,288,6.6,463,119,28152.2,,,,,,,Round of 16,0.0,252.0,1044.0,0.0,False,,,None,1.0,1.0,28.1522,6.6,252.0,0.022278621858185067,0.01702086709965339,0.019951842591316216,0.19988379531163641,0.06772701044888262,0.12226507675771965,0.07396502456917442,0.27500730821743646,31.36030897728477,0.4890107989823049,1.01369709776685,70.06394876731879,1.9781732936416834,17.574446295585574,3.126829331820561,1.1174263611385598,0.35836896040590765,11.680582424149284,2.075506117137665,0.16165368020299084,29.366956515950385,106.61298838181371,7.023288917776291,28.1522,,,None,1.0,1.0,43.679078261758555,45.25310960787533,62.67108632618352,64.28347043890928,70.4252607749608,79.31281041535784,,,None,1.0,1.0,,,,,,,,,,,,,,,,,,,,,
403616,285023_43883,Teboho Mokoena,South Africa,MF,2,4,25,1,3,0,0.84,1.19,0,0,13,95,22,3,6,2,0,0,0,196,90,3,0,6,50,4,100,,,,144,13,50,81,89,55,1,12,87,428,6.15,423,121,30982.52,117.0,62.0,191.0,5.132003784179688,6.284855842590332,5.66510534286499,Round of 16,1.0,301.0,139.0,0.0,True,127.25,5.43820698261261,B,1.1,1.1,30.98252,6.15,301.0,0.1998899298806252,0.016270991072298267,0.16909080846095148,0.9054489441448401,0.4219288528439602,0.29547135387601087,0.07070640099480399,0.7986699736465289,41.94440955045832,1.3604309097429976,0.7904445569846167,91.98018702777023,2.9625792709189684,20.907816516491923,4.596408264508541,0.7110110740999586,1.2355446641304886,18.30969230098178,3.76999525721867,0.3331246421166173,28.430343401767892,94.77230424038724,7.219343792765816,30.98252,127.25,5.43820698261261,B,1.1,1.1,89.82239067227152,74.7316286645702,97.26421669160544,94.49862017942371,94.03138330876325,86.73330625151065,127.25,5.43820698261261,B,1.1,1.1,,,,,,,,,,,,,,,,,,,,,
494248,285023_43883,Thalente Mbatha,South Africa,MF,1,4,0,0,4,0,0.11,0.0,0,0,12,99,14,4,0,1,0,0,0,97,85,4,0,4,50,1,100,,,,86,15,38,33,65,21,1,12,38,222,6.41,446,145,31917.63,225.0,85.0,282.0,4.646296977996826,6.098241329193115,5.220149517059326,Round of 16,0.0,293.0,1101.0,0.0,True,218.25,5.007551765441894,C,1.0,1.0,31.917630000000003,6.41,293.0,0.0214510815544876,0.016388626307628523,0.0389979709279182,0.9119951157425462,0.2450952909345632,0.11772353557102795,0.07121759076089883,0.9843281627442784,24.439140944515522,1.0104984822407532,0.2565072663215506,55.58907637779305,2.8041139822446914,21.778510863335292,3.1905671337163155,0.8960355110660074,0.1651733279695545,9.627750693797317,4.157019395165189,0.3355330507682829,32.953103814933726,99.59481659532743,7.439749190299366,31.917630000000003,218.25,5.007551765441894,C,1.0,1.0,55.02600126848867,57.43690795781394,65.9394237132007,74.52406080214753,65.3633124064331,85.48960482811422,218.25,5.007551765441894,C,1.0,1.0,,,,,,,,,,,,,,,,,,,,,
395984,285023_43883,Themba Zwane,South Africa,MF,0,0,0,0,0,0,0.0,0.0,0,0,2,12,0,1,0,0,1,0,0,7,71,0,0,0,0,0,0,,,,6,0,5,1,5,1,0,0,5,14,5.29,35,10,2021.04,,,,,,,Round of 16,0.0,19.0,569.0,0.0,False,,,None,1.0,1.0,2.02104,5.29,19.0,0.019193954472927467,0.014664181217316585,0.01718933786777492,0.17220815953110524,0.058349621597699505,0.10533642214742593,0.0637239288501192,0.23693017401381666,7.3815427660269854,0.2603467984707882,0.06856080537729692,16.26098173912123,0.8994969517728404,5.483738384854674,0.6014617573636551,0.3188840942900007,0.1477934494415415,3.3031430744478985,1.3052656799769595,0.13927133365556169,7.756618228367286,22.96223104410264,1.844880800847014,2.02104,,,None,1.0,1.0,7.454897495499134,6.637815983583102,8.357599892861002,10.07861726939713,15.043994277052938,7.139743154124889,,,None,1.0,1.0,,,,,,,,,,,,,,,,,,,,,
335999,285023_43969,Aymeric Laporte,Spain,DF,1,4,0,2,2,2,0.15,0.0,0,0,16,19,2,2,2,0,0,0,0,388,94,0,0,7,57,7,100,,,,77,4,3,70,35,42,0,3,44,799,5.9,348,104,39650.58,239.0,7.0,176.0,4.621682167053223,7.354978084564209,5.728387355804443,Round of 16,0.0,403.0,252.0,1.0,True,188.45000000000002,5.308352851867676,C,1.0,1.0,39.650580000000005,5.9,403.0,0.01954428385659288,0.17882585411363452,0.042087182037689956,0.8309273997501415,0.2233086441712399,0.43504707229937684,0.06488702240388837,0.2412546399257825,69.9598932899637,1.4123568149612087,1.2170703306661328,145.21458498078147,3.2104309297677536,6.731086105604111,0.9402277214245894,0.48859841006644134,0.4782790281901602,9.755299098786248,1.9846655643725324,0.14181332366343796,23.304230557620983,74.68016792256935,8.045810321018683,39.650580000000005,188.45000000000002,5.308352851867676,C,1.0,1.0,53.294013560694296,60.621065711008,92.4531961272803,56.41014460247622,74.00300777889103,70.32255821909013,188.45000000000002,5.308352851867676,C,1.0,1.0,,,,,,,,,,,,,,,,,,,,,
430735,285023_43969,Marc Cucurella,Spain,DF,2,3,0,3,0,1,0.26,0.0,0,0,9,50,11,5,2,0,0,0,1,246,92,9,22,7,57,0,0,,,,212,86,65,61,52,160,11,69,103,510,6.33,451,174,42922.07,195.0,29.0,161.0,4.748912334442139,6.654880523681641,5.784273624420166,Round of 16,0.0,407.0,179.0,2.0,True,161.6,5.293647885322571,C,1.0,1.0,42.92207,6.33,407.0,0.019482961561180456,0.3416445548428333,0.059926905443042654,0.6649404894420483,0.38598777535608003,0.5970618513628955,0.06468343238311912,1.710915752456623,46.54045696355248,1.4079253933511715,0.06959313869653658,97.54220039723032,2.0566993542444534,11.774739967303075,2.4076957306366538,0.9772047382506213,0.47677837623118086,19.364098177469195,15.375580923040447,1.9385460162434278,34.667696051861604,91.27396882188678,8.55506106109156,42.92207,161.6,5.293647885322571,C,1.0,1.0,69.34010743011227,88.70157093899988,95.05645910060719,70.25283025608205,93.53027008744876,90.97237739674068,161.6,5.293647885322571,C,1.0,1.0,,,,,,,,,,,,,,,,,,,,,
382739,285023_43969,Marcos Llorente,Spain,DF,0,0,0,0,0,0,0.0,0.0,0,0,12,37,10,2,1,0,0,0,0,144,93,6,33,5,80,0,0,,,,53,19,14,20,12,41,3,22,33,309,3.03,196,83,20573.67,,,,,,,Round of 16,0.0,203.0,207.0,1.0,False,,,None,1.0,1.0,20.57367,3.03,203.0,0.023339661678439858,0.21355271776624057,0.020902067412743593,0.20940344457896237,0.07095257150245717,0.12808806329127795,0.07748767677242033,1.462432081222137,35.78969072824667,1.2951852522259208,0.08336927151538716,77.51095419500095,3.0509916941545625,11.561202867176982,2.6885838007947163,0.5834811687780281,0.3754366111678994,9.496783858761559,5.3058934614149615,0.7565162338704972,23.71962099738189,59.43296509898265,5.874500391706666,20.57367,,,None,1.0,1.0,54.315442014269635,86.07532918331606,86.37506259541836,66.72154915980475,74.53649387943412,59.30134748789897,,,None,1.0,1.0,,,,,,,,,,,,,,,,,,,,,
474973,285023_43969,Pau Cubarsi,Spain,DF,0,2,0,1,1,1,0.25,0.0,0,0,5,13,6,2,1,0,0,0,0,366,98,1,0,3,100,1,100,,,,88,0,0,88,52,36,0,3,51,781,6.2,412,127,42045.14,324.0,6.0,232.0,4.377198219299316,7.432014465332031,5.48000431060791,Round of 16,0.0,407.0,1235.0,0.0,True,253.3,5.111122179031372,C,1.0,1.0,42.045139999999996,6.2,407.0,0.019482961561180456,0.014884982632741866,0.05829310758199219,0.5015607033370024,0.05922820314598859,0.270302279152804,0.06468343238311912,0.40387746361625726,66.14603129615796,0.7544062489309887,0.2329729248015823,141.8181224316977,1.403180209824271,5.729687881416383,1.590796800111425,0.48706537993548416,0.31339859012613525,10.868349300006823,1.3249193180065157,0.14136836908792536,26.988846104924455,84.90215716379,8.411788425262461,42.045139999999996,253.3,5.111122179031372,C,1.0,1.0,45.51531189418511,43.75567465919352,86.72185606433406,44.95881541609964,80.62354076780609,81.19200802407887,253.3,5.111122179031372,C,1.0,1.0,,,,,,,,,,,,,,,,,,,,,
430144,285023_43969,Pedro Porro,Spain,DF,2,3,33,2,1,1,0.41,2.41,0,0,10,19,6,2,2,0,0,0,0,136,90,10,40,6,33,5,100,,,,90,24,43,23,21,69,4,33,65,311,3.05,221,105,20679.47,,,,,,,Round of 16,1.0,203.0,110.0,0.0,False,,,None,1.0,1.0,20.679470000000002,3.05,203.0,0.21906087792235238,0.017831501522328052,0.10114776607274774,0.7965670933107,0.46239500399028227,0.5195304957791029,0.07748767677242033,2.245316946197787,34.22392099829536,1.4909064684698334,1.0619753527349498,77.90239662748877,2.6595492616667373,8.038220974786558,1.9056989358190661,0.5834811687780281,0.571157827411812,15.759862778566758,6.284499542634526,0.9522374501144096,28.025487754747967,64.32599550508046,5.895207696385272,20.679470000000002,,,None,1.0,1.0,86.44683650751995,74.34155886261,86.26813460916938,65.01609352219508,80.76411010612952,66.51581789758278,,,None,1.0,1.0,,,,,,,,,,,,,,,,,,,,,
430750,285023_43969,Dani Olmo,Spain,FW,0,6,0,3,3,0,0.35,0.0,0,0,9,80,7,3,3,0,0,0,0,91,90,0,0,3,33,1,100,,,,92,31,40,21,68,24,1,34,48,214,6.59,282,107,20592.27,120.0,108.0,75.0,5.088950157165527,5.940364837646484,6.239181518554688,Round of 16,0.0,191.0,204.0,1.0,True,106.95,5.504220199584961,B,1.1,1.1,20.59227,6.59,191.0,0.02360611516400054,0.21599070794723518,0.09042516508295088,1.3995278810230456,0.07176259009856166,0.7234172679058513,0.07837230234448181,0.2913938855844227,25.706629257720266,0.9140602539703195,0.28227667932774875,59.59006009362118,2.491955941172553,20.20528182258701,2.1254106765126926,0.7880980234552126,0.7756339946486205,12.574536900380028,7.741934970432795,0.36924160759192665,28.741347490350265,77.13565665809035,5.945247653379188,20.59227,106.95,5.504220199584961,B,1.1,1.1,70.98856007350768,73.58484054481681,82.58438206438309,80.15879242774605,87.59156450956921,72.68296030111159,106.95,5.504220199584961,B,1.1,1.1,32.499066815976114,56.095842276206575,83.048265825855,63.483689085783325,82.50100581544201,84.93922776866981,D,B,A,B,A,A,44.25233936233244,B,42.139586513112256,45.30013959981386,105.3,5.519161033630372,BL-B,1.05,51.804322865079484
405545,285023_43969,Ferran Torres,Spain,FW,2,9,0,8,1,3,2.06,0.0,0,0,4,56,8,3,1,0,0,0,1,46,80,4,0,7,57,0,0,,,,124,63,40,21,99,25,7,51,31,143,6.25,185,94,18745.8,,,,,,,Round of 16,0.0,184.0,965.0,0.0,False,,,None,1.0,1.0,18.7458,6.25,184.0,0.023761426327516082,0.018153729714222286,0.431751347144982,2.0065098848007685,0.4707508177668253,1.7244670346101143,0.07888793540735341,1.0903432100492114,16.909148445722685,1.7171062727655457,0.08487581484188746,45.834798686189735,1.512061004509967,15.556024981758997,2.3386523823237497,0.7932831384195669,0.3822210235874621,9.269881563328038,14.169128610508462,1.5672191954915742,26.340090237015595,58.315123522847195,5.616439088033665,18.7458,,,None,1.0,1.0,80.50969021083377,68.45051816942275,62.93752027119065,56.88767823525961,60.29013588346642,56.91357846789348,,,None,1.0,1.0,53.09817095931319,49.97055974472449,79.85204947853506,35.39224622167582,57.024249295929195,50.1573482578627,B,B,A,D,B,C,46.68296826799003,B,64.51945374903374,61.35328161556459,,,None,1.0,51.99354543357836
484320,285023_43969,Lamine Yamal,Spain,FW,6,14,7,8,6,0,1.55,0.64,9,0,10,26,5,2,1,0,0,0,3,105,89,22,23,15,67,1,100,,,,122,49,61,12,31,91,13,91,98,308,5.64,191,95,22542.08,24.0,243.0,6.0,6.258255958557129,5.2694172859191895,7.245034694671631,Round of 16,1.0,247.0,120.0,0.0,True,52.349999999999994,6.356624841690063,B,1.1,1.1,22.542080000000002,5.64,247.0,0.21008884864476488,0.017101180548363994,0.310988897862643,2.828698415323601,1.1942772091157656,1.624482823794912,1.7636599708988165,4.405817236447914,27.00336098571137,3.1191896730386848,0.26765983865836723,74.1486496049116,2.5506226743766143,9.02293701789132,1.6399425297705708,0.5595836560005389,0.3600599346055487,21.308657914775413,10.71973425786195,2.602582805850788,25.000602833719256,56.06025640353052,6.003380346911156,22.542080000000002,52.349999999999994,6.356624841690063,B,1.1,1.1,105.1960915602115,87.07506561022231,95.62864745248892,70.73932083350898,88.55233065269431,70.98568761714111,52.349999999999994,6.356624841690063,B,1.1,1.1,95.50578574094814,79.99753081729949,101.11035653650256,62.45776543654746,58.441900442558804,48.9234364105753,A,A,S,B,C,C,76.73595264928169,A,59.067296340023624,46.92834508841869,40.5,6.4554057121276855,BL-A,1.2,101.80110904950003
430751,285023_43969,Mikel Oyarzabal,Spain,FW,8,17,24,13,4,5,2.78,1.44,0,0,28,105,8,2,2,0,0,0,0,64,77,8,13,3,33,2,50,,,,146,89,52,5,118,28,11,71,75,200,5.78,349,157,31944.17,11.0,158.0,300.0,6.641492366790772,5.6382927894592285,5.141247272491455,Round of 16,4.0,333.0,6.0,1.0,True,105.3,6.1159511566162115,B,1.1,1.1,31.94417,5.78,333.0,0.7152491604923361,0.18945516671027154,0.5012509590097345,3.137582595992622,1.4520325459859855,2.3708997673240724,0.06874387211957685,1.6446810358054262,17.860274554903278,0.8017633695681249,0.42123336794235483,49.838221372782876,5.484886742417819,22.06385650442245,2.0379291139063307,0.5176404367943879,0.5067076764091057,15.717858436439291,16.86167548509879,2.0602363623692295,33.89211855665019,79.29275273489962,7.185940342345708,31.94417,105.3,6.1159511566162115,B,1.1,1.1,109.52662216104274,85.91284254823387,77.20556666821179,90.58508001243972,77.534789970233,86.92159234405946,105.3,6.1159511566162115,B,1.1,1.1,108.46024636058233,107.03318201675248,94.89934513703616,79.29223986264495,92.82067225046634,92.56732055703169,S+,S+,S,A,A,A,94.13469758320458,S+,66.27583004411423,51.11850865512649,112.39999999999999,6.091098880767822,BL-B,1.05,109.03926339675434
447855,285023_43969,Nico Williams,Spain,FW,0,0,0,0,0,0,0.0,0.0,1,0,3,20,0,0,1,0,0,0,0,17,76,2,0,3,67,0,0,,,,44,30,10,4,16,28,1,13,14,47,4.96,73,48,6784.28,,,,,,,Round of 16,0.0,66.0,718.0,0.0,False,,,None,1.0,1.0,6.78428,4.96,66.0,0.02499548265295503,0.019096548746857643,0.0223849544446804,0.2242594703623125,0.0759862672649833,0.1371752087994172,0.29259156538379094,0.7277573638200374,11.708739475606034,0.9678584156326226,0.08928386403635537,28.093011736136425,1.3809837529206634,8.818095225067296,0.7832584444129987,0.20566283126851395,0.40207177940373395,6.188003885702961,7.98798969161096,0.39097378510582187,18.066168297282427,37.86780072791803,3.400917328540817,6.78428,,,None,1.0,1.0,48.38800205891909,64.391925447392,39.58148588019611,34.697074809377625,34.746568219003784,32.56103263264442,,,None,1.0,1.0,37.681970884658455,40.6636403350491,37.10647586708708,59.471776501261196,31.202223766504524,29.117907550831962,C,C,D,B,D,D,35.637827900194615,C,43.97412347256609,57.30675192777883,,,None,1.0,39.923853106003875
423658,285023_43969,Yeremy Pino,Spain,FW,0,0,0,0,0,0,0.0,0.0,0,0,3,28,7,2,0,0,0,0,1,29,86,1,0,0,0,0,0,,,,45,24,17,4,22,23,1,26,17,67,3.15,114,45,8846.84,,,,,,,Round of 16,0.0,83.0,759.0,0.0,False,,,None,1.0,1.0,8.84684,3.15,83.0,0.025275927492989517,0.01931080860464399,0.022636109625621688,0.22677562146710192,0.07683881957868814,0.13871429008152647,0.08391607927672519,0.5239643600568964,14.383609169125032,0.34284268051490974,0.09028561300495855,32.64737651955387,1.3964781433693423,10.612699163318704,2.2757546415043564,0.6318869535791853,0.19462464169601928,6.8933071146158635,6.805863639235671,0.3953604409725658,17.632992537659344,46.982961426442216,3.8762517461559436,8.84684,,,None,1.0,1.0,56.344043740608186,55.31212660263297,46.44253089781871,44.30877628243624,54.53221377487779,39.001418490824854,,,None,1.0,1.0,31.16834639790967,34.12980303519534,58.06209071064758,51.7455539775738,36.43246406495738,41.112178943599595,D,D,B,B,D,C,31.77673148080004,D,40.11721736175996,44.4078947368421,,,None,1.0,35.70459972602228
430753,285023_43969,Unai Simon,Spain,GK,0,0,0,0,0,0,0.0,0.0,0,0,0,0,0,0,1,0,0,0,0,146,92,0,0,1,0,1,100,6.0,52.0,39.0,64,0,0,64,44,20,0,0,2,287,3.35,83,26,22710.51,,,,,,,Round of 16,0.0,407.0,1235.0,0.0,False,,,None,1.0,1.0,22.71051,3.35,407.0,,,,,,,,,,,,,,,,,,,,,,,,,,,,,,,,,,,,,,,,,,,,,,,,,,,,,,,,,,,,,
447860,285023_43969,Alex Baena,Spain,MF,2,5,20,2,3,0,0.18,5.71,14,0,6,52,8,5,3,1,0,0,0,104,85,23,30,13,69,0,0,,,,138,54,59,25,72,66,5,72,47,265,4.83,271,100,22928.51,43.0,140.0,22.0,5.919644355773926,5.7552361488342285,6.866219520568848,Round of 16,1.0,214.0,61.0,1.0,True,52.3,6.131626915931701,B,1.1,1.1,22.92851,4.83,214.0,0.2167792594332481,0.2113284692656634,0.05554724725864967,1.175635867274913,0.45757895011347993,0.5141193498179183,2.788238280413757,4.739805932957152,27.669617215053712,2.831156837270013,0.08250094270598614,68.18160401918385,1.8571180850632674,14.346028054854488,2.2732155981386875,1.158452020305917,0.7588916502813051,12.109428216655113,12.029524354763437,1.1360021557173898,26.765176122613873,73.34014560659698,6.269406551222399,22.92851,52.3,6.131626915931701,B,1.1,1.1,89.85514307548546,108.62950250483914,90.37759542628957,75.42145172915711,84.40094312769646,76.6493985868546,52.3,6.131626915931701,B,1.1,1.1,,,,,,,,,,,,,,,,,,,,,
430718,285023_43969,Fabian Ruiz,Spain,MF,1,5,0,1,4,1,0.31,0.0,0,0,4,33,1,0,1,0,0,0,0,129,95,3,0,6,83,2,100,,,,142,22,60,60,92,50,2,18,36,282,7.03,195,44,16301.22,175.0,71.0,48.0,4.798928737640381,6.202205181121826,6.4185333251953125,Round of 16,0.0,143.0,889.0,0.0,True,127.65,5.414321351051331,B,1.1,1.1,16.30122,7.03,143.0,0.024633507569798124,0.018819999783325766,0.08609783135314387,1.2538674317538976,0.28145698337972014,0.3417598099105859,0.08178324513172978,0.9237893785441895,34.675143440227394,1.5735556188819444,0.5011331297743865,76.23039270002265,1.5675559912605006,11.375819485086295,0.9784867135747278,0.20268450028429896,0.39624912865497947,10.642956212546421,6.219741696862296,0.5918829716615228,16.978256430475035,62.52109030986451,5.31759149418218,16.30122,127.65,5.414321351051331,B,1.1,1.1,78.33043815667412,76.74227159398882,100.87517024589104,58.5120299082118,77.18945236186534,58.62220698895592,127.65,5.414321351051331,B,1.1,1.1,,,,,,,,,,,,,,,,,,,,,
447866,285023_43969,Gavi,Spain,MF,0,1,0,1,0,0,0.01,0.0,0,0,4,33,8,2,1,0,0,0,0,31,94,2,0,1,100,1,100,,,,89,27,45,17,61,28,1,22,25,78,3.85,122,45,10707.89,,,,,,,Round of 16,0.0,85.0,762.0,0.0,False,,,None,1.0,1.0,10.707889999999999,3.85,85.0,0.025286316641557175,0.01931874591414968,0.02476586805325916,0.4389142650826735,0.07687040259033381,0.35081673790348833,0.08395057124996982,0.7362251569726268,14.813612119297382,0.555029031100704,0.30236815521826477,34.99329530409585,1.6090975690762288,11.677288455248812,2.488735475676816,0.6321466776759775,0.4067500703146128,8.592503923697212,7.444797345607264,0.39552294572576135,17.640240215483118,48.69863626090117,4.272472151019863,10.707889999999999,,,None,1.0,1.0,61.11999313575568,62.825074772820045,59.138216624219254,53.742869596471884,75.63213868518858,46.263966225693885,,,None,1.0,1.0,,,,,,,,,,,,,,,,,,,,,
430733,285023_43969,Mikel Merino,Spain,MF,1,2,0,2,0,0,0.09,0.0,0,0,19,62,6,4,2,0,0,0,0,66,88,1,0,3,67,1,100,,,,73,26,39,8,48,25,0,26,38,144,7.34,319,78,18634.71,179.0,90.0,187.0,4.787691593170166,6.069309234619141,5.676727294921875,Round of 16,0.0,155.0,910.0,0.0,True,167.64999999999998,5.202193164825439,C,1.0,1.0,18.63471,7.34,155.0,0.024390119184042946,0.018634051056608807,0.04025052588704238,0.6278883882210309,0.27867608177038933,0.5429132129838252,0.08097519569102257,0.5056017506587249,21.447142362978497,0.9444179349650547,0.29165162517630017,47.252051060490494,4.6200197360532975,17.19479554358492,1.9914694914565623,1.0188023784499003,0.5968641566189282,10.946860012605919,6.976408770715024,0.17697470479941557,23.764528887051696,87.26509306705111,5.742320664398184,18.63471,167.64999999999998,5.202193164825439,C,1.0,1.0,62.210079633743035,61.03558243648565,67.4041043236407,77.14163476040875,75.44721542065396,61.912697678754554,167.64999999999998,5.202193164825439,C,1.0,1.0,,,,,,,,,,,,,,,,,,,,,
423646,285023_43969,Pedri,Spain,MF,1,3,0,1,2,0,0.3,0.0,8,0,39,151,21,2,4,1,0,0,1,289,88,14,36,8,88,2,100,,,,248,33,90,125,185,63,5,39,112,640,7.19,575,165,40760.33,261.0,33.0,69.0,4.5824809074401855,6.568941593170166,6.263537406921387,Round of 16,0.0,337.0,1188.0,0.0,True,178.79999999999998,5.300714135169982,C,1.0,1.0,40.76033,7.19,337.0,0.020634846056017394,0.015765022386797285,0.07039151278525174,0.7042535393278363,0.23576916551470894,0.2862832686598395,1.4528215569413059,2.6772658087773036,56.73273957612697,1.6642049199391484,0.4197861371209263,125.80425501573932,7.369473894189902,29.947856488446078,4.280437439604098,0.5158619803577431,0.8510452486489982,22.06630825453005,7.113546776839137,1.0149226105045424,35.15998932612878,118.12719352071709,8.686793187236768,40.76033,178.79999999999998,5.300714135169982,C,1.0,1.0,68.8018626679641,75.47620243078927,92.64076116395725,96.79480739804748,80.93477491692805,94.7734816507446,178.79999999999998,5.300714135169982,C,1.0,1.0,,,,,,,,,,,,,,,,,,,,,
411375,285023_43969,Rodri,Spain,MF,0,4,0,1,3,1,0.13,0.0,0,0,16,48,17,4,2,0,0,0,1,435,94,1,0,12,92,3,100,,,,232,3,63,166,157,75,1,21,165,903,7.03,630,144,46738.12,316.0,2.0,137.0,4.421173095703125,7.51129674911499,5.883875370025635,Round of 16,0.0,398.0,1212.0,0.0,True,224.15,5.250367212295532,C,1.0,1.0,46.73812,7.03,398.0,0.01962166568210328,0.014990952581126907,0.03896295956346006,0.8342172966596968,0.05964986367359397,0.27222662930334934,0.0651439300645829,0.4067527692198495,77.97040362320652,2.240663409791647,0.5637173739363726,162.9019986615633,3.2231420123453165,11.529481457036612,3.412094292493819,0.8196187773922119,0.4801726818321284,29.703617618439768,1.8279805371656512,0.30691773422930796,29.978216289105575,121.37695536295811,9.24387074066022,46.73812,224.15,5.250367212295532,C,1.0,1.0,56.391084888559185,61.44975938588122,100.0,71.96980275274404,95.90868681752661,92.32305067800894,224.15,5.250367212295532,C,1.0,1.0,,,,,,,,,,,,,,,,,,,,,
502945,285023_43970,Alexander Bernhardsson,Sweden,DF,1,1,0,0,1,0,0.05,0.0,0,0,14,81,9,2,5,0,0,0,0,67,76,3,0,3,67,1,100,,,,40,15,15,10,10,30,0,28,36,150,4.85,268,90,25109.78,,,,,,,Round of 16,0.0,233.0,1029.0,0.0,False,,,None,1.0,1.0,25.109779999999997,4.85,233.0,0.02268243087278602,0.01732937718680852,0.029823969030381724,0.39371659454962576,0.25916441461225914,0.12448118062984968,0.0753056704976496,0.8506214009706394,20.13571810195232,0.8782939666354385,0.27123146783658125,45.08493030536069,3.3454972564497316,19.604878651966416,2.4226650766605293,0.5670506907392626,1.1257038415154004,9.799989623448946,4.395643400457786,0.16458371841293537,24.38315953962752,71.4544760057014,6.571890689525001,25.109779999999997,,,None,1.0,1.0,48.908973416954005,50.86333236665775,54.30639505734902,80.65132065954673,52.4299527292857,60.33562265067993,,,None,1.0,1.0,,,,,,,,,,,,,,,,,,,,,
441132,285023_43970,Carl Starfelt,Sweden,DF,0,0,0,0,0,0,0.0,0.0,0,0,0,0,0,0,0,0,0,0,0,12,92,0,0,0,0,0,0,,,,0,0,0,0,0,0,0,0,1,27,1.66,8,3,1116.66,,,,,,,Round of 16,0.0,10.0,527.0,0.0,False,,,None,1.0,1.0,1.11666,1.66,10.0,0.015177986346223858,0.011595981568515027,0.013592797452224236,0.13617689349832043,0.04614107849252053,0.08329678906807654,0.05039091466946321,0.18735706345778727,6.473492125924988,0.20587420680018037,0.05421576722871162,14.513311968150022,0.4567359651305684,2.8090202890683416,0.4756173801452708,0.12488447165672988,0.1168704948659237,2.102906635383461,1.0321637834886073,0.11013146892820032,5.242739569082389,14.721284109951837,1.3437659722367992,1.11666,,,None,1.0,1.0,6.751605084025536,4.7671901202842895,23.195650439247643,6.640885824336595,37.22834561237187,6.736677045273266,,,None,1.0,1.0,,,,,,,,,,,,,,,,,,,,,
491255,285023_43970,Daniel Svensson,Sweden,DF,0,1,0,0,1,0,0.01,0.0,1,0,8,24,3,0,0,0,0,0,1,46,83,2,50,3,33,0,0,,,,31,9,18,4,17,14,0,8,12,88,5.41,149,63,13088.54,,,,,,,Round of 16,0.0,114.0,841.0,0.0,False,,,None,1.0,1.0,13.08854,5.41,114.0,0.025120970646726772,0.019192421574099255,0.024603925246437914,0.43604422604796184,0.0763677507660494,0.13786388690923654,0.29406049995266215,0.7314110164742539,17.87662979112708,0.9727174780687896,0.08973210715010803,36.8710646219026,2.441211267945536,9.705001337263718,1.4191673684024178,0.2066953464812679,0.19343147397979615,5.797752552126895,3.604256384509771,0.18227776301264947,21.316751335869057,54.0679879365843,4.7460397198927,13.08854,,,None,1.0,1.0,51.90485077607574,70.10112720428442,50.556366129223186,48.80371167747607,44.745716725812436,44.458937223080305,,,None,1.0,1.0,,,,,,,,,,,,,,,,,,,,,
519958,285023_43970,Elliot Stroud,Sweden,DF,0,1,0,1,0,0,0.09,0.0,3,0,9,61,7,3,1,0,0,0,0,49,78,6,33,6,50,0,0,,,,37,9,19,9,10,27,0,10,21,115,6.96,251,94,20520.74,,,,,,,Round of 16,0.0,183.0,960.0,0.0,False,,,None,1.0,1.0,20.52074,6.96,183.0,0.02378357061789964,0.018170647952075323,0.03924955091930741,0.41282993354758685,0.07230205467841491,0.3299679735148245,0.6772926683428008,1.490246823490101,17.523238018904436,1.5192627796439384,0.08495491424713751,40.29308943421421,2.510688848707958,16.567740997187194,2.141388134629042,0.7940224329354522,0.38257723172161856,7.284083183147907,3.4123715779737696,0.17257358840347978,26.36463769468492,71.53275658844625,5.975673956312099,20.52074,,,None,1.0,1.0,52.806678231012995,68.826313039834,56.68801526038055,65.16489840444622,54.41450237600968,60.142969304922225,,,None,1.0,1.0,,,,,,,,,,,,,,,,,,,,,
483276,285023_43970,Gabriel Gudmundsson,Sweden,DF,0,0,0,0,0,0,0.0,0.0,1,0,13,58,14,5,7,1,0,0,0,147,76,5,20,7,14,2,100,,,,51,10,10,31,10,41,1,11,44,282,6.21,340,137,36816.96,,,,,,,Round of 16,0.0,356.0,1196.0,0.0,False,,,None,1.0,1.0,36.81696,6.21,356.0,0.02030506097932257,0.015513066588202442,0.018184400410642117,0.18217700710648213,0.06172738537714062,0.11143417465452228,0.23768653158817685,1.1020143184128872,31.647170234811128,1.4673339510813126,0.41307713609179203,62.83566267880668,2.8245783737685115,13.633774535501091,3.0201115987636147,1.0184386874219955,1.348265073498565,10.135032039332883,3.0835626582061115,0.31760725160279046,29.830399720983,76.22496428011674,7.876508978109586,36.81696,,,None,1.0,1.0,41.285555291377854,55.46744648604136,64.95036231775197,74.41187906107919,57.5328285492343,78.71488390349207,,,None,1.0,1.0,,,,,,,,,,,,,,,,,,,,,
483304,285023_43970,Gustaf Lagerbielke,Sweden,DF,1,3,0,3,0,3,0.13,0.0,0,0,8,50,14,1,3,0,0,0,1,206,84,1,0,7,57,1,100,,,,46,0,8,38,11,35,0,11,35,433,6.18,436,119,41310.47,,,,,,,Round of 16,0.0,400.0,1216.0,0.0,False,,,None,1.0,1.0,41.31047,6.18,400.0,0.019590615162858937,0.014967229984424225,0.0389013022023908,0.6686146350982669,0.22383801538078998,0.6003609318708664,0.06504084234069167,0.4061090988560295,40.22631563566578,1.4157049210689105,0.23426022264743093,85.43141632964074,1.9037811537663416,11.839801593705571,2.913847150743131,0.3254741268457021,0.6436953726111104,8.29988191705783,1.3322401935350592,0.14214950362170442,25.823713301055367,89.31406728835763,8.337574519488498,41.31047,,,None,1.0,1.0,48.82286845642979,47.653420687676274,74.31185177918697,59.39272619102487,53.319351482674406,80.01217088905803,,,None,1.0,1.0,,,,,,,,,,,,,,,,,,,,,
483312,285023_43970,Isak Hien,Sweden,DF,0,0,0,0,0,0,0.0,0.0,0,0,13,13,8,3,3,1,0,0,0,128,95,0,0,1,0,1,100,,,,26,0,0,26,19,7,0,1,17,271,4.32,173,69,22458.49,,,,,,,Round of 16,0.0,237.0,1036.0,0.0,False,,,None,1.0,1.0,22.45849,4.32,237.0,0.022596468896786542,0.017263702237144917,0.02023649368520615,0.20273551894196884,0.06869326544623108,0.12400942130556455,0.07502027673733132,0.278930812061933,31.618234639766882,0.495987470846932,0.27020355363024084,67.84223221320276,3.143329509544052,6.64533025916803,2.223994683197058,0.7543906462755177,0.7424597106980142,6.162559211906951,1.5366502708570722,0.16395997831508313,20.31148383331829,53.182225679721455,6.044594306763635,22.45849,,,None,1.0,1.0,40.51742441858436,41.886461355879305,67.9412557552062,58.289760273258096,70.60800609711129,46.96117535878748,,,None,1.0,1.0,,,,,,,,,,,,,,,,,,,,,
395283,285023_43970,Victor Lindelof,Sweden,DF,0,2,0,2,0,2,0.26,0.0,0,0,5,24,10,3,0,0,0,0,0,200,95,0,0,3,67,1,100,,,,35,0,3,32,18,17,0,4,24,430,5.72,315,101,37262.4,,,,,,,Round of 16,0.0,390.0,1209.0,0.0,False,,,None,1.0,1.0,37.2624,5.72,390.0,0.01974718632330963,0.015086850351008556,0.060739624407051426,0.5083627881800282,0.060031446422861276,0.4395635910296175,0.06556065859338796,0.24375926797493405,39.554237339024276,0.7646373840203131,0.2361324657905091,85.61741058602905,1.422209912059269,7.628943657075092,2.274752993063702,0.659266397799133,0.15205333468948412,6.544665150434805,1.3428876587303478,0.14328558396193464,23.049381032511505,69.99082136190454,7.733867435086706,37.2624,,,None,1.0,1.0,44.58228411456834,39.96105812787577,78.11155222027294,44.53671232481901,71.09623613688643,66.62288792692058,,,None,1.0,1.0,,,,,,,,,,,,,,,,,,,,,
430150,285023_43970,Alexander Isak,Sweden,FW,6,8,13,5,3,1,0.68,1.48,0,0,5,110,15,4,1,0,0,0,5,81,80,4,0,5,60,2,50,,,,134,64,66,4,105,29,7,57,69,194,5.5,346,155,35655.02,49.0,363.0,45.0,5.84784460067749,4.102073192596436,6.444681644439697,Round of 16,1.0,389.0,49.0,3.0,True,95.1,5.735188150405883,B,1.1,1.1,35.65501999999999,5.5,389.0,0.1854913715595571,0.5122839882312743,0.13039425057507886,1.503140633883823,1.0544496719851175,0.937101214553747,0.06561324678236062,0.9068681763442576,19.864291885202846,1.096707413654453,0.40205022021003917,46.574197383763284,1.4233507096842293,21.887700769878204,3.1052193684043936,0.825523560755042,0.3179036466926343,14.00769036839146,11.950578936473274,1.3034989356085518,32.01720029150633,75.18454182657699,7.473682576421746,35.65501999999999,95.1,5.735188150405883,B,1.1,1.1,98.54542513140453,86.76318468565646,77.05198223087147,73.27155401613791,78.56278975390255,86.26338520484235,95.1,5.735188150405883,B,1.1,1.1,84.3784994400896,88.22940606659198,92.78632064031048,77.45024058333509,87.7312461138949,66.59449375317996,A,S,S,A,A,B,77.06427645785213,A,57.70790442323288,54.111731158398236,79.2,5.852318572998047,BL-A,1.2,102.23164416861725
441137,285023_43970,Anthony Elanga,Sweden,FW,3,3,67,2,1,0,0.53,3.77,1,0,10,31,1,0,7,0,0,0,1,76,79,12,0,9,33,0,0,,,,110,47,56,7,40,70,7,39,59,192,5.94,211,118,24265.7,20.0,362.0,97.0,6.390748023986816,4.106693267822266,6.119401454925537,Round of 16,2.0,247.0,42.0,0.0,True,90.55,5.980303168296814,B,1.1,1.1,24.265700000000002,5.94,247.0,0.3977939531162785,0.017101180548363994,0.11952969130169913,0.7639422661369515,0.6311618957012247,0.49825219696583034,0.26201913512670794,2.5287661917327777,21.559912956037476,1.9929590462096027,0.07995473418685366,52.37485748621603,2.5506226743766143,9.961462540248887,0.8891221118845164,0.1841734470575117,1.4862905614346302,13.988158840386385,10.34432404891892,1.4763521790217065,29.31782023656407,59.81435849296081,6.326912619080346,24.265700000000002,90.55,5.980303168296814,B,1.1,1.1,100.08244206530281,77.34739900778271,74.42115192909488,65.30082750653554,65.87683028475118,68.50623854456146,90.55,5.980303168296814,B,1.1,1.1,89.63419186263532,71.68208323045071,73.69439728353144,44.399177565339045,71.63819904173222,51.431586485009525,A,A,B,D,B,C,69.63008365902937,A,63.07511392032927,47.04099307159353,77.3,6.0809385776519775,BL-A,1.2,92.48309411336028
489691,285023_43970,Gustaf Nilsson,Sweden,FW,0,1,0,1,0,1,0.01,0.0,0,0,0,3,0,0,0,0,0,0,0,2,50,0,0,0,0,0,0,,,,3,1,2,0,2,1,0,2,3,6,2.14,11,2,713.65,,,,,,,Round of 16,0.0,5.0,514.0,0.0,False,,,None,1.0,1.0,0.71365,2.14,5.0,0.011297323231759707,0.008631154949064414,0.011064799214487352,0.19609642614061124,0.03434386262454951,0.1567365520011604,0.03750711312944223,0.13945415797284177,3.8710001896834516,0.15323689231558862,0.04035403858384567,8.813117168583958,0.33995905069011306,2.3750287314640217,0.3540129207904221,0.09295437555091884,0.08698938888454973,1.7547153074545598,0.8630000111578502,0.08197337736964842,3.8075544224138897,11.241599812548117,0.9620159276803945,0.71365,,,None,1.0,1.0,4.547483215623538,0.0,0.6852324721532528,0.24385940531187145,0.8881943162468079,0.3006959801890406,,,None,1.0,1.0,0.6868234415826796,1.8233964557731377,0.6597138006306087,0.0,0.0,0.0,G,G,G,G,G,G,0.0,G,73.20703653585927,6.644518272425248,,,None,1.0,0.9802449982643344
514202,285023_43970,Taha Ali,Sweden,FW,0,0,0,0,0,0,0.0,0.0,0,0,4,15,0,0,2,0,0,0,0,16,94,1,0,2,100,0,0,,,,19,2,11,6,1,18,1,9,10,40,3.13,61,26,4821.78,,,,,,,Round of 16,0.0,46.0,664.0,0.0,False,,,None,1.0,1.0,4.8217799999999995,3.13,46.0,0.02393614269757135,0.01828721302094451,0.02143625195423699,0.21475507228261015,0.0727658738006169,0.13136155112427159,0.07946799375593688,0.4961909189778324,11.011785214017946,0.726116186587881,0.08549990171572486,25.497332392306454,1.5231791001313637,7.440757404110099,0.7500629675710958,0.19694658211561705,0.5857546458093227,5.122855813276794,2.0291997950436653,0.3744038249325894,12.884591571818504,33.85423767945187,2.862862951727019,4.8217799999999995,,,None,1.0,1.0,39.37189356334617,48.77039314650764,46.85371235412972,34.71631826004033,51.27791508098544,29.238415341194408,,,None,1.0,1.0,50.26129152668906,53.655340082432716,30.800388066941547,70.94982724632766,34.43994367433525,33.78182297849888,B,B,D,A,D,D,45.777429256875614,B,32.85442636805409,33.90460645629307,,,None,1.0,51.004008235243184
483327,285023_43970,Viktor Gyokeres,Sweden,FW,6,12,8,9,3,0,1.39,0.72,0,0,14,75,4,4,7,1,0,0,1,70,69,1,100,8,50,1,100,,,,106,68,36,2,65,41,12,81,82,197,6.41,426,177,42857.3,81.0,354.0,93.0,5.518943786621094,4.514871597290039,6.13568925857544,Round of 16,1.0,400.0,53.0,2.0,True,124.94999999999999,5.5225193262100225,B,1.1,1.1,42.8573,6.41,400.0,0.18387316044855775,0.3435323205558219,0.24589730926237127,2.1471575426695564,1.0452507418092842,1.5860562035850596,0.06504084234069167,0.4061090988560295,17.883889476810737,1.5799874663546092,0.23426022264743093,46.66073564221582,2.8894764254805345,15.946865225848043,1.271021697886143,0.8183217627027985,1.3008255537539057,16.021161545485672,12.503453272962581,2.1135400470500905,35.35210092762589,87.67124183550067,8.591691689012777,42.8573,124.94999999999999,5.5225193262100225,B,1.1,1.1,102.2506294511441,93.31554441506027,78.20194237829266,77.9253269490419,78.12177744591875,99.58807074917999,124.94999999999999,5.5225193262100225,B,1.1,1.1,89.90108249346774,93.70339417652758,97.77540625757945,76.22612713822416,100.18324128598078,70.4085401473609,A,S,S,A,S,B,81.79091596547391,S,64.28666224286663,60.55648589462837,111.9,5.603560209274292,BL-B,1.05,94.87602749482421
489685,285023_43970,Jacob Widell Zetterstrom,Sweden,GK,0,0,0,0,0,0,0.0,0.0,0,0,0,0,0,0,0,0,0,0,0,73,53,0,0,6,17,0,0,12.0,54.0,46.0,9,0,0,9,6,3,0,0,1,131,1.58,17,8,10559.21,,,,,,,Round of 16,0.0,200.0,982.0,0.0,False,,,None,1.0,1.0,10.559209999999998,1.58,200.0,,,,,,,,,,,,,,,,,,,,,,,,,,,,,,,,,,,,,,,,,,,,,,,,,,,,,,,,,,,,,
360496,285023_43970,Kristoffer Nordfeldt,Sweden,GK,0,0,0,0,0,0,0.0,0.0,0,0,0,0,0,0,0,0,0,0,0,66,68,0,0,3,67,1,100,4.0,22.0,20.0,8,0,0,8,5,3,0,0,1,115,1.47,8,1,9861.15,,,,,,,Round of 16,0.0,200.0,983.0,0.0,False,,,None,1.0,1.0,9.86115,1.47,200.0,,,,,,,,,,,,,,,,,,,,,,,,,,,,,,,,,,,,,,,,,,,,,,,,,,,,,,,,,,,,,
502946,285023_43970,Benjamin Nygren,Sweden,MF,0,1,0,0,1,0,0.03,0.0,3,0,4,71,13,3,0,0,0,0,0,50,92,6,33,4,50,0,0,,,,81,16,55,10,51,30,1,17,33,119,7.73,282,104,18972.62,,,,,,,Round of 16,0.0,149.0,901.0,0.0,False,,,None,1.0,1.0,18.97262,7.73,149.0,0.024513729587995407,0.018728489405228487,0.028120516334709127,0.4255038706929602,0.07452173794750605,0.1345313479789188,0.6980856487205411,1.5359976110110078,18.266770584690864,1.1547709834494315,0.08756304208831958,42.35235971418873,1.5599339060798196,19.132039869201535,3.440529185152475,0.8183990335384226,0.18875571782756465,9.974505829464194,4.956098688173488,0.3834383107199601,29.229702676115817,80.10138965146163,5.840886086689234,18.97262,,,None,1.0,1.0,58.211839901376706,72.77724721700504,68.5692111116022,61.952279591697966,78.50151299716325,66.44913587204604,,,None,1.0,1.0,,,,,,,,,,,,,,,,,,,,,
503047,285023_43970,Besfort Zeneli,Sweden,MF,1,1,0,0,1,0,0.01,0.0,0,0,3,35,7,1,0,0,0,0,0,38,89,2,0,2,50,0,0,,,,53,12,24,17,36,17,1,10,18,86,3.75,137,51,8630.22,,,,,,,Round of 16,0.0,69.0,724.0,0.0,False,,,None,1.0,1.0,8.63022,3.75,69.0,0.02507503678821191,0.019157328106193895,0.02455893680880653,0.4352469163393849,0.2865017981117119,0.13761180189370695,0.08324912213686353,0.7300736266647831,16.161752766866154,0.7606651715464017,0.08956803140749293,36.38309826743984,1.3853790658575158,12.000266228112125,2.2576671567242417,0.41659108896895525,0.1930777832692317,7.048793441460673,4.228487037052135,0.3922181532108133,18.75448928184568,51.44584003303066,3.799894174343855,8.63022,,,None,1.0,1.0,57.26848531163583,60.862337930852426,54.863781383232094,47.08655517901655,56.337256146540035,42.09136262867612,,,None,1.0,1.0,,,,,,,,,,,,,,,,,,,,,
441135,285023_43970,Jesper Karlstrom,Sweden,MF,0,1,0,1,0,0,0.05,0.0,0,0,7,38,7,3,0,0,0,0,0,37,84,0,0,2,50,0,0,,,,63,2,22,39,41,22,0,4,20,79,3.44,199,48,16846.98,,,,,,,Round of 16,0.0,147.0,897.0,0.0,False,,,None,1.0,1.0,16.84698,3.44,147.0,0.02455412594739475,0.018759352223809585,0.03228496521956981,0.4262050617224454,0.07464454288008004,0.340658486921722,0.08151969814535057,0.30309613069464075,15.620101764962737,0.7448630517953015,0.08770733788409406,34.18593473747226,2.1802208640659404,12.368688058788186,2.210766196744499,0.8197476794624229,0.18906676979493958,7.314172124265083,2.0815896683714716,0.1781647378742963,17.747165674588786,63.14323750509222,5.41283047941704,16.84698,,,None,1.0,1.0,52.57889113064892,48.09096165911399,49.69125633434212,54.939353367909746,56.261419565389716,45.46206148231899,,,None,1.0,1.0,,,,,,,,,,,,,,,,,,,,,
395286,285023_43970,Ken Sema,Sweden,MF,0,1,0,1,0,0,0.06,0.0,0,0,2,5,2,0,1,0,0,0,0,3,100,0,0,0,0,0,0,,,,5,2,2,1,2,3,0,1,4,10,1.52,22,7,2294.51,,,,,,,Round of 16,0.0,22.0,588.0,0.0,False,,,None,1.0,1.0,2.2945100000000003,1.52,22.0,0.020100528460361432,0.015356803743716133,0.028114743161030593,0.34890050623085145,0.061105606519498756,0.27887026507495216,0.06673375448839995,0.24812092331470148,7.055955507202207,0.27264356803634243,0.07179908766041103,16.354790514988974,0.9419822321981736,4.562837827638454,0.966987289602863,0.16538714817185385,0.32333263402927165,3.29059944605244,1.704033467187396,0.14584943450838253,7.617305198906772,21.8555279341561,1.9781144146336922,2.2945100000000003,,,None,1.0,1.0,26.329342361989788,16.652504014938494,31.55438864955986,19.21477521206302,49.2349860318704,16.230814734275267,,,None,1.0,1.0,,,,,,,,,,,,,,,,,,,,,
489689,285023_43970,Lucas Bergvall,Sweden,MF,0,2,0,2,0,1,0.68,0.0,0,0,10,60,13,7,4,1,0,0,0,88,91,2,0,2,100,0,0,,,,52,7,16,29,43,9,3,14,40,193,6.93,283,89,23862.93,146.0,310.0,55.0,4.91195011138916,4.894222259521484,6.350475788116455,Round of 16,0.0,207.0,209.0,1.0,True,147.85,5.268922352790832,B,1.1,1.1,23.86293,6.93,207.0,0.02325106665756174,0.21274209301298821,0.15340795435474153,0.598565126224866,0.07068324263898769,0.5175584099899209,0.07719354130310496,0.6769677229941642,24.73505306972136,0.7053340243163894,0.08305281010081052,54.599250108871225,2.649453878725458,16.00181809364493,3.263313039907298,1.5561577230646952,0.9589463256096696,10.82558296387931,2.9460134835871057,0.753644573927101,24.799453357459104,76.17047370255743,6.493535626872224,23.86293,147.85,5.268922352790832,B,1.1,1.1,72.75769750142427,75.91400767506218,78.15893838262178,83.31106354772993,93.03932482495054,72.2850595494046,147.85,5.268922352790832,B,1.1,1.1,,,,,,,,,,,,,,,,,,,,,
433795,285023_43970,Mattias Svanberg,Sweden,MF,2,3,33,2,1,0,0.23,4.26,0,0,0,5,1,0,1,0,0,0,0,7,100,0,0,0,0,0,0,,,,8,0,5,3,8,0,0,3,5,23,3.67,49,15,3157.11,,,,,,,Round of 16,1.0,25.0,79.0,0.0,False,,,None,1.0,1.0,3.1571100000000003,3.67,25.0,0.19586488830389848,0.015943353679060586,0.058938006082979846,0.7122199373872844,0.41343277114473814,0.464518281362461,0.06928263640638894,0.25759785054230877,8.025442762321168,0.28305713259525894,0.0745414389288016,19.25441446440667,0.6279677996208,4.737114472534935,0.8289245443352884,0.17170407600956875,0.3356822569553461,3.5912798340403556,1.4191254235482154,0.15142012342311992,9.308219586430251,27.415204149496038,2.204620172757814,3.1571100000000003,,,None,1.0,1.0,72.00642162215705,23.490506843247445,34.602796132436296,23.05657057678725,50.249631701123796,22.930899710852202,,,None,1.0,1.0,,,,,,,,,,,,,,,,,,,,,
489688,285023_43970,Yasin Ayari,Sweden,MF,3,7,29,1,6,0,0.44,4.59,9,0,21,100,22,4,8,1,0,0,0,107,79,17,29,2,0,3,67,,,,148,21,59,68,111,37,2,28,85,278,6.4,434,109,39607.81,33.0,165.0,231.0,6.104801654815674,5.5907745361328125,5.480545520782471,Round of 16,2.0,371.0,46.0,0.0,True,102.3,5.871633553504943,B,1.1,1.1,39.60781,6.4,371.0,0.3563900994308215,0.015321226952472922,0.09195347642977107,1.3571006279606659,0.5654682505949343,0.27822421207003767,1.5800917723026784,3.10640327501186,24.529088267725342,0.6083480777434783,0.5761369583681222,61.38594412678128,4.13499326712945,20.528233724059955,4.32810846455774,0.8376762740710689,1.4997600570480896,16.904589748796283,4.89527907370295,0.4818476855756783,24.75280135469863,91.090139997238,8.24843735644996,39.60781,102.3,5.871633553504943,B,1.1,1.1,91.26943242150593,70.06721541765748,76.24354874123719,99.95172119287892,78.95439718225623,86.29274766747861,102.3,5.871633553504943,B,1.1,1.1,,,,,,,,,,,,,,,,,,,,,
510908,285023_43971,Luca Jaquez,Switzerland,DF,0,0,0,0,0,0,0.0,0.0,0,0,3,15,4,3,1,0,0,0,0,41,76,2,0,4,50,0,0,,,,20,9,9,2,2,18,1,7,28,88,3.26,96,39,9611.83,,,,,,,Round of 16,0.0,89.0,771.0,0.0,False,,,None,1.0,1.0,9.61183,3.26,89.0,0.025296249153010802,0.01932633435290025,0.022654308891470347,0.2269579474008129,0.07690059742515283,0.13882581535172328,0.08398354718799586,0.7365143475616611,16.940718173332908,1.1916332195452304,0.09035820197455459,37.12832797461748,1.3976009015377449,7.863558283372733,1.641198159492538,0.8445237100563165,0.40690984248663103,9.232265246989039,3.629404643477378,0.39567830786269426,16.374396990072707,43.20241835012883,4.0416445766631925,9.61183,,,None,1.0,1.0,57.959160048610514,73.09014726333594,48.87548433251558,42.97880365855437,50.019707173714444,39.460455893712734,,,None,1.0,1.0,,,,,,,,,,,,,,,,,,,,,
405178,285023_43971,Manuel Akanji,Switzerland,DF,1,1,0,1,0,0,0.18,0.0,0,0,9,22,12,0,2,0,0,0,0,318,92,0,0,6,83,5,100,,,,48,0,1,47,24,24,1,3,55,666,5.73,416,114,38591.71,295.0,26.0,129.0,4.4913835525512695,6.675647735595703,5.91132116317749,Round of 16,0.0,403.0,1228.0,0.0,True,213.15,5.174007582664489,C,1.0,1.0,38.59171,5.73,403.0,0.01954428385659288,0.01493183286643696,0.04700400267510587,0.3392453360085489,0.2233086441712399,0.27115305105217924,0.06488702240388837,0.2412546399257825,58.487311802659875,1.2484627937140111,0.8892822881717376,123.4166801549042,2.063172781037371,7.222768169345704,2.579167933896565,0.1608103675720462,0.4782790281901602,11.558133332505419,1.3290894793837422,0.30570734491063545,24.94317077009296,85.82496136737878,7.872267858740661,38.59171,213.15,5.174007582664489,C,1.0,1.0,51.08752598373807,48.2268429551622,87.14147616172198,54.15978460020357,65.25337654826826,74.94581142690951,213.15,5.174007582664489,C,1.0,1.0,,,,,,,,,,,,,,,,,,,,,
493221,285023_43971,Miro Muheim,Switzerland,DF,0,0,0,0,0,0,0.0,0.0,0,1,0,0,0,0,0,0,0,0,0,6,67,0,0,0,0,0,0,,,,6,4,2,0,0,6,0,0,0,11,1.73,18,7,1040.17,,,,,,,Round of 16,0.0,9.0,524.0,0.0,False,,,None,1.0,1.0,1.04017,1.73,9.0,0.014544547620910423,0.011112034382375563,0.013025515067382537,0.1304936812548083,0.04421542476756769,0.0798204773435564,0.04828789810142261,0.17953789583251825,5.471523065875372,0.19728224393002894,0.051953124101892026,11.956135283859334,0.43767452700843645,2.6917885172971334,0.455767944248849,0.11967253782485095,0.11199301668101025,1.893176496528184,1.4769567933214376,0.10553523753732602,5.5118082306636005,15.326578857391532,1.2783559040518366,1.04017,,,None,1.0,1.0,1.1734947489386995,0.9756155140657832,3.950289082861322,1.0453053083954704,4.520795147080685,1.2529882237543035,,,None,1.0,1.0,,,,,,,,,,,,,,,,,,,,,
398509,285023_43971,Nico Elvedi,Switzerland,DF,0,3,0,3,0,2,0.3,0.0,0,0,6,27,9,3,2,1,0,0,0,282,92,0,0,2,50,3,100,,,,40,1,9,30,19,21,0,4,76,614,5.85,434,122,39382.48,296.0,34.0,206.0,4.491041660308838,6.567099571228027,5.614940643310547,Round of 16,0.0,403.0,1228.0,0.0,True,234.2,5.083425092697143,C,1.0,1.0,39.38248,5.85,403.0,0.01954428385659288,0.01493183286643696,0.06667128522476957,0.667033378502944,0.05941462292404237,0.5989410935465744,0.06488702240388837,0.2412546399257825,52.587127037760766,0.592886708725221,0.5614942456773424,114.89419105004991,1.5714907172957784,8.042238275581692,2.087485870154972,0.6524924313136388,0.4782790281901602,14.999907778696569,1.49298350063094,0.14181332366343796,26.254322940070537,88.77505374982834,8.001870333922309,39.38248,234.2,5.083425092697143,C,1.0,1.0,48.40460207624669,42.315523296634645,79.2322731139854,50.29453812159203,85.87405935198026,78.54671707202982,234.2,5.083425092697143,C,1.0,1.0,,,,,,,,,,,,,,,,,,,,,
313559,285023_43971,Ricardo Rodriguez,Switzerland,DF,0,1,0,0,1,0,0.02,0.0,4,0,16,36,9,9,1,0,0,0,0,221,81,13,8,19,37,4,50,,,,69,32,23,14,11,58,3,28,54,452,5.94,389,148,39121.21,304.0,57.0,153.0,4.471334934234619,6.335314750671387,5.827579975128174,Round of 16,0.0,394.0,1211.0,0.0,True,229.20000000000002,5.089993166923522,C,1.0,1.0,39.12121,5.94,394.0,0.019684160933581888,0.015038698953256565,0.02092968715229924,0.3416732912271292,0.05983984923808895,0.10802667520349742,0.7256194116236218,2.3888522738675575,42.89440248055012,3.403268946192722,0.7305798201788846,88.97562687366728,3.233407760109866,9.585399008217037,2.1024258609940145,1.6475642701408042,0.31663503851961305,11.475787087634506,6.6207456587203435,0.6380292697271677,30.73396528158175,81.98239565047177,8.016012107119025,39.12121,229.20000000000002,5.089993166923522,C,1.0,1.0,45.930549087976026,64.71255545694554,81.02635132650911,60.04128546691353,68.10674700684413,82.76690374729681,229.20000000000002,5.089993166923522,C,1.0,1.0,,,,,,,,,,,,,,,,,,,,,
356412,285023_43971,Silvan Widmer,Switzerland,DF,0,0,0,0,0,0,0.0,0.0,0,0,7,28,7,1,0,0,0,0,0,44,80,3,33,1,100,1,100,,,,43,16,17,10,10,33,3,4,15,93,5.24,185,67,13345.17,,,,,,,Round of 16,0.0,120.0,849.0,0.0,False,,,None,1.0,1.0,13.34517,5.24,120.0,0.025037184293568028,0.01912840880028597,0.022422300765947777,0.2246336174818923,0.0761130402524468,0.13740406740310132,0.08312345185464584,0.9389277939211924,17.397093070204473,0.5495606314250862,0.2993890859637545,37.797869321014645,2.223112795431956,10.512457154258849,2.2542590526931545,0.4159622160346072,0.1927863190604738,6.408284011394931,5.061928899373873,0.8115386002355182,22.08547830755577,61.44607965107522,4.784091257812631,13.34517,,,None,1.0,1.0,52.158852735458396,65.97604826398798,47.970544894880184,52.89371741167588,45.98768007409242,45.9602274385002,,,None,1.0,1.0,,,,,,,,,,,,,,,,,,,,,
393480,285023_43971,Breel Embolo,Switzerland,FW,4,9,22,7,2,1,2.53,0.79,0,0,32,114,15,6,8,0,0,0,2,49,76,1,0,6,50,0,0,,,,115,77,37,1,103,12,10,50,59,135,5.64,350,172,34576.28,42.0,286.0,159.0,5.921784400939941,5.025744915008545,5.793568134307861,Round of 16,2.0,369.0,23.0,2.0,True,107.85,5.755324411392212,B,1.1,1.1,34.57628,5.64,369.0,0.35697688775029507,0.3522363603808306,0.44415482897287345,1.696224971131604,0.7348442350948404,1.2893520241196574,0.06668877485856811,0.4163986394850514,14.799667548609888,1.283129523975558,0.07175069391409798,37.399386332371066,5.994695931506813,22.920262352877227,3.156119922443126,1.1759453966727509,1.5022293784038014,12.552853981514096,14.336256447490937,1.8302006664866952,35.40558837013025,77.09074176373011,7.4144823860648685,34.57628,107.85,5.755324411392212,B,1.1,1.1,106.78570603177168,84.24089238643359,77.18441788594657,101.97312932717695,80.8076184715535,89.4228386174736,107.85,5.755324411392212,B,1.1,1.1,99.87868607689437,103.23064065794223,88.81105990783412,66.25834622803485,92.96148641234777,103.57416096632562,S,S,A,B,A,S,88.45744261348165,S,62.5174740168966,61.134313903516734,101.5,5.793715572357177,BL-B,1.05,102.52518984120047
448104,285023_43971,Cedric Itten,Switzerland,FW,0,0,0,0,0,0,0.0,0.0,0,0,1,7,1,1,1,0,0,0,0,2,50,1,0,0,0,0,0,,,,10,8,2,0,8,2,1,3,3,7,3.71,36,18,2679.18,,,,,,,Round of 16,0.0,21.0,580.0,0.0,False,,,None,1.0,1.0,2.6791799999999997,3.71,21.0,0.019815307963211643,0.015138895283893694,0.017745797199533814,0.17778294304593487,0.0602385362081634,0.1087464101021055,0.06578682243786266,0.41076693067560777,6.7896668361750026,0.26877483721300266,0.07078028004459198,15.624220613332215,0.762449016406688,4.830426059611568,0.7870992595129231,0.3292071230990286,0.3187446404944529,3.0777400532566506,2.676854356152031,0.30994664375878694,9.33705237349718,23.871739286976627,2.013964932823594,2.6791799999999997,,,None,1.0,1.0,14.666020541434094,18.316499217970126,10.208861183230418,11.017353951466795,11.241115264516283,9.851011305497206,,,None,1.0,1.0,25.494587532661438,28.203764553932647,14.901770555420809,38.78372935964559,8.799970739914412,11.800177134565736,D,D,E,D,F,F,22.80227883657548,E,44.838084694159974,76.78026449643947,,,None,1.0,25.89767300375031
448124,285023_43971,Christian Fassnacht,Switzerland,FW,0,0,0,0,0,0,0.0,0.0,0,0,0,8,2,0,0,0,0,0,0,5,100,0,0,0,0,0,0,,,,3,0,3,0,2,1,1,5,6,12,2.13,31,14,1743.81,,,,,,,Round of 16,0.0,12.0,536.0,0.0,False,,,None,1.0,1.0,1.7438099999999999,2.13,12.0,0.01630063823398475,0.01245368761076435,0.01459819957682738,0.14624932623531117,0.04955394023131365,0.08945790262810832,0.05411811893682937,0.20121507836030775,5.995454434468734,0.22110185700576915,0.058225879771793526,13.53639773644993,0.49051880573706913,4.110339958169178,0.7841838594324343,0.13412165138922652,0.12551491440168258,2.941917454285256,1.108508602463899,0.25497096089193744,7.134151818941974,18.954106838809516,1.5288860433378186,1.7438099999999999,,,None,1.0,1.0,11.804567545039783,10.206121913837762,28.617188336629212,11.055917802852685,47.34207179944605,10.86211575669147,,,None,1.0,1.0,11.310190369540871,13.350680924613952,6.063545961678389,28.906034720308625,10.93010497055704,4.337912450298679,F,F,F,E,F,F,10.949408782805053,F,19.279256335158543,7.993407498969921,,,None,1.0,12.945325637948127
448114,285023_43971,Dan Ndoye,Switzerland,FW,5,11,9,10,1,0,0.58,1.71,0,0,23,74,11,2,11,0,0,0,1,61,85,8,0,5,60,0,0,,,,74,45,29,0,37,37,9,60,64,183,6.45,314,150,26581.64,64.0,83.0,222.0,5.684139728546143,6.126879692077637,5.534499168395996,Round of 16,1.0,252.0,121.0,0.0,True,106.35000000000001,5.71314058303833,B,1.1,1.1,26.58164,6.45,252.0,0.20910219395606766,0.01702086709965339,0.12830951440808813,2.254943088388345,1.0018448709382957,1.9905007977365459,0.07396502456917442,1.7695958850004971,18.656306074628755,1.2363050873738353,0.07957923727743706,50.44747369704111,4.967350447207805,17.94809343978134,2.753182187624796,0.5569556448449119,2.226604681384734,14.856583149813288,9.922096145248736,1.8430658290839341,35.15848725098474,78.7762761392292,6.729871288382239,26.58164,106.35000000000001,5.71314058303833,B,1.1,1.1,101.52595226557987,77.56320403522756,81.75144727212879,94.78067712839554,81.95917770896563,84.05459325392296,106.35000000000001,5.71314058303833,B,1.1,1.1,87.95072788353865,71.84922790556325,90.17171962163475,48.72437840473112,94.30927910464139,93.18917594738728,A,A,A,C,A,S,72.03719398819062,A,71.26182033096926,47.413485551195144,113.3,5.683521556854249,BL-B,1.05,83.68462201113738
448127,285023_43971,Noah Okafor,Switzerland,FW,0,1,0,1,0,0,0.18,0.0,0,0,1,11,3,0,0,0,0,0,0,9,78,0,0,2,0,0,0,,,,6,3,3,0,4,2,0,9,9,23,1.69,38,11,2914.43,,,,,,,Round of 16,0.0,25.0,600.0,0.0,False,,,None,1.0,1.0,2.91443,1.69,25.0,0.020868263977827994,0.015943353679060586,0.05018817486667632,0.3622266887351433,0.06343952249259711,0.28952165703639055,0.06928263640638894,0.25759785054230877,8.37543601097331,0.6330503812473998,0.0745414389288016,19.25441446440667,0.8029644239468707,5.787094218491358,1.1789177929874295,0.17170407600956875,0.16068563262927557,4.291266331344638,1.9441152965264266,0.15142012342311992,8.608233089125969,25.490241281909263,2.1621519919663634,2.91443,,,None,1.0,1.0,34.85874653810355,22.62578887385668,23.51098547442253,17.15550150048166,19.98010589873215,15.303290342309792,,,None,1.0,1.0,46.25793206420307,49.97055974472449,18.80669415474169,42.33418826970769,22.79580117771845,25.912046007020283,B,B,E,D,E,E,39.662658332489855,C,40.10207086073216,44.10037373198079,,,None,1.0,44.322028536177996
448131,285023_43971,Ruben Vargas,Switzerland,FW,4,6,33,4,2,0,1.31,1.53,11,0,14,68,17,5,4,0,0,0,0,78,76,22,27,15,47,0,0,,,,73,54,16,3,29,44,6,67,37,212,5.96,307,138,26697.29,14.0,271.0,23.0,6.572463035583496,5.145461559295654,6.858534812927246,Round of 16,2.0,268.0,28.0,1.0,True,54.8,6.429930758476257,B,1.1,1.1,26.697290000000002,5.96,268.0,0.3900533136250844,0.20082097653177647,0.260764774786775,1.3012344763421733,0.8029327352350311,0.8566618817224757,2.0974461908927724,4.320084804810212,21.508485533556478,3.058493620284483,0.07839890165569958,55.03675081357925,3.2372005853625496,16.577568226223153,3.8166618215269787,1.1008524634254901,0.9052112575518171,9.666807957854106,11.431402671541978,1.2635713981671506,32.428378536550504,76.31948223726664,6.6513381319847165,26.697290000000002,54.8,6.429930758476257,B,1.1,1.1,105.33635166064329,107.89496672437006,84.02405391152183,89.78166751595087,78.90835688493976,82.31897901963494,54.8,6.429930758476257,B,1.1,1.1,98.2568122433744,98.55058975479116,86.85811302449675,99.79905462407528,88.73706155590504,85.2501554638476,S,S,A,S,A,A,87.99901745489151,S,53.634523874637644,65.7925515543244,42.400000000000006,6.515584421157836,BL-A,1.2,116.57050688519743
448112,285023_43971,Zeki Amdouni,Switzerland,FW,0,1,0,0,1,0,0.0,0.0,0,0,1,14,4,1,4,0,0,0,0,6,67,0,0,0,0,0,0,,,,9,8,1,0,9,0,2,9,8,26,3.66,48,17,3924.51,,,,,,,Round of 16,0.0,32.0,623.0,0.0,False,,,None,1.0,1.0,3.92451,3.66,32.0,0.022255088020800135,0.017002887247891302,0.019930766627907767,0.386298872289933,0.0676554675832324,0.12213592305815114,0.07388689222905645,0.2747168065287568,8.37215639927015,0.3018680139141329,0.07949517441029808,21.09386698362594,0.8563263312892319,6.73156076612792,1.4438903284890494,0.36974108680245765,0.9178690680294178,4.389821057677942,3.006444786305006,0.534735363813554,10.30006027318579,29.050486270521937,2.4943476585586355,3.92451,,,None,1.0,1.0,29.816820958188405,28.05249492288843,18.888461793669496,26.276788790963234,20.272537736238508,17.09664893120255,,,None,1.0,1.0,39.94960806270996,44.86125092594351,29.52219257821974,45.95883587341289,24.358555748775565,30.860987054101418,C,C,D,C,E,D,36.377145197155286,C,47.01974361373632,60.65252854812398,,,None,1.0,40.731749792657794
448107,285023_43971,Gregor Kobel,Switzerland,GK,0,0,0,0,0,0,0.0,0.0,0,0,0,0,0,0,1,0,0,0,0,160,78,0,0,3,0,0,0,13.0,51.0,45.0,31,0,0,31,20,11,0,0,2,298,3.4,39,5,22876.57,,,,,,,Round of 16,0.0,403.0,1227.0,0.0,False,,,None,1.0,1.0,22.87657,3.4,403.0,,,,,,,,,,,,,,,,,,,,,,,,,,,,,,,,,,,,,,,,,,,,,,,,,,,,,,,,,,,,,
448120,285023_43971,Ardon Jashari,Switzerland,MF,0,1,0,0,1,0,0.02,0.0,0,0,0,0,0,0,0,0,0,0,0,8,88,0,0,0,0,0,0,,,,1,0,1,0,1,0,0,2,2,18,1.64,19,3,1008.65,,,,,,,Round of 16,0.0,9.0,525.0,0.0,False,,,None,1.0,1.0,1.00865,1.64,9.0,0.014544547620910423,0.011112034382375563,0.015464861951927759,0.25246102548206956,0.04421542476756769,0.0798204773435564,0.04828789810142261,0.17953789583251825,5.715457754329894,0.19728224393002894,0.051953124101892026,12.809906693450161,0.43767452700843645,2.6917885172971334,0.455767944248849,0.11967253782485095,0.11199301668101025,2.137111184982707,0.9890874164123924,0.10553523753732602,5.023938853754555,15.448546201618793,1.2745114933617931,1.00865,,,None,1.0,1.0,5.470600150090619,3.093957642173778,17.335519263700586,5.096714969696451,28.538396412798427,5.227110259216482,,,None,1.0,1.0,,,,,,,,,,,,,,,,,,,,,
401448,285023_43971,Denis Zakaria,Switzerland,MF,2,4,0,4,0,1,0.61,0.0,0,0,11,31,16,1,0,1,0,0,0,105,88,11,18,5,100,0,0,,,,34,17,10,7,12,22,4,34,43,240,3.14,219,91,20153.38,,,,,,,Round of 16,0.0,193.0,973.0,0.0,False,,,None,1.0,1.0,20.153380000000002,3.14,193.0,0.023561686695362734,0.01800112863525713,0.14162657604202947,1.001727727818535,0.4667936649477731,0.9196388113718914,0.07822479982860428,2.464259216233844,28.424410426716218,1.3075060618205756,0.0841623448758357,64.61506694404659,2.882432031703142,10.48568360968916,3.899658113436849,0.3914486268263797,0.18142498755429307,11.562955340983406,4.961201109879345,0.9612958734492926,25.52592503247797,64.54274827368296,5.847341021040984,20.153380000000002,,,None,1.0,1.0,75.30837815315523,71.88010001805677,75.82879866086346,65.07357267357254,67.87666928248564,61.61420790842045,,,None,1.0,1.0,,,,,,,,,,,,,,,,,,,,,
411226,285023_43971,Djibril Sow,Switzerland,MF,0,0,0,0,0,0,0.0,0.0,0,0,4,30,4,1,1,0,0,0,0,35,86,0,0,3,67,1,100,,,,59,13,37,9,38,21,0,4,22,75,3.59,204,73,12440.73,,,,,,,Round of 16,0.0,104.0,821.0,0.0,False,,,None,1.0,1.0,12.44073,3.59,104.0,0.02523068825225008,0.01927624582471906,0.022595595171185076,0.22636973499918772,0.07670129228684025,0.13846601712834847,0.08376588499747027,0.31144761578577496,15.62733883512176,0.9769658900447927,0.3017029633007948,34.28157530576791,1.6055576503417397,11.016862282133154,1.6369446265275385,0.41917704780327114,0.4058552444060832,7.938864092668545,4.466314007134863,0.18307387395832656,23.525643194719912,65.94097564285596,4.629705425785201,12.44073,,,None,1.0,1.0,52.006507092101614,59.47478509879757,53.04184661834051,47.80866832552907,52.79875415513199,48.345710592907956,,,None,1.0,1.0,,,,,,,,,,,,,,,,,,,,,
448103,285023_43971,Fabian Rieder,Switzerland,MF,1,3,0,3,0,0,0.8,0.0,3,0,8,82,9,1,2,0,0,0,0,40,93,6,0,4,75,1,100,,,,79,31,43,5,50,29,4,24,38,103,5.76,261,88,16705.61,,,,,,,Round of 16,0.0,131.0,871.0,0.0,False,,,None,1.0,1.0,16.70561,5.76,131.0,0.024857504800141584,0.01899113366730817,0.1890209960900402,0.8483700671589656,0.2840163259564622,0.7617665204352723,0.7078754500285653,1.5575381074371382,16.438444688812208,1.1709652405652475,0.2972405185101375,39.6111078136002,2.4156081253581148,21.693288060222407,2.6549803726935224,0.4129770608595967,0.6083018096891538,11.156633686638836,8.152344608713813,1.0141641002859543,26.30442148732814,76.8472743796953,5.4502402760523,16.70561,,,None,1.0,1.0,80.98519320282787,74.2722342178168,72.99465701816285,74.73539682982965,74.5531609801588,65.52389014276538,,,None,1.0,1.0,,,,,,,,,,,,,,,,,,,,,
311558,285023_43971,Granit Xhaka,Switzerland,MF,1,5,20,1,4,0,1.01,0.99,0,0,22,57,11,1,9,1,0,0,0,309,90,1,0,7,43,7,100,,,,198,2,66,130,146,52,0,22,73,659,6.63,703,138,44673.07,,,,,,,Round of 16,1.0,403.0,157.0,0.0,False,,,None,1.0,1.0,44.67307,6.63,403.0,0.18343830510379044,0.01493183286643696,0.1830360403102798,0.9948214209973391,0.2233086441712399,0.27115305105217924,0.06488702240388837,0.4051486611729801,57.012265611435105,1.4123568149612087,1.2170703306661328,122.26942200617381,4.19379505725094,12.95905891299762,2.415273912649367,0.32470438881924374,1.6255371769205431,14.508225714954976,1.6568775218781373,0.14181332366343796,28.876627280025698,132.86254546532447,8.868966403792518,44.67307,,,None,1.0,1.0,73.45208227491189,59.187237716695996,90.86141410495736,77.49115974174983,73.92097922253421,90.18226022034662,,,None,1.0,1.0,,,,,,,,,,,,,,,,,,,,,
502727,285023_43971,Johan Manzambi,Switzerland,MF,3,6,50,4,2,0,0.63,4.73,0,0,14,102,13,3,3,0,0,0,1,54,80,7,43,7,57,0,0,,,,115,37,66,12,82,33,5,36,57,153,6.6,345,113,24380.51,3.0,342.0,20.0,7.485426425933838,4.692008972167969,6.902968406677246,Round of 16,3.0,220.0,10.0,2.0,True,58.099999999999994,6.920799303054809,B,1.1,1.1,24.380509999999997,6.6,220.0,0.6006995010169771,0.402701580395977,0.14189068471493632,1.36151000676521,0.6475478156543497,0.8963440068527361,0.07624333558631222,1.631525728711112,17.88292029148976,1.6595428580530704,0.08203048033563472,46.224037879969465,3.387153561491029,23.893130382075825,3.2231436338422403,0.7666895099380207,0.7545640637965831,13.966156229297507,8.68709625179384,1.1295240931719983,29.116064241455117,87.17271057326288,6.5132787699785935,24.380509999999997,58.099999999999994,6.920799303054809,B,1.1,1.1,103.49543784247616,101.75475636902063,82.61261963084523,95.12149594173648,82.77881266281977,82.02181551741833,58.099999999999994,6.920799303054809,B,1.1,1.1,,,,,,,,,,,,,,,,,,,,,
433147,285023_43971,Michel Aebischer,Switzerland,MF,1,2,0,2,0,1,0.34,0.0,5,0,8,52,6,3,2,0,0,0,0,76,87,6,0,3,33,0,0,,,,99,24,52,23,59,40,2,27,30,173,7.29,321,117,21047.55,,,,,,,Round of 16,0.0,176.0,946.0,0.0,False,,,None,1.0,1.0,21.047549999999998,7.29,176.0,0.02393805470274486,0.01828867379289707,0.08968929470722246,0.6162506411320402,0.27351089346585106,0.5328504585476771,1.0831703774606463,1.4999265902677226,23.05701725919419,0.9269133954965513,0.08550673139820462,52.19768365795023,2.326257599471052,14.868702432760744,1.9545581251822526,0.7991799356027046,0.5858014355501487,9.138049167413282,6.445624444073622,0.57517293926213,31.152888637933355,86.04913580036256,6.120239841071252,21.047549999999998,,,None,1.0,1.0,69.43318765732535,64.68693184365954,68.49540969990049,63.5520251367145,67.62820724234167,71.50966351694021,,,None,1.0,1.0,,,,,,,,,,,,,,,,,,,,,
402021,285023_43971,Remo Freuler,Switzerland,MF,1,2,0,1,1,0,0.07,0.0,0,0,13,120,21,6,2,0,0,0,1,205,92,3,33,6,67,0,0,,,,187,31,75,81,145,42,3,19,77,440,7.0,666,144,46073.88,,,,,,,Round of 16,0.0,394.0,1210.0,0.0,False,,,None,1.0,1.0,46.073879999999996,7.0,394.0,0.019684160933581888,0.015038698953256565,0.029183037118850872,0.5067402905581617,0.22490684856912144,0.2730936745345299,0.06535141429949189,0.7381822805572323,40.2533304912536,1.2573979548892997,0.07031182285475453,86.99482288169489,2.7382067621167683,23.451026952023767,4.083229852966404,1.1523632721477066,0.4817020378506456,15.272328072248254,6.455678659389311,0.6380292697271677,30.073697284257616,127.70595446516776,9.163668481357913,46.073879999999996,,,None,1.0,1.0,60.42004003965417,65.90387303322615,89.7996481009606,81.43125085935516,92.89202523098292,92.56328900866929,,,None,1.0,1.0,,,,,,,,,,,,,,,,,,,,,
433362,285023_43888,Ali Abdi,Tunisia,DF,0,1,0,0,1,0,0.05,0.0,1,0,22,102,24,4,2,0,0,0,0,74,69,5,0,5,60,0,0,,,,102,46,48,8,21,81,5,17,35,153,6.13,343,150,29932.97,,,,,,,Round of 16,0.0,293.0,1098.0,0.0,False,,,None,1.0,1.0,29.93297,6.13,293.0,0.0214510815544876,0.016388626307628523,0.02820493074738295,0.37234310671578363,0.0652112879256423,0.11772353557102795,0.2511015937698198,1.1642121657531992,20.301808875310346,1.1903824852496743,0.0766232633126297,43.177080170177504,4.6029540123339,22.31816287236206,4.989407163805524,0.8960355110660074,0.5249413339873963,9.088098684770554,9.733423488441735,1.0550690628039665,33.85252382997833,81.06676428540857,7.0827406048876815,29.93297,,,None,1.0,1.0,50.629332025903196,58.93547235798257,59.21100196775476,90.31497635443351,56.724784649298385,78.16500505775834,,,None,1.0,1.0,,,,,,,,,,,,,,,,,,,,,
411653,285023_43888,Dylan Bronn,Tunisia,DF,0,0,0,0,0,0,0.0,0.0,0,0,1,4,1,1,0,0,0,0,0,20,80,0,0,0,0,1,0,,,,7,0,0,7,2,5,0,0,1,40,2.04,38,13,5012.71,,,,,,,Round of 16,0.0,49.0,669.0,0.0,False,,,None,1.0,1.0,5.01271,2.04,49.0,0.02417115467935473,0.01846676217502701,0.02164671928464292,0.21686359978317066,0.07348031022523838,0.13265129688029875,0.0802482335354577,0.29836873336195474,11.930677837756646,0.3278575420707675,0.2890332962880174,25.747672586690136,0.9300523183845049,5.284179665910988,0.9601212348056221,0.4015741924750929,0.18611789103103143,3.3489081094568913,1.643735202814839,0.17538589835339793,10.376075110663857,29.52466795962152,2.929671721769932,5.01271,,,None,1.0,1.0,37.80208349413411,34.923772176626805,24.720438477221617,20.093475372150095,27.914595255637774,19.9341652912422,,,None,1.0,1.0,,,,,,,,,,,,,,,,,,,,,
425607,285023_43888,Mohamed Amine Ben Hmida,Tunisia,DF,0,0,0,0,0,0,0.0,0.0,0,0,7,30,11,3,1,0,0,0,0,98,83,0,0,1,0,1,0,,,,38,2,0,36,12,26,0,1,18,208,5.95,167,70,22028.58,,,,,,,Round of 16,0.0,221.0,1017.0,0.0,False,,,None,1.0,1.0,22.02858,5.95,221.0,0.022942984178219845,0.01752843991215996,0.020546818910646556,0.20584445404698842,0.06974667190178833,0.1259110971700705,0.07617070747168987,0.2832081966959457,26.33125506606863,0.503593404270997,0.27434710636222437,56.76171781993702,2.0371636480343533,10.017946974160196,2.835283787862551,0.7659591744512622,0.3690557450499159,6.449456396371024,1.9450042298109085,0.16647429319716317,20.815353794350305,52.84340281628022,6.054575306492836,22.02858,,,None,1.0,1.0,37.3098076052995,38.3837969068653,51.90382687739753,54.40079324955573,50.10641323751472,46.2808197708062,,,None,1.0,1.0,,,,,,,,,,,,,,,,,,,,,
433380,285023_43888,Montassar Talbi,Tunisia,DF,0,1,0,1,0,1,0.08,0.0,0,0,5,17,6,1,1,0,0,0,0,113,95,0,0,0,0,4,75,,,,30,2,2,26,11,19,0,2,24,236,6.02,275,77,29945.79,,,,,,,Round of 16,0.0,298.0,1106.0,0.0,False,,,None,1.0,1.0,29.945790000000002,6.02,298.0,0.021354556893293415,0.01631488146647617,0.03345025246336355,0.3706676530966997,0.06491785295561199,0.2962683768804655,0.07089712888573416,0.26360065029081386,27.19436383961693,0.28965320970063185,0.7925767518231289,57.84598298568719,1.5379741692833413,6.996398220406809,1.7436138067086695,0.35477986276808937,0.34350465672843056,7.077384191060352,1.810344424271668,0.154948664817737,20.627752176701634,68.5249128514003,7.053165726992621,29.945790000000002,,,None,1.0,1.0,40.408788830124806,34.57060304369854,60.37942416550012,40.46375367881174,63.04998687802216,58.00100117099875,,,None,1.0,1.0,,,,,,,,,,,,,,,,,,,,,
441362,285023_43888,Mortadha Ben Ouanes,Tunisia,DF,0,0,0,0,0,0,0.0,0.0,0,0,3,10,3,0,1,0,0,0,0,4,75,0,0,1,0,0,0,,,,17,6,8,3,13,4,0,0,3,8,2.42,38,18,3378.97,,,,,,,Round of 16,0.0,27.0,606.0,0.0,False,,,None,1.0,1.0,3.37897,2.42,27.0,0.021316219229056983,0.01628559149099953,0.01908995329277427,0.19124911892309926,0.06480130645633324,0.11698341112906471,0.07076984784046918,0.26312741016347935,7.6614565675572335,0.4678862751401942,0.07614153508619152,16.986430883750074,1.177706901592579,5.732566100332687,1.2042242783135257,0.17538985181668085,0.3428879655810042,3.3108635922827694,2.522106637556383,0.15467048672603745,10.044287765608566,26.037411254910225,2.2916024004441247,3.37897,,,None,1.0,1.0,19.457104694622863,22.124182330636557,17.435392571697662,22.487498169574284,16.332964086257412,14.26044434871444,,,None,1.0,1.0,,,,,,,,,,,,,,,,,,,,,
433367,285023_43888,Omar Rekik,Tunisia,DF,1,1,100,1,0,1,0.11,8.73,0,0,5,17,5,0,1,0,0,0,1,93,83,2,0,4,25,1,100,,,,25,0,9,16,2,23,0,7,22,205,4.08,199,66,20477.26,,,,,,,Round of 16,1.0,200.0,107.0,0.0,False,,,None,1.0,1.0,20.477259999999998,4.08,200.0,0.2196855163081892,0.01788234693312706,0.042552391684983655,0.4062798484428606,0.26743419136523006,0.324732601433679,0.07770862803400765,0.6814849026114914,25.881498336555442,1.1025990888825308,0.2798862968212819,57.318924314029076,1.6857362847425486,7.668582852821063,1.714853614042038,0.19258632273006468,0.37650714517199985,7.36479101018691,1.5917161267544147,0.16983548343818056,20.450507860655783,60.19127238912706,5.872327874374904,20.477259999999998,,,None,1.0,1.0,69.38982694554144,53.0033790972255,60.6070321504381,45.683632201927324,47.598552131542114,48.311016068063225,,,None,1.0,1.0,,,,,,,,,,,,,,,,,,,,,
419189,285023_43888,Yan Valery,Tunisia,DF,0,0,0,0,0,0,0.0,0.0,0,0,13,68,10,4,1,0,0,0,1,80,68,7,29,8,13,1,100,,,,80,38,33,9,5,75,4,28,35,163,6.39,296,130,29256.28,,,,,,,Round of 16,0.0,274.0,1077.0,0.0,False,,,None,1.0,1.0,29.25628,6.39,274.0,0.021826698809034508,0.016675597890102364,0.01954711838541894,0.19582914171465757,0.0663531643794649,0.11978492306398138,0.07246464004599457,1.5506656909440737,21.755504967896947,1.7603281093261458,0.2609988139809215,45.763467048356105,3.036249016417119,16.485812318769053,2.5142998922304076,0.9117254611409369,0.35109942666461597,9.247235028005926,8.439588967541493,0.8905099098985553,30.784618519137922,73.88368589274265,7.08290513079155,29.25628,,,None,1.0,1.0,45.80821722551987,65.68119328717631,58.19288216955647,70.55496396339636,54.35013579136643,73.6698789596245,,,None,1.0,1.0,,,,,,,,,,,,,,,,,,,,,
448662,285023_43888,Elias Achouri,Tunisia,FW,1,3,0,0,3,0,0.13,0.0,0,0,1,19,6,0,1,0,0,0,1,8,88,0,0,0,0,0,0,,,,31,17,13,1,16,15,0,3,10,33,6.83,68,40,6477.05,,,,,,,Round of 16,0.0,58.0,703.0,0.0,False,,,None,1.0,1.0,6.47705,6.83,58.0,0.02469826460860442,0.018869474160973777,0.049043618458468115,0.8429353055819299,0.2821968829146677,0.13554407617202105,0.08199823850056669,0.30487537832861294,9.705484945629655,0.3350072611511103,0.08822220118193498,24.859363155891472,0.9503343371066347,8.506126239229333,2.0166297708022896,0.20321732119959712,0.3972907959907644,5.285966499559489,5.20052148102021,0.17921060800003366,16.194432563732065,36.38194882530537,3.2968457784914245,6.47705,,,None,1.0,1.0,60.23041735673876,40.86385763157327,37.58364242180467,34.60754754768615,41.69185578333781,31.31681607386454,,,None,1.0,1.0,56.15901455767077,60.58804535698683,35.868299781712345,56.504228755537646,36.48814966533777,32.406203478621364,B,B,D,B,C,D,49.63813784302195,B,46.43907428717555,34.7704869063029,,,None,1.0,55.22283780639803
482885,285023_43888,Elias Saad,Tunisia,FW,0,1,0,0,1,0,0.06,0.0,1,0,6,53,3,1,3,0,0,0,1,29,76,2,0,1,100,0,0,,,,45,12,32,1,25,20,2,19,35,76,4.99,199,86,15480.51,,,,,,,Round of 16,0.0,124.0,860.0,0.0,False,,,None,1.0,1.0,15.48051,4.99,124.0,0.024975329525862098,0.01908115175775864,0.034933159910020155,0.4335162198366863,0.07592500175862078,0.1370646084379312,0.2923556573565138,0.7271705943285449,14.212549821158731,0.548202933019445,0.08921187706637941,34.14405049846748,2.008182996076152,15.722425042534883,1.4109396160143692,0.4149345746694449,0.820622727341093,10.581203508977119,4.211673069044545,0.6000961177009585,26.010229480388634,64.22640200665658,5.2194924896640345,15.48051,,,None,1.0,1.0,57.18548227339646,58.40594750844963,47.995884671630066,57.300835617029534,49.9584036188738,52.49114586167275,,,None,1.0,1.0,27.39828294139604,32.49634371023191,57.312636429784135,46.66892765542532,64.9244724040818,61.06808374319257,D,D,B,C,B,B,30.88588236554694,D,38.89968299417118,39.654664966153234,,,None,1.0,34.73111506459167
494375,285023_43888,Firas Chaouat,Tunisia,FW,0,0,0,0,0,0,0.0,0.0,0,0,0,18,0,1,2,0,0,0,3,7,100,0,0,0,0,0,0,,,,25,22,3,0,20,5,1,5,5,14,6.2,83,35,6946.94,,,,,,,Round of 16,0.0,66.0,717.0,0.0,False,,,None,1.0,1.0,6.94694,6.2,66.0,0.02499548265295503,0.019096548746857643,0.0223849544446804,0.2242594703623125,0.0759862672649833,0.1371752087994172,0.0829850024078107,0.30854423786807683,9.612673845846233,0.339038726704682,0.08928386403635537,21.17599515792908,0.7521640639927228,8.398882099115337,0.7832584444129987,0.41526939424449416,0.6116783423797142,4.301544818919139,6.311137187803119,0.39097378510582187,15.341282978594686,39.96386635767783,3.43501193207449,6.94694,,,None,1.0,1.0,48.38800205891909,45.620383233695314,41.88479199857559,32.323086797535666,60.89250105979785,32.73065890137292,,,None,1.0,1.0,37.681970884658455,40.6636403350491,23.739995149163224,53.26112300485406,26.59376028674884,18.03757514085967,C,C,E,B,E,E,34.098675509297465,D,37.32886688027964,40.77794951056156,,,None,1.0,38.24192827890572
494374,285023_43888,Hazem Mastouri,Tunisia,FW,2,3,33,1,2,1,0.21,4.8,0,0,1,38,4,2,2,0,0,0,0,10,70,1,100,0,0,0,0,,,,15,14,1,0,11,4,1,14,17,37,2.17,106,39,10041.14,,,,,,,Round of 16,1.0,92.0,93.0,0.0,False,,,None,1.0,1.0,10.041139999999999,2.17,92.0,0.23741434208431986,0.0193254689858389,0.067198331887356,0.8633054618333652,0.5011356053011953,0.3509388248178865,0.08397978669238892,0.5243621433609644,10.364263632061585,0.3431029598480612,0.09035415604373892,26.308584989105828,0.9732998705346146,12.74194836921109,1.641124672259913,0.6323666695662897,0.619010848068223,6.898540376053168,4.689838259221374,0.395660590743231,16.373663800656338,45.32167614990661,4.132528510408254,10.041139999999999,,,None,1.0,1.0,82.07964701680314,63.796434023635115,39.03110033278641,42.75589480813956,43.351867239651135,38.40245857280654,,,None,1.0,1.0,73.29227323628221,68.16653687629393,41.58622362357507,54.92506941942048,44.28148202333492,39.35967738896112,A,A,C,B,C,C,59.743133503645076,A,61.28828544363751,54.31924882629108,,,None,1.0,66.26517720036449
433365,285023_43888,Aymen Dahmen,Tunisia,GK,0,0,0,0,0,0,0.0,0.0,0,0,0,0,0,0,1,0,0,0,0,48,50,0,0,1,100,1,0,6.0,51.0,44.0,16,0,0,16,9,7,0,0,1,86,1.57,9,0,7797.05,,,,,,,Round of 16,0.0,198.0,977.0,0.0,False,,,None,1.0,1.0,7.7970500000000005,1.57,198.0,,,,,,,,,,,,,,,,,,,,,,,,,,,,,,,,,,,,,,,,,,,,,,,,,,,,,,,,,,,,,
520245,285023_43888,Mouhib Chamakh,Tunisia,GK,0,0,0,0,0,0,0.0,0.0,0,0,0,0,0,0,0,0,0,0,0,23,70,0,0,0,0,0,0,1.0,26.0,20.0,1,0,0,1,1,0,0,0,0,34,0.77,4,0,3891.4,,,,,,,Round of 16,0.0,100.0,811.0,0.0,False,,,None,1.0,1.0,3.8914,0.77,100.0,,,,,,,,,,,,,,,,,,,,,,,,,,,,,,,,,,,,,,,,,,,,,,,,,,,,,,,,,,,,,
433361,285023_43888,Anis Slimane,Tunisia,MF,1,1,0,1,0,1,0.11,0.0,2,0,5,92,5,0,0,0,0,0,2,75,79,4,50,2,50,2,100,,,,180,57,85,38,149,31,0,30,42,162,7.16,408,123,30657.94,,,,,,,Round of 16,0.0,257.0,1052.0,0.0,False,,,None,1.0,1.0,30.65794,7.16,257.0,0.02217436769334122,0.01694121691771269,0.040312901913749026,0.3848977467837517,0.2533593976268516,0.3076422497401509,0.4455175404200814,1.017517674162981,21.17229323436733,0.6726717630706689,0.4511054810788034,46.30646596159215,1.5970176718234956,21.21119200293872,1.6246025852340118,0.18245069738081157,0.17074263123872743,10.696175829678026,12.107056931446351,0.1608972119828839,29.973329337678056,95.88687383272357,7.45636365917812,30.65794,,,None,1.0,1.0,51.08216081563475,52.49669082529671,55.807208015094325,52.682939536911825,50.716943993072846,81.89136849777906,,,None,1.0,1.0,,,,,,,,,,,,,,,,,,,,,
411658,285023_43888,Ellyes Skhiri,Tunisia,MF,0,0,0,0,0,0,0.0,0.0,0,1,10,40,10,0,1,0,0,0,0,109,91,0,0,3,0,2,100,,,,63,2,18,43,53,10,0,7,20,230,6.61,286,59,29334.81,,,,,,,Round of 16,0.0,267.0,1066.0,0.0,False,,,None,1.0,1.0,29.33481,6.61,267.0,0.021968559077127518,0.016783979134925426,0.019674162767112317,0.19710191203998811,0.06678441959446765,0.12056345221527583,0.07293561613606336,0.271179893248062,27.239382700364395,0.8506518988784803,0.44691860206104794,58.40387320533311,2.503312424936664,11.434703346273112,2.53064131242861,0.18075730408660518,0.35338135941265614,6.54398461409071,1.8623968005185283,0.15940386466363726,17.904834546648537,72.521650372618,7.143406774472308,29.33481,,,None,1.0,1.0,38.932131302361114,43.070150144664645,68.97816822726404,60.14342999472062,50.51666239344158,55.865549342906654,,,None,1.0,1.0,,,,,,,,,,,,,,,,,,,,,
433378,285023_43888,Hannibal Mejbri,Tunisia,MF,1,3,0,0,3,0,0.06,0.0,4,0,19,125,17,4,15,0,0,0,0,123,76,9,33,11,55,7,71,,,,150,25,93,32,73,77,3,30,75,289,6.27,368,102,31221.09,,,,,,,Round of 16,0.0,298.0,174.0,2.0,False,,,None,1.0,1.0,31.22109,6.27,298.0,0.021354556893293415,0.37446401876661856,0.02986876109036212,0.7288167903968422,0.24399242160568319,0.11719380823039428,0.7871954034860188,1.8752717681414544,28.98510952611764,2.2594734648514145,1.3298004577733424,67.33693512414095,4.045018130384338,26.336451634614498,3.713434061859452,0.8920035687183028,2.850548617829427,16.210187192213983,5.929059503223305,0.6921723707679506,25.104616392953414,85.17884773585693,7.281539524392055,31.22109,,,None,1.0,1.0,60.65810166463109,96.19579265211621,75.12632215870127,93.14088783182164,71.70417504554347,72.13817211407859,,,None,1.0,1.0,,,,,,,,,,,,,,,,,,,,,
464484,285023_43888,Ismael Gharbi,Tunisia,MF,0,3,0,2,1,0,0.26,0.0,1,0,3,62,9,0,2,0,0,0,0,36,97,1,0,0,0,0,0,,,,60,12,36,12,36,24,0,14,21,84,6.44,185,65,15753.85,,,,,,,Round of 16,0.0,142.0,884.0,0.0,False,,,None,1.0,1.0,15.75385,6.44,142.0,0.02465303232238703,0.018834916694303688,0.07582933078365363,0.8413915578081878,0.07494521826005657,0.5487655425930807,0.28858291791423535,0.5110518815914559,15.476286182830968,0.3343937304208576,0.08806063145556647,35.35731321534794,1.3620636004570017,17.38014673541126,2.633141076289513,0.20284514994860045,0.6032980500902009,7.550369161893304,4.157323017298532,0.17888240253124027,21.333145420821847,60.50329661515017,5.208645812644146,15.75385,,,None,1.0,1.0,63.35970520349329,50.37737754786031,56.045021865764014,56.91786915692381,63.80375132596618,49.68851087851277,,,None,1.0,1.0,,,,,,,,,,,,,,,,,,,,,
479781,285023_43888,Mohamed Hadj Mahmoud,Tunisia,MF,0,0,0,0,0,0,0.0,0.0,0,0,1,25,6,2,0,0,0,0,0,13,92,0,0,0,0,1,100,,,,18,2,9,7,11,7,0,1,7,24,4.46,67,36,5920.56,,,,,,,Round of 16,0.0,52.0,690.0,0.0,False,,,None,1.0,1.0,5.92056,4.46,52.0,0.02437403807669676,0.018621765090596324,0.021828413539966545,0.21868386962412334,0.07409707575315817,0.13376472096491182,0.08092180641463326,0.30087312601874483,10.600052501439182,0.3306094524723149,0.2914593308682339,22.693464400667235,0.9378588206622323,9.620833646387249,1.9901564583210083,0.609340119011607,0.18768009319056506,4.6033891602230685,2.0663226190842328,0.17685802028451167,15.164259041340735,35.699949432059974,3.1398225050363022,5.92056,,,None,1.0,1.0,40.566409828569675,38.14163039453749,37.61994105566088,33.62809495634072,58.224964864825225,29.783028645738913,,,None,1.0,1.0,,,,,,,,,,,,,,,,,,,,,
336459,285023_43888,Rani Khedira,Tunisia,MF,0,1,0,0,1,0,0.06,0.0,0,0,6,49,10,3,0,1,0,0,0,30,83,1,0,2,50,0,0,,,,35,11,17,7,31,4,1,5,19,74,7.49,218,49,18577.38,,,,,,,Round of 16,0.0,162.0,919.0,0.0,False,,,None,1.0,1.0,18.57738,7.49,162.0,0.02424214945122872,0.01852100218073874,0.03390765605176328,0.42078984303010564,0.07369613433173533,0.13304091618834324,0.08048393617807935,0.5025343709796489,13.998613039179057,0.7353990714638293,0.08659295783978899,32.73513331568354,1.9492304302084642,14.447717712768197,2.7925447767405185,0.8093322401457546,0.18666455077446115,7.0179514260896845,3.8847451909718553,0.37919031457179714,17.724965412780907,66.2034569736587,5.695828636109678,18.57738,,,None,1.0,1.0,50.63994514136697,52.337211265896585,48.12539093108015,57.071787084516146,53.38196357584791,46.44855442749372,,,None,1.0,1.0,,,,,,,,,,,,,,,,,,,,,
504502,285023_43888,Sebastian Tounekti,Tunisia,MF,0,0,0,0,0,0,0.0,0.0,0,0,1,33,1,1,0,0,0,0,0,18,89,3,0,1,0,0,0,,,,62,19,41,2,46,16,1,13,15,46,7.03,146,55,11128.49,,,,,,,Round of 16,0.0,98.0,794.0,0.0,False,,,None,1.0,1.0,11.12849,7.03,98.0,0.025273730278940577,0.0193091299331106,0.02263414188860802,0.22675590806265483,0.07683214004797938,0.13870223177082588,0.08390878452608272,0.9477985837673103,12.051020071604446,0.5547527632382392,0.09027776455637575,28.193800911524306,0.9724769772885694,11.671476039428835,1.003917497755571,0.41989213846981227,0.19460772314784244,6.468828114048361,5.745572582848172,0.3953260726386821,19.750858574541418,53.76095358261888,4.359487427302373,11.12849,,,None,1.0,1.0,56.08902537618676,63.122892753075156,48.20901013010788,39.816672140861456,54.78163250042092,41.9694029072465,,,None,1.0,1.0,,,,,,,,,,,,,,,,,,,,,
484082,285023_43972,Abdulkerim Bardakci,Türkiye,DF,0,3,0,1,2,0,0.07,0.0,0,0,3,27,12,1,3,0,0,0,0,242,92,6,33,3,33,5,60,,,,25,2,1,22,11,14,1,2,24,516,6.08,258,93,30419.01,,,,,,,Round of 16,0.0,300.0,1113.0,0.0,False,,,None,1.0,1.0,30.41901,6.08,300.0,0.021316219229056986,0.016285591490999535,0.031602668718982846,0.7275083514748956,0.06480130645633324,0.2957364886463301,0.07076984784046919,1.335645875267072,50.2046890166664,0.825392430174725,0.9699069226725187,107.7929942625209,1.177706901592579,8.7713684181262,2.8130019759689144,0.3541429293339462,0.700394120615535,7.0646782201453435,1.807094327487322,0.3334235642433029,23.450768579403476,65.36308830870861,7.125092766634082,30.41901,,,None,1.0,1.0,47.05552836404443,52.390602224886365,79.7611331540818,49.34192817035341,59.51297503379324,60.96802399854661,,,None,1.0,1.0,,,,,,,,,,,,,,,,,,,,,
401167,285023_43972,Caglar Soyuncu,Türkiye,DF,0,0,0,0,0,0,0.0,0.0,0,0,0,1,1,0,0,0,0,0,0,4,75,0,0,0,0,0,0,,,,4,0,0,4,3,1,0,0,1,8,1.8,9,3,1394.51,,,,,,,Round of 16,0.0,15.0,555.0,0.0,False,,,None,1.0,1.0,1.39451,1.8,15.0,0.017703962795799274,0.013525827575990643,0.01585496092140599,0.15883995420391106,0.0538200468992298,0.0971593478233464,0.05877715648205358,0.21853771675134617,6.363142571210354,0.24013655136222128,0.06323855510659498,14.107902399004887,0.5327476484511917,3.42496930033578,0.7032328759607839,0.1456682058838364,0.1363205135276544,2.4528801111440344,1.2039402859655335,0.1284599540463195,6.115255618357529,17.319715987279242,1.608650487016213,1.39451,,,None,1.0,1.0,4.439599863873828,3.9574225008554333,8.090727868802526,4.1236363023692375,10.45259238354501,4.037894931583894,,,None,1.0,1.0,,,,,,,,,,,,,,,,,,,,,
484065,285023_43972,Eren Elmali,Türkiye,DF,0,0,0,0,0,0,0.0,0.0,0,0,4,26,3,2,1,1,0,0,0,59,88,4,25,1,100,1,100,,,,26,12,11,3,11,15,3,8,30,121,4.45,135,60,14528.21,,,,,,,Round of 16,0.0,134.0,873.0,0.0,False,,,None,1.0,1.0,14.52821,4.45,134.0,0.02480381815084515,0.01895011706724569,0.022213307383170875,0.22253985644938262,0.07540360717856927,0.13612335401183817,0.08234867626080589,1.138175559467626,20.354928159875314,0.5444382964514619,0.2965985454882172,43.26954420940278,1.5783937240088253,9.998474216201569,1.4012503667350784,0.6200844298519504,0.39898870681490595,9.46854339738856,4.182750534170853,0.8039744256627274,20.423629224193565,50.47338877042739,4.985571285194943,14.52821,,,None,1.0,1.0,49.27525239765858,63.90339122110602,53.78644568277339,46.316228049979344,64.49831174461772,45.5284933125572,,,None,1.0,1.0,,,,,,,,,,,,,,,,,,,,,
484113,285023_43972,Ferdi Kadioglu,Türkiye,DF,0,1,0,0,1,0,0.04,0.0,0,0,0,16,7,0,3,0,0,0,0,175,92,4,0,9,78,1,0,,,,97,30,33,34,36,61,2,32,41,353,4.36,218,101,19552.43,,,,,,,Round of 16,0.0,179.0,950.0,0.0,False,,,None,1.0,1.0,19.55243,4.36,179.0,0.02387197732621348,0.018238190677227095,0.02938619189321478,0.41436447754456324,0.07257081107168899,0.13100941156625956,0.07925496472302876,1.095416076009883,42.81169645356793,2.125465373216743,0.28545579998301046,88.08691730859489,0.718355541700416,7.620996139297395,2.149347960310657,0.19641862944008448,0.7843695163331716,11.314861032614065,7.628942855305099,0.5735852614265569,27.863934252844505,65.19254519784451,5.804045103216142,19.55243,,,None,1.0,1.0,54.01416151384873,67.91258128084547,94.27906374112126,48.17933019538477,66.80023660155052,58.21756543357007,,,None,1.0,1.0,,,,,,,,,,,,,,,,,,,,,
441179,285023_43972,Merih Demiral,Türkiye,DF,2,6,0,3,3,2,0.24,0.0,0,0,3,9,3,2,1,0,0,0,3,124,96,1,0,5,40,2,100,,,,36,17,4,15,19,17,2,10,26,273,4.05,153,57,21211.19,,,,,,,Round of 16,0.0,208.0,1001.0,0.0,False,,,None,1.0,1.0,21.21119,4.05,208.0,0.023228949039536508,0.017746917066205896,0.06755319071949796,1.3771669587239879,0.46020161439394647,0.7118588862996096,0.07712011081126122,0.4815309516009164,31.724064774660835,1.2890414880566619,0.47255941528297984,70.13073684878906,1.283383948468366,6.052163298557,1.3122807610735492,0.5807134020110619,0.37365571226130884,8.088185843861051,4.891139129651562,0.5581348635446324,18.542493084843994,50.77495180017281,5.970818767872976,21.21119,,,None,1.0,1.0,66.73338564948499,56.05113797514033,84.18968575213485,44.926639903619346,73.82923334277865,50.33859495387818,,,None,1.0,1.0,,,,,,,,,,,,,,,,,,,,,
430120,285023_43972,Mert Muldur,Türkiye,DF,0,3,0,3,0,3,0.22,0.0,0,0,1,10,5,1,2,0,0,0,0,81,89,6,17,4,100,0,0,,,,52,20,24,8,8,44,2,27,26,173,7.5,145,57,15133.29,,,,,,,Round of 16,0.0,132.0,872.0,0.0,False,,,None,1.0,1.0,15.13329,7.5,132.0,0.024839803100341385,0.01897760956866082,0.06807176921004975,0.8477659199459181,0.07551300142503782,0.7612240459443285,0.08246814629313341,1.556428942529924,24.967082251427538,1.170131364625904,0.08872777667441942,54.16397449408111,0.9557804237386914,6.680162727818564,1.8198854141683891,0.41268296875282723,0.6078686215590654,8.649075920676513,5.855227346899983,0.5968397489825138,19.828356264978776,52.62962537652927,5.118843076345814,15.13329,,,None,1.0,1.0,68.68055711949438,73.87931793656713,71.53866000609138,45.50264841545771,60.83778588295205,49.00648209623207,,,None,1.0,1.0,,,,,,,,,,,,,,,,,,,,,
406249,285023_43972,Ozan Kabak,Türkiye,DF,0,0,0,0,0,0,0.0,0.0,0,0,3,10,7,3,0,0,0,0,0,36,72,0,0,2,0,0,0,,,,16,0,4,12,9,7,0,2,11,73,1.98,100,33,10366.33,,,,,,,Round of 16,0.0,104.0,825.0,0.0,False,,,None,1.0,1.0,10.36633,1.98,104.0,0.02523068825225008,0.01927624582471906,0.022595595171185076,0.22636973499918772,0.07670129228684025,0.13846601712834847,0.08376588499747027,0.31144761578577496,15.838917779985518,0.7653869451810352,0.0901240184370373,33.85841741604039,1.3939787054779822,6.785283384858002,2.271681461118811,0.8423349375307863,0.19427629954232564,5.611495699167213,1.7157877239060146,0.18307387395832656,15.06248540016961,43.93676537702518,4.1908060625598225,10.36633,,,None,1.0,1.0,51.06303844404796,55.99144934332651,39.128454800918654,37.27455418240517,39.457492599348605,34.090520345462224,,,None,1.0,1.0,,,,,,,,,,,,,,,,,,,,,
433072,285023_43972,Zeki Celik,Türkiye,DF,1,1,0,1,0,0,0.1,0.0,1,0,5,35,9,1,0,0,0,0,0,79,89,1,0,1,100,1,100,,,,74,24,19,31,13,61,3,7,29,164,4.4,224,87,19112.83,,,,,,,Round of 16,0.0,173.0,940.0,0.0,False,,,None,1.0,1.0,19.112830000000002,4.4,173.0,0.02400388076857496,0.01833896490719127,0.04162603645405931,0.4166540281851978,0.2742630074660111,0.3330245075874826,0.2809840940812121,0.4975951141368325,23.72429423377405,0.526879848674494,0.28703307203489303,50.52959858230494,1.7287808297356742,11.487638569135719,2.5638064971299537,0.398795140893378,0.1848298819180272,8.961886224317546,6.463348946095209,0.7780457886454096,25.19981811881408,66.7605106752256,5.747627454484395,19.112830000000002,,,None,1.0,1.0,62.00447929974655,53.25354032740029,61.29618439797743,52.512848105697884,60.38372103579266,55.681724438025135,,,None,1.0,1.0,,,,,,,,,,,,,,,,,,,,,
484087,285023_43972,Arda Guler,Türkiye,FW,4,12,8,3,9,0,0.75,1.34,11,0,12,62,7,3,10,0,0,0,2,198,86,14,29,9,67,5,80,,,,268,40,122,106,157,111,6,46,89,455,6.43,425,120,33635.28,,,,,,,Round of 16,1.0,313.0,145.0,0.0,False,,,None,1.0,1.0,33.63528,6.43,313.0,0.19776596277492436,0.016098100672890185,0.15139153953400206,2.309389133354706,0.7708358711965895,0.6457220695736615,2.0136017512993027,2.7338302135160792,41.852111835778615,1.8760608527636788,0.9587406937687486,95.77360374335608,2.7544046912230833,14.85471671562377,1.8971410299682605,0.7034560955471159,1.9291967592313801,18.46852960856362,8.500705541420558,1.2130607170227792,27.951556424028873,94.11867404311651,7.611363158525771,33.63528,,,None,1.0,1.0,89.68769488870882,75.3168040872791,89.091378175365,73.89924475359892,79.88841975214905,80.81854228584001,,,None,1.0,1.0,76.67039940276224,63.190184049079754,89.63376182391464,48.354070839604034,80.88950660180681,67.30548174948649,A,A,S,C,A,B,63.36499362746473,A,60.61406404754046,47.055540050237234,,,None,1.0,70.22300262334183
484139,285023_43972,Baris Alper Yilmaz,Türkiye,FW,0,1,100,0,1,0,0.06,16.87,0,0,24,37,5,4,1,0,0,0,2,38,76,15,0,12,67,2,0,,,,103,65,34,4,47,56,8,43,49,119,6.43,228,106,21165.94,,,,,,,Round of 16,1.0,200.0,60.0,1.0,False,,,None,1.0,1.0,21.16594,6.43,200.0,0.2196855163081892,0.214161649978061,0.03273842653273696,0.4062798484428606,0.07115488832029616,0.12845329838874517,0.07770862803400765,3.233115842195632,15.086136669084077,2.672833513242002,0.4761655998662158,40.438904252164754,5.4150430425962925,11.594168913719741,1.714853614042038,0.9777035349098004,0.37650714517199985,12.664332192400124,14.349870824675117,1.7400699077976514,28.301679982453145,65.88337217743015,6.00750150479589,21.16594,,,None,1.0,1.0,63.98734026939713,91.02715835271185,65.70778769459798,67.8567151801538,65.73386809645395,63.03524644592813,,,None,1.0,1.0,48.4695782008212,60.94892590552527,84.6665049721077,73.69480891112194,67.83219340916573,61.369589387001334,B,B,S,A,B,B,52.02098568512991,B,54.171119185011044,62.249899094735625,,,None,1.0,57.826719636775195
486074,285023_43972,Can Uzun,Türkiye,FW,1,4,0,3,1,0,0.39,0.0,0,0,4,9,3,0,1,0,0,0,0,24,92,0,0,0,0,0,0,,,,24,5,6,13,13,11,1,9,20,64,4.39,92,27,6108.16,,,,,,,Round of 16,0.0,55.0,695.0,0.0,False,,,None,1.0,1.0,6.10816,4.39,55.0,0.024548643572659727,0.018755163689512033,0.10226997643894806,1.0436883091186921,0.28048734620708277,0.7523013651653482,0.0815014966612303,0.3030284562609116,12.940441046792794,0.3329778014195566,0.08768775484154055,31.090409753935106,1.5621556613732654,6.396001790995056,1.386834704231457,0.2019862393158442,0.3948840252556772,7.312539036915626,2.6987033062461383,0.3839844275094162,13.42015427372733,41.10217580149309,3.2009341272705347,6.10816,,,None,1.0,1.0,72.710378565612,42.078545424328304,45.44571871421184,38.851791092787565,56.29113750057614,34.36067004309283,,,None,1.0,1.0,67.70250093318403,70.6357195768201,37.6036866359447,59.74733450622125,42.767272594272335,44.343942563174856,A,A,D,B,C,C,58.484330916201344,A,43.39383973183226,23.553795136330137,,,None,1.0,64.88960754478092
495347,285023_43972,Deniz Gul,Türkiye,FW,1,2,0,2,0,1,0.7,0.0,0,0,0,5,0,2,0,0,0,0,0,0,0,0,0,0,0,0,0,,,,14,13,1,0,14,0,1,3,3,7,4.28,43,22,5152.77,,,,,,,Round of 16,0.0,50.0,680.0,0.0,False,,,None,1.0,1.0,5.15277,4.28,50.0,0.02424214945122872,0.018521002180738738,0.16401279407011946,0.6240791211837872,0.2769854124854168,0.5396194724957063,0.08048393617807935,0.2992450928259673,7.899934694568609,0.3288205151564663,0.086592957839789,19.11475167938688,0.7294947612863746,5.502989474006209,0.7596519952037031,0.606042961992073,0.18666455077446112,3.76532297563078,4.291323747279218,0.3791903145717971,12.236154902631503,30.627833296764422,2.966749359714983,5.15277,,,None,1.0,1.0,72.63865465061849,38.47359483863383,22.893883927904852,20.69287924617906,25.45124445495801,22.543720261979608,,,None,1.0,1.0,72.44307577454272,73.82666337442306,42.712102837739515,52.445047374780074,40.81781939212172,39.19008046431869,A,A,C,B,C,C,60.94482709152115,A,53.5795270489148,89.6420913739073,,,None,1.0,67.5783404010761
472877,285023_43972,Irfan Can Kahveci,Türkiye,FW,0,0,0,0,0,0,0.0,0.0,0,0,0,4,1,0,0,0,0,0,0,2,100,0,0,0,0,0,0,,,,7,4,3,0,3,4,0,1,0,4,2.74,13,6,1019.59,,,,,,,Round of 16,0.0,7.0,518.0,0.0,False,,,None,1.0,1.0,1.01959,2.74,7.0,0.013091561298108753,0.010001952831755086,0.011724278636134271,0.11745748796663173,0.03979834634625061,0.07184648840402084,0.04346398350972106,0.16160223266385443,4.48579147720268,0.1775739374475471,0.04676305695684447,9.993248398109767,0.39395126258268853,2.8620131278039667,0.5200200886476318,0.1077173663608388,0.10080502199543741,1.7040499848070274,1.3294102297569714,0.09499236877907709,4.851400964192885,13.246553746934984,1.1483900457993916,1.01959,,,None,1.0,1.0,7.250456719211258,5.351521700719468,26.51850986057458,7.363094363486081,44.82727796328575,7.261302690187134,,,None,1.0,1.0,4.65845464725644,5.470189367319415,2.146010186757216,11.217330478835022,1.9457956914523975,4.83916558313076,G,G,G,F,G,F,3.8968464642701814,G,11.885167464114833,5.726128338962235,,,None,1.0,5.238564612623875
484112,285023_43972,Kenan Yildiz,Türkiye,FW,1,14,0,11,3,0,0.38,0.0,0,0,7,32,5,2,4,0,0,0,0,121,89,8,13,10,70,1,0,,,,84,38,28,18,30,54,2,92,128,307,6.05,236,78,25197.64,,,,,,,Round of 16,0.0,249.0,1041.0,0.0,False,,,None,1.0,1.0,25.19764,6.05,249.0,0.022341592856481664,0.017068976942351988,0.09120185739904693,2.823371631652951,0.2552700751797469,2.1834786234528405,0.07417408828351912,1.7745976853887508,29.950136494119974,2.1765576944657434,0.26715580257939514,73.82166703300257,1.9837646425095452,10.130055525808139,1.6368543182309223,0.5585298918152164,0.9214367965790794,26.88908010326454,8.638679730661801,0.5368138635587163,21.768545894108144,64.38551159252627,6.489598752719013,25.19764,,,None,1.0,1.0,66.34046446003904,68.4519263703624,86.41494384434367,60.330128860062516,80.0943975962062,61.17321126017309,,,None,1.0,1.0,33.6132885405002,32.99018025033713,84.68590831918506,41.348538482735236,55.70754544457043,44.692558463828746,D,D,S,D,B,C,33.67943605882426,D,58.54499274310595,44.4373469605025,,,None,1.0,37.783799997118834
441188,285023_43972,Kerem Akturkoglu,Türkiye,FW,1,3,0,2,1,0,0.59,0.0,0,0,10,38,2,0,2,0,0,0,0,15,60,2,50,0,0,0,0,,,,71,57,12,2,66,5,2,18,20,45,4.21,147,73,15234.03,,,,,,,Round of 16,0.0,143.0,890.0,0.0,False,,,None,1.0,1.0,15.23403,4.21,143.0,0.024633507569798124,0.018819999783325766,0.14393774505605333,0.8407251910188301,0.28145698337972014,0.5483309302781197,0.08178324513172978,0.7172182581766557,11.12603571832854,0.3341288966767417,0.0879908890393189,27.27303717291714,2.8069827134657035,12.408675086923962,1.1850578339422615,0.20268450028429896,0.6028202490225132,7.337818286665879,13.449730909725977,0.5918829716615228,22.968818921133515,52.605676532222894,5.097140860237151,15.23403,,,None,1.0,1.0,75.96451915328117,55.61854451971177,40.235404874608825,58.1882625075296,39.29897921599721,44.42473228446324,,,None,1.0,1.0,48.89884285181038,48.12816957587038,38.91826340043658,46.52055026813913,48.28279872718628,55.91422164433639,B,C,D,C,C,B,43.14339005314689,B,66.3375224416517,55.71205007824725,,,None,1.0,48.12563442475981
486076,285023_43972,Oguz Aydin,Türkiye,FW,0,0,0,0,0,0,0.0,0.0,0,0,3,24,9,0,2,0,0,0,0,46,85,3,0,3,67,0,0,,,,15,10,4,1,6,9,2,15,27,94,2.13,103,55,10321.84,,,,,,,Round of 16,0.0,97.0,791.0,0.0,False,,,None,1.0,1.0,10.32184,2.13,97.0,0.025278914348787984,0.019313090562474017,0.02263878453420056,0.22680241953732577,0.07684789962031549,0.13873068194614846,0.0839259956379761,0.9479929932986811,17.989025969176677,0.9788332688042025,0.09029628205387069,38.3747851305176,1.3966431651609703,9.766019832976827,2.699990283765347,0.20799490726182754,0.6186143568704957,9.01395527849082,3.83890087329912,0.6073905188996338,19.754909809925614,44.65669646184881,4.189385256073733,10.32184,,,None,1.0,1.0,57.75195762751809,71.55516694287523,53.554534431258816,49.0975135798944,51.346176141188046,43.53676374800708,,,None,1.0,1.0,24.74804031354983,27.444016030693835,40.911957312636446,51.45939758780761,37.85889323726271,43.78804153240243,D,D,C,B,C,C,26.31146282069276,E,34.0276345638276,36.64850136239781,,,None,1.0,29.732370399959276
406231,285023_43972,Yunus Akgun,Türkiye,FW,0,0,0,0,0,0,0.0,0.0,0,0,3,12,4,2,1,1,0,0,0,52,79,2,50,2,0,0,0,,,,71,35,29,7,36,35,0,24,24,117,4.11,101,52,10803.37,,,,,,,Round of 16,0.0,103.0,818.0,0.0,False,,,None,1.0,1.0,10.803370000000001,4.11,103.0,0.02523919279814516,0.0192827432977829,0.022603211502306878,0.2264460377849584,0.0767271461063613,0.13851269007622066,0.08379412008984194,0.7348531200917731,19.230660821266554,0.7656449353055103,0.0901543966749745,43.182441655744896,1.3944485759689882,7.210871034687138,1.6374963939056153,0.6309686025346076,0.4059920466414524,8.364840581675397,9.124125240395776,0.18313558294334129,19.08891751451217,44.16322547046181,4.284718294385192,10.803370000000001,,,None,1.0,1.0,51.900179866796826,68.14409956407368,52.09200361922104,41.656487671682406,48.376299175476284,40.46714750149636,,,None,1.0,1.0,23.068309070548707,25.77256927956845,61.295173417414496,57.256714076774685,35.7923996927691,27.902462924227862,E,E,B,B,D,E,25.92970814985073,E,45.62933597621407,55.892910559377796,,,None,1.0,29.315204002046173
441181,285023_43972,Ugurcan Cakir,Türkiye,GK,0,0,0,0,0,0,0.0,0.0,0,0,0,0,0,0,0,0,0,0,0,98,79,0,0,0,0,1,100,8.0,55.0,46.0,26,0,1,25,13,13,0,0,2,185,3.03,55,10,15872.23,,,,,,,Round of 16,0.0,313.0,1170.0,0.0,False,,,None,1.0,1.0,15.87223,3.03,313.0,,,,,,,,,,,,,,,,,,,,,,,,,,,,,,,,,,,,,,,,,,,,,,,,,,,,,,,,,,,,,
369304,285023_43972,Hakan Calhanoglu,Türkiye,MF,2,11,0,2,9,0,0.4,0.0,8,0,11,28,5,2,1,0,0,0,0,190,90,10,10,5,60,7,86,,,,79,8,27,44,53,26,2,9,54,420,4.59,319,72,24004.04,,,,,,,Round of 16,0.0,208.0,1001.0,0.0,False,,,None,1.0,1.0,24.00404,4.59,208.0,0.023228949039536508,0.017746917066205896,0.09872003946459841,2.351130982008377,0.46020161439394647,0.5170660816427318,1.6354625480662828,2.2346661935128163,44.580389882014764,1.2890414880566619,1.4465234385673686,98.76527913335008,2.841726385723388,9.753226587037677,1.7018663703873047,0.5807134020110619,0.37365571226130884,13.542384374253624,3.1380038877396634,0.5581348635446324,21.46438515469716,83.1105573732145,6.514845852358937,24.00404,,,None,1.0,1.0,69.38246038083307,70.54103031923384,86.42130172460712,63.142742179890746,77.17144276490835,64.83983882490901,,,None,1.0,1.0,,,,,,,,,,,,,,,,,,,,,
484092,285023_43972,Ismail Yuksek,Türkiye,MF,0,5,0,3,2,1,0.32,0.0,0,0,16,34,13,2,0,0,0,0,0,111,94,1,0,2,50,2,100,,,,48,7,11,30,35,13,2,4,33,249,4.43,156,43,16925.98,,,,,,,Round of 16,0.0,153.0,905.0,0.0,False,,,None,1.0,1.0,16.92598,4.43,153.0,0.02443169508504581,0.018665815044974998,0.08744125388000193,1.2435949968911297,0.07427235305853928,0.7487174397795905,0.08111322768235209,0.5064636098474252,30.703246062190175,0.7411490435688008,0.49702754627902307,68.84486828319307,4.013258819981114,11.487500707178667,3.4290155515140515,0.6107815185949963,0.18812405215485276,9.941126427731353,3.0956043525867933,0.5870339109723318,16.634281593794416,54.018608135410076,5.402026649480711,16.92598,,,None,1.0,1.0,67.5553783995001,59.980326024212935,75.48503619438937,70.66180371679476,77.35321776394906,52.60093244843035,,,None,1.0,1.0,,,,,,,,,,,,,,,,,,,,,
336170,285023_43972,Kaan Ayhan,Türkiye,MF,1,1,100,1,0,0,0.68,1.48,0,0,0,1,1,0,0,0,0,0,0,3,33,0,0,0,0,0,0,,,,3,1,0,2,2,1,0,2,1,9,2.18,13,7,1239.03,,,,,,,Round of 16,1.0,11.0,78.0,0.0,False,,,None,1.0,1.0,1.23903,2.18,11.0,0.14793106846044282,0.012041552546808469,0.10399060962507763,0.27357931048028195,0.1800839051037534,0.21866730907572607,0.05232716551754465,0.19455618408089492,5.532704619129143,0.21378484128914926,0.05629898651465949,12.691922473891589,0.47428586287769686,3.049125650130768,0.6260626627797905,0.12968310779468595,0.12136119713406442,2.1837099862038576,1.2039941402488652,0.11436322680581444,5.972869247303231,15.947792965131434,1.411573272585651,1.23903,,,None,1.0,1.0,67.98988238251968,6.660645678484713,9.38205234163918,8.550268025540007,9.205751508065992,8.586934832865685,,,None,1.0,1.0,,,,,,,,,,,,,,,,,,,,,
433118,285023_43972,Orkun Kokcu,Türkiye,MF,0,3,0,2,1,0,0.56,0.0,2,0,7,37,9,2,4,0,0,0,0,85,71,6,0,4,25,0,0,,,,105,20,48,37,73,32,2,23,41,204,6.6,207,67,19220.02,,,,,,,Round of 16,0.0,172.0,200.0,1.0,False,,,None,1.0,1.0,19.22002,6.6,172.0,0.024025757536647322,0.21983034240309263,0.13434231906077254,0.819983087554082,0.07303830291140787,0.5348026846513085,0.4827148423118572,1.5054219329029388,24.954764172845476,1.1317840298074606,0.08582000592090423,58.63463702778411,2.1333057413084493,11.901057553690872,2.5661431109742265,0.6006332603017223,0.9908969876125605,11.387749913449019,5.663340888424046,0.5772802239761011,21.193291572907974,63.39628589680054,5.774461823020538,19.22002,,,None,1.0,1.0,66.37652122323081,80.73036004483801,62.34481766358587,63.07767888990748,57.324963927914496,55.10412666490142,,,None,1.0,1.0,,,,,,,,,,,,,,,,,,,,,
389907,285023_43972,Salih Ozcan,Türkiye,MF,0,0,0,0,0,0,0.0,0.0,0,0,5,33,12,2,2,0,0,0,0,61,85,1,0,3,33,2,100,,,,27,1,6,20,23,4,0,1,30,133,4.65,168,60,13200.62,,,,,,,Round of 16,0.0,120.0,852.0,0.0,False,,,None,1.0,1.0,13.20062,4.65,120.0,0.025037184293568028,0.01912840880028597,0.022422300765947777,0.2246336174818923,0.0761130402524468,0.13740406740310132,0.08312345185464584,0.5190152665869333,20.966349552545676,0.9694731587593453,0.5093453496308842,46.19611986769983,1.8032002680976968,11.562238472594496,3.3040403710288015,0.6259184797017368,0.6126988463947328,9.557627966401874,1.9125849443669296,0.1816698092341296,20.615784461885866,57.87682316873403,4.753742079899547,13.20062,,,None,1.0,1.0,49.76796301521957,59.831573386144754,55.516620547187344,58.54544052215876,59.617923353893445,47.378268928685266,,,None,1.0,1.0,,,,,,,,,,,,,,,,,,,,,
464542,285023_43921,Alex Freeman,USA,DF,1,2,50,2,0,1,0.71,1.4,0,0,16,43,14,1,1,0,0,0,0,225,92,1,0,6,67,3,67,,,,87,4,27,56,17,70,1,15,63,460,6.37,410,127,35810.75,70.0,27.0,52.0,5.60806941986084,6.666411876678467,6.381701946258545,Round of 16,1.0,341.0,72.0,1.0,True,59.05,5.960228919982909,B,1.1,1.1,35.81075,6.37,341.0,0.19301201495144224,0.18815883851715798,0.14085444340851463,0.5293983777835206,0.23496320107830654,0.4577523324570525,0.06827349899077913,0.4262935127078876,45.5021483894341,1.3136205072888503,0.5907988284153887,94.33361237155509,3.377984452409238,11.221128856351164,3.058671034170838,0.3416508254048614,0.33079287134849655,13.54093805224709,2.088245960229211,0.32166231907382603,28.48678385514581,89.26951012606472,7.8035541169639115,35.81075,59.05,5.960228919982909,B,1.1,1.1,86.67917643202247,80.11008937774277,97.3952684985359,78.91318500959741,84.8271859769277,89.13302691661612,59.05,5.960228919982909,B,1.1,1.1,,,,,,,,,,,,,,,,,,,,,
441251,285023_43921,Antonee Robinson,USA,DF,0,0,0,0,0,0,0.0,0.0,3,0,12,44,10,2,1,1,0,0,0,164,82,14,29,11,55,0,0,,,,95,33,28,34,12,83,7,36,66,357,4.9,415,157,32798.47,280.0,97.0,28.0,4.532846450805664,6.019061088562012,6.790348529815674,Round of 16,0.0,301.0,1120.0,0.0,True,189.55,5.320154166221619,C,1.0,1.0,32.79847,4.9,301.0,0.021297108733374693,0.016270991072298267,0.01907283869726104,0.19107765955583775,0.06474321054945908,0.11687853272876034,0.6064848644365557,2.7631910062662848,36.229439273746294,2.2533950154792506,0.0760732723956144,79.30009672631543,2.783986449771718,11.799582637982146,2.4532944107415346,0.5324182529527081,0.34258055839423573,14.55924305688952,7.341851680163681,1.4046815690001206,34.85968496306892,93.34356167120923,7.5436594263281656,32.79847,189.55,5.320154166221619,C,1.0,1.0,49.51797565545275,71.53318703231389,79.73223369833879,63.95185701503524,65.11044652223856,86.00211326685634,189.55,5.320154166221619,C,1.0,1.0,,,,,,,,,,,,,,,,,,,,,
390272,285023_43921,Auston Trusty,USA,DF,2,3,33,3,0,1,0.27,3.7,0,0,5,31,6,2,0,0,0,0,0,50,76,2,0,2,0,1,100,,,,18,3,5,10,3,15,2,5,11,108,3.04,145,44,12844.54,,,,,,,Round of 16,1.0,123.0,98.0,0.0,False,,,None,1.0,1.0,12.84454,3.04,123.0,0.23456184959313775,0.01909327679944142,0.07896519446168984,0.8529329951750473,0.49511454718551523,0.7658636543775943,0.08297078399757266,0.7276326719787127,18.622564770655185,0.7581219359778208,0.2988392159912573,40.87200798600427,1.7998884383473437,11.121861503674626,2.0405481407403028,0.6247688927817222,0.1924322399943703,5.558231702237393,2.3282135135318875,0.6004774463824327,17.22479029389608,52.950399339250914,4.670387250112293,12.84454,,,None,1.0,1.0,85.86241942238755,61.134067027129845,49.11001717751539,48.505129332044085,46.446151038254136,43.555758041206985,,,None,1.0,1.0,,,,,,,,,,,,,,,,,,,,,
419062,285023_43921,Chris Richards,USA,DF,0,1,0,1,0,1,0.06,0.0,0,0,3,15,9,7,3,1,0,0,0,217,97,0,0,2,0,1,100,,,,23,2,1,20,15,8,0,1,25,445,4.52,361,70,32007.16,287.0,8.0,353.0,4.5183305740356445,7.2419939041137695,4.614615440368652,Round of 16,0.0,319.0,1177.0,0.0,True,261.65,4.9509512901306145,C,1.0,1.0,32.00716,4.52,319.0,0.020959754492606526,0.016013252432351383,0.029316548340505354,0.3638147607594434,0.06371765365752384,0.2907909761072023,0.06958638491545366,0.2587272094567349,44.9710349840684,0.6358257968412703,0.2506320864993682,93.51117148670939,1.1580124625468489,6.515521335232339,2.2386694578463175,1.4028037641276103,0.6886816399484034,7.1223015700700785,1.7768748314187695,0.1520839785983529,19.016040015426604,82.37371687612476,7.285081326756496,32.00716,261.65,4.9509512901306145,C,1.0,1.0,42.21281775006751,40.50286814259569,78.3843630824866,44.345548872083604,82.66919735904278,61.561867094342304,261.65,4.9509512901306145,C,1.0,1.0,,,,,,,,,,,,,,,,,,,,,
423700,285023_43921,Joe Scally,USA,DF,0,0,0,0,0,0,0.0,0.0,0,0,4,19,4,0,2,0,0,0,1,53,87,4,25,2,50,0,0,,,,43,11,17,15,10,33,2,10,25,122,3.29,164,53,11427.62,,,,,,,Round of 16,0.0,100.0,812.0,0.0,False,,,None,1.0,1.0,11.427620000000001,3.29,100.0,0.02526158271000231,0.019299849190441764,0.022623263011769666,0.22664692007414075,0.07679521143840704,0.1386355659124927,0.08386845459720768,1.1591810526563995,19.459558530019446,0.7663241457205366,0.09023437344012825,44.279939277464,1.6075236225935203,8.700133994805169,1.6389490314847632,0.207852302537899,0.6181902247090832,8.584099124890558,4.048106878742357,0.6069740819858421,19.317689481520073,57.54819825162449,4.42075918931026,11.427620000000001,,,None,1.0,1.0,56.56503245954109,72.87045139826058,57.47592405837718,47.732770127855936,52.9221440694022,45.41849805317552,,,None,1.0,1.0,,,,,,,,,,,,,,,,,,,,,
419077,285023_43921,Mark Mckenzie,USA,DF,0,0,0,0,0,0,0.0,0.0,0,0,2,9,1,1,1,0,0,0,0,51,92,0,0,1,0,0,0,,,,2,0,0,2,1,1,0,0,8,104,1.62,148,50,11338.0,,,,,,,Round of 16,0.0,104.0,825.0,0.0,False,,,None,1.0,1.0,11.338,1.62,104.0,0.02523068825225008,0.01927624582471906,0.022595595171185076,0.22636973499918772,0.07670129228684025,0.13846601712834847,0.08376588499747027,0.31144761578577496,19.012601952941882,0.5538080003172776,0.0901240184370373,40.417364706816876,1.1823997606142247,6.573704439994244,1.002207791936266,0.41917704780327114,0.4058552444060832,4.976758864575939,1.7157877239060146,0.18307387395832656,18.659327462853486,54.092554730485546,4.3963909759155895,11.338,,,None,1.0,1.0,51.103209528818525,52.349123159182476,52.408989363784684,36.92140703664677,55.343748246843894,39.94481979765189,,,None,1.0,1.0,,,,,,,,,,,,,,,,,,,,,
436599,285023_43921,Miles Robinson,USA,DF,0,1,0,1,0,1,0.06,0.0,0,0,6,11,5,2,0,0,0,0,0,58,93,0,0,0,0,1,100,,,,15,0,0,15,10,5,0,1,18,129,1.7,134,43,11909.05,,,,,,,Round of 16,0.0,104.0,825.0,0.0,False,,,None,1.0,1.0,11.909049999999999,1.7,104.0,0.02523068825225008,0.01927624582471906,0.03529033186301053,0.4379486798629452,0.07670129228684025,0.350044961992106,0.08376588499747027,0.31144761578577496,20.49365456698818,0.34222905545352006,0.3017029633007948,45.70683832841082,2.028715540069255,6.996862329721759,1.8485235713912962,0.6307559926670288,0.19427629954232564,7.092548313213515,1.7157877239060146,0.18307387395832656,17.178274848807185,51.13044950239294,4.5172131323800375,11.909049999999999,,,None,1.0,1.0,60.59434981429851,48.71759937667492,54.74639798674463,46.46510203889635,69.52789941693833,42.90999507803776,,,None,1.0,1.0,,,,,,,,,,,,,,,,,,,,,
406280,285023_43921,Sergino Dest,USA,DF,1,3,0,1,2,0,0.21,0.0,0,0,14,80,9,1,4,0,0,0,0,88,89,7,29,12,67,0,0,,,,131,66,45,20,58,73,4,46,46,214,6.72,394,181,31006.06,150.0,225.0,51.0,4.897633075714111,5.341058254241943,6.382874965667725,Round of 16,0.0,284.0,1085.0,0.0,True,136.5,5.3354573249816895,B,1.1,1.1,31.00606,6.72,284.0,0.02162727117121537,0.01652323517480854,0.057454431866219506,0.7381243468927999,0.2471083943420466,0.30005195416918173,0.07180254028843504,1.5364974652083452,23.00761973856754,2.469690185944987,0.07725261262358131,54.5947683386357,3.1898687038259386,18.511521528723318,2.3099655792551714,0.3593106771783119,0.8919759479445657,11.157720663881461,13.440599287509752,0.882373439544546,39.75277955195431,90.98204652061277,7.335532278605351,31.00606,136.5,5.3354573249816895,B,1.1,1.1,70.87015972308681,77.01738307971777,88.10348005181811,85.41807932386173,77.69475226941846,95.08386898077674,136.5,5.3354573249816895,B,1.1,1.1,,,,,,,,,,,,,,,,,,,,,
339510,285023_43921,Tim Ream,USA,DF,0,0,0,0,0,0,0.0,0.0,0,0,3,11,6,0,2,0,0,0,0,214,93,0,0,6,33,5,100,,,,12,0,1,11,4,8,0,1,22,448,3.98,308,78,28241.74,,,,,,,Round of 16,0.0,319.0,1177.0,0.0,False,,,None,1.0,1.0,28.24174,3.98,319.0,0.020959754492606526,0.016013252432351383,0.018770717733398695,0.18805091730766574,0.06371765365752384,0.11502713265542461,0.06958638491545366,0.2587272094567349,44.443743453713076,1.3388811706483812,0.9536874603064791,94.03846301706471,1.1580124625468489,5.81246596142523,1.7113779274909842,0.17245685996516646,0.5129177964966256,6.5950100397147455,1.425347144515214,0.1520839785983529,20.422150763040825,73.05823317318053,6.623256635346301,28.24174,,,None,1.0,1.0,32.76965152942225,39.258787309796936,82.40023145252998,37.58040671867555,53.45976194166923,55.75877675150205,,,None,1.0,1.0,,,,,,,,,,,,,,,,,,,,,
390278,285023_43921,Alex Zendejas,USA,FW,0,1,0,1,0,0,0.0,0.0,0,0,1,16,2,1,0,0,0,0,0,7,86,1,0,1,0,0,0,,,,11,3,6,2,7,4,0,2,4,19,2.03,53,20,3064.71,,,,,,,Round of 16,0.0,22.0,586.0,0.0,False,,,None,1.0,1.0,3.06471,2.03,22.0,0.020100528460361432,0.015356803743716133,0.01800122926796128,0.34890050623085145,0.061105606519498756,0.27887026507495216,0.06673375448839995,0.4166794881991902,7.7301897667401605,0.4412021329208311,0.07179908766041103,17.871817598949374,0.773423667313685,6.416982041367829,0.966987289602863,0.33394571305634246,0.15477406914478303,3.29059944605244,1.8725920320718847,0.14584943450838253,9.808566542405124,27.080843445575244,2.107938221307725,3.06471,,,None,1.0,1.0,17.391077294510335,20.606810716354083,24.878043264641235,16.3888378726711,33.19158327233148,15.110744404694628,,,None,1.0,1.0,28.956700261291523,32.287412866341235,15.20009701673539,47.99372575619475,12.219743242748985,16.4452484594946,D,D,E,C,E,E,26.47653954827902,D,35.7737582543784,41.765241128298456,,,None,1.0,29.912759715627764
419055,285023_43921,Brenden Aaronson,USA,FW,1,3,0,3,0,0,0.46,0.0,0,0,6,37,9,2,1,0,0,0,0,22,95,3,33,2,50,0,0,,,,42,17,22,3,27,15,4,18,14,67,1.87,127,70,10271.7,,,,,,,Round of 16,0.0,82.0,757.0,0.0,False,,,None,1.0,1.0,10.271700000000001,1.87,82.0,0.025269266582102892,0.019305719668726608,0.12010527329614096,0.8624232222694505,0.28872102457453386,0.7743850974974039,0.0838939650525816,0.9476311891843012,12.896501508338064,0.7665572402495258,0.09026182023127152,32.63877302653708,2.0318174949782866,12.517024508985767,2.6989598251012454,0.6317204337674246,0.4064758068471333,6.255783173702016,5.3207529254533235,1.0309636149795027,22.925907107130147,49.725312011667974,4.177161576699838,10.271700000000001,,,None,1.0,1.0,83.82758538960829,75.10498960488226,63.35349697290816,60.804742206253025,70.12895560034656,53.28216064812591,,,None,1.0,1.0,59.27584919746175,59.6573534160193,56.454038321610476,69.38126629501663,49.10573863428549,61.50149810616769,B,B,B,A,C,B,53.768819752962614,B,44.90508096035734,46.6851980542043,,,None,1.0,59.73668354270284
390267,285023_43921,Christian Pulisic,USA,FW,2,4,0,2,2,0,0.42,0.0,0,0,7,53,7,1,6,0,0,0,2,60,92,5,20,7,71,0,0,,,,143,53,69,21,72,71,4,40,53,160,5.2,277,105,21570.62,86.0,194.0,4.0,5.478114604949951,5.424500942230225,7.277455806732178,Round of 16,0.0,189.0,202.0,1.0,True,81.7,5.919907855987548,B,1.1,1.1,21.570619999999998,5.2,189.0,0.02365052885931712,0.2163970833896718,0.10447826094853452,1.0055048622904073,0.4685537664146312,0.5264502610622394,0.07851975581293283,1.283582524945178,19.606824503028037,1.7090923288358522,0.08447968908548076,48.99245945188332,2.0999882698226453,14.888438882132675,2.129409527723636,0.3929246307956148,1.3720775482636631,13.589835643525289,12.119718769630138,0.964920554767819,28.398766703306023,76.28914304438364,6.150467608429704,21.570619999999998,81.7,5.919907855987548,B,1.1,1.1,80.79736355453872,97.23942819470878,87.24106008524836,75.94657782963783,84.12664628589613,76.28010759338453,81.7,5.919907855987548,B,1.1,1.1,45.658827920865996,56.97335182054739,84.05141886975505,91.78985522606354,81.51530668227205,71.15476661578761,C,B,A,S,A,B,51.65625861664367,B,42.469369796249914,44.45070105298722,72.2,6.0125555992126465,BL-A,1.2,68.91379239470236
466624,285023_43921,Folarin Balogun,USA,FW,4,11,27,11,0,1,1.91,1.57,0,0,20,78,6,3,7,1,1,0,3,34,68,4,0,5,60,0,0,,,,127,70,55,2,99,28,14,44,47,119,4.42,243,132,24750.92,79.0,364.0,360.0,5.5332512855529785,3.891980409622192,4.343963146209717,Round of 16,3.0,250.0,14.0,0.0,True,192.0,4.989738619327545,C,1.0,1.0,24.750919999999997,4.42,250.0,0.583846541451411,0.01705291407134563,0.37749427768258714,2.259188706246595,0.816555824921816,2.1814238467903544,0.07410428627862238,1.0242263910472083,13.637698499152524,1.2386328086295193,0.07972906945398768,38.56323568323419,4.415177025591382,18.730587495481576,1.8224892703334443,0.7451796080845083,1.4820956458249612,11.702574681776582,14.620160627116332,2.7824125845857353,31.855527982697097,65.63514846197471,6.399876712963933,24.750919999999997,192.0,4.989738619327545,C,1.0,1.0,98.78866276899825,64.7224222698834,62.880353248598155,80.28806549799211,63.03260197912912,67.93597090050302,192.0,4.989738619327545,C,1.0,1.0,95.67002612915267,80.17056354346711,80.60878001455251,49.97767273600836,73.81222340075345,80.81670341266701,S,S,A,C,B,A,76.44549037003695,A,84.50531792792103,64.9560218851721,191.8,5.012337756156921,BL-C,1.0,84.51685185635063
419082,285023_43921,Ricardo Pepi,USA,FW,0,5,0,5,0,2,0.38,0.0,0,0,15,77,14,5,2,0,0,0,2,34,88,1,0,1,100,0,0,,,,107,65,36,6,86,21,2,39,42,96,7.19,319,129,25161.72,,,,,,,Round of 16,0.0,225.0,1021.0,0.0,False,,,None,1.0,1.0,25.161720000000003,7.19,225.0,0.02285571769000209,0.017461768315161597,0.09330059494445142,1.1633763466146088,0.06948138177760636,1.0837470261826414,0.07588098273080694,0.4737939486653678,13.964670820946507,0.5016779242471703,0.08164062358868747,35.079564996420274,3.562718799227273,18.98800203582268,3.3994883425336537,1.146371692653247,0.5593149652129801,11.024836356400677,14.012373243289732,0.549167026558619,32.044295212897744,81.77517773825271,6.632052894023748,25.161720000000003,,,None,1.0,1.0,61.2807430425557,55.501724868347935,61.25758688122509,82.01886950304646,76.57859580140075,74.35322354461395,,,None,1.0,1.0,27.36095558044047,32.914205398013266,75.8428328886733,25.874896665748132,84.49215463955233,81.96619367968793,D,D,A,E,A,A,31.619887906223237,D,58.05405405405406,48.97667777248929,,,None,1.0,35.5332072741691
406304,285023_43921,Timothy Weah,USA,FW,0,2,0,1,1,0,0.05,0.0,0,0,5,34,4,2,0,0,0,0,2,34,88,2,0,2,50,0,0,,,,26,11,12,3,10,16,3,18,24,80,3.63,167,75,10834.46,,,,,,,Round of 16,0.0,90.0,773.0,0.0,False,,,None,1.0,1.0,10.83446,3.63,90.0,0.025296643910373097,0.019326635947525046,0.03326126413817194,0.6512255578757961,0.07690179748753423,0.3509600161360918,0.08398485778243868,0.736525841141574,15.456058299039528,0.7673877467122292,0.0903596120478527,35.431851101116145,1.8218867803307686,11.894189649883353,1.6412237709993083,0.6324048548064783,0.19478415810987285,8.383881182492946,4.053725350396619,0.8199485512815599,24.011405755433408,58.26446697918471,4.301066637192388,10.83446,,,None,1.0,1.0,67.54891312737432,69.83517957814055,57.150289578280564,52.51825368845912,63.74825334453147,50.740975726751245,,,None,1.0,1.0,35.93691675998507,41.347414005964026,56.82270191608054,53.69565678190643,57.04253684942029,46.24719693971771,C,C,B,B,B,C,37.03361358021242,C,41.658472631923956,42.82203267312419,,,None,1.0,41.44911246460557
499913,285023_43921,Matt Freese,USA,GK,0,0,0,0,0,0,0.0,0.0,0,0,0,0,0,0,2,0,0,0,0,70,60,0,0,2,0,0,0,7.0,37.0,30.0,12,0,0,12,8,4,0,0,3,123,2.53,17,5,17952.95,,,,,,,Round of 16,0.0,319.0,1179.0,0.0,False,,,None,1.0,1.0,17.95295,2.53,319.0,,,,,,,,,,,,,,,,,,,,,,,,,,,,,,,,,,,,,,,,,,,,,,,,,,,,,,,,,,,,,
448217,285023_43921,Matt Turner,USA,GK,0,0,0,0,0,0,0.0,0.0,0,0,0,0,0,0,0,0,0,0,0,33,73,0,0,0,0,1,0,0.0,21.0,17.0,2,0,0,2,1,1,0,0,1,57,0.85,20,2,5939.08,,,,,,,Round of 16,0.0,104.0,825.0,0.0,False,,,None,1.0,1.0,5.93908,0.85,104.0,,,,,,,,,,,,,,,,,,,,,,,,,,,,,,,,,,,,,,,,,,,,,,,,,,,,,,,,,,,,,
419068,285023_43921,Giovanni Reyna,USA,MF,1,2,50,2,0,0,0.22,4.61,0,0,4,34,5,1,2,0,0,0,0,65,83,1,0,7,71,1,100,,,,71,7,43,21,44,27,1,26,45,136,8.23,213,54,13162.56,,,,,,,Round of 16,1.0,106.0,96.0,0.0,False,,,None,1.0,1.0,13.16256,8.23,106.0,0.23663625660408874,0.019262133019340304,0.06909234108973922,0.6490520831176547,0.28806917723164666,0.561212722594904,0.08370455709975107,0.5226436348389009,21.95861873889067,1.8219467820125868,0.30148207614040196,47.15334305760649,1.6043821661292181,11.854492619169617,1.8471702034358186,0.41887015380800463,0.6169821443734128,12.795804710088571,3.1944998207205533,0.39436387986193294,19.491362487156852,67.79551434244762,4.778928073764461,13.16256,,,None,1.0,1.0,81.66524217461834,72.02346602369377,66.95685841080929,56.07821447504746,61.943026409185656,53.32146249502989,,,None,1.0,1.0,,,,,,,,,,,,,,,,,,,,,
448214,285023_43921,Malik Tillman,USA,MF,3,7,14,5,2,0,0.6,1.66,10,0,12,76,19,1,9,0,0,0,0,124,78,15,27,16,50,2,100,,,,107,23,60,24,71,36,7,61,95,330,6.37,445,162,33027.41,80.0,80.0,43.0,5.526668548583984,6.153729438781738,6.534445285797119,Round of 16,1.0,315.0,68.0,1.0,True,70.75,5.872671866416931,B,1.1,1.1,33.02741,6.37,315.0,0.1974170595260477,0.19245312077198337,0.1246669379959306,1.4233977523730754,0.5930925241296796,0.9973497133589818,1.8336658881539094,2.905390548268703,28.725902245278636,3.1074350083282005,0.4278989992274734,73.55671016209111,2.7495453072724567,17.297877573908906,4.010395099088711,0.34944820068866317,1.7494098053094989,19.494247529330124,5.487190249132627,1.3873040282121667,35.31034731787323,97.48029613375549,7.49071682705003,33.02741,70.75,5.872671866416931,B,1.1,1.1,98.28243744309495,106.2605451176121,89.37089623427936,89.19749833360723,80.38822879919807,95.51843342779347,70.75,5.872671866416931,B,1.1,1.1,,,,,,,,,,,,,,,,,,,,,
499912,285023_43921,Sebastian Berhalter,USA,MF,1,2,50,0,2,0,0.06,16.94,10,0,9,49,11,3,6,1,0,0,0,104,82,7,71,8,75,2,50,,,,102,5,38,59,76,26,0,7,43,239,7.3,372,98,23578.07,37.0,112.0,31.0,6.068169116973877,5.898803234100342,6.695764064788818,Round of 16,1.0,195.0,59.0,1.0,True,46.75,6.199662971496583,A,1.2,1.2,23.57807,7.3,195.0,0.22072771676385083,0.21517764490090907,0.03289373947108379,0.6054177260210499,0.26870291422317827,0.12906268806705326,2.050181913212868,1.6707702208874686,28.173596715737407,1.8966717334557566,0.4784245562757717,64.29600426315751,2.4825753649982523,14.015697860980456,2.906251754761615,0.7851313524079072,1.3643456317992113,11.541149718563632,2.5853196331954615,0.17064119253180363,26.858261040558418,94.59423329112802,6.511698704477367,23.57807,46.75,6.199662971496583,A,1.2,1.2,79.96912599594255,107.14432301101162,88.18776398420007,86.35327774463791,83.85560053792766,86.05955649733124,46.75,6.199662971496583,A,1.2,1.2,,,,,,,,,,,,,,,,,,,,,
390238,285023_43921,Tyler Adams,USA,MF,0,0,0,0,0,0,0.0,0.0,0,0,15,48,17,4,5,1,0,0,0,169,89,0,0,5,60,0,0,,,,127,1,22,104,94,33,0,10,50,356,4.68,440,140,33193.58,342.0,16.0,239.0,4.2386884689331055,6.892613410949707,5.452966213226318,Round of 16,0.0,319.0,1179.0,0.0,True,267.34999999999997,4.940346646308899,C,1.0,1.0,33.193580000000004,4.68,319.0,0.020959754492606526,0.016013252432351383,0.018770717733398695,0.18805091730766574,0.06371765365752384,0.11502713265542461,0.06958638491545366,0.2587272094567349,36.534370498383076,1.1631173271966033,0.0748682430475905,77.86818941950116,3.2671785839681813,12.315728169141007,3.644780205460539,0.8755122337722774,1.0402093268519588,11.516397656364521,1.6011109879669918,0.1520839785983529,31.31950905705105,96.25906050881517,7.4936110659045525,33.193580000000004,267.34999999999997,4.940346646308899,C,1.0,1.0,42.98712358390227,49.77542808431021,79.70564619905527,76.39909847428974,77.01500254086459,83.83462966134286,267.34999999999997,4.940346646308899,C,1.0,1.0,,,,,,,,,,,,,,,,,,,,,
390259,285023_43921,Weston Mckennie,USA,MF,1,5,0,4,1,2,0.6,0.0,0,0,20,79,19,6,1,0,0,0,0,177,79,10,30,21,76,4,75,,,,208,67,109,32,110,98,13,67,102,403,6.76,597,195,45403.76,264.0,227.0,26.0,4.577306270599365,5.32639741897583,6.814758777618408,Round of 16,0.0,403.0,1226.0,0.0,True,198.95,5.249033069610595,C,1.0,1.0,45.403760000000005,6.76,403.0,0.01954428385659288,0.01493183286643696,0.11583949159892885,0.9948214209973391,0.2233086441712399,0.7628351147937719,0.06488702240388837,1.8801948523977576,35.37825480680503,3.7068731124219743,0.7253882669245401,80.31255256689124,3.8660070147565437,16.564727380435965,3.726426082626948,1.1441744950552315,0.3143850069429628,19.261152331123704,12.309988902945978,2.272435599877006,38.21858649111596,115.48977921312155,8.988722126177633,45.403760000000005,198.95,5.249033069610595,C,1.0,1.0,67.52299722341589,70.78014389413833,82.74633408683694,78.76552142605327,75.71727573038338,97.86454817190793,198.95,5.249033069610595,C,1.0,1.0,,,,,,,,,,,,,,,,,,,,,
368660,285023_43930,Guillermo Varela,Uruguay,DF,0,2,0,0,2,0,0.01,0.0,0,0,8,20,5,1,1,1,0,0,0,134,89,10,30,8,75,1,100,,,,115,33,49,33,24,91,4,26,34,271,6.27,352,149,32750.8,,,,,,,Round of 16,0.0,313.0,1164.0,0.0,False,,,None,1.0,1.0,32.7508,6.27,313.0,0.02107081239907093,0.016098100672890185,0.02063712825587049,0.5424376295961713,0.06405526969317563,0.11563661844610125,0.06995509716491548,2.0270496120126658,30.543622211723992,1.6993657023878257,0.2519600922653348,63.26169607419905,2.0476240897196702,7.4335203998379225,1.5437507292165538,0.350065794795409,0.3389404058486996,8.750296337891685,7.263839488789582,0.8596704162710724,33.07571578492862,81.21992806567921,7.455079831921337,32.7508,,,None,1.0,1.0,44.39343875697504,62.20504169661645,80.50847307959505,50.447649451442935,58.57322107964017,81.09858200659986,,,None,1.0,1.0,,,,,,,,,,,,,,,,,,,,,
402893,285023_43930,Mathias Olivera,Uruguay,DF,0,1,0,1,0,1,0.05,0.0,0,0,20,42,18,3,0,1,0,0,0,226,94,3,0,6,50,3,100,,,,36,8,8,20,14,22,1,10,40,480,6.63,458,126,34595.17,,,,,,,Round of 16,0.0,313.0,1164.0,0.0,False,,,None,1.0,1.0,34.595169999999996,6.63,313.0,0.02107081239907093,0.016098100672890185,0.02770493427090463,0.3657424792203178,0.06405526969317563,0.29233176882195466,0.06995509716491548,0.7901835593816919,46.79957604630251,1.3459754016361185,0.6053503930170416,100.19098250275242,4.167965894229911,11.320813708106702,3.840787684102648,0.7034560955471159,0.16224525547284613,9.810467240146805,2.846460729393247,0.32958496514351204,29.011727326283985,99.94961400551968,7.780971066420049,34.595169999999996,,,None,1.0,1.0,53.061114919122055,59.33563337192579,89.12166686923045,70.7947428956662,79.19158115394042,83.66913214466572,,,None,1.0,1.0,,,,,,,,,,,,,,,,,,,,,
402895,285023_43930,Matias Vina,Uruguay,DF,0,0,0,0,0,0,0.0,0.0,0,0,4,8,0,0,1,0,0,0,1,29,79,2,0,0,0,0,0,,,,21,12,2,7,1,20,1,6,15,69,2.12,71,30,5227.49,,,,,,,Round of 16,0.0,49.0,672.0,0.0,False,,,None,1.0,1.0,5.2274899999999995,2.12,49.0,0.02417115467935473,0.01846676217502701,0.02164671928464292,0.21686359978317066,0.07348031022523838,0.13265129688029875,0.0802482335354577,0.7037565969086793,13.754923223716906,0.3278575420707675,0.0863393645146551,31.625796608117643,1.5381341137045914,6.094955393004436,0.7574273030322598,0.1988802607017307,0.38881182280439364,6.1866231542839625,4.076062384095187,0.37807983012676016,13.821871950811014,36.21356770814247,2.9732063244362155,5.2274899999999995,,,None,1.0,1.0,40.24600948650604,43.67113648870601,31.1196988621665,28.323337972708295,30.306884946831858,25.222474676316565,,,None,1.0,1.0,,,,,,,,,,,,,,,,,,,,,
419108,285023_43930,Sebastian Caceres,Uruguay,DF,0,3,0,2,1,2,0.13,0.0,0,0,8,31,13,2,2,0,0,0,0,172,90,1,0,4,50,3,100,,,,31,1,0,30,18,13,0,4,20,373,5.81,303,98,30359.66,,,,,,,Round of 16,0.0,313.0,1164.0,0.0,False,,,None,1.0,1.0,30.359659999999998,5.81,313.0,0.02107081239907093,0.016098100672890185,0.041840546300972906,0.7191327799720246,0.06405526969317563,0.46902691919780803,0.06995509716491548,0.436793258629985,37.25803792600642,0.9925851008844118,0.6053503930170416,81.2846014125361,2.0476240897196702,9.377167053972311,2.957311932223381,0.5267609451712624,0.515635556224553,6.276564232629736,1.6095946767622726,0.15288981476765862,24.064263115760095,72.56186569726239,7.032576990051617,30.359659999999998,,,None,1.0,1.0,46.39505188306036,46.418829036869354,75.5111791925203,56.08658910063825,58.1021893294179,63.56919181274888,,,None,1.0,1.0,,,,,,,,,,,,,,,,,,,,,
419132,285023_43930,Brian Rodriguez,Uruguay,FW,1,3,0,1,2,0,0.22,0.0,10,0,2,15,1,0,1,0,0,0,0,26,73,14,7,7,71,1,100,,,,40,16,18,6,2,38,3,19,18,77,6.31,90,35,6497.61,,,,,,,Round of 16,0.0,61.0,710.0,0.0,False,,,None,1.0,1.0,6.49761,6.31,61.0,0.02482573573046364,0.018966862098074216,0.06803321855198527,0.8472858099902371,0.2836533396261152,0.34442674069429013,2.164252472680196,3.2210123239339237,13.502872135043717,1.794018000486549,0.2968606310347219,34.14772226163046,1.1634222456121235,7.717295108190951,0.9861223578553141,0.2042661535902548,0.39934126813007575,6.978712919719173,5.0191789807025415,0.8046848474767615,15.237098730230985,41.14974930561562,3.318141495092653,6.49761,,,None,1.0,1.0,72.02767315252551,83.02560368786214,46.948372292055055,37.529913912045636,39.562325680794174,36.16378985008391,,,None,1.0,1.0,59.23852183650615,62.392448099679,47.717681300024246,77.10748881870401,36.504151274642474,35.793807827840276,B,B,C,A,C,D,53.628323793387956,B,49.221789883268485,58.42865179073692,,,None,1.0,59.58315511763386
419126,285023_43930,Darwin Nunez,Uruguay,FW,0,2,0,1,1,1,0.2,0.0,0,0,6,95,2,1,1,0,0,0,2,25,80,3,33,3,100,1,100,,,,36,30,6,0,27,9,4,26,25,65,6.09,190,93,19040.35,,,,,,,Round of 16,0.0,182.0,957.0,0.0,False,,,None,1.0,1.0,19.04035,6.09,182.0,0.02380569953190406,0.0181875544423747,0.061245293496611175,0.612843348438435,0.07236932657698834,0.3302749851501854,0.07903492244592149,0.8927454733791113,12.748438793636165,0.9217884268080344,0.2846632648470572,30.34911397052856,1.9141369470286322,23.37055250508266,1.1452340127699372,0.3955026018676025,0.3829331925147572,8.08937772684816,7.60776197454048,0.9712513802798795,26.18953880116352,59.42192503681998,5.685704665702143,19.04035,,,None,1.0,1.0,59.683190449751145,64.695452629404,51.06450113105818,57.129104068410754,50.18452436149933,53.39498919448664,,,None,1.0,1.0,26.521089958939896,31.394708351535638,47.51637157409653,44.581045848612675,58.13979005888593,61.699361184917166,D,D,C,C,B,B,29.3397045112161,D,52.28934638317021,50.26178010471204,,,None,1.0,33.04151308905722
477536,285023_43930,Federico Vinas,Uruguay,FW,3,6,0,6,0,5,0.39,0.0,0,0,12,63,6,3,3,0,0,0,3,29,62,0,0,1,0,0,0,,,,106,58,42,6,80,26,4,21,29,82,5.73,195,102,20225.71,,,,,,,Round of 16,0.0,211.0,1008.0,0.0,False,,,None,1.0,1.0,20.22571,5.73,211.0,0.023162684403726833,0.017696290884447304,0.09649605206171805,1.373238349348952,0.6531259330266869,1.2925395568863673,0.0769001122203731,0.28592017627960403,13.181039542996007,0.5084157753986033,0.08273710869011225,32.83138595637371,3.0278569888343774,16.523703149193036,1.8912486233538983,0.7732939397132217,0.7610640423480539,8.64782425297382,12.84090839068528,0.9450169346192516,27.230267970075705,58.78806659266849,5.76236916298342,20.22571,,,None,1.0,1.0,72.88304724985566,47.101051001296135,47.05856637552453,71.02505887834938,49.416833538072495,55.314479474337865,,,None,1.0,1.0,41.10675625233296,34.35772759216699,62.96871210283774,23.44058256430811,58.981017519476254,71.18736691352441,C,D,B,F,B,B,35.745752546930646,C,75.69867740080505,67.55846755846756,,,None,1.0,40.04178888927959
332897,285023_43930,Rodrigo Aguirre,Uruguay,FW,0,0,0,0,0,0,0.0,0.0,0,0,0,0,0,0,0,0,0,0,0,1,0,0,0,0,0,0,0,,,,2,1,1,0,1,1,0,1,1,2,2.15,12,4,898.68,,,,,,,Round of 16,0.0,8.0,521.0,0.0,False,,,None,1.0,1.0,0.8986799999999999,2.15,8.0,0.013852656829273552,0.010583429817564993,0.01240588535002422,0.12428603707224231,0.0421120767609916,0.07602338067905326,0.045990820673188194,0.1709971959005527,4.630413698698451,0.18789743723226646,0.04948169019416513,10.341888736353411,0.4168541493064997,2.5637389047073147,0.43408685440211603,0.11397966039126277,0.10666545758540637,1.9192825253276666,1.0582013768200225,0.10051487795320889,4.9011130833515635,13.90049467085731,1.2011076996652503,0.8986799999999999,,,None,1.0,1.0,0.30956016411764214,0.5668394213533027,0.33758004719189394,0.17102882285982032,0.3222822857808535,0.27929549037570944,,,None,1.0,1.0,1.1571481896229923,2.1823776330034743,2.627213194276012,3.756067575301525,2.0335759482096485,1.7487327340908656,G,G,G,G,G,G,0.7961076564949426,G,38.95228215767636,60.37037037037037,,,None,1.0,1.850199942570597
229498,285023_43930,Fernando Muslera,Uruguay,GK,0,0,0,0,0,0,0.0,0.0,0,0,0,0,0,0,0,0,0,0,0,71,80,0,0,1,0,0,0,4.0,41.0,34.0,28,0,0,28,19,9,0,0,0,144,2.5,22,7,11069.12,,,,,,,Round of 16,0.0,261.0,1058.0,0.0,False,,,None,1.0,1.0,11.069120000000002,2.5,261.0,,,,,,,,,,,,,,,,,,,,,,,,,,,,,,,,,,,,,,,,,,,,,,,,,,,,,,,,,,,,,
368664,285023_43930,Sergio Rochet,Uruguay,GK,0,0,0,0,0,0,0.0,0.0,0,0,0,0,0,0,0,0,0,0,0,19,53,0,0,3,67,0,0,0.0,7.0,5.0,5,0,0,5,3,2,0,0,0,38,1.2,6,3,3079.43,,,,,,,Round of 16,0.0,51.0,687.0,0.0,False,,,None,1.0,1.0,3.07943,1.2,51.0,,,,,,,,,,,,,,,,,,,,,,,,,,,,,,,,,,,,,,,,,,,,,,,,,,,,,,,,,,,,,
402876,285023_43930,Agustin Canobbio,Uruguay,MF,1,4,25,4,0,1,0.75,1.33,0,0,16,107,16,7,5,0,1,0,1,68,90,9,33,5,60,0,0,,,,141,76,50,15,42,99,9,50,60,185,6.44,348,162,28186.33,,,,,,,Round of 16,1.0,261.0,124.0,0.0,False,,,None,1.0,1.0,28.18633,6.44,261.0,0.2073469075153175,0.016877987215590057,0.1587258348499715,0.9392270966004241,0.2524137843736993,0.862259940240325,0.0733441329263861,1.9399964991155187,19.796484778067118,1.2259270539565787,0.07891121771477444,50.39450827142765,3.628865436268765,23.91085499143681,3.656347394509856,1.4785568451474642,1.0963818745950342,13.990849915571747,15.581720487164315,1.8275944062452016,37.08641663101453,84.41367719085737,6.9706554188470555,28.18633,,,None,1.0,1.0,88.20540064550933,76.46015381532465,81.37440398599644,89.83953945181057,88.99200685144034,81.72222164645999,,,None,1.0,1.0,,,,,,,,,,,,,,,,,,,,,
402884,285023_43930,Federico Valverde,Uruguay,MF,2,10,0,3,7,0,0.5,0.0,2,0,19,76,8,1,0,0,0,0,0,120,82,8,0,12,67,5,100,,,,82,24,33,25,37,45,3,32,60,281,5.78,228,99,25916.6,,,,,,,Round of 16,0.0,272.0,1076.0,0.0,False,,,None,1.0,1.0,25.9166,5.78,272.0,0.02186704200982001,0.016706420095502487,0.11126932561815527,2.0299126504289227,0.4332201176132163,0.6701227914049374,0.43934288937596594,1.7369040061826722,29.130602776193914,2.4970704172413796,0.994969848817486,67.48596786385313,4.142093972241457,17.98326097516922,2.1522028680331737,0.36329417660848073,0.1683762234756141,13.848630953267113,5.887978043676162,0.7087837216782991,25.15698221428145,61.55094166445717,6.483592442292436,25.9166,,,None,1.0,1.0,67.18593762116718,66.97381506790835,75.98513095478732,72.51013145058735,63.40644276634031,61.1886907437222,,,None,1.0,1.0,,,,,,,,,,,,,,,,,,,,,
419134,285023_43930,Juan Manuel Sanabria,Uruguay,MF,0,3,0,2,1,0,0.09,0.0,0,0,9,51,12,1,0,1,0,0,1,103,86,12,0,4,75,0,0,,,,102,64,29,9,28,74,7,30,53,230,6.35,320,129,25094.45,,,,,,,Round of 16,0.0,237.0,1034.0,0.0,False,,,None,1.0,1.0,25.094450000000002,6.35,237.0,0.022596468896786542,0.017263702237144917,0.03729050069098889,0.7712024191347269,0.06869326544623108,0.5029873547674031,0.07502027673733132,2.552798412832965,26.881010471493898,1.0644543710396899,0.08071458689932152,60.07318457723509,2.385373642620374,13.845910994942965,2.981950550120735,0.37541271281367894,0.1739928105052564,12.984162014220045,13.663944141635909,1.4903827454315184,31.680821837173454,81.0371037891666,6.54407964350767,25.094450000000002,,,None,1.0,1.0,57.69038173993286,62.31022086259785,72.46620592830133,63.09072796669308,64.11714091524976,72.90645493108157,,,None,1.0,1.0,,,,,,,,,,,,,,,,,,,,,
441623,285023_43930,Manuel Ugarte,Uruguay,MF,1,3,0,0,3,0,0.09,0.0,0,0,3,40,17,1,0,0,0,0,0,136,87,0,0,4,50,1,0,,,,93,1,20,72,73,20,0,4,61,296,6.4,239,72,21107.39,,,,,,,Round of 16,0.0,197.0,976.0,0.0,False,,,None,1.0,1.0,21.10739,6.4,197.0,0.023472825714989164,0.01793323884625172,0.03873673482093231,0.8011118931021034,0.26819529043597395,0.12881886752386051,0.07792978137376402,0.2897485606258262,34.41918498838515,1.1057370090477405,0.28068283371634817,75.39429890186581,1.2968579722026747,12.21767881122075,4.081788771065817,0.38997231024533774,0.18074075800541653,15.062428802372668,1.79308394018453,0.17031882338796134,21.689735982375726,68.23608856602462,6.013073576346572,21.10739,,,None,1.0,1.0,52.82051196530521,52.33449443378064,75.49268354084481,52.35545152661098,67.09018933056346,53.820158712711674,,,None,1.0,1.0,,,,,,,,,,,,,,,,,,,,,
419100,285023_43930,Maxi Araujo,Uruguay,MF,3,4,50,3,1,2,1.09,1.83,10,0,10,79,11,2,7,0,0,0,6,57,88,18,44,7,86,0,0,,,,135,74,51,10,72,63,7,45,55,174,5.96,308,129,27642.83,,,,,,,Round of 16,2.0,278.0,29.0,1.0,False,,,None,1.0,1.0,27.64283,5.96,278.0,0.38646857039371,0.19897535284087703,0.218248812808846,0.9245535181136375,0.6131924168473601,0.6664277713646549,1.8958087851429557,3.5509373237010022,17.48123202784455,1.5714964538379754,0.07767838494108557,47.60122150696562,2.478005235770823,18.431185420989312,2.6874188934190126,0.5436520436171609,1.4439751634419715,12.860465112364428,14.973564609246282,1.4343197314952072,30.4890995352241,75.80043725527956,6.762639388960861,27.64283,,,None,1.0,1.0,94.46928922161042,95.14356508780796,78.7889485820654,76.36346105702223,78.14797035112618,75.0196383183544,,,None,1.0,1.0,,,,,,,,,,,,,,,,,,,,,
402898,285023_43930,Nicolas De La Cruz,Uruguay,MF,2,4,0,1,3,0,0.11,0.0,4,0,7,36,6,2,3,1,0,0,0,55,82,4,50,7,43,4,100,,,,69,15,33,21,47,22,1,13,33,130,6.33,174,65,12114.61,,,,,,,Round of 16,0.0,115.0,845.0,0.0,False,,,None,1.0,1.0,12.11461,6.33,115.0,0.025107832165721957,0.01918238377461157,0.045645927286917326,1.0674622742847983,0.4974252118307652,0.3483404839489673,0.925552806884138,1.1521258843476128,19.762218471128495,1.8144035426602492,0.9318799805899,45.69482618493964,2.2293857926953016,12.226509951419962,2.0500712348859746,0.6276846451065308,0.8249764107465148,10.216242999794046,4.865663533950036,0.39273113121796377,21.726699895920657,59.3034274452722,4.538497804422489,12.11461,,,None,1.0,1.0,69.84673484846314,82.11502214182612,63.6438195291375,61.23275158564714,61.08724711269322,53.03834416455121,,,None,1.0,1.0,,,,,,,,,,,,,,,,,,,,,
386538,285023_43930,Rodrigo Bentancur,Uruguay,MF,0,4,0,3,1,3,0.32,0.0,0,0,9,82,15,7,5,1,0,0,0,174,90,3,0,2,50,0,0,,,,140,23,57,60,111,29,1,24,82,396,6.44,352,145,33644.76,,,,,,,Round of 16,0.0,313.0,1164.0,0.0,False,,,None,1.0,1.0,33.644760000000005,6.44,313.0,0.02107081239907093,0.016098100672890185,0.07541262487238505,0.8958279303478782,0.06405526969317563,0.6457220695736615,0.06995509716491548,0.7901835593816919,37.611428226758136,0.6391948001327049,0.07526494188948135,85.34858987118074,2.2243192400955234,18.388619723140835,3.3107022329750877,1.4102366970505293,1.0457210073521133,17.23166355593265,5.496887985031049,0.32958496514351204,32.3689351834252,81.21992806567921,7.6130382285513365,33.644760000000005,,,None,1.0,1.0,58.860213762313116,56.67191621860559,79.00204835213812,73.83055315167289,91.3127783425482,81.7926038507298,,,None,1.0,1.0,,,,,,,,,,,,,,,,,,,,,
464924,285023_44005,Abdukodir Khusanov,Uzbekistan,DF,0,0,0,0,0,0,0.0,0.0,0,0,11,23,8,6,0,2,0,0,0,98,83,0,0,1,0,1,100,,,,16,2,1,13,7,9,0,1,31,214,5.37,218,93,27912.88,,,,,,,Round of 16,0.0,311.0,1162.0,0.0,False,,,None,1.0,1.0,27.91288,5.37,311.0,0.02110814066703549,0.016126619469615112,0.0189036064557703,0.18938223806464238,0.06416874762778789,0.11584147598069078,0.07007902701455783,0.260558888393886,24.225437787722548,0.4633189969435029,0.25240645539848433,53.28430205794555,2.5822761152466014,7.977713879053763,2.0775101114288925,1.2357268430233694,0.16253268313617328,8.23477350679485,1.7894543517927486,0.15316066868000947,23.22185358505731,57.64471856158737,6.6119355748567035,27.91288,,,None,1.0,1.0,31.29374138930893,32.347049171483775,47.62420280793994,49.000043715265754,60.47518711518557,53.69806573739317,,,None,1.0,1.0,,,,,,,,,,,,,,,,,,,,,
479042,285023_44005,Abdulla Abdullaev,Uzbekistan,DF,0,0,0,0,0,0,0.0,0.0,0,0,7,22,7,5,1,0,0,0,0,72,90,0,0,1,100,0,0,,,,13,1,1,11,6,7,0,0,7,143,3.82,191,57,19761.96,,,,,,,Round of 16,0.0,206.0,996.0,0.0,False,,,None,1.0,1.0,19.76196,3.82,206.0,0.02327319760266163,0.017780722968433485,0.020842544845039643,0.20880712889108016,0.07075052071209137,0.127723308443407,0.07726701604083662,0.28728435120725515,21.63597469770959,0.5108415155567333,0.08313186183670733,44.893025873056665,2.0664841051789105,8.600822218752874,2.0954359629966213,1.1673111862458547,0.37436748481472554,4.395479535672465,1.7778343930456326,0.1688703218049128,18.57781447085958,58.28789923780351,5.699355187651571,19.76196,,,None,1.0,1.0,38.7990459125441,39.77066766309845,51.884804842778145,48.765076387604296,61.88532639207806,42.59331583409652,,,None,1.0,1.0,,,,,,,,,,,,,,,,,,,,,
475260,285023_44005,Behruzjon Karimov,Uzbekistan,DF,0,2,0,0,2,0,0.03,0.0,0,0,5,55,7,8,4,0,0,0,0,55,78,2,50,3,33,2,0,,,,60,8,42,10,7,53,1,12,30,125,4.08,233,107,20671.11,,,,,,,Round of 16,0.0,203.0,987.0,0.0,False,,,None,1.0,1.0,20.671110000000002,4.08,203.0,0.023339661678439858,0.017831501522328052,0.02677370390006097,0.6008458770667874,0.07095257150245717,0.12808806329127795,0.07748767677242033,0.6795472162464866,18.370502482538456,0.9037428197380958,0.47481170400321226,41.498250406121045,1.680943180447175,15.084184759567412,2.101420152062979,1.7578084662415034,0.9626002598996369,8.909620210029821,3.1529600827319246,0.3650738013826721,28.416930187235792,66.6746501000074,5.893571467017474,20.671110000000002,,,None,1.0,1.0,47.91658576994743,58.36418808732896,53.388207742223834,58.322501570067395,57.44439958799384,60.07841701125333,,,None,1.0,1.0,,,,,,,,,,,,,,,,,,,,,
385139,285023_44005,Farrukh Sayfiev,Uzbekistan,DF,0,0,0,0,0,0,0.0,0.0,0,0,1,5,0,0,2,0,0,0,0,14,86,1,0,2,100,0,0,,,,5,2,2,1,1,4,3,4,13,29,2.07,71,31,5770.14,,,,,,,Round of 16,0.0,55.0,697.0,0.0,False,,,None,1.0,1.0,5.7701400000000005,2.07,55.0,0.024548643572659727,0.018755163689512033,0.02198478323793114,0.22025043013390308,0.07462787646088558,0.1347229559267566,0.0815014966612303,0.508887926007109,10.881846349330823,0.7446967409119509,0.08768775484154055,23.885328312818206,0.9445772521346738,5.572563912010267,0.7692562949928653,0.2019862393158442,0.6007434950018744,5.871522748692246,2.081124897007547,0.7957033670018107,14.243592152712118,36.77912693682295,3.1313495093069257,5.7701400000000005,,,None,1.0,1.0,46.05299015968547,56.40771519294297,36.496842837672425,28.278942027482145,39.23629802508995,28.58722201724051,,,None,1.0,1.0,,,,,,,,,,,,,,,,,,,,,
464906,285023_44005,Jakhongir Urozov,Uzbekistan,DF,0,0,0,0,0,0,0.0,0.0,0,0,2,9,5,0,0,0,0,0,0,45,69,0,0,1,100,2,100,,,,10,0,2,8,4,6,0,2,7,87,4.19,125,39,11462.91,,,,,,,Round of 16,0.0,112.0,837.0,0.0,False,,,None,1.0,1.0,11.462909999999999,4.19,112.0,0.02514616724587226,0.019211671775846404,0.022519901538713357,0.2256114125299659,0.07644434842745167,0.13800216584534697,0.08348527525629588,0.31040428848304713,17.68369006931822,0.5519527830097303,0.5115624503756937,36.69717651904416,1.178438805736226,6.55168299890854,1.842331149250248,0.2069026640990369,0.1936254877932164,4.7492169067987495,1.7100399573882972,0.18246058953604907,16.27724817114509,49.06133460842725,4.408003172660054,11.462909999999999,,,None,1.0,1.0,48.87944369868953,50.337171552702934,34.48258632330505,31.454439325515377,28.90211574578655,32.01671041052172,,,None,1.0,1.0,,,,,,,,,,,,,,,,,,,,,
479079,285023_44005,Khojiakbar Alijonov,Uzbekistan,DF,0,0,0,0,0,0,0.0,0.0,0,0,4,76,11,2,1,0,0,0,0,41,66,4,0,2,0,1,0,,,,16,6,9,1,1,15,5,19,41,103,4.17,228,87,16085.82,,,,,,,Round of 16,0.0,155.0,911.0,0.0,False,,,None,1.0,1.0,16.08582,4.17,155.0,0.024390119184042946,0.018634051056608807,0.021842815136461493,0.21882814931923328,0.07414596231949055,0.13385297408202768,0.08097519569102257,1.1191921090114214,16.333889376706026,0.7398878155141559,0.29165162517630017,38.86631616300364,1.5520679442898155,20.058217215897503,3.014120088711056,0.6097421395481029,0.39233403716802945,11.560450370958616,2.8858063816970487,1.1996253020539094,25.605299962109786,68.65285219701931,5.2209958882309815,16.08582,,,None,1.0,1.0,48.04350631849953,60.772725143782225,47.64169087779735,60.950070132878665,49.96693605251585,53.224332273660565,,,None,1.0,1.0,,,,,,,,,,,,,,,,,,,,,
371415,285023_44005,Rustam Ashurmatov,Uzbekistan,DF,0,0,0,0,0,0,0.0,0.0,0,0,17,32,9,1,0,0,0,0,0,123,82,0,0,4,0,1,100,,,,21,0,0,21,2,19,0,0,22,243,5.62,288,80,27011.42,,,,,,,Round of 16,0.0,288.0,1091.0,0.0,False,,,None,1.0,1.0,27.011419999999998,5.62,288.0,0.02154857728998108,0.016463113049545546,0.019298043877815457,0.19333383544571026,0.0655076749615425,0.11825859216741619,0.0715412766027372,0.26599563806752646,29.248458584419048,1.0150912246855044,0.25767309866086263,59.63646339880508,3.720366657687965,9.770488874804986,2.3015604431882988,0.3580032745230145,0.16592404513285433,6.780283787156202,1.4653894500278735,0.1563564768161027,21.35727380937336,71.49662795059236,6.587003146336847,27.011419999999998,,,None,1.0,1.0,35.671298590912635,40.754037688692584,58.34085655739087,61.259905417734075,43.768736367602415,56.6503278897305,,,None,1.0,1.0,,,,,,,,,,,,,,,,,,,,,
479075,285023_44005,Sherzod Nasrullaev,Uzbekistan,DF,1,1,0,1,0,0,0.08,0.0,0,0,5,42,9,3,2,1,0,0,0,48,73,3,0,5,0,0,0,,,,29,9,15,5,5,24,1,16,20,118,6.23,232,95,21551.92,,,,,,,Round of 16,0.0,206.0,994.0,0.0,False,,,None,1.0,1.0,21.55192,6.23,206.0,0.02327319760266163,0.017780722968433485,0.03645565390697812,0.40397099216531107,0.2659143839863223,0.3228871717176379,0.07726701604083662,0.8727759410299479,16.952041979128044,1.291496968653657,0.08313186183670733,40.01392929120089,1.6761563786304485,12.504099484237495,2.485763689545083,0.7769834596973927,0.5695313480889564,6.932609758237468,3.3391452992394806,0.3640341850791437,25.994041275280356,66.28961763204696,6.048690696357914,21.55192,,,None,1.0,1.0,54.4003319691439,57.67256320411553,51.48039640970594,55.040769731921365,48.81238565603601,57.6291719769436,,,None,1.0,1.0,,,,,,,,,,,,,,,,,,,,,
481220,285023_44005,Azizbek Amonov,Uzbekistan,FW,0,1,0,0,1,0,0.01,0.0,0,0,1,4,0,0,0,0,0,0,0,6,83,1,0,0,0,1,100,,,,24,15,7,2,17,7,1,4,9,17,2.27,36,16,2708.07,,,,,,,Round of 16,0.0,23.0,592.0,0.0,False,,,None,1.0,1.0,2.70807,2.27,23.0,0.02037040353184613,0.015562988298330438,0.019951135359597322,0.3535849377494446,0.06192602673681223,0.11179277458277154,0.06762973972572914,0.42227393845882977,7.663155684914214,0.2763041535059608,0.24358475867747553,17.77012604776231,0.7838078603420349,4.453278031492711,0.6383269650739303,0.1676076802600299,0.1568521071952152,4.18888830067471,3.947594080705482,0.31862932528879667,9.25697227129658,24.540469579657408,2.075318120707798,2.70807,,,None,1.0,1.0,18.793568035431495,20.38733027986823,20.791182005400668,12.693401099018994,25.213847825906406,13.06566561825868,,,None,1.0,1.0,33.10936916759985,37.81458337290356,19.820519039534318,48.56603853572716,8.836545846896604,15.075659072493263,D,C,E,C,F,E,30.048778373284833,D,42.22379854584146,33.7719298245614,,,None,1.0,33.816360946821725
385475,285023_44005,Eldor Shomurodov,Uzbekistan,FW,2,4,25,4,0,0,0.17,5.79,0,0,28,96,11,8,4,0,0,0,1,72,72,1,0,4,25,0,0,,,,97,45,45,7,69,28,1,68,58,175,5.96,274,149,30198.42,,,,,,,Round of 16,1.0,304.0,140.0,0.0,False,,,None,1.0,1.0,30.19842,5.96,304.0,0.19935401886502768,0.01622736804758891,0.04930108524973614,0.9030214078326397,0.42079764868488856,0.829021211133949,0.07051683497119787,0.44030069835697616,19.74581827248315,1.0005555362024412,0.07586931762563821,46.67074122527768,5.626346630256844,21.02987602928198,2.624831061724425,1.599674873321858,0.8760041144340361,13.095297214310618,9.459536051238729,0.33223152476256196,33.341313014855196,67.97922955273101,7.060329317322684,30.19842,,,None,1.0,1.0,76.47455588212402,56.64919343501676,63.67192539665133,87.86300401393986,65.76331714144621,73.34956118541068,,,None,1.0,1.0,62.971257932064205,47.843263879655844,84.01164200824644,32.35305339466265,78.4755495409824,88.56162963800479,B,C,S,E,A,S,51.874737740521994,B,82.21737776393647,60.06913848030908,,,None,1.0,57.666905670073206
368546,285023_44005,Igor Sergeev,Uzbekistan,FW,0,0,0,0,0,0,0.0,0.0,0,0,0,21,2,0,0,0,0,0,1,4,100,0,0,0,0,0,0,,,,13,9,4,0,10,3,0,3,2,9,6.94,79,26,5591.98,,,,,,,Round of 16,0.0,46.0,665.0,0.0,False,,,None,1.0,1.0,5.5919799999999995,6.94,46.0,0.02393614269757135,0.01828721302094451,0.02143625195423699,0.21475507228261015,0.0727658738006169,0.13136155112427159,0.07946799375593688,0.2954677454588207,8.603107131789807,0.3246698395498578,0.08549990171572486,19.274914013217096,0.720286406055317,8.64509644522417,1.1515093146091189,0.19694658211561705,0.18430829877129937,3.5170704251247007,3.4342620096767478,0.17368065141357772,12.884591571818504,37.46725480279407,3.0174599399713613,5.5919799999999995,,,None,1.0,1.0,36.41106773629722,34.05224790269427,38.15178691412919,26.586270275127323,51.858881552896655,25.99218472932805,,,None,1.0,1.0,50.26129152668906,53.655340082432716,33.04450642735872,66.83765394153933,35.221736586079516,34.96937833305067,B,B,D,A,D,D,45.6402815662497,B,34.60126793460127,32.16718266253869,,,None,1.0,50.85413866598731
479110,285023_44005,Abduvohid Nematov,Uzbekistan,GK,0,0,0,0,0,0,0.0,0.0,0,1,0,0,0,0,0,0,0,0,0,56,50,0,0,4,0,0,0,5.0,55.0,44.0,18,0,0,18,13,5,0,0,3,106,1.79,20,2,9231.32,,,,,,,Round of 16,0.0,206.0,995.0,0.0,False,,,None,1.0,1.0,9.23132,1.79,206.0,,,,,,,,,,,,,,,,,,,,,,,,,,,,,,,,,,,,,,,,,,,,,,,,,,,,,,,,,,,,,
479077,285023_44005,Utkir Yusupov,Uzbekistan,GK,0,0,0,0,0,0,0.0,0.0,0,0,0,0,0,0,1,0,0,0,0,29,59,0,0,2,0,1,100,1.0,27.0,21.0,12,0,0,12,7,5,0,0,0,50,0.96,7,1,5094.43,,,,,,,Round of 16,0.0,105.0,830.0,0.0,False,,,None,1.0,1.0,5.09443,0.96,105.0,,,,,,,,,,,,,,,,,,,,,,,,,,,,,,,,,,,,,,,,,,,,,,,,,,,,,,,,,,,,,
464933,285023_44005,Abbosbek Fayzullaev,Uzbekistan,MF,2,3,33,2,1,1,1.0,1.0,5,0,17,137,27,6,4,0,0,0,0,36,67,9,22,2,50,1,100,,,,104,45,52,7,64,40,0,30,33,102,6.32,341,141,25301.81,,,,,,,Round of 16,1.0,240.0,118.0,0.0,False,,,None,1.0,1.0,25.30181,6.32,240.0,0.21148331347489474,0.017214689642169906,0.20913003836203062,0.7690129332820649,0.44640023588677485,0.5015593461538324,1.0195622760147285,1.9786978869329745,14.144977000689988,0.6835303324760367,0.26943643096136205,35.71690587998525,3.8902094138837984,30.056387454540157,5.8077495872363585,1.3191018815336024,0.9293028241561612,9.168279324241944,10.035082510203349,0.163494486968043,33.85829021731014,84.7750059597591,6.564681522216062,25.30181,,,None,1.0,1.0,82.86064075784373,61.42814976471652,58.60988984788955,94.40159692192296,61.660316440981575,75.60780149361807,,,None,1.0,1.0,,,,,,,,,,,,,,,,,,,,,
479106,285023_44005,Akmal Mozgovoy,Uzbekistan,MF,0,1,0,1,0,0,0.08,0.0,0,0,5,83,8,0,3,0,0,0,0,79,82,0,0,8,50,3,67,,,,115,10,80,25,84,31,1,16,40,182,6.81,361,94,27540.59,,,,,,,Round of 16,0.0,243.0,216.0,1.0,False,,,None,1.0,1.0,27.54059,6.81,243.0,0.02246844729549249,0.20558129976546843,0.035195075142488236,0.39000231516687084,0.0683040797782972,0.311722244789375,0.0745952450210351,0.27735051341555933,22.20674480737117,1.8120852673697576,0.6455035118346357,50.68889698644367,1.618197546174521,19.7967591785035,2.21139451270525,0.18487038434731223,0.7382532622704288,10.461199215038972,3.4120983501997935,0.3514464596078057,24.906793097835372,88.30301503855381,6.9678942431520685,27.54059,,,None,1.0,1.0,52.24144402529688,69.23679741931691,66.16535736459166,62.598021817025284,54.865010053652064,68.94519178997072,,,None,1.0,1.0,,,,,,,,,,,,,,,,,,,,,
479086,285023_44005,Azizjon Ganiev,Uzbekistan,MF,0,1,0,0,1,0,0.01,0.0,1,0,6,79,11,2,1,0,0,0,0,59,81,6,0,3,0,1,100,,,,35,7,23,5,13,22,2,19,28,138,4.49,216,96,15858.11,,,,,,,Round of 16,0.0,140.0,883.0,0.0,False,,,None,1.0,1.0,15.85811,4.49,140.0,0.02469166292552284,0.018864430475099447,0.024183453632153518,0.4285923980250198,0.07506265529358944,0.13550784613526934,0.28903511916996466,1.5471466766960271,20.262889444694185,0.9560941106934784,0.2952574182271964,46.593892229240744,1.9853743102982064,20.927380503273444,3.051384730263701,0.6172805990656596,0.3971846027837548,9.011611964240164,3.128543433387857,0.5932803027020513,27.785396601221915,67.01692631263366,5.2383955633582815,15.85811,,,None,1.0,1.0,53.73424217470688,66.71896717615068,58.199819185738576,68.22585733931086,56.82446767662795,55.748252236485406,,,None,1.0,1.0,,,,,,,,,,,,,,,,,,,,,
371393,285023_44005,Dostonbek Khamdamov,Uzbekistan,MF,0,2,0,1,1,1,0.08,0.0,2,0,9,74,6,1,0,0,0,0,1,34,85,5,60,1,0,0,0,,,,32,17,13,2,22,10,1,20,22,92,4.48,184,63,13625.49,,,,,,,Round of 16,0.0,120.0,853.0,0.0,False,,,None,1.0,1.0,13.62549,4.48,120.0,0.025037184293568028,0.01912840880028597,0.03921880185931814,0.6445461448161514,0.0761130402524468,0.34736033107023084,0.503035979188905,1.3588403212554514,15.297530433533176,0.5495606314250862,0.08943282229662497,37.587913057347514,2.643025322766215,20.170445282946808,2.044302789026025,0.4159622160346072,0.1927863190604738,7.877977857064839,5.271885163041003,0.3916260729012591,21.24565325288726,61.23612338740809,4.8429461976438,13.62549,,,None,1.0,1.0,61.274832039014626,67.42719726751201,54.07112596431004,67.73973646134806,54.94865649707739,49.94441321440302,,,None,1.0,1.0,,,,,,,,,,,,,,,,,,,,,
368545,285023_44005,Jamshid Iskanderov,Uzbekistan,MF,0,0,0,0,0,0,0.0,0.0,1,0,0,4,0,0,0,0,0,0,0,17,65,1,0,2,50,0,0,,,,12,1,6,5,4,8,0,5,6,35,2.55,34,8,2148.93,,,,,,,Round of 16,0.0,16.0,560.0,0.0,False,,,None,1.0,1.0,2.14893,2.55,16.0,0.018112078169435622,0.013837627721448812,0.01622045272541976,0.16250156533617638,0.05506071763508429,0.09939908499386269,0.21201596214515347,0.3754593555461405,8.484317250127665,0.5494399535354791,0.06469634322122404,18.533984943220712,0.5450286562746567,3.9595739814642976,0.5675600815174346,0.14902617917811625,0.13946300190465427,3.2688437185821817,1.383577626456927,0.13142123919742488,7.015645055524469,21.51607019041187,1.76031765090677,2.14893,,,None,1.0,1.0,7.110099637589304,21.637953809701465,15.146144662372595,6.709671758981421,8.383313913763784,7.11933115818357,,,None,1.0,1.0,,,,,,,,,,,,,,,,,,,,,
371345,285023_44005,Odiljon Xamrobekov,Uzbekistan,MF,0,1,0,1,0,0,0.16,0.0,0,0,7,39,6,1,1,1,0,0,0,43,88,0,0,1,0,0,0,,,,29,2,14,13,25,4,0,10,22,93,4.55,161,39,10324.03,,,,,,,Round of 16,0.0,90.0,778.0,0.0,False,,,None,1.0,1.0,10.32403,4.55,90.0,0.025296643910373097,0.019326635947525046,0.056595787917328014,0.43909352351983166,0.07690179748753423,0.3509600161360918,0.08398485778243868,0.3122617724296455,17.365246608243204,0.5552557123562649,0.0903596120478527,38.189567547743685,2.246150849042697,12.954849821663176,2.0654878397112366,0.42027282045051406,0.40691619246583716,7.959617113781018,2.1445370411929408,0.18355244821366717,16.374652518618696,56.99167477304893,4.192788082896073,10.32403,,,None,1.0,1.0,69.3127901479558,57.70407290461368,54.388850250520434,59.292725453745774,58.32983272243284,45.08524935548124,,,None,1.0,1.0,,,,,,,,,,,,,,,,,,,,,
479080,285023_44005,Oston Urunov,Uzbekistan,MF,0,0,0,0,0,0,0.0,0.0,0,0,4,41,1,0,0,0,0,0,0,10,80,0,0,2,50,0,0,,,,25,16,7,2,15,10,0,9,8,27,4.52,92,35,8454.44,,,,,,,Round of 16,0.0,75.0,744.0,0.0,False,,,None,1.0,1.0,8.45444,4.52,75.0,0.02519189545252189,0.019246608125726723,0.022560853891460498,0.2260216860000264,0.07658336217566655,0.13825312224344014,0.08363709290237267,0.31096875746593017,10.321970493144613,0.7642101440497251,0.08998545055640819,24.08869196686505,1.6030890662207253,13.323713594889353,1.000666872966085,0.20727891578335012,0.19397759498441855,4.969106976208933,5.093207851407045,0.18279239340349882,15.46183373492973,42.17918243008666,3.780468879661713,8.45444,,,None,1.0,1.0,49.75075644379606,54.606787246338406,37.857644813165834,41.682375325501404,35.31543031356948,32.508084019826725,,,None,1.0,1.0,,,,,,,,,,,,,,,,,,,,,
371348,285023_44005,Otabek Shukurov,Uzbekistan,MF,0,2,0,0,2,0,0.08,0.0,0,0,5,96,12,2,5,0,0,0,0,117,88,1,0,3,33,3,100,,,,115,2,59,54,80,35,0,8,56,252,6.72,378,85,29888.17,,,,,,,Round of 16,0.0,268.0,1067.0,0.0,False,,,None,1.0,1.0,29.88817,6.72,268.0,0.021948180754675136,0.016768410096571804,0.03438011807147324,0.5650242106013545,0.06672246949421241,0.12045161598165716,0.07286796010552146,0.45498090967091454,28.68653562452946,0.8498628230620274,0.6305566009613135,62.39885347098745,1.5807274874457076,21.731040086408886,2.8963989893509554,0.5486947641198763,1.0892638239870218,13.163806720122993,1.8606692169113372,0.15925599955592276,22.673592515484653,89.38721445416618,7.238627785171481,29.88817,,,None,1.0,1.0,48.75361271272619,51.11516012854088,69.80792389589801,67.31771943542431,70.61891626559789,68.73164660716152,,,None,1.0,1.0,,,,,,,,,,,,,,,,,,,,,
