player_id,team_id,player_name,team,position,offers_to_receive_total,offers_to_receive_in_behind,offers_to_receive_in_between,offers_to_receive_in_front,offers_to_receive_inside,offers_to_receive_outside,receptions_in_behind,receptions_between_midfield_and_defensive_line,receptions_under_pressure,number_of_involvements,source_tab,story_id,classification
411375,285023_43969,Rodri,Spain,MF,232,3,63,166,157,75,1,21,165,903,movement,urn:gd:story:classification:gcp_movement:competitionId:285023:number_of_involvements:rank_asc:page:1,urn:gd:story:classification:gcp_movement:competitionId:285023:number_of_involvements:rank_asc:page:1
430601,285023_43924,Gabriel Magalhaes,Brazil,DF,44,0,2,42,22,22,0,1,19,874,movement,urn:gd:story:classification:gcp_movement:competitionId:285023:number_of_involvements:rank_asc:page:1,urn:gd:story:classification:gcp_movement:competitionId:285023:number_of_involvements:rank_asc:page:1
400721,285023_43872,Achraf Hakimi,Morocco,DF,226,69,103,54,90,136,11,83,145,841,movement,urn:gd:story:classification:gcp_movement:competitionId:285023:number_of_involvements:rank_asc:page:1,urn:gd:story:classification:gcp_movement:competitionId:285023:number_of_involvements:rank_asc:page:1
395113,285023_43843,Ramy Bensebaini,Algeria,DF,76,1,1,74,37,39,0,1,69,814,movement,urn:gd:story:classification:gcp_movement:competitionId:285023:number_of_involvements:rank_asc:page:1,urn:gd:story:classification:gcp_movement:competitionId:285023:number_of_involvements:rank_asc:page:1
335999,285023_43969,Aymeric Laporte,Spain,DF,77,4,3,70,35,42,0,3,44,799,movement,urn:gd:story:classification:gcp_movement:competitionId:285023:number_of_involvements:rank_asc:page:1,urn:gd:story:classification:gcp_movement:competitionId:285023:number_of_involvements:rank_asc:page:1
485740,285023_43872,Neil El Aynaoui,Morocco,MF,310,34,90,186,230,80,1,22,144,796,movement,urn:gd:story:classification:gcp_movement:competitionId:285023:number_of_involvements:rank_asc:page:1,urn:gd:story:classification:gcp_movement:competitionId:285023:number_of_involvements:rank_asc:page:1
401378,285023_43948,Jonathan Tah,Germany,DF,52,2,1,49,37,15,0,4,59,794,movement,urn:gd:story:classification:gcp_movement:competitionId:285023:number_of_involvements:rank_asc:page:1,urn:gd:story:classification:gcp_movement:competitionId:285023:number_of_involvements:rank_asc:page:1
332946,285023_43924,Marquinhos,Brazil,DF,54,2,1,51,28,26,0,3,26,786,movement,urn:gd:story:classification:gcp_movement:competitionId:285023:number_of_involvements:rank_asc:page:1,urn:gd:story:classification:gcp_movement:competitionId:285023:number_of_involvements:rank_asc:page:1
474973,285023_43969,Pau Cubarsi,Spain,DF,88,0,0,88,52,36,0,3,51,781,movement,urn:gd:story:classification:gcp_movement:competitionId:285023:number_of_involvements:rank_asc:page:1,urn:gd:story:classification:gcp_movement:competitionId:285023:number_of_involvements:rank_asc:page:1
386413,285023_43948,Joshua Kimmich,Germany,DF,100,6,21,73,45,55,1,10,73,778,movement,urn:gd:story:classification:gcp_movement:competitionId:285023:number_of_involvements:rank_asc:page:1,urn:gd:story:classification:gcp_movement:competitionId:285023:number_of_involvements:rank_asc:page:1
376285,285023_43843,Aissa Mandi,Algeria,DF,33,3,4,26,13,20,0,1,27,774,movement,urn:gd:story:classification:gcp_movement:competitionId:285023:number_of_involvements:rank_asc:page:1,urn:gd:story:classification:gcp_movement:competitionId:285023:number_of_involvements:rank_asc:page:1
489517,285023_43960,Jan Paul Van Hecke,Netherlands,DF,43,2,3,38,13,30,0,5,48,739,movement,urn:gd:story:classification:gcp_movement:competitionId:285023:number_of_involvements:rank_asc:page:1,urn:gd:story:classification:gcp_movement:competitionId:285023:number_of_involvements:rank_asc:page:1
441149,285023_43963,Vitinha,Portugal,MF,155,5,48,102,111,44,0,8,72,736,movement,urn:gd:story:classification:gcp_movement:competitionId:285023:number_of_involvements:rank_asc:page:1,urn:gd:story:classification:gcp_movement:competitionId:285023:number_of_involvements:rank_asc:page:1
397786,285023_43960,Virgil Van Dijk,Netherlands,DF,35,0,1,34,17,18,1,4,40,718,movement,urn:gd:story:classification:gcp_movement:competitionId:285023:number_of_involvements:rank_asc:page:1,urn:gd:story:classification:gcp_movement:competitionId:285023:number_of_involvements:rank_asc:page:1
448360,285023_43935,Brandon Mechele,Belgium,DF,54,5,5,44,26,28,1,9,66,700,movement,urn:gd:story:classification:gcp_movement:competitionId:285023:number_of_involvements:rank_asc:page:1,urn:gd:story:classification:gcp_movement:competitionId:285023:number_of_involvements:rank_asc:page:1
389876,285023_43946,Dayot Upamecano,France,DF,83,2,3,78,39,44,0,5,67,689,movement,urn:gd:story:classification:gcp_movement:competitionId:285023:number_of_involvements:rank_asc:page:1,urn:gd:story:classification:gcp_movement:competitionId:285023:number_of_involvements:rank_asc:page:1
403049,285023_43942,Ezri Konsa,England,DF,87,2,3,82,55,32,0,2,42,683,movement,urn:gd:story:classification:gcp_movement:competitionId:285023:number_of_involvements:rank_asc:page:1,urn:gd:story:classification:gcp_movement:competitionId:285023:number_of_involvements:rank_asc:page:1
405178,285023_43971,Manuel Akanji,Switzerland,DF,48,0,1,47,24,24,1,3,55,666,movement,urn:gd:story:classification:gcp_movement:competitionId:285023:number_of_involvements:rank_asc:page:1,urn:gd:story:classification:gcp_movement:competitionId:285023:number_of_involvements:rank_asc:page:1
311558,285023_43971,Granit Xhaka,Switzerland,MF,198,2,66,130,146,52,0,22,73,659,movement,urn:gd:story:classification:gcp_movement:competitionId:285023:number_of_involvements:rank_asc:page:1,urn:gd:story:classification:gcp_movement:competitionId:285023:number_of_involvements:rank_asc:page:1
404645,285023_43961,Sander Berge,Norway,MF,71,2,21,48,61,10,1,18,80,659,movement,urn:gd:story:classification:gcp_movement:competitionId:285023:number_of_involvements:rank_asc:page:1,urn:gd:story:classification:gcp_movement:competitionId:285023:number_of_involvements:rank_asc:page:1
461788,285023_43855,Marawan Attia,Egypt,MF,174,4,47,123,105,69,0,17,106,648,movement,urn:gd:story:classification:gcp_movement:competitionId:285023:number_of_involvements:rank_asc:page:1,urn:gd:story:classification:gcp_movement:competitionId:285023:number_of_involvements:rank_asc:page:1
335656,285023_43924,Danilo,Brazil,DF,170,38,34,98,31,139,4,18,39,642,movement,urn:gd:story:classification:gcp_movement:competitionId:285023:number_of_involvements:rank_asc:page:1,urn:gd:story:classification:gcp_movement:competitionId:285023:number_of_involvements:rank_asc:page:1
428885,285023_43927,Moises Caicedo,Ecuador,MF,148,7,58,83,110,38,0,24,64,640,movement,urn:gd:story:classification:gcp_movement:competitionId:285023:number_of_involvements:rank_asc:page:1,urn:gd:story:classification:gcp_movement:competitionId:285023:number_of_involvements:rank_asc:page:1
424036,285023_43927,Pedro Vite,Ecuador,MF,261,11,108,142,153,108,1,27,83,640,movement,urn:gd:story:classification:gcp_movement:competitionId:285023:number_of_involvements:rank_asc:page:1,urn:gd:story:classification:gcp_movement:competitionId:285023:number_of_involvements:rank_asc:page:1
423646,285023_43969,Pedri,Spain,MF,248,33,90,125,185,63,5,39,112,640,movement,urn:gd:story:classification:gcp_movement:competitionId:285023:number_of_involvements:rank_asc:page:1,urn:gd:story:classification:gcp_movement:competitionId:285023:number_of_involvements:rank_asc:page:1
485655,285023_43946,Michael Olise,France,FW,231,39,132,60,157,74,5,77,159,623,movement,urn:gd:story:classification:gcp_movement:competitionId:285023:number_of_involvements:rank_asc:page:1,urn:gd:story:classification:gcp_movement:competitionId:285023:number_of_involvements:rank_asc:page:1
433635,285023_43899,Stephen Eustaquio,Canada,MF,212,22,76,114,133,79,1,31,127,618,movement,urn:gd:story:classification:gcp_movement:competitionId:285023:number_of_involvements:rank_asc:page:1,urn:gd:story:classification:gcp_movement:competitionId:285023:number_of_involvements:rank_asc:page:1
398509,285023_43971,Nico Elvedi,Switzerland,DF,40,1,9,30,19,21,0,4,76,614,movement,urn:gd:story:classification:gcp_movement:competitionId:285023:number_of_involvements:rank_asc:page:1,urn:gd:story:classification:gcp_movement:competitionId:285023:number_of_involvements:rank_asc:page:1
367981,285023_43924,Douglas Santos,Brazil,DF,68,23,23,22,22,46,7,40,72,607,movement,urn:gd:story:classification:gcp_movement:competitionId:285023:number_of_involvements:rank_asc:page:1,urn:gd:story:classification:gcp_movement:competitionId:285023:number_of_involvements:rank_asc:page:1
430669,285023_43948,Florian Wirtz,Germany,MF,218,71,100,47,96,122,4,117,99,599,movement,urn:gd:story:classification:gcp_movement:competitionId:285023:number_of_involvements:rank_asc:page:1,urn:gd:story:classification:gcp_movement:competitionId:285023:number_of_involvements:rank_asc:page:1
400716,285023_43961,Martin Odegaard,Norway,MF,171,15,108,48,111,60,4,55,64,593,movement,urn:gd:story:classification:gcp_movement:competitionId:285023:number_of_involvements:rank_asc:page:1,urn:gd:story:classification:gcp_movement:competitionId:285023:number_of_involvements:rank_asc:page:1
379939,285023_43843,Nabil Bentaleb,Algeria,MF,92,1,25,66,73,19,0,7,56,589,movement,urn:gd:story:classification:gcp_movement:competitionId:285023:number_of_involvements:rank_asc:page:1,urn:gd:story:classification:gcp_movement:competitionId:285023:number_of_involvements:rank_asc:page:1
403642,285023_43879,Krepin Diatta,Senegal,DF,69,19,23,27,13,56,3,36,126,588,movement,urn:gd:story:classification:gcp_movement:competitionId:285023:number_of_involvements:rank_asc:page:1,urn:gd:story:classification:gcp_movement:competitionId:285023:number_of_involvements:rank_asc:page:1
386013,285023_43926,Davinson Sanchez,Colombia,DF,44,0,1,43,17,27,0,7,43,587,movement,urn:gd:story:classification:gcp_movement:competitionId:285023:number_of_involvements:rank_asc:page:1,urn:gd:story:classification:gcp_movement:competitionId:285023:number_of_involvements:rank_asc:page:1
481610,285023_43942,Elliot Anderson,England,MF,228,7,48,173,170,58,2,9,118,586,movement,urn:gd:story:classification:gcp_movement:competitionId:285023:number_of_involvements:rank_asc:page:1,urn:gd:story:classification:gcp_movement:competitionId:285023:number_of_involvements:rank_asc:page:1
430690,285023_43879,Moussa Niakhate,Senegal,DF,58,2,1,55,29,29,0,5,56,585,movement,urn:gd:story:classification:gcp_movement:competitionId:285023:number_of_involvements:rank_asc:page:1,urn:gd:story:classification:gcp_movement:competitionId:285023:number_of_involvements:rank_asc:page:1
506039,285023_43883,Ime Okon,South Africa,DF,52,1,2,49,14,38,0,3,46,582,movement,urn:gd:story:classification:gcp_movement:competitionId:285023:number_of_involvements:rank_asc:page:1,urn:gd:story:classification:gcp_movement:competitionId:285023:number_of_involvements:rank_asc:page:1
489704,285023_43963,Renato Veiga,Portugal,DF,36,2,0,34,9,27,0,2,21,581,movement,urn:gd:story:classification:gcp_movement:competitionId:285023:number_of_involvements:rank_asc:page:1,urn:gd:story:classification:gcp_movement:competitionId:285023:number_of_involvements:rank_asc:page:1
332314,285023_43879,Idrissa Gana Gueye,Senegal,MF,142,6,54,82,103,39,2,11,86,578,movement,urn:gd:story:classification:gcp_movement:competitionId:285023:number_of_involvements:rank_asc:page:1,urn:gd:story:classification:gcp_movement:competitionId:285023:number_of_involvements:rank_asc:page:1
430707,285023_43946,Jules Kounde,France,DF,195,92,42,61,82,113,8,48,57,571,movement,urn:gd:story:classification:gcp_movement:competitionId:285023:number_of_involvements:rank_asc:page:1,urn:gd:story:classification:gcp_movement:competitionId:285023:number_of_involvements:rank_asc:page:1
448171,285023_43938,Josip Sutalo,Croatia,DF,41,0,2,39,22,19,0,2,43,570,movement,urn:gd:story:classification:gcp_movement:competitionId:285023:number_of_involvements:rank_asc:page:1,urn:gd:story:classification:gcp_movement:competitionId:285023:number_of_involvements:rank_asc:page:1
405841,285023_43942,Marc Guehi,England,DF,50,1,2,47,24,26,0,1,19,569,movement,urn:gd:story:classification:gcp_movement:competitionId:285023:number_of_involvements:rank_asc:page:1,urn:gd:story:classification:gcp_movement:competitionId:285023:number_of_involvements:rank_asc:page:1
403083,285023_43872,Issa Diop,Morocco,DF,30,1,1,28,8,22,0,4,20,567,movement,urn:gd:story:classification:gcp_movement:competitionId:285023:number_of_involvements:rank_asc:page:1,urn:gd:story:classification:gcp_movement:competitionId:285023:number_of_involvements:rank_asc:page:1
430628,285023_43922,Alexis Mac Allister,Argentina,MF,90,6,23,61,72,18,1,13,102,558,movement,urn:gd:story:classification:gcp_movement:competitionId:285023:number_of_involvements:rank_asc:page:1,urn:gd:story:classification:gcp_movement:competitionId:285023:number_of_involvements:rank_asc:page:1
433195,285023_43963,Nuno Mendes,Portugal,DF,105,36,48,21,33,72,8,50,68,554,movement,urn:gd:story:classification:gcp_movement:competitionId:285023:number_of_involvements:rank_asc:page:1,urn:gd:story:classification:gcp_movement:competitionId:285023:number_of_involvements:rank_asc:page:1
484849,285023_43948,Aleksandar Pavlovic,Germany,MF,158,4,54,100,119,39,0,20,67,548,movement,urn:gd:story:classification:gcp_movement:competitionId:285023:number_of_involvements:rank_asc:page:1,urn:gd:story:classification:gcp_movement:competitionId:285023:number_of_involvements:rank_asc:page:1
448252,285023_43922,Enzo Fernandez,Argentina,MF,167,23,66,78,99,68,2,49,70,542,movement,urn:gd:story:classification:gcp_movement:competitionId:285023:number_of_involvements:rank_asc:page:1,urn:gd:story:classification:gcp_movement:competitionId:285023:number_of_involvements:rank_asc:page:1
430605,285023_43924,Bruno Guimaraes,Brazil,MF,282,41,132,109,213,69,4,43,78,542,movement,urn:gd:story:classification:gcp_movement:competitionId:285023:number_of_involvements:rank_asc:page:1,urn:gd:story:classification:gcp_movement:competitionId:285023:number_of_involvements:rank_asc:page:1
463902,285023_43926,Gustavo Puerta,Colombia,DF,210,37,90,83,117,93,3,38,83,538,movement,urn:gd:story:classification:gcp_movement:competitionId:285023:number_of_involvements:rank_asc:page:1,urn:gd:story:classification:gcp_movement:competitionId:285023:number_of_involvements:rank_asc:page:1
477795,285023_43843,Fares Chaibi,Algeria,MF,202,38,84,80,121,81,4,46,102,535,movement,urn:gd:story:classification:gcp_movement:competitionId:285023:number_of_involvements:rank_asc:page:1,urn:gd:story:classification:gcp_movement:competitionId:285023:number_of_involvements:rank_asc:page:1
402047,285023_43946,Adrien Rabiot,France,MF,130,38,31,61,90,40,6,20,73,532,movement,urn:gd:story:classification:gcp_movement:competitionId:285023:number_of_involvements:rank_asc:page:2,urn:gd:story:classification:gcp_movement:competitionId:285023:number_of_involvements:rank_asc:page:2
441307,285023_43872,Azzedine Ounahi,Morocco,MF,241,50,94,97,137,104,2,62,101,528,movement,urn:gd:story:classification:gcp_movement:competitionId:285023:number_of_involvements:rank_asc:page:2,urn:gd:story:classification:gcp_movement:competitionId:285023:number_of_involvements:rank_asc:page:2
402921,285023_43922,Lisandro Martinez,Argentina,DF,24,0,0,24,9,15,0,1,45,525,movement,urn:gd:story:classification:gcp_movement:competitionId:285023:number_of_involvements:rank_asc:page:2,urn:gd:story:classification:gcp_movement:competitionId:285023:number_of_involvements:rank_asc:page:2
308386,285023_43924,Casemiro,Brazil,MF,82,3,25,54,64,18,1,7,67,520,movement,urn:gd:story:classification:gcp_movement:competitionId:285023:number_of_involvements:rank_asc:page:2,urn:gd:story:classification:gcp_movement:competitionId:285023:number_of_involvements:rank_asc:page:2
419177,285023_43946,William Saliba,France,DF,46,1,0,45,23,23,1,2,22,519,movement,urn:gd:story:classification:gcp_movement:competitionId:285023:number_of_involvements:rank_asc:page:2,urn:gd:story:classification:gcp_movement:competitionId:285023:number_of_involvements:rank_asc:page:2
422657,285023_43960,Frenkie De Jong,Netherlands,MF,143,2,32,109,106,37,0,8,69,519,movement,urn:gd:story:classification:gcp_movement:competitionId:285023:number_of_involvements:rank_asc:page:2,urn:gd:story:classification:gcp_movement:competitionId:285023:number_of_involvements:rank_asc:page:2
395206,285023_43963,Bruno Fernandes,Portugal,MF,209,44,112,53,129,80,5,68,87,518,movement,urn:gd:story:classification:gcp_movement:competitionId:285023:number_of_involvements:rank_asc:page:2,urn:gd:story:classification:gcp_movement:competitionId:285023:number_of_involvements:rank_asc:page:2
408950,285023_43855,Mohamed Hany,Egypt,DF,138,41,66,31,28,110,9,35,68,517,movement,urn:gd:story:classification:gcp_movement:competitionId:285023:number_of_involvements:rank_asc:page:2,urn:gd:story:classification:gcp_movement:competitionId:285023:number_of_involvements:rank_asc:page:2
491244,285023_43961,Torbjorn Heggem,Norway,DF,58,0,7,51,20,38,1,3,36,516,movement,urn:gd:story:classification:gcp_movement:competitionId:285023:number_of_involvements:rank_asc:page:2,urn:gd:story:classification:gcp_movement:competitionId:285023:number_of_involvements:rank_asc:page:2
484082,285023_43972,Abdulkerim Bardakci,Türkiye,DF,25,2,1,22,11,14,1,2,24,516,movement,urn:gd:story:classification:gcp_movement:competitionId:285023:number_of_involvements:rank_asc:page:2,urn:gd:story:classification:gcp_movement:competitionId:285023:number_of_involvements:rank_asc:page:2
379955,285023_43948,Antonio Ruediger,Germany,DF,11,0,1,10,5,6,0,2,19,514,movement,urn:gd:story:classification:gcp_movement:competitionId:285023:number_of_involvements:rank_asc:page:2,urn:gd:story:classification:gcp_movement:competitionId:285023:number_of_involvements:rank_asc:page:2
430735,285023_43969,Marc Cucurella,Spain,DF,212,86,65,61,52,160,11,69,103,510,movement,urn:gd:story:classification:gcp_movement:competitionId:285023:number_of_involvements:rank_asc:page:2,urn:gd:story:classification:gcp_movement:competitionId:285023:number_of_involvements:rank_asc:page:2
241559,285023_43938,Luka Modric,Croatia,MF,141,14,47,80,114,27,1,13,50,509,movement,urn:gd:story:classification:gcp_movement:competitionId:285023:number_of_involvements:rank_asc:page:2,urn:gd:story:classification:gcp_movement:competitionId:285023:number_of_involvements:rank_asc:page:2
441252,285023_43899,Alistair Johnston,Canada,DF,176,53,50,73,39,137,8,47,88,509,movement,urn:gd:story:classification:gcp_movement:competitionId:285023:number_of_involvements:rank_asc:page:2,urn:gd:story:classification:gcp_movement:competitionId:285023:number_of_involvements:rank_asc:page:2
492315,285023_43822,Lee Gihyuk,Korea Republic,MF,70,0,7,63,21,49,0,2,71,500,movement,urn:gd:story:classification:gcp_movement:competitionId:285023:number_of_involvements:rank_asc:page:2,urn:gd:story:classification:gcp_movement:competitionId:285023:number_of_involvements:rank_asc:page:2
441622,285023_43926,Jhon Lucumi,Colombia,DF,17,0,1,16,4,13,0,3,28,499,movement,urn:gd:story:classification:gcp_movement:competitionId:285023:number_of_involvements:rank_asc:page:2,urn:gd:story:classification:gcp_movement:competitionId:285023:number_of_involvements:rank_asc:page:2
398680,285023_43946,Ousmane Dembele,France,FW,122,37,54,31,42,80,10,111,101,499,movement,urn:gd:story:classification:gcp_movement:competitionId:285023:number_of_involvements:rank_asc:page:2,urn:gd:story:classification:gcp_movement:competitionId:285023:number_of_involvements:rank_asc:page:2
485760,285023_43872,Ayyoub Bouaddi,Morocco,MF,144,18,39,87,95,49,0,14,98,494,movement,urn:gd:story:classification:gcp_movement:competitionId:285023:number_of_involvements:rank_asc:page:2,urn:gd:story:classification:gcp_movement:competitionId:285023:number_of_involvements:rank_asc:page:2
448612,285023_43872,Bilal El Khannouss,Morocco,MF,136,38,78,20,51,85,8,67,113,489,movement,urn:gd:story:classification:gcp_movement:competitionId:285023:number_of_involvements:rank_asc:page:2,urn:gd:story:classification:gcp_movement:competitionId:285023:number_of_involvements:rank_asc:page:2
448290,285023_43927,Willian Pacho,Ecuador,DF,45,0,0,45,29,16,0,1,37,488,movement,urn:gd:story:classification:gcp_movement:competitionId:285023:number_of_involvements:rank_asc:page:2,urn:gd:story:classification:gcp_movement:competitionId:285023:number_of_involvements:rank_asc:page:2
401444,285023_43935,Youri Tielemans,Belgium,MF,219,56,69,94,149,70,3,37,102,486,movement,urn:gd:story:classification:gcp_movement:competitionId:285023:number_of_involvements:rank_asc:page:2,urn:gd:story:classification:gcp_movement:competitionId:285023:number_of_involvements:rank_asc:page:2
402893,285023_43930,Mathias Olivera,Uruguay,DF,36,8,8,20,14,22,1,10,40,480,movement,urn:gd:story:classification:gcp_movement:competitionId:285023:number_of_involvements:rank_asc:page:2,urn:gd:story:classification:gcp_movement:competitionId:285023:number_of_involvements:rank_asc:page:2
483516,285023_43961,Kristoffer Ajer,Norway,DF,43,2,2,39,26,17,0,2,25,479,movement,urn:gd:story:classification:gcp_movement:competitionId:285023:number_of_involvements:rank_asc:page:2,urn:gd:story:classification:gcp_movement:competitionId:285023:number_of_involvements:rank_asc:page:2
484141,285023_43963,Joao Neves,Portugal,MF,184,45,61,78,134,50,2,29,91,478,movement,urn:gd:story:classification:gcp_movement:competitionId:285023:number_of_involvements:rank_asc:page:2,urn:gd:story:classification:gcp_movement:competitionId:285023:number_of_involvements:rank_asc:page:2
431196,285023_43922,Cristian Romero,Argentina,DF,13,0,1,12,9,4,0,3,47,475,movement,urn:gd:story:classification:gcp_movement:competitionId:285023:number_of_involvements:rank_asc:page:2,urn:gd:story:classification:gcp_movement:competitionId:285023:number_of_involvements:rank_asc:page:2
504199,285023_43883,Mbekezeli Mbokazi,South Africa,DF,29,5,6,18,13,16,0,4,29,466,movement,urn:gd:story:classification:gcp_movement:competitionId:285023:number_of_involvements:rank_asc:page:2,urn:gd:story:classification:gcp_movement:competitionId:285023:number_of_involvements:rank_asc:page:2
448607,285023_43872,Chadi Riad,Morocco,DF,77,0,3,74,48,29,0,2,22,464,movement,urn:gd:story:classification:gcp_movement:competitionId:285023:number_of_involvements:rank_asc:page:2,urn:gd:story:classification:gcp_movement:competitionId:285023:number_of_involvements:rank_asc:page:2
464542,285023_43921,Alex Freeman,USA,DF,87,4,27,56,17,70,1,15,63,460,movement,urn:gd:story:classification:gcp_movement:competitionId:285023:number_of_involvements:rank_asc:page:2,urn:gd:story:classification:gcp_movement:competitionId:285023:number_of_involvements:rank_asc:page:2
395084,285023_43822,Hwang Inbeom,Korea Republic,MF,177,12,64,101,135,42,3,11,68,459,movement,urn:gd:story:classification:gcp_movement:competitionId:285023:number_of_involvements:rank_asc:page:2,urn:gd:story:classification:gcp_movement:competitionId:285023:number_of_involvements:rank_asc:page:2
395088,285023_43822,Kim Minjae,Korea Republic,DF,33,0,0,33,20,13,0,2,43,459,movement,urn:gd:story:classification:gcp_movement:competitionId:285023:number_of_involvements:rank_asc:page:2,urn:gd:story:classification:gcp_movement:competitionId:285023:number_of_involvements:rank_asc:page:2
395550,285023_43926,Jefferson Lerma,Colombia,MF,146,2,37,107,127,19,1,12,74,458,movement,urn:gd:story:classification:gcp_movement:competitionId:285023:number_of_involvements:rank_asc:page:2,urn:gd:story:classification:gcp_movement:competitionId:285023:number_of_involvements:rank_asc:page:2
369267,285023_43855,Yasser Ibrahim,Egypt,DF,84,0,3,81,48,36,0,2,23,458,movement,urn:gd:story:classification:gcp_movement:competitionId:285023:number_of_involvements:rank_asc:page:2,urn:gd:story:classification:gcp_movement:competitionId:285023:number_of_involvements:rank_asc:page:2
344661,285023_43855,Ramy Rabia,Egypt,DF,76,4,2,70,44,32,1,1,21,456,movement,urn:gd:story:classification:gcp_movement:competitionId:285023:number_of_involvements:rank_asc:page:2,urn:gd:story:classification:gcp_movement:competitionId:285023:number_of_involvements:rank_asc:page:2
484087,285023_43972,Arda Guler,Türkiye,FW,268,40,122,106,157,111,6,46,89,455,movement,urn:gd:story:classification:gcp_movement:competitionId:285023:number_of_involvements:rank_asc:page:2,urn:gd:story:classification:gcp_movement:competitionId:285023:number_of_involvements:rank_asc:page:2
313559,285023_43971,Ricardo Rodriguez,Switzerland,DF,69,32,23,14,11,58,3,28,54,452,movement,urn:gd:story:classification:gcp_movement:competitionId:285023:number_of_involvements:rank_asc:page:2,urn:gd:story:classification:gcp_movement:competitionId:285023:number_of_involvements:rank_asc:page:2
411680,285023_43872,Noussair Mazraoui,Morocco,DF,31,7,12,12,12,19,3,7,36,452,movement,urn:gd:story:classification:gcp_movement:competitionId:285023:number_of_involvements:rank_asc:page:2,urn:gd:story:classification:gcp_movement:competitionId:285023:number_of_involvements:rank_asc:page:2
431858,285023_43843,Rayan Ait Nouri,Algeria,DF,129,42,52,35,39,90,4,51,83,451,movement,urn:gd:story:classification:gcp_movement:competitionId:285023:number_of_involvements:rank_asc:page:2,urn:gd:story:classification:gcp_movement:competitionId:285023:number_of_involvements:rank_asc:page:2
448014,285023_43976,Alessandro Circati,Australia,DF,55,4,10,41,16,39,0,9,63,448,movement,urn:gd:story:classification:gcp_movement:competitionId:285023:number_of_involvements:rank_asc:page:2,urn:gd:story:classification:gcp_movement:competitionId:285023:number_of_involvements:rank_asc:page:2
339510,285023_43921,Tim Ream,USA,DF,12,0,1,11,4,8,0,1,22,448,movement,urn:gd:story:classification:gcp_movement:competitionId:285023:number_of_involvements:rank_asc:page:2,urn:gd:story:classification:gcp_movement:competitionId:285023:number_of_involvements:rank_asc:page:2
470760,285023_43926,Jhon Arias,Colombia,MF,138,28,64,46,78,60,2,47,96,448,movement,urn:gd:story:classification:gcp_movement:competitionId:285023:number_of_involvements:rank_asc:page:2,urn:gd:story:classification:gcp_movement:competitionId:285023:number_of_involvements:rank_asc:page:2
269058,285023_43926,James Rodriguez,Colombia,MF,134,19,74,41,65,69,3,43,59,446,movement,urn:gd:story:classification:gcp_movement:competitionId:285023:number_of_involvements:rank_asc:page:2,urn:gd:story:classification:gcp_movement:competitionId:285023:number_of_involvements:rank_asc:page:2
419062,285023_43921,Chris Richards,USA,DF,23,2,1,20,15,8,0,1,25,445,movement,urn:gd:story:classification:gcp_movement:competitionId:285023:number_of_involvements:rank_asc:page:2,urn:gd:story:classification:gcp_movement:competitionId:285023:number_of_involvements:rank_asc:page:2
395986,285023_43883,Ronwen Williams,South Africa,GK,60,0,0,60,42,18,0,0,8,443,movement,urn:gd:story:classification:gcp_movement:competitionId:285023:number_of_involvements:rank_asc:page:2,urn:gd:story:classification:gcp_movement:competitionId:285023:number_of_involvements:rank_asc:page:2
339987,285023_43938,Mateo Kovacic,Croatia,MF,88,4,27,57,60,28,1,15,86,442,movement,urn:gd:story:classification:gcp_movement:competitionId:285023:number_of_involvements:rank_asc:page:2,urn:gd:story:classification:gcp_movement:competitionId:285023:number_of_involvements:rank_asc:page:2
316002,285023_43934,David Alaba,Austria,DF,40,3,7,30,17,23,0,4,54,441,movement,urn:gd:story:classification:gcp_movement:competitionId:285023:number_of_involvements:rank_asc:page:2,urn:gd:story:classification:gcp_movement:competitionId:285023:number_of_involvements:rank_asc:page:2
332847,285023_43922,Leandro Paredes,Argentina,MF,97,1,18,78,68,29,0,5,20,441,movement,urn:gd:story:classification:gcp_movement:competitionId:285023:number_of_involvements:rank_asc:page:2,urn:gd:story:classification:gcp_movement:competitionId:285023:number_of_involvements:rank_asc:page:2
405742,285023_43924,Vinicius Junior,Brazil,FW,220,89,104,27,103,117,15,71,90,440,movement,urn:gd:story:classification:gcp_movement:competitionId:285023:number_of_involvements:rank_asc:page:2,urn:gd:story:classification:gcp_movement:competitionId:285023:number_of_involvements:rank_asc:page:2
402021,285023_43971,Remo Freuler,Switzerland,MF,187,31,75,81,145,42,3,19,77,440,movement,urn:gd:story:classification:gcp_movement:competitionId:285023:number_of_involvements:rank_asc:page:2,urn:gd:story:classification:gcp_movement:competitionId:285023:number_of_involvements:rank_asc:page:2
404353,285023_43948,Leroy Sane,Germany,MF,148,55,73,20,36,112,2,94,122,439,movement,urn:gd:story:classification:gcp_movement:competitionId:285023:number_of_involvements:rank_asc:page:2,urn:gd:story:classification:gcp_movement:competitionId:285023:number_of_involvements:rank_asc:page:2
485677,285023_43946,Manu Kone,France,MF,57,2,11,44,41,16,1,5,66,438,movement,urn:gd:story:classification:gcp_movement:competitionId:285023:number_of_involvements:rank_asc:page:2,urn:gd:story:classification:gcp_movement:competitionId:285023:number_of_involvements:rank_asc:page:2
448557,285023_43819,Daichi Kamada,Japan,MF,212,19,92,101,134,78,0,34,52,436,movement,urn:gd:story:classification:gcp_movement:competitionId:285023:number_of_involvements:rank_asc:page:3,urn:gd:story:classification:gcp_movement:competitionId:285023:number_of_involvements:rank_asc:page:3
483304,285023_43970,Gustaf Lagerbielke,Sweden,DF,46,0,8,38,11,35,0,11,35,433,movement,urn:gd:story:classification:gcp_movement:competitionId:285023:number_of_involvements:rank_asc:page:3,urn:gd:story:classification:gcp_movement:competitionId:285023:number_of_involvements:rank_asc:page:3
395283,285023_43970,Victor Lindelof,Sweden,DF,35,0,3,32,18,17,0,4,24,430,movement,urn:gd:story:classification:gcp_movement:competitionId:285023:number_of_involvements:rank_asc:page:3,urn:gd:story:classification:gcp_movement:competitionId:285023:number_of_involvements:rank_asc:page:3
431696,285023_43899,Richie Laryea,Canada,DF,110,42,39,29,48,62,6,28,76,428,movement,urn:gd:story:classification:gcp_movement:competitionId:285023:number_of_involvements:rank_asc:page:3,urn:gd:story:classification:gcp_movement:competitionId:285023:number_of_involvements:rank_asc:page:3
403616,285023_43883,Teboho Mokoena,South Africa,MF,144,13,50,81,89,55,1,12,87,428,movement,urn:gd:story:classification:gcp_movement:competitionId:285023:number_of_involvements:rank_asc:page:3,urn:gd:story:classification:gcp_movement:competitionId:285023:number_of_involvements:rank_asc:page:3
442434,285023_43967,Lewis Ferguson,Scotland,MF,210,1,73,136,146,64,0,1,44,427,movement,urn:gd:story:classification:gcp_movement:competitionId:285023:number_of_involvements:rank_asc:page:3,urn:gd:story:classification:gcp_movement:competitionId:285023:number_of_involvements:rank_asc:page:3
448174,285023_43938,Marin Pongracic,Croatia,DF,17,2,1,14,11,6,0,2,28,423,movement,urn:gd:story:classification:gcp_movement:competitionId:285023:number_of_involvements:rank_asc:page:3,urn:gd:story:classification:gcp_movement:competitionId:285023:number_of_involvements:rank_asc:page:3
369304,285023_43972,Hakan Calhanoglu,Türkiye,MF,79,8,27,44,53,26,2,9,54,420,movement,urn:gd:story:classification:gcp_movement:competitionId:285023:number_of_involvements:rank_asc:page:3,urn:gd:story:classification:gcp_movement:competitionId:285023:number_of_involvements:rank_asc:page:3
424031,285023_43927,Piero Hincapie,Ecuador,DF,111,39,35,37,30,81,7,33,57,419,movement,urn:gd:story:classification:gcp_movement:competitionId:285023:number_of_involvements:rank_asc:page:3,urn:gd:story:classification:gcp_movement:competitionId:285023:number_of_involvements:rank_asc:page:3
403274,285023_43819,Hiroki Ito,Japan,DF,81,9,19,53,16,65,1,11,46,417,movement,urn:gd:story:classification:gcp_movement:competitionId:285023:number_of_involvements:rank_asc:page:3,urn:gd:story:classification:gcp_movement:competitionId:285023:number_of_involvements:rank_asc:page:3
430482,285023_43855,Emam Ashour,Egypt,MF,214,49,104,61,105,109,5,45,71,413,movement,urn:gd:story:classification:gcp_movement:competitionId:285023:number_of_involvements:rank_asc:page:3,urn:gd:story:classification:gcp_movement:competitionId:285023:number_of_involvements:rank_asc:page:3
371609,285023_43854,Franck Kessie,Côte d'Ivoire,MF,130,27,59,44,101,29,4,31,83,413,movement,urn:gd:story:classification:gcp_movement:competitionId:285023:number_of_involvements:rank_asc:page:3,urn:gd:story:classification:gcp_movement:competitionId:285023:number_of_involvements:rank_asc:page:3
384752,285023_43963,Ruben Dias,Portugal,DF,23,0,1,22,14,9,0,0,33,413,movement,urn:gd:story:classification:gcp_movement:competitionId:285023:number_of_involvements:rank_asc:page:3,urn:gd:story:classification:gcp_movement:competitionId:285023:number_of_involvements:rank_asc:page:3
411726,285023_43924,Lucas Paqueta,Brazil,MF,192,22,89,81,110,82,1,20,78,412,movement,urn:gd:story:classification:gcp_movement:competitionId:285023:number_of_involvements:rank_asc:page:3,urn:gd:story:classification:gcp_movement:competitionId:285023:number_of_involvements:rank_asc:page:3
389867,285023_43946,Kylian Mbappe,France,FW,271,124,89,58,182,89,19,104,119,411,movement,urn:gd:story:classification:gcp_movement:competitionId:285023:number_of_involvements:rank_asc:page:3,urn:gd:story:classification:gcp_movement:competitionId:285023:number_of_involvements:rank_asc:page:3
405893,285023_43946,Aurelien Tchouameni,France,MF,128,1,25,102,98,30,1,7,48,411,movement,urn:gd:story:classification:gcp_movement:competitionId:285023:number_of_involvements:rank_asc:page:3,urn:gd:story:classification:gcp_movement:competitionId:285023:number_of_involvements:rank_asc:page:3
430442,285023_43976,Harry Souttar,Australia,DF,32,3,2,27,20,12,0,6,46,409,movement,urn:gd:story:classification:gcp_movement:competitionId:285023:number_of_involvements:rank_asc:page:3,urn:gd:story:classification:gcp_movement:competitionId:285023:number_of_involvements:rank_asc:page:3
511009,285023_43843,Rafik Belghali,Algeria,DF,97,54,27,16,42,55,7,31,83,406,movement,urn:gd:story:classification:gcp_movement:competitionId:285023:number_of_involvements:rank_asc:page:3,urn:gd:story:classification:gcp_movement:competitionId:285023:number_of_involvements:rank_asc:page:3
448355,285023_43935,Leandro Trossard,Belgium,FW,161,61,73,27,84,77,8,76,73,406,movement,urn:gd:story:classification:gcp_movement:competitionId:285023:number_of_involvements:rank_asc:page:3,urn:gd:story:classification:gcp_movement:competitionId:285023:number_of_involvements:rank_asc:page:3
480322,285023_43899,Luc De Fougerolles,Canada,DF,43,6,4,33,25,18,2,7,32,404,movement,urn:gd:story:classification:gcp_movement:competitionId:285023:number_of_involvements:rank_asc:page:3,urn:gd:story:classification:gcp_movement:competitionId:285023:number_of_involvements:rank_asc:page:3
390259,285023_43921,Weston Mckennie,USA,MF,208,67,109,32,110,98,13,67,102,403,movement,urn:gd:story:classification:gcp_movement:competitionId:285023:number_of_involvements:rank_asc:page:3,urn:gd:story:classification:gcp_movement:competitionId:285023:number_of_involvements:rank_asc:page:3
423874,285023_43822,Lee Hanbeom,Korea Republic,DF,53,6,8,39,3,50,1,10,33,403,movement,urn:gd:story:classification:gcp_movement:competitionId:285023:number_of_involvements:rank_asc:page:3,urn:gd:story:classification:gcp_movement:competitionId:285023:number_of_involvements:rank_asc:page:3
411443,285023_43935,Timothy Castagne,Belgium,DF,118,59,22,37,40,78,8,16,70,399,movement,urn:gd:story:classification:gcp_movement:competitionId:285023:number_of_involvements:rank_asc:page:3,urn:gd:story:classification:gcp_movement:competitionId:285023:number_of_involvements:rank_asc:page:3
386538,285023_43930,Rodrigo Bentancur,Uruguay,MF,140,23,57,60,111,29,1,24,82,396,movement,urn:gd:story:classification:gcp_movement:competitionId:285023:number_of_involvements:rank_asc:page:3,urn:gd:story:classification:gcp_movement:competitionId:285023:number_of_involvements:rank_asc:page:3
463218,285023_43883,Khuliso Mudau,South Africa,DF,62,30,25,7,17,45,6,17,64,394,movement,urn:gd:story:classification:gcp_movement:competitionId:285023:number_of_involvements:rank_asc:page:3,urn:gd:story:classification:gcp_movement:competitionId:285023:number_of_involvements:rank_asc:page:3
430831,285023_43854,Ibrahim Sangare,Côte d'Ivoire,MF,54,2,20,32,38,16,0,9,78,391,movement,urn:gd:story:classification:gcp_movement:competitionId:285023:number_of_involvements:rank_asc:page:3,urn:gd:story:classification:gcp_movement:competitionId:285023:number_of_involvements:rank_asc:page:3
358120,285023_43935,Kevin De Bruyne,Belgium,MF,203,71,82,50,113,90,6,56,71,391,movement,urn:gd:story:classification:gcp_movement:competitionId:285023:number_of_involvements:rank_asc:page:3,urn:gd:story:classification:gcp_movement:competitionId:285023:number_of_involvements:rank_asc:page:3
448373,285023_43935,Maxim De Cuyper,Belgium,DF,101,39,35,27,34,67,7,33,56,391,movement,urn:gd:story:classification:gcp_movement:competitionId:285023:number_of_involvements:rank_asc:page:3,urn:gd:story:classification:gcp_movement:competitionId:285023:number_of_involvements:rank_asc:page:3
430440,285023_43976,Aiden Oneill,Australia,MF,138,6,61,71,103,35,1,23,103,388,movement,urn:gd:story:classification:gcp_movement:competitionId:285023:number_of_involvements:rank_asc:page:3,urn:gd:story:classification:gcp_movement:competitionId:285023:number_of_involvements:rank_asc:page:3
409241,285023_43850,Diney Borges,Cabo Verde,DF,103,2,2,99,57,46,0,3,42,388,movement,urn:gd:story:classification:gcp_movement:competitionId:285023:number_of_involvements:rank_asc:page:3,urn:gd:story:classification:gcp_movement:competitionId:285023:number_of_involvements:rank_asc:page:3
428882,285023_43922,Rodrigo De Paul,Argentina,MF,176,19,83,74,80,96,2,24,60,387,movement,urn:gd:story:classification:gcp_movement:competitionId:285023:number_of_involvements:rank_asc:page:3,urn:gd:story:classification:gcp_movement:competitionId:285023:number_of_involvements:rank_asc:page:3
418715,285023_43914,Jose Cordoba,Panama,DF,35,0,2,33,23,12,0,4,29,387,movement,urn:gd:story:classification:gcp_movement:competitionId:285023:number_of_involvements:rank_asc:page:3,urn:gd:story:classification:gcp_movement:competitionId:285023:number_of_involvements:rank_asc:page:3
477770,285023_43850,Pico Lopes,Cabo Verde,DF,66,2,6,58,24,42,0,3,38,384,movement,urn:gd:story:classification:gcp_movement:competitionId:285023:number_of_involvements:rank_asc:page:3,urn:gd:story:classification:gcp_movement:competitionId:285023:number_of_involvements:rank_asc:page:3
229397,285023_43922,Lionel Messi,Argentina,FW,122,22,70,30,86,36,3,77,87,381,movement,urn:gd:story:classification:gcp_movement:competitionId:285023:number_of_involvements:rank_asc:page:3,urn:gd:story:classification:gcp_movement:competitionId:285023:number_of_involvements:rank_asc:page:3
441240,285023_43914,Andres Andrade,Panama,DF,91,3,24,64,21,70,1,2,71,380,movement,urn:gd:story:classification:gcp_movement:competitionId:285023:number_of_involvements:rank_asc:page:3,urn:gd:story:classification:gcp_movement:competitionId:285023:number_of_involvements:rank_asc:page:3
436612,285023_43960,Denzel Dumfries,Netherlands,DF,82,40,29,13,18,64,13,44,56,379,movement,urn:gd:story:classification:gcp_movement:competitionId:285023:number_of_involvements:rank_asc:page:3,urn:gd:story:classification:gcp_movement:competitionId:285023:number_of_involvements:rank_asc:page:3
371958,285023_43899,Derek Cornelius,Canada,DF,14,2,2,10,6,8,1,8,35,379,movement,urn:gd:story:classification:gcp_movement:competitionId:285023:number_of_involvements:rank_asc:page:3,urn:gd:story:classification:gcp_movement:competitionId:285023:number_of_involvements:rank_asc:page:3
441333,285023_43860,Gideon Mensah,Ghana,DF,61,15,23,23,4,57,2,7,35,378,movement,urn:gd:story:classification:gcp_movement:competitionId:285023:number_of_involvements:rank_asc:page:3,urn:gd:story:classification:gcp_movement:competitionId:285023:number_of_involvements:rank_asc:page:3
418490,285023_43822,Lee Kangin,Korea Republic,MF,161,12,71,78,62,99,0,42,108,376,movement,urn:gd:story:classification:gcp_movement:competitionId:285023:number_of_involvements:rank_asc:page:3,urn:gd:story:classification:gcp_movement:competitionId:285023:number_of_involvements:rank_asc:page:3
419108,285023_43930,Sebastian Caceres,Uruguay,DF,31,1,0,30,18,13,0,4,20,373,movement,urn:gd:story:classification:gcp_movement:competitionId:285023:number_of_involvements:rank_asc:page:3,urn:gd:story:classification:gcp_movement:competitionId:285023:number_of_involvements:rank_asc:page:3
510922,285023_43854,Yan Diomande,Côte d'Ivoire,FW,134,24,92,18,45,89,6,88,106,372,movement,urn:gd:story:classification:gcp_movement:competitionId:285023:number_of_involvements:rank_asc:page:3,urn:gd:story:classification:gcp_movement:competitionId:285023:number_of_involvements:rank_asc:page:3
430477,285023_43855,Ahmed Fatouh,Egypt,DF,77,19,25,33,21,56,2,23,57,370,movement,urn:gd:story:classification:gcp_movement:competitionId:285023:number_of_involvements:rank_asc:page:3,urn:gd:story:classification:gcp_movement:competitionId:285023:number_of_involvements:rank_asc:page:3
376230,285023_44037,Sead Kolasinac,Bosnia and Herzegovina,DF,54,25,13,16,14,40,5,23,93,370,movement,urn:gd:story:classification:gcp_movement:competitionId:285023:number_of_involvements:rank_asc:page:3,urn:gd:story:classification:gcp_movement:competitionId:285023:number_of_involvements:rank_asc:page:3
431788,285023_43879,Pape Gueye,Senegal,MF,107,13,51,43,79,28,2,16,99,369,movement,urn:gd:story:classification:gcp_movement:competitionId:285023:number_of_involvements:rank_asc:page:3,urn:gd:story:classification:gcp_movement:competitionId:285023:number_of_involvements:rank_asc:page:3
423595,285023_43978,Marko Stamenic,New Zealand,MF,98,6,26,66,66,32,0,9,53,364,movement,urn:gd:story:classification:gcp_movement:competitionId:285023:number_of_involvements:rank_asc:page:3,urn:gd:story:classification:gcp_movement:competitionId:285023:number_of_involvements:rank_asc:page:3
436572,285023_20014,Arthur Masuaku,Congo DR,DF,60,6,31,23,11,49,0,12,38,363,movement,urn:gd:story:classification:gcp_movement:competitionId:285023:number_of_involvements:rank_asc:page:3,urn:gd:story:classification:gcp_movement:competitionId:285023:number_of_involvements:rank_asc:page:3
419020,285023_43927,Gonzalo Plata,Ecuador,FW,174,31,119,24,112,62,3,86,108,362,movement,urn:gd:story:classification:gcp_movement:competitionId:285023:number_of_involvements:rank_asc:page:3,urn:gd:story:classification:gcp_movement:competitionId:285023:number_of_involvements:rank_asc:page:3
425701,285023_43911,Johan Vasquez,Mexico,DF,41,1,4,36,12,29,0,5,24,360,movement,urn:gd:story:classification:gcp_movement:competitionId:285023:number_of_involvements:rank_asc:page:3,urn:gd:story:classification:gcp_movement:competitionId:285023:number_of_involvements:rank_asc:page:3
477852,285023_43850,Kevin Pina,Cabo Verde,MF,71,1,26,44,53,18,0,5,66,359,movement,urn:gd:story:classification:gcp_movement:competitionId:285023:number_of_involvements:rank_asc:page:3,urn:gd:story:classification:gcp_movement:competitionId:285023:number_of_involvements:rank_asc:page:3
441251,285023_43921,Antonee Robinson,USA,DF,95,33,28,34,12,83,7,36,66,357,movement,urn:gd:story:classification:gcp_movement:competitionId:285023:number_of_involvements:rank_asc:page:3,urn:gd:story:classification:gcp_movement:competitionId:285023:number_of_involvements:rank_asc:page:3
368860,285023_43946,Lucas Digne,France,DF,60,32,16,12,13,47,5,25,31,357,movement,urn:gd:story:classification:gcp_movement:competitionId:285023:number_of_involvements:rank_asc:page:4,urn:gd:story:classification:gcp_movement:competitionId:285023:number_of_involvements:rank_asc:page:4
390238,285023_43921,Tyler Adams,USA,MF,127,1,22,104,94,33,0,10,50,356,movement,urn:gd:story:classification:gcp_movement:competitionId:285023:number_of_involvements:rank_asc:page:4,urn:gd:story:classification:gcp_movement:competitionId:285023:number_of_involvements:rank_asc:page:4
484113,285023_43972,Ferdi Kadioglu,Türkiye,DF,97,30,33,34,36,61,2,32,41,353,movement,urn:gd:story:classification:gcp_movement:competitionId:285023:number_of_involvements:rank_asc:page:4,urn:gd:story:classification:gcp_movement:competitionId:285023:number_of_involvements:rank_asc:page:4
448346,285023_43935,Arthur Theate,Belgium,DF,22,0,0,22,8,14,0,3,40,353,movement,urn:gd:story:classification:gcp_movement:competitionId:285023:number_of_involvements:rank_asc:page:4,urn:gd:story:classification:gcp_movement:competitionId:285023:number_of_involvements:rank_asc:page:4
430147,285023_43967,Jack Hendry,Scotland,DF,48,0,3,45,20,28,0,2,20,352,movement,urn:gd:story:classification:gcp_movement:competitionId:285023:number_of_involvements:rank_asc:page:4,urn:gd:story:classification:gcp_movement:competitionId:285023:number_of_involvements:rank_asc:page:4
353790,285023_43879,Sadio Mane,Senegal,FW,164,85,65,14,84,80,18,86,103,350,movement,urn:gd:story:classification:gcp_movement:competitionId:285023:number_of_involvements:rank_asc:page:4,urn:gd:story:classification:gcp_movement:competitionId:285023:number_of_involvements:rank_asc:page:4
405263,285023_43934,Kevin Danso,Austria,DF,25,1,2,22,10,15,1,6,28,349,movement,urn:gd:story:classification:gcp_movement:competitionId:285023:number_of_involvements:rank_asc:page:4,urn:gd:story:classification:gcp_movement:competitionId:285023:number_of_involvements:rank_asc:page:4
368649,285023_43963,Joao Cancelo,Portugal,DF,92,37,27,28,34,58,7,36,53,349,movement,urn:gd:story:classification:gcp_movement:competitionId:285023:number_of_involvements:rank_asc:page:4,urn:gd:story:classification:gcp_movement:competitionId:285023:number_of_involvements:rank_asc:page:4
463780,285023_43942,Nico Oreilly,England,DF,158,39,54,65,72,86,4,21,65,347,movement,urn:gd:story:classification:gcp_movement:competitionId:285023:number_of_involvements:rank_asc:page:4,urn:gd:story:classification:gcp_movement:competitionId:285023:number_of_involvements:rank_asc:page:4
489520,285023_44037,Nikola Katic,Bosnia and Herzegovina,DF,39,0,1,38,10,29,0,4,37,345,movement,urn:gd:story:classification:gcp_movement:competitionId:285023:number_of_involvements:rank_asc:page:4,urn:gd:story:classification:gcp_movement:competitionId:285023:number_of_involvements:rank_asc:page:4
430740,285023_43872,Brahim Diaz,Morocco,FW,172,59,85,28,91,81,5,73,117,345,movement,urn:gd:story:classification:gcp_movement:competitionId:285023:number_of_involvements:rank_asc:page:4,urn:gd:story:classification:gcp_movement:competitionId:285023:number_of_involvements:rank_asc:page:4
486317,285023_43854,Guela Doue,Côte d'Ivoire,DF,85,29,38,18,26,59,3,28,73,343,movement,urn:gd:story:classification:gcp_movement:competitionId:285023:number_of_involvements:rank_asc:page:4,urn:gd:story:classification:gcp_movement:competitionId:285023:number_of_involvements:rank_asc:page:4
494291,285023_43843,Ibrahim Maza,Algeria,MF,212,39,122,51,153,59,4,59,136,342,movement,urn:gd:story:classification:gcp_movement:competitionId:285023:number_of_involvements:rank_asc:page:4,urn:gd:story:classification:gcp_movement:competitionId:285023:number_of_involvements:rank_asc:page:4
428886,285023_43926,Luis Diaz,Colombia,FW,237,114,100,23,115,122,10,91,85,342,movement,urn:gd:story:classification:gcp_movement:competitionId:285023:number_of_involvements:rank_asc:page:4,urn:gd:story:classification:gcp_movement:competitionId:285023:number_of_involvements:rank_asc:page:4
394500,285023_43926,Johan Mojica,Colombia,DF,119,24,52,43,13,106,3,24,65,342,movement,urn:gd:story:classification:gcp_movement:competitionId:285023:number_of_involvements:rank_asc:page:4,urn:gd:story:classification:gcp_movement:competitionId:285023:number_of_involvements:rank_asc:page:4
356532,285023_20014,Chancel Mbemba,Congo DR,DF,35,2,1,32,12,23,0,11,35,340,movement,urn:gd:story:classification:gcp_movement:competitionId:285023:number_of_involvements:rank_asc:page:4,urn:gd:story:classification:gcp_movement:competitionId:285023:number_of_involvements:rank_asc:page:4
441088,285023_43934,Nicolas Seiwald,Austria,MF,138,14,45,79,96,42,1,10,57,339,movement,urn:gd:story:classification:gcp_movement:competitionId:285023:number_of_involvements:rank_asc:page:4,urn:gd:story:classification:gcp_movement:competitionId:285023:number_of_involvements:rank_asc:page:4
385259,285023_43934,Konrad Laimer,Austria,MF,167,57,78,32,76,91,10,42,113,336,movement,urn:gd:story:classification:gcp_movement:competitionId:285023:number_of_involvements:rank_asc:page:4,urn:gd:story:classification:gcp_movement:competitionId:285023:number_of_involvements:rank_asc:page:4
359381,285023_43938,Ivan Perisic,Croatia,FW,135,67,47,21,34,101,10,44,57,335,movement,urn:gd:story:classification:gcp_movement:competitionId:285023:number_of_involvements:rank_asc:page:4,urn:gd:story:classification:gcp_movement:competitionId:285023:number_of_involvements:rank_asc:page:4
433469,285023_43855,Mohanad Lashin,Egypt,MF,97,2,20,75,48,49,1,11,47,333,movement,urn:gd:story:classification:gcp_movement:competitionId:285023:number_of_involvements:rank_asc:page:4,urn:gd:story:classification:gcp_movement:competitionId:285023:number_of_involvements:rank_asc:page:4
441170,285023_43995,Ladislav Krejci,Czechia,DF,44,4,3,37,18,26,1,9,43,333,movement,urn:gd:story:classification:gcp_movement:competitionId:285023:number_of_involvements:rank_asc:page:4,urn:gd:story:classification:gcp_movement:competitionId:285023:number_of_involvements:rank_asc:page:4
400514,285023_43819,Ao Tanaka,Japan,MF,119,2,33,84,103,16,0,7,38,331,movement,urn:gd:story:classification:gcp_movement:competitionId:285023:number_of_involvements:rank_asc:page:4,urn:gd:story:classification:gcp_movement:competitionId:285023:number_of_involvements:rank_asc:page:4
448214,285023_43921,Malik Tillman,USA,MF,107,23,60,24,71,36,7,61,95,330,movement,urn:gd:story:classification:gcp_movement:competitionId:285023:number_of_involvements:rank_asc:page:4,urn:gd:story:classification:gcp_movement:competitionId:285023:number_of_involvements:rank_asc:page:4
433097,285023_43942,Declan Rice,England,MF,103,25,35,43,65,38,3,23,71,330,movement,urn:gd:story:classification:gcp_movement:competitionId:285023:number_of_involvements:rank_asc:page:4,urn:gd:story:classification:gcp_movement:competitionId:285023:number_of_involvements:rank_asc:page:4
403585,285023_43911,Roberto Alvarado,Mexico,FW,143,45,73,25,59,84,3,54,75,329,movement,urn:gd:story:classification:gcp_movement:competitionId:285023:number_of_involvements:rank_asc:page:4,urn:gd:story:classification:gcp_movement:competitionId:285023:number_of_involvements:rank_asc:page:4
448202,285023_43942,Jude Bellingham,England,MF,310,75,168,67,238,72,7,53,104,327,movement,urn:gd:story:classification:gcp_movement:competitionId:285023:number_of_involvements:rank_asc:page:4,urn:gd:story:classification:gcp_movement:competitionId:285023:number_of_involvements:rank_asc:page:4
483505,285023_43961,David Moller Wolfe,Norway,DF,88,21,42,25,38,50,1,18,59,325,movement,urn:gd:story:classification:gcp_movement:competitionId:285023:number_of_involvements:rank_asc:page:4,urn:gd:story:classification:gcp_movement:competitionId:285023:number_of_involvements:rank_asc:page:4
379942,285023_43843,Riyad Mahrez,Algeria,FW,161,83,59,19,62,99,4,51,73,325,movement,urn:gd:story:classification:gcp_movement:competitionId:285023:number_of_involvements:rank_asc:page:4,urn:gd:story:classification:gcp_movement:competitionId:285023:number_of_involvements:rank_asc:page:4
358241,285023_43934,Marcel Sabitzer,Austria,MF,121,47,66,8,48,73,7,80,76,324,movement,urn:gd:story:classification:gcp_movement:competitionId:285023:number_of_involvements:rank_asc:page:4,urn:gd:story:classification:gcp_movement:competitionId:285023:number_of_involvements:rank_asc:page:4
369089,285023_43860,Thomas Partey,Ghana,MF,40,0,8,32,33,7,0,8,31,324,movement,urn:gd:story:classification:gcp_movement:competitionId:285023:number_of_involvements:rank_asc:page:4,urn:gd:story:classification:gcp_movement:competitionId:285023:number_of_involvements:rank_asc:page:4
484022,285023_44037,Tarik Muharemovic,Bosnia and Herzegovina,DF,11,0,1,10,5,6,0,2,23,324,movement,urn:gd:story:classification:gcp_movement:competitionId:285023:number_of_involvements:rank_asc:page:4,urn:gd:story:classification:gcp_movement:competitionId:285023:number_of_involvements:rank_asc:page:4
477825,285023_43854,Odilon Kossounou,Côte d'Ivoire,DF,8,1,0,7,3,5,0,0,22,323,movement,urn:gd:story:classification:gcp_movement:competitionId:285023:number_of_involvements:rank_asc:page:4,urn:gd:story:classification:gcp_movement:competitionId:285023:number_of_involvements:rank_asc:page:4
486268,285023_43854,Emmanuel Agbadou,Côte d'Ivoire,DF,31,0,6,25,17,14,0,5,31,323,movement,urn:gd:story:classification:gcp_movement:competitionId:285023:number_of_involvements:rank_asc:page:4,urn:gd:story:classification:gcp_movement:competitionId:285023:number_of_involvements:rank_asc:page:4
433667,285023_43938,Josip Stanisic,Croatia,DF,163,41,56,66,30,133,3,22,51,322,movement,urn:gd:story:classification:gcp_movement:competitionId:285023:number_of_involvements:rank_asc:page:4,urn:gd:story:classification:gcp_movement:competitionId:285023:number_of_involvements:rank_asc:page:4
356956,285023_43872,Yassine Bounou,Morocco,GK,30,0,0,30,16,14,0,0,7,321,movement,urn:gd:story:classification:gcp_movement:competitionId:285023:number_of_involvements:rank_asc:page:4,urn:gd:story:classification:gcp_movement:competitionId:285023:number_of_involvements:rank_asc:page:4
433076,285023_20014,Samuel Moutoussamy,Congo DR,MF,146,8,79,59,109,37,1,14,62,320,movement,urn:gd:story:classification:gcp_movement:competitionId:285023:number_of_involvements:rank_asc:page:4,urn:gd:story:classification:gcp_movement:competitionId:285023:number_of_involvements:rank_asc:page:4
373235,285023_43961,Orjan Nyland,Norway,GK,29,0,0,29,18,11,0,0,1,318,movement,urn:gd:story:classification:gcp_movement:competitionId:285023:number_of_involvements:rank_asc:page:4,urn:gd:story:classification:gcp_movement:competitionId:285023:number_of_involvements:rank_asc:page:4
489521,285023_44037,Stjepan Radeljic,Bosnia and Herzegovina,DF,7,0,0,7,3,4,0,1,21,318,movement,urn:gd:story:classification:gcp_movement:competitionId:285023:number_of_involvements:rank_asc:page:4,urn:gd:story:classification:gcp_movement:competitionId:285023:number_of_involvements:rank_asc:page:4
402817,285023_43822,Paik Seungho,Korea Republic,MF,134,4,43,87,92,42,1,10,67,317,movement,urn:gd:story:classification:gcp_movement:competitionId:285023:number_of_involvements:rank_asc:page:4,urn:gd:story:classification:gcp_movement:competitionId:285023:number_of_involvements:rank_asc:page:4
514166,285023_43935,Nathan Ngoy,Belgium,DF,9,0,0,9,7,2,0,0,21,316,movement,urn:gd:story:classification:gcp_movement:competitionId:285023:number_of_involvements:rank_asc:page:4,urn:gd:story:classification:gcp_movement:competitionId:285023:number_of_involvements:rank_asc:page:4
401339,285023_43967,Andy Robertson,Scotland,DF,59,17,27,15,8,51,2,24,42,316,movement,urn:gd:story:classification:gcp_movement:competitionId:285023:number_of_involvements:rank_asc:page:4,urn:gd:story:classification:gcp_movement:competitionId:285023:number_of_involvements:rank_asc:page:4
403063,285023_20014,Axel Tuanzebe,Congo DR,DF,48,2,5,41,30,18,0,0,49,314,movement,urn:gd:story:classification:gcp_movement:competitionId:285023:number_of_involvements:rank_asc:page:4,urn:gd:story:classification:gcp_movement:competitionId:285023:number_of_involvements:rank_asc:page:4
481183,285023_43818,Akam Hashim,Iraq,DF,20,1,2,17,6,14,1,1,25,313,movement,urn:gd:story:classification:gcp_movement:competitionId:285023:number_of_involvements:rank_asc:page:4,urn:gd:story:classification:gcp_movement:competitionId:285023:number_of_involvements:rank_asc:page:4
407343,285023_43854,Ghislain Konan,Côte d'Ivoire,DF,62,19,25,18,14,48,5,13,60,313,movement,urn:gd:story:classification:gcp_movement:competitionId:285023:number_of_involvements:rank_asc:page:4,urn:gd:story:classification:gcp_movement:competitionId:285023:number_of_involvements:rank_asc:page:4
492363,285023_43948,Felix Nmecha,Germany,MF,113,38,47,28,73,40,3,26,66,313,movement,urn:gd:story:classification:gcp_movement:competitionId:285023:number_of_involvements:rank_asc:page:4,urn:gd:story:classification:gcp_movement:competitionId:285023:number_of_involvements:rank_asc:page:4
430144,285023_43969,Pedro Porro,Spain,DF,90,24,43,23,21,69,4,33,65,311,movement,urn:gd:story:classification:gcp_movement:competitionId:285023:number_of_involvements:rank_asc:page:4,urn:gd:story:classification:gcp_movement:competitionId:285023:number_of_involvements:rank_asc:page:4
463580,285023_43978,Finn Surman,New Zealand,DF,60,0,0,60,21,39,0,4,24,310,movement,urn:gd:story:classification:gcp_movement:competitionId:285023:number_of_involvements:rank_asc:page:4,urn:gd:story:classification:gcp_movement:competitionId:285023:number_of_involvements:rank_asc:page:4
382739,285023_43969,Marcos Llorente,Spain,DF,53,19,14,20,12,41,3,22,33,309,movement,urn:gd:story:classification:gcp_movement:competitionId:285023:number_of_involvements:rank_asc:page:4,urn:gd:story:classification:gcp_movement:competitionId:285023:number_of_involvements:rank_asc:page:4
390181,285023_43978,Joe Bell,New Zealand,MF,94,0,49,45,69,25,0,8,47,309,movement,urn:gd:story:classification:gcp_movement:competitionId:285023:number_of_involvements:rank_asc:page:4,urn:gd:story:classification:gcp_movement:competitionId:285023:number_of_involvements:rank_asc:page:4
484320,285023_43969,Lamine Yamal,Spain,FW,122,49,61,12,31,91,13,91,98,308,movement,urn:gd:story:classification:gcp_movement:competitionId:285023:number_of_involvements:rank_asc:page:4,urn:gd:story:classification:gcp_movement:competitionId:285023:number_of_involvements:rank_asc:page:4
430176,285023_43960,Ryan Gravenberch,Netherlands,MF,130,29,62,39,89,41,3,32,87,308,movement,urn:gd:story:classification:gcp_movement:competitionId:285023:number_of_involvements:rank_asc:page:5,urn:gd:story:classification:gcp_movement:competitionId:285023:number_of_involvements:rank_asc:page:5
431200,285023_43926,Daniel Munoz,Colombia,DF,268,108,87,73,35,233,7,30,33,308,movement,urn:gd:story:classification:gcp_movement:competitionId:285023:number_of_involvements:rank_asc:page:5,urn:gd:story:classification:gcp_movement:competitionId:285023:number_of_involvements:rank_asc:page:5
395050,285023_43883,Aubrey Modiba,South Africa,DF,96,27,48,21,19,77,2,26,54,308,movement,urn:gd:story:classification:gcp_movement:competitionId:285023:number_of_involvements:rank_asc:page:5,urn:gd:story:classification:gcp_movement:competitionId:285023:number_of_involvements:rank_asc:page:5
441257,285023_43899,Jonathan David,Canada,FW,209,64,117,28,133,76,11,93,97,307,movement,urn:gd:story:classification:gcp_movement:competitionId:285023:number_of_involvements:rank_asc:page:5,urn:gd:story:classification:gcp_movement:competitionId:285023:number_of_involvements:rank_asc:page:5
464842,285023_43879,Lamine Camara,Senegal,MF,141,32,63,46,101,40,2,25,98,307,movement,urn:gd:story:classification:gcp_movement:competitionId:285023:number_of_involvements:rank_asc:page:5,urn:gd:story:classification:gcp_movement:competitionId:285023:number_of_involvements:rank_asc:page:5
484112,285023_43972,Kenan Yildiz,Türkiye,FW,84,38,28,18,30,54,2,92,128,307,movement,urn:gd:story:classification:gcp_movement:competitionId:285023:number_of_involvements:rank_asc:page:5,urn:gd:story:classification:gcp_movement:competitionId:285023:number_of_involvements:rank_asc:page:5
495349,285023_43935,Nicolas Raskin,Belgium,MF,116,5,33,78,77,39,0,6,28,306,movement,urn:gd:story:classification:gcp_movement:competitionId:285023:number_of_involvements:rank_asc:page:5,urn:gd:story:classification:gcp_movement:competitionId:285023:number_of_involvements:rank_asc:page:5
418975,285023_43922,Thiago Almada,Argentina,FW,156,37,82,37,116,40,1,43,84,305,movement,urn:gd:story:classification:gcp_movement:competitionId:285023:number_of_involvements:rank_asc:page:5,urn:gd:story:classification:gcp_movement:competitionId:285023:number_of_involvements:rank_asc:page:5
511015,285023_43948,Nathaniel Brown,Germany,DF,152,60,55,37,62,90,8,41,65,304,movement,urn:gd:story:classification:gcp_movement:competitionId:285023:number_of_involvements:rank_asc:page:5,urn:gd:story:classification:gcp_movement:competitionId:285023:number_of_involvements:rank_asc:page:5
448363,285023_43908,Hannes Delcroix,Haiti,DF,11,0,2,9,3,8,0,0,16,302,movement,urn:gd:story:classification:gcp_movement:competitionId:285023:number_of_involvements:rank_asc:page:5,urn:gd:story:classification:gcp_movement:competitionId:285023:number_of_involvements:rank_asc:page:5
385531,285023_43934,Xaver Schlager,Austria,MF,112,2,48,62,92,20,0,8,61,301,movement,urn:gd:story:classification:gcp_movement:competitionId:285023:number_of_involvements:rank_asc:page:5,urn:gd:story:classification:gcp_movement:competitionId:285023:number_of_involvements:rank_asc:page:5
418548,285023_43963,Pedro Neto,Portugal,FW,146,70,61,15,42,104,8,63,61,300,movement,urn:gd:story:classification:gcp_movement:competitionId:285023:number_of_involvements:rank_asc:page:5,urn:gd:story:classification:gcp_movement:competitionId:285023:number_of_involvements:rank_asc:page:5
389784,285023_43927,Alan Franco,Ecuador,MF,48,11,11,26,14,34,2,7,31,300,movement,urn:gd:story:classification:gcp_movement:competitionId:285023:number_of_involvements:rank_asc:page:5,urn:gd:story:classification:gcp_movement:competitionId:285023:number_of_involvements:rank_asc:page:5
430697,285023_43908,Jean Ricner Bellegarde,Haiti,MF,109,8,53,48,82,27,0,17,58,299,movement,urn:gd:story:classification:gcp_movement:competitionId:285023:number_of_involvements:rank_asc:page:5,urn:gd:story:classification:gcp_movement:competitionId:285023:number_of_involvements:rank_asc:page:5
364752,285023_43850,Vozinha,Cabo Verde,GK,35,0,0,35,19,16,0,0,7,299,movement,urn:gd:story:classification:gcp_movement:competitionId:285023:number_of_involvements:rank_asc:page:5,urn:gd:story:classification:gcp_movement:competitionId:285023:number_of_involvements:rank_asc:page:5
479072,285023_43818,Merchas Doski,Iraq,DF,88,15,45,28,22,66,1,11,58,298,movement,urn:gd:story:classification:gcp_movement:competitionId:285023:number_of_involvements:rank_asc:page:5,urn:gd:story:classification:gcp_movement:competitionId:285023:number_of_involvements:rank_asc:page:5
448825,285023_43879,Pathe Ciss,Senegal,MF,31,0,5,26,24,7,0,2,17,298,movement,urn:gd:story:classification:gcp_movement:competitionId:285023:number_of_involvements:rank_asc:page:5,urn:gd:story:classification:gcp_movement:competitionId:285023:number_of_involvements:rank_asc:page:5
448107,285023_43971,Gregor Kobel,Switzerland,GK,31,0,0,31,20,11,0,0,2,298,movement,urn:gd:story:classification:gcp_movement:competitionId:285023:number_of_involvements:rank_asc:page:5,urn:gd:story:classification:gcp_movement:competitionId:285023:number_of_involvements:rank_asc:page:5
346743,285023_43817,Shoja Khalilzadeh,IR Iran,DF,32,0,1,31,22,10,0,3,17,297,movement,urn:gd:story:classification:gcp_movement:competitionId:285023:number_of_involvements:rank_asc:page:5,urn:gd:story:classification:gcp_movement:competitionId:285023:number_of_involvements:rank_asc:page:5
441623,285023_43930,Manuel Ugarte,Uruguay,MF,93,1,20,72,73,20,0,4,61,296,movement,urn:gd:story:classification:gcp_movement:competitionId:285023:number_of_involvements:rank_asc:page:5,urn:gd:story:classification:gcp_movement:competitionId:285023:number_of_involvements:rank_asc:page:5
336022,285023_43942,Jordan Pickford,England,GK,38,0,0,38,26,12,0,0,5,296,movement,urn:gd:story:classification:gcp_movement:competitionId:285023:number_of_involvements:rank_asc:page:5,urn:gd:story:classification:gcp_movement:competitionId:285023:number_of_involvements:rank_asc:page:5
483442,285023_43961,Patrick Berg,Norway,MF,101,19,43,39,69,32,0,19,46,295,movement,urn:gd:story:classification:gcp_movement:competitionId:285023:number_of_involvements:rank_asc:page:5,urn:gd:story:classification:gcp_movement:competitionId:285023:number_of_involvements:rank_asc:page:5
372243,285023_43934,Philipp Lienhart,Austria,DF,21,0,1,20,10,11,0,1,18,295,movement,urn:gd:story:classification:gcp_movement:competitionId:285023:number_of_involvements:rank_asc:page:5,urn:gd:story:classification:gcp_movement:competitionId:285023:number_of_involvements:rank_asc:page:5
485066,285023_43938,Petar Sucic,Croatia,MF,164,44,73,47,98,66,6,43,62,294,movement,urn:gd:story:classification:gcp_movement:competitionId:285023:number_of_involvements:rank_asc:page:5,urn:gd:story:classification:gcp_movement:competitionId:285023:number_of_involvements:rank_asc:page:5
464114,285023_43946,Desire Doue,France,FW,126,40,54,32,41,85,10,50,48,294,movement,urn:gd:story:classification:gcp_movement:competitionId:285023:number_of_involvements:rank_asc:page:5,urn:gd:story:classification:gcp_movement:competitionId:285023:number_of_involvements:rank_asc:page:5
275917,285023_43908,Ricardo Ade,Haiti,DF,13,1,0,12,10,3,0,2,22,293,movement,urn:gd:story:classification:gcp_movement:competitionId:285023:number_of_involvements:rank_asc:page:5,urn:gd:story:classification:gcp_movement:competitionId:285023:number_of_involvements:rank_asc:page:5
466340,285023_1895293,Leandro Bacuna,Curaçao,MF,62,5,33,24,41,21,0,24,60,291,movement,urn:gd:story:classification:gcp_movement:competitionId:285023:number_of_involvements:rank_asc:page:5,urn:gd:story:classification:gcp_movement:competitionId:285023:number_of_involvements:rank_asc:page:5
411367,285023_43948,Kai Havertz,Germany,FW,204,95,88,21,127,77,8,80,78,290,movement,urn:gd:story:classification:gcp_movement:competitionId:285023:number_of_involvements:rank_asc:page:5,urn:gd:story:classification:gcp_movement:competitionId:285023:number_of_involvements:rank_asc:page:5
433378,285023_43888,Hannibal Mejbri,Tunisia,MF,150,25,93,32,73,77,3,30,75,289,movement,urn:gd:story:classification:gcp_movement:competitionId:285023:number_of_involvements:rank_asc:page:5,urn:gd:story:classification:gcp_movement:competitionId:285023:number_of_involvements:rank_asc:page:5
390475,285023_43883,Sphephelo Sithole,South Africa,MF,115,3,48,64,85,30,0,11,47,288,movement,urn:gd:story:classification:gcp_movement:competitionId:285023:number_of_involvements:rank_asc:page:5,urn:gd:story:classification:gcp_movement:competitionId:285023:number_of_involvements:rank_asc:page:5
429642,285023_43948,Jamal Musiala,Germany,MF,180,32,113,35,121,59,6,65,131,288,movement,urn:gd:story:classification:gcp_movement:competitionId:285023:number_of_involvements:rank_asc:page:5,urn:gd:story:classification:gcp_movement:competitionId:285023:number_of_involvements:rank_asc:page:5
430753,285023_43969,Unai Simon,Spain,GK,64,0,0,64,44,20,0,0,2,287,movement,urn:gd:story:classification:gcp_movement:competitionId:285023:number_of_involvements:rank_asc:page:5,urn:gd:story:classification:gcp_movement:competitionId:285023:number_of_involvements:rank_asc:page:5
479294,285023_43819,Kaishu Sano,Japan,MF,124,6,39,79,93,31,2,6,42,287,movement,urn:gd:story:classification:gcp_movement:competitionId:285023:number_of_involvements:rank_asc:page:5,urn:gd:story:classification:gcp_movement:competitionId:285023:number_of_involvements:rank_asc:page:5
426357,285023_20014,Aaron Wan Bissaka,Congo DR,DF,141,58,48,35,39,102,5,19,54,287,movement,urn:gd:story:classification:gcp_movement:competitionId:285023:number_of_involvements:rank_asc:page:5,urn:gd:story:classification:gcp_movement:competitionId:285023:number_of_involvements:rank_asc:page:5
423522,285023_43976,Jordan Bos,Australia,DF,76,27,37,12,26,50,7,41,93,286,movement,urn:gd:story:classification:gcp_movement:competitionId:285023:number_of_involvements:rank_asc:page:5,urn:gd:story:classification:gcp_movement:competitionId:285023:number_of_involvements:rank_asc:page:5
514208,285023_43854,Christ Inao Oulai,Côte d'Ivoire,MF,76,1,36,39,37,39,0,22,58,286,movement,urn:gd:story:classification:gcp_movement:competitionId:285023:number_of_involvements:rank_asc:page:5,urn:gd:story:classification:gcp_movement:competitionId:285023:number_of_involvements:rank_asc:page:5
385306,285023_43928,Andres Cubas,Paraguay,MF,57,0,20,37,48,9,0,7,56,285,movement,urn:gd:story:classification:gcp_movement:competitionId:285023:number_of_involvements:rank_asc:page:5,urn:gd:story:classification:gcp_movement:competitionId:285023:number_of_involvements:rank_asc:page:5
344654,285023_43855,Mohamed Salah,Egypt,FW,154,57,82,15,84,70,5,77,74,283,movement,urn:gd:story:classification:gcp_movement:competitionId:285023:number_of_involvements:rank_asc:page:5,urn:gd:story:classification:gcp_movement:competitionId:285023:number_of_involvements:rank_asc:page:5
395516,285023_43911,Cesar Montes,Mexico,DF,13,2,0,11,6,7,0,3,20,282,movement,urn:gd:story:classification:gcp_movement:competitionId:285023:number_of_involvements:rank_asc:page:5,urn:gd:story:classification:gcp_movement:competitionId:285023:number_of_involvements:rank_asc:page:5
430718,285023_43969,Fabian Ruiz,Spain,MF,142,22,60,60,92,50,2,18,36,282,movement,urn:gd:story:classification:gcp_movement:competitionId:285023:number_of_involvements:rank_asc:page:5,urn:gd:story:classification:gcp_movement:competitionId:285023:number_of_involvements:rank_asc:page:5
483276,285023_43970,Gabriel Gudmundsson,Sweden,DF,51,10,10,31,10,41,1,11,44,282,movement,urn:gd:story:classification:gcp_movement:competitionId:285023:number_of_involvements:rank_asc:page:5,urn:gd:story:classification:gcp_movement:competitionId:285023:number_of_involvements:rank_asc:page:5
483496,285023_43961,Julian Ryerson,Norway,FW,10,2,8,0,2,8,1,14,34,281,movement,urn:gd:story:classification:gcp_movement:competitionId:285023:number_of_involvements:rank_asc:page:5,urn:gd:story:classification:gcp_movement:competitionId:285023:number_of_involvements:rank_asc:page:5
402884,285023_43930,Federico Valverde,Uruguay,MF,82,24,33,25,37,45,3,32,60,281,movement,urn:gd:story:classification:gcp_movement:competitionId:285023:number_of_involvements:rank_asc:page:5,urn:gd:story:classification:gcp_movement:competitionId:285023:number_of_involvements:rank_asc:page:5
418963,285023_43922,Facundo Medina,Argentina,DF,124,41,33,50,25,99,5,19,41,281,movement,urn:gd:story:classification:gcp_movement:competitionId:285023:number_of_involvements:rank_asc:page:5,urn:gd:story:classification:gcp_movement:competitionId:285023:number_of_involvements:rank_asc:page:5
308370,285023_43924,Alisson,Brazil,GK,16,0,0,16,11,5,0,0,0,280,movement,urn:gd:story:classification:gcp_movement:competitionId:285023:number_of_involvements:rank_asc:page:5,urn:gd:story:classification:gcp_movement:competitionId:285023:number_of_involvements:rank_asc:page:5
424422,285023_43928,Matias Galarza,Paraguay,MF,87,24,47,16,35,52,3,35,80,280,movement,urn:gd:story:classification:gcp_movement:competitionId:285023:number_of_involvements:rank_asc:page:5,urn:gd:story:classification:gcp_movement:competitionId:285023:number_of_involvements:rank_asc:page:5
310116,285023_43922,Nicolas Otamendi,Argentina,DF,20,0,0,20,8,12,0,1,16,279,movement,urn:gd:story:classification:gcp_movement:competitionId:285023:number_of_involvements:rank_asc:page:5,urn:gd:story:classification:gcp_movement:competitionId:285023:number_of_involvements:rank_asc:page:5
355775,285023_43976,Jackson Irvine,Australia,MF,100,19,43,38,69,31,2,25,67,279,movement,urn:gd:story:classification:gcp_movement:competitionId:285023:number_of_involvements:rank_asc:page:5,urn:gd:story:classification:gcp_movement:competitionId:285023:number_of_involvements:rank_asc:page:5
482978,285023_44037,Nikola Vasilj,Bosnia and Herzegovina,GK,18,0,0,18,13,5,0,0,11,279,movement,urn:gd:story:classification:gcp_movement:competitionId:285023:number_of_involvements:rank_asc:page:5,urn:gd:story:classification:gcp_movement:competitionId:285023:number_of_involvements:rank_asc:page:5
483497,285023_43961,Fredrik Aursnes,Norway,MF,126,30,54,42,67,59,1,17,41,279,movement,urn:gd:story:classification:gcp_movement:competitionId:285023:number_of_involvements:rank_asc:page:5,urn:gd:story:classification:gcp_movement:competitionId:285023:number_of_involvements:rank_asc:page:5
448332,285023_43946,Mike Maignan,France,GK,27,0,0,27,17,10,0,0,5,279,movement,urn:gd:story:classification:gcp_movement:competitionId:285023:number_of_involvements:rank_asc:page:6,urn:gd:story:classification:gcp_movement:competitionId:285023:number_of_involvements:rank_asc:page:6
429157,285023_43911,Julian Quinones,Mexico,FW,202,83,97,22,100,102,5,66,120,278,movement,urn:gd:story:classification:gcp_movement:competitionId:285023:number_of_involvements:rank_asc:page:6,urn:gd:story:classification:gcp_movement:competitionId:285023:number_of_involvements:rank_asc:page:6
360642,285023_43926,Camilo Vargas,Colombia,GK,41,0,0,41,22,19,0,0,2,278,movement,urn:gd:story:classification:gcp_movement:competitionId:285023:number_of_involvements:rank_asc:page:6,urn:gd:story:classification:gcp_movement:competitionId:285023:number_of_involvements:rank_asc:page:6
489688,285023_43970,Yasin Ayari,Sweden,MF,148,21,59,68,111,37,2,28,85,278,movement,urn:gd:story:classification:gcp_movement:competitionId:285023:number_of_involvements:rank_asc:page:6,urn:gd:story:classification:gcp_movement:competitionId:285023:number_of_involvements:rank_asc:page:6
441067,285023_43934,Stefan Posch,Austria,DF,96,30,47,19,13,83,4,26,88,274,movement,urn:gd:story:classification:gcp_movement:competitionId:285023:number_of_involvements:rank_asc:page:6,urn:gd:story:classification:gcp_movement:competitionId:285023:number_of_involvements:rank_asc:page:6
441179,285023_43972,Merih Demiral,Türkiye,DF,36,17,4,15,19,17,2,10,26,273,movement,urn:gd:story:classification:gcp_movement:competitionId:285023:number_of_involvements:rank_asc:page:6,urn:gd:story:classification:gcp_movement:competitionId:285023:number_of_involvements:rank_asc:page:6
430667,285023_43948,Nico Schlotterbeck,Germany,DF,22,0,1,21,5,17,0,6,33,272,movement,urn:gd:story:classification:gcp_movement:competitionId:285023:number_of_involvements:rank_asc:page:6,urn:gd:story:classification:gcp_movement:competitionId:285023:number_of_involvements:rank_asc:page:6
405522,285023_43819,Keito Nakamura,Japan,MF,155,52,85,18,32,123,4,56,72,272,movement,urn:gd:story:classification:gcp_movement:competitionId:285023:number_of_involvements:rank_asc:page:6,urn:gd:story:classification:gcp_movement:competitionId:285023:number_of_involvements:rank_asc:page:6
483312,285023_43970,Isak Hien,Sweden,DF,26,0,0,26,19,7,0,1,17,271,movement,urn:gd:story:classification:gcp_movement:competitionId:285023:number_of_involvements:rank_asc:page:6,urn:gd:story:classification:gcp_movement:competitionId:285023:number_of_involvements:rank_asc:page:6
368660,285023_43930,Guillermo Varela,Uruguay,DF,115,33,49,33,24,91,4,26,34,271,movement,urn:gd:story:classification:gcp_movement:competitionId:285023:number_of_involvements:rank_asc:page:6,urn:gd:story:classification:gcp_movement:competitionId:285023:number_of_involvements:rank_asc:page:6
479601,285023_43928,Juan Jose Caceres,Paraguay,DF,55,19,17,19,8,47,0,15,66,270,movement,urn:gd:story:classification:gcp_movement:competitionId:285023:number_of_involvements:rank_asc:page:6,urn:gd:story:classification:gcp_movement:competitionId:285023:number_of_involvements:rank_asc:page:6
419518,285023_43911,Erik Lira,Mexico,MF,113,2,53,58,85,28,1,11,36,270,movement,urn:gd:story:classification:gcp_movement:competitionId:285023:number_of_involvements:rank_asc:page:6,urn:gd:story:classification:gcp_movement:competitionId:285023:number_of_involvements:rank_asc:page:6
434026,285023_43818,Zidane Iqbal,Iraq,MF,114,0,61,53,92,22,0,8,28,268,movement,urn:gd:story:classification:gcp_movement:competitionId:285023:number_of_involvements:rank_asc:page:6,urn:gd:story:classification:gcp_movement:competitionId:285023:number_of_involvements:rank_asc:page:6
402261,285023_43854,Nicolas Pepe,Côte d'Ivoire,FW,136,51,64,21,88,48,8,59,57,267,movement,urn:gd:story:classification:gcp_movement:competitionId:285023:number_of_involvements:rank_asc:page:6,urn:gd:story:classification:gcp_movement:competitionId:285023:number_of_involvements:rank_asc:page:6
400634,285023_43911,Edson Alvarez,Mexico,DF,93,2,27,64,66,27,0,2,35,265,movement,urn:gd:story:classification:gcp_movement:competitionId:285023:number_of_involvements:rank_asc:page:6,urn:gd:story:classification:gcp_movement:competitionId:285023:number_of_involvements:rank_asc:page:6
402925,285023_43922,Nahuel Molina,Argentina,DF,122,45,52,25,24,98,3,29,51,265,movement,urn:gd:story:classification:gcp_movement:competitionId:285023:number_of_involvements:rank_asc:page:6,urn:gd:story:classification:gcp_movement:competitionId:285023:number_of_involvements:rank_asc:page:6
489603,285023_43817,Ali Nemati,IR Iran,DF,28,3,1,24,12,16,1,4,22,265,movement,urn:gd:story:classification:gcp_movement:competitionId:285023:number_of_involvements:rank_asc:page:6,urn:gd:story:classification:gcp_movement:competitionId:285023:number_of_involvements:rank_asc:page:6
447860,285023_43969,Alex Baena,Spain,MF,138,54,59,25,72,66,5,72,47,265,movement,urn:gd:story:classification:gcp_movement:competitionId:285023:number_of_involvements:rank_asc:page:6,urn:gd:story:classification:gcp_movement:competitionId:285023:number_of_involvements:rank_asc:page:6
430138,285023_43899,Tajon Buchanan,Canada,FW,95,55,34,6,25,70,14,73,97,262,movement,urn:gd:story:classification:gcp_movement:competitionId:285023:number_of_involvements:rank_asc:page:6,urn:gd:story:classification:gcp_movement:competitionId:285023:number_of_involvements:rank_asc:page:6
405920,285023_43927,John Yeboah,Ecuador,FW,114,39,55,20,43,71,3,52,86,262,movement,urn:gd:story:classification:gcp_movement:competitionId:285023:number_of_involvements:rank_asc:page:6,urn:gd:story:classification:gcp_movement:competitionId:285023:number_of_involvements:rank_asc:page:6
485070,285023_43911,Raul Rangel,Mexico,GK,59,1,0,58,40,19,0,0,7,261,movement,urn:gd:story:classification:gcp_movement:competitionId:285023:number_of_involvements:rank_asc:page:6,urn:gd:story:classification:gcp_movement:competitionId:285023:number_of_involvements:rank_asc:page:6
433074,285023_43818,Amir Alammari,Iraq,MF,80,5,35,40,49,31,1,6,40,261,movement,urn:gd:story:classification:gcp_movement:competitionId:285023:number_of_involvements:rank_asc:page:6,urn:gd:story:classification:gcp_movement:competitionId:285023:number_of_involvements:rank_asc:page:6
385031,285023_43914,Amir Murillo,Panama,DF,101,35,46,20,15,86,5,26,67,260,movement,urn:gd:story:classification:gcp_movement:competitionId:285023:number_of_involvements:rank_asc:page:6,urn:gd:story:classification:gcp_movement:competitionId:285023:number_of_involvements:rank_asc:page:6
402772,285023_43911,Jesus Gallardo,Mexico,DF,85,16,34,35,12,73,2,23,37,260,movement,urn:gd:story:classification:gcp_movement:competitionId:285023:number_of_involvements:rank_asc:page:6,urn:gd:story:classification:gcp_movement:competitionId:285023:number_of_involvements:rank_asc:page:6
485767,285023_43872,Redouane Halhal,Morocco,DF,13,0,0,13,1,12,0,0,37,260,movement,urn:gd:story:classification:gcp_movement:competitionId:285023:number_of_involvements:rank_asc:page:6,urn:gd:story:classification:gcp_movement:competitionId:285023:number_of_involvements:rank_asc:page:6
401894,285023_43850,Jamiro Monteiro,Cabo Verde,MF,105,12,73,20,69,36,0,17,65,259,movement,urn:gd:story:classification:gcp_movement:competitionId:285023:number_of_involvements:rank_asc:page:6,urn:gd:story:classification:gcp_movement:competitionId:285023:number_of_involvements:rank_asc:page:6
429608,285023_43822,Seol Youngwoo,Korea Republic,DF,86,42,38,6,42,44,9,40,58,258,movement,urn:gd:story:classification:gcp_movement:competitionId:285023:number_of_involvements:rank_asc:page:6,urn:gd:story:classification:gcp_movement:competitionId:285023:number_of_involvements:rank_asc:page:6
403289,285023_43819,Takehiro Tomiyasu,Japan,DF,37,0,7,30,8,29,1,0,10,258,movement,urn:gd:story:classification:gcp_movement:competitionId:285023:number_of_involvements:rank_asc:page:6,urn:gd:story:classification:gcp_movement:competitionId:285023:number_of_involvements:rank_asc:page:6
480310,285023_43914,Jiovany Ramos,Panama,DF,24,2,3,19,8,16,0,1,16,258,movement,urn:gd:story:classification:gcp_movement:competitionId:285023:number_of_involvements:rank_asc:page:6,urn:gd:story:classification:gcp_movement:competitionId:285023:number_of_involvements:rank_asc:page:6
448152,285023_43960,Cody Gakpo,Netherlands,FW,103,56,39,8,54,49,5,86,72,257,movement,urn:gd:story:classification:gcp_movement:competitionId:285023:number_of_involvements:rank_asc:page:6,urn:gd:story:classification:gcp_movement:competitionId:285023:number_of_involvements:rank_asc:page:6
439641,285023_43942,Reece James,England,DF,104,20,34,50,46,58,3,12,25,256,movement,urn:gd:story:classification:gcp_movement:competitionId:285023:number_of_involvements:rank_asc:page:6,urn:gd:story:classification:gcp_movement:competitionId:285023:number_of_involvements:rank_asc:page:6
228912,285023_43948,Manuel Neuer,Germany,GK,28,0,0,28,19,9,0,0,5,256,movement,urn:gd:story:classification:gcp_movement:competitionId:285023:number_of_involvements:rank_asc:page:6,urn:gd:story:classification:gcp_movement:competitionId:285023:number_of_involvements:rank_asc:page:6
520037,285023_43860,Derrick Luckassen,Ghana,DF,4,0,0,4,1,3,1,1,12,256,movement,urn:gd:story:classification:gcp_movement:competitionId:285023:number_of_involvements:rank_asc:page:6,urn:gd:story:classification:gcp_movement:competitionId:285023:number_of_involvements:rank_asc:page:6
424071,285023_43872,Anass Salah Eddine,Morocco,DF,32,11,5,16,5,27,3,8,52,255,movement,urn:gd:story:classification:gcp_movement:competitionId:285023:number_of_involvements:rank_asc:page:6,urn:gd:story:classification:gcp_movement:competitionId:285023:number_of_involvements:rank_asc:page:6
418729,285023_43914,Carlos Harvey,Panama,DF,94,10,45,39,63,31,3,23,57,255,movement,urn:gd:story:classification:gcp_movement:competitionId:285023:number_of_involvements:rank_asc:page:6,urn:gd:story:classification:gcp_movement:competitionId:285023:number_of_involvements:rank_asc:page:6
475036,285023_43924,Rayan,Brazil,FW,45,27,16,2,19,26,6,57,64,254,movement,urn:gd:story:classification:gcp_movement:competitionId:285023:number_of_involvements:rank_asc:page:6,urn:gd:story:classification:gcp_movement:competitionId:285023:number_of_involvements:rank_asc:page:6
336088,285023_43960,Nathan Ake,Netherlands,DF,28,1,5,22,5,23,0,3,17,253,movement,urn:gd:story:classification:gcp_movement:competitionId:285023:number_of_involvements:rank_asc:page:6,urn:gd:story:classification:gcp_movement:competitionId:285023:number_of_involvements:rank_asc:page:6
431230,285023_43820,Noor Alrawabdeh,Jordan,MF,85,4,35,46,63,22,0,10,69,253,movement,urn:gd:story:classification:gcp_movement:competitionId:285023:number_of_involvements:rank_asc:page:6,urn:gd:story:classification:gcp_movement:competitionId:285023:number_of_involvements:rank_asc:page:6
371348,285023_44005,Otabek Shukurov,Uzbekistan,MF,115,2,59,54,80,35,0,8,56,252,movement,urn:gd:story:classification:gcp_movement:competitionId:285023:number_of_involvements:rank_asc:page:6,urn:gd:story:classification:gcp_movement:competitionId:285023:number_of_involvements:rank_asc:page:6
472908,285023_43995,Vladimir Coufal,Czechia,DF,86,42,29,15,11,75,3,27,44,252,movement,urn:gd:story:classification:gcp_movement:competitionId:285023:number_of_involvements:rank_asc:page:6,urn:gd:story:classification:gcp_movement:competitionId:285023:number_of_involvements:rank_asc:page:6
494351,285023_43860,Jonas Adjetey,Ghana,DF,33,0,0,33,18,15,0,2,11,251,movement,urn:gd:story:classification:gcp_movement:competitionId:285023:number_of_involvements:rank_asc:page:6,urn:gd:story:classification:gcp_movement:competitionId:285023:number_of_involvements:rank_asc:page:6
484092,285023_43972,Ismail Yuksek,Türkiye,MF,48,7,11,30,35,13,2,4,33,249,movement,urn:gd:story:classification:gcp_movement:competitionId:285023:number_of_involvements:rank_asc:page:6,urn:gd:story:classification:gcp_movement:competitionId:285023:number_of_involvements:rank_asc:page:6
486080,285023_43995,Robin Hranac,Czechia,DF,11,2,1,8,6,5,0,1,13,249,movement,urn:gd:story:classification:gcp_movement:competitionId:285023:number_of_involvements:rank_asc:page:6,urn:gd:story:classification:gcp_movement:competitionId:285023:number_of_involvements:rank_asc:page:6
506329,285023_43942,Djed Spence,England,DF,108,29,36,43,26,82,7,12,37,249,movement,urn:gd:story:classification:gcp_movement:competitionId:285023:number_of_involvements:rank_asc:page:6,urn:gd:story:classification:gcp_movement:competitionId:285023:number_of_involvements:rank_asc:page:6
441313,285023_20014,Lionel Mpasi,Congo DR,GK,30,0,0,30,17,13,0,0,5,248,movement,urn:gd:story:classification:gcp_movement:competitionId:285023:number_of_involvements:rank_asc:page:6,urn:gd:story:classification:gcp_movement:competitionId:285023:number_of_involvements:rank_asc:page:6
371739,285023_43934,Alexander Schlager,Austria,GK,64,0,0,64,48,16,0,0,2,247,movement,urn:gd:story:classification:gcp_movement:competitionId:285023:number_of_involvements:rank_asc:page:6,urn:gd:story:classification:gcp_movement:competitionId:285023:number_of_involvements:rank_asc:page:6
463128,285023_43928,Diego Gomez,Paraguay,MF,84,10,43,31,58,26,0,21,63,247,movement,urn:gd:story:classification:gcp_movement:competitionId:285023:number_of_involvements:rank_asc:page:6,urn:gd:story:classification:gcp_movement:competitionId:285023:number_of_involvements:rank_asc:page:6
486150,285023_43860,Jerome Opoku,Ghana,DF,16,0,2,14,9,7,0,0,14,246,movement,urn:gd:story:classification:gcp_movement:competitionId:285023:number_of_involvements:rank_asc:page:6,urn:gd:story:classification:gcp_movement:competitionId:285023:number_of_involvements:rank_asc:page:6
448598,285023_43872,Ismael Saibari,Morocco,MF,298,151,117,30,182,116,9,67,94,246,movement,urn:gd:story:classification:gcp_movement:competitionId:285023:number_of_involvements:rank_asc:page:6,urn:gd:story:classification:gcp_movement:competitionId:285023:number_of_involvements:rank_asc:page:6
390541,285023_43819,Shogo Taniguchi,Japan,DF,28,1,2,25,17,11,1,0,20,245,movement,urn:gd:story:classification:gcp_movement:competitionId:285023:number_of_involvements:rank_asc:page:6,urn:gd:story:classification:gcp_movement:competitionId:285023:number_of_involvements:rank_asc:page:6
407993,285023_43835,Mohamed Kanno,Saudi Arabia,MF,33,4,15,14,29,4,1,27,56,244,movement,urn:gd:story:classification:gcp_movement:competitionId:285023:number_of_involvements:rank_asc:page:7,urn:gd:story:classification:gcp_movement:competitionId:285023:number_of_involvements:rank_asc:page:7
466838,285023_43908,Danley Jean Jacques,Haiti,MF,73,2,27,44,36,37,0,11,30,243,movement,urn:gd:story:classification:gcp_movement:competitionId:285023:number_of_involvements:rank_asc:page:7,urn:gd:story:classification:gcp_movement:competitionId:285023:number_of_involvements:rank_asc:page:7
489300,285023_43908,Martin Experience,Haiti,DF,116,41,45,30,32,84,1,25,47,243,movement,urn:gd:story:classification:gcp_movement:competitionId:285023:number_of_involvements:rank_asc:page:7,urn:gd:story:classification:gcp_movement:competitionId:285023:number_of_involvements:rank_asc:page:7
358122,285023_43935,Thomas Meunier,Belgium,DF,84,38,22,24,29,55,5,23,34,243,movement,urn:gd:story:classification:gcp_movement:competitionId:285023:number_of_involvements:rank_asc:page:7,urn:gd:story:classification:gcp_movement:competitionId:285023:number_of_involvements:rank_asc:page:7
371415,285023_44005,Rustam Ashurmatov,Uzbekistan,DF,21,0,0,21,2,19,0,0,22,243,movement,urn:gd:story:classification:gcp_movement:competitionId:285023:number_of_involvements:rank_asc:page:7,urn:gd:story:classification:gcp_movement:competitionId:285023:number_of_involvements:rank_asc:page:7
486147,285023_20014,Noah Sadiki,Congo DR,MF,148,9,96,43,109,39,0,20,47,242,movement,urn:gd:story:classification:gcp_movement:competitionId:285023:number_of_involvements:rank_asc:page:7,urn:gd:story:classification:gcp_movement:competitionId:285023:number_of_involvements:rank_asc:page:7
448140,285023_43960,Micky Van De Ven,Netherlands,DF,18,8,2,8,5,13,3,11,24,242,movement,urn:gd:story:classification:gcp_movement:competitionId:285023:number_of_involvements:rank_asc:page:7,urn:gd:story:classification:gcp_movement:competitionId:285023:number_of_involvements:rank_asc:page:7
358106,285023_43935,Thibaut Courtois,Belgium,GK,26,0,0,26,20,6,0,0,2,241,movement,urn:gd:story:classification:gcp_movement:competitionId:285023:number_of_involvements:rank_asc:page:7,urn:gd:story:classification:gcp_movement:competitionId:285023:number_of_involvements:rank_asc:page:7
504990,285023_44037,Kerim Alajbegovic,Bosnia and Herzegovina,FW,115,33,63,19,27,88,2,50,77,241,movement,urn:gd:story:classification:gcp_movement:competitionId:285023:number_of_involvements:rank_asc:page:7,urn:gd:story:classification:gcp_movement:competitionId:285023:number_of_involvements:rank_asc:page:7
419281,285023_43835,Saud Abdulhamid,Saudi Arabia,DF,44,25,12,7,12,32,9,15,50,241,movement,urn:gd:story:classification:gcp_movement:competitionId:285023:number_of_involvements:rank_asc:page:7,urn:gd:story:classification:gcp_movement:competitionId:285023:number_of_involvements:rank_asc:page:7
403319,285023_43835,Nasser Aldawsari,Saudi Arabia,MF,90,3,31,56,56,34,0,12,60,240,movement,urn:gd:story:classification:gcp_movement:competitionId:285023:number_of_involvements:rank_asc:page:7,urn:gd:story:classification:gcp_movement:competitionId:285023:number_of_involvements:rank_asc:page:7
398588,285023_43961,Alexander Sorloth,Norway,FW,79,37,41,1,25,54,3,48,57,240,movement,urn:gd:story:classification:gcp_movement:competitionId:285023:number_of_involvements:rank_asc:page:7,urn:gd:story:classification:gcp_movement:competitionId:285023:number_of_involvements:rank_asc:page:7
482774,285023_43938,Martin Baturina,Croatia,MF,119,40,62,17,59,60,3,53,74,240,movement,urn:gd:story:classification:gcp_movement:competitionId:285023:number_of_involvements:rank_asc:page:7,urn:gd:story:classification:gcp_movement:competitionId:285023:number_of_involvements:rank_asc:page:7
261367,285023_43978,Michael Boxall,New Zealand,DF,26,0,0,26,9,17,0,3,18,240,movement,urn:gd:story:classification:gcp_movement:competitionId:285023:number_of_involvements:rank_asc:page:7,urn:gd:story:classification:gcp_movement:competitionId:285023:number_of_involvements:rank_asc:page:7
401448,285023_43971,Denis Zakaria,Switzerland,MF,34,17,10,7,12,22,4,34,43,240,movement,urn:gd:story:classification:gcp_movement:competitionId:285023:number_of_involvements:rank_asc:page:7,urn:gd:story:classification:gcp_movement:competitionId:285023:number_of_involvements:rank_asc:page:7
463465,285023_43927,Joel Ordonez,Ecuador,DF,11,0,1,10,6,5,0,1,19,239,movement,urn:gd:story:classification:gcp_movement:competitionId:285023:number_of_involvements:rank_asc:page:7,urn:gd:story:classification:gcp_movement:competitionId:285023:number_of_involvements:rank_asc:page:7
400416,285023_43914,Edgar Yoel Barcenas,Panama,MF,120,9,66,45,86,34,1,13,49,239,movement,urn:gd:story:classification:gcp_movement:competitionId:285023:number_of_involvements:rank_asc:page:7,urn:gd:story:classification:gcp_movement:competitionId:285023:number_of_involvements:rank_asc:page:7
499912,285023_43921,Sebastian Berhalter,USA,MF,102,5,38,59,76,26,0,7,43,239,movement,urn:gd:story:classification:gcp_movement:competitionId:285023:number_of_involvements:rank_asc:page:7,urn:gd:story:classification:gcp_movement:competitionId:285023:number_of_involvements:rank_asc:page:7
494531,285023_43928,Orlando Gill,Paraguay,GK,16,0,0,16,12,4,0,0,7,238,movement,urn:gd:story:classification:gcp_movement:competitionId:285023:number_of_involvements:rank_asc:page:7,urn:gd:story:classification:gcp_movement:competitionId:285023:number_of_involvements:rank_asc:page:7
408042,285023_43946,Theo Hernandez,France,DF,42,19,15,8,18,24,1,10,26,238,movement,urn:gd:story:classification:gcp_movement:competitionId:285023:number_of_involvements:rank_asc:page:7,urn:gd:story:classification:gcp_movement:competitionId:285023:number_of_involvements:rank_asc:page:7
483966,285023_44037,Benjamin Tahirovic,Bosnia and Herzegovina,MF,99,5,42,52,69,30,2,8,47,238,movement,urn:gd:story:classification:gcp_movement:competitionId:285023:number_of_involvements:rank_asc:page:7,urn:gd:story:classification:gcp_movement:competitionId:285023:number_of_involvements:rank_asc:page:7
441258,285023_43899,Ismael Kone,Canada,MF,52,3,24,25,36,16,0,14,38,238,movement,urn:gd:story:classification:gcp_movement:competitionId:285023:number_of_involvements:rank_asc:page:7,urn:gd:story:classification:gcp_movement:competitionId:285023:number_of_involvements:rank_asc:page:7
331732,285023_43899,Maxime Crepeau,Canada,GK,14,0,0,14,9,5,0,0,6,237,movement,urn:gd:story:classification:gcp_movement:competitionId:285023:number_of_involvements:rank_asc:page:7,urn:gd:story:classification:gcp_movement:competitionId:285023:number_of_involvements:rank_asc:page:7
429095,285023_43855,Hamdy Fathy,Egypt,MF,36,3,4,29,17,19,0,8,27,237,movement,urn:gd:story:classification:gcp_movement:competitionId:285023:number_of_involvements:rank_asc:page:7,urn:gd:story:classification:gcp_movement:competitionId:285023:number_of_involvements:rank_asc:page:7
448343,285023_43935,Hans Vanaken,Belgium,MF,123,14,67,42,92,31,1,30,37,237,movement,urn:gd:story:classification:gcp_movement:competitionId:285023:number_of_involvements:rank_asc:page:7,urn:gd:story:classification:gcp_movement:competitionId:285023:number_of_involvements:rank_asc:page:7
424081,285023_43960,Bart Verbruggen,Netherlands,GK,28,0,0,28,22,6,0,0,0,237,movement,urn:gd:story:classification:gcp_movement:competitionId:285023:number_of_involvements:rank_asc:page:7,urn:gd:story:classification:gcp_movement:competitionId:285023:number_of_involvements:rank_asc:page:7
385067,285023_43834,Boualem Khoukhi,Qatar,DF,27,4,5,18,17,10,0,6,13,236,movement,urn:gd:story:classification:gcp_movement:competitionId:285023:number_of_involvements:rank_asc:page:7,urn:gd:story:classification:gcp_movement:competitionId:285023:number_of_involvements:rank_asc:page:7
405454,285023_43978,Elijah Just,New Zealand,MF,162,36,101,25,100,62,2,35,72,236,movement,urn:gd:story:classification:gcp_movement:competitionId:285023:number_of_involvements:rank_asc:page:7,urn:gd:story:classification:gcp_movement:competitionId:285023:number_of_involvements:rank_asc:page:7
430671,285023_43879,Ismail Jakobs,Senegal,DF,90,40,28,22,25,65,6,36,40,236,movement,urn:gd:story:classification:gcp_movement:competitionId:285023:number_of_involvements:rank_asc:page:7,urn:gd:story:classification:gcp_movement:competitionId:285023:number_of_involvements:rank_asc:page:7
433380,285023_43888,Montassar Talbi,Tunisia,DF,30,2,2,26,11,19,0,2,24,236,movement,urn:gd:story:classification:gcp_movement:competitionId:285023:number_of_involvements:rank_asc:page:7,urn:gd:story:classification:gcp_movement:competitionId:285023:number_of_involvements:rank_asc:page:7
466585,285023_43899,Moise Bombito,Canada,DF,38,2,1,35,19,19,1,1,22,236,movement,urn:gd:story:classification:gcp_movement:competitionId:285023:number_of_involvements:rank_asc:page:7,urn:gd:story:classification:gcp_movement:competitionId:285023:number_of_involvements:rank_asc:page:7
369029,285023_43938,Dominik Livakovic,Croatia,GK,5,0,0,5,2,3,0,0,8,235,movement,urn:gd:story:classification:gcp_movement:competitionId:285023:number_of_involvements:rank_asc:page:7,urn:gd:story:classification:gcp_movement:competitionId:285023:number_of_involvements:rank_asc:page:7
477832,285023_43850,Sidny Lopes Cabral,Cabo Verde,DF,83,18,48,17,12,71,2,16,54,234,movement,urn:gd:story:classification:gcp_movement:competitionId:285023:number_of_involvements:rank_asc:page:7,urn:gd:story:classification:gcp_movement:competitionId:285023:number_of_involvements:rank_asc:page:7
482974,285023_44037,Ivan Basic,Bosnia and Herzegovina,MF,77,2,22,53,58,19,0,7,37,234,movement,urn:gd:story:classification:gcp_movement:competitionId:285023:number_of_involvements:rank_asc:page:7,urn:gd:story:classification:gcp_movement:competitionId:285023:number_of_involvements:rank_asc:page:7
369749,285023_43928,Junior Alonso,Paraguay,DF,21,2,6,13,2,19,1,8,48,233,movement,urn:gd:story:classification:gcp_movement:competitionId:285023:number_of_involvements:rank_asc:page:7,urn:gd:story:classification:gcp_movement:competitionId:285023:number_of_involvements:rank_asc:page:7
504931,285023_43976,Lucas Herrington,Australia,DF,34,0,0,34,7,27,0,3,41,232,movement,urn:gd:story:classification:gcp_movement:competitionId:285023:number_of_involvements:rank_asc:page:7,urn:gd:story:classification:gcp_movement:competitionId:285023:number_of_involvements:rank_asc:page:7
489732,285023_43942,Noni Madueke,England,FW,143,64,62,17,32,111,15,56,39,232,movement,urn:gd:story:classification:gcp_movement:competitionId:285023:number_of_involvements:rank_asc:page:7,urn:gd:story:classification:gcp_movement:competitionId:285023:number_of_involvements:rank_asc:page:7
466350,285023_1895293,Sherel Floranus,Curaçao,DF,33,10,11,12,14,19,0,8,42,232,movement,urn:gd:story:classification:gcp_movement:competitionId:285023:number_of_involvements:rank_asc:page:7,urn:gd:story:classification:gcp_movement:competitionId:285023:number_of_involvements:rank_asc:page:7
419223,285023_43883,Oswin Appollis,South Africa,FW,209,85,102,22,102,107,2,46,83,231,movement,urn:gd:story:classification:gcp_movement:competitionId:285023:number_of_involvements:rank_asc:page:7,urn:gd:story:classification:gcp_movement:competitionId:285023:number_of_involvements:rank_asc:page:7
505097,285023_43872,Samir El Mourabet,Morocco,MF,50,10,21,19,34,16,0,13,35,231,movement,urn:gd:story:classification:gcp_movement:competitionId:285023:number_of_involvements:rank_asc:page:7,urn:gd:story:classification:gcp_movement:competitionId:285023:number_of_involvements:rank_asc:page:7
411658,285023_43888,Ellyes Skhiri,Tunisia,MF,63,2,18,43,53,10,0,7,20,230,movement,urn:gd:story:classification:gcp_movement:competitionId:285023:number_of_involvements:rank_asc:page:7,urn:gd:story:classification:gcp_movement:competitionId:285023:number_of_involvements:rank_asc:page:7
419134,285023_43930,Juan Manuel Sanabria,Uruguay,MF,102,64,29,9,28,74,7,30,53,230,movement,urn:gd:story:classification:gcp_movement:competitionId:285023:number_of_involvements:rank_asc:page:7,urn:gd:story:classification:gcp_movement:competitionId:285023:number_of_involvements:rank_asc:page:7
274281,285023_43822,Kim Seunggyu,Korea Republic,GK,38,0,0,38,27,11,0,0,7,230,movement,urn:gd:story:classification:gcp_movement:competitionId:285023:number_of_involvements:rank_asc:page:7,urn:gd:story:classification:gcp_movement:competitionId:285023:number_of_involvements:rank_asc:page:7
477827,285023_43850,Deroy Duarte,Cabo Verde,MF,56,11,29,16,41,15,1,14,51,228,movement,urn:gd:story:classification:gcp_movement:competitionId:285023:number_of_involvements:rank_asc:page:7,urn:gd:story:classification:gcp_movement:competitionId:285023:number_of_involvements:rank_asc:page:7
371736,285023_43817,Saeid Ezatolahi,IR Iran,MF,60,1,22,37,50,10,0,6,40,227,movement,urn:gd:story:classification:gcp_movement:competitionId:285023:number_of_involvements:rank_asc:page:7,urn:gd:story:classification:gcp_movement:competitionId:285023:number_of_involvements:rank_asc:page:7
308300,285023_43922,Emiliano Martinez,Argentina,GK,18,0,0,18,11,7,0,0,0,227,movement,urn:gd:story:classification:gcp_movement:competitionId:285023:number_of_involvements:rank_asc:page:7,urn:gd:story:classification:gcp_movement:competitionId:285023:number_of_involvements:rank_asc:page:7
430609,285023_43924,Matheus Cunha,Brazil,FW,165,47,85,33,131,34,2,37,66,226,movement,urn:gd:story:classification:gcp_movement:competitionId:285023:number_of_involvements:rank_asc:page:7,urn:gd:story:classification:gcp_movement:competitionId:285023:number_of_involvements:rank_asc:page:7
433787,285023_43967,Scott Mctominay,Scotland,MF,117,37,45,35,71,46,0,32,64,226,movement,urn:gd:story:classification:gcp_movement:competitionId:285023:number_of_involvements:rank_asc:page:7,urn:gd:story:classification:gcp_movement:competitionId:285023:number_of_involvements:rank_asc:page:7
433679,285023_43843,Ramiz Zerrouki,Algeria,MF,56,8,12,36,39,17,1,4,37,226,movement,urn:gd:story:classification:gcp_movement:competitionId:285023:number_of_involvements:rank_asc:page:7,urn:gd:story:classification:gcp_movement:competitionId:285023:number_of_involvements:rank_asc:page:7
477847,285023_43850,Steven Moreira,Cabo Verde,DF,56,10,35,11,14,42,0,11,39,226,movement,urn:gd:story:classification:gcp_movement:competitionId:285023:number_of_involvements:rank_asc:page:7,urn:gd:story:classification:gcp_movement:competitionId:285023:number_of_involvements:rank_asc:page:7
401470,285023_43942,Marcus Rashford,England,FW,120,70,37,13,30,90,13,58,63,226,movement,urn:gd:story:classification:gcp_movement:competitionId:285023:number_of_involvements:rank_asc:page:8,urn:gd:story:classification:gcp_movement:competitionId:285023:number_of_involvements:rank_asc:page:8
484860,285023_43946,Bradley Barcola,France,FW,87,49,24,14,41,46,10,70,64,226,movement,urn:gd:story:classification:gcp_movement:competitionId:285023:number_of_involvements:rank_asc:page:8,urn:gd:story:classification:gcp_movement:competitionId:285023:number_of_involvements:rank_asc:page:8
411301,285023_43967,Angus Gunn,Scotland,GK,21,0,0,21,15,6,0,0,3,224,movement,urn:gd:story:classification:gcp_movement:competitionId:285023:number_of_involvements:rank_asc:page:8,urn:gd:story:classification:gcp_movement:competitionId:285023:number_of_involvements:rank_asc:page:8
384797,285023_43817,Ramin Rezaeian,IR Iran,DF,151,29,67,55,19,132,3,19,43,223,movement,urn:gd:story:classification:gcp_movement:competitionId:285023:number_of_involvements:rank_asc:page:8,urn:gd:story:classification:gcp_movement:competitionId:285023:number_of_involvements:rank_asc:page:8
391646,285023_43819,Ritsu Doan,Japan,MF,97,42,41,14,45,52,2,44,65,222,movement,urn:gd:story:classification:gcp_movement:competitionId:285023:number_of_involvements:rank_asc:page:8,urn:gd:story:classification:gcp_movement:competitionId:285023:number_of_involvements:rank_asc:page:8
400511,285023_43819,Kou Itakura,Japan,DF,29,0,0,29,24,5,0,0,3,222,movement,urn:gd:story:classification:gcp_movement:competitionId:285023:number_of_involvements:rank_asc:page:8,urn:gd:story:classification:gcp_movement:competitionId:285023:number_of_involvements:rank_asc:page:8
494248,285023_43883,Thalente Mbatha,South Africa,MF,86,15,38,33,65,21,1,12,38,222,movement,urn:gd:story:classification:gcp_movement:competitionId:285023:number_of_involvements:rank_asc:page:8,urn:gd:story:classification:gcp_movement:competitionId:285023:number_of_involvements:rank_asc:page:8
433694,285023_43967,Nathan Patterson,Scotland,DF,55,10,19,26,10,45,0,10,21,222,movement,urn:gd:story:classification:gcp_movement:competitionId:285023:number_of_involvements:rank_asc:page:8,urn:gd:story:classification:gcp_movement:competitionId:285023:number_of_involvements:rank_asc:page:8
372436,285023_44037,Ivan Sunjic,Bosnia and Herzegovina,MF,57,0,13,44,41,16,0,5,41,221,movement,urn:gd:story:classification:gcp_movement:competitionId:285023:number_of_involvements:rank_asc:page:8,urn:gd:story:classification:gcp_movement:competitionId:285023:number_of_involvements:rank_asc:page:8
463283,285023_43934,Romano Schmid,Austria,MF,131,45,71,15,81,50,6,46,76,220,movement,urn:gd:story:classification:gcp_movement:competitionId:285023:number_of_involvements:rank_asc:page:8,urn:gd:story:classification:gcp_movement:competitionId:285023:number_of_involvements:rank_asc:page:8
386347,285023_43834,Akram Afif,Qatar,FW,83,23,54,6,42,41,2,40,69,217,movement,urn:gd:story:classification:gcp_movement:competitionId:285023:number_of_involvements:rank_asc:page:8,urn:gd:story:classification:gcp_movement:competitionId:285023:number_of_involvements:rank_asc:page:8
431202,285023_43928,Omar Alderete,Paraguay,DF,18,2,2,14,6,12,0,1,17,216,movement,urn:gd:story:classification:gcp_movement:competitionId:285023:number_of_involvements:rank_asc:page:8,urn:gd:story:classification:gcp_movement:competitionId:285023:number_of_involvements:rank_asc:page:8
405873,285023_43854,Yahia Fofana,Côte d'Ivoire,GK,17,0,0,17,12,5,0,0,3,216,movement,urn:gd:story:classification:gcp_movement:competitionId:285023:number_of_involvements:rank_asc:page:8,urn:gd:story:classification:gcp_movement:competitionId:285023:number_of_involvements:rank_asc:page:8
395321,285023_43819,Junya Ito,Japan,MF,143,36,86,21,80,63,4,45,54,215,movement,urn:gd:story:classification:gcp_movement:competitionId:285023:number_of_involvements:rank_asc:page:8,urn:gd:story:classification:gcp_movement:competitionId:285023:number_of_involvements:rank_asc:page:8
492358,285023_43963,Tomas Araujo,Portugal,DF,11,1,0,10,5,6,0,0,9,215,movement,urn:gd:story:classification:gcp_movement:competitionId:285023:number_of_involvements:rank_asc:page:8,urn:gd:story:classification:gcp_movement:competitionId:285023:number_of_involvements:rank_asc:page:8
511141,285023_1895293,Armando Obispo,Curaçao,DF,16,0,4,12,8,8,0,1,21,214,movement,urn:gd:story:classification:gcp_movement:competitionId:285023:number_of_involvements:rank_asc:page:8,urn:gd:story:classification:gcp_movement:competitionId:285023:number_of_involvements:rank_asc:page:8
406280,285023_43921,Sergino Dest,USA,DF,131,66,45,20,58,73,4,46,46,214,movement,urn:gd:story:classification:gcp_movement:competitionId:285023:number_of_involvements:rank_asc:page:8,urn:gd:story:classification:gcp_movement:competitionId:285023:number_of_involvements:rank_asc:page:8
464924,285023_44005,Abdukodir Khusanov,Uzbekistan,DF,16,2,1,13,7,9,0,1,31,214,movement,urn:gd:story:classification:gcp_movement:competitionId:285023:number_of_involvements:rank_asc:page:8,urn:gd:story:classification:gcp_movement:competitionId:285023:number_of_involvements:rank_asc:page:8
430750,285023_43969,Dani Olmo,Spain,FW,92,31,40,21,68,24,1,34,48,214,movement,urn:gd:story:classification:gcp_movement:competitionId:285023:number_of_involvements:rank_asc:page:8,urn:gd:story:classification:gcp_movement:competitionId:285023:number_of_involvements:rank_asc:page:8
479389,285023_43820,Mohannad Abutaha,Jordan,MF,76,25,36,15,19,57,2,25,64,213,movement,urn:gd:story:classification:gcp_movement:competitionId:285023:number_of_involvements:rank_asc:page:8,urn:gd:story:classification:gcp_movement:competitionId:285023:number_of_involvements:rank_asc:page:8
401889,285023_43879,Ismaila Sarr,Senegal,FW,127,68,51,8,96,31,7,73,102,213,movement,urn:gd:story:classification:gcp_movement:competitionId:285023:number_of_involvements:rank_asc:page:8,urn:gd:story:classification:gcp_movement:competitionId:285023:number_of_involvements:rank_asc:page:8
403312,285023_43835,Abdulelah Alamri,Saudi Arabia,DF,30,4,2,24,15,15,2,2,15,212,movement,urn:gd:story:classification:gcp_movement:competitionId:285023:number_of_involvements:rank_asc:page:8,urn:gd:story:classification:gcp_movement:competitionId:285023:number_of_involvements:rank_asc:page:8
431225,285023_43820,Yazan Alarab,Jordan,DF,17,1,5,11,9,8,0,0,24,212,movement,urn:gd:story:classification:gcp_movement:competitionId:285023:number_of_involvements:rank_asc:page:8,urn:gd:story:classification:gcp_movement:competitionId:285023:number_of_involvements:rank_asc:page:8
494626,285023_43961,Andreas Schjelderup,Norway,MF,67,17,43,7,15,52,2,42,37,212,movement,urn:gd:story:classification:gcp_movement:competitionId:285023:number_of_involvements:rank_asc:page:8,urn:gd:story:classification:gcp_movement:competitionId:285023:number_of_involvements:rank_asc:page:8
448131,285023_43971,Ruben Vargas,Switzerland,FW,73,54,16,3,29,44,6,67,37,212,movement,urn:gd:story:classification:gcp_movement:competitionId:285023:number_of_involvements:rank_asc:page:8,urn:gd:story:classification:gcp_movement:competitionId:285023:number_of_involvements:rank_asc:page:8
355642,285023_43850,Ryan Mendes,Cabo Verde,FW,151,52,84,15,50,101,0,35,51,211,movement,urn:gd:story:classification:gcp_movement:competitionId:285023:number_of_involvements:rank_asc:page:8,urn:gd:story:classification:gcp_movement:competitionId:285023:number_of_involvements:rank_asc:page:8
477470,285023_43961,Oscar Bobb,Norway,MF,75,15,54,6,27,48,3,41,35,210,movement,urn:gd:story:classification:gcp_movement:competitionId:285023:number_of_involvements:rank_asc:page:8,urn:gd:story:classification:gcp_movement:competitionId:285023:number_of_involvements:rank_asc:page:8
425607,285023_43888,Mohamed Amine Ben Hmida,Tunisia,DF,38,2,0,36,12,26,0,1,18,208,movement,urn:gd:story:classification:gcp_movement:competitionId:285023:number_of_involvements:rank_asc:page:8,urn:gd:story:classification:gcp_movement:competitionId:285023:number_of_involvements:rank_asc:page:8
494557,285023_43976,Patrick Beach,Australia,GK,16,0,0,16,8,8,0,0,1,208,movement,urn:gd:story:classification:gcp_movement:competitionId:285023:number_of_involvements:rank_asc:page:8,urn:gd:story:classification:gcp_movement:competitionId:285023:number_of_involvements:rank_asc:page:8
403596,285023_43911,Jorge Sanchez,Mexico,DF,95,32,30,33,23,72,2,16,25,207,movement,urn:gd:story:classification:gcp_movement:competitionId:285023:number_of_involvements:rank_asc:page:8,urn:gd:story:classification:gcp_movement:competitionId:285023:number_of_involvements:rank_asc:page:8
441261,285023_43911,Israel Reyes,Mexico,DF,51,7,12,32,9,42,1,2,28,206,movement,urn:gd:story:classification:gcp_movement:competitionId:285023:number_of_involvements:rank_asc:page:8,urn:gd:story:classification:gcp_movement:competitionId:285023:number_of_involvements:rank_asc:page:8
423941,285023_43899,Nathan Saliba,Canada,MF,51,4,13,34,32,19,2,8,40,206,movement,urn:gd:story:classification:gcp_movement:competitionId:285023:number_of_involvements:rank_asc:page:8,urn:gd:story:classification:gcp_movement:competitionId:285023:number_of_involvements:rank_asc:page:8
430476,285023_43855,Omar Marmoush,Egypt,FW,163,73,76,14,92,71,5,56,81,206,movement,urn:gd:story:classification:gcp_movement:competitionId:285023:number_of_involvements:rank_asc:page:8,urn:gd:story:classification:gcp_movement:competitionId:285023:number_of_involvements:rank_asc:page:8
359634,285023_43967,Grant Hanley,Scotland,DF,41,0,0,41,12,29,0,1,14,206,movement,urn:gd:story:classification:gcp_movement:competitionId:285023:number_of_involvements:rank_asc:page:8,urn:gd:story:classification:gcp_movement:competitionId:285023:number_of_involvements:rank_asc:page:8
201200,285023_43963,Cristiano Ronaldo,Portugal,FW,168,83,72,13,135,33,6,54,59,206,movement,urn:gd:story:classification:gcp_movement:competitionId:285023:number_of_involvements:rank_asc:page:8,urn:gd:story:classification:gcp_movement:competitionId:285023:number_of_involvements:rank_asc:page:8
433367,285023_43888,Omar Rekik,Tunisia,DF,25,0,9,16,2,23,0,7,22,205,movement,urn:gd:story:classification:gcp_movement:competitionId:285023:number_of_involvements:rank_asc:page:8,urn:gd:story:classification:gcp_movement:competitionId:285023:number_of_involvements:rank_asc:page:8
390196,285023_43978,Callum Mccowatt,New Zealand,MF,110,32,55,23,59,51,3,22,53,205,movement,urn:gd:story:classification:gcp_movement:competitionId:285023:number_of_involvements:rank_asc:page:8,urn:gd:story:classification:gcp_movement:competitionId:285023:number_of_involvements:rank_asc:page:8
433118,285023_43972,Orkun Kokcu,Türkiye,MF,105,20,48,37,73,32,2,23,41,204,movement,urn:gd:story:classification:gcp_movement:competitionId:285023:number_of_involvements:rank_asc:page:8,urn:gd:story:classification:gcp_movement:competitionId:285023:number_of_involvements:rank_asc:page:8
482976,285023_44037,Amar Dedic,Bosnia and Herzegovina,DF,56,23,19,14,11,45,1,3,40,204,movement,urn:gd:story:classification:gcp_movement:competitionId:285023:number_of_involvements:rank_asc:page:8,urn:gd:story:classification:gcp_movement:competitionId:285023:number_of_involvements:rank_asc:page:8
498421,285023_43976,Paul Okon Engstler,Australia,MF,52,1,26,25,34,18,0,6,41,204,movement,urn:gd:story:classification:gcp_movement:competitionId:285023:number_of_involvements:rank_asc:page:8,urn:gd:story:classification:gcp_movement:competitionId:285023:number_of_involvements:rank_asc:page:8
405530,285023_43819,Zion Suzuki,Japan,GK,20,0,0,20,14,6,0,0,1,204,movement,urn:gd:story:classification:gcp_movement:competitionId:285023:number_of_involvements:rank_asc:page:8,urn:gd:story:classification:gcp_movement:competitionId:285023:number_of_involvements:rank_asc:page:8
433534,285023_43820,Nizar Alrashdan,Jordan,MF,63,7,41,15,36,27,0,12,42,204,movement,urn:gd:story:classification:gcp_movement:competitionId:285023:number_of_involvements:rank_asc:page:8,urn:gd:story:classification:gcp_movement:competitionId:285023:number_of_involvements:rank_asc:page:8
507253,285023_43860,Kwasi Sibo,Ghana,MF,46,2,12,32,42,4,0,7,28,204,movement,urn:gd:story:classification:gcp_movement:competitionId:285023:number_of_involvements:rank_asc:page:8,urn:gd:story:classification:gcp_movement:competitionId:285023:number_of_involvements:rank_asc:page:8
430854,285023_43854,Wilfried Singo,Côte d'Ivoire,DF,29,4,7,18,6,23,1,5,43,203,movement,urn:gd:story:classification:gcp_movement:competitionId:285023:number_of_involvements:rank_asc:page:8,urn:gd:story:classification:gcp_movement:competitionId:285023:number_of_involvements:rank_asc:page:8
512791,285023_43834,Issa Laye,Qatar,DF,32,1,8,23,15,17,0,5,22,202,movement,urn:gd:story:classification:gcp_movement:competitionId:285023:number_of_involvements:rank_asc:page:8,urn:gd:story:classification:gcp_movement:competitionId:285023:number_of_involvements:rank_asc:page:8
433668,285023_43995,Michal Sadilek,Czechia,MF,67,15,26,26,35,32,2,16,36,201,movement,urn:gd:story:classification:gcp_movement:competitionId:285023:number_of_involvements:rank_asc:page:8,urn:gd:story:classification:gcp_movement:competitionId:285023:number_of_involvements:rank_asc:page:8
441234,285023_43928,Julio Enciso,Paraguay,FW,90,38,41,11,43,47,5,50,81,201,movement,urn:gd:story:classification:gcp_movement:competitionId:285023:number_of_involvements:rank_asc:page:8,urn:gd:story:classification:gcp_movement:competitionId:285023:number_of_involvements:rank_asc:page:8
520039,285023_43860,Marvin Senaya,Ghana,DF,55,17,11,27,12,43,3,10,25,201,movement,urn:gd:story:classification:gcp_movement:competitionId:285023:number_of_involvements:rank_asc:page:8,urn:gd:story:classification:gcp_movement:competitionId:285023:number_of_involvements:rank_asc:page:8
466317,285023_1895293,Juninho Bacuna,Curaçao,MF,45,13,27,5,25,20,4,36,71,201,movement,urn:gd:story:classification:gcp_movement:competitionId:285023:number_of_involvements:rank_asc:page:8,urn:gd:story:classification:gcp_movement:competitionId:285023:number_of_involvements:rank_asc:page:8
430751,285023_43969,Mikel Oyarzabal,Spain,FW,146,89,52,5,118,28,11,71,75,200,movement,urn:gd:story:classification:gcp_movement:competitionId:285023:number_of_involvements:rank_asc:page:8,urn:gd:story:classification:gcp_movement:competitionId:285023:number_of_involvements:rank_asc:page:8
430452,285023_43976,Connor Metcalfe,Australia,MF,140,34,89,17,80,60,2,37,64,199,movement,urn:gd:story:classification:gcp_movement:competitionId:285023:number_of_involvements:rank_asc:page:9,urn:gd:story:classification:gcp_movement:competitionId:285023:number_of_involvements:rank_asc:page:9
389879,285023_43843,Luca Zidane,Algeria,GK,8,0,0,8,6,2,0,1,3,199,movement,urn:gd:story:classification:gcp_movement:competitionId:285023:number_of_involvements:rank_asc:page:9,urn:gd:story:classification:gcp_movement:competitionId:285023:number_of_involvements:rank_asc:page:9
405469,285023_43978,Liberato Cacace,New Zealand,DF,74,31,34,9,13,61,1,25,42,197,movement,urn:gd:story:classification:gcp_movement:competitionId:285023:number_of_involvements:rank_asc:page:9,urn:gd:story:classification:gcp_movement:competitionId:285023:number_of_involvements:rank_asc:page:9
483327,285023_43970,Viktor Gyokeres,Sweden,FW,106,68,36,2,65,41,12,81,82,197,movement,urn:gd:story:classification:gcp_movement:competitionId:285023:number_of_involvements:rank_asc:page:9,urn:gd:story:classification:gcp_movement:competitionId:285023:number_of_involvements:rank_asc:page:9
390209,285023_43978,Sarpreet Singh,New Zealand,MF,139,39,77,23,65,74,1,54,63,196,movement,urn:gd:story:classification:gcp_movement:competitionId:285023:number_of_involvements:rank_asc:page:9,urn:gd:story:classification:gcp_movement:competitionId:285023:number_of_involvements:rank_asc:page:9
416906,285023_43855,Mostafa Shoubir,Egypt,GK,15,0,0,15,9,6,0,0,2,196,movement,urn:gd:story:classification:gcp_movement:competitionId:285023:number_of_involvements:rank_asc:page:9,urn:gd:story:classification:gcp_movement:competitionId:285023:number_of_involvements:rank_asc:page:9
441316,285023_20014,Yoane Wissa,Congo DR,FW,127,52,64,11,103,24,3,50,81,195,movement,urn:gd:story:classification:gcp_movement:competitionId:285023:number_of_involvements:rank_asc:page:9,urn:gd:story:classification:gcp_movement:competitionId:285023:number_of_involvements:rank_asc:page:9
464865,285023_43879,El Hadji Malick Diouf,Senegal,DF,53,17,17,19,11,42,1,16,23,194,movement,urn:gd:story:classification:gcp_movement:competitionId:285023:number_of_involvements:rank_asc:page:9,urn:gd:story:classification:gcp_movement:competitionId:285023:number_of_involvements:rank_asc:page:9
483448,285023_43961,Antonio Nusa,Norway,FW,104,17,80,7,27,77,1,33,46,194,movement,urn:gd:story:classification:gcp_movement:competitionId:285023:number_of_involvements:rank_asc:page:9,urn:gd:story:classification:gcp_movement:competitionId:285023:number_of_involvements:rank_asc:page:9
430150,285023_43970,Alexander Isak,Sweden,FW,134,64,66,4,105,29,7,57,69,194,movement,urn:gd:story:classification:gcp_movement:competitionId:285023:number_of_involvements:rank_asc:page:9,urn:gd:story:classification:gcp_movement:competitionId:285023:number_of_involvements:rank_asc:page:9
489689,285023_43970,Lucas Bergvall,Sweden,MF,52,7,16,29,43,9,3,14,40,193,movement,urn:gd:story:classification:gcp_movement:competitionId:285023:number_of_involvements:rank_asc:page:9,urn:gd:story:classification:gcp_movement:competitionId:285023:number_of_involvements:rank_asc:page:9
430822,285023_43854,Amad Diallo,Côte d'Ivoire,FW,95,34,40,21,31,64,3,48,62,193,movement,urn:gd:story:classification:gcp_movement:competitionId:285023:number_of_involvements:rank_asc:page:9,urn:gd:story:classification:gcp_movement:competitionId:285023:number_of_involvements:rank_asc:page:9
339745,285023_43835,Salem Aldawsari,Saudi Arabia,FW,104,61,33,10,50,54,3,50,64,193,movement,urn:gd:story:classification:gcp_movement:competitionId:285023:number_of_involvements:rank_asc:page:9,urn:gd:story:classification:gcp_movement:competitionId:285023:number_of_involvements:rank_asc:page:9
448312,285023_43927,Nilson Angulo,Ecuador,FW,65,28,26,11,22,43,2,43,55,193,movement,urn:gd:story:classification:gcp_movement:competitionId:285023:number_of_involvements:rank_asc:page:9,urn:gd:story:classification:gcp_movement:competitionId:285023:number_of_involvements:rank_asc:page:9
363863,285023_43855,Trezeguet,Egypt,FW,72,30,25,17,33,39,7,37,50,192,movement,urn:gd:story:classification:gcp_movement:competitionId:285023:number_of_involvements:rank_asc:page:9,urn:gd:story:classification:gcp_movement:competitionId:285023:number_of_involvements:rank_asc:page:9
441137,285023_43970,Anthony Elanga,Sweden,FW,110,47,56,7,40,70,7,39,59,192,movement,urn:gd:story:classification:gcp_movement:competitionId:285023:number_of_involvements:rank_asc:page:9,urn:gd:story:classification:gcp_movement:competitionId:285023:number_of_involvements:rank_asc:page:9
331463,285023_43978,Tim Payne,New Zealand,DF,31,10,12,9,5,26,2,11,41,191,movement,urn:gd:story:classification:gcp_movement:competitionId:285023:number_of_involvements:rank_asc:page:9,urn:gd:story:classification:gcp_movement:competitionId:285023:number_of_involvements:rank_asc:page:9
441236,285023_43927,Hernan Galindez,Ecuador,GK,29,0,0,29,21,8,0,0,2,191,movement,urn:gd:story:classification:gcp_movement:competitionId:285023:number_of_involvements:rank_asc:page:9,urn:gd:story:classification:gcp_movement:competitionId:285023:number_of_involvements:rank_asc:page:9
520036,285023_43934,Paul Wanner,Austria,MF,100,31,40,29,76,24,3,23,63,191,movement,urn:gd:story:classification:gcp_movement:competitionId:285023:number_of_involvements:rank_asc:page:9,urn:gd:story:classification:gcp_movement:competitionId:285023:number_of_involvements:rank_asc:page:9
389485,285023_43922,Exequiel Palacios,Argentina,MF,18,3,4,11,7,11,1,4,21,190,movement,urn:gd:story:classification:gcp_movement:competitionId:285023:number_of_involvements:rank_asc:page:9,urn:gd:story:classification:gcp_movement:competitionId:285023:number_of_involvements:rank_asc:page:9
433527,285023_43820,Abdallah Nasib,Jordan,DF,29,0,2,27,1,28,0,1,13,190,movement,urn:gd:story:classification:gcp_movement:competitionId:285023:number_of_involvements:rank_asc:page:9,urn:gd:story:classification:gcp_movement:competitionId:285023:number_of_involvements:rank_asc:page:9
339820,285023_43879,Kalidou Koulibaly,Senegal,DF,23,1,1,21,13,10,0,0,18,189,movement,urn:gd:story:classification:gcp_movement:competitionId:285023:number_of_involvements:rank_asc:page:9,urn:gd:story:classification:gcp_movement:competitionId:285023:number_of_involvements:rank_asc:page:9
466687,285023_43899,Ali Ahmed,Canada,FW,124,50,60,14,37,87,5,45,45,188,movement,urn:gd:story:classification:gcp_movement:competitionId:285023:number_of_involvements:rank_asc:page:9,urn:gd:story:classification:gcp_movement:competitionId:285023:number_of_involvements:rank_asc:page:9
448015,285023_43976,Cristian Volpato,Australia,FW,75,17,52,6,43,32,1,58,70,188,movement,urn:gd:story:classification:gcp_movement:competitionId:285023:number_of_involvements:rank_asc:page:9,urn:gd:story:classification:gcp_movement:competitionId:285023:number_of_involvements:rank_asc:page:9
395581,285023_43914,Cristian Martinez,Panama,MF,73,28,34,11,30,43,4,37,42,188,movement,urn:gd:story:classification:gcp_movement:competitionId:285023:number_of_involvements:rank_asc:page:9,urn:gd:story:classification:gcp_movement:competitionId:285023:number_of_involvements:rank_asc:page:9
369744,285023_43928,Gustavo Gomez,Paraguay,DF,9,2,1,6,6,3,1,3,7,188,movement,urn:gd:story:classification:gcp_movement:competitionId:285023:number_of_involvements:rank_asc:page:9,urn:gd:story:classification:gcp_movement:competitionId:285023:number_of_involvements:rank_asc:page:9
430763,285023_43911,Luis Romo,Mexico,MF,116,30,55,31,88,28,2,11,56,188,movement,urn:gd:story:classification:gcp_movement:competitionId:285023:number_of_involvements:rank_asc:page:9,urn:gd:story:classification:gcp_movement:competitionId:285023:number_of_involvements:rank_asc:page:9
295922,285023_43908,Johny Placide,Haiti,GK,12,0,0,12,9,3,0,0,2,187,movement,urn:gd:story:classification:gcp_movement:competitionId:285023:number_of_involvements:rank_asc:page:9,urn:gd:story:classification:gcp_movement:competitionId:285023:number_of_involvements:rank_asc:page:9
419672,285023_43961,Leo Ostigard,Norway,DF,17,1,1,15,11,6,0,3,12,187,movement,urn:gd:story:classification:gcp_movement:competitionId:285023:number_of_involvements:rank_asc:page:9,urn:gd:story:classification:gcp_movement:competitionId:285023:number_of_involvements:rank_asc:page:9
448180,285023_43938,Josko Gvardiol,Croatia,DF,10,2,3,5,2,8,0,8,28,187,movement,urn:gd:story:classification:gcp_movement:competitionId:285023:number_of_involvements:rank_asc:page:9,urn:gd:story:classification:gcp_movement:competitionId:285023:number_of_involvements:rank_asc:page:9
441350,285023_43843,Hicham Boudaoui,Algeria,MF,71,17,24,30,32,39,1,5,29,186,movement,urn:gd:story:classification:gcp_movement:competitionId:285023:number_of_involvements:rank_asc:page:9,urn:gd:story:classification:gcp_movement:competitionId:285023:number_of_involvements:rank_asc:page:9
380007,285023_43817,Alireza Beiranvand,IR Iran,GK,32,0,0,32,18,14,0,0,4,185,movement,urn:gd:story:classification:gcp_movement:competitionId:285023:number_of_involvements:rank_asc:page:9,urn:gd:story:classification:gcp_movement:competitionId:285023:number_of_involvements:rank_asc:page:9
430698,285023_43843,Houssem Aouar,Algeria,MF,106,43,46,17,62,44,4,29,55,185,movement,urn:gd:story:classification:gcp_movement:competitionId:285023:number_of_involvements:rank_asc:page:9,urn:gd:story:classification:gcp_movement:competitionId:285023:number_of_involvements:rank_asc:page:9
388475,285023_43817,Mehdi Taremi,IR Iran,FW,94,53,29,12,63,31,3,55,69,185,movement,urn:gd:story:classification:gcp_movement:competitionId:285023:number_of_involvements:rank_asc:page:9,urn:gd:story:classification:gcp_movement:competitionId:285023:number_of_involvements:rank_asc:page:9
494625,285023_43961,Marcus Holmgren Pedersen,Norway,DF,41,17,13,11,11,30,4,12,29,185,movement,urn:gd:story:classification:gcp_movement:competitionId:285023:number_of_involvements:rank_asc:page:9,urn:gd:story:classification:gcp_movement:competitionId:285023:number_of_involvements:rank_asc:page:9
402876,285023_43930,Agustin Canobbio,Uruguay,MF,141,76,50,15,42,99,9,50,60,185,movement,urn:gd:story:classification:gcp_movement:competitionId:285023:number_of_involvements:rank_asc:page:9,urn:gd:story:classification:gcp_movement:competitionId:285023:number_of_involvements:rank_asc:page:9
441241,285023_43914,Orlando Mosquera,Panama,GK,27,0,0,27,20,7,0,0,2,185,movement,urn:gd:story:classification:gcp_movement:competitionId:285023:number_of_involvements:rank_asc:page:9,urn:gd:story:classification:gcp_movement:competitionId:285023:number_of_involvements:rank_asc:page:9
441181,285023_43972,Ugurcan Cakir,Türkiye,GK,26,0,1,25,13,13,0,0,2,185,movement,urn:gd:story:classification:gcp_movement:competitionId:285023:number_of_involvements:rank_asc:page:9,urn:gd:story:classification:gcp_movement:competitionId:285023:number_of_involvements:rank_asc:page:9
368535,285023_43978,Max Crocombe,New Zealand,GK,21,0,0,21,13,8,0,0,0,185,movement,urn:gd:story:classification:gcp_movement:competitionId:285023:number_of_involvements:rank_asc:page:9,urn:gd:story:classification:gcp_movement:competitionId:285023:number_of_involvements:rank_asc:page:9
403335,285023_43835,Hassan Altambakti,Saudi Arabia,DF,19,0,1,18,10,9,0,1,24,184,movement,urn:gd:story:classification:gcp_movement:competitionId:285023:number_of_involvements:rank_asc:page:9,urn:gd:story:classification:gcp_movement:competitionId:285023:number_of_involvements:rank_asc:page:9
483161,285023_43855,Mostafa Zico,Egypt,MF,141,75,51,15,85,56,6,53,49,184,movement,urn:gd:story:classification:gcp_movement:competitionId:285023:number_of_involvements:rank_asc:page:9,urn:gd:story:classification:gcp_movement:competitionId:285023:number_of_involvements:rank_asc:page:9
448114,285023_43971,Dan Ndoye,Switzerland,FW,74,45,29,0,37,37,9,60,64,183,movement,urn:gd:story:classification:gcp_movement:competitionId:285023:number_of_involvements:rank_asc:page:9,urn:gd:story:classification:gcp_movement:competitionId:285023:number_of_involvements:rank_asc:page:9
418550,285023_43963,Rafael Leao,Portugal,FW,67,18,42,7,8,59,3,37,59,183,movement,urn:gd:story:classification:gcp_movement:competitionId:285023:number_of_involvements:rank_asc:page:9,urn:gd:story:classification:gcp_movement:competitionId:285023:number_of_involvements:rank_asc:page:9
369761,285023_43928,Miguel Almiron,Paraguay,MF,82,13,53,16,32,50,2,26,54,183,movement,urn:gd:story:classification:gcp_movement:competitionId:285023:number_of_involvements:rank_asc:page:9,urn:gd:story:classification:gcp_movement:competitionId:285023:number_of_involvements:rank_asc:page:9
479106,285023_44005,Akmal Mozgovoy,Uzbekistan,MF,115,10,80,25,84,31,1,16,40,182,movement,urn:gd:story:classification:gcp_movement:competitionId:285023:number_of_involvements:rank_asc:page:9,urn:gd:story:classification:gcp_movement:competitionId:285023:number_of_involvements:rank_asc:page:9
489518,285023_43960,Crysencio Summerville,Netherlands,FW,80,39,28,13,40,40,6,46,62,182,movement,urn:gd:story:classification:gcp_movement:competitionId:285023:number_of_involvements:rank_asc:page:9,urn:gd:story:classification:gcp_movement:competitionId:285023:number_of_involvements:rank_asc:page:9
484012,285023_43995,Matej Kovar,Czechia,GK,13,0,0,13,7,6,0,0,10,181,movement,urn:gd:story:classification:gcp_movement:competitionId:285023:number_of_involvements:rank_asc:page:9,urn:gd:story:classification:gcp_movement:competitionId:285023:number_of_involvements:rank_asc:page:9
464566,285023_44037,Esmir Bajraktarevic,Bosnia and Herzegovina,FW,106,45,48,13,40,66,5,35,61,180,movement,urn:gd:story:classification:gcp_movement:competitionId:285023:number_of_involvements:rank_asc:page:9,urn:gd:story:classification:gcp_movement:competitionId:285023:number_of_involvements:rank_asc:page:9
349342,285023_43976,Aziz Behich,Australia,DF,69,24,30,15,8,61,4,17,45,178,movement,urn:gd:story:classification:gcp_movement:competitionId:285023:number_of_involvements:rank_asc:page:9,urn:gd:story:classification:gcp_movement:competitionId:285023:number_of_involvements:rank_asc:page:9
486875,285023_43928,Gustavo Velazquez,Paraguay,DF,20,2,3,15,6,14,0,5,11,177,movement,urn:gd:story:classification:gcp_movement:competitionId:285023:number_of_involvements:rank_asc:page:9,urn:gd:story:classification:gcp_movement:competitionId:285023:number_of_involvements:rank_asc:page:9
448341,285023_43935,Jeremy Doku,Belgium,FW,124,42,61,21,51,73,3,63,52,177,movement,urn:gd:story:classification:gcp_movement:competitionId:285023:number_of_involvements:rank_asc:page:10,urn:gd:story:classification:gcp_movement:competitionId:285023:number_of_involvements:rank_asc:page:10
496358,285023_43879,Ibrahim Mbaye,Senegal,FW,95,36,38,21,26,69,4,41,58,176,movement,urn:gd:story:classification:gcp_movement:competitionId:285023:number_of_involvements:rank_asc:page:10,urn:gd:story:classification:gcp_movement:competitionId:285023:number_of_involvements:rank_asc:page:10
448531,285023_43860,Antoine Semenyo,Ghana,MF,92,45,33,14,54,38,3,44,50,176,movement,urn:gd:story:classification:gcp_movement:competitionId:285023:number_of_involvements:rank_asc:page:10,urn:gd:story:classification:gcp_movement:competitionId:285023:number_of_involvements:rank_asc:page:10
385475,285023_44005,Eldor Shomurodov,Uzbekistan,FW,97,45,45,7,69,28,1,68,58,175,movement,urn:gd:story:classification:gcp_movement:competitionId:285023:number_of_involvements:rank_asc:page:10,urn:gd:story:classification:gcp_movement:competitionId:285023:number_of_involvements:rank_asc:page:10
416081,285023_43922,Julian Alvarez,Argentina,FW,120,44,50,26,83,37,2,47,44,174,movement,urn:gd:story:classification:gcp_movement:competitionId:285023:number_of_involvements:rank_asc:page:10,urn:gd:story:classification:gcp_movement:competitionId:285023:number_of_involvements:rank_asc:page:10
419100,285023_43930,Maxi Araujo,Uruguay,MF,135,74,51,10,72,63,7,45,55,174,movement,urn:gd:story:classification:gcp_movement:competitionId:285023:number_of_involvements:rank_asc:page:10,urn:gd:story:classification:gcp_movement:competitionId:285023:number_of_involvements:rank_asc:page:10
390537,285023_43817,Milad Mohammadi,IR Iran,DF,57,31,18,8,20,37,4,12,26,174,movement,urn:gd:story:classification:gcp_movement:competitionId:285023:number_of_involvements:rank_asc:page:10,urn:gd:story:classification:gcp_movement:competitionId:285023:number_of_involvements:rank_asc:page:10
436537,285023_43835,Musab Aljuwayr,Saudi Arabia,MF,79,20,54,5,43,36,1,28,49,173,movement,urn:gd:story:classification:gcp_movement:competitionId:285023:number_of_involvements:rank_asc:page:10,urn:gd:story:classification:gcp_movement:competitionId:285023:number_of_involvements:rank_asc:page:10
495046,285023_43928,Mauricio,Paraguay,MF,72,16,34,22,43,29,2,21,48,173,movement,urn:gd:story:classification:gcp_movement:competitionId:285023:number_of_involvements:rank_asc:page:10,urn:gd:story:classification:gcp_movement:competitionId:285023:number_of_involvements:rank_asc:page:10
433147,285023_43971,Michel Aebischer,Switzerland,MF,99,24,52,23,59,40,2,27,30,173,movement,urn:gd:story:classification:gcp_movement:competitionId:285023:number_of_involvements:rank_asc:page:10,urn:gd:story:classification:gcp_movement:competitionId:285023:number_of_involvements:rank_asc:page:10
430120,285023_43972,Mert Muldur,Türkiye,DF,52,20,24,8,8,44,2,27,26,173,movement,urn:gd:story:classification:gcp_movement:competitionId:285023:number_of_involvements:rank_asc:page:10,urn:gd:story:classification:gcp_movement:competitionId:285023:number_of_involvements:rank_asc:page:10
441242,285023_43914,Cesar Blackman,Panama,DF,68,10,47,11,7,61,1,23,51,172,movement,urn:gd:story:classification:gcp_movement:competitionId:285023:number_of_involvements:rank_asc:page:10,urn:gd:story:classification:gcp_movement:competitionId:285023:number_of_involvements:rank_asc:page:10
416051,285023_43834,Pedro Miguel,Qatar,DF,26,8,4,14,13,13,3,3,29,172,movement,urn:gd:story:classification:gcp_movement:competitionId:285023:number_of_involvements:rank_asc:page:10,urn:gd:story:classification:gcp_movement:competitionId:285023:number_of_involvements:rank_asc:page:10
369419,285023_43942,Harry Kane,England,FW,87,24,46,17,74,13,4,44,52,169,movement,urn:gd:story:classification:gcp_movement:competitionId:285023:number_of_involvements:rank_asc:page:10,urn:gd:story:classification:gcp_movement:competitionId:285023:number_of_involvements:rank_asc:page:10
485347,285023_1895293,Tahith Chong,Curaçao,MF,116,31,78,7,73,43,4,38,78,169,movement,urn:gd:story:classification:gcp_movement:competitionId:285023:number_of_involvements:rank_asc:page:10,urn:gd:story:classification:gcp_movement:competitionId:285023:number_of_involvements:rank_asc:page:10
419303,285023_43835,Moteb Alharbi,Saudi Arabia,DF,49,18,19,12,20,29,4,8,25,168,movement,urn:gd:story:classification:gcp_movement:competitionId:285023:number_of_involvements:rank_asc:page:10,urn:gd:story:classification:gcp_movement:competitionId:285023:number_of_involvements:rank_asc:page:10
389437,285023_43820,Ehsan Haddad,Jordan,DF,57,11,30,16,3,54,0,23,48,167,movement,urn:gd:story:classification:gcp_movement:competitionId:285023:number_of_involvements:rank_asc:page:10,urn:gd:story:classification:gcp_movement:competitionId:285023:number_of_involvements:rank_asc:page:10
372266,285023_43872,Sofyan Amrabat,Morocco,MF,50,1,9,40,44,6,0,2,18,167,movement,urn:gd:story:classification:gcp_movement:competitionId:285023:number_of_involvements:rank_asc:page:10,urn:gd:story:classification:gcp_movement:competitionId:285023:number_of_involvements:rank_asc:page:10
441259,285023_43899,Liam Millar,Canada,MF,75,36,35,4,19,56,4,33,26,166,movement,urn:gd:story:classification:gcp_movement:competitionId:285023:number_of_involvements:rank_asc:page:10,urn:gd:story:classification:gcp_movement:competitionId:285023:number_of_involvements:rank_asc:page:10
448821,285023_43879,Mory Diaw,Senegal,GK,18,0,0,18,14,4,0,0,1,166,movement,urn:gd:story:classification:gcp_movement:competitionId:285023:number_of_involvements:rank_asc:page:10,urn:gd:story:classification:gcp_movement:competitionId:285023:number_of_involvements:rank_asc:page:10
483526,285023_43960,Tijjani Reijnders,Netherlands,MF,165,51,68,46,118,47,3,26,35,166,movement,urn:gd:story:classification:gcp_movement:competitionId:285023:number_of_involvements:rank_asc:page:10,urn:gd:story:classification:gcp_movement:competitionId:285023:number_of_involvements:rank_asc:page:10
506279,285023_43860,Caleb Yirenkyi,Ghana,MF,64,29,18,17,44,20,2,20,61,165,movement,urn:gd:story:classification:gcp_movement:competitionId:285023:number_of_involvements:rank_asc:page:10,urn:gd:story:classification:gcp_movement:competitionId:285023:number_of_involvements:rank_asc:page:10
494458,285023_20014,Ngalayel Mukau,Congo DR,MF,62,11,35,16,39,23,0,19,41,164,movement,urn:gd:story:classification:gcp_movement:competitionId:285023:number_of_involvements:rank_asc:page:10,urn:gd:story:classification:gcp_movement:competitionId:285023:number_of_involvements:rank_asc:page:10
433072,285023_43972,Zeki Celik,Türkiye,DF,74,24,19,31,13,61,3,7,29,164,movement,urn:gd:story:classification:gcp_movement:competitionId:285023:number_of_involvements:rank_asc:page:10,urn:gd:story:classification:gcp_movement:competitionId:285023:number_of_involvements:rank_asc:page:10
419189,285023_43888,Yan Valery,Tunisia,DF,80,38,33,9,5,75,4,28,35,163,movement,urn:gd:story:classification:gcp_movement:competitionId:285023:number_of_involvements:rank_asc:page:10,urn:gd:story:classification:gcp_movement:competitionId:285023:number_of_involvements:rank_asc:page:10
433361,285023_43888,Anis Slimane,Tunisia,MF,180,57,85,38,149,31,0,30,42,162,movement,urn:gd:story:classification:gcp_movement:competitionId:285023:number_of_involvements:rank_asc:page:10,urn:gd:story:classification:gcp_movement:competitionId:285023:number_of_involvements:rank_asc:page:10
419459,285023_43834,Mahmoud Abunada,Qatar,GK,7,0,0,7,4,3,0,0,3,162,movement,urn:gd:story:classification:gcp_movement:competitionId:285023:number_of_involvements:rank_asc:page:10,urn:gd:story:classification:gcp_movement:competitionId:285023:number_of_involvements:rank_asc:page:10
411644,285023_43817,Saman Ghoddos,IR Iran,MF,41,7,15,19,30,11,1,20,38,162,movement,urn:gd:story:classification:gcp_movement:competitionId:285023:number_of_involvements:rank_asc:page:10,urn:gd:story:classification:gcp_movement:competitionId:285023:number_of_involvements:rank_asc:page:10
401334,285023_43967,John Mcginn,Scotland,MF,52,11,39,2,25,27,2,35,41,161,movement,urn:gd:story:classification:gcp_movement:competitionId:285023:number_of_involvements:rank_asc:page:10,urn:gd:story:classification:gcp_movement:competitionId:285023:number_of_involvements:rank_asc:page:10
494989,285023_1895293,Livano Comenencia,Curaçao,MF,69,6,42,21,50,19,1,11,44,160,movement,urn:gd:story:classification:gcp_movement:competitionId:285023:number_of_involvements:rank_asc:page:10,urn:gd:story:classification:gcp_movement:competitionId:285023:number_of_involvements:rank_asc:page:10
390650,285023_1895293,Eloy Room,Curaçao,GK,9,0,0,9,3,6,0,0,3,160,movement,urn:gd:story:classification:gcp_movement:competitionId:285023:number_of_involvements:rank_asc:page:10,urn:gd:story:classification:gcp_movement:competitionId:285023:number_of_involvements:rank_asc:page:10
390267,285023_43921,Christian Pulisic,USA,FW,143,53,69,21,72,71,4,40,53,160,movement,urn:gd:story:classification:gcp_movement:competitionId:285023:number_of_involvements:rank_asc:page:10,urn:gd:story:classification:gcp_movement:competitionId:285023:number_of_involvements:rank_asc:page:10
448497,285023_43817,Mohammad Mohebbi,IR Iran,MF,95,41,41,13,36,59,3,43,61,159,movement,urn:gd:story:classification:gcp_movement:competitionId:285023:number_of_involvements:rank_asc:page:10,urn:gd:story:classification:gcp_movement:competitionId:285023:number_of_involvements:rank_asc:page:10
308322,285023_43922,Nicolas Tagliafico,Argentina,DF,60,19,15,26,10,50,2,12,17,158,movement,urn:gd:story:classification:gcp_movement:competitionId:285023:number_of_involvements:rank_asc:page:10,urn:gd:story:classification:gcp_movement:competitionId:285023:number_of_involvements:rank_asc:page:10
395212,285023_43963,Nelson Semedo,Portugal,DF,42,17,19,6,25,17,3,6,18,158,movement,urn:gd:story:classification:gcp_movement:competitionId:285023:number_of_involvements:rank_asc:page:10,urn:gd:story:classification:gcp_movement:competitionId:285023:number_of_involvements:rank_asc:page:10
486260,285023_43854,Christopher Operi,Côte d'Ivoire,DF,15,10,2,3,10,5,0,10,29,157,movement,urn:gd:story:classification:gcp_movement:competitionId:285023:number_of_involvements:rank_asc:page:10,urn:gd:story:classification:gcp_movement:competitionId:285023:number_of_involvements:rank_asc:page:10
402934,285023_43922,Marcos Senesi,Argentina,DF,12,0,1,11,2,10,1,1,7,155,movement,urn:gd:story:classification:gcp_movement:competitionId:285023:number_of_involvements:rank_asc:page:10,urn:gd:story:classification:gcp_movement:competitionId:285023:number_of_involvements:rank_asc:page:10
523097,285023_43995,Alexandr Sojka,Czechia,MF,66,10,36,20,26,40,0,24,44,155,movement,urn:gd:story:classification:gcp_movement:competitionId:285023:number_of_involvements:rank_asc:page:10,urn:gd:story:classification:gcp_movement:competitionId:285023:number_of_involvements:rank_asc:page:10
500037,285023_43911,Gilberto Mora,Mexico,MF,118,27,69,22,72,46,2,31,39,154,movement,urn:gd:story:classification:gcp_movement:competitionId:285023:number_of_involvements:rank_asc:page:10,urn:gd:story:classification:gcp_movement:competitionId:285023:number_of_involvements:rank_asc:page:10
411176,285023_43914,Jose Luis Rodriguez,Panama,MF,76,31,39,6,34,42,9,43,45,154,movement,urn:gd:story:classification:gcp_movement:competitionId:285023:number_of_involvements:rank_asc:page:10,urn:gd:story:classification:gcp_movement:competitionId:285023:number_of_involvements:rank_asc:page:10
510989,285023_20014,Brian Cipenga,Congo DR,FW,45,29,11,5,15,30,3,49,48,154,movement,urn:gd:story:classification:gcp_movement:competitionId:285023:number_of_involvements:rank_asc:page:10,urn:gd:story:classification:gcp_movement:competitionId:285023:number_of_involvements:rank_asc:page:10
431781,285023_43908,Jean Kevin Duverne,Haiti,DF,53,5,20,28,10,43,0,6,21,154,movement,urn:gd:story:classification:gcp_movement:competitionId:285023:number_of_involvements:rank_asc:page:10,urn:gd:story:classification:gcp_movement:competitionId:285023:number_of_involvements:rank_asc:page:10
433362,285023_43888,Ali Abdi,Tunisia,DF,102,46,48,8,21,81,5,17,35,153,movement,urn:gd:story:classification:gcp_movement:competitionId:285023:number_of_involvements:rank_asc:page:10,urn:gd:story:classification:gcp_movement:competitionId:285023:number_of_involvements:rank_asc:page:10
405528,285023_43819,Yukinari Sugawara,Japan,DF,40,13,20,7,12,28,4,18,32,153,movement,urn:gd:story:classification:gcp_movement:competitionId:285023:number_of_involvements:rank_asc:page:10,urn:gd:story:classification:gcp_movement:competitionId:285023:number_of_involvements:rank_asc:page:10
502727,285023_43971,Johan Manzambi,Switzerland,MF,115,37,66,12,82,33,5,36,57,153,movement,urn:gd:story:classification:gcp_movement:competitionId:285023:number_of_involvements:rank_asc:page:10,urn:gd:story:classification:gcp_movement:competitionId:285023:number_of_involvements:rank_asc:page:10
485081,285023_43963,Francisco Conceicao,Portugal,FW,64,32,28,4,16,48,6,48,48,153,movement,urn:gd:story:classification:gcp_movement:competitionId:285023:number_of_involvements:rank_asc:page:10,urn:gd:story:classification:gcp_movement:competitionId:285023:number_of_involvements:rank_asc:page:10
403001,285023_43963,Diogo Costa,Portugal,GK,13,0,0,13,6,7,0,0,3,152,movement,urn:gd:story:classification:gcp_movement:competitionId:285023:number_of_involvements:rank_asc:page:10,urn:gd:story:classification:gcp_movement:competitionId:285023:number_of_involvements:rank_asc:page:10
463234,285023_43883,Thapelo Maseko,South Africa,FW,84,43,37,4,42,42,3,40,49,152,movement,urn:gd:story:classification:gcp_movement:competitionId:285023:number_of_involvements:rank_asc:page:10,urn:gd:story:classification:gcp_movement:competitionId:285023:number_of_involvements:rank_asc:page:10
430597,285023_43924,Gabriel Martinelli,Brazil,FW,87,23,35,29,56,31,1,8,20,151,movement,urn:gd:story:classification:gcp_movement:competitionId:285023:number_of_involvements:rank_asc:page:10,urn:gd:story:classification:gcp_movement:competitionId:285023:number_of_involvements:rank_asc:page:10
506471,285023_1895293,Deveron Fonville,Curaçao,DF,17,5,8,4,3,14,0,9,53,151,movement,urn:gd:story:classification:gcp_movement:competitionId:285023:number_of_involvements:rank_asc:page:10,urn:gd:story:classification:gcp_movement:competitionId:285023:number_of_involvements:rank_asc:page:10
484270,285023_43818,Zaid Ismael,Iraq,MF,73,2,28,43,60,13,0,7,32,150,movement,urn:gd:story:classification:gcp_movement:competitionId:285023:number_of_involvements:rank_asc:page:11,urn:gd:story:classification:gcp_movement:competitionId:285023:number_of_involvements:rank_asc:page:11
502945,285023_43970,Alexander Bernhardsson,Sweden,DF,40,15,15,10,10,30,0,28,36,150,movement,urn:gd:story:classification:gcp_movement:competitionId:285023:number_of_involvements:rank_asc:page:11,urn:gd:story:classification:gcp_movement:competitionId:285023:number_of_involvements:rank_asc:page:11
485064,285023_43899,Niko Sigur,Canada,DF,44,4,17,23,26,18,2,9,36,149,movement,urn:gd:story:classification:gcp_movement:competitionId:285023:number_of_involvements:rank_asc:page:11,urn:gd:story:classification:gcp_movement:competitionId:285023:number_of_involvements:rank_asc:page:11
463288,285023_43934,Phillip Mwene,Austria,DF,33,10,13,10,5,28,8,21,16,149,movement,urn:gd:story:classification:gcp_movement:competitionId:285023:number_of_involvements:rank_asc:page:11,urn:gd:story:classification:gcp_movement:competitionId:285023:number_of_involvements:rank_asc:page:11
477802,285023_43854,Ousmane Diomande,Côte d'Ivoire,DF,9,0,0,9,2,7,0,0,1,148,movement,urn:gd:story:classification:gcp_movement:competitionId:285023:number_of_involvements:rank_asc:page:11,urn:gd:story:classification:gcp_movement:competitionId:285023:number_of_involvements:rank_asc:page:11
448362,285023_43935,Charles De Ketelaere,Belgium,FW,118,74,41,3,85,33,8,44,56,147,movement,urn:gd:story:classification:gcp_movement:competitionId:285023:number_of_involvements:rank_asc:page:11,urn:gd:story:classification:gcp_movement:competitionId:285023:number_of_involvements:rank_asc:page:11
448196,285023_43942,Bukayo Saka,England,FW,45,26,11,8,21,24,10,35,32,147,movement,urn:gd:story:classification:gcp_movement:competitionId:285023:number_of_involvements:rank_asc:page:11,urn:gd:story:classification:gcp_movement:competitionId:285023:number_of_involvements:rank_asc:page:11
482775,285023_43978,Tyler Bindon,New Zealand,DF,22,11,7,4,6,16,1,6,26,147,movement,urn:gd:story:classification:gcp_movement:competitionId:285023:number_of_involvements:rank_asc:page:11,urn:gd:story:classification:gcp_movement:competitionId:285023:number_of_involvements:rank_asc:page:11
431212,285023_43820,Ali Olwan,Jordan,FW,63,22,36,5,30,33,12,40,47,147,movement,urn:gd:story:classification:gcp_movement:competitionId:285023:number_of_involvements:rank_asc:page:11,urn:gd:story:classification:gcp_movement:competitionId:285023:number_of_involvements:rank_asc:page:11
482869,285023_43843,Jaouen Hadjam,Algeria,DF,34,19,11,4,16,18,0,10,26,147,movement,urn:gd:story:classification:gcp_movement:competitionId:285023:number_of_involvements:rank_asc:page:11,urn:gd:story:classification:gcp_movement:competitionId:285023:number_of_involvements:rank_asc:page:11
433394,285023_43834,Ahmed Fathy,Qatar,MF,49,3,18,28,41,8,0,4,14,146,movement,urn:gd:story:classification:gcp_movement:competitionId:285023:number_of_involvements:rank_asc:page:11,urn:gd:story:classification:gcp_movement:competitionId:285023:number_of_involvements:rank_asc:page:11
441167,285023_43995,Tomas Holes,Czechia,DF,12,2,0,10,3,9,0,2,15,146,movement,urn:gd:story:classification:gcp_movement:competitionId:285023:number_of_involvements:rank_asc:page:11,urn:gd:story:classification:gcp_movement:competitionId:285023:number_of_involvements:rank_asc:page:11
430733,285023_43969,Mikel Merino,Spain,MF,73,26,39,8,48,25,0,26,38,144,movement,urn:gd:story:classification:gcp_movement:competitionId:285023:number_of_involvements:rank_asc:page:11,urn:gd:story:classification:gcp_movement:competitionId:285023:number_of_involvements:rank_asc:page:11
448189,285023_43942,Anthony Gordon,England,FW,106,41,47,18,39,67,3,45,62,144,movement,urn:gd:story:classification:gcp_movement:competitionId:285023:number_of_involvements:rank_asc:page:11,urn:gd:story:classification:gcp_movement:competitionId:285023:number_of_involvements:rank_asc:page:11
485664,285023_43908,Ruben Providence,Haiti,FW,100,31,61,8,44,56,4,27,47,144,movement,urn:gd:story:classification:gcp_movement:competitionId:285023:number_of_involvements:rank_asc:page:11,urn:gd:story:classification:gcp_movement:competitionId:285023:number_of_involvements:rank_asc:page:11
477855,285023_43850,Joao Paulo,Cabo Verde,MF,32,4,20,8,6,26,1,12,25,144,movement,urn:gd:story:classification:gcp_movement:competitionId:285023:number_of_involvements:rank_asc:page:11,urn:gd:story:classification:gcp_movement:competitionId:285023:number_of_involvements:rank_asc:page:11
229498,285023_43930,Fernando Muslera,Uruguay,GK,28,0,0,28,19,9,0,0,0,144,movement,urn:gd:story:classification:gcp_movement:competitionId:285023:number_of_involvements:rank_asc:page:11,urn:gd:story:classification:gcp_movement:competitionId:285023:number_of_involvements:rank_asc:page:11
356731,285023_43911,Raul Jimenez,Mexico,FW,114,50,62,2,84,30,6,57,59,144,movement,urn:gd:story:classification:gcp_movement:competitionId:285023:number_of_involvements:rank_asc:page:11,urn:gd:story:classification:gcp_movement:competitionId:285023:number_of_involvements:rank_asc:page:11
405545,285023_43969,Ferran Torres,Spain,FW,124,63,40,21,99,25,7,51,31,143,movement,urn:gd:story:classification:gcp_movement:competitionId:285023:number_of_involvements:rank_asc:page:11,urn:gd:story:classification:gcp_movement:competitionId:285023:number_of_involvements:rank_asc:page:11
479042,285023_44005,Abdulla Abdullaev,Uzbekistan,DF,13,1,1,11,6,7,0,0,7,143,movement,urn:gd:story:classification:gcp_movement:competitionId:285023:number_of_involvements:rank_asc:page:11,urn:gd:story:classification:gcp_movement:competitionId:285023:number_of_involvements:rank_asc:page:11
512183,285023_43835,Mohammed Abu Alshamat,Saudi Arabia,DF,58,15,28,15,28,30,1,27,44,143,movement,urn:gd:story:classification:gcp_movement:competitionId:285023:number_of_involvements:rank_asc:page:11,urn:gd:story:classification:gcp_movement:competitionId:285023:number_of_involvements:rank_asc:page:11
354861,285023_43834,Karim Boudiaf,Qatar,MF,58,7,34,17,31,27,0,5,19,143,movement,urn:gd:story:classification:gcp_movement:competitionId:285023:number_of_involvements:rank_asc:page:11,urn:gd:story:classification:gcp_movement:competitionId:285023:number_of_involvements:rank_asc:page:11
307849,285023_43822,Son Heungmin,Korea Republic,FW,97,51,34,12,70,27,6,35,50,142,movement,urn:gd:story:classification:gcp_movement:competitionId:285023:number_of_involvements:rank_asc:page:11,urn:gd:story:classification:gcp_movement:competitionId:285023:number_of_involvements:rank_asc:page:11
485131,285023_43967,Ben Gannon Doak,Scotland,FW,74,39,24,11,21,53,5,30,44,142,movement,urn:gd:story:classification:gcp_movement:competitionId:285023:number_of_involvements:rank_asc:page:11,urn:gd:story:classification:gcp_movement:competitionId:285023:number_of_involvements:rank_asc:page:11
402920,285023_43922,Lautaro Martinez,Argentina,FW,132,61,61,10,99,33,3,38,43,141,movement,urn:gd:story:classification:gcp_movement:competitionId:285023:number_of_involvements:rank_asc:page:11,urn:gd:story:classification:gcp_movement:competitionId:285023:number_of_involvements:rank_asc:page:11
419652,285023_43961,Erling Haaland,Norway,FW,49,36,13,0,38,11,7,36,40,140,movement,urn:gd:story:classification:gcp_movement:competitionId:285023:number_of_involvements:rank_asc:page:11,urn:gd:story:classification:gcp_movement:competitionId:285023:number_of_involvements:rank_asc:page:11
479086,285023_44005,Azizjon Ganiev,Uzbekistan,MF,35,7,23,5,13,22,2,19,28,138,movement,urn:gd:story:classification:gcp_movement:competitionId:285023:number_of_involvements:rank_asc:page:11,urn:gd:story:classification:gcp_movement:competitionId:285023:number_of_involvements:rank_asc:page:11
433439,285023_43835,Ali Lajami,Saudi Arabia,DF,11,0,1,10,6,5,0,1,16,138,movement,urn:gd:story:classification:gcp_movement:competitionId:285023:number_of_involvements:rank_asc:page:11,urn:gd:story:classification:gcp_movement:competitionId:285023:number_of_involvements:rank_asc:page:11
396885,285023_43835,Mohammed Alowais,Saudi Arabia,GK,6,0,0,6,5,1,0,0,2,138,movement,urn:gd:story:classification:gcp_movement:competitionId:285023:number_of_involvements:rank_asc:page:11,urn:gd:story:classification:gcp_movement:competitionId:285023:number_of_involvements:rank_asc:page:11
405877,285023_43843,Amine Gouiri,Algeria,FW,188,69,107,12,139,49,3,40,40,137,movement,urn:gd:story:classification:gcp_movement:competitionId:285023:number_of_involvements:rank_asc:page:11,urn:gd:story:classification:gcp_movement:competitionId:285023:number_of_involvements:rank_asc:page:11
390525,285023_43822,Lee Jaesung,Korea Republic,MF,66,18,38,10,43,23,4,28,40,137,movement,urn:gd:story:classification:gcp_movement:competitionId:285023:number_of_involvements:rank_asc:page:11,urn:gd:story:classification:gcp_movement:competitionId:285023:number_of_involvements:rank_asc:page:11
484051,285023_43967,Kenny Mclean,Scotland,MF,56,2,24,30,42,14,1,4,21,137,movement,urn:gd:story:classification:gcp_movement:competitionId:285023:number_of_involvements:rank_asc:page:11,urn:gd:story:classification:gcp_movement:competitionId:285023:number_of_involvements:rank_asc:page:11
448815,285023_43879,Iliman Ndiaye,Senegal,FW,67,17,36,14,33,34,3,38,49,137,movement,urn:gd:story:classification:gcp_movement:competitionId:285023:number_of_involvements:rank_asc:page:11,urn:gd:story:classification:gcp_movement:competitionId:285023:number_of_involvements:rank_asc:page:11
448411,285023_43899,Jacob Shaffelburg,Canada,MF,62,30,23,9,12,50,6,25,25,137,movement,urn:gd:story:classification:gcp_movement:competitionId:285023:number_of_involvements:rank_asc:page:11,urn:gd:story:classification:gcp_movement:competitionId:285023:number_of_involvements:rank_asc:page:11
356704,285023_43926,Juan Quintero,Colombia,MF,41,6,24,11,23,18,0,16,22,136,movement,urn:gd:story:classification:gcp_movement:competitionId:285023:number_of_involvements:rank_asc:page:11,urn:gd:story:classification:gcp_movement:competitionId:285023:number_of_involvements:rank_asc:page:11
419068,285023_43921,Giovanni Reyna,USA,MF,71,7,43,21,44,27,1,26,45,136,movement,urn:gd:story:classification:gcp_movement:competitionId:285023:number_of_involvements:rank_asc:page:11,urn:gd:story:classification:gcp_movement:competitionId:285023:number_of_involvements:rank_asc:page:11
494640,285023_44037,Amar Memic,Bosnia and Herzegovina,MF,67,38,19,10,22,45,0,20,40,135,movement,urn:gd:story:classification:gcp_movement:competitionId:285023:number_of_involvements:rank_asc:page:11,urn:gd:story:classification:gcp_movement:competitionId:285023:number_of_involvements:rank_asc:page:11
393480,285023_43971,Breel Embolo,Switzerland,FW,115,77,37,1,103,12,10,50,59,135,movement,urn:gd:story:classification:gcp_movement:competitionId:285023:number_of_involvements:rank_asc:page:11,urn:gd:story:classification:gcp_movement:competitionId:285023:number_of_involvements:rank_asc:page:11
441341,285023_43860,Elisha Owusu,Ghana,MF,36,8,9,19,23,13,2,7,41,134,movement,urn:gd:story:classification:gcp_movement:competitionId:285023:number_of_involvements:rank_asc:page:11,urn:gd:story:classification:gcp_movement:competitionId:285023:number_of_involvements:rank_asc:page:11
430657,285023_43948,David Raum,Germany,DF,54,27,14,13,18,36,4,13,15,134,movement,urn:gd:story:classification:gcp_movement:competitionId:285023:number_of_involvements:rank_asc:page:11,urn:gd:story:classification:gcp_movement:competitionId:285023:number_of_involvements:rank_asc:page:11
424119,285023_20014,Nathanael Mbuku,Congo DR,MF,45,12,26,7,11,34,0,27,36,134,movement,urn:gd:story:classification:gcp_movement:competitionId:285023:number_of_involvements:rank_asc:page:11,urn:gd:story:classification:gcp_movement:competitionId:285023:number_of_involvements:rank_asc:page:11
434025,285023_43818,Zaid Tahseen,Iraq,DF,15,0,1,14,4,11,0,2,18,134,movement,urn:gd:story:classification:gcp_movement:competitionId:285023:number_of_involvements:rank_asc:page:11,urn:gd:story:classification:gcp_movement:competitionId:285023:number_of_involvements:rank_asc:page:11
411624,285023_43835,Abdullah Alkhaibari,Saudi Arabia,MF,46,1,15,30,33,13,0,7,30,133,movement,urn:gd:story:classification:gcp_movement:competitionId:285023:number_of_involvements:rank_asc:page:11,urn:gd:story:classification:gcp_movement:competitionId:285023:number_of_involvements:rank_asc:page:11
486130,285023_43879,Habib Diarra,Senegal,MF,68,36,19,13,52,16,1,15,33,133,movement,urn:gd:story:classification:gcp_movement:competitionId:285023:number_of_involvements:rank_asc:page:11,urn:gd:story:classification:gcp_movement:competitionId:285023:number_of_involvements:rank_asc:page:11
428905,285023_43926,Luis Suarez,Colombia,FW,160,63,95,2,142,18,5,52,45,133,movement,urn:gd:story:classification:gcp_movement:competitionId:285023:number_of_involvements:rank_asc:page:11,urn:gd:story:classification:gcp_movement:competitionId:285023:number_of_involvements:rank_asc:page:11
389907,285023_43972,Salih Ozcan,Türkiye,MF,27,1,6,20,23,4,0,1,30,133,movement,urn:gd:story:classification:gcp_movement:competitionId:285023:number_of_involvements:rank_asc:page:11,urn:gd:story:classification:gcp_movement:competitionId:285023:number_of_involvements:rank_asc:page:11
385248,285023_43934,Florian Grillitsch,Austria,MF,31,2,10,19,22,9,0,3,16,133,movement,urn:gd:story:classification:gcp_movement:competitionId:285023:number_of_involvements:rank_asc:page:11,urn:gd:story:classification:gcp_movement:competitionId:285023:number_of_involvements:rank_asc:page:11
433806,285023_43879,Edouard Mendy,Senegal,GK,18,0,0,18,15,3,0,0,2,132,movement,urn:gd:story:classification:gcp_movement:competitionId:285023:number_of_involvements:rank_asc:page:11,urn:gd:story:classification:gcp_movement:competitionId:285023:number_of_involvements:rank_asc:page:11
486929,285023_43899,Tani Oluwaseyi,Canada,FW,132,94,36,2,107,25,6,49,55,131,movement,urn:gd:story:classification:gcp_movement:competitionId:285023:number_of_involvements:rank_asc:page:11,urn:gd:story:classification:gcp_movement:competitionId:285023:number_of_involvements:rank_asc:page:11
369434,285023_43942,John Stones,England,DF,5,0,0,5,3,2,0,0,5,131,movement,urn:gd:story:classification:gcp_movement:competitionId:285023:number_of_involvements:rank_asc:page:11,urn:gd:story:classification:gcp_movement:competitionId:285023:number_of_involvements:rank_asc:page:11
489685,285023_43970,Jacob Widell Zetterstrom,Sweden,GK,9,0,0,9,6,3,0,0,1,131,movement,urn:gd:story:classification:gcp_movement:competitionId:285023:number_of_involvements:rank_asc:page:12,urn:gd:story:classification:gcp_movement:competitionId:285023:number_of_involvements:rank_asc:page:12
486161,285023_43883,Relebohile Mofokeng,South Africa,FW,56,18,34,4,37,19,3,34,22,130,movement,urn:gd:story:classification:gcp_movement:competitionId:285023:number_of_involvements:rank_asc:page:12,urn:gd:story:classification:gcp_movement:competitionId:285023:number_of_involvements:rank_asc:page:12
389782,285023_43927,Pervis Estupinan,Ecuador,DF,48,24,13,11,22,26,3,23,19,130,movement,urn:gd:story:classification:gcp_movement:competitionId:285023:number_of_involvements:rank_asc:page:12,urn:gd:story:classification:gcp_movement:competitionId:285023:number_of_involvements:rank_asc:page:12
402898,285023_43930,Nicolas De La Cruz,Uruguay,MF,69,15,33,21,47,22,1,13,33,130,movement,urn:gd:story:classification:gcp_movement:competitionId:285023:number_of_involvements:rank_asc:page:12,urn:gd:story:classification:gcp_movement:competitionId:285023:number_of_involvements:rank_asc:page:12
436599,285023_43921,Miles Robinson,USA,DF,15,0,0,15,10,5,0,1,18,129,movement,urn:gd:story:classification:gcp_movement:competitionId:285023:number_of_involvements:rank_asc:page:12,urn:gd:story:classification:gcp_movement:competitionId:285023:number_of_involvements:rank_asc:page:12
486082,285023_43995,Pavel Sulc,Czechia,FW,100,39,59,2,55,45,4,36,47,129,movement,urn:gd:story:classification:gcp_movement:competitionId:285023:number_of_involvements:rank_asc:page:12,urn:gd:story:classification:gcp_movement:competitionId:285023:number_of_involvements:rank_asc:page:12
433585,285023_43818,Ibrahim Bayesh,Iraq,MF,90,50,35,5,42,48,2,24,42,128,movement,urn:gd:story:classification:gcp_movement:competitionId:285023:number_of_involvements:rank_asc:page:12,urn:gd:story:classification:gcp_movement:competitionId:285023:number_of_involvements:rank_asc:page:12
407022,285023_43855,Karim Hafez,Egypt,DF,23,4,10,9,5,18,3,2,24,128,movement,urn:gd:story:classification:gcp_movement:competitionId:285023:number_of_involvements:rank_asc:page:12,urn:gd:story:classification:gcp_movement:competitionId:285023:number_of_involvements:rank_asc:page:12
448149,285023_43960,Teun Koopmeiners,Netherlands,MF,44,8,13,23,29,15,0,4,7,127,movement,urn:gd:story:classification:gcp_movement:competitionId:285023:number_of_involvements:rank_asc:page:12,urn:gd:story:classification:gcp_movement:competitionId:285023:number_of_involvements:rank_asc:page:12
431861,285023_43946,Rayan Cherki,France,MF,32,4,20,8,23,9,2,15,28,125,movement,urn:gd:story:classification:gcp_movement:competitionId:285023:number_of_involvements:rank_asc:page:12,urn:gd:story:classification:gcp_movement:competitionId:285023:number_of_involvements:rank_asc:page:12
441422,285023_43922,Nico Paz,Argentina,FW,73,7,47,19,50,23,0,12,51,125,movement,urn:gd:story:classification:gcp_movement:competitionId:285023:number_of_involvements:rank_asc:page:12,urn:gd:story:classification:gcp_movement:competitionId:285023:number_of_involvements:rank_asc:page:12
373400,285023_43927,Enner Valencia,Ecuador,FW,98,56,35,7,64,34,9,42,43,125,movement,urn:gd:story:classification:gcp_movement:competitionId:285023:number_of_involvements:rank_asc:page:12,urn:gd:story:classification:gcp_movement:competitionId:285023:number_of_involvements:rank_asc:page:12
475260,285023_44005,Behruzjon Karimov,Uzbekistan,DF,60,8,42,10,7,53,1,12,30,125,movement,urn:gd:story:classification:gcp_movement:competitionId:285023:number_of_involvements:rank_asc:page:12,urn:gd:story:classification:gcp_movement:competitionId:285023:number_of_involvements:rank_asc:page:12
486306,285023_43976,Nestory Irankunda,Australia,FW,55,34,20,1,36,19,6,43,51,124,movement,urn:gd:story:classification:gcp_movement:competitionId:285023:number_of_involvements:rank_asc:page:12,urn:gd:story:classification:gcp_movement:competitionId:285023:number_of_involvements:rank_asc:page:12
433571,285023_43818,Ahmed Basil,Iraq,GK,12,0,0,12,8,4,0,0,2,124,movement,urn:gd:story:classification:gcp_movement:competitionId:285023:number_of_involvements:rank_asc:page:12,urn:gd:story:classification:gcp_movement:competitionId:285023:number_of_involvements:rank_asc:page:12
397775,285023_43908,Carlens Arcus,Haiti,DF,41,11,25,5,10,31,0,11,10,124,movement,urn:gd:story:classification:gcp_movement:competitionId:285023:number_of_involvements:rank_asc:page:12,urn:gd:story:classification:gcp_movement:competitionId:285023:number_of_involvements:rank_asc:page:12
353235,285023_43860,Jordan Ayew,Ghana,FW,86,51,28,7,58,28,4,37,45,124,movement,urn:gd:story:classification:gcp_movement:competitionId:285023:number_of_involvements:rank_asc:page:12,urn:gd:story:classification:gcp_movement:competitionId:285023:number_of_involvements:rank_asc:page:12
499913,285023_43921,Matt Freese,USA,GK,12,0,0,12,8,4,0,0,3,123,movement,urn:gd:story:classification:gcp_movement:competitionId:285023:number_of_involvements:rank_asc:page:12,urn:gd:story:classification:gcp_movement:competitionId:285023:number_of_involvements:rank_asc:page:12
423700,285023_43921,Joe Scally,USA,DF,43,11,17,15,10,33,2,10,25,122,movement,urn:gd:story:classification:gcp_movement:competitionId:285023:number_of_involvements:rank_asc:page:12,urn:gd:story:classification:gcp_movement:competitionId:285023:number_of_involvements:rank_asc:page:12
430385,285023_43822,Kim Jingyu,Korea Republic,MF,14,1,6,7,11,3,0,5,19,122,movement,urn:gd:story:classification:gcp_movement:competitionId:285023:number_of_involvements:rank_asc:page:12,urn:gd:story:classification:gcp_movement:competitionId:285023:number_of_involvements:rank_asc:page:12
397894,285023_43820,Yazeed Abulaila,Jordan,GK,9,0,0,9,7,2,0,0,0,122,movement,urn:gd:story:classification:gcp_movement:competitionId:285023:number_of_involvements:rank_asc:page:12,urn:gd:story:classification:gcp_movement:competitionId:285023:number_of_involvements:rank_asc:page:12
484065,285023_43972,Eren Elmali,Türkiye,DF,26,12,11,3,11,15,3,8,30,121,movement,urn:gd:story:classification:gcp_movement:competitionId:285023:number_of_involvements:rank_asc:page:12,urn:gd:story:classification:gcp_movement:competitionId:285023:number_of_involvements:rank_asc:page:12
510757,285023_43908,Josue Casimir,Haiti,FW,71,39,29,3,35,36,2,20,46,121,movement,urn:gd:story:classification:gcp_movement:competitionId:285023:number_of_involvements:rank_asc:page:12,urn:gd:story:classification:gcp_movement:competitionId:285023:number_of_involvements:rank_asc:page:12
401023,285023_1895293,Joshua Brenet,Curaçao,DF,44,18,20,6,8,36,1,10,32,121,movement,urn:gd:story:classification:gcp_movement:competitionId:285023:number_of_involvements:rank_asc:page:12,urn:gd:story:classification:gcp_movement:competitionId:285023:number_of_involvements:rank_asc:page:12
430631,285023_43922,Nico Gonzalez,Argentina,MF,44,33,9,2,28,16,16,26,32,120,movement,urn:gd:story:classification:gcp_movement:competitionId:285023:number_of_involvements:rank_asc:page:12,urn:gd:story:classification:gcp_movement:competitionId:285023:number_of_involvements:rank_asc:page:12
433872,285023_43924,Raphinha,Brazil,FW,86,39,41,6,40,46,5,28,37,120,movement,urn:gd:story:classification:gcp_movement:competitionId:285023:number_of_involvements:rank_asc:page:12,urn:gd:story:classification:gcp_movement:competitionId:285023:number_of_involvements:rank_asc:page:12
466624,285023_43921,Folarin Balogun,USA,FW,127,70,55,2,99,28,14,44,47,119,movement,urn:gd:story:classification:gcp_movement:competitionId:285023:number_of_involvements:rank_asc:page:12,urn:gd:story:classification:gcp_movement:competitionId:285023:number_of_involvements:rank_asc:page:12
380005,285023_43938,Mario Pasalic,Croatia,MF,31,3,17,11,23,8,0,9,22,119,movement,urn:gd:story:classification:gcp_movement:competitionId:285023:number_of_involvements:rank_asc:page:12,urn:gd:story:classification:gcp_movement:competitionId:285023:number_of_involvements:rank_asc:page:12
484139,285023_43972,Baris Alper Yilmaz,Türkiye,FW,103,65,34,4,47,56,8,43,49,119,movement,urn:gd:story:classification:gcp_movement:competitionId:285023:number_of_involvements:rank_asc:page:12,urn:gd:story:classification:gcp_movement:competitionId:285023:number_of_involvements:rank_asc:page:12
274078,285023_43978,Chris Wood,New Zealand,FW,108,48,59,1,77,31,0,54,55,119,movement,urn:gd:story:classification:gcp_movement:competitionId:285023:number_of_involvements:rank_asc:page:12,urn:gd:story:classification:gcp_movement:competitionId:285023:number_of_involvements:rank_asc:page:12
502946,285023_43970,Benjamin Nygren,Sweden,MF,81,16,55,10,51,30,1,17,33,119,movement,urn:gd:story:classification:gcp_movement:competitionId:285023:number_of_involvements:rank_asc:page:12,urn:gd:story:classification:gcp_movement:competitionId:285023:number_of_involvements:rank_asc:page:12
479075,285023_44005,Sherzod Nasrullaev,Uzbekistan,DF,29,9,15,5,5,24,1,16,20,118,movement,urn:gd:story:classification:gcp_movement:competitionId:285023:number_of_involvements:rank_asc:page:12,urn:gd:story:classification:gcp_movement:competitionId:285023:number_of_involvements:rank_asc:page:12
406231,285023_43972,Yunus Akgun,Türkiye,FW,71,35,29,7,36,35,0,24,24,117,movement,urn:gd:story:classification:gcp_movement:competitionId:285023:number_of_involvements:rank_asc:page:12,urn:gd:story:classification:gcp_movement:competitionId:285023:number_of_involvements:rank_asc:page:12
464533,285023_43911,Brian Gutierrez,Mexico,MF,102,24,60,18,69,33,3,22,33,117,movement,urn:gd:story:classification:gcp_movement:competitionId:285023:number_of_involvements:rank_asc:page:12,urn:gd:story:classification:gcp_movement:competitionId:285023:number_of_involvements:rank_asc:page:12
430413,285023_43819,Ayase Ueda,Japan,FW,165,82,80,3,141,24,2,45,59,117,movement,urn:gd:story:classification:gcp_movement:competitionId:285023:number_of_involvements:rank_asc:page:12,urn:gd:story:classification:gcp_movement:competitionId:285023:number_of_involvements:rank_asc:page:12
430450,285023_43976,Jacob Italiano,Australia,DF,44,19,22,3,17,27,3,25,24,116,movement,urn:gd:story:classification:gcp_movement:competitionId:285023:number_of_involvements:rank_asc:page:12,urn:gd:story:classification:gcp_movement:competitionId:285023:number_of_involvements:rank_asc:page:12
448364,285023_43935,Amadou Onana,Belgium,MF,39,2,16,21,31,8,0,6,20,116,movement,urn:gd:story:classification:gcp_movement:competitionId:285023:number_of_involvements:rank_asc:page:12,urn:gd:story:classification:gcp_movement:competitionId:285023:number_of_involvements:rank_asc:page:12
482931,285023_43938,Marco Pasalic,Croatia,FW,42,21,17,4,9,33,6,33,32,115,movement,urn:gd:story:classification:gcp_movement:competitionId:285023:number_of_involvements:rank_asc:page:12,urn:gd:story:classification:gcp_movement:competitionId:285023:number_of_involvements:rank_asc:page:12
519958,285023_43970,Elliot Stroud,Sweden,DF,37,9,19,9,10,27,0,10,21,115,movement,urn:gd:story:classification:gcp_movement:competitionId:285023:number_of_involvements:rank_asc:page:12,urn:gd:story:classification:gcp_movement:competitionId:285023:number_of_involvements:rank_asc:page:12
360496,285023_43970,Kristoffer Nordfeldt,Sweden,GK,8,0,0,8,5,3,0,0,1,115,movement,urn:gd:story:classification:gcp_movement:competitionId:285023:number_of_involvements:rank_asc:page:12,urn:gd:story:classification:gcp_movement:competitionId:285023:number_of_involvements:rank_asc:page:12
504329,285023_20014,Steve Kapuadi,Congo DR,DF,22,3,1,18,7,15,0,2,11,114,movement,urn:gd:story:classification:gcp_movement:competitionId:285023:number_of_involvements:rank_asc:page:12,urn:gd:story:classification:gcp_movement:competitionId:285023:number_of_involvements:rank_asc:page:12
418795,285023_43879,Nicolas Jackson,Senegal,FW,127,73,40,14,96,31,4,38,42,114,movement,urn:gd:story:classification:gcp_movement:competitionId:285023:number_of_involvements:rank_asc:page:12,urn:gd:story:classification:gcp_movement:competitionId:285023:number_of_involvements:rank_asc:page:12
431698,285023_1895293,Jurien Gaari,Curaçao,DF,21,0,2,19,11,10,0,3,24,114,movement,urn:gd:story:classification:gcp_movement:competitionId:285023:number_of_involvements:rank_asc:page:12,urn:gd:story:classification:gcp_movement:competitionId:285023:number_of_involvements:rank_asc:page:12
382312,285023_43976,Cameron Burgess,Australia,DF,9,0,1,8,3,6,0,0,20,113,movement,urn:gd:story:classification:gcp_movement:competitionId:285023:number_of_involvements:rank_asc:page:12,urn:gd:story:classification:gcp_movement:competitionId:285023:number_of_involvements:rank_asc:page:12
492716,285023_43942,Morgan Rogers,England,MF,96,45,35,16,72,24,3,31,41,113,movement,urn:gd:story:classification:gcp_movement:competitionId:285023:number_of_involvements:rank_asc:page:12,urn:gd:story:classification:gcp_movement:competitionId:285023:number_of_involvements:rank_asc:page:12
401712,285023_43967,Kieran Tierney,Scotland,DF,47,14,22,11,8,39,1,17,20,113,movement,urn:gd:story:classification:gcp_movement:competitionId:285023:number_of_involvements:rank_asc:page:12,urn:gd:story:classification:gcp_movement:competitionId:285023:number_of_involvements:rank_asc:page:12
489550,285023_43820,Husam Abudahab,Jordan,DF,22,1,4,17,8,14,0,0,15,112,movement,urn:gd:story:classification:gcp_movement:competitionId:285023:number_of_involvements:rank_asc:page:12,urn:gd:story:classification:gcp_movement:competitionId:285023:number_of_involvements:rank_asc:page:12
436743,285023_44037,Ermedin Demirovic,Bosnia and Herzegovina,FW,106,67,31,8,82,24,3,36,53,112,movement,urn:gd:story:classification:gcp_movement:competitionId:285023:number_of_involvements:rank_asc:page:12,urn:gd:story:classification:gcp_movement:competitionId:285023:number_of_involvements:rank_asc:page:12
300409,285023_44037,Edin Dzeko,Bosnia and Herzegovina,FW,55,16,33,6,40,15,4,22,36,111,movement,urn:gd:story:classification:gcp_movement:competitionId:285023:number_of_involvements:rank_asc:page:12,urn:gd:story:classification:gcp_movement:competitionId:285023:number_of_involvements:rank_asc:page:12
418535,285023_43963,Joao Felix,Portugal,FW,105,41,44,20,74,31,4,36,49,110,movement,urn:gd:story:classification:gcp_movement:competitionId:285023:number_of_involvements:rank_asc:page:12,urn:gd:story:classification:gcp_movement:competitionId:285023:number_of_involvements:rank_asc:page:12
484011,285023_43995,Lukas Provod,Czechia,MF,50,31,15,4,24,26,2,24,20,109,movement,urn:gd:story:classification:gcp_movement:competitionId:285023:number_of_involvements:rank_asc:page:13,urn:gd:story:classification:gcp_movement:competitionId:285023:number_of_involvements:rank_asc:page:13
407680,285023_1895293,Juergen Locadia,Curaçao,FW,67,47,20,0,44,23,2,42,42,108,movement,urn:gd:story:classification:gcp_movement:competitionId:285023:number_of_involvements:rank_asc:page:13,urn:gd:story:classification:gcp_movement:competitionId:285023:number_of_involvements:rank_asc:page:13
395414,285023_43922,Giovani Lo Celso,Argentina,MF,46,4,22,20,31,15,0,7,27,108,movement,urn:gd:story:classification:gcp_movement:competitionId:285023:number_of_involvements:rank_asc:page:13,urn:gd:story:classification:gcp_movement:competitionId:285023:number_of_involvements:rank_asc:page:13
390272,285023_43921,Auston Trusty,USA,DF,18,3,5,10,3,15,2,5,11,108,movement,urn:gd:story:classification:gcp_movement:competitionId:285023:number_of_involvements:rank_asc:page:13,urn:gd:story:classification:gcp_movement:competitionId:285023:number_of_involvements:rank_asc:page:13
433161,285023_20014,Edo Kayembe,Congo DR,MF,64,7,37,20,42,22,1,18,37,108,movement,urn:gd:story:classification:gcp_movement:competitionId:285023:number_of_involvements:rank_asc:page:13,urn:gd:story:classification:gcp_movement:competitionId:285023:number_of_involvements:rank_asc:page:13
479316,285023_43822,Park Jinseob,Korea Republic,DF,8,2,2,4,4,4,1,1,6,108,movement,urn:gd:story:classification:gcp_movement:competitionId:285023:number_of_involvements:rank_asc:page:13,urn:gd:story:classification:gcp_movement:competitionId:285023:number_of_involvements:rank_asc:page:13
419291,285023_43835,Feras Albrikan,Saudi Arabia,FW,51,27,23,1,33,18,2,38,41,108,movement,urn:gd:story:classification:gcp_movement:competitionId:285023:number_of_involvements:rank_asc:page:13,urn:gd:story:classification:gcp_movement:competitionId:285023:number_of_involvements:rank_asc:page:13
463221,285023_43883,Nkosinathi Sibisi,South Africa,DF,16,0,2,14,4,12,0,0,12,108,movement,urn:gd:story:classification:gcp_movement:competitionId:285023:number_of_involvements:rank_asc:page:13,urn:gd:story:classification:gcp_movement:competitionId:285023:number_of_involvements:rank_asc:page:13
433066,285023_43960,Donyell Malen,Netherlands,FW,82,40,30,12,46,36,4,42,38,107,movement,urn:gd:story:classification:gcp_movement:competitionId:285023:number_of_involvements:rank_asc:page:13,urn:gd:story:classification:gcp_movement:competitionId:285023:number_of_involvements:rank_asc:page:13
483936,285023_43995,David Doudera,Czechia,DF,23,10,10,3,7,16,0,10,20,107,movement,urn:gd:story:classification:gcp_movement:competitionId:285023:number_of_involvements:rank_asc:page:13,urn:gd:story:classification:gcp_movement:competitionId:285023:number_of_involvements:rank_asc:page:13
405527,285023_43819,Ayumu Seko,Japan,DF,7,1,0,6,4,3,0,2,9,107,movement,urn:gd:story:classification:gcp_movement:competitionId:285023:number_of_involvements:rank_asc:page:13,urn:gd:story:classification:gcp_movement:competitionId:285023:number_of_involvements:rank_asc:page:13
429063,285023_43834,Edmilson Junior,Qatar,FW,68,40,25,3,21,47,8,16,38,106,movement,urn:gd:story:classification:gcp_movement:competitionId:285023:number_of_involvements:rank_asc:page:13,urn:gd:story:classification:gcp_movement:competitionId:285023:number_of_involvements:rank_asc:page:13
480966,285023_43850,Laros Duarte,Cabo Verde,MF,82,7,65,10,62,20,3,16,34,106,movement,urn:gd:story:classification:gcp_movement:competitionId:285023:number_of_involvements:rank_asc:page:13,urn:gd:story:classification:gcp_movement:competitionId:285023:number_of_involvements:rank_asc:page:13
418798,285023_43879,Pape Matar Sarr,Senegal,MF,36,6,12,18,24,12,1,4,13,106,movement,urn:gd:story:classification:gcp_movement:competitionId:285023:number_of_involvements:rank_asc:page:13,urn:gd:story:classification:gcp_movement:competitionId:285023:number_of_involvements:rank_asc:page:13
405175,285023_43854,Seko Fofana,Côte d'Ivoire,MF,24,4,16,4,18,6,1,6,29,106,movement,urn:gd:story:classification:gcp_movement:competitionId:285023:number_of_involvements:rank_asc:page:13,urn:gd:story:classification:gcp_movement:competitionId:285023:number_of_involvements:rank_asc:page:13
479110,285023_44005,Abduvohid Nematov,Uzbekistan,GK,18,0,0,18,13,5,0,0,3,106,movement,urn:gd:story:classification:gcp_movement:competitionId:285023:number_of_involvements:rank_asc:page:13,urn:gd:story:classification:gcp_movement:competitionId:285023:number_of_involvements:rank_asc:page:13
402974,285023_43927,Angelo Preciado,Ecuador,DF,29,11,10,8,4,25,3,16,22,106,movement,urn:gd:story:classification:gcp_movement:competitionId:285023:number_of_involvements:rank_asc:page:13,urn:gd:story:classification:gcp_movement:competitionId:285023:number_of_involvements:rank_asc:page:13
433724,285023_43850,Willy Semedo,Cabo Verde,MF,61,29,28,4,23,38,1,28,33,105,movement,urn:gd:story:classification:gcp_movement:competitionId:285023:number_of_involvements:rank_asc:page:13,urn:gd:story:classification:gcp_movement:competitionId:285023:number_of_involvements:rank_asc:page:13
395083,285023_43822,Hwang Heechan,Korea Republic,MF,57,15,28,14,28,29,1,18,29,105,movement,urn:gd:story:classification:gcp_movement:competitionId:285023:number_of_involvements:rank_asc:page:13,urn:gd:story:classification:gcp_movement:competitionId:285023:number_of_involvements:rank_asc:page:13
396950,285023_43820,Mahmoud Almardi,Jordan,FW,80,28,48,4,49,31,4,17,37,105,movement,urn:gd:story:classification:gcp_movement:competitionId:285023:number_of_involvements:rank_asc:page:13,urn:gd:story:classification:gcp_movement:competitionId:285023:number_of_involvements:rank_asc:page:13
409191,285023_43938,Nikola Vlasic,Croatia,MF,67,30,28,9,38,29,1,22,45,105,movement,urn:gd:story:classification:gcp_movement:competitionId:285023:number_of_involvements:rank_asc:page:13,urn:gd:story:classification:gcp_movement:competitionId:285023:number_of_involvements:rank_asc:page:13
441166,285023_43995,Jaroslav Zeleny,Czechia,DF,21,8,11,2,6,15,2,15,11,105,movement,urn:gd:story:classification:gcp_movement:competitionId:285023:number_of_involvements:rank_asc:page:13,urn:gd:story:classification:gcp_movement:competitionId:285023:number_of_involvements:rank_asc:page:13
442431,285023_43967,Scott Mckenna,Scotland,DF,0,0,0,0,0,0,0,1,4,105,movement,urn:gd:story:classification:gcp_movement:competitionId:285023:number_of_involvements:rank_asc:page:13,urn:gd:story:classification:gcp_movement:competitionId:285023:number_of_involvements:rank_asc:page:13
419077,285023_43921,Mark Mckenzie,USA,DF,2,0,0,2,1,1,0,0,8,104,movement,urn:gd:story:classification:gcp_movement:competitionId:285023:number_of_involvements:rank_asc:page:13,urn:gd:story:classification:gcp_movement:competitionId:285023:number_of_involvements:rank_asc:page:13
416576,285023_43911,Alvaro Fidalgo,Mexico,MF,60,5,39,16,31,29,0,15,12,104,movement,urn:gd:story:classification:gcp_movement:competitionId:285023:number_of_involvements:rank_asc:page:13,urn:gd:story:classification:gcp_movement:competitionId:285023:number_of_involvements:rank_asc:page:13
479079,285023_44005,Khojiakbar Alijonov,Uzbekistan,DF,16,6,9,1,1,15,5,19,41,103,movement,urn:gd:story:classification:gcp_movement:competitionId:285023:number_of_involvements:rank_asc:page:13,urn:gd:story:classification:gcp_movement:competitionId:285023:number_of_involvements:rank_asc:page:13
448103,285023_43971,Fabian Rieder,Switzerland,MF,79,31,43,5,50,29,4,24,38,103,movement,urn:gd:story:classification:gcp_movement:competitionId:285023:number_of_involvements:rank_asc:page:13,urn:gd:story:classification:gcp_movement:competitionId:285023:number_of_involvements:rank_asc:page:13
423880,285023_43822,Lee Taeseok,Korea Republic,DF,56,32,20,4,18,38,3,14,20,103,movement,urn:gd:story:classification:gcp_movement:competitionId:285023:number_of_involvements:rank_asc:page:13,urn:gd:story:classification:gcp_movement:competitionId:285023:number_of_involvements:rank_asc:page:13
431211,285023_43820,Mousa Altamari,Jordan,FW,81,47,25,9,50,31,6,33,45,102,movement,urn:gd:story:classification:gcp_movement:competitionId:285023:number_of_involvements:rank_asc:page:13,urn:gd:story:classification:gcp_movement:competitionId:285023:number_of_involvements:rank_asc:page:13
464933,285023_44005,Abbosbek Fayzullaev,Uzbekistan,MF,104,45,52,7,64,40,0,30,33,102,movement,urn:gd:story:classification:gcp_movement:competitionId:285023:number_of_involvements:rank_asc:page:13,urn:gd:story:classification:gcp_movement:competitionId:285023:number_of_involvements:rank_asc:page:13
395205,285023_43963,Bernardo Silva,Portugal,MF,52,26,11,15,31,21,1,9,15,101,movement,urn:gd:story:classification:gcp_movement:competitionId:285023:number_of_involvements:rank_asc:page:13,urn:gd:story:classification:gcp_movement:competitionId:285023:number_of_involvements:rank_asc:page:13
433426,285023_43872,Soufiane Rahimi,Morocco,FW,90,64,21,5,70,20,10,29,30,101,movement,urn:gd:story:classification:gcp_movement:competitionId:285023:number_of_involvements:rank_asc:page:13,urn:gd:story:classification:gcp_movement:competitionId:285023:number_of_involvements:rank_asc:page:13
494627,285023_43961,Thelo Aasgaard,Norway,MF,59,9,31,19,44,15,0,14,34,99,movement,urn:gd:story:classification:gcp_movement:competitionId:285023:number_of_involvements:rank_asc:page:13,urn:gd:story:classification:gcp_movement:competitionId:285023:number_of_involvements:rank_asc:page:13
404885,285023_43995,Tomas Soucek,Czechia,MF,27,3,16,8,20,7,0,5,17,99,movement,urn:gd:story:classification:gcp_movement:competitionId:285023:number_of_involvements:rank_asc:page:13,urn:gd:story:classification:gcp_movement:competitionId:285023:number_of_involvements:rank_asc:page:13
448377,285023_43935,Dodi Lukebakio,Belgium,FW,69,32,21,16,25,44,1,18,16,98,movement,urn:gd:story:classification:gcp_movement:competitionId:285023:number_of_involvements:rank_asc:page:13,urn:gd:story:classification:gcp_movement:competitionId:285023:number_of_involvements:rank_asc:page:13
494293,285023_43872,Chemsdine Talbi,Morocco,MF,53,25,17,11,11,42,0,16,24,98,movement,urn:gd:story:classification:gcp_movement:competitionId:285023:number_of_involvements:rank_asc:page:13,urn:gd:story:classification:gcp_movement:competitionId:285023:number_of_involvements:rank_asc:page:13
486081,285023_43995,Lukas Cerv,Czechia,MF,67,2,28,37,54,13,0,4,18,97,movement,urn:gd:story:classification:gcp_movement:competitionId:285023:number_of_involvements:rank_asc:page:13,urn:gd:story:classification:gcp_movement:competitionId:285023:number_of_involvements:rank_asc:page:13
464457,285023_43818,Ali Jasim,Iraq,FW,55,16,32,7,21,34,4,23,39,96,movement,urn:gd:story:classification:gcp_movement:competitionId:285023:number_of_involvements:rank_asc:page:13,urn:gd:story:classification:gcp_movement:competitionId:285023:number_of_involvements:rank_asc:page:13
419082,285023_43921,Ricardo Pepi,USA,FW,107,65,36,6,86,21,2,39,42,96,movement,urn:gd:story:classification:gcp_movement:competitionId:285023:number_of_involvements:rank_asc:page:13,urn:gd:story:classification:gcp_movement:competitionId:285023:number_of_involvements:rank_asc:page:13
315614,285023_43926,Santiago Arias,Colombia,DF,28,17,7,4,5,23,4,9,16,95,movement,urn:gd:story:classification:gcp_movement:competitionId:285023:number_of_involvements:rank_asc:page:13,urn:gd:story:classification:gcp_movement:competitionId:285023:number_of_involvements:rank_asc:page:13
482874,285023_43843,Anis Hadj Moussa,Algeria,FW,50,24,22,4,15,35,2,20,27,95,movement,urn:gd:story:classification:gcp_movement:competitionId:285023:number_of_involvements:rank_asc:page:13,urn:gd:story:classification:gcp_movement:competitionId:285023:number_of_involvements:rank_asc:page:13
433092,285023_43935,Alexis Saelemaekers,Belgium,MF,64,20,31,13,32,32,1,27,16,95,movement,urn:gd:story:classification:gcp_movement:competitionId:285023:number_of_involvements:rank_asc:page:13,urn:gd:story:classification:gcp_movement:competitionId:285023:number_of_involvements:rank_asc:page:13
499290,285023_43938,Luka Vuskovic,Croatia,DF,8,0,1,7,5,3,0,0,2,94,movement,urn:gd:story:classification:gcp_movement:competitionId:285023:number_of_involvements:rank_asc:page:13,urn:gd:story:classification:gcp_movement:competitionId:285023:number_of_involvements:rank_asc:page:13
486076,285023_43972,Oguz Aydin,Türkiye,FW,15,10,4,1,6,9,2,15,27,94,movement,urn:gd:story:classification:gcp_movement:competitionId:285023:number_of_involvements:rank_asc:page:13,urn:gd:story:classification:gcp_movement:competitionId:285023:number_of_involvements:rank_asc:page:13
356412,285023_43971,Silvan Widmer,Switzerland,DF,43,16,17,10,10,33,3,4,15,93,movement,urn:gd:story:classification:gcp_movement:competitionId:285023:number_of_involvements:rank_asc:page:13,urn:gd:story:classification:gcp_movement:competitionId:285023:number_of_involvements:rank_asc:page:13
371345,285023_44005,Odiljon Xamrobekov,Uzbekistan,MF,29,2,14,13,25,4,0,10,22,93,movement,urn:gd:story:classification:gcp_movement:competitionId:285023:number_of_involvements:rank_asc:page:13,urn:gd:story:classification:gcp_movement:competitionId:285023:number_of_involvements:rank_asc:page:13
358112,285023_43935,Romelu Lukaku,Belgium,FW,114,72,39,3,97,17,1,43,38,93,movement,urn:gd:story:classification:gcp_movement:competitionId:285023:number_of_involvements:rank_asc:page:13,urn:gd:story:classification:gcp_movement:competitionId:285023:number_of_involvements:rank_asc:page:13
463809,285023_43942,Jarell Quansah,England,DF,6,4,0,2,2,4,0,2,10,93,movement,urn:gd:story:classification:gcp_movement:competitionId:285023:number_of_involvements:rank_asc:page:13,urn:gd:story:classification:gcp_movement:competitionId:285023:number_of_involvements:rank_asc:page:13
394456,285023_43924,Fabinho,Brazil,MF,34,0,12,22,29,5,0,1,11,93,movement,urn:gd:story:classification:gcp_movement:competitionId:285023:number_of_involvements:rank_asc:page:13,urn:gd:story:classification:gcp_movement:competitionId:285023:number_of_involvements:rank_asc:page:13
371393,285023_44005,Dostonbek Khamdamov,Uzbekistan,MF,32,17,13,2,22,10,1,20,22,92,movement,urn:gd:story:classification:gcp_movement:competitionId:285023:number_of_involvements:rank_asc:page:13,urn:gd:story:classification:gcp_movement:competitionId:285023:number_of_involvements:rank_asc:page:13
430407,285023_43819,Daizen Maeda,Japan,MF,102,73,25,4,71,31,8,31,33,92,movement,urn:gd:story:classification:gcp_movement:competitionId:285023:number_of_involvements:rank_asc:page:14,urn:gd:story:classification:gcp_movement:competitionId:285023:number_of_involvements:rank_asc:page:14
464103,285023_43854,Ange Yoan Bonny,Côte d'Ivoire,FW,71,51,20,0,63,8,7,36,49,92,movement,urn:gd:story:classification:gcp_movement:competitionId:285023:number_of_involvements:rank_asc:page:14,urn:gd:story:classification:gcp_movement:competitionId:285023:number_of_involvements:rank_asc:page:14
463236,285023_43883,Jayden Adams,South Africa,MF,40,10,19,11,31,9,0,11,20,92,movement,urn:gd:story:classification:gcp_movement:competitionId:285023:number_of_involvements:rank_asc:page:14,urn:gd:story:classification:gcp_movement:competitionId:285023:number_of_involvements:rank_asc:page:14
473050,285023_43926,Richard Rios,Colombia,MF,46,15,19,12,23,23,1,12,15,91,movement,urn:gd:story:classification:gcp_movement:competitionId:285023:number_of_involvements:rank_asc:page:14,urn:gd:story:classification:gcp_movement:competitionId:285023:number_of_involvements:rank_asc:page:14
405881,285023_43946,Maxence Lacroix,France,DF,7,0,2,5,4,3,0,0,3,91,movement,urn:gd:story:classification:gcp_movement:competitionId:285023:number_of_involvements:rank_asc:page:14,urn:gd:story:classification:gcp_movement:competitionId:285023:number_of_involvements:rank_asc:page:14
441342,285023_43860,Abdul Fatawu,Ghana,FW,45,19,23,3,4,41,3,24,38,90,movement,urn:gd:story:classification:gcp_movement:competitionId:285023:number_of_involvements:rank_asc:page:14,urn:gd:story:classification:gcp_movement:competitionId:285023:number_of_involvements:rank_asc:page:14
436628,285023_43818,Ali Alhamadi,Iraq,FW,100,53,45,2,79,21,5,23,33,90,movement,urn:gd:story:classification:gcp_movement:competitionId:285023:number_of_involvements:rank_asc:page:14,urn:gd:story:classification:gcp_movement:competitionId:285023:number_of_involvements:rank_asc:page:14
430097,285023_43967,Ryan Christie,Scotland,MF,32,0,21,11,16,16,0,15,24,90,movement,urn:gd:story:classification:gcp_movement:competitionId:285023:number_of_involvements:rank_asc:page:14,urn:gd:story:classification:gcp_movement:competitionId:285023:number_of_involvements:rank_asc:page:14
480983,285023_43843,Zineddine Belaid,Algeria,DF,7,0,0,7,5,2,0,1,2,89,movement,urn:gd:story:classification:gcp_movement:competitionId:285023:number_of_involvements:rank_asc:page:14,urn:gd:story:classification:gcp_movement:competitionId:285023:number_of_involvements:rank_asc:page:14
386387,285023_43834,Sultan Albrake,Qatar,DF,38,14,10,14,10,28,4,8,11,89,movement,urn:gd:story:classification:gcp_movement:competitionId:285023:number_of_involvements:rank_asc:page:14,urn:gd:story:classification:gcp_movement:competitionId:285023:number_of_involvements:rank_asc:page:14
510908,285023_43971,Luca Jaquez,Switzerland,DF,20,9,9,2,2,18,1,7,28,88,movement,urn:gd:story:classification:gcp_movement:competitionId:285023:number_of_involvements:rank_asc:page:14,urn:gd:story:classification:gcp_movement:competitionId:285023:number_of_involvements:rank_asc:page:14
491255,285023_43970,Daniel Svensson,Sweden,DF,31,9,18,4,17,14,0,8,12,88,movement,urn:gd:story:classification:gcp_movement:competitionId:285023:number_of_involvements:rank_asc:page:14,urn:gd:story:classification:gcp_movement:competitionId:285023:number_of_involvements:rank_asc:page:14
464906,285023_44005,Jakhongir Urozov,Uzbekistan,DF,10,0,2,8,4,6,0,2,7,87,movement,urn:gd:story:classification:gcp_movement:competitionId:285023:number_of_involvements:rank_asc:page:14,urn:gd:story:classification:gcp_movement:competitionId:285023:number_of_involvements:rank_asc:page:14
482783,285023_43850,Wagner Pina,Cabo Verde,DF,46,18,22,6,14,32,2,10,13,87,movement,urn:gd:story:classification:gcp_movement:competitionId:285023:number_of_involvements:rank_asc:page:14,urn:gd:story:classification:gcp_movement:competitionId:285023:number_of_involvements:rank_asc:page:14
494349,285023_43860,Benjamin Asare,Ghana,GK,10,1,0,9,7,3,0,0,0,87,movement,urn:gd:story:classification:gcp_movement:competitionId:285023:number_of_involvements:rank_asc:page:14,urn:gd:story:classification:gcp_movement:competitionId:285023:number_of_involvements:rank_asc:page:14
386473,285023_43860,Lawrence Ati Zigi,Ghana,GK,2,0,0,2,1,1,0,0,0,87,movement,urn:gd:story:classification:gcp_movement:competitionId:285023:number_of_involvements:rank_asc:page:14,urn:gd:story:classification:gcp_movement:competitionId:285023:number_of_involvements:rank_asc:page:14
433365,285023_43888,Aymen Dahmen,Tunisia,GK,16,0,0,16,9,7,0,0,1,86,movement,urn:gd:story:classification:gcp_movement:competitionId:285023:number_of_involvements:rank_asc:page:14,urn:gd:story:classification:gcp_movement:competitionId:285023:number_of_involvements:rank_asc:page:14
503047,285023_43970,Besfort Zeneli,Sweden,MF,53,12,24,17,36,17,1,10,18,86,movement,urn:gd:story:classification:gcp_movement:competitionId:285023:number_of_involvements:rank_asc:page:14,urn:gd:story:classification:gcp_movement:competitionId:285023:number_of_involvements:rank_asc:page:14
484851,285023_43948,Deniz Undav,Germany,FW,19,12,7,0,13,6,5,27,30,85,movement,urn:gd:story:classification:gcp_movement:competitionId:285023:number_of_involvements:rank_asc:page:14,urn:gd:story:classification:gcp_movement:competitionId:285023:number_of_involvements:rank_asc:page:14
448523,285023_43860,Kamaldeen Sulemana,Ghana,FW,64,19,34,11,21,43,1,12,19,85,movement,urn:gd:story:classification:gcp_movement:competitionId:285023:number_of_involvements:rank_asc:page:14,urn:gd:story:classification:gcp_movement:competitionId:285023:number_of_involvements:rank_asc:page:14
430518,285023_43835,Nawaf Bu Washl,Saudi Arabia,DF,9,2,3,4,3,6,0,1,3,85,movement,urn:gd:story:classification:gcp_movement:competitionId:285023:number_of_involvements:rank_asc:page:14,urn:gd:story:classification:gcp_movement:competitionId:285023:number_of_involvements:rank_asc:page:14
485595,285023_43922,Giuliano Simeone,Argentina,FW,38,15,20,3,12,26,2,23,23,84,movement,urn:gd:story:classification:gcp_movement:competitionId:285023:number_of_involvements:rank_asc:page:14,urn:gd:story:classification:gcp_movement:competitionId:285023:number_of_involvements:rank_asc:page:14
464484,285023_43888,Ismael Gharbi,Tunisia,MF,60,12,36,12,36,24,0,14,21,84,movement,urn:gd:story:classification:gcp_movement:competitionId:285023:number_of_involvements:rank_asc:page:14,urn:gd:story:classification:gcp_movement:competitionId:285023:number_of_involvements:rank_asc:page:14
477856,285023_43850,Jovane Cabral,Cabo Verde,MF,57,21,32,4,29,28,0,21,24,84,movement,urn:gd:story:classification:gcp_movement:competitionId:285023:number_of_involvements:rank_asc:page:14,urn:gd:story:classification:gcp_movement:competitionId:285023:number_of_involvements:rank_asc:page:14
484045,285023_43967,Lawrence Shankland,Scotland,FW,97,46,45,6,80,17,1,29,30,83,movement,urn:gd:story:classification:gcp_movement:competitionId:285023:number_of_involvements:rank_asc:page:14,urn:gd:story:classification:gcp_movement:competitionId:285023:number_of_involvements:rank_asc:page:14
442428,285023_43967,Aaron Hickey,Scotland,DF,26,2,9,15,1,25,0,2,5,83,movement,urn:gd:story:classification:gcp_movement:competitionId:285023:number_of_involvements:rank_asc:page:14,urn:gd:story:classification:gcp_movement:competitionId:285023:number_of_involvements:rank_asc:page:14
424047,285023_1895293,Jeremy Antonisse,Curaçao,FW,33,10,18,5,21,12,0,11,14,82,movement,urn:gd:story:classification:gcp_movement:competitionId:285023:number_of_involvements:rank_asc:page:14,urn:gd:story:classification:gcp_movement:competitionId:285023:number_of_involvements:rank_asc:page:14
479553,285023_43818,Hussein Ali,Iraq,DF,44,24,18,2,3,41,2,10,8,82,movement,urn:gd:story:classification:gcp_movement:competitionId:285023:number_of_involvements:rank_asc:page:14,urn:gd:story:classification:gcp_movement:competitionId:285023:number_of_involvements:rank_asc:page:14
477536,285023_43930,Federico Vinas,Uruguay,FW,106,58,42,6,80,26,4,21,29,82,movement,urn:gd:story:classification:gcp_movement:competitionId:285023:number_of_involvements:rank_asc:page:14,urn:gd:story:classification:gcp_movement:competitionId:285023:number_of_involvements:rank_asc:page:14
314197,285023_43924,Neymar Jr,Brazil,FW,12,0,11,1,7,5,0,6,5,80,movement,urn:gd:story:classification:gcp_movement:competitionId:285023:number_of_involvements:rank_asc:page:14,urn:gd:story:classification:gcp_movement:competitionId:285023:number_of_involvements:rank_asc:page:14
406304,285023_43921,Timothy Weah,USA,FW,26,11,12,3,10,16,3,18,24,80,movement,urn:gd:story:classification:gcp_movement:competitionId:285023:number_of_involvements:rank_asc:page:14,urn:gd:story:classification:gcp_movement:competitionId:285023:number_of_involvements:rank_asc:page:14
483183,285023_43855,Mahmoud Saber,Egypt,MF,50,2,14,34,26,24,0,3,10,80,movement,urn:gd:story:classification:gcp_movement:competitionId:285023:number_of_involvements:rank_asc:page:14,urn:gd:story:classification:gcp_movement:competitionId:285023:number_of_involvements:rank_asc:page:14
404319,285023_43976,Ajdin Hrustic,Australia,FW,51,14,32,5,27,24,2,15,30,80,movement,urn:gd:story:classification:gcp_movement:competitionId:285023:number_of_involvements:rank_asc:page:14,urn:gd:story:classification:gcp_movement:competitionId:285023:number_of_involvements:rank_asc:page:14
514188,285023_43948,Malick Thiaw,Germany,DF,1,0,0,1,0,1,0,2,12,80,movement,urn:gd:story:classification:gcp_movement:competitionId:285023:number_of_involvements:rank_asc:page:14,urn:gd:story:classification:gcp_movement:competitionId:285023:number_of_involvements:rank_asc:page:14
379953,285023_43948,Leon Goretzka,Germany,MF,27,12,9,6,19,8,2,11,19,80,movement,urn:gd:story:classification:gcp_movement:competitionId:285023:number_of_involvements:rank_asc:page:14,urn:gd:story:classification:gcp_movement:competitionId:285023:number_of_involvements:rank_asc:page:14
494313,285023_43850,Yannick Semedo,Cabo Verde,MF,14,0,8,6,10,4,0,2,13,79,movement,urn:gd:story:classification:gcp_movement:competitionId:285023:number_of_involvements:rank_asc:page:14,urn:gd:story:classification:gcp_movement:competitionId:285023:number_of_involvements:rank_asc:page:14
448310,285023_43927,Kevin Rodriguez,Ecuador,FW,49,33,15,1,38,11,3,35,35,79,movement,urn:gd:story:classification:gcp_movement:competitionId:285023:number_of_involvements:rank_asc:page:14,urn:gd:story:classification:gcp_movement:competitionId:285023:number_of_involvements:rank_asc:page:14
441135,285023_43970,Jesper Karlstrom,Sweden,MF,63,2,22,39,41,22,0,4,20,79,movement,urn:gd:story:classification:gcp_movement:competitionId:285023:number_of_involvements:rank_asc:page:14,urn:gd:story:classification:gcp_movement:competitionId:285023:number_of_involvements:rank_asc:page:14
347085,285023_43818,Jalal Hassan,Iraq,GK,5,0,0,5,4,1,0,0,0,79,movement,urn:gd:story:classification:gcp_movement:competitionId:285023:number_of_involvements:rank_asc:page:14,urn:gd:story:classification:gcp_movement:competitionId:285023:number_of_involvements:rank_asc:page:14
447866,285023_43969,Gavi,Spain,MF,89,27,45,17,61,28,1,22,25,78,movement,urn:gd:story:classification:gcp_movement:competitionId:285023:number_of_involvements:rank_asc:page:14,urn:gd:story:classification:gcp_movement:competitionId:285023:number_of_involvements:rank_asc:page:14
430917,285023_43883,Evidence Makgopa,South Africa,FW,43,32,10,1,35,8,3,30,28,77,movement,urn:gd:story:classification:gcp_movement:competitionId:285023:number_of_involvements:rank_asc:page:14,urn:gd:story:classification:gcp_movement:competitionId:285023:number_of_involvements:rank_asc:page:14
463800,285023_43934,Carney Chukwuemeka,Austria,MF,39,11,17,11,24,15,1,18,27,77,movement,urn:gd:story:classification:gcp_movement:competitionId:285023:number_of_involvements:rank_asc:page:14,urn:gd:story:classification:gcp_movement:competitionId:285023:number_of_involvements:rank_asc:page:14
477849,285023_43850,Helio Varela,Cabo Verde,MF,34,20,12,2,9,25,2,24,17,77,movement,urn:gd:story:classification:gcp_movement:competitionId:285023:number_of_involvements:rank_asc:page:14,urn:gd:story:classification:gcp_movement:competitionId:285023:number_of_involvements:rank_asc:page:14
419005,285023_43927,Jordy Alcivar,Ecuador,MF,17,4,3,10,10,7,0,1,19,77,movement,urn:gd:story:classification:gcp_movement:competitionId:285023:number_of_involvements:rank_asc:page:14,urn:gd:story:classification:gcp_movement:competitionId:285023:number_of_involvements:rank_asc:page:14
419132,285023_43930,Brian Rodriguez,Uruguay,FW,40,16,18,6,2,38,3,19,18,77,movement,urn:gd:story:classification:gcp_movement:competitionId:285023:number_of_involvements:rank_asc:page:14,urn:gd:story:classification:gcp_movement:competitionId:285023:number_of_involvements:rank_asc:page:14
482885,285023_43888,Elias Saad,Tunisia,FW,45,12,32,1,25,20,2,19,35,76,movement,urn:gd:story:classification:gcp_movement:competitionId:285023:number_of_involvements:rank_asc:page:14,urn:gd:story:classification:gcp_movement:competitionId:285023:number_of_involvements:rank_asc:page:14
424106,285023_43855,Haissem Hassan,Egypt,FW,49,3,20,26,8,41,2,3,4,75,movement,urn:gd:story:classification:gcp_movement:competitionId:285023:number_of_involvements:rank_asc:page:14,urn:gd:story:classification:gcp_movement:competitionId:285023:number_of_involvements:rank_asc:page:14
299200,285023_43934,Marko Arnautovic,Austria,FW,25,17,8,0,19,6,5,25,30,75,movement,urn:gd:story:classification:gcp_movement:competitionId:285023:number_of_involvements:rank_asc:page:14,urn:gd:story:classification:gcp_movement:competitionId:285023:number_of_involvements:rank_asc:page:14
401481,285023_43995,Patrik Schick,Czechia,FW,44,23,21,0,34,10,0,27,32,75,movement,urn:gd:story:classification:gcp_movement:competitionId:285023:number_of_involvements:rank_asc:page:14,urn:gd:story:classification:gcp_movement:competitionId:285023:number_of_involvements:rank_asc:page:14
411226,285023_43971,Djibril Sow,Switzerland,MF,59,13,37,9,38,21,0,4,22,75,movement,urn:gd:story:classification:gcp_movement:competitionId:285023:number_of_involvements:rank_asc:page:14,urn:gd:story:classification:gcp_movement:competitionId:285023:number_of_involvements:rank_asc:page:14
423575,285023_43978,Ben Old,New Zealand,MF,35,17,13,5,17,18,1,12,24,75,movement,urn:gd:story:classification:gcp_movement:competitionId:285023:number_of_involvements:rank_asc:page:15,urn:gd:story:classification:gcp_movement:competitionId:285023:number_of_involvements:rank_asc:page:15
390534,285023_43817,Hossein Kanani,IR Iran,DF,4,0,0,4,1,3,0,2,8,75,movement,urn:gd:story:classification:gcp_movement:competitionId:285023:number_of_involvements:rank_asc:page:15,urn:gd:story:classification:gcp_movement:competitionId:285023:number_of_involvements:rank_asc:page:15
419441,285023_43834,Homam Ahmed,Qatar,DF,20,13,6,1,5,15,1,7,13,75,movement,urn:gd:story:classification:gcp_movement:competitionId:285023:number_of_involvements:rank_asc:page:15,urn:gd:story:classification:gcp_movement:competitionId:285023:number_of_involvements:rank_asc:page:15
386348,285023_43834,Assim Madibo,Qatar,MF,18,0,7,11,12,6,0,3,21,75,movement,urn:gd:story:classification:gcp_movement:competitionId:285023:number_of_involvements:rank_asc:page:15,urn:gd:story:classification:gcp_movement:competitionId:285023:number_of_involvements:rank_asc:page:15
430401,285023_43819,Tsuyoshi Watanabe,Japan,DF,13,6,0,7,5,8,2,3,4,74,movement,urn:gd:story:classification:gcp_movement:competitionId:285023:number_of_involvements:rank_asc:page:15,urn:gd:story:classification:gcp_movement:competitionId:285023:number_of_involvements:rank_asc:page:15
448525,285023_43860,Ernest Nuamah,Ghana,FW,22,7,12,3,12,10,2,15,27,74,movement,urn:gd:story:classification:gcp_movement:competitionId:285023:number_of_involvements:rank_asc:page:15,urn:gd:story:classification:gcp_movement:competitionId:285023:number_of_involvements:rank_asc:page:15
390670,285023_43899,Cyle Larin,Canada,FW,76,44,21,11,48,28,1,29,34,74,movement,urn:gd:story:classification:gcp_movement:competitionId:285023:number_of_involvements:rank_asc:page:15,urn:gd:story:classification:gcp_movement:competitionId:285023:number_of_involvements:rank_asc:page:15
336459,285023_43888,Rani Khedira,Tunisia,MF,35,11,17,7,31,4,1,5,19,74,movement,urn:gd:story:classification:gcp_movement:competitionId:285023:number_of_involvements:rank_asc:page:15,urn:gd:story:classification:gcp_movement:competitionId:285023:number_of_involvements:rank_asc:page:15
494411,285023_43976,Kai Trewin,Australia,DF,18,3,10,5,2,16,2,7,14,73,movement,urn:gd:story:classification:gcp_movement:competitionId:285023:number_of_involvements:rank_asc:page:15,urn:gd:story:classification:gcp_movement:competitionId:285023:number_of_involvements:rank_asc:page:15
406249,285023_43972,Ozan Kabak,Türkiye,DF,16,0,4,12,9,7,0,2,11,73,movement,urn:gd:story:classification:gcp_movement:competitionId:285023:number_of_involvements:rank_asc:page:15,urn:gd:story:classification:gcp_movement:competitionId:285023:number_of_involvements:rank_asc:page:15
476348,285023_43928,Damian Bobadilla,Paraguay,MF,26,4,10,12,18,8,1,4,13,72,movement,urn:gd:story:classification:gcp_movement:competitionId:285023:number_of_involvements:rank_asc:page:15,urn:gd:story:classification:gcp_movement:competitionId:285023:number_of_involvements:rank_asc:page:15
429640,285023_43948,Angelo Stiller,Germany,MF,28,0,13,15,25,3,0,3,10,72,movement,urn:gd:story:classification:gcp_movement:competitionId:285023:number_of_involvements:rank_asc:page:15,urn:gd:story:classification:gcp_movement:competitionId:285023:number_of_involvements:rank_asc:page:15
398569,285023_1895293,Riechedly Bazoer,Curaçao,DF,18,0,3,15,9,9,0,1,4,71,movement,urn:gd:story:classification:gcp_movement:competitionId:285023:number_of_involvements:rank_asc:page:15,urn:gd:story:classification:gcp_movement:competitionId:285023:number_of_involvements:rank_asc:page:15
401893,285023_43850,Nuno Da Costa,Cabo Verde,MF,49,32,16,1,32,17,4,31,33,71,movement,urn:gd:story:classification:gcp_movement:competitionId:285023:number_of_involvements:rank_asc:page:15,urn:gd:story:classification:gcp_movement:competitionId:285023:number_of_involvements:rank_asc:page:15
483182,285023_43855,Hossam Abdelmaguid,Egypt,DF,5,0,0,5,4,1,0,0,7,71,movement,urn:gd:story:classification:gcp_movement:competitionId:285023:number_of_involvements:rank_asc:page:15,urn:gd:story:classification:gcp_movement:competitionId:285023:number_of_involvements:rank_asc:page:15
433754,285023_43995,Adam Hlozek,Czechia,FW,44,20,20,4,32,12,4,26,31,70,movement,urn:gd:story:classification:gcp_movement:competitionId:285023:number_of_involvements:rank_asc:page:15,urn:gd:story:classification:gcp_movement:competitionId:285023:number_of_involvements:rank_asc:page:15
430658,285023_43948,Waldemar Anton,Germany,DF,15,4,3,8,2,13,0,2,7,70,movement,urn:gd:story:classification:gcp_movement:competitionId:285023:number_of_involvements:rank_asc:page:15,urn:gd:story:classification:gcp_movement:competitionId:285023:number_of_involvements:rank_asc:page:15
448505,285023_43817,Saleh Hardani,IR Iran,DF,17,3,4,10,1,16,0,3,12,70,movement,urn:gd:story:classification:gcp_movement:competitionId:285023:number_of_involvements:rank_asc:page:15,urn:gd:story:classification:gcp_movement:competitionId:285023:number_of_involvements:rank_asc:page:15
419473,285023_43834,Jassem Gaber,Qatar,DF,61,5,41,15,47,14,0,5,18,69,movement,urn:gd:story:classification:gcp_movement:competitionId:285023:number_of_involvements:rank_asc:page:15,urn:gd:story:classification:gcp_movement:competitionId:285023:number_of_involvements:rank_asc:page:15
506202,285023_43854,Bazoumana Toure,Côte d'Ivoire,FW,32,16,16,0,8,24,3,13,22,69,movement,urn:gd:story:classification:gcp_movement:competitionId:285023:number_of_involvements:rank_asc:page:15,urn:gd:story:classification:gcp_movement:competitionId:285023:number_of_involvements:rank_asc:page:15
402895,285023_43930,Matias Vina,Uruguay,DF,21,12,2,7,1,20,1,6,15,69,movement,urn:gd:story:classification:gcp_movement:competitionId:285023:number_of_involvements:rank_asc:page:15,urn:gd:story:classification:gcp_movement:competitionId:285023:number_of_involvements:rank_asc:page:15
505112,285023_43872,Gessime Yassine,Morocco,MF,37,19,9,9,16,21,0,14,27,68,movement,urn:gd:story:classification:gcp_movement:competitionId:285023:number_of_involvements:rank_asc:page:15,urn:gd:story:classification:gcp_movement:competitionId:285023:number_of_involvements:rank_asc:page:15
411376,285023_43860,Inaki Williams,Ghana,FW,38,26,12,0,17,21,0,23,25,67,movement,urn:gd:story:classification:gcp_movement:competitionId:285023:number_of_involvements:rank_asc:page:15,urn:gd:story:classification:gcp_movement:competitionId:285023:number_of_involvements:rank_asc:page:15
423658,285023_43969,Yeremy Pino,Spain,FW,45,24,17,4,22,23,1,26,17,67,movement,urn:gd:story:classification:gcp_movement:competitionId:285023:number_of_involvements:rank_asc:page:15,urn:gd:story:classification:gcp_movement:competitionId:285023:number_of_involvements:rank_asc:page:15
419055,285023_43921,Brenden Aaronson,USA,FW,42,17,22,3,27,15,4,18,14,67,movement,urn:gd:story:classification:gcp_movement:competitionId:285023:number_of_involvements:rank_asc:page:15,urn:gd:story:classification:gcp_movement:competitionId:285023:number_of_involvements:rank_asc:page:15
370171,285023_43879,Abdoulaye Seck,Senegal,DF,7,0,0,7,3,4,0,2,7,66,movement,urn:gd:story:classification:gcp_movement:competitionId:285023:number_of_involvements:rank_asc:page:15,urn:gd:story:classification:gcp_movement:competitionId:285023:number_of_involvements:rank_asc:page:15
481180,285023_43817,Shahriyar Moghanloo,IR Iran,FW,19,13,6,0,15,4,4,22,17,66,movement,urn:gd:story:classification:gcp_movement:competitionId:285023:number_of_involvements:rank_asc:page:15,urn:gd:story:classification:gcp_movement:competitionId:285023:number_of_involvements:rank_asc:page:15
396158,285023_43818,Rebin Sulaka,Iraq,DF,7,0,0,7,2,5,0,1,4,65,movement,urn:gd:story:classification:gcp_movement:competitionId:285023:number_of_involvements:rank_asc:page:15,urn:gd:story:classification:gcp_movement:competitionId:285023:number_of_involvements:rank_asc:page:15
511828,285023_43822,Castrop Jens,Korea Republic,DF,19,4,15,0,3,16,3,13,12,65,movement,urn:gd:story:classification:gcp_movement:competitionId:285023:number_of_involvements:rank_asc:page:15,urn:gd:story:classification:gcp_movement:competitionId:285023:number_of_involvements:rank_asc:page:15
345059,285023_43834,Abdulaziz Hatem,Qatar,MF,31,5,13,13,26,5,2,5,20,65,movement,urn:gd:story:classification:gcp_movement:competitionId:285023:number_of_involvements:rank_asc:page:15,urn:gd:story:classification:gcp_movement:competitionId:285023:number_of_involvements:rank_asc:page:15
448522,285023_43860,Alidu Seidu,Ghana,DF,4,2,2,0,0,4,0,2,15,65,movement,urn:gd:story:classification:gcp_movement:competitionId:285023:number_of_involvements:rank_asc:page:15,urn:gd:story:classification:gcp_movement:competitionId:285023:number_of_involvements:rank_asc:page:15
419126,285023_43930,Darwin Nunez,Uruguay,FW,36,30,6,0,27,9,4,26,25,65,movement,urn:gd:story:classification:gcp_movement:competitionId:285023:number_of_involvements:rank_asc:page:15,urn:gd:story:classification:gcp_movement:competitionId:285023:number_of_involvements:rank_asc:page:15
523215,285023_43908,Dominique Simon,Haiti,MF,47,2,24,21,34,13,1,2,11,64,movement,urn:gd:story:classification:gcp_movement:competitionId:285023:number_of_involvements:rank_asc:page:15,urn:gd:story:classification:gcp_movement:competitionId:285023:number_of_involvements:rank_asc:page:15
405879,285023_43908,Wilson Isidor,Haiti,FW,55,34,18,3,44,11,1,18,22,64,movement,urn:gd:story:classification:gcp_movement:competitionId:285023:number_of_involvements:rank_asc:page:15,urn:gd:story:classification:gcp_movement:competitionId:285023:number_of_involvements:rank_asc:page:15
486074,285023_43972,Can Uzun,Türkiye,FW,24,5,6,13,13,11,1,9,20,64,movement,urn:gd:story:classification:gcp_movement:competitionId:285023:number_of_involvements:rank_asc:page:15,urn:gd:story:classification:gcp_movement:competitionId:285023:number_of_involvements:rank_asc:page:15
463287,285023_43934,Marco Friedl,Austria,DF,1,0,0,1,0,1,0,1,0,64,movement,urn:gd:story:classification:gcp_movement:competitionId:285023:number_of_involvements:rank_asc:page:15,urn:gd:story:classification:gcp_movement:competitionId:285023:number_of_involvements:rank_asc:page:15
403002,285023_43963,Diogo Dalot,Portugal,DF,21,5,6,10,5,16,0,4,20,63,movement,urn:gd:story:classification:gcp_movement:competitionId:285023:number_of_involvements:rank_asc:page:15,urn:gd:story:classification:gcp_movement:competitionId:285023:number_of_involvements:rank_asc:page:15
395216,285023_43963,Ruben Neves,Portugal,MF,33,4,14,15,17,16,0,2,9,63,movement,urn:gd:story:classification:gcp_movement:competitionId:285023:number_of_involvements:rank_asc:page:15,urn:gd:story:classification:gcp_movement:competitionId:285023:number_of_involvements:rank_asc:page:15
429392,285023_43924,Danilo Santos,Brazil,MF,17,4,7,6,9,8,0,3,6,63,movement,urn:gd:story:classification:gcp_movement:competitionId:285023:number_of_involvements:rank_asc:page:15,urn:gd:story:classification:gcp_movement:competitionId:285023:number_of_involvements:rank_asc:page:15
336425,285023_20014,Cedric Bakambu,Congo DR,FW,155,91,64,0,128,27,2,29,29,63,movement,urn:gd:story:classification:gcp_movement:competitionId:285023:number_of_involvements:rank_asc:page:15,urn:gd:story:classification:gcp_movement:competitionId:285023:number_of_involvements:rank_asc:page:15
448390,285023_43899,Mathieu Choiniere,Canada,MF,19,0,7,12,12,7,0,5,10,63,movement,urn:gd:story:classification:gcp_movement:competitionId:285023:number_of_involvements:rank_asc:page:15,urn:gd:story:classification:gcp_movement:competitionId:285023:number_of_involvements:rank_asc:page:15
433461,285023_43855,Zizo,Egypt,FW,42,12,21,9,18,24,3,13,11,63,movement,urn:gd:story:classification:gcp_movement:competitionId:285023:number_of_involvements:rank_asc:page:15,urn:gd:story:classification:gcp_movement:competitionId:285023:number_of_involvements:rank_asc:page:15
481242,285023_43883,Iqraam Rayners,South Africa,FW,75,57,17,1,51,24,5,25,28,62,movement,urn:gd:story:classification:gcp_movement:competitionId:285023:number_of_involvements:rank_asc:page:15,urn:gd:story:classification:gcp_movement:competitionId:285023:number_of_involvements:rank_asc:page:15
520066,285023_43928,Jose Canale,Paraguay,DF,14,2,2,10,4,10,0,1,12,62,movement,urn:gd:story:classification:gcp_movement:competitionId:285023:number_of_involvements:rank_asc:page:15,urn:gd:story:classification:gcp_movement:competitionId:285023:number_of_involvements:rank_asc:page:15
401131,285023_43934,Michael Gregoritsch,Austria,FW,35,23,12,0,25,10,1,21,25,62,movement,urn:gd:story:classification:gcp_movement:competitionId:285023:number_of_involvements:rank_asc:page:15,urn:gd:story:classification:gcp_movement:competitionId:285023:number_of_involvements:rank_asc:page:15
419681,285023_43961,Kristian Thorstvedt,Norway,MF,46,16,22,8,31,15,1,12,25,62,movement,urn:gd:story:classification:gcp_movement:competitionId:285023:number_of_involvements:rank_asc:page:15,urn:gd:story:classification:gcp_movement:competitionId:285023:number_of_involvements:rank_asc:page:15
448586,285023_43822,Oh Hyeongyu,Korea Republic,FW,65,35,27,3,52,13,3,22,26,62,movement,urn:gd:story:classification:gcp_movement:competitionId:285023:number_of_involvements:rank_asc:page:15,urn:gd:story:classification:gcp_movement:competitionId:285023:number_of_involvements:rank_asc:page:15
336641,285023_43978,Ryan Thomas,New Zealand,MF,22,6,12,4,15,7,1,15,22,62,movement,urn:gd:story:classification:gcp_movement:competitionId:285023:number_of_involvements:rank_asc:page:15,urn:gd:story:classification:gcp_movement:competitionId:285023:number_of_involvements:rank_asc:page:15
448051,285023_43911,Luis Chavez,Mexico,MF,16,0,6,10,2,14,0,4,4,61,movement,urn:gd:story:classification:gcp_movement:competitionId:285023:number_of_involvements:rank_asc:page:15,urn:gd:story:classification:gcp_movement:competitionId:285023:number_of_involvements:rank_asc:page:15
485676,285023_43908,Lenny Joseph,Haiti,FW,50,31,17,2,39,11,1,28,28,61,movement,urn:gd:story:classification:gcp_movement:competitionId:285023:number_of_involvements:rank_asc:page:15,urn:gd:story:classification:gcp_movement:competitionId:285023:number_of_involvements:rank_asc:page:15
430100,285023_43934,Sasa Kalajdzic,Austria,FW,17,9,8,0,13,4,0,28,17,61,movement,urn:gd:story:classification:gcp_movement:competitionId:285023:number_of_involvements:rank_asc:page:16,urn:gd:story:classification:gcp_movement:competitionId:285023:number_of_involvements:rank_asc:page:16
424051,285023_43960,Brian Brobbey,Netherlands,FW,91,75,13,3,77,14,5,25,28,61,movement,urn:gd:story:classification:gcp_movement:competitionId:285023:number_of_involvements:rank_asc:page:16,urn:gd:story:classification:gcp_movement:competitionId:285023:number_of_involvements:rank_asc:page:16
463746,285023_43924,Endrick,Brazil,FW,44,30,11,3,37,7,1,13,15,60,movement,urn:gd:story:classification:gcp_movement:competitionId:285023:number_of_involvements:rank_asc:page:16,urn:gd:story:classification:gcp_movement:competitionId:285023:number_of_involvements:rank_asc:page:16
489551,285023_43820,Mohammad Abualnadi,Jordan,DF,26,0,2,24,4,22,0,1,10,60,movement,urn:gd:story:classification:gcp_movement:competitionId:285023:number_of_involvements:rank_asc:page:16,urn:gd:story:classification:gcp_movement:competitionId:285023:number_of_involvements:rank_asc:page:16
402926,285023_43922,Gonzalo Montiel,Argentina,DF,15,6,6,3,1,14,1,3,8,59,movement,urn:gd:story:classification:gcp_movement:competitionId:285023:number_of_involvements:rank_asc:page:16,urn:gd:story:classification:gcp_movement:competitionId:285023:number_of_involvements:rank_asc:page:16
448217,285023_43921,Matt Turner,USA,GK,2,0,0,2,1,1,0,0,1,57,movement,urn:gd:story:classification:gcp_movement:competitionId:285023:number_of_involvements:rank_asc:page:16,urn:gd:story:classification:gcp_movement:competitionId:285023:number_of_involvements:rank_asc:page:16
510991,285023_43834,Ayoub Aloui,Qatar,DF,23,4,12,7,2,21,1,2,11,57,movement,urn:gd:story:classification:gcp_movement:competitionId:285023:number_of_involvements:rank_asc:page:16,urn:gd:story:classification:gcp_movement:competitionId:285023:number_of_involvements:rank_asc:page:16
464055,285023_43946,Malo Gusto,France,DF,19,6,7,6,4,15,0,5,4,56,movement,urn:gd:story:classification:gcp_movement:competitionId:285023:number_of_involvements:rank_asc:page:16,urn:gd:story:classification:gcp_movement:competitionId:285023:number_of_involvements:rank_asc:page:16
466669,285023_43914,Azarias Londono,Panama,FW,30,14,16,0,13,17,0,14,10,56,movement,urn:gd:story:classification:gcp_movement:competitionId:285023:number_of_involvements:rank_asc:page:16,urn:gd:story:classification:gcp_movement:competitionId:285023:number_of_involvements:rank_asc:page:16
436863,285023_43818,Frans Putros,Iraq,DF,8,5,2,1,1,7,0,6,9,55,movement,urn:gd:story:classification:gcp_movement:competitionId:285023:number_of_involvements:rank_asc:page:16,urn:gd:story:classification:gcp_movement:competitionId:285023:number_of_involvements:rank_asc:page:16
477833,285023_20014,Joris Kayembe,Congo DR,DF,15,4,7,4,2,13,1,7,7,55,movement,urn:gd:story:classification:gcp_movement:competitionId:285023:number_of_involvements:rank_asc:page:16,urn:gd:story:classification:gcp_movement:competitionId:285023:number_of_involvements:rank_asc:page:16
482782,285023_43850,Dailon Livramento,Cabo Verde,FW,66,43,23,0,53,13,2,18,23,55,movement,urn:gd:story:classification:gcp_movement:competitionId:285023:number_of_involvements:rank_asc:page:16,urn:gd:story:classification:gcp_movement:competitionId:285023:number_of_involvements:rank_asc:page:16
464133,285023_43854,Elye Wahi,Côte d'Ivoire,FW,56,37,19,0,49,7,3,24,22,55,movement,urn:gd:story:classification:gcp_movement:competitionId:285023:number_of_involvements:rank_asc:page:16,urn:gd:story:classification:gcp_movement:competitionId:285023:number_of_involvements:rank_asc:page:16
481027,285023_43908,Louicius Deedson,Haiti,FW,41,21,16,4,15,26,0,14,14,54,movement,urn:gd:story:classification:gcp_movement:competitionId:285023:number_of_involvements:rank_asc:page:16,urn:gd:story:classification:gcp_movement:competitionId:285023:number_of_involvements:rank_asc:page:16
514334,285023_43995,Stepan Chaloupek,Czechia,DF,4,0,0,4,0,4,0,1,9,54,movement,urn:gd:story:classification:gcp_movement:competitionId:285023:number_of_involvements:rank_asc:page:16,urn:gd:story:classification:gcp_movement:competitionId:285023:number_of_involvements:rank_asc:page:16
463282,285023_43934,Alexander Prass,Austria,MF,21,11,7,3,7,14,1,8,8,54,movement,urn:gd:story:classification:gcp_movement:competitionId:285023:number_of_involvements:rank_asc:page:16,urn:gd:story:classification:gcp_movement:competitionId:285023:number_of_involvements:rank_asc:page:16
473113,285023_43942,Eberechi Eze,England,MF,38,15,17,6,31,7,1,13,19,54,movement,urn:gd:story:classification:gcp_movement:competitionId:285023:number_of_involvements:rank_asc:page:16,urn:gd:story:classification:gcp_movement:competitionId:285023:number_of_involvements:rank_asc:page:16
461177,285023_43911,Obed Vargas,Mexico,MF,24,1,14,9,20,4,0,9,17,53,movement,urn:gd:story:classification:gcp_movement:competitionId:285023:number_of_involvements:rank_asc:page:16,urn:gd:story:classification:gcp_movement:competitionId:285023:number_of_involvements:rank_asc:page:16
489523,285023_44037,Armin Gigovic,Bosnia and Herzegovina,MF,24,3,11,10,14,10,0,4,18,53,movement,urn:gd:story:classification:gcp_movement:competitionId:285023:number_of_involvements:rank_asc:page:16,urn:gd:story:classification:gcp_movement:competitionId:285023:number_of_involvements:rank_asc:page:16
498806,285023_43976,Mohamed Toure,Australia,FW,25,18,7,0,16,9,6,17,25,53,movement,urn:gd:story:classification:gcp_movement:competitionId:285023:number_of_involvements:rank_asc:page:16,urn:gd:story:classification:gcp_movement:competitionId:285023:number_of_involvements:rank_asc:page:16
511875,285023_43820,Odeh Fakhoury,Jordan,FW,84,48,33,3,49,35,3,9,19,53,movement,urn:gd:story:classification:gcp_movement:competitionId:285023:number_of_involvements:rank_asc:page:16,urn:gd:story:classification:gcp_movement:competitionId:285023:number_of_involvements:rank_asc:page:16
482670,285023_43817,Mohammad Ghorbani,IR Iran,MF,9,1,2,6,7,2,0,4,14,53,movement,urn:gd:story:classification:gcp_movement:competitionId:285023:number_of_involvements:rank_asc:page:16,urn:gd:story:classification:gcp_movement:competitionId:285023:number_of_involvements:rank_asc:page:16
419302,285023_43835,Abdullah Alhamddan,Saudi Arabia,FW,39,13,21,5,24,15,0,16,17,52,movement,urn:gd:story:classification:gcp_movement:competitionId:285023:number_of_involvements:rank_asc:page:16,urn:gd:story:classification:gcp_movement:competitionId:285023:number_of_involvements:rank_asc:page:16
385030,285023_43914,Fidel Escobar,Panama,DF,8,2,3,3,1,7,0,1,20,52,movement,urn:gd:story:classification:gcp_movement:competitionId:285023:number_of_involvements:rank_asc:page:16,urn:gd:story:classification:gcp_movement:competitionId:285023:number_of_involvements:rank_asc:page:16
394376,285023_43926,Deiver Machado,Colombia,DF,36,16,17,3,7,29,1,9,7,52,movement,urn:gd:story:classification:gcp_movement:competitionId:285023:number_of_involvements:rank_asc:page:16,urn:gd:story:classification:gcp_movement:competitionId:285023:number_of_involvements:rank_asc:page:16
463127,285023_43928,Gabriel Avalos,Paraguay,FW,25,24,1,0,17,8,1,20,26,52,movement,urn:gd:story:classification:gcp_movement:competitionId:285023:number_of_involvements:rank_asc:page:16,urn:gd:story:classification:gcp_movement:competitionId:285023:number_of_involvements:rank_asc:page:16
520112,285023_43961,Henrik Falchener,Norway,DF,0,0,0,0,0,0,0,0,8,52,movement,urn:gd:story:classification:gcp_movement:competitionId:285023:number_of_involvements:rank_asc:page:16,urn:gd:story:classification:gcp_movement:competitionId:285023:number_of_involvements:rank_asc:page:16
463489,285023_43927,Yaimar Medina,Ecuador,DF,16,5,7,4,5,11,1,10,5,51,movement,urn:gd:story:classification:gcp_movement:competitionId:285023:number_of_involvements:rank_asc:page:16,urn:gd:story:classification:gcp_movement:competitionId:285023:number_of_involvements:rank_asc:page:16
441239,285023_43914,Jorge Gutierrez,Panama,DF,16,10,2,4,4,12,0,6,15,50,movement,urn:gd:story:classification:gcp_movement:competitionId:285023:number_of_involvements:rank_asc:page:16,urn:gd:story:classification:gcp_movement:competitionId:285023:number_of_involvements:rank_asc:page:16
411174,285023_43914,Jose Fajardo,Panama,FW,56,47,9,0,44,12,1,19,16,50,movement,urn:gd:story:classification:gcp_movement:competitionId:285023:number_of_involvements:rank_asc:page:16,urn:gd:story:classification:gcp_movement:competitionId:285023:number_of_involvements:rank_asc:page:16
416652,285023_43978,Jesse Randall,New Zealand,FW,46,23,21,2,20,26,2,6,16,50,movement,urn:gd:story:classification:gcp_movement:competitionId:285023:number_of_involvements:rank_asc:page:16,urn:gd:story:classification:gcp_movement:competitionId:285023:number_of_involvements:rank_asc:page:16
479077,285023_44005,Utkir Yusupov,Uzbekistan,GK,12,0,0,12,7,5,0,0,0,50,movement,urn:gd:story:classification:gcp_movement:competitionId:285023:number_of_involvements:rank_asc:page:16,urn:gd:story:classification:gcp_movement:competitionId:285023:number_of_involvements:rank_asc:page:16
483535,285023_43961,Egil Selvik,Norway,GK,6,0,0,6,6,0,0,0,1,49,movement,urn:gd:story:classification:gcp_movement:competitionId:285023:number_of_involvements:rank_asc:page:16,urn:gd:story:classification:gcp_movement:competitionId:285023:number_of_involvements:rank_asc:page:16
493983,285023_43818,Aimar Sher,Iraq,MF,27,1,8,18,23,4,0,2,2,49,movement,urn:gd:story:classification:gcp_movement:competitionId:285023:number_of_involvements:rank_asc:page:16,urn:gd:story:classification:gcp_movement:competitionId:285023:number_of_involvements:rank_asc:page:16
448580,285023_43822,Kim Moonhwan,Korea Republic,DF,27,14,9,4,10,17,0,7,1,49,movement,urn:gd:story:classification:gcp_movement:competitionId:285023:number_of_involvements:rank_asc:page:16,urn:gd:story:classification:gcp_movement:competitionId:285023:number_of_involvements:rank_asc:page:16
500038,285023_43911,Mateo Chavez,Mexico,DF,50,9,27,14,14,36,0,6,5,49,movement,urn:gd:story:classification:gcp_movement:competitionId:285023:number_of_involvements:rank_asc:page:16,urn:gd:story:classification:gcp_movement:competitionId:285023:number_of_involvements:rank_asc:page:16
372342,285023_43914,Ismael Diaz,Panama,MF,21,8,13,0,13,8,1,11,11,48,movement,urn:gd:story:classification:gcp_movement:competitionId:285023:number_of_involvements:rank_asc:page:16,urn:gd:story:classification:gcp_movement:competitionId:285023:number_of_involvements:rank_asc:page:16
419662,285023_43961,Jorgen Strand Larsen,Norway,FW,38,24,13,1,34,4,1,19,23,48,movement,urn:gd:story:classification:gcp_movement:competitionId:285023:number_of_involvements:rank_asc:page:16,urn:gd:story:classification:gcp_movement:competitionId:285023:number_of_involvements:rank_asc:page:16
395471,285023_43948,Nadiem Amiri,Germany,MF,17,2,8,7,9,8,0,4,5,48,movement,urn:gd:story:classification:gcp_movement:competitionId:285023:number_of_involvements:rank_asc:page:16,urn:gd:story:classification:gcp_movement:competitionId:285023:number_of_involvements:rank_asc:page:16
431693,285023_43908,Frantzdy Pierrot,Haiti,FW,28,19,8,1,22,6,1,23,25,48,movement,urn:gd:story:classification:gcp_movement:competitionId:285023:number_of_involvements:rank_asc:page:16,urn:gd:story:classification:gcp_movement:competitionId:285023:number_of_involvements:rank_asc:page:16
336472,285023_43938,Andrej Kramaric,Croatia,FW,47,18,22,7,32,15,0,10,9,47,movement,urn:gd:story:classification:gcp_movement:competitionId:285023:number_of_involvements:rank_asc:page:16,urn:gd:story:classification:gcp_movement:competitionId:285023:number_of_involvements:rank_asc:page:16
447855,285023_43969,Nico Williams,Spain,FW,44,30,10,4,16,28,1,13,14,47,movement,urn:gd:story:classification:gcp_movement:competitionId:285023:number_of_involvements:rank_asc:page:16,urn:gd:story:classification:gcp_movement:competitionId:285023:number_of_involvements:rank_asc:page:16
523236,285023_43818,Ahmed Qasem,Iraq,FW,52,37,14,1,31,21,2,11,21,47,movement,urn:gd:story:classification:gcp_movement:competitionId:285023:number_of_involvements:rank_asc:page:16,urn:gd:story:classification:gcp_movement:competitionId:285023:number_of_involvements:rank_asc:page:16
288961,285023_43817,Ehsan Hajisafi,IR Iran,DF,15,1,8,6,3,12,1,2,7,47,movement,urn:gd:story:classification:gcp_movement:competitionId:285023:number_of_involvements:rank_asc:page:16,urn:gd:story:classification:gcp_movement:competitionId:285023:number_of_involvements:rank_asc:page:16
511010,285023_43843,Samir Chergui,Algeria,DF,13,1,2,10,2,11,0,3,2,47,movement,urn:gd:story:classification:gcp_movement:competitionId:285023:number_of_involvements:rank_asc:page:16,urn:gd:story:classification:gcp_movement:competitionId:285023:number_of_involvements:rank_asc:page:16
448128,285023_20014,Charles Pickel,Congo DR,MF,24,6,10,8,9,15,0,4,11,46,movement,urn:gd:story:classification:gcp_movement:competitionId:285023:number_of_involvements:rank_asc:page:16,urn:gd:story:classification:gcp_movement:competitionId:285023:number_of_involvements:rank_asc:page:16
483530,285023_43961,Fredrik Andre Bjorkan,Norway,DF,18,7,5,6,3,15,1,2,7,46,movement,urn:gd:story:classification:gcp_movement:competitionId:285023:number_of_involvements:rank_asc:page:16,urn:gd:story:classification:gcp_movement:competitionId:285023:number_of_involvements:rank_asc:page:16
477777,285023_43854,Oumar Diakite,Côte d'Ivoire,FW,9,3,5,1,5,4,2,12,14,46,movement,urn:gd:story:classification:gcp_movement:competitionId:285023:number_of_involvements:rank_asc:page:16,urn:gd:story:classification:gcp_movement:competitionId:285023:number_of_involvements:rank_asc:page:16
493970,285023_43899,Promise David,Canada,FW,22,15,7,0,18,4,2,18,18,46,movement,urn:gd:story:classification:gcp_movement:competitionId:285023:number_of_involvements:rank_asc:page:16,urn:gd:story:classification:gcp_movement:competitionId:285023:number_of_involvements:rank_asc:page:16
504502,285023_43888,Sebastian Tounekti,Tunisia,MF,62,19,41,2,46,16,1,13,15,46,movement,urn:gd:story:classification:gcp_movement:competitionId:285023:number_of_involvements:rank_asc:page:16,urn:gd:story:classification:gcp_movement:competitionId:285023:number_of_involvements:rank_asc:page:16
339112,285023_43976,Jason Geria,Australia,DF,3,1,0,2,1,2,0,2,5,46,movement,urn:gd:story:classification:gcp_movement:competitionId:285023:number_of_involvements:rank_asc:page:17,urn:gd:story:classification:gcp_movement:competitionId:285023:number_of_involvements:rank_asc:page:17
441188,285023_43972,Kerem Akturkoglu,Türkiye,FW,71,57,12,2,66,5,2,18,20,45,movement,urn:gd:story:classification:gcp_movement:competitionId:285023:number_of_involvements:rank_asc:page:17,urn:gd:story:classification:gcp_movement:competitionId:285023:number_of_involvements:rank_asc:page:17
390535,285023_43817,Mehdi Torabi,IR Iran,MF,15,5,6,4,6,9,1,6,11,45,movement,urn:gd:story:classification:gcp_movement:competitionId:285023:number_of_involvements:rank_asc:page:17,urn:gd:story:classification:gcp_movement:competitionId:285023:number_of_involvements:rank_asc:page:17
522846,285023_44037,Ermin Mahmic,Bosnia and Herzegovina,MF,35,13,16,6,26,9,0,6,5,45,movement,urn:gd:story:classification:gcp_movement:competitionId:285023:number_of_involvements:rank_asc:page:17,urn:gd:story:classification:gcp_movement:competitionId:285023:number_of_involvements:rank_asc:page:17
485068,285023_43938,Igor Matanovic,Croatia,FW,36,15,19,2,33,3,0,22,16,44,movement,urn:gd:story:classification:gcp_movement:competitionId:285023:number_of_involvements:rank_asc:page:17,urn:gd:story:classification:gcp_movement:competitionId:285023:number_of_involvements:rank_asc:page:17
511022,285023_43860,Kojo Peprah Oppong,Ghana,DF,3,0,0,3,2,1,0,0,0,44,movement,urn:gd:story:classification:gcp_movement:competitionId:285023:number_of_involvements:rank_asc:page:17,urn:gd:story:classification:gcp_movement:competitionId:285023:number_of_involvements:rank_asc:page:17
463468,285023_43927,Alan Minda,Ecuador,MF,32,16,16,0,12,20,2,10,14,43,movement,urn:gd:story:classification:gcp_movement:competitionId:285023:number_of_involvements:rank_asc:page:17,urn:gd:story:classification:gcp_movement:competitionId:285023:number_of_involvements:rank_asc:page:17
494025,285023_43935,Matias Fernandez Pardo,Belgium,FW,21,15,5,1,8,13,2,18,9,43,movement,urn:gd:story:classification:gcp_movement:competitionId:285023:number_of_involvements:rank_asc:page:17,urn:gd:story:classification:gcp_movement:competitionId:285023:number_of_involvements:rank_asc:page:17
395186,285023_43818,Aymen Hussein,Iraq,FW,78,47,28,3,59,19,1,20,18,43,movement,urn:gd:story:classification:gcp_movement:competitionId:285023:number_of_involvements:rank_asc:page:17,urn:gd:story:classification:gcp_movement:competitionId:285023:number_of_involvements:rank_asc:page:17
512132,285023_43843,Adil Boulbina,Algeria,FW,46,20,19,7,13,33,2,6,20,42,movement,urn:gd:story:classification:gcp_movement:competitionId:285023:number_of_involvements:rank_asc:page:17,urn:gd:story:classification:gcp_movement:competitionId:285023:number_of_involvements:rank_asc:page:17
481181,285023_43817,Arya Yousefi,IR Iran,DF,19,6,12,1,8,11,1,7,21,42,movement,urn:gd:story:classification:gcp_movement:competitionId:285023:number_of_involvements:rank_asc:page:17,urn:gd:story:classification:gcp_movement:competitionId:285023:number_of_involvements:rank_asc:page:17
335807,285023_43854,Jean Michael Seri,Côte d'Ivoire,MF,11,0,6,5,8,3,0,2,8,42,movement,urn:gd:story:classification:gcp_movement:competitionId:285023:number_of_involvements:rank_asc:page:17,urn:gd:story:classification:gcp_movement:competitionId:285023:number_of_involvements:rank_asc:page:17
358003,285023_43995,Vladimir Darida,Czechia,MF,26,9,13,4,16,10,0,5,17,42,movement,urn:gd:story:classification:gcp_movement:competitionId:285023:number_of_involvements:rank_asc:page:17,urn:gd:story:classification:gcp_movement:competitionId:285023:number_of_involvements:rank_asc:page:17
430594,285023_43924,Roger Ibanez,Brazil,DF,6,4,2,0,3,3,0,2,3,42,movement,urn:gd:story:classification:gcp_movement:competitionId:285023:number_of_involvements:rank_asc:page:17,urn:gd:story:classification:gcp_movement:competitionId:285023:number_of_involvements:rank_asc:page:17
463661,285023_43922,Valentin Barco,Argentina,MF,19,4,14,1,9,10,0,14,8,41,movement,urn:gd:story:classification:gcp_movement:competitionId:285023:number_of_involvements:rank_asc:page:17,urn:gd:story:classification:gcp_movement:competitionId:285023:number_of_involvements:rank_asc:page:17
412144,285023_43899,Alphonso Davies,Canada,DF,13,6,7,0,3,10,0,14,8,41,movement,urn:gd:story:classification:gcp_movement:competitionId:285023:number_of_involvements:rank_asc:page:17,urn:gd:story:classification:gcp_movement:competitionId:285023:number_of_involvements:rank_asc:page:17
426506,285023_20014,Meschack Elia,Congo DR,FW,14,6,8,0,3,11,3,12,9,41,movement,urn:gd:story:classification:gcp_movement:competitionId:285023:number_of_involvements:rank_asc:page:17,urn:gd:story:classification:gcp_movement:competitionId:285023:number_of_involvements:rank_asc:page:17
433191,285023_43967,Che Adams,Scotland,FW,63,34,26,3,56,7,3,9,16,41,movement,urn:gd:story:classification:gcp_movement:competitionId:285023:number_of_involvements:rank_asc:page:17,urn:gd:story:classification:gcp_movement:competitionId:285023:number_of_involvements:rank_asc:page:17
497902,285023_43935,Diego Moreira,Belgium,MF,47,12,21,14,20,27,1,11,5,41,movement,urn:gd:story:classification:gcp_movement:competitionId:285023:number_of_involvements:rank_asc:page:17,urn:gd:story:classification:gcp_movement:competitionId:285023:number_of_involvements:rank_asc:page:17
411653,285023_43888,Dylan Bronn,Tunisia,DF,7,0,0,7,2,5,0,0,1,40,movement,urn:gd:story:classification:gcp_movement:competitionId:285023:number_of_involvements:rank_asc:page:17,urn:gd:story:classification:gcp_movement:competitionId:285023:number_of_involvements:rank_asc:page:17
514202,285023_43970,Taha Ali,Sweden,FW,19,2,11,6,1,18,1,9,10,40,movement,urn:gd:story:classification:gcp_movement:competitionId:285023:number_of_involvements:rank_asc:page:17,urn:gd:story:classification:gcp_movement:competitionId:285023:number_of_involvements:rank_asc:page:17
519985,285023_43995,Denis Visinsky,Czechia,FW,18,3,10,5,7,11,1,5,5,40,movement,urn:gd:story:classification:gcp_movement:competitionId:285023:number_of_involvements:rank_asc:page:17,urn:gd:story:classification:gcp_movement:competitionId:285023:number_of_involvements:rank_asc:page:17
434024,285023_43818,Munaf Younus,Iraq,DF,2,0,0,2,1,1,0,0,8,40,movement,urn:gd:story:classification:gcp_movement:competitionId:285023:number_of_involvements:rank_asc:page:17,urn:gd:story:classification:gcp_movement:competitionId:285023:number_of_involvements:rank_asc:page:17
441317,285023_20014,Theo Bongonda,Congo DR,MF,8,5,2,1,6,2,0,6,11,40,movement,urn:gd:story:classification:gcp_movement:competitionId:285023:number_of_involvements:rank_asc:page:17,urn:gd:story:classification:gcp_movement:competitionId:285023:number_of_involvements:rank_asc:page:17
373344,285023_43850,Garry Rodrigues,Cabo Verde,MF,29,18,11,0,16,13,0,13,11,40,movement,urn:gd:story:classification:gcp_movement:competitionId:285023:number_of_involvements:rank_asc:page:17,urn:gd:story:classification:gcp_movement:competitionId:285023:number_of_involvements:rank_asc:page:17
477817,285023_43843,Oussama Benbot,Algeria,GK,1,0,0,1,1,0,0,0,0,40,movement,urn:gd:story:classification:gcp_movement:competitionId:285023:number_of_involvements:rank_asc:page:17,urn:gd:story:classification:gcp_movement:competitionId:285023:number_of_involvements:rank_asc:page:17
336098,285023_43960,Memphis Depay,Netherlands,FW,35,19,14,2,31,4,0,17,18,39,movement,urn:gd:story:classification:gcp_movement:competitionId:285023:number_of_involvements:rank_asc:page:17,urn:gd:story:classification:gcp_movement:competitionId:285023:number_of_involvements:rank_asc:page:17
433067,285023_43961,Morten Thorsby,Norway,MF,33,9,16,8,23,10,0,5,18,39,movement,urn:gd:story:classification:gcp_movement:competitionId:285023:number_of_involvements:rank_asc:page:17,urn:gd:story:classification:gcp_movement:competitionId:285023:number_of_involvements:rank_asc:page:17
505495,285023_43928,Alexandro Maidana,Paraguay,DF,9,4,3,2,2,7,1,4,8,38,movement,urn:gd:story:classification:gcp_movement:competitionId:285023:number_of_involvements:rank_asc:page:17,urn:gd:story:classification:gcp_movement:competitionId:285023:number_of_involvements:rank_asc:page:17
368664,285023_43930,Sergio Rochet,Uruguay,GK,5,0,0,5,3,2,0,0,0,38,movement,urn:gd:story:classification:gcp_movement:competitionId:285023:number_of_involvements:rank_asc:page:17,urn:gd:story:classification:gcp_movement:competitionId:285023:number_of_involvements:rank_asc:page:17
430070,285023_43938,Ante Budimir,Croatia,FW,76,65,10,1,68,8,1,14,16,37,movement,urn:gd:story:classification:gcp_movement:competitionId:285023:number_of_involvements:rank_asc:page:17,urn:gd:story:classification:gcp_movement:competitionId:285023:number_of_involvements:rank_asc:page:17
523333,285023_43835,Ala Alhajji,Saudi Arabia,MF,17,3,12,2,11,6,0,7,13,37,movement,urn:gd:story:classification:gcp_movement:competitionId:285023:number_of_involvements:rank_asc:page:17,urn:gd:story:classification:gcp_movement:competitionId:285023:number_of_involvements:rank_asc:page:17
494374,285023_43888,Hazem Mastouri,Tunisia,FW,15,14,1,0,11,4,1,14,17,37,movement,urn:gd:story:classification:gcp_movement:competitionId:285023:number_of_involvements:rank_asc:page:17,urn:gd:story:classification:gcp_movement:competitionId:285023:number_of_involvements:rank_asc:page:17
491218,285023_43948,Jamie Leweling,Germany,MF,11,7,4,0,2,9,2,7,8,36,movement,urn:gd:story:classification:gcp_movement:competitionId:285023:number_of_involvements:rank_asc:page:17,urn:gd:story:classification:gcp_movement:competitionId:285023:number_of_involvements:rank_asc:page:17
484262,285023_43818,Marko Farji,Iraq,FW,40,19,19,2,9,31,2,5,17,36,movement,urn:gd:story:classification:gcp_movement:competitionId:285023:number_of_involvements:rank_asc:page:17,urn:gd:story:classification:gcp_movement:competitionId:285023:number_of_involvements:rank_asc:page:17
403304,285023_43819,Takefusa Kubo,Japan,MF,20,7,9,4,15,5,1,4,10,36,movement,urn:gd:story:classification:gcp_movement:competitionId:285023:number_of_involvements:rank_asc:page:17,urn:gd:story:classification:gcp_movement:competitionId:285023:number_of_involvements:rank_asc:page:17
499102,285023_43820,Saleem Obaid,Jordan,DF,2,0,0,2,0,2,0,0,5,36,movement,urn:gd:story:classification:gcp_movement:competitionId:285023:number_of_involvements:rank_asc:page:17,urn:gd:story:classification:gcp_movement:competitionId:285023:number_of_involvements:rank_asc:page:17
498514,285023_43820,Ali Azaizeh,Jordan,FW,30,11,19,0,18,12,0,12,16,35,movement,urn:gd:story:classification:gcp_movement:competitionId:285023:number_of_involvements:rank_asc:page:17,urn:gd:story:classification:gcp_movement:competitionId:285023:number_of_involvements:rank_asc:page:17
477859,285023_20014,Fiston Mayele,Congo DR,FW,21,13,8,0,17,4,2,16,18,35,movement,urn:gd:story:classification:gcp_movement:competitionId:285023:number_of_involvements:rank_asc:page:17,urn:gd:story:classification:gcp_movement:competitionId:285023:number_of_involvements:rank_asc:page:17
519954,285023_44037,Jovo Lukic,Bosnia and Herzegovina,FW,9,2,7,0,7,2,0,14,14,35,movement,urn:gd:story:classification:gcp_movement:competitionId:285023:number_of_involvements:rank_asc:page:17,urn:gd:story:classification:gcp_movement:competitionId:285023:number_of_involvements:rank_asc:page:17
418561,285023_43963,Francisco Trincao,Portugal,FW,24,6,18,0,19,5,0,8,15,35,movement,urn:gd:story:classification:gcp_movement:competitionId:285023:number_of_involvements:rank_asc:page:17,urn:gd:story:classification:gcp_movement:competitionId:285023:number_of_involvements:rank_asc:page:17
491166,285023_43976,Nishan Velupillay,Australia,FW,12,5,6,1,8,4,0,6,10,35,movement,urn:gd:story:classification:gcp_movement:competitionId:285023:number_of_involvements:rank_asc:page:17,urn:gd:story:classification:gcp_movement:competitionId:285023:number_of_involvements:rank_asc:page:17
368545,285023_44005,Jamshid Iskanderov,Uzbekistan,MF,12,1,6,5,4,8,0,5,6,35,movement,urn:gd:story:classification:gcp_movement:competitionId:285023:number_of_involvements:rank_asc:page:17,urn:gd:story:classification:gcp_movement:competitionId:285023:number_of_involvements:rank_asc:page:17
498458,285023_43834,Mohamed Manai,Qatar,FW,16,2,8,6,9,7,0,5,8,34,movement,urn:gd:story:classification:gcp_movement:competitionId:285023:number_of_involvements:rank_asc:page:17,urn:gd:story:classification:gcp_movement:competitionId:285023:number_of_involvements:rank_asc:page:17
520245,285023_43888,Mouhib Chamakh,Tunisia,GK,1,0,0,1,1,0,0,0,0,34,movement,urn:gd:story:classification:gcp_movement:competitionId:285023:number_of_involvements:rank_asc:page:17,urn:gd:story:classification:gcp_movement:competitionId:285023:number_of_involvements:rank_asc:page:17
484848,285023_43948,Pascal Gross,Germany,MF,9,4,4,1,4,5,0,6,9,34,movement,urn:gd:story:classification:gcp_movement:competitionId:285023:number_of_involvements:rank_asc:page:17,urn:gd:story:classification:gcp_movement:competitionId:285023:number_of_involvements:rank_asc:page:17
405639,285023_43817,Amirhossein Hosseinzadeh,IR Iran,FW,15,4,9,2,8,7,0,3,8,33,movement,urn:gd:story:classification:gcp_movement:competitionId:285023:number_of_involvements:rank_asc:page:17,urn:gd:story:classification:gcp_movement:competitionId:285023:number_of_involvements:rank_asc:page:17
419463,285023_43834,Yusuf Abdurisag,Qatar,FW,18,10,7,1,11,7,1,12,11,33,movement,urn:gd:story:classification:gcp_movement:competitionId:285023:number_of_involvements:rank_asc:page:17,urn:gd:story:classification:gcp_movement:competitionId:285023:number_of_involvements:rank_asc:page:17
321697,285023_43976,Mathew Leckie,Australia,FW,7,3,3,1,6,1,1,9,14,33,movement,urn:gd:story:classification:gcp_movement:competitionId:285023:number_of_involvements:rank_asc:page:17,urn:gd:story:classification:gcp_movement:competitionId:285023:number_of_involvements:rank_asc:page:17
440748,285023_43978,Francis De Vries,New Zealand,DF,13,4,4,5,4,9,0,3,4,33,movement,urn:gd:story:classification:gcp_movement:competitionId:285023:number_of_involvements:rank_asc:page:17,urn:gd:story:classification:gcp_movement:competitionId:285023:number_of_involvements:rank_asc:page:17
430759,285023_43911,Santiago Gimenez,Mexico,FW,29,20,9,0,19,10,3,15,16,33,movement,urn:gd:story:classification:gcp_movement:competitionId:285023:number_of_involvements:rank_asc:page:18,urn:gd:story:classification:gcp_movement:competitionId:285023:number_of_involvements:rank_asc:page:18
448662,285023_43888,Elias Achouri,Tunisia,FW,31,17,13,1,16,15,0,3,10,33,movement,urn:gd:story:classification:gcp_movement:competitionId:285023:number_of_involvements:rank_asc:page:18,urn:gd:story:classification:gcp_movement:competitionId:285023:number_of_involvements:rank_asc:page:18
416902,285023_43855,Mohamed Abdelmoneim,Egypt,DF,6,0,1,5,1,5,0,0,3,32,movement,urn:gd:story:classification:gcp_movement:competitionId:285023:number_of_involvements:rank_asc:page:18,urn:gd:story:classification:gcp_movement:competitionId:285023:number_of_involvements:rank_asc:page:18
484859,285023_43960,Quinten Timber,Netherlands,MF,19,7,6,6,8,11,1,5,14,32,movement,urn:gd:story:classification:gcp_movement:competitionId:285023:number_of_involvements:rank_asc:page:18,urn:gd:story:classification:gcp_movement:competitionId:285023:number_of_involvements:rank_asc:page:18
463286,285023_43934,Patrick Wimmer,Austria,FW,17,10,6,1,4,13,0,11,14,32,movement,urn:gd:story:classification:gcp_movement:competitionId:285023:number_of_involvements:rank_asc:page:18,urn:gd:story:classification:gcp_movement:competitionId:285023:number_of_involvements:rank_asc:page:18
386339,285023_43911,Guillermo Martinez,Mexico,FW,32,18,14,0,29,3,0,13,14,32,movement,urn:gd:story:classification:gcp_movement:competitionId:285023:number_of_involvements:rank_asc:page:18,urn:gd:story:classification:gcp_movement:competitionId:285023:number_of_involvements:rank_asc:page:18
369530,285023_43926,Jhon Cordoba,Colombia,FW,31,22,9,0,25,6,3,13,9,32,movement,urn:gd:story:classification:gcp_movement:competitionId:285023:number_of_involvements:rank_asc:page:18,urn:gd:story:classification:gcp_movement:competitionId:285023:number_of_involvements:rank_asc:page:18
470759,285023_43926,Kevin Castano,Colombia,MF,11,1,2,8,7,4,0,2,3,32,movement,urn:gd:story:classification:gcp_movement:competitionId:285023:number_of_involvements:rank_asc:page:18,urn:gd:story:classification:gcp_movement:competitionId:285023:number_of_involvements:rank_asc:page:18
411678,285023_43872,Ayoub El Kaabi,Morocco,FW,59,45,12,2,39,20,2,10,14,31,movement,urn:gd:story:classification:gcp_movement:competitionId:285023:number_of_involvements:rank_asc:page:18,urn:gd:story:classification:gcp_movement:competitionId:285023:number_of_involvements:rank_asc:page:18
494314,285023_43850,Telmo Arcanjo,Cabo Verde,MF,12,3,4,5,7,5,0,5,12,31,movement,urn:gd:story:classification:gcp_movement:competitionId:285023:number_of_involvements:rank_asc:page:18,urn:gd:story:classification:gcp_movement:competitionId:285023:number_of_involvements:rank_asc:page:18
284190,285023_43834,Hassan Alhaydos,Qatar,FW,21,10,10,1,11,10,0,7,16,31,movement,urn:gd:story:classification:gcp_movement:competitionId:285023:number_of_involvements:rank_asc:page:18,urn:gd:story:classification:gcp_movement:competitionId:285023:number_of_involvements:rank_asc:page:18
448081,285023_43963,Goncalo Ramos,Portugal,FW,12,8,4,0,11,1,1,10,11,31,movement,urn:gd:story:classification:gcp_movement:competitionId:285023:number_of_involvements:rank_asc:page:18,urn:gd:story:classification:gcp_movement:competitionId:285023:number_of_involvements:rank_asc:page:18
495488,285023_43855,Hamza Abdelkarim,Egypt,FW,21,17,4,0,17,4,1,6,6,30,movement,urn:gd:story:classification:gcp_movement:competitionId:285023:number_of_involvements:rank_asc:page:18,urn:gd:story:classification:gcp_movement:competitionId:285023:number_of_involvements:rank_asc:page:18
523288,285023_43872,Ayoube Amaimouni,Morocco,FW,12,8,3,1,6,6,1,11,12,30,movement,urn:gd:story:classification:gcp_movement:competitionId:285023:number_of_involvements:rank_asc:page:18,urn:gd:story:classification:gcp_movement:competitionId:285023:number_of_involvements:rank_asc:page:18
379886,285023_43817,Alireza Jahanbakhsh,IR Iran,MF,35,16,13,6,20,15,1,6,10,30,movement,urn:gd:story:classification:gcp_movement:competitionId:285023:number_of_involvements:rank_asc:page:18,urn:gd:story:classification:gcp_movement:competitionId:285023:number_of_involvements:rank_asc:page:18
403236,285023_43817,Mehdi Ghayedi,IR Iran,FW,6,3,3,0,4,2,5,7,11,29,movement,urn:gd:story:classification:gcp_movement:competitionId:285023:number_of_involvements:rank_asc:page:18,urn:gd:story:classification:gcp_movement:competitionId:285023:number_of_involvements:rank_asc:page:18
494800,285023_43835,Sultan Mandash,Saudi Arabia,FW,22,11,6,5,8,14,1,4,14,29,movement,urn:gd:story:classification:gcp_movement:competitionId:285023:number_of_involvements:rank_asc:page:18,urn:gd:story:classification:gcp_movement:competitionId:285023:number_of_involvements:rank_asc:page:18
389754,285023_43938,Petar Musa,Croatia,FW,43,33,9,1,38,5,0,10,13,29,movement,urn:gd:story:classification:gcp_movement:competitionId:285023:number_of_involvements:rank_asc:page:18,urn:gd:story:classification:gcp_movement:competitionId:285023:number_of_involvements:rank_asc:page:18
385139,285023_44005,Farrukh Sayfiev,Uzbekistan,DF,5,2,2,1,1,4,3,4,13,29,movement,urn:gd:story:classification:gcp_movement:competitionId:285023:number_of_involvements:rank_asc:page:18,urn:gd:story:classification:gcp_movement:competitionId:285023:number_of_involvements:rank_asc:page:18
405755,285023_43926,Jaminton Campaz,Colombia,FW,16,8,8,0,7,9,1,7,7,29,movement,urn:gd:story:classification:gcp_movement:competitionId:285023:number_of_involvements:rank_asc:page:18,urn:gd:story:classification:gcp_movement:competitionId:285023:number_of_involvements:rank_asc:page:18
484698,285023_43879,Assane Diao,Senegal,FW,19,5,10,4,5,14,0,12,8,29,movement,urn:gd:story:classification:gcp_movement:competitionId:285023:number_of_involvements:rank_asc:page:18,urn:gd:story:classification:gcp_movement:competitionId:285023:number_of_involvements:rank_asc:page:18
506069,285023_43818,Kevin Yakob,Iraq,MF,6,2,3,1,6,0,0,4,5,28,movement,urn:gd:story:classification:gcp_movement:competitionId:285023:number_of_involvements:rank_asc:page:18,urn:gd:story:classification:gcp_movement:competitionId:285023:number_of_involvements:rank_asc:page:18
520071,285023_43843,Nadhir Benbouali,Algeria,FW,12,7,3,2,11,1,2,8,13,28,movement,urn:gd:story:classification:gcp_movement:competitionId:285023:number_of_involvements:rank_asc:page:18,urn:gd:story:classification:gcp_movement:competitionId:285023:number_of_involvements:rank_asc:page:18
448585,285023_43822,Yang Hyunjun,Korea Republic,MF,9,1,6,2,2,7,1,1,10,28,movement,urn:gd:story:classification:gcp_movement:competitionId:285023:number_of_involvements:rank_asc:page:18,urn:gd:story:classification:gcp_movement:competitionId:285023:number_of_involvements:rank_asc:page:18
431219,285023_43820,Saed Alrosan,Jordan,DF,4,0,1,3,1,3,0,0,2,28,movement,urn:gd:story:classification:gcp_movement:competitionId:285023:number_of_involvements:rank_asc:page:18,urn:gd:story:classification:gcp_movement:competitionId:285023:number_of_involvements:rank_asc:page:18
419436,285023_43834,Ahmed Alganehi,Qatar,MF,7,2,4,1,3,4,0,2,8,27,movement,urn:gd:story:classification:gcp_movement:competitionId:285023:number_of_involvements:rank_asc:page:18,urn:gd:story:classification:gcp_movement:competitionId:285023:number_of_involvements:rank_asc:page:18
523354,285023_43879,Bara Sapoko Ndiaye,Senegal,MF,21,3,10,8,15,6,0,3,6,27,movement,urn:gd:story:classification:gcp_movement:competitionId:285023:number_of_involvements:rank_asc:page:18,urn:gd:story:classification:gcp_movement:competitionId:285023:number_of_involvements:rank_asc:page:18
441132,285023_43970,Carl Starfelt,Sweden,DF,0,0,0,0,0,0,0,0,1,27,movement,urn:gd:story:classification:gcp_movement:competitionId:285023:number_of_involvements:rank_asc:page:18,urn:gd:story:classification:gcp_movement:competitionId:285023:number_of_involvements:rank_asc:page:18
430098,285023_43967,Lyndon Dykes,Scotland,FW,27,11,16,0,24,3,0,13,11,27,movement,urn:gd:story:classification:gcp_movement:competitionId:285023:number_of_involvements:rank_asc:page:18,urn:gd:story:classification:gcp_movement:competitionId:285023:number_of_involvements:rank_asc:page:18
479080,285023_44005,Oston Urunov,Uzbekistan,MF,25,16,7,2,15,10,0,9,8,27,movement,urn:gd:story:classification:gcp_movement:competitionId:285023:number_of_involvements:rank_asc:page:18,urn:gd:story:classification:gcp_movement:competitionId:285023:number_of_involvements:rank_asc:page:18
356189,285023_43942,Jordan Henderson,England,MF,22,1,4,17,20,2,1,0,5,27,movement,urn:gd:story:classification:gcp_movement:competitionId:285023:number_of_involvements:rank_asc:page:18,urn:gd:story:classification:gcp_movement:competitionId:285023:number_of_involvements:rank_asc:page:18
485804,285023_43928,Gustavo Caballero,Paraguay,MF,13,9,3,1,8,5,1,11,11,27,movement,urn:gd:story:classification:gcp_movement:competitionId:285023:number_of_involvements:rank_asc:page:18,urn:gd:story:classification:gcp_movement:competitionId:285023:number_of_involvements:rank_asc:page:18
448420,285023_43924,Luiz Henrique,Brazil,FW,3,0,3,0,0,3,0,3,6,27,movement,urn:gd:story:classification:gcp_movement:competitionId:285023:number_of_involvements:rank_asc:page:18,urn:gd:story:classification:gcp_movement:competitionId:285023:number_of_involvements:rank_asc:page:18
337251,285023_43914,Cecilio Waterman,Panama,FW,19,14,5,0,17,2,1,12,13,26,movement,urn:gd:story:classification:gcp_movement:competitionId:285023:number_of_involvements:rank_asc:page:18,urn:gd:story:classification:gcp_movement:competitionId:285023:number_of_involvements:rank_asc:page:18
369768,285023_43928,Antonio Sanabria,Paraguay,FW,5,3,2,0,4,1,2,12,9,26,movement,urn:gd:story:classification:gcp_movement:competitionId:285023:number_of_involvements:rank_asc:page:18,urn:gd:story:classification:gcp_movement:competitionId:285023:number_of_involvements:rank_asc:page:18
448112,285023_43971,Zeki Amdouni,Switzerland,FW,9,8,1,0,9,0,2,9,8,26,movement,urn:gd:story:classification:gcp_movement:competitionId:285023:number_of_involvements:rank_asc:page:18,urn:gd:story:classification:gcp_movement:competitionId:285023:number_of_involvements:rank_asc:page:18
353251,285023_43834,Ahmed Alaaeldin,Qatar,FW,20,11,8,1,15,5,0,8,11,26,movement,urn:gd:story:classification:gcp_movement:competitionId:285023:number_of_involvements:rank_asc:page:18,urn:gd:story:classification:gcp_movement:competitionId:285023:number_of_involvements:rank_asc:page:18
477862,285023_43850,Gilson Benchimol,Cabo Verde,FW,35,20,15,0,24,11,1,7,12,26,movement,urn:gd:story:classification:gcp_movement:competitionId:285023:number_of_involvements:rank_asc:page:18,urn:gd:story:classification:gcp_movement:competitionId:285023:number_of_involvements:rank_asc:page:18
484850,285023_43948,Maximilian Beier,Germany,FW,12,4,8,0,1,11,0,7,7,26,movement,urn:gd:story:classification:gcp_movement:competitionId:285023:number_of_involvements:rank_asc:page:18,urn:gd:story:classification:gcp_movement:competitionId:285023:number_of_involvements:rank_asc:page:18
448153,285023_43960,Noa Lang,Netherlands,FW,8,1,5,2,1,7,0,5,2,26,movement,urn:gd:story:classification:gcp_movement:competitionId:285023:number_of_involvements:rank_asc:page:18,urn:gd:story:classification:gcp_movement:competitionId:285023:number_of_involvements:rank_asc:page:18
335658,285023_43924,Alex Sandro,Brazil,DF,6,2,2,2,1,5,0,2,2,25,movement,urn:gd:story:classification:gcp_movement:competitionId:285023:number_of_involvements:rank_asc:page:18,urn:gd:story:classification:gcp_movement:competitionId:285023:number_of_involvements:rank_asc:page:18
485069,285023_43924,Ederson Silva,Brazil,MF,6,4,1,1,3,3,0,3,1,25,movement,urn:gd:story:classification:gcp_movement:competitionId:285023:number_of_involvements:rank_asc:page:18,urn:gd:story:classification:gcp_movement:competitionId:285023:number_of_involvements:rank_asc:page:18
430766,285023_43911,Alexis Vega,Mexico,FW,12,5,4,3,7,5,2,3,6,25,movement,urn:gd:story:classification:gcp_movement:competitionId:285023:number_of_involvements:rank_asc:page:18,urn:gd:story:classification:gcp_movement:competitionId:285023:number_of_involvements:rank_asc:page:18
506473,285023_1895293,Tyrese Noslin,Curaçao,FW,12,4,5,3,2,10,2,4,10,25,movement,urn:gd:story:classification:gcp_movement:competitionId:285023:number_of_involvements:rank_asc:page:18,urn:gd:story:classification:gcp_movement:competitionId:285023:number_of_involvements:rank_asc:page:18
419166,285023_43946,Ibrahima Konate,France,DF,3,0,0,3,2,1,0,0,0,24,movement,urn:gd:story:classification:gcp_movement:competitionId:285023:number_of_involvements:rank_asc:page:18,urn:gd:story:classification:gcp_movement:competitionId:285023:number_of_involvements:rank_asc:page:18
386458,285023_43928,Alejandro Romero Gamarra,Paraguay,FW,6,0,1,5,5,1,0,0,9,24,movement,urn:gd:story:classification:gcp_movement:competitionId:285023:number_of_involvements:rank_asc:page:18,urn:gd:story:classification:gcp_movement:competitionId:285023:number_of_involvements:rank_asc:page:18
419003,285023_43927,Jackson Porozo,Ecuador,DF,0,0,0,0,0,0,0,1,1,24,movement,urn:gd:story:classification:gcp_movement:competitionId:285023:number_of_involvements:rank_asc:page:18,urn:gd:story:classification:gcp_movement:competitionId:285023:number_of_involvements:rank_asc:page:18
479781,285023_43888,Mohamed Hadj Mahmoud,Tunisia,MF,18,2,9,7,11,7,0,1,7,24,movement,urn:gd:story:classification:gcp_movement:competitionId:285023:number_of_involvements:rank_asc:page:18,urn:gd:story:classification:gcp_movement:competitionId:285023:number_of_involvements:rank_asc:page:18
477778,285023_43854,Simon Adingra,Côte d'Ivoire,FW,25,11,8,6,5,20,0,5,4,23,movement,urn:gd:story:classification:gcp_movement:competitionId:285023:number_of_involvements:rank_asc:page:18,urn:gd:story:classification:gcp_movement:competitionId:285023:number_of_involvements:rank_asc:page:18
423855,285023_43822,Eom Jisung,Korea Republic,MF,15,7,6,2,4,11,2,5,3,23,movement,urn:gd:story:classification:gcp_movement:competitionId:285023:number_of_involvements:rank_asc:page:18,urn:gd:story:classification:gcp_movement:competitionId:285023:number_of_involvements:rank_asc:page:18
430194,285023_44037,Dennis Hadzikadunic,Bosnia and Herzegovina,DF,5,0,0,5,1,4,0,2,3,23,movement,urn:gd:story:classification:gcp_movement:competitionId:285023:number_of_involvements:rank_asc:page:19,urn:gd:story:classification:gcp_movement:competitionId:285023:number_of_involvements:rank_asc:page:19
448127,285023_43971,Noah Okafor,Switzerland,FW,6,3,3,0,4,2,0,9,9,23,movement,urn:gd:story:classification:gcp_movement:competitionId:285023:number_of_involvements:rank_asc:page:19,urn:gd:story:classification:gcp_movement:competitionId:285023:number_of_involvements:rank_asc:page:19
433795,285023_43970,Mattias Svanberg,Sweden,MF,8,0,5,3,8,0,0,3,5,23,movement,urn:gd:story:classification:gcp_movement:competitionId:285023:number_of_involvements:rank_asc:page:19,urn:gd:story:classification:gcp_movement:competitionId:285023:number_of_involvements:rank_asc:page:19
491216,285023_43963,Samu Costa,Portugal,DF,3,0,2,1,3,0,0,1,1,23,movement,urn:gd:story:classification:gcp_movement:competitionId:285023:number_of_involvements:rank_asc:page:19,urn:gd:story:classification:gcp_movement:competitionId:285023:number_of_involvements:rank_asc:page:19
370986,285023_43899,Jonathan Osorio,Canada,MF,4,1,1,2,2,2,0,1,7,22,movement,urn:gd:story:classification:gcp_movement:competitionId:285023:number_of_involvements:rank_asc:page:19,urn:gd:story:classification:gcp_movement:competitionId:285023:number_of_involvements:rank_asc:page:19
463495,285023_43927,Kendry Paez,Ecuador,MF,8,1,1,6,1,7,0,1,4,22,movement,urn:gd:story:classification:gcp_movement:competitionId:285023:number_of_involvements:rank_asc:page:19,urn:gd:story:classification:gcp_movement:competitionId:285023:number_of_involvements:rank_asc:page:19
485802,285023_43928,Alex Arce,Paraguay,FW,11,6,2,3,7,4,0,8,10,22,movement,urn:gd:story:classification:gcp_movement:competitionId:285023:number_of_involvements:rank_asc:page:19,urn:gd:story:classification:gcp_movement:competitionId:285023:number_of_involvements:rank_asc:page:19
519836,285023_43924,Igor Thiago,Brazil,FW,16,15,1,0,12,4,0,9,7,21,movement,urn:gd:story:classification:gcp_movement:competitionId:285023:number_of_involvements:rank_asc:page:19,urn:gd:story:classification:gcp_movement:competitionId:285023:number_of_involvements:rank_asc:page:19
418747,285023_43914,Tomas Rodriguez,Panama,FW,16,12,4,0,13,3,1,8,10,21,movement,urn:gd:story:classification:gcp_movement:competitionId:285023:number_of_involvements:rank_asc:page:19,urn:gd:story:classification:gcp_movement:competitionId:285023:number_of_involvements:rank_asc:page:19
448159,285023_43960,Wout Weghorst,Netherlands,FW,8,5,3,0,7,1,1,8,10,21,movement,urn:gd:story:classification:gcp_movement:competitionId:285023:number_of_involvements:rank_asc:page:19,urn:gd:story:classification:gcp_movement:competitionId:285023:number_of_involvements:rank_asc:page:19
416989,285023_43817,Ali Alipour,IR Iran,FW,17,10,7,0,13,4,0,5,7,21,movement,urn:gd:story:classification:gcp_movement:competitionId:285023:number_of_involvements:rank_asc:page:19,urn:gd:story:classification:gcp_movement:competitionId:285023:number_of_involvements:rank_asc:page:19
389886,285023_44037,Dzenis Burnic,Bosnia and Herzegovina,MF,7,4,2,1,0,7,0,2,7,21,movement,urn:gd:story:classification:gcp_movement:competitionId:285023:number_of_involvements:rank_asc:page:19,urn:gd:story:classification:gcp_movement:competitionId:285023:number_of_involvements:rank_asc:page:19
406606,285023_43976,Awer Mabil,Australia,FW,17,7,9,1,10,7,0,3,4,20,movement,urn:gd:story:classification:gcp_movement:competitionId:285023:number_of_involvements:rank_asc:page:19,urn:gd:story:classification:gcp_movement:competitionId:285023:number_of_involvements:rank_asc:page:19
489696,285023_43961,Sondre Langas,Norway,DF,4,0,0,4,1,3,0,0,1,20,movement,urn:gd:story:classification:gcp_movement:competitionId:285023:number_of_involvements:rank_asc:page:19,urn:gd:story:classification:gcp_movement:competitionId:285023:number_of_involvements:rank_asc:page:19
485666,285023_43946,Maghnes Akliouche,France,MF,11,3,5,3,7,4,0,2,4,20,movement,urn:gd:story:classification:gcp_movement:competitionId:285023:number_of_involvements:rank_asc:page:19,urn:gd:story:classification:gcp_movement:competitionId:285023:number_of_involvements:rank_asc:page:19
424056,285023_1895293,Sontje Hansen,Curaçao,FW,21,15,6,0,13,8,1,7,7,20,movement,urn:gd:story:classification:gcp_movement:competitionId:285023:number_of_involvements:rank_asc:page:19,urn:gd:story:classification:gcp_movement:competitionId:285023:number_of_involvements:rank_asc:page:19
372090,285023_43911,Orbelin Pineda,Mexico,MF,19,7,9,3,14,5,0,6,11,20,movement,urn:gd:story:classification:gcp_movement:competitionId:285023:number_of_involvements:rank_asc:page:19,urn:gd:story:classification:gcp_movement:competitionId:285023:number_of_involvements:rank_asc:page:19
402985,285023_43927,Jordy Caicedo,Ecuador,FW,5,4,1,0,3,2,0,9,9,20,movement,urn:gd:story:classification:gcp_movement:competitionId:285023:number_of_involvements:rank_asc:page:19,urn:gd:story:classification:gcp_movement:competitionId:285023:number_of_involvements:rank_asc:page:19
504193,285023_43883,Tshepang Moremi,South Africa,FW,14,8,4,2,4,10,2,4,5,20,movement,urn:gd:story:classification:gcp_movement:competitionId:285023:number_of_involvements:rank_asc:page:19,urn:gd:story:classification:gcp_movement:competitionId:285023:number_of_involvements:rank_asc:page:19
423933,285023_43899,Jayden Nelson,Canada,FW,4,0,2,2,1,3,0,2,7,20,movement,urn:gd:story:classification:gcp_movement:competitionId:285023:number_of_involvements:rank_asc:page:19,urn:gd:story:classification:gcp_movement:competitionId:285023:number_of_involvements:rank_asc:page:19
466865,285023_43908,Derrick Etienne,Haiti,FW,10,7,1,2,4,6,2,5,1,19,movement,urn:gd:story:classification:gcp_movement:competitionId:285023:number_of_involvements:rank_asc:page:19,urn:gd:story:classification:gcp_movement:competitionId:285023:number_of_involvements:rank_asc:page:19
466363,285023_1895293,Jearl Margaritha,Curaçao,FW,17,11,6,0,9,8,2,7,9,19,movement,urn:gd:story:classification:gcp_movement:competitionId:285023:number_of_involvements:rank_asc:page:19,urn:gd:story:classification:gcp_movement:competitionId:285023:number_of_involvements:rank_asc:page:19
466372,285023_1895293,Gervane Kastaneer,Curaçao,FW,12,11,1,0,8,4,0,7,6,19,movement,urn:gd:story:classification:gcp_movement:competitionId:285023:number_of_involvements:rank_asc:page:19,urn:gd:story:classification:gcp_movement:competitionId:285023:number_of_involvements:rank_asc:page:19
448157,285023_43960,Guus Til,Netherlands,MF,20,11,8,1,9,11,0,6,5,19,movement,urn:gd:story:classification:gcp_movement:competitionId:285023:number_of_involvements:rank_asc:page:19,urn:gd:story:classification:gcp_movement:competitionId:285023:number_of_involvements:rank_asc:page:19
390278,285023_43921,Alex Zendejas,USA,FW,11,3,6,2,7,4,0,2,4,19,movement,urn:gd:story:classification:gcp_movement:competitionId:285023:number_of_involvements:rank_asc:page:19,urn:gd:story:classification:gcp_movement:competitionId:285023:number_of_involvements:rank_asc:page:19
498455,285023_43819,Junnosuke Suzuki,Japan,DF,10,4,5,1,3,7,0,2,4,19,movement,urn:gd:story:classification:gcp_movement:competitionId:285023:number_of_involvements:rank_asc:page:19,urn:gd:story:classification:gcp_movement:competitionId:285023:number_of_involvements:rank_asc:page:19
430387,285023_43822,Cho Guesung,Korea Republic,FW,16,11,5,0,10,6,2,8,7,19,movement,urn:gd:story:classification:gcp_movement:competitionId:285023:number_of_involvements:rank_asc:page:19,urn:gd:story:classification:gcp_movement:competitionId:285023:number_of_involvements:rank_asc:page:19
448120,285023_43971,Ardon Jashari,Switzerland,MF,1,0,1,0,1,0,0,2,2,18,movement,urn:gd:story:classification:gcp_movement:competitionId:285023:number_of_involvements:rank_asc:page:19,urn:gd:story:classification:gcp_movement:competitionId:285023:number_of_involvements:rank_asc:page:19
483961,285023_43995,Tomas Chory,Czechia,FW,13,7,6,0,8,5,0,6,4,18,movement,urn:gd:story:classification:gcp_movement:competitionId:285023:number_of_involvements:rank_asc:page:19,urn:gd:story:classification:gcp_movement:competitionId:285023:number_of_involvements:rank_asc:page:19
486213,285023_43860,Brandon Thomas Asante,Ghana,FW,34,26,8,0,23,11,2,8,8,18,movement,urn:gd:story:classification:gcp_movement:competitionId:285023:number_of_involvements:rank_asc:page:19,urn:gd:story:classification:gcp_movement:competitionId:285023:number_of_involvements:rank_asc:page:19
337232,285023_43914,Eric Davis,Panama,DF,5,1,4,0,2,3,0,2,4,18,movement,urn:gd:story:classification:gcp_movement:competitionId:285023:number_of_involvements:rank_asc:page:19,urn:gd:story:classification:gcp_movement:competitionId:285023:number_of_involvements:rank_asc:page:19
269514,285023_43914,Anibal Godoy,Panama,MF,4,1,2,1,1,3,0,1,3,18,movement,urn:gd:story:classification:gcp_movement:competitionId:285023:number_of_involvements:rank_asc:page:19,urn:gd:story:classification:gcp_movement:competitionId:285023:number_of_involvements:rank_asc:page:19
478364,285023_43960,Justin Kluivert,Netherlands,MF,29,13,14,2,15,14,2,3,5,18,movement,urn:gd:story:classification:gcp_movement:competitionId:285023:number_of_involvements:rank_asc:page:19,urn:gd:story:classification:gcp_movement:competitionId:285023:number_of_involvements:rank_asc:page:19
518200,285023_43976,Tete Yengi,Australia,FW,11,6,5,0,6,5,2,8,8,17,movement,urn:gd:story:classification:gcp_movement:competitionId:285023:number_of_involvements:rank_asc:page:19,urn:gd:story:classification:gcp_movement:competitionId:285023:number_of_involvements:rank_asc:page:19
481220,285023_44005,Azizbek Amonov,Uzbekistan,FW,24,15,7,2,17,7,1,4,9,17,movement,urn:gd:story:classification:gcp_movement:competitionId:285023:number_of_involvements:rank_asc:page:19,urn:gd:story:classification:gcp_movement:competitionId:285023:number_of_involvements:rank_asc:page:19
485063,285023_44037,Samed Bazdar,Bosnia and Herzegovina,FW,3,1,2,0,2,1,0,8,8,17,movement,urn:gd:story:classification:gcp_movement:competitionId:285023:number_of_involvements:rank_asc:page:19,urn:gd:story:classification:gcp_movement:competitionId:285023:number_of_involvements:rank_asc:page:19
514401,285023_43860,Prince Adu,Ghana,FW,17,10,7,0,12,5,1,8,9,17,movement,urn:gd:story:classification:gcp_movement:competitionId:285023:number_of_involvements:rank_asc:page:19,urn:gd:story:classification:gcp_movement:competitionId:285023:number_of_involvements:rank_asc:page:19
337389,285023_43967,Anthony Ralston,Scotland,DF,5,1,3,1,0,5,0,3,3,16,movement,urn:gd:story:classification:gcp_movement:competitionId:285023:number_of_involvements:rank_asc:page:19,urn:gd:story:classification:gcp_movement:competitionId:285023:number_of_involvements:rank_asc:page:19
433755,285023_43995,David Zima,Czechia,DF,2,0,1,1,1,1,0,0,1,16,movement,urn:gd:story:classification:gcp_movement:competitionId:285023:number_of_involvements:rank_asc:page:19,urn:gd:story:classification:gcp_movement:competitionId:285023:number_of_involvements:rank_asc:page:19
484276,285023_43818,Ahmed Maknazi,Iraq,DF,1,0,1,0,1,0,0,1,9,16,movement,urn:gd:story:classification:gcp_movement:competitionId:285023:number_of_involvements:rank_asc:page:19,urn:gd:story:classification:gcp_movement:competitionId:285023:number_of_involvements:rank_asc:page:19
477790,285023_43843,Mohamed Amoura,Algeria,FW,27,8,17,2,24,3,0,5,5,16,movement,urn:gd:story:classification:gcp_movement:competitionId:285023:number_of_involvements:rank_asc:page:19,urn:gd:story:classification:gcp_movement:competitionId:285023:number_of_involvements:rank_asc:page:19
464458,285023_43818,Youssef Amyn,Iraq,MF,26,15,10,1,18,8,0,5,8,16,movement,urn:gd:story:classification:gcp_movement:competitionId:285023:number_of_involvements:rank_asc:page:19,urn:gd:story:classification:gcp_movement:competitionId:285023:number_of_involvements:rank_asc:page:19
406205,285023_43928,Braian Ojeda,Paraguay,MF,4,1,2,1,0,4,0,1,2,16,movement,urn:gd:story:classification:gcp_movement:competitionId:285023:number_of_involvements:rank_asc:page:19,urn:gd:story:classification:gcp_movement:competitionId:285023:number_of_involvements:rank_asc:page:19
489417,285023_43928,Isidro Pitta,Paraguay,FW,5,5,0,0,3,2,0,5,8,15,movement,urn:gd:story:classification:gcp_movement:competitionId:285023:number_of_involvements:rank_asc:page:19,urn:gd:story:classification:gcp_movement:competitionId:285023:number_of_involvements:rank_asc:page:19
419211,285023_43883,Lyle Foster,South Africa,FW,20,10,8,2,12,8,0,6,7,15,movement,urn:gd:story:classification:gcp_movement:competitionId:285023:number_of_involvements:rank_asc:page:19,urn:gd:story:classification:gcp_movement:competitionId:285023:number_of_involvements:rank_asc:page:19
395984,285023_43883,Themba Zwane,South Africa,MF,6,0,5,1,5,1,0,0,5,14,movement,urn:gd:story:classification:gcp_movement:competitionId:285023:number_of_involvements:rank_asc:page:19,urn:gd:story:classification:gcp_movement:competitionId:285023:number_of_involvements:rank_asc:page:19
494375,285023_43888,Firas Chaouat,Tunisia,FW,25,22,3,0,20,5,1,5,5,14,movement,urn:gd:story:classification:gcp_movement:competitionId:285023:number_of_involvements:rank_asc:page:19,urn:gd:story:classification:gcp_movement:competitionId:285023:number_of_involvements:rank_asc:page:19
485675,285023_43854,Evann Guessand,Côte d'Ivoire,FW,3,2,1,0,3,0,0,8,7,14,movement,urn:gd:story:classification:gcp_movement:competitionId:285023:number_of_involvements:rank_asc:page:19,urn:gd:story:classification:gcp_movement:competitionId:285023:number_of_involvements:rank_asc:page:19
215285,285023_43911,Guillermo Ochoa,Mexico,GK,2,0,0,2,1,1,0,0,0,14,movement,urn:gd:story:classification:gcp_movement:competitionId:285023:number_of_involvements:rank_asc:page:19,urn:gd:story:classification:gcp_movement:competitionId:285023:number_of_involvements:rank_asc:page:19
477835,285023_20014,Simon Banza,Congo DR,FW,24,17,7,0,20,4,1,4,7,14,movement,urn:gd:story:classification:gcp_movement:competitionId:285023:number_of_involvements:rank_asc:page:19,urn:gd:story:classification:gcp_movement:competitionId:285023:number_of_involvements:rank_asc:page:19
506038,285023_43883,Kamogelo Sebelebele,South Africa,FW,5,2,3,0,2,3,1,2,2,13,movement,urn:gd:story:classification:gcp_movement:competitionId:285023:number_of_involvements:rank_asc:page:20,urn:gd:story:classification:gcp_movement:competitionId:285023:number_of_involvements:rank_asc:page:20
430465,285023_43855,Ibrahim Adel,Egypt,FW,10,3,6,1,2,8,0,4,1,12,movement,urn:gd:story:classification:gcp_movement:competitionId:285023:number_of_involvements:rank_asc:page:20,urn:gd:story:classification:gcp_movement:competitionId:285023:number_of_involvements:rank_asc:page:20
403293,285023_43819,Koki Ogawa,Japan,FW,24,12,10,2,22,2,1,5,4,12,movement,urn:gd:story:classification:gcp_movement:competitionId:285023:number_of_involvements:rank_asc:page:20,urn:gd:story:classification:gcp_movement:competitionId:285023:number_of_involvements:rank_asc:page:20
418881,285023_43926,Cucho Hernandez,Colombia,FW,4,2,2,0,3,1,1,5,6,12,movement,urn:gd:story:classification:gcp_movement:competitionId:285023:number_of_involvements:rank_asc:page:20,urn:gd:story:classification:gcp_movement:competitionId:285023:number_of_involvements:rank_asc:page:20
448124,285023_43971,Christian Fassnacht,Switzerland,FW,3,0,3,0,2,1,1,5,6,12,movement,urn:gd:story:classification:gcp_movement:competitionId:285023:number_of_involvements:rank_asc:page:20,urn:gd:story:classification:gcp_movement:competitionId:285023:number_of_involvements:rank_asc:page:20
419567,285023_43978,Callan Elliot,New Zealand,DF,1,0,1,0,0,1,0,0,3,11,movement,urn:gd:story:classification:gcp_movement:competitionId:285023:number_of_involvements:rank_asc:page:20,urn:gd:story:classification:gcp_movement:competitionId:285023:number_of_involvements:rank_asc:page:20
493221,285023_43971,Miro Muheim,Switzerland,DF,6,4,2,0,0,6,0,0,0,11,movement,urn:gd:story:classification:gcp_movement:competitionId:285023:number_of_involvements:rank_asc:page:20,urn:gd:story:classification:gcp_movement:competitionId:285023:number_of_involvements:rank_asc:page:20
466346,285023_1895293,Brandley Kuwas,Curaçao,FW,5,3,2,0,2,3,0,6,2,11,movement,urn:gd:story:classification:gcp_movement:competitionId:285023:number_of_involvements:rank_asc:page:20,urn:gd:story:classification:gcp_movement:competitionId:285023:number_of_involvements:rank_asc:page:20
483512,285023_43960,Jorrel Hato,Netherlands,DF,3,2,1,0,2,1,0,0,5,11,movement,urn:gd:story:classification:gcp_movement:competitionId:285023:number_of_involvements:rank_asc:page:20,urn:gd:story:classification:gcp_movement:competitionId:285023:number_of_involvements:rank_asc:page:20
477853,285023_20014,Gedeon Kalulu,Congo DR,DF,3,1,2,0,1,2,0,4,0,11,movement,urn:gd:story:classification:gcp_movement:competitionId:285023:number_of_involvements:rank_asc:page:20,urn:gd:story:classification:gcp_movement:competitionId:285023:number_of_involvements:rank_asc:page:20
485503,285023_43819,Yuito Suzuki,Japan,MF,12,5,5,2,7,5,0,3,6,11,movement,urn:gd:story:classification:gcp_movement:competitionId:285023:number_of_involvements:rank_asc:page:20,urn:gd:story:classification:gcp_movement:competitionId:285023:number_of_involvements:rank_asc:page:20
448569,285023_43819,Shuto Machino,Japan,FW,7,2,5,0,2,5,0,3,2,10,movement,urn:gd:story:classification:gcp_movement:competitionId:285023:number_of_involvements:rank_asc:page:20,urn:gd:story:classification:gcp_movement:competitionId:285023:number_of_involvements:rank_asc:page:20
431208,285023_43820,Mohammad Abuzraiq,Jordan,FW,2,1,1,0,0,2,0,0,2,10,movement,urn:gd:story:classification:gcp_movement:competitionId:285023:number_of_involvements:rank_asc:page:20,urn:gd:story:classification:gcp_movement:competitionId:285023:number_of_involvements:rank_asc:page:20
395286,285023_43970,Ken Sema,Sweden,MF,5,2,2,1,2,3,0,1,4,10,movement,urn:gd:story:classification:gcp_movement:competitionId:285023:number_of_involvements:rank_asc:page:20,urn:gd:story:classification:gcp_movement:competitionId:285023:number_of_involvements:rank_asc:page:20
448160,285023_43938,Luka Sucic,Croatia,MF,5,3,1,1,4,1,1,1,3,10,movement,urn:gd:story:classification:gcp_movement:competitionId:285023:number_of_involvements:rank_asc:page:20,urn:gd:story:classification:gcp_movement:competitionId:285023:number_of_involvements:rank_asc:page:20
45191,285023_43820,Mohammad Aldaoud,Jordan,MF,7,3,2,2,0,7,0,1,4,9,movement,urn:gd:story:classification:gcp_movement:competitionId:285023:number_of_involvements:rank_asc:page:20,urn:gd:story:classification:gcp_movement:competitionId:285023:number_of_involvements:rank_asc:page:20
386366,285023_43834,Almoez Ali,Qatar,FW,15,3,10,2,10,5,0,2,5,9,movement,urn:gd:story:classification:gcp_movement:competitionId:285023:number_of_involvements:rank_asc:page:20,urn:gd:story:classification:gcp_movement:competitionId:285023:number_of_involvements:rank_asc:page:20
336170,285023_43972,Kaan Ayhan,Türkiye,MF,3,1,0,2,2,1,0,2,1,9,movement,urn:gd:story:classification:gcp_movement:competitionId:285023:number_of_involvements:rank_asc:page:20,urn:gd:story:classification:gcp_movement:competitionId:285023:number_of_involvements:rank_asc:page:20
520217,285023_43967,Findlay Curtis,Scotland,FW,8,5,3,0,2,6,0,2,3,9,movement,urn:gd:story:classification:gcp_movement:competitionId:285023:number_of_involvements:rank_asc:page:20,urn:gd:story:classification:gcp_movement:competitionId:285023:number_of_involvements:rank_asc:page:20
430196,285023_44037,Amir Hadziahmetovic,Bosnia and Herzegovina,MF,1,0,1,0,1,0,0,0,0,9,movement,urn:gd:story:classification:gcp_movement:competitionId:285023:number_of_involvements:rank_asc:page:20,urn:gd:story:classification:gcp_movement:competitionId:285023:number_of_involvements:rank_asc:page:20
368546,285023_44005,Igor Sergeev,Uzbekistan,FW,13,9,4,0,10,3,0,3,2,9,movement,urn:gd:story:classification:gcp_movement:competitionId:285023:number_of_involvements:rank_asc:page:20,urn:gd:story:classification:gcp_movement:competitionId:285023:number_of_involvements:rank_asc:page:20
506483,285023_43908,Yassin Fortune,Haiti,FW,4,0,4,0,0,4,0,1,3,9,movement,urn:gd:story:classification:gcp_movement:competitionId:285023:number_of_involvements:rank_asc:page:20,urn:gd:story:classification:gcp_movement:competitionId:285023:number_of_involvements:rank_asc:page:20
463125,285023_43928,Ramon Sosa,Paraguay,MF,5,1,3,1,4,1,0,0,0,9,movement,urn:gd:story:classification:gcp_movement:competitionId:285023:number_of_involvements:rank_asc:page:20,urn:gd:story:classification:gcp_movement:competitionId:285023:number_of_involvements:rank_asc:page:20
271116,285023_43914,Alberto Quintero,Panama,MF,5,2,2,1,3,2,0,2,1,8,movement,urn:gd:story:classification:gcp_movement:competitionId:285023:number_of_involvements:rank_asc:page:20,urn:gd:story:classification:gcp_movement:competitionId:285023:number_of_involvements:rank_asc:page:20
441362,285023_43888,Mortadha Ben Ouanes,Tunisia,DF,17,6,8,3,13,4,0,0,3,8,movement,urn:gd:story:classification:gcp_movement:competitionId:285023:number_of_involvements:rank_asc:page:20,urn:gd:story:classification:gcp_movement:competitionId:285023:number_of_involvements:rank_asc:page:20
394993,285023_43908,Duckens Nazon,Haiti,FW,0,0,0,0,0,0,0,2,4,8,movement,urn:gd:story:classification:gcp_movement:competitionId:285023:number_of_involvements:rank_asc:page:20,urn:gd:story:classification:gcp_movement:competitionId:285023:number_of_involvements:rank_asc:page:20
401167,285023_43972,Caglar Soyuncu,Türkiye,DF,4,0,0,4,3,1,0,0,1,8,movement,urn:gd:story:classification:gcp_movement:competitionId:285023:number_of_involvements:rank_asc:page:20,urn:gd:story:classification:gcp_movement:competitionId:285023:number_of_involvements:rank_asc:page:20
434029,285023_43818,Ali Yousif,Iraq,FW,5,3,2,0,4,1,0,2,3,8,movement,urn:gd:story:classification:gcp_movement:competitionId:285023:number_of_involvements:rank_asc:page:20,urn:gd:story:classification:gcp_movement:competitionId:285023:number_of_involvements:rank_asc:page:20
491167,285023_43820,Amer Jamous,Jordan,MF,4,1,3,0,4,0,0,2,2,8,movement,urn:gd:story:classification:gcp_movement:competitionId:285023:number_of_involvements:rank_asc:page:20,urn:gd:story:classification:gcp_movement:competitionId:285023:number_of_involvements:rank_asc:page:20
498416,285023_43948,Nick Woltemade,Germany,FW,12,5,7,0,11,1,0,3,3,7,movement,urn:gd:story:classification:gcp_movement:competitionId:285023:number_of_involvements:rank_asc:page:20,urn:gd:story:classification:gcp_movement:competitionId:285023:number_of_involvements:rank_asc:page:20
419654,285023_43961,Jens Petter Hauge,Norway,MF,3,0,2,1,2,1,0,0,0,7,movement,urn:gd:story:classification:gcp_movement:competitionId:285023:number_of_involvements:rank_asc:page:20,urn:gd:story:classification:gcp_movement:competitionId:285023:number_of_involvements:rank_asc:page:20
485379,285023_1895293,Shurandy Sambo,Curaçao,DF,2,0,1,1,1,1,0,0,0,7,movement,urn:gd:story:classification:gcp_movement:competitionId:285023:number_of_involvements:rank_asc:page:20,urn:gd:story:classification:gcp_movement:competitionId:285023:number_of_involvements:rank_asc:page:20
466359,285023_1895293,Godfried Roemeratoe,Curaçao,MF,0,0,0,0,0,0,0,0,1,7,movement,urn:gd:story:classification:gcp_movement:competitionId:285023:number_of_involvements:rank_asc:page:20,urn:gd:story:classification:gcp_movement:competitionId:285023:number_of_involvements:rank_asc:page:20
495347,285023_43972,Deniz Gul,Türkiye,FW,14,13,1,0,14,0,1,3,3,7,movement,urn:gd:story:classification:gcp_movement:competitionId:285023:number_of_involvements:rank_asc:page:20,urn:gd:story:classification:gcp_movement:competitionId:285023:number_of_involvements:rank_asc:page:20
448104,285023_43971,Cedric Itten,Switzerland,FW,10,8,2,0,8,2,1,3,3,7,movement,urn:gd:story:classification:gcp_movement:competitionId:285023:number_of_involvements:rank_asc:page:20,urn:gd:story:classification:gcp_movement:competitionId:285023:number_of_involvements:rank_asc:page:20
489691,285023_43970,Gustaf Nilsson,Sweden,FW,3,1,2,0,2,1,0,2,3,6,movement,urn:gd:story:classification:gcp_movement:competitionId:285023:number_of_involvements:rank_asc:page:20,urn:gd:story:classification:gcp_movement:competitionId:285023:number_of_involvements:rank_asc:page:20
403094,285023_43946,Jean Philippe Mateta,France,FW,7,6,1,0,4,3,1,0,3,6,movement,urn:gd:story:classification:gcp_movement:competitionId:285023:number_of_involvements:rank_asc:page:20,urn:gd:story:classification:gcp_movement:competitionId:285023:number_of_involvements:rank_asc:page:20
433526,285023_43820,Mohammad Abuhasheesh,Jordan,DF,0,0,0,0,0,0,0,0,1,6,movement,urn:gd:story:classification:gcp_movement:competitionId:285023:number_of_involvements:rank_asc:page:20,urn:gd:story:classification:gcp_movement:competitionId:285023:number_of_involvements:rank_asc:page:20
406135,285023_43911,Cesar Huerta,Mexico,FW,3,3,0,0,0,3,0,1,3,5,movement,urn:gd:story:classification:gcp_movement:competitionId:285023:number_of_involvements:rank_asc:page:20,urn:gd:story:classification:gcp_movement:competitionId:285023:number_of_involvements:rank_asc:page:20
514336,285023_43911,Armando Gonzalez,Mexico,FW,7,4,3,0,5,2,0,4,4,5,movement,urn:gd:story:classification:gcp_movement:competitionId:285023:number_of_involvements:rank_asc:page:20,urn:gd:story:classification:gcp_movement:competitionId:285023:number_of_involvements:rank_asc:page:20
466352,285023_1895293,Kenji Gorre,Curaçao,FW,2,0,2,0,1,1,0,3,1,5,movement,urn:gd:story:classification:gcp_movement:competitionId:285023:number_of_involvements:rank_asc:page:20,urn:gd:story:classification:gcp_movement:competitionId:285023:number_of_involvements:rank_asc:page:20
418781,285023_43879,Bamba Dieng,Senegal,FW,5,3,2,0,5,0,0,1,1,5,movement,urn:gd:story:classification:gcp_movement:competitionId:285023:number_of_involvements:rank_asc:page:20,urn:gd:story:classification:gcp_movement:competitionId:285023:number_of_involvements:rank_asc:page:20
422968,285023_43818,Mohanad Ali,Iraq,FW,4,4,0,0,3,1,1,0,1,4,movement,urn:gd:story:classification:gcp_movement:competitionId:285023:number_of_involvements:rank_asc:page:20,urn:gd:story:classification:gcp_movement:competitionId:285023:number_of_involvements:rank_asc:page:20
448203,285023_43942,Ollie Watkins,England,FW,5,4,1,0,4,1,1,1,2,4,movement,urn:gd:story:classification:gcp_movement:competitionId:285023:number_of_involvements:rank_asc:page:20,urn:gd:story:classification:gcp_movement:competitionId:285023:number_of_involvements:rank_asc:page:20
484003,285023_43995,Mojmir Chytil,Czechia,FW,2,2,0,0,1,1,0,2,2,4,movement,urn:gd:story:classification:gcp_movement:competitionId:285023:number_of_involvements:rank_asc:page:20,urn:gd:story:classification:gcp_movement:competitionId:285023:number_of_involvements:rank_asc:page:20
472877,285023_43972,Irfan Can Kahveci,Türkiye,FW,7,4,3,0,3,4,0,1,0,4,movement,urn:gd:story:classification:gcp_movement:competitionId:285023:number_of_involvements:rank_asc:page:20,urn:gd:story:classification:gcp_movement:competitionId:285023:number_of_involvements:rank_asc:page:20
484728,285023_43969,Marc Pubill,Spain,DF,0,0,0,0,0,0,0,0,0,4,movement,urn:gd:story:classification:gcp_movement:competitionId:285023:number_of_involvements:rank_asc:page:20,urn:gd:story:classification:gcp_movement:competitionId:285023:number_of_involvements:rank_asc:page:20
495054,285023_43922,Jose Manuel Lopez,Argentina,FW,5,5,0,0,4,1,0,3,3,4,movement,urn:gd:story:classification:gcp_movement:competitionId:285023:number_of_involvements:rank_asc:page:20,urn:gd:story:classification:gcp_movement:competitionId:285023:number_of_involvements:rank_asc:page:20
482984,285023_44037,Haris Tabakovic,Bosnia and Herzegovina,FW,4,4,0,0,3,1,0,2,1,3,movement,urn:gd:story:classification:gcp_movement:competitionId:285023:number_of_involvements:rank_asc:page:20,urn:gd:story:classification:gcp_movement:competitionId:285023:number_of_involvements:rank_asc:page:20
464897,285023_44005,Sherzod Esanov,Uzbekistan,MF,0,0,0,0,0,0,0,0,0,2,movement,urn:gd:story:classification:gcp_movement:competitionId:285023:number_of_involvements:rank_asc:page:20,urn:gd:story:classification:gcp_movement:competitionId:285023:number_of_involvements:rank_asc:page:20
441148,285023_43963,Matheus Nunes,Portugal,MF,1,0,1,0,1,0,0,0,0,2,movement,urn:gd:story:classification:gcp_movement:competitionId:285023:number_of_involvements:rank_asc:page:21,urn:gd:story:classification:gcp_movement:competitionId:285023:number_of_involvements:rank_asc:page:21
402044,285023_43960,Marten De Roon,Netherlands,MF,1,0,0,1,1,0,0,0,0,2,movement,urn:gd:story:classification:gcp_movement:competitionId:285023:number_of_involvements:rank_asc:page:21,urn:gd:story:classification:gcp_movement:competitionId:285023:number_of_involvements:rank_asc:page:21
479056,285023_43818,Mustafa Saadoon,Iraq,DF,3,1,2,0,0,3,0,0,0,2,movement,urn:gd:story:classification:gcp_movement:competitionId:285023:number_of_involvements:rank_asc:page:21,urn:gd:story:classification:gcp_movement:competitionId:285023:number_of_involvements:rank_asc:page:21
464339,285023_43819,Keisuke Goto,Japan,FW,15,9,6,0,14,1,0,1,1,2,movement,urn:gd:story:classification:gcp_movement:competitionId:285023:number_of_involvements:rank_asc:page:21,urn:gd:story:classification:gcp_movement:competitionId:285023:number_of_involvements:rank_asc:page:21
520218,285023_43819,Kento Shiogai,Japan,FW,11,6,5,0,9,2,0,1,0,2,movement,urn:gd:story:classification:gcp_movement:competitionId:285023:number_of_involvements:rank_asc:page:21,urn:gd:story:classification:gcp_movement:competitionId:285023:number_of_involvements:rank_asc:page:21
332897,285023_43930,Rodrigo Aguirre,Uruguay,FW,2,1,1,0,1,1,0,1,1,2,movement,urn:gd:story:classification:gcp_movement:competitionId:285023:number_of_involvements:rank_asc:page:21,urn:gd:story:classification:gcp_movement:competitionId:285023:number_of_involvements:rank_asc:page:21
466361,285023_1895293,Roshon Van Eijma,Curaçao,DF,0,0,0,0,0,0,0,0,0,2,movement,urn:gd:story:classification:gcp_movement:competitionId:285023:number_of_involvements:rank_asc:page:21,urn:gd:story:classification:gcp_movement:competitionId:285023:number_of_involvements:rank_asc:page:21
486614,285023_43834,Alhashmi Alhussein,Qatar,DF,1,0,1,0,0,1,0,1,1,1,movement,urn:gd:story:classification:gcp_movement:competitionId:285023:number_of_involvements:rank_asc:page:21,urn:gd:story:classification:gcp_movement:competitionId:285023:number_of_involvements:rank_asc:page:21
385070,285023_43834,Mohammed Muntari,Qatar,FW,0,0,0,0,0,0,0,0,0,0,movement,urn:gd:story:classification:gcp_movement:competitionId:285023:number_of_involvements:rank_asc:page:21,urn:gd:story:classification:gcp_movement:competitionId:285023:number_of_involvements:rank_asc:page:21
520072,285023_43843,Fares Ghedjemis,Algeria,FW,0,0,0,0,0,0,0,0,0,0,movement,urn:gd:story:classification:gcp_movement:competitionId:285023:number_of_involvements:rank_asc:page:21,urn:gd:story:classification:gcp_movement:competitionId:285023:number_of_involvements:rank_asc:page:21
477829,285023_20014,Dylan Batubinsika,Congo DR,DF,0,0,0,0,0,0,0,0,0,0,movement,urn:gd:story:classification:gcp_movement:competitionId:285023:number_of_involvements:rank_asc:page:21,urn:gd:story:classification:gcp_movement:competitionId:285023:number_of_involvements:rank_asc:page:21
511710,285023_43819,Tomoki Hayakawa,Japan,GK,0,0,0,0,0,0,0,0,0,0,movement,urn:gd:story:classification:gcp_movement:competitionId:285023:number_of_involvements:rank_asc:page:21,urn:gd:story:classification:gcp_movement:competitionId:285023:number_of_involvements:rank_asc:page:21
464374,285023_43822,Bae Junho,Korea Republic,MF,0,0,0,0,0,0,0,0,0,0,movement,urn:gd:story:classification:gcp_movement:competitionId:285023:number_of_involvements:rank_asc:page:21,urn:gd:story:classification:gcp_movement:competitionId:285023:number_of_involvements:rank_asc:page:21
433631,285023_43843,Yassine Titraoui,Algeria,MF,0,0,0,0,0,0,0,0,0,0,movement,urn:gd:story:classification:gcp_movement:competitionId:285023:number_of_involvements:rank_asc:page:21,urn:gd:story:classification:gcp_movement:competitionId:285023:number_of_involvements:rank_asc:page:21
406281,285023_43850,Cj Dos Santos,Cabo Verde,GK,0,0,0,0,0,0,0,0,0,0,movement,urn:gd:story:classification:gcp_movement:competitionId:285023:number_of_involvements:rank_asc:page:21,urn:gd:story:classification:gcp_movement:competitionId:285023:number_of_involvements:rank_asc:page:21
429600,285023_43822,Lee Donggyeong,Korea Republic,MF,0,0,0,0,0,0,0,0,0,0,movement,urn:gd:story:classification:gcp_movement:competitionId:285023:number_of_involvements:rank_asc:page:21,urn:gd:story:classification:gcp_movement:competitionId:285023:number_of_involvements:rank_asc:page:21
419300,285023_43835,Khalid Alghannam,Saudi Arabia,FW,0,0,0,0,0,0,0,0,0,0,movement,urn:gd:story:classification:gcp_movement:competitionId:285023:number_of_involvements:rank_asc:page:21,urn:gd:story:classification:gcp_movement:competitionId:285023:number_of_involvements:rank_asc:page:21
433600,285023_43843,Mohamed Amine Tougai,Algeria,DF,0,0,0,0,0,0,0,0,0,0,movement,urn:gd:story:classification:gcp_movement:competitionId:285023:number_of_involvements:rank_asc:page:21,urn:gd:story:classification:gcp_movement:competitionId:285023:number_of_involvements:rank_asc:page:21
406595,285023_43817,Roozbeh Cheshmi,IR Iran,MF,0,0,0,0,0,0,0,0,0,0,movement,urn:gd:story:classification:gcp_movement:competitionId:285023:number_of_involvements:rank_asc:page:21,urn:gd:story:classification:gcp_movement:competitionId:285023:number_of_involvements:rank_asc:page:21
477831,285023_43850,Logan Costa,Cabo Verde,DF,0,0,0,0,0,0,0,0,0,0,movement,urn:gd:story:classification:gcp_movement:competitionId:285023:number_of_involvements:rank_asc:page:21,urn:gd:story:classification:gcp_movement:competitionId:285023:number_of_involvements:rank_asc:page:21
514171,285023_20014,Matthieu Epolo,Congo DR,GK,0,0,0,0,0,0,0,0,0,0,movement,urn:gd:story:classification:gcp_movement:competitionId:285023:number_of_involvements:rank_asc:page:21,urn:gd:story:classification:gcp_movement:competitionId:285023:number_of_involvements:rank_asc:page:21
397753,285023_43822,Jo Hyeonwoo,Korea Republic,GK,0,0,0,0,0,0,0,0,0,0,movement,urn:gd:story:classification:gcp_movement:competitionId:285023:number_of_involvements:rank_asc:page:21,urn:gd:story:classification:gcp_movement:competitionId:285023:number_of_involvements:rank_asc:page:21
407114,285023_43850,Marcio Rosa,Cabo Verde,GK,0,0,0,0,0,0,0,0,0,0,movement,urn:gd:story:classification:gcp_movement:competitionId:285023:number_of_involvements:rank_asc:page:21,urn:gd:story:classification:gcp_movement:competitionId:285023:number_of_involvements:rank_asc:page:21
431209,285023_43820,Ibrahim Sadeh,Jordan,MF,0,0,0,0,0,0,0,0,0,0,movement,urn:gd:story:classification:gcp_movement:competitionId:285023:number_of_involvements:rank_asc:page:21,urn:gd:story:classification:gcp_movement:competitionId:285023:number_of_involvements:rank_asc:page:21
475921,285023_43817,Amirmohammad Razaghinia,IR Iran,MF,0,0,0,0,0,0,0,0,0,0,movement,urn:gd:story:classification:gcp_movement:competitionId:285023:number_of_involvements:rank_asc:page:21,urn:gd:story:classification:gcp_movement:competitionId:285023:number_of_involvements:rank_asc:page:21
486639,285023_43834,Tahsin Mohammed,Qatar,FW,0,0,0,0,0,0,0,0,0,0,movement,urn:gd:story:classification:gcp_movement:competitionId:285023:number_of_involvements:rank_asc:page:21,urn:gd:story:classification:gcp_movement:competitionId:285023:number_of_involvements:rank_asc:page:21
401924,285023_43835,Hassan Kadish,Saudi Arabia,DF,0,0,0,0,0,0,0,0,0,0,movement,urn:gd:story:classification:gcp_movement:competitionId:285023:number_of_involvements:rank_asc:page:21,urn:gd:story:classification:gcp_movement:competitionId:285023:number_of_involvements:rank_asc:page:21
297266,285023_43850,Stopira,Cabo Verde,DF,0,0,0,0,0,0,0,0,0,0,movement,urn:gd:story:classification:gcp_movement:competitionId:285023:number_of_involvements:rank_asc:page:21,urn:gd:story:classification:gcp_movement:competitionId:285023:number_of_involvements:rank_asc:page:21
356673,285023_43834,Lucas Mendes,Qatar,DF,4,4,0,0,2,2,0,0,0,0,movement,urn:gd:story:classification:gcp_movement:competitionId:285023:number_of_involvements:rank_asc:page:21,urn:gd:story:classification:gcp_movement:competitionId:285023:number_of_involvements:rank_asc:page:21
384850,285023_43820,Rajaei Ayed,Jordan,MF,0,0,0,0,0,0,0,0,0,0,movement,urn:gd:story:classification:gcp_movement:competitionId:285023:number_of_involvements:rank_asc:page:21,urn:gd:story:classification:gcp_movement:competitionId:285023:number_of_involvements:rank_asc:page:21
403305,285023_43819,Keisuke Osako,Japan,GK,0,0,0,0,0,0,0,0,0,0,movement,urn:gd:story:classification:gcp_movement:competitionId:285023:number_of_involvements:rank_asc:page:21,urn:gd:story:classification:gcp_movement:competitionId:285023:number_of_involvements:rank_asc:page:21
448507,285023_43817,Payam Niazmand,IR Iran,GK,0,0,0,0,0,0,0,0,0,0,movement,urn:gd:story:classification:gcp_movement:competitionId:285023:number_of_involvements:rank_asc:page:21,urn:gd:story:classification:gcp_movement:competitionId:285023:number_of_involvements:rank_asc:page:21
430512,285023_43835,Aiman Yahya,Saudi Arabia,FW,0,0,0,0,0,0,0,0,0,0,movement,urn:gd:story:classification:gcp_movement:competitionId:285023:number_of_involvements:rank_asc:page:21,urn:gd:story:classification:gcp_movement:competitionId:285023:number_of_involvements:rank_asc:page:21
402820,285023_43822,Song Bumkeun,Korea Republic,GK,0,0,0,0,0,0,0,0,0,0,movement,urn:gd:story:classification:gcp_movement:competitionId:285023:number_of_involvements:rank_asc:page:21,urn:gd:story:classification:gcp_movement:competitionId:285023:number_of_involvements:rank_asc:page:21
416056,285023_43834,Meshaal Barsham,Qatar,GK,0,0,0,0,0,0,0,0,0,0,movement,urn:gd:story:classification:gcp_movement:competitionId:285023:number_of_involvements:rank_asc:page:21,urn:gd:story:classification:gcp_movement:competitionId:285023:number_of_involvements:rank_asc:page:21
520070,285023_43843,Melvin Mastil,Algeria,GK,0,0,0,0,0,0,0,0,0,0,movement,urn:gd:story:classification:gcp_movement:competitionId:285023:number_of_involvements:rank_asc:page:21,urn:gd:story:classification:gcp_movement:competitionId:285023:number_of_involvements:rank_asc:page:21
512127,285023_43843,Achref Abada,Algeria,DF,0,0,0,0,0,0,0,0,0,0,movement,urn:gd:story:classification:gcp_movement:competitionId:285023:number_of_involvements:rank_asc:page:21,urn:gd:story:classification:gcp_movement:competitionId:285023:number_of_involvements:rank_asc:page:21
336439,285023_20014,Gael Kakuta,Congo DR,FW,0,0,0,0,0,0,0,0,0,0,movement,urn:gd:story:classification:gcp_movement:competitionId:285023:number_of_involvements:rank_asc:page:21,urn:gd:story:classification:gcp_movement:competitionId:285023:number_of_involvements:rank_asc:page:21
494429,285023_43817,Danial Iri,IR Iran,DF,0,0,0,0,0,0,0,0,0,0,movement,urn:gd:story:classification:gcp_movement:competitionId:285023:number_of_involvements:rank_asc:page:21,urn:gd:story:classification:gcp_movement:competitionId:285023:number_of_involvements:rank_asc:page:21
419326,285023_43835,Ali Majrashi,Saudi Arabia,DF,0,0,0,0,0,0,0,0,0,0,movement,urn:gd:story:classification:gcp_movement:competitionId:285023:number_of_involvements:rank_asc:page:21,urn:gd:story:classification:gcp_movement:competitionId:285023:number_of_involvements:rank_asc:page:21
436538,285023_43835,Ziyad Aljohani,Saudi Arabia,MF,0,0,0,0,0,0,0,0,0,0,movement,urn:gd:story:classification:gcp_movement:competitionId:285023:number_of_involvements:rank_asc:page:21,urn:gd:story:classification:gcp_movement:competitionId:285023:number_of_involvements:rank_asc:page:21
486196,285023_20014,Timothy Fayulu,Congo DR,GK,0,0,0,0,0,0,0,0,0,0,movement,urn:gd:story:classification:gcp_movement:competitionId:285023:number_of_involvements:rank_asc:page:21,urn:gd:story:classification:gcp_movement:competitionId:285023:number_of_involvements:rank_asc:page:21
419461,285023_43834,Salah Zakaria,Qatar,GK,0,0,0,0,0,0,0,0,0,0,movement,urn:gd:story:classification:gcp_movement:competitionId:285023:number_of_involvements:rank_asc:page:21,urn:gd:story:classification:gcp_movement:competitionId:285023:number_of_involvements:rank_asc:page:21
314255,285023_43817,Hossein Hosseini,IR Iran,GK,0,0,0,0,0,0,0,0,0,0,movement,urn:gd:story:classification:gcp_movement:competitionId:285023:number_of_involvements:rank_asc:page:21,urn:gd:story:classification:gcp_movement:competitionId:285023:number_of_involvements:rank_asc:page:21
511889,285023_43820,Anas Badawi,Jordan,DF,0,0,0,0,0,0,0,0,0,0,movement,urn:gd:story:classification:gcp_movement:competitionId:285023:number_of_involvements:rank_asc:page:21,urn:gd:story:classification:gcp_movement:competitionId:285023:number_of_involvements:rank_asc:page:21
522282,285023_43822,Cho Wije,Korea Republic,DF,0,0,0,0,0,0,0,0,0,0,movement,urn:gd:story:classification:gcp_movement:competitionId:285023:number_of_involvements:rank_asc:page:21,urn:gd:story:classification:gcp_movement:competitionId:285023:number_of_involvements:rank_asc:page:21
418485,285023_43822,Kim Taehyeon,Korea Republic,DF,0,0,0,0,0,0,0,0,0,0,movement,urn:gd:story:classification:gcp_movement:competitionId:285023:number_of_involvements:rank_asc:page:21,urn:gd:story:classification:gcp_movement:competitionId:285023:number_of_involvements:rank_asc:page:21
519837,285023_43817,Dennis Dargahi,IR Iran,FW,0,0,0,0,0,0,0,0,0,0,movement,urn:gd:story:classification:gcp_movement:competitionId:285023:number_of_involvements:rank_asc:page:21,urn:gd:story:classification:gcp_movement:competitionId:285023:number_of_involvements:rank_asc:page:21
494506,285023_43835,Jehad Thikri,Saudi Arabia,DF,0,0,0,0,0,0,0,0,0,0,movement,urn:gd:story:classification:gcp_movement:competitionId:285023:number_of_involvements:rank_asc:page:21,urn:gd:story:classification:gcp_movement:competitionId:285023:number_of_involvements:rank_asc:page:21
368744,285023_43818,Fahad Talib,Iraq,GK,0,0,0,0,0,0,0,0,0,0,movement,urn:gd:story:classification:gcp_movement:competitionId:285023:number_of_involvements:rank_asc:page:21,urn:gd:story:classification:gcp_movement:competitionId:285023:number_of_involvements:rank_asc:page:21
483127,285023_43820,Nour Baniateyah,Jordan,GK,0,0,0,0,0,0,0,0,0,0,movement,urn:gd:story:classification:gcp_movement:competitionId:285023:number_of_involvements:rank_asc:page:22,urn:gd:story:classification:gcp_movement:competitionId:285023:number_of_involvements:rank_asc:page:22
477864,285023_20014,Aaron Tshibola,Congo DR,MF,0,0,0,0,0,0,0,0,0,0,movement,urn:gd:story:classification:gcp_movement:competitionId:285023:number_of_involvements:rank_asc:page:22,urn:gd:story:classification:gcp_movement:competitionId:285023:number_of_involvements:rank_asc:page:22
419287,285023_43835,Nawaf Alaqidi,Saudi Arabia,GK,0,0,0,0,0,0,0,0,0,0,movement,urn:gd:story:classification:gcp_movement:competitionId:285023:number_of_involvements:rank_asc:page:22,urn:gd:story:classification:gcp_movement:competitionId:285023:number_of_involvements:rank_asc:page:22
339746,285023_43835,Ahmed Alkassar,Saudi Arabia,GK,0,0,0,0,0,0,0,0,0,0,movement,urn:gd:story:classification:gcp_movement:competitionId:285023:number_of_involvements:rank_asc:page:22,urn:gd:story:classification:gcp_movement:competitionId:285023:number_of_involvements:rank_asc:page:22
425804,285023_43835,Saleh Alshehri,Saudi Arabia,FW,0,0,0,0,0,0,0,0,0,0,movement,urn:gd:story:classification:gcp_movement:competitionId:285023:number_of_involvements:rank_asc:page:22,urn:gd:story:classification:gcp_movement:competitionId:285023:number_of_involvements:rank_asc:page:22
431223,285023_43820,Abdallah Alfakhori,Jordan,GK,0,0,0,0,0,0,0,0,0,0,movement,urn:gd:story:classification:gcp_movement:competitionId:285023:number_of_involvements:rank_asc:page:22,urn:gd:story:classification:gcp_movement:competitionId:285023:number_of_involvements:rank_asc:page:22
520068,285023_43820,Mohammad Abughoush,Jordan,MF,0,0,0,0,0,0,0,0,0,0,movement,urn:gd:story:classification:gcp_movement:competitionId:285023:number_of_involvements:rank_asc:page:22,urn:gd:story:classification:gcp_movement:competitionId:285023:number_of_involvements:rank_asc:page:22
506028,285023_43960,Robin Roefs,Netherlands,GK,0,0,0,0,0,0,0,0,0,0,movement,urn:gd:story:classification:gcp_movement:competitionId:285023:number_of_involvements:rank_asc:page:22,urn:gd:story:classification:gcp_movement:competitionId:285023:number_of_involvements:rank_asc:page:22
448179,285023_43938,Dominik Kotarski,Croatia,GK,0,0,0,0,0,0,0,0,0,0,movement,urn:gd:story:classification:gcp_movement:competitionId:285023:number_of_involvements:rank_asc:page:22,urn:gd:story:classification:gcp_movement:competitionId:285023:number_of_involvements:rank_asc:page:22
290821,285023_43935,Axel Witsel,Belgium,MF,0,0,0,0,0,0,0,0,0,0,movement,urn:gd:story:classification:gcp_movement:competitionId:285023:number_of_involvements:rank_asc:page:22,urn:gd:story:classification:gcp_movement:competitionId:285023:number_of_involvements:rank_asc:page:22
495348,285023_43935,Senne Lammens,Belgium,GK,0,0,0,0,0,0,0,0,0,0,movement,urn:gd:story:classification:gcp_movement:competitionId:285023:number_of_involvements:rank_asc:page:22,urn:gd:story:classification:gcp_movement:competitionId:285023:number_of_involvements:rank_asc:page:22
448369,285023_43935,Zeno Debast,Belgium,DF,0,0,0,0,0,0,0,0,0,0,movement,urn:gd:story:classification:gcp_movement:competitionId:285023:number_of_involvements:rank_asc:page:22,urn:gd:story:classification:gcp_movement:competitionId:285023:number_of_involvements:rank_asc:page:22
448151,285023_43960,Mark Flekken,Netherlands,GK,0,0,0,0,0,0,0,0,0,0,movement,urn:gd:story:classification:gcp_movement:competitionId:285023:number_of_involvements:rank_asc:page:22,urn:gd:story:classification:gcp_movement:competitionId:285023:number_of_involvements:rank_asc:page:22
485065,285023_43938,Toni Fruk,Croatia,MF,0,0,0,0,0,0,0,0,0,0,movement,urn:gd:story:classification:gcp_movement:competitionId:285023:number_of_involvements:rank_asc:page:22,urn:gd:story:classification:gcp_movement:competitionId:285023:number_of_involvements:rank_asc:page:22
520035,285023_43934,David Affengruber,Austria,DF,0,0,0,0,0,0,0,0,0,0,movement,urn:gd:story:classification:gcp_movement:competitionId:285023:number_of_involvements:rank_asc:page:22,urn:gd:story:classification:gcp_movement:competitionId:285023:number_of_involvements:rank_asc:page:22
482621,285023_43942,Kobbie Mainoo,England,MF,0,0,0,0,0,0,0,0,0,0,movement,urn:gd:story:classification:gcp_movement:competitionId:285023:number_of_involvements:rank_asc:page:22,urn:gd:story:classification:gcp_movement:competitionId:285023:number_of_involvements:rank_asc:page:22
384751,285023_43963,Goncalo Guedes,Portugal,FW,0,0,0,0,0,0,0,0,0,0,movement,urn:gd:story:classification:gcp_movement:competitionId:285023:number_of_involvements:rank_asc:page:22,urn:gd:story:classification:gcp_movement:competitionId:285023:number_of_involvements:rank_asc:page:22
429639,285023_43948,Alexander Nuebel,Germany,GK,0,0,0,0,0,0,0,0,0,0,movement,urn:gd:story:classification:gcp_movement:competitionId:285023:number_of_involvements:rank_asc:page:22,urn:gd:story:classification:gcp_movement:competitionId:285023:number_of_involvements:rank_asc:page:22
448366,285023_43935,Koni De Winter,Belgium,DF,0,0,0,0,0,0,0,0,0,0,movement,urn:gd:story:classification:gcp_movement:competitionId:285023:number_of_involvements:rank_asc:page:22,urn:gd:story:classification:gcp_movement:competitionId:285023:number_of_involvements:rank_asc:page:22
368689,285023_43963,Jose Sa,Portugal,GK,0,0,0,0,0,0,0,0,0,0,movement,urn:gd:story:classification:gcp_movement:competitionId:285023:number_of_involvements:rank_asc:page:22,urn:gd:story:classification:gcp_movement:competitionId:285023:number_of_involvements:rank_asc:page:22
514479,285023_43961,Sander Tangvik,Norway,GK,0,0,0,0,0,0,0,0,0,0,movement,urn:gd:story:classification:gcp_movement:competitionId:285023:number_of_involvements:rank_asc:page:22,urn:gd:story:classification:gcp_movement:competitionId:285023:number_of_involvements:rank_asc:page:22
439691,285023_43942,Trevoh Chalobah,England,DF,0,0,0,0,0,0,0,0,0,0,movement,urn:gd:story:classification:gcp_movement:competitionId:285023:number_of_involvements:rank_asc:page:22,urn:gd:story:classification:gcp_movement:competitionId:285023:number_of_involvements:rank_asc:page:22
491269,285023_43934,Michael Svoboda,Austria,DF,0,0,0,0,0,0,0,0,0,0,movement,urn:gd:story:classification:gcp_movement:competitionId:285023:number_of_involvements:rank_asc:page:22,urn:gd:story:classification:gcp_movement:competitionId:285023:number_of_involvements:rank_asc:page:22
441146,285023_43963,Goncalo Inacio,Portugal,DF,0,0,0,0,0,0,0,0,0,0,movement,urn:gd:story:classification:gcp_movement:competitionId:285023:number_of_involvements:rank_asc:page:22,urn:gd:story:classification:gcp_movement:competitionId:285023:number_of_involvements:rank_asc:page:22
483481,285023_43960,Mats Wieffer,Netherlands,DF,0,0,0,0,0,0,0,0,0,0,movement,urn:gd:story:classification:gcp_movement:competitionId:285023:number_of_involvements:rank_asc:page:22,urn:gd:story:classification:gcp_movement:competitionId:285023:number_of_involvements:rank_asc:page:22
448198,285023_43942,Ivan Toney,England,FW,0,0,0,0,0,0,0,0,0,0,movement,urn:gd:story:classification:gcp_movement:competitionId:285023:number_of_involvements:rank_asc:page:22,urn:gd:story:classification:gcp_movement:competitionId:285023:number_of_involvements:rank_asc:page:22
375600,285023_43934,Alessandro Schoepf,Austria,MF,0,0,0,0,0,0,0,0,0,0,movement,urn:gd:story:classification:gcp_movement:competitionId:285023:number_of_involvements:rank_asc:page:22,urn:gd:story:classification:gcp_movement:competitionId:285023:number_of_involvements:rank_asc:page:22
306538,285023_43948,Oliver Baumann,Germany,GK,0,0,0,0,0,0,0,0,0,0,movement,urn:gd:story:classification:gcp_movement:competitionId:285023:number_of_involvements:rank_asc:page:22,urn:gd:story:classification:gcp_movement:competitionId:285023:number_of_involvements:rank_asc:page:22
485080,285023_43942,James Trafford,England,GK,0,0,0,0,0,0,0,0,0,0,movement,urn:gd:story:classification:gcp_movement:competitionId:285023:number_of_involvements:rank_asc:page:22,urn:gd:story:classification:gcp_movement:competitionId:285023:number_of_involvements:rank_asc:page:22
483549,285023_43946,Warren Zaire Emery,France,MF,0,0,0,0,0,0,0,0,0,0,movement,urn:gd:story:classification:gcp_movement:competitionId:285023:number_of_involvements:rank_asc:page:22,urn:gd:story:classification:gcp_movement:competitionId:285023:number_of_involvements:rank_asc:page:22
389753,285023_43938,Nikola Moro,Croatia,MF,0,0,0,0,0,0,0,0,0,0,movement,urn:gd:story:classification:gcp_movement:competitionId:285023:number_of_involvements:rank_asc:page:22,urn:gd:story:classification:gcp_movement:competitionId:285023:number_of_involvements:rank_asc:page:22
411470,285023_43946,Lucas Hernandez,France,DF,0,0,0,0,0,0,0,0,0,0,movement,urn:gd:story:classification:gcp_movement:competitionId:285023:number_of_involvements:rank_asc:page:22,urn:gd:story:classification:gcp_movement:competitionId:285023:number_of_involvements:rank_asc:page:22
441065,285023_43934,Patrick Pentz,Austria,GK,0,0,0,0,0,0,0,0,0,0,movement,urn:gd:story:classification:gcp_movement:competitionId:285023:number_of_involvements:rank_asc:page:22,urn:gd:story:classification:gcp_movement:competitionId:285023:number_of_involvements:rank_asc:page:22
441068,285023_43934,Dejan Ljubicic,Austria,MF,0,0,0,0,0,0,0,0,0,0,movement,urn:gd:story:classification:gcp_movement:competitionId:285023:number_of_involvements:rank_asc:page:22,urn:gd:story:classification:gcp_movement:competitionId:285023:number_of_involvements:rank_asc:page:22
215553,285023_43967,Craig Gordon,Scotland,GK,0,0,0,0,0,0,0,0,0,0,movement,urn:gd:story:classification:gcp_movement:competitionId:285023:number_of_involvements:rank_asc:page:22,urn:gd:story:classification:gcp_movement:competitionId:285023:number_of_involvements:rank_asc:page:22
475195,285023_43948,Assan Ouedraogo,Germany,MF,0,0,0,0,0,0,0,0,0,0,movement,urn:gd:story:classification:gcp_movement:competitionId:285023:number_of_involvements:rank_asc:page:22,urn:gd:story:classification:gcp_movement:competitionId:285023:number_of_involvements:rank_asc:page:22
514526,285023_43938,Ivor Pandur,Croatia,GK,0,0,0,0,0,0,0,0,0,0,movement,urn:gd:story:classification:gcp_movement:competitionId:285023:number_of_involvements:rank_asc:page:22,urn:gd:story:classification:gcp_movement:competitionId:285023:number_of_involvements:rank_asc:page:22
520034,285023_43934,Florian Wiegele,Austria,GK,0,0,0,0,0,0,0,0,0,0,movement,urn:gd:story:classification:gcp_movement:competitionId:285023:number_of_involvements:rank_asc:page:22,urn:gd:story:classification:gcp_movement:competitionId:285023:number_of_involvements:rank_asc:page:22
398681,285023_43946,Ngolo Kante,France,MF,0,0,0,0,0,0,0,0,0,0,movement,urn:gd:story:classification:gcp_movement:competitionId:285023:number_of_involvements:rank_asc:page:22,urn:gd:story:classification:gcp_movement:competitionId:285023:number_of_involvements:rank_asc:page:22
506088,285023_43935,Joaquin Seys,Belgium,DF,0,0,0,0,0,0,0,0,0,0,movement,urn:gd:story:classification:gcp_movement:competitionId:285023:number_of_involvements:rank_asc:page:22,urn:gd:story:classification:gcp_movement:competitionId:285023:number_of_involvements:rank_asc:page:22
403109,285023_43946,Marcus Thuram,France,FW,3,3,0,0,3,0,0,0,0,0,movement,urn:gd:story:classification:gcp_movement:competitionId:285023:number_of_involvements:rank_asc:page:22,urn:gd:story:classification:gcp_movement:competitionId:285023:number_of_involvements:rank_asc:page:22
464127,285023_43946,Robin Risser,France,GK,0,0,0,0,0,0,0,0,0,0,movement,urn:gd:story:classification:gcp_movement:competitionId:285023:number_of_involvements:rank_asc:page:22,urn:gd:story:classification:gcp_movement:competitionId:285023:number_of_involvements:rank_asc:page:22
448164,285023_43938,Kristijan Jakic,Croatia,DF,0,0,0,0,0,0,0,0,0,0,movement,urn:gd:story:classification:gcp_movement:competitionId:285023:number_of_involvements:rank_asc:page:22,urn:gd:story:classification:gcp_movement:competitionId:285023:number_of_involvements:rank_asc:page:22
389740,285023_43938,Martin Erlic,Croatia,DF,0,0,0,0,0,0,0,0,0,0,movement,urn:gd:story:classification:gcp_movement:competitionId:285023:number_of_involvements:rank_asc:page:22,urn:gd:story:classification:gcp_movement:competitionId:285023:number_of_involvements:rank_asc:page:22
499803,285023_43935,Mike Penders,Belgium,GK,0,0,0,0,0,0,0,0,0,0,movement,urn:gd:story:classification:gcp_movement:competitionId:285023:number_of_involvements:rank_asc:page:22,urn:gd:story:classification:gcp_movement:competitionId:285023:number_of_involvements:rank_asc:page:22
448092,285023_43963,Rui Silva,Portugal,GK,0,0,0,0,0,0,0,0,0,0,movement,urn:gd:story:classification:gcp_movement:competitionId:285023:number_of_involvements:rank_asc:page:22,urn:gd:story:classification:gcp_movement:competitionId:285023:number_of_involvements:rank_asc:page:22
483471,285023_43946,Brice Samba,France,GK,0,0,0,0,0,0,0,0,0,0,movement,urn:gd:story:classification:gcp_movement:competitionId:285023:number_of_involvements:rank_asc:page:22,urn:gd:story:classification:gcp_movement:competitionId:285023:number_of_involvements:rank_asc:page:22
403046,285023_43942,Dean Henderson,England,GK,0,0,0,0,0,0,0,0,0,0,movement,urn:gd:story:classification:gcp_movement:competitionId:285023:number_of_involvements:rank_asc:page:22,urn:gd:story:classification:gcp_movement:competitionId:285023:number_of_involvements:rank_asc:page:22
494345,285023_43942,Dan Burn,England,DF,0,0,0,0,0,0,0,0,0,0,movement,urn:gd:story:classification:gcp_movement:competitionId:285023:number_of_involvements:rank_asc:page:22,urn:gd:story:classification:gcp_movement:competitionId:285023:number_of_involvements:rank_asc:page:22
483553,285023_43960,Lutsharel Geertruida,Netherlands,DF,0,0,0,0,0,0,0,0,0,0,movement,urn:gd:story:classification:gcp_movement:competitionId:285023:number_of_involvements:rank_asc:page:22,urn:gd:story:classification:gcp_movement:competitionId:285023:number_of_involvements:rank_asc:page:22
372424,285023_43938,Duje Caleta Car,Croatia,DF,0,0,0,0,0,0,0,0,0,0,movement,urn:gd:story:classification:gcp_movement:competitionId:285023:number_of_involvements:rank_asc:page:23,urn:gd:story:classification:gcp_movement:competitionId:285023:number_of_involvements:rank_asc:page:23
485756,285023_43872,Zakaria El Ouahdi,Morocco,DF,0,0,0,0,0,0,0,0,0,0,movement,urn:gd:story:classification:gcp_movement:competitionId:285023:number_of_involvements:rank_asc:page:23,urn:gd:story:classification:gcp_movement:competitionId:285023:number_of_involvements:rank_asc:page:23
512079,285023_43855,Mohamed Alaa,Egypt,GK,0,0,0,0,0,0,0,0,0,0,movement,urn:gd:story:classification:gcp_movement:competitionId:285023:number_of_involvements:rank_asc:page:23,urn:gd:story:classification:gcp_movement:competitionId:285023:number_of_involvements:rank_asc:page:23
371553,285023_43872,Ahmed Reda Tagnaouti,Morocco,GK,0,0,0,0,0,0,0,0,0,0,movement,urn:gd:story:classification:gcp_movement:competitionId:285023:number_of_involvements:rank_asc:page:23,urn:gd:story:classification:gcp_movement:competitionId:285023:number_of_involvements:rank_asc:page:23
403090,285023_43854,Alban Lafont,Côte d'Ivoire,GK,0,0,0,0,0,0,0,0,0,0,movement,urn:gd:story:classification:gcp_movement:competitionId:285023:number_of_involvements:rank_asc:page:23,urn:gd:story:classification:gcp_movement:competitionId:285023:number_of_involvements:rank_asc:page:23
506335,285023_43888,Moutaz Neffati,Tunisia,DF,0,0,0,0,0,0,0,0,0,0,movement,urn:gd:story:classification:gcp_movement:competitionId:285023:number_of_involvements:rank_asc:page:23,urn:gd:story:classification:gcp_movement:competitionId:285023:number_of_involvements:rank_asc:page:23
441336,285023_43860,Abdul Mumin,Ghana,DF,0,0,0,0,0,0,0,0,0,0,movement,urn:gd:story:classification:gcp_movement:competitionId:285023:number_of_involvements:rank_asc:page:23,urn:gd:story:classification:gcp_movement:competitionId:285023:number_of_involvements:rank_asc:page:23
523173,285023_43860,Augustine Boakye,Ghana,MF,0,0,0,0,0,0,0,0,0,0,movement,urn:gd:story:classification:gcp_movement:competitionId:285023:number_of_involvements:rank_asc:page:23,urn:gd:story:classification:gcp_movement:competitionId:285023:number_of_involvements:rank_asc:page:23
395059,285023_43883,Ricardo Goss,South Africa,GK,0,0,0,0,0,0,0,0,0,0,movement,urn:gd:story:classification:gcp_movement:competitionId:285023:number_of_involvements:rank_asc:page:23,urn:gd:story:classification:gcp_movement:competitionId:285023:number_of_involvements:rank_asc:page:23
494279,285023_43879,Antoine Mendy,Senegal,DF,0,0,0,0,0,0,0,0,0,0,movement,urn:gd:story:classification:gcp_movement:competitionId:285023:number_of_involvements:rank_asc:page:23,urn:gd:story:classification:gcp_movement:competitionId:285023:number_of_involvements:rank_asc:page:23
408948,285023_43855,Mohamed Elshenawy,Egypt,GK,0,0,0,0,0,0,0,0,0,0,movement,urn:gd:story:classification:gcp_movement:competitionId:285023:number_of_involvements:rank_asc:page:23,urn:gd:story:classification:gcp_movement:competitionId:285023:number_of_involvements:rank_asc:page:23
433466,285023_43855,Nabil Donga,Egypt,MF,0,0,0,0,0,0,0,0,0,0,movement,urn:gd:story:classification:gcp_movement:competitionId:285023:number_of_involvements:rank_asc:page:23,urn:gd:story:classification:gcp_movement:competitionId:285023:number_of_involvements:rank_asc:page:23
466862,285023_43908,Garven Metusala,Haiti,DF,0,0,0,0,0,0,0,0,0,0,movement,urn:gd:story:classification:gcp_movement:competitionId:285023:number_of_involvements:rank_asc:page:23,urn:gd:story:classification:gcp_movement:competitionId:285023:number_of_involvements:rank_asc:page:23
424556,285023_43908,Carl Sainte,Haiti,MF,0,0,0,0,0,0,0,0,0,0,movement,urn:gd:story:classification:gcp_movement:competitionId:285023:number_of_involvements:rank_asc:page:23,urn:gd:story:classification:gcp_movement:competitionId:285023:number_of_involvements:rank_asc:page:23
419225,285023_43883,Bradley Cross,South Africa,DF,0,0,0,0,0,0,0,0,0,0,movement,urn:gd:story:classification:gcp_movement:competitionId:285023:number_of_involvements:rank_asc:page:23,urn:gd:story:classification:gcp_movement:competitionId:285023:number_of_involvements:rank_asc:page:23
482780,285023_43850,Kelvin Pires,Cabo Verde,DF,0,0,0,0,0,0,0,0,0,0,movement,urn:gd:story:classification:gcp_movement:competitionId:285023:number_of_involvements:rank_asc:page:23,urn:gd:story:classification:gcp_movement:competitionId:285023:number_of_involvements:rank_asc:page:23
506124,285023_43855,Tarek Alaa,Egypt,DF,0,0,0,0,0,0,0,0,0,0,movement,urn:gd:story:classification:gcp_movement:competitionId:285023:number_of_involvements:rank_asc:page:23,urn:gd:story:classification:gcp_movement:competitionId:285023:number_of_involvements:rank_asc:page:23
494350,285023_43860,Christopher Bonsu Baah,Ghana,FW,0,0,0,0,0,0,0,0,0,0,movement,urn:gd:story:classification:gcp_movement:competitionId:285023:number_of_involvements:rank_asc:page:23,urn:gd:story:classification:gcp_movement:competitionId:285023:number_of_involvements:rank_asc:page:23
372294,285023_43888,Sabri Ben Hessen,Tunisia,GK,0,0,0,0,0,0,0,0,0,0,movement,urn:gd:story:classification:gcp_movement:competitionId:285023:number_of_involvements:rank_asc:page:23,urn:gd:story:classification:gcp_movement:competitionId:285023:number_of_involvements:rank_asc:page:23
486259,285023_43854,Mohamed Kone,Côte d'Ivoire,GK,0,0,0,0,0,0,0,0,0,0,movement,urn:gd:story:classification:gcp_movement:competitionId:285023:number_of_involvements:rank_asc:page:23,urn:gd:story:classification:gcp_movement:competitionId:285023:number_of_involvements:rank_asc:page:23
520246,285023_43888,Raed Chikhaoui,Tunisia,DF,0,0,0,0,0,0,0,0,0,0,movement,urn:gd:story:classification:gcp_movement:competitionId:285023:number_of_involvements:rank_asc:page:23,urn:gd:story:classification:gcp_movement:competitionId:285023:number_of_involvements:rank_asc:page:23
448402,285023_43899,Joel Waterman,Canada,DF,0,0,0,0,0,0,0,0,0,0,movement,urn:gd:story:classification:gcp_movement:competitionId:285023:number_of_involvements:rank_asc:page:23,urn:gd:story:classification:gcp_movement:competitionId:285023:number_of_involvements:rank_asc:page:23
498439,285023_43908,Wilguens Paugain,Haiti,DF,0,0,0,0,0,0,0,0,0,0,movement,urn:gd:story:classification:gcp_movement:competitionId:285023:number_of_involvements:rank_asc:page:23,urn:gd:story:classification:gcp_movement:competitionId:285023:number_of_involvements:rank_asc:page:23
395860,285023_43855,Mahdy Soliman,Egypt,GK,0,0,0,0,0,0,0,0,0,0,movement,urn:gd:story:classification:gcp_movement:competitionId:285023:number_of_involvements:rank_asc:page:23,urn:gd:story:classification:gcp_movement:competitionId:285023:number_of_involvements:rank_asc:page:23
506277,285023_43860,Joseph Anang,Ghana,GK,0,0,0,0,0,0,0,0,0,0,movement,urn:gd:story:classification:gcp_movement:competitionId:285023:number_of_involvements:rank_asc:page:23,urn:gd:story:classification:gcp_movement:competitionId:285023:number_of_involvements:rank_asc:page:23
514070,285023_43899,Alfie Jones,Canada,DF,0,0,0,0,0,0,0,0,0,0,movement,urn:gd:story:classification:gcp_movement:competitionId:285023:number_of_involvements:rank_asc:page:23,urn:gd:story:classification:gcp_movement:competitionId:285023:number_of_involvements:rank_asc:page:23
502245,285023_43883,Olwethu Makhanya,South Africa,DF,0,0,0,0,0,0,0,0,0,0,movement,urn:gd:story:classification:gcp_movement:competitionId:285023:number_of_involvements:rank_asc:page:23,urn:gd:story:classification:gcp_movement:competitionId:285023:number_of_involvements:rank_asc:page:23
504200,285023_43883,Samukele Kabini,South Africa,DF,0,0,0,0,0,0,0,0,0,0,movement,urn:gd:story:classification:gcp_movement:competitionId:285023:number_of_involvements:rank_asc:page:23,urn:gd:story:classification:gcp_movement:competitionId:285023:number_of_involvements:rank_asc:page:23
466844,285023_43908,Markhus Lacroix,Haiti,DF,0,0,0,0,0,0,0,0,0,0,movement,urn:gd:story:classification:gcp_movement:competitionId:285023:number_of_involvements:rank_asc:page:23,urn:gd:story:classification:gcp_movement:competitionId:285023:number_of_involvements:rank_asc:page:23
430834,285023_43854,Parfait Guiagon,Côte d'Ivoire,MF,0,0,0,0,0,0,0,0,0,0,movement,urn:gd:story:classification:gcp_movement:competitionId:285023:number_of_involvements:rank_asc:page:23,urn:gd:story:classification:gcp_movement:competitionId:285023:number_of_involvements:rank_asc:page:23
504192,285023_43883,Khulumani Ndamane,South Africa,DF,0,0,0,0,0,0,0,0,0,0,movement,urn:gd:story:classification:gcp_movement:competitionId:285023:number_of_involvements:rank_asc:page:23,urn:gd:story:classification:gcp_movement:competitionId:285023:number_of_involvements:rank_asc:page:23
516043,285023_43888,Adam Arous,Tunisia,DF,0,0,0,0,0,0,0,0,0,0,movement,urn:gd:story:classification:gcp_movement:competitionId:285023:number_of_involvements:rank_asc:page:23,urn:gd:story:classification:gcp_movement:competitionId:285023:number_of_involvements:rank_asc:page:23
367536,285023_43860,Baba Rahman,Ghana,DF,0,0,0,0,0,0,0,0,0,0,movement,urn:gd:story:classification:gcp_movement:competitionId:285023:number_of_involvements:rank_asc:page:23,urn:gd:story:classification:gcp_movement:competitionId:285023:number_of_involvements:rank_asc:page:23
494277,285023_43879,Yehvann Diouf,Senegal,GK,0,0,0,0,0,0,0,0,0,0,movement,urn:gd:story:classification:gcp_movement:competitionId:285023:number_of_involvements:rank_asc:page:23,urn:gd:story:classification:gcp_movement:competitionId:285023:number_of_involvements:rank_asc:page:23
466853,285023_43908,Josue Duverger,Haiti,GK,0,0,0,0,0,0,0,0,0,0,movement,urn:gd:story:classification:gcp_movement:competitionId:285023:number_of_involvements:rank_asc:page:23,urn:gd:story:classification:gcp_movement:competitionId:285023:number_of_involvements:rank_asc:page:23
419172,285023_43854,Evan Ndicka,Côte d'Ivoire,DF,0,0,0,0,0,0,0,0,0,0,movement,urn:gd:story:classification:gcp_movement:competitionId:285023:number_of_involvements:rank_asc:page:23,urn:gd:story:classification:gcp_movement:competitionId:285023:number_of_involvements:rank_asc:page:23
486168,285023_43879,Cherif Ndiaye,Senegal,FW,0,0,0,0,0,0,0,0,0,0,movement,urn:gd:story:classification:gcp_movement:competitionId:285023:number_of_involvements:rank_asc:page:23,urn:gd:story:classification:gcp_movement:competitionId:285023:number_of_involvements:rank_asc:page:23
512039,285023_43888,Khalil Ayari,Tunisia,MF,0,0,0,0,0,0,0,0,0,0,movement,urn:gd:story:classification:gcp_movement:competitionId:285023:number_of_involvements:rank_asc:page:23,urn:gd:story:classification:gcp_movement:competitionId:285023:number_of_involvements:rank_asc:page:23
494742,285023_43872,Youssef Belammari,Morocco,DF,0,0,0,0,0,0,0,0,0,0,movement,urn:gd:story:classification:gcp_movement:competitionId:285023:number_of_involvements:rank_asc:page:23,urn:gd:story:classification:gcp_movement:competitionId:285023:number_of_involvements:rank_asc:page:23
499800,285023_43879,Mamadou Sarr,Senegal,DF,0,0,0,0,0,0,0,0,0,0,movement,urn:gd:story:classification:gcp_movement:competitionId:285023:number_of_involvements:rank_asc:page:23,urn:gd:story:classification:gcp_movement:competitionId:285023:number_of_involvements:rank_asc:page:23
441255,285023_43899,Dayne St Clair,Canada,GK,0,0,0,0,0,0,0,0,0,0,movement,urn:gd:story:classification:gcp_movement:competitionId:285023:number_of_involvements:rank_asc:page:23,urn:gd:story:classification:gcp_movement:competitionId:285023:number_of_involvements:rank_asc:page:23
463817,285023_43899,Owen Goodman,Canada,GK,0,0,0,0,0,0,0,0,0,0,movement,urn:gd:story:classification:gcp_movement:competitionId:285023:number_of_involvements:rank_asc:page:23,urn:gd:story:classification:gcp_movement:competitionId:285023:number_of_involvements:rank_asc:page:23
494246,285023_43883,Sipho Chaine,South Africa,GK,0,0,0,0,0,0,0,0,0,0,movement,urn:gd:story:classification:gcp_movement:competitionId:285023:number_of_involvements:rank_asc:page:23,urn:gd:story:classification:gcp_movement:competitionId:285023:number_of_involvements:rank_asc:page:23
510850,285023_43883,Thabang Matuludi,South Africa,DF,0,0,0,0,0,0,0,0,0,0,movement,urn:gd:story:classification:gcp_movement:competitionId:285023:number_of_involvements:rank_asc:page:23,urn:gd:story:classification:gcp_movement:competitionId:285023:number_of_involvements:rank_asc:page:23
466835,285023_43908,Alexandre Pierre,Haiti,GK,0,0,0,0,0,0,0,0,0,0,movement,urn:gd:story:classification:gcp_movement:competitionId:285023:number_of_involvements:rank_asc:page:23,urn:gd:story:classification:gcp_movement:competitionId:285023:number_of_involvements:rank_asc:page:23
520247,285023_43888,Rayan Elloumi,Tunisia,FW,0,0,0,0,0,0,0,0,0,0,movement,urn:gd:story:classification:gcp_movement:competitionId:285023:number_of_involvements:rank_asc:page:23,urn:gd:story:classification:gcp_movement:competitionId:285023:number_of_involvements:rank_asc:page:23
395755,285023_43872,Munir El Kajoui,Morocco,GK,0,0,0,0,0,0,0,0,0,0,movement,urn:gd:story:classification:gcp_movement:competitionId:285023:number_of_involvements:rank_asc:page:23,urn:gd:story:classification:gcp_movement:competitionId:285023:number_of_involvements:rank_asc:page:23
485409,285023_43908,Woodensky Pierre,Haiti,MF,0,0,0,0,0,0,0,0,0,0,movement,urn:gd:story:classification:gcp_movement:competitionId:285023:number_of_involvements:rank_asc:page:23,urn:gd:story:classification:gcp_movement:competitionId:285023:number_of_involvements:rank_asc:page:23
391297,285023_43969,Alex Grimaldo,Spain,DF,0,0,0,0,0,0,0,0,0,0,movement,urn:gd:story:classification:gcp_movement:competitionId:285023:number_of_involvements:rank_asc:page:23,urn:gd:story:classification:gcp_movement:competitionId:285023:number_of_involvements:rank_asc:page:23
419577,285023_43978,Ben Waine,New Zealand,FW,0,0,0,0,0,0,0,0,0,0,movement,urn:gd:story:classification:gcp_movement:competitionId:285023:number_of_involvements:rank_asc:page:23,urn:gd:story:classification:gcp_movement:competitionId:285023:number_of_involvements:rank_asc:page:23
448136,285023_43971,Eray Coemert,Switzerland,DF,0,0,0,0,0,0,0,0,0,0,movement,urn:gd:story:classification:gcp_movement:competitionId:285023:number_of_involvements:rank_asc:page:24,urn:gd:story:classification:gcp_movement:competitionId:285023:number_of_involvements:rank_asc:page:24
506775,285023_43995,Hugo Sochurek,Czechia,MF,0,0,0,0,0,0,0,0,0,0,movement,urn:gd:story:classification:gcp_movement:competitionId:285023:number_of_involvements:rank_asc:page:24,urn:gd:story:classification:gcp_movement:competitionId:285023:number_of_involvements:rank_asc:page:24
511118,285023_43995,Lukas Hornicek,Czechia,GK,0,0,0,0,0,0,0,0,0,0,movement,urn:gd:story:classification:gcp_movement:competitionId:285023:number_of_involvements:rank_asc:page:24,urn:gd:story:classification:gcp_movement:competitionId:285023:number_of_involvements:rank_asc:page:24
442433,285023_43967,Ross Stewart,Scotland,FW,2,1,1,0,1,1,0,0,0,0,movement,urn:gd:story:classification:gcp_movement:competitionId:285023:number_of_involvements:rank_asc:page:24,urn:gd:story:classification:gcp_movement:competitionId:285023:number_of_involvements:rank_asc:page:24
484691,285023_43969,Joan Garcia,Spain,GK,0,0,0,0,0,0,0,0,0,0,movement,urn:gd:story:classification:gcp_movement:competitionId:285023:number_of_involvements:rank_asc:page:24,urn:gd:story:classification:gcp_movement:competitionId:285023:number_of_involvements:rank_asc:page:24
441171,285023_43995,Jan Kuchta,Czechia,FW,0,0,0,0,0,0,0,0,0,0,movement,urn:gd:story:classification:gcp_movement:competitionId:285023:number_of_involvements:rank_asc:page:24,urn:gd:story:classification:gcp_movement:competitionId:285023:number_of_involvements:rank_asc:page:24
331149,285023_43976,Milos Degenek,Australia,DF,0,0,0,0,0,0,0,0,0,0,movement,urn:gd:story:classification:gcp_movement:competitionId:285023:number_of_involvements:rank_asc:page:24,urn:gd:story:classification:gcp_movement:competitionId:285023:number_of_involvements:rank_asc:page:24
484864,285023_43971,Aurele Amenda,Switzerland,DF,0,0,0,0,0,0,0,0,0,0,movement,urn:gd:story:classification:gcp_movement:competitionId:285023:number_of_involvements:rank_asc:page:24,urn:gd:story:classification:gcp_movement:competitionId:285023:number_of_involvements:rank_asc:page:24
482969,285023_44037,Nihad Mujakic,Bosnia and Herzegovina,DF,0,0,0,0,0,0,0,0,0,0,movement,urn:gd:story:classification:gcp_movement:competitionId:285023:number_of_involvements:rank_asc:page:24,urn:gd:story:classification:gcp_movement:competitionId:285023:number_of_involvements:rank_asc:page:24
483990,285023_43995,David Jurasek,Czechia,DF,0,0,0,0,0,0,0,0,0,0,movement,urn:gd:story:classification:gcp_movement:competitionId:285023:number_of_involvements:rank_asc:page:24,urn:gd:story:classification:gcp_movement:competitionId:285023:number_of_involvements:rank_asc:page:24
479084,285023_44005,Umar Eshmurodov,Uzbekistan,DF,0,0,0,0,0,0,0,0,0,0,movement,urn:gd:story:classification:gcp_movement:competitionId:285023:number_of_involvements:rank_asc:page:24,urn:gd:story:classification:gcp_movement:competitionId:285023:number_of_involvements:rank_asc:page:24
447864,285023_43969,Borja Iglesias,Spain,FW,0,0,0,0,0,0,0,0,0,0,movement,urn:gd:story:classification:gcp_movement:competitionId:285023:number_of_involvements:rank_asc:page:24,urn:gd:story:classification:gcp_movement:competitionId:285023:number_of_involvements:rank_asc:page:24
484073,285023_43967,Dominic Hyam,Scotland,DF,0,0,0,0,0,0,0,0,0,0,movement,urn:gd:story:classification:gcp_movement:competitionId:285023:number_of_involvements:rank_asc:page:24,urn:gd:story:classification:gcp_movement:competitionId:285023:number_of_involvements:rank_asc:page:24
484817,285023_43978,Lachlan Bayliss,New Zealand,MF,0,0,0,0,0,0,0,0,0,0,movement,urn:gd:story:classification:gcp_movement:competitionId:285023:number_of_involvements:rank_asc:page:24,urn:gd:story:classification:gcp_movement:competitionId:285023:number_of_involvements:rank_asc:page:24
430754,285023_43969,Martin Zubimendi,Spain,MF,0,0,0,0,0,0,0,0,0,0,movement,urn:gd:story:classification:gcp_movement:competitionId:285023:number_of_involvements:rank_asc:page:24,urn:gd:story:classification:gcp_movement:competitionId:285023:number_of_involvements:rank_asc:page:24
390205,285023_43978,Logan Rogerson,New Zealand,FW,0,0,0,0,0,0,0,0,0,0,movement,urn:gd:story:classification:gcp_movement:competitionId:285023:number_of_involvements:rank_asc:page:24,urn:gd:story:classification:gcp_movement:competitionId:285023:number_of_involvements:rank_asc:page:24
339117,285023_43976,Mathew Ryan,Australia,GK,0,0,0,0,0,0,0,0,0,0,movement,urn:gd:story:classification:gcp_movement:competitionId:285023:number_of_involvements:rank_asc:page:24,urn:gd:story:classification:gcp_movement:competitionId:285023:number_of_involvements:rank_asc:page:24
442430,285023_43967,John Souttar,Scotland,DF,0,0,0,0,0,0,0,0,0,0,movement,urn:gd:story:classification:gcp_movement:competitionId:285023:number_of_involvements:rank_asc:page:24,urn:gd:story:classification:gcp_movement:competitionId:285023:number_of_involvements:rank_asc:page:24
390218,285023_43978,Michael Woud,New Zealand,GK,0,0,0,0,0,0,0,0,0,0,movement,urn:gd:story:classification:gcp_movement:competitionId:285023:number_of_involvements:rank_asc:page:24,urn:gd:story:classification:gcp_movement:competitionId:285023:number_of_involvements:rank_asc:page:24
419572,285023_43978,Nando Pijnaker,New Zealand,DF,0,0,0,0,0,0,0,0,0,0,movement,urn:gd:story:classification:gcp_movement:competitionId:285023:number_of_involvements:rank_asc:page:24,urn:gd:story:classification:gcp_movement:competitionId:285023:number_of_involvements:rank_asc:page:24
447853,285023_43969,David Raya,Spain,GK,0,0,0,0,0,0,0,0,0,0,movement,urn:gd:story:classification:gcp_movement:competitionId:285023:number_of_involvements:rank_asc:page:24,urn:gd:story:classification:gcp_movement:competitionId:285023:number_of_involvements:rank_asc:page:24
493061,285023_43970,Eric Smith,Sweden,DF,0,0,0,0,0,0,0,0,0,0,movement,urn:gd:story:classification:gcp_movement:competitionId:285023:number_of_involvements:rank_asc:page:24,urn:gd:story:classification:gcp_movement:competitionId:285023:number_of_involvements:rank_asc:page:24
483319,285023_43970,Hjalmar Ekdal,Sweden,DF,0,0,0,0,0,0,0,0,0,0,movement,urn:gd:story:classification:gcp_movement:competitionId:285023:number_of_involvements:rank_asc:page:24,urn:gd:story:classification:gcp_movement:competitionId:285023:number_of_involvements:rank_asc:page:24
495431,285023_43967,George Hirst,Scotland,FW,0,0,0,0,0,0,0,0,0,0,movement,urn:gd:story:classification:gcp_movement:competitionId:285023:number_of_involvements:rank_asc:page:24,urn:gd:story:classification:gcp_movement:competitionId:285023:number_of_involvements:rank_asc:page:24
331135,285023_43976,Paul Izzo,Australia,GK,0,0,0,0,0,0,0,0,0,0,movement,urn:gd:story:classification:gcp_movement:competitionId:285023:number_of_involvements:rank_asc:page:24,urn:gd:story:classification:gcp_movement:competitionId:285023:number_of_involvements:rank_asc:page:24
523007,285023_43967,Tyler Fletcher,Scotland,MF,0,0,0,0,0,0,0,0,0,0,movement,urn:gd:story:classification:gcp_movement:competitionId:285023:number_of_involvements:rank_asc:page:24,urn:gd:story:classification:gcp_movement:competitionId:285023:number_of_involvements:rank_asc:page:24
442429,285023_43967,Liam Kelly,Scotland,GK,0,0,0,0,0,0,0,0,0,0,movement,urn:gd:story:classification:gcp_movement:competitionId:285023:number_of_involvements:rank_asc:page:24,urn:gd:story:classification:gcp_movement:competitionId:285023:number_of_involvements:rank_asc:page:24
385472,285023_44005,Botirali Ergashev,Uzbekistan,GK,0,0,0,0,0,0,0,0,0,0,movement,urn:gd:story:classification:gcp_movement:competitionId:285023:number_of_involvements:rank_asc:page:24,urn:gd:story:classification:gcp_movement:competitionId:285023:number_of_involvements:rank_asc:page:24
430437,285023_43976,Cameron Devlin,Australia,MF,0,0,0,0,0,0,0,0,0,0,movement,urn:gd:story:classification:gcp_movement:competitionId:285023:number_of_involvements:rank_asc:page:24,urn:gd:story:classification:gcp_movement:competitionId:285023:number_of_involvements:rank_asc:page:24
423574,285023_43978,Alex Paulsen,New Zealand,GK,0,0,0,0,0,0,0,0,0,0,movement,urn:gd:story:classification:gcp_movement:competitionId:285023:number_of_involvements:rank_asc:page:24,urn:gd:story:classification:gcp_movement:competitionId:285023:number_of_involvements:rank_asc:page:24
360498,285023_43972,Mert Gunok,Türkiye,GK,0,0,0,0,0,0,0,0,0,0,movement,urn:gd:story:classification:gcp_movement:competitionId:285023:number_of_involvements:rank_asc:page:24,urn:gd:story:classification:gcp_movement:competitionId:285023:number_of_involvements:rank_asc:page:24
484072,285023_43972,Samet Akaydin,Türkiye,DF,0,0,0,0,0,0,0,0,0,0,movement,urn:gd:story:classification:gcp_movement:competitionId:285023:number_of_involvements:rank_asc:page:24,urn:gd:story:classification:gcp_movement:competitionId:285023:number_of_involvements:rank_asc:page:24
269592,285023_43978,Kosta Barbarouses,New Zealand,FW,0,0,0,0,0,0,0,0,0,0,movement,urn:gd:story:classification:gcp_movement:competitionId:285023:number_of_involvements:rank_asc:page:24,urn:gd:story:classification:gcp_movement:competitionId:285023:number_of_involvements:rank_asc:page:24
371142,285023_43978,Alex Rufer,New Zealand,MF,0,0,0,0,0,0,0,0,0,0,movement,urn:gd:story:classification:gcp_movement:competitionId:285023:number_of_involvements:rank_asc:page:24,urn:gd:story:classification:gcp_movement:competitionId:285023:number_of_involvements:rank_asc:page:24
402022,285023_43971,Yvon Mvogo,Switzerland,GK,0,0,0,0,0,0,0,0,0,0,movement,urn:gd:story:classification:gcp_movement:competitionId:285023:number_of_involvements:rank_asc:page:24,urn:gd:story:classification:gcp_movement:competitionId:285023:number_of_involvements:rank_asc:page:24
492859,285023_43969,Victor Munoz,Spain,FW,0,0,0,0,0,0,0,0,0,0,movement,urn:gd:story:classification:gcp_movement:competitionId:285023:number_of_involvements:rank_asc:page:24,urn:gd:story:classification:gcp_movement:competitionId:285023:number_of_involvements:rank_asc:page:24
405562,285023_43969,Eric Garcia,Spain,DF,0,0,0,0,0,0,0,0,0,0,movement,urn:gd:story:classification:gcp_movement:competitionId:285023:number_of_involvements:rank_asc:page:24,urn:gd:story:classification:gcp_movement:competitionId:285023:number_of_involvements:rank_asc:page:24
514639,285023_43970,Herman Johansson,Sweden,DF,0,0,0,0,0,0,0,0,0,0,movement,urn:gd:story:classification:gcp_movement:competitionId:285023:number_of_involvements:rank_asc:page:24,urn:gd:story:classification:gcp_movement:competitionId:285023:number_of_involvements:rank_asc:page:24
484862,285023_43971,Marvin Keller,Switzerland,GK,0,0,0,0,0,0,0,0,0,0,movement,urn:gd:story:classification:gcp_movement:competitionId:285023:number_of_involvements:rank_asc:page:24,urn:gd:story:classification:gcp_movement:competitionId:285023:number_of_involvements:rank_asc:page:24
441162,285023_43995,Jindrich Stanek,Czechia,GK,0,0,0,0,0,0,0,0,0,0,movement,urn:gd:story:classification:gcp_movement:competitionId:285023:number_of_involvements:rank_asc:page:24,urn:gd:story:classification:gcp_movement:competitionId:285023:number_of_involvements:rank_asc:page:24
518264,285023_44005,Avazbek Ulmasaliyev,Uzbekistan,DF,0,0,0,0,0,0,0,0,0,0,movement,urn:gd:story:classification:gcp_movement:competitionId:285023:number_of_involvements:rank_asc:page:24,urn:gd:story:classification:gcp_movement:competitionId:285023:number_of_involvements:rank_asc:page:24
441180,285023_43972,Altay Bayindir,Türkiye,GK,0,0,0,0,0,0,0,0,0,0,movement,urn:gd:story:classification:gcp_movement:competitionId:285023:number_of_involvements:rank_asc:page:24,urn:gd:story:classification:gcp_movement:competitionId:285023:number_of_involvements:rank_asc:page:24
483264,285023_43970,Viktor Johansson,Sweden,GK,0,0,0,0,0,0,0,0,0,0,movement,urn:gd:story:classification:gcp_movement:competitionId:285023:number_of_involvements:rank_asc:page:24,urn:gd:story:classification:gcp_movement:competitionId:285023:number_of_involvements:rank_asc:page:24
466382,285023_1895293,Trevor Doornbusch,Curaçao,GK,0,0,0,0,0,0,0,0,0,0,movement,urn:gd:story:classification:gcp_movement:competitionId:285023:number_of_involvements:rank_asc:page:24,urn:gd:story:classification:gcp_movement:competitionId:285023:number_of_involvements:rank_asc:page:24
466365,285023_1895293,Kevin Felida,Curaçao,MF,0,0,0,0,0,0,0,0,0,0,movement,urn:gd:story:classification:gcp_movement:competitionId:285023:number_of_involvements:rank_asc:page:24,urn:gd:story:classification:gcp_movement:competitionId:285023:number_of_involvements:rank_asc:page:24
485324,285023_1895293,Arjany Martha,Curaçao,MF,0,0,0,0,0,0,0,0,0,0,movement,urn:gd:story:classification:gcp_movement:competitionId:285023:number_of_involvements:rank_asc:page:24,urn:gd:story:classification:gcp_movement:competitionId:285023:number_of_involvements:rank_asc:page:24
466370,285023_1895293,Tyrick Bodak,Curaçao,GK,0,0,0,0,0,0,0,0,0,0,movement,urn:gd:story:classification:gcp_movement:competitionId:285023:number_of_involvements:rank_asc:page:24,urn:gd:story:classification:gcp_movement:competitionId:285023:number_of_involvements:rank_asc:page:24
522842,285023_44037,Mladen Jurkas,Bosnia and Herzegovina,GK,0,0,0,0,0,0,0,0,0,0,movement,urn:gd:story:classification:gcp_movement:competitionId:285023:number_of_involvements:rank_asc:page:24,urn:gd:story:classification:gcp_movement:competitionId:285023:number_of_involvements:rank_asc:page:24
491228,285023_44037,Martin Zlomislic,Bosnia and Herzegovina,GK,0,0,0,0,0,0,0,0,0,0,movement,urn:gd:story:classification:gcp_movement:competitionId:285023:number_of_involvements:rank_asc:page:24,urn:gd:story:classification:gcp_movement:competitionId:285023:number_of_involvements:rank_asc:page:24
368655,285023_43930,Jose Maria Gimenez,Uruguay,DF,0,0,0,0,0,0,0,0,0,0,movement,urn:gd:story:classification:gcp_movement:competitionId:285023:number_of_involvements:rank_asc:page:24,urn:gd:story:classification:gcp_movement:competitionId:285023:number_of_involvements:rank_asc:page:24
473062,285023_43930,Emiliano Martinez,Uruguay,MF,0,0,0,0,0,0,0,0,0,0,movement,urn:gd:story:classification:gcp_movement:competitionId:285023:number_of_involvements:rank_asc:page:25,urn:gd:story:classification:gcp_movement:competitionId:285023:number_of_involvements:rank_asc:page:25
439956,285023_43930,Facundo Pellistri,Uruguay,FW,0,0,0,0,0,0,0,0,0,0,movement,urn:gd:story:classification:gcp_movement:competitionId:285023:number_of_involvements:rank_asc:page:25,urn:gd:story:classification:gcp_movement:competitionId:285023:number_of_involvements:rank_asc:page:25
371956,285023_43924,Leo Pereira,Brazil,DF,0,0,0,0,0,0,0,0,0,0,movement,urn:gd:story:classification:gcp_movement:competitionId:285023:number_of_involvements:rank_asc:page:25,urn:gd:story:classification:gcp_movement:competitionId:285023:number_of_involvements:rank_asc:page:25
480313,285023_43914,Edgardo Farina,Panama,DF,0,0,0,0,0,0,0,0,0,0,movement,urn:gd:story:classification:gcp_movement:competitionId:285023:number_of_involvements:rank_asc:page:25,urn:gd:story:classification:gcp_movement:competitionId:285023:number_of_involvements:rank_asc:page:25
344582,285023_43914,Roderick Miller,Panama,DF,0,0,0,0,0,0,0,0,0,0,movement,urn:gd:story:classification:gcp_movement:competitionId:285023:number_of_involvements:rank_asc:page:25,urn:gd:story:classification:gcp_movement:competitionId:285023:number_of_involvements:rank_asc:page:25
402897,285023_43930,Santiago Mele,Uruguay,GK,0,0,0,0,0,0,0,0,0,0,movement,urn:gd:story:classification:gcp_movement:competitionId:285023:number_of_involvements:rank_asc:page:25,urn:gd:story:classification:gcp_movement:competitionId:285023:number_of_involvements:rank_asc:page:25
506481,285023_43908,Keeto Thermoncy,Haiti,DF,0,0,0,0,0,0,0,0,0,0,movement,urn:gd:story:classification:gcp_movement:competitionId:285023:number_of_involvements:rank_asc:page:25,urn:gd:story:classification:gcp_movement:competitionId:285023:number_of_involvements:rank_asc:page:25
395427,285023_43924,Ederson,Brazil,GK,0,0,0,0,0,0,0,0,0,0,movement,urn:gd:story:classification:gcp_movement:competitionId:285023:number_of_involvements:rank_asc:page:25,urn:gd:story:classification:gcp_movement:competitionId:285023:number_of_involvements:rank_asc:page:25
394829,285023_43928,Fabian Balbuena,Paraguay,DF,0,0,0,0,0,0,0,0,0,0,movement,urn:gd:story:classification:gcp_movement:competitionId:285023:number_of_involvements:rank_asc:page:25,urn:gd:story:classification:gcp_movement:competitionId:285023:number_of_involvements:rank_asc:page:25
419002,285023_43927,Moises Ramirez,Ecuador,GK,0,0,0,0,0,0,0,0,0,0,movement,urn:gd:story:classification:gcp_movement:competitionId:285023:number_of_involvements:rank_asc:page:25,urn:gd:story:classification:gcp_movement:competitionId:285023:number_of_involvements:rank_asc:page:25
425580,285023_43926,Jorge Carrascal,Colombia,MF,0,0,0,0,0,0,0,0,0,0,movement,urn:gd:story:classification:gcp_movement:competitionId:285023:number_of_involvements:rank_asc:page:25,urn:gd:story:classification:gcp_movement:competitionId:285023:number_of_involvements:rank_asc:page:25
419101,285023_43930,Ronald Araujo,Uruguay,DF,0,0,0,0,0,0,0,0,0,0,movement,urn:gd:story:classification:gcp_movement:competitionId:285023:number_of_involvements:rank_asc:page:25,urn:gd:story:classification:gcp_movement:competitionId:285023:number_of_involvements:rank_asc:page:25
318647,285023_43928,Gatito Fernandez,Paraguay,GK,0,0,0,0,0,0,0,0,0,0,movement,urn:gd:story:classification:gcp_movement:competitionId:285023:number_of_involvements:rank_asc:page:25,urn:gd:story:classification:gcp_movement:competitionId:285023:number_of_involvements:rank_asc:page:25
267702,285023_43914,Luis Mejia,Panama,GK,0,0,0,0,0,0,0,0,0,0,movement,urn:gd:story:classification:gcp_movement:competitionId:285023:number_of_involvements:rank_asc:page:25,urn:gd:story:classification:gcp_movement:competitionId:285023:number_of_involvements:rank_asc:page:25
431889,285023_43924,Bremer,Brazil,DF,0,0,0,0,0,0,0,0,0,0,movement,urn:gd:story:classification:gcp_movement:competitionId:285023:number_of_involvements:rank_asc:page:25,urn:gd:story:classification:gcp_movement:competitionId:285023:number_of_involvements:rank_asc:page:25
463476,285023_43927,Denil Castillo,Ecuador,MF,0,0,0,0,0,0,0,0,0,0,movement,urn:gd:story:classification:gcp_movement:competitionId:285023:number_of_involvements:rank_asc:page:25,urn:gd:story:classification:gcp_movement:competitionId:285023:number_of_involvements:rank_asc:page:25
448299,285023_43927,Anthony Valencia,Ecuador,MF,0,0,0,0,0,0,0,0,0,0,movement,urn:gd:story:classification:gcp_movement:competitionId:285023:number_of_involvements:rank_asc:page:25,urn:gd:story:classification:gcp_movement:competitionId:285023:number_of_involvements:rank_asc:page:25
385833,285023_43914,Adalberto Carrasquilla,Panama,MF,0,0,0,0,0,0,0,0,0,0,movement,urn:gd:story:classification:gcp_movement:competitionId:285023:number_of_involvements:rank_asc:page:25,urn:gd:story:classification:gcp_movement:competitionId:285023:number_of_involvements:rank_asc:page:25
441243,285023_43914,Cesar Yanis,Panama,MF,0,0,0,0,0,0,0,0,0,0,movement,urn:gd:story:classification:gcp_movement:competitionId:285023:number_of_involvements:rank_asc:page:25,urn:gd:story:classification:gcp_movement:competitionId:285023:number_of_involvements:rank_asc:page:25
394824,285023_43922,Geronimo Rulli,Argentina,GK,0,0,0,0,0,0,0,0,0,0,movement,urn:gd:story:classification:gcp_movement:competitionId:285023:number_of_involvements:rank_asc:page:25,urn:gd:story:classification:gcp_movement:competitionId:285023:number_of_involvements:rank_asc:page:25
492189,285023_43926,Andres Gomez,Colombia,FW,1,1,0,0,0,1,0,0,0,0,movement,urn:gd:story:classification:gcp_movement:competitionId:285023:number_of_involvements:rank_asc:page:25,urn:gd:story:classification:gcp_movement:competitionId:285023:number_of_involvements:rank_asc:page:25
390276,285023_43921,Haji Wright,USA,FW,2,2,0,0,1,1,0,0,0,0,movement,urn:gd:story:classification:gcp_movement:competitionId:285023:number_of_involvements:rank_asc:page:25,urn:gd:story:classification:gcp_movement:competitionId:285023:number_of_involvements:rank_asc:page:25
448295,285023_43927,Gonzalo Valle,Ecuador,GK,0,0,0,0,0,0,0,0,0,0,movement,urn:gd:story:classification:gcp_movement:competitionId:285023:number_of_involvements:rank_asc:page:25,urn:gd:story:classification:gcp_movement:competitionId:285023:number_of_involvements:rank_asc:page:25
441260,285023_43911,Carlos Acevedo,Mexico,GK,0,0,0,0,0,0,0,0,0,0,movement,urn:gd:story:classification:gcp_movement:competitionId:285023:number_of_involvements:rank_asc:page:25,urn:gd:story:classification:gcp_movement:competitionId:285023:number_of_involvements:rank_asc:page:25
464546,285023_43921,Chris Brady,USA,GK,0,0,0,0,0,0,0,0,0,0,movement,urn:gd:story:classification:gcp_movement:competitionId:285023:number_of_involvements:rank_asc:page:25,urn:gd:story:classification:gcp_movement:competitionId:285023:number_of_involvements:rank_asc:page:25
441402,285023_43914,Cesar Samudio,Panama,GK,0,0,0,0,0,0,0,0,0,0,movement,urn:gd:story:classification:gcp_movement:competitionId:285023:number_of_involvements:rank_asc:page:25,urn:gd:story:classification:gcp_movement:competitionId:285023:number_of_involvements:rank_asc:page:25
385994,285023_43921,Cristian Roldan,USA,MF,0,0,0,0,0,0,0,0,0,0,movement,urn:gd:story:classification:gcp_movement:competitionId:285023:number_of_involvements:rank_asc:page:25,urn:gd:story:classification:gcp_movement:competitionId:285023:number_of_involvements:rank_asc:page:25
419142,285023_43930,Rodrigo Zalazar,Uruguay,MF,0,0,0,0,0,0,0,0,0,0,movement,urn:gd:story:classification:gcp_movement:competitionId:285023:number_of_involvements:rank_asc:page:25,urn:gd:story:classification:gcp_movement:competitionId:285023:number_of_involvements:rank_asc:page:25
430624,285023_43922,Juan Musso,Argentina,GK,0,0,0,0,0,0,0,0,0,0,movement,urn:gd:story:classification:gcp_movement:competitionId:285023:number_of_involvements:rank_asc:page:25,urn:gd:story:classification:gcp_movement:competitionId:285023:number_of_involvements:rank_asc:page:25
489849,285023_43926,Juan Portilla,Colombia,MF,0,0,0,0,0,0,0,0,0,0,movement,urn:gd:story:classification:gcp_movement:competitionId:285023:number_of_involvements:rank_asc:page:25,urn:gd:story:classification:gcp_movement:competitionId:285023:number_of_involvements:rank_asc:page:25
396315,285023_43924,Weverton,Brazil,GK,0,0,0,0,0,0,0,0,0,0,movement,urn:gd:story:classification:gcp_movement:competitionId:285023:number_of_involvements:rank_asc:page:25,urn:gd:story:classification:gcp_movement:competitionId:285023:number_of_involvements:rank_asc:page:25
476345,285023_43926,Willer Ditta,Colombia,DF,0,0,0,0,0,0,0,0,0,0,movement,urn:gd:story:classification:gcp_movement:competitionId:285023:number_of_involvements:rank_asc:page:25,urn:gd:story:classification:gcp_movement:competitionId:285023:number_of_involvements:rank_asc:page:25
385998,285023_43926,Alvaro Montero,Colombia,GK,0,0,0,0,0,0,0,0,0,0,movement,urn:gd:story:classification:gcp_movement:competitionId:285023:number_of_involvements:rank_asc:page:25,urn:gd:story:classification:gcp_movement:competitionId:285023:number_of_involvements:rank_asc:page:25
514326,285023_43927,Jeremy Arevalo,Ecuador,FW,0,0,0,0,0,0,0,0,0,0,movement,urn:gd:story:classification:gcp_movement:competitionId:285023:number_of_involvements:rank_asc:page:25,urn:gd:story:classification:gcp_movement:competitionId:285023:number_of_involvements:rank_asc:page:25
447991,285023_43928,Gaston Olveira,Paraguay,GK,0,0,0,0,0,0,0,0,0,0,movement,urn:gd:story:classification:gcp_movement:competitionId:285023:number_of_involvements:rank_asc:page:25,urn:gd:story:classification:gcp_movement:competitionId:285023:number_of_involvements:rank_asc:page:25
402904,285023_43930,Santiago Bueno,Uruguay,DF,0,0,0,0,0,0,0,0,0,0,movement,urn:gd:story:classification:gcp_movement:competitionId:285023:number_of_involvements:rank_asc:page:25,urn:gd:story:classification:gcp_movement:competitionId:285023:number_of_involvements:rank_asc:page:25
228686,285023_43926,David Ospina,Colombia,GK,0,0,0,0,0,0,0,0,0,0,movement,urn:gd:story:classification:gcp_movement:competitionId:285023:number_of_involvements:rank_asc:page:25,urn:gd:story:classification:gcp_movement:competitionId:285023:number_of_involvements:rank_asc:page:25
402979,285023_43927,Felix Torres,Ecuador,DF,0,0,0,0,0,0,0,0,0,0,movement,urn:gd:story:classification:gcp_movement:competitionId:285023:number_of_involvements:rank_asc:page:25,urn:gd:story:classification:gcp_movement:competitionId:285023:number_of_involvements:rank_asc:page:25
395552,285023_43926,Yerry Mina,Colombia,DF,0,0,0,0,0,0,0,0,0,0,movement,urn:gd:story:classification:gcp_movement:competitionId:285023:number_of_involvements:rank_asc:page:25,urn:gd:story:classification:gcp_movement:competitionId:285023:number_of_involvements:rank_asc:page:25
486390,285023_43921,Max Arfsten,USA,DF,0,0,0,0,0,0,0,0,0,0,movement,urn:gd:story:classification:gcp_movement:competitionId:285023:number_of_involvements:rank_asc:page:25,urn:gd:story:classification:gcp_movement:competitionId:285023:number_of_involvements:rank_asc:page:25
439538,285023_43930,Joaquin Piquerez,Uruguay,MF,0,0,0,0,0,0,0,0,0,0,movement,urn:gd:story:classification:gcp_movement:competitionId:285023:number_of_involvements:rank_asc:page:25,urn:gd:story:classification:gcp_movement:competitionId:285023:number_of_involvements:rank_asc:page:25
368652,285023_43930,Giorgian De Arrascaeta,Uruguay,MF,0,0,0,0,0,0,0,0,0,0,movement,urn:gd:story:classification:gcp_movement:competitionId:285023:number_of_involvements:rank_asc:page:25,urn:gd:story:classification:gcp_movement:competitionId:285023:number_of_involvements:rank_asc:page:25
