player_id,team_id,player_name,team,position,goals,assists,total_competition_minutes_played,fdcp_top_scorer_rank,source_tab,story_id,classification
485655,285023_43946,Michael Olise,France,FW,0,5,437,167,top_scorer,urn:gd:story:classification:gcp_top_scorer:competitionId:285023:assists:rank_asc:page:1,urn:gd:story:classification:gcp_top_scorer:competitionId:285023:assists:rank_asc:page:1
430740,285023_43872,Brahim Diaz,Morocco,FW,0,4,422,168,top_scorer,urn:gd:story:classification:gcp_top_scorer:competitionId:285023:assists:rank_asc:page:1,urn:gd:story:classification:gcp_top_scorer:competitionId:285023:assists:rank_asc:page:1
430605,285023_43924,Bruno Guimaraes,Brazil,MF,0,4,458,169,top_scorer,urn:gd:story:classification:gcp_top_scorer:competitionId:285023:assists:rank_asc:page:1,urn:gd:story:classification:gcp_top_scorer:competitionId:285023:assists:rank_asc:page:1
430150,285023_43970,Alexander Isak,Sweden,FW,1,3,389,51,top_scorer,urn:gd:story:classification:gcp_top_scorer:competitionId:285023:assists:rank_asc:page:1,urn:gd:story:classification:gcp_top_scorer:competitionId:285023:assists:rank_asc:page:1
448196,285023_43942,Bukayo Saka,England,FW,0,3,220,170,top_scorer,urn:gd:story:classification:gcp_top_scorer:competitionId:285023:assists:rank_asc:page:1,urn:gd:story:classification:gcp_top_scorer:competitionId:285023:assists:rank_asc:page:1
494626,285023_43961,Andreas Schjelderup,Norway,MF,0,3,225,171,top_scorer,urn:gd:story:classification:gcp_top_scorer:competitionId:285023:assists:rank_asc:page:1,urn:gd:story:classification:gcp_top_scorer:competitionId:285023:assists:rank_asc:page:1
400716,285023_43961,Martin Odegaard,Norway,MF,0,3,399,172,top_scorer,urn:gd:story:classification:gcp_top_scorer:competitionId:285023:assists:rank_asc:page:1,urn:gd:story:classification:gcp_top_scorer:competitionId:285023:assists:rank_asc:page:1
430669,285023_43948,Florian Wirtz,Germany,MF,0,3,405,173,top_scorer,urn:gd:story:classification:gcp_top_scorer:competitionId:285023:assists:rank_asc:page:1,urn:gd:story:classification:gcp_top_scorer:competitionId:285023:assists:rank_asc:page:1
403585,285023_43911,Roberto Alvarado,Mexico,FW,0,3,476,174,top_scorer,urn:gd:story:classification:gcp_top_scorer:competitionId:285023:assists:rank_asc:page:1,urn:gd:story:classification:gcp_top_scorer:competitionId:285023:assists:rank_asc:page:1
389867,285023_43946,Kylian Mbappe,France,FW,7,2,482,1,top_scorer,urn:gd:story:classification:gcp_top_scorer:competitionId:285023:assists:rank_asc:page:1,urn:gd:story:classification:gcp_top_scorer:competitionId:285023:assists:rank_asc:page:1
398680,285023_43946,Ousmane Dembele,France,FW,4,2,391,5,top_scorer,urn:gd:story:classification:gcp_top_scorer:competitionId:285023:assists:rank_asc:page:1,urn:gd:story:classification:gcp_top_scorer:competitionId:285023:assists:rank_asc:page:1
484851,285023_43948,Deniz Undav,Germany,FW,3,2,174,11,top_scorer,urn:gd:story:classification:gcp_top_scorer:competitionId:285023:assists:rank_asc:page:1,urn:gd:story:classification:gcp_top_scorer:competitionId:285023:assists:rank_asc:page:1
502727,285023_43971,Johan Manzambi,Switzerland,MF,3,2,220,12,top_scorer,urn:gd:story:classification:gcp_top_scorer:competitionId:285023:assists:rank_asc:page:1,urn:gd:story:classification:gcp_top_scorer:competitionId:285023:assists:rank_asc:page:1
489518,285023_43960,Crysencio Summerville,Netherlands,FW,2,2,282,25,top_scorer,urn:gd:story:classification:gcp_top_scorer:competitionId:285023:assists:rank_asc:page:1,urn:gd:story:classification:gcp_top_scorer:competitionId:285023:assists:rank_asc:page:1
393480,285023_43971,Breel Embolo,Switzerland,FW,2,2,369,26,top_scorer,urn:gd:story:classification:gcp_top_scorer:competitionId:285023:assists:rank_asc:page:1,urn:gd:story:classification:gcp_top_scorer:competitionId:285023:assists:rank_asc:page:1
448355,285023_43935,Leandro Trossard,Belgium,FW,2,2,496,27,top_scorer,urn:gd:story:classification:gcp_top_scorer:competitionId:285023:assists:rank_asc:page:1,urn:gd:story:classification:gcp_top_scorer:competitionId:285023:assists:rank_asc:page:1
448815,285023_43879,Iliman Ndiaye,Senegal,FW,1,2,134,52,top_scorer,urn:gd:story:classification:gcp_top_scorer:competitionId:285023:assists:rank_asc:page:1,urn:gd:story:classification:gcp_top_scorer:competitionId:285023:assists:rank_asc:page:1
423941,285023_43899,Nathan Saliba,Canada,MF,1,2,206,53,top_scorer,urn:gd:story:classification:gcp_top_scorer:competitionId:285023:assists:rank_asc:page:1,urn:gd:story:classification:gcp_top_scorer:competitionId:285023:assists:rank_asc:page:1
448343,285023_43935,Hans Vanaken,Belgium,MF,1,2,297,54,top_scorer,urn:gd:story:classification:gcp_top_scorer:competitionId:285023:assists:rank_asc:page:1,urn:gd:story:classification:gcp_top_scorer:competitionId:285023:assists:rank_asc:page:1
344654,285023_43855,Mohamed Salah,Egypt,FW,1,2,361,55,top_scorer,urn:gd:story:classification:gcp_top_scorer:competitionId:285023:assists:rank_asc:page:1,urn:gd:story:classification:gcp_top_scorer:competitionId:285023:assists:rank_asc:page:1
483327,285023_43970,Viktor Gyokeres,Sweden,FW,1,2,400,56,top_scorer,urn:gd:story:classification:gcp_top_scorer:competitionId:285023:assists:rank_asc:page:1,urn:gd:story:classification:gcp_top_scorer:competitionId:285023:assists:rank_asc:page:1
441234,285023_43928,Julio Enciso,Paraguay,FW,1,2,431,57,top_scorer,urn:gd:story:classification:gcp_top_scorer:competitionId:285023:assists:rank_asc:page:1,urn:gd:story:classification:gcp_top_scorer:competitionId:285023:assists:rank_asc:page:1
400721,285023_43872,Achraf Hakimi,Morocco,DF,1,2,549,58,top_scorer,urn:gd:story:classification:gcp_top_scorer:competitionId:285023:assists:rank_asc:page:1,urn:gd:story:classification:gcp_top_scorer:competitionId:285023:assists:rank_asc:page:1
430698,285023_43843,Houssem Aouar,Algeria,MF,0,2,191,175,top_scorer,urn:gd:story:classification:gcp_top_scorer:competitionId:285023:assists:rank_asc:page:1,urn:gd:story:classification:gcp_top_scorer:competitionId:285023:assists:rank_asc:page:1
448189,285023_43942,Anthony Gordon,England,FW,0,2,292,176,top_scorer,urn:gd:story:classification:gcp_top_scorer:competitionId:285023:assists:rank_asc:page:1,urn:gd:story:classification:gcp_top_scorer:competitionId:285023:assists:rank_asc:page:1
495349,285023_43935,Nicolas Raskin,Belgium,MF,0,2,294,177,top_scorer,urn:gd:story:classification:gcp_top_scorer:competitionId:285023:assists:rank_asc:page:1,urn:gd:story:classification:gcp_top_scorer:competitionId:285023:assists:rank_asc:page:1
433378,285023_43888,Hannibal Mejbri,Tunisia,MF,0,2,298,178,top_scorer,urn:gd:story:classification:gcp_top_scorer:competitionId:285023:assists:rank_asc:page:1,urn:gd:story:classification:gcp_top_scorer:competitionId:285023:assists:rank_asc:page:1
274078,285023_43978,Chris Wood,New Zealand,FW,0,2,306,179,top_scorer,urn:gd:story:classification:gcp_top_scorer:competitionId:285023:assists:rank_asc:page:1,urn:gd:story:classification:gcp_top_scorer:competitionId:285023:assists:rank_asc:page:1
430176,285023_43960,Ryan Gravenberch,Netherlands,MF,0,2,374,180,top_scorer,urn:gd:story:classification:gcp_top_scorer:competitionId:285023:assists:rank_asc:page:1,urn:gd:story:classification:gcp_top_scorer:competitionId:285023:assists:rank_asc:page:1
483442,285023_43961,Patrick Berg,Norway,MF,0,2,381,181,top_scorer,urn:gd:story:classification:gcp_top_scorer:competitionId:285023:assists:rank_asc:page:1,urn:gd:story:classification:gcp_top_scorer:competitionId:285023:assists:rank_asc:page:1
386413,285023_43948,Joshua Kimmich,Germany,DF,0,2,392,182,top_scorer,urn:gd:story:classification:gcp_top_scorer:competitionId:285023:assists:rank_asc:page:1,urn:gd:story:classification:gcp_top_scorer:competitionId:285023:assists:rank_asc:page:1
436612,285023_43960,Denzel Dumfries,Netherlands,DF,0,2,432,183,top_scorer,urn:gd:story:classification:gcp_top_scorer:competitionId:285023:assists:rank_asc:page:1,urn:gd:story:classification:gcp_top_scorer:competitionId:285023:assists:rank_asc:page:1
430735,285023_43969,Marc Cucurella,Spain,DF,0,2,511,184,top_scorer,urn:gd:story:classification:gcp_top_scorer:competitionId:285023:assists:rank_asc:page:1,urn:gd:story:classification:gcp_top_scorer:competitionId:285023:assists:rank_asc:page:1
369419,285023_43942,Harry Kane,England,FW,6,1,489,4,top_scorer,urn:gd:story:classification:gcp_top_scorer:competitionId:285023:assists:rank_asc:page:1,urn:gd:story:classification:gcp_top_scorer:competitionId:285023:assists:rank_asc:page:1
401889,285023_43879,Ismaila Sarr,Senegal,FW,4,1,419,6,top_scorer,urn:gd:story:classification:gcp_top_scorer:competitionId:285023:assists:rank_asc:page:1,urn:gd:story:classification:gcp_top_scorer:competitionId:285023:assists:rank_asc:page:1
430751,285023_43969,Mikel Oyarzabal,Spain,FW,4,1,435,7,top_scorer,urn:gd:story:classification:gcp_top_scorer:competitionId:285023:assists:rank_asc:page:1,urn:gd:story:classification:gcp_top_scorer:competitionId:285023:assists:rank_asc:page:1
429157,285023_43911,Julian Quinones,Mexico,FW,4,1,440,8,top_scorer,urn:gd:story:classification:gcp_top_scorer:competitionId:285023:assists:rank_asc:page:1,urn:gd:story:classification:gcp_top_scorer:competitionId:285023:assists:rank_asc:page:1
448202,285023_43942,Jude Bellingham,England,MF,4,1,447,9,top_scorer,urn:gd:story:classification:gcp_top_scorer:competitionId:285023:assists:rank_asc:page:1,urn:gd:story:classification:gcp_top_scorer:competitionId:285023:assists:rank_asc:page:1
405742,285023_43924,Vinicius Junior,Brazil,FW,4,1,505,10,top_scorer,urn:gd:story:classification:gcp_top_scorer:competitionId:285023:assists:rank_asc:page:1,urn:gd:story:classification:gcp_top_scorer:competitionId:285023:assists:rank_asc:page:1
358112,285023_43935,Romelu Lukaku,Belgium,FW,3,1,242,13,top_scorer,urn:gd:story:classification:gcp_top_scorer:competitionId:285023:assists:rank_asc:page:1,urn:gd:story:classification:gcp_top_scorer:competitionId:285023:assists:rank_asc:page:1
448152,285023_43960,Cody Gakpo,Netherlands,FW,3,1,394,14,top_scorer,urn:gd:story:classification:gcp_top_scorer:competitionId:285023:assists:rank_asc:page:1,urn:gd:story:classification:gcp_top_scorer:competitionId:285023:assists:rank_asc:page:1
433426,285023_43872,Soufiane Rahimi,Morocco,FW,2,1,180,28,top_scorer,urn:gd:story:classification:gcp_top_scorer:competitionId:285023:assists:rank_asc:page:1,urn:gd:story:classification:gcp_top_scorer:competitionId:285023:assists:rank_asc:page:1
402261,285023_43854,Nicolas Pepe,Côte d'Ivoire,FW,2,1,255,29,top_scorer,urn:gd:story:classification:gcp_top_scorer:competitionId:285023:assists:rank_asc:page:1,urn:gd:story:classification:gcp_top_scorer:competitionId:285023:assists:rank_asc:page:1
431788,285023_43879,Pape Gueye,Senegal,MF,2,1,257,30,top_scorer,urn:gd:story:classification:gcp_top_scorer:competitionId:285023:assists:rank_asc:page:1,urn:gd:story:classification:gcp_top_scorer:competitionId:285023:assists:rank_asc:page:1
448131,285023_43971,Ruben Vargas,Switzerland,FW,2,1,268,31,top_scorer,urn:gd:story:classification:gcp_top_scorer:competitionId:285023:assists:rank_asc:page:1,urn:gd:story:classification:gcp_top_scorer:competitionId:285023:assists:rank_asc:page:1
419100,285023_43930,Maxi Araujo,Uruguay,MF,2,1,278,32,top_scorer,urn:gd:story:classification:gcp_top_scorer:competitionId:285023:assists:rank_asc:page:1,urn:gd:story:classification:gcp_top_scorer:competitionId:285023:assists:rank_asc:page:1
448362,285023_43935,Charles De Ketelaere,Belgium,FW,2,1,283,33,top_scorer,urn:gd:story:classification:gcp_top_scorer:competitionId:285023:assists:rank_asc:page:1,urn:gd:story:classification:gcp_top_scorer:competitionId:285023:assists:rank_asc:page:1
379942,285023_43843,Riyad Mahrez,Algeria,FW,2,1,288,34,top_scorer,urn:gd:story:classification:gcp_top_scorer:competitionId:285023:assists:rank_asc:page:1,urn:gd:story:classification:gcp_top_scorer:competitionId:285023:assists:rank_asc:page:1
484860,285023_43946,Bradley Barcola,France,FW,2,1,297,35,top_scorer,urn:gd:story:classification:gcp_top_scorer:competitionId:285023:assists:rank_asc:page:1,urn:gd:story:classification:gcp_top_scorer:competitionId:285023:assists:rank_asc:page:1
384797,285023_43817,Ramin Rezaeian,IR Iran,DF,2,1,309,36,top_scorer,urn:gd:story:classification:gcp_top_scorer:competitionId:285023:assists:rank_asc:page:1,urn:gd:story:classification:gcp_top_scorer:competitionId:285023:assists:rank_asc:page:1
430413,285023_43819,Ayase Ueda,Japan,FW,2,1,349,37,top_scorer,urn:gd:story:classification:gcp_top_scorer:competitionId:285023:assists:rank_asc:page:2,urn:gd:story:classification:gcp_top_scorer:competitionId:285023:assists:rank_asc:page:2
448214,285023_43921,Malik Tillman,USA,MF,2,1,415,38,top_scorer,urn:gd:story:classification:gcp_top_scorer:competitionId:285023:assists:rank_asc:page:2,urn:gd:story:classification:gcp_top_scorer:competitionId:285023:assists:rank_asc:page:2
493970,285023_43899,Promise David,Canada,FW,1,1,105,59,top_scorer,urn:gd:story:classification:gcp_top_scorer:competitionId:285023:assists:rank_asc:page:2,urn:gd:story:classification:gcp_top_scorer:competitionId:285023:assists:rank_asc:page:2
363863,285023_43855,Trezeguet,Egypt,FW,1,1,176,60,top_scorer,urn:gd:story:classification:gcp_top_scorer:competitionId:285023:assists:rank_asc:page:2,urn:gd:story:classification:gcp_top_scorer:competitionId:285023:assists:rank_asc:page:2
484139,285023_43972,Baris Alper Yilmaz,Türkiye,FW,1,1,200,61,top_scorer,urn:gd:story:classification:gcp_top_scorer:competitionId:285023:assists:rank_asc:page:2,urn:gd:story:classification:gcp_top_scorer:competitionId:285023:assists:rank_asc:page:2
418550,285023_43963,Rafael Leao,Portugal,FW,1,1,203,62,top_scorer,urn:gd:story:classification:gcp_top_scorer:competitionId:285023:assists:rank_asc:page:2,urn:gd:story:classification:gcp_top_scorer:competitionId:285023:assists:rank_asc:page:2
431211,285023_43820,Mousa Altamari,Jordan,FW,1,1,230,63,top_scorer,urn:gd:story:classification:gcp_top_scorer:competitionId:285023:assists:rank_asc:page:2,urn:gd:story:classification:gcp_top_scorer:competitionId:285023:assists:rank_asc:page:2
499912,285023_43921,Sebastian Berhalter,USA,MF,1,1,231,64,top_scorer,urn:gd:story:classification:gcp_top_scorer:competitionId:285023:assists:rank_asc:page:2,urn:gd:story:classification:gcp_top_scorer:competitionId:285023:assists:rank_asc:page:2
430763,285023_43911,Luis Romo,Mexico,MF,1,1,284,65,top_scorer,urn:gd:story:classification:gcp_top_scorer:competitionId:285023:assists:rank_asc:page:2,urn:gd:story:classification:gcp_top_scorer:competitionId:285023:assists:rank_asc:page:2
395084,285023_43822,Hwang Inbeom,Korea Republic,MF,1,1,286,66,top_scorer,urn:gd:story:classification:gcp_top_scorer:competitionId:285023:assists:rank_asc:page:2,urn:gd:story:classification:gcp_top_scorer:competitionId:285023:assists:rank_asc:page:2
447860,285023_43969,Alex Baena,Spain,MF,1,1,295,67,top_scorer,urn:gd:story:classification:gcp_top_scorer:competitionId:285023:assists:rank_asc:page:2,urn:gd:story:classification:gcp_top_scorer:competitionId:285023:assists:rank_asc:page:2
492363,285023_43948,Felix Nmecha,Germany,MF,1,1,299,68,top_scorer,urn:gd:story:classification:gcp_top_scorer:competitionId:285023:assists:rank_asc:page:2,urn:gd:story:classification:gcp_top_scorer:competitionId:285023:assists:rank_asc:page:2
479294,285023_43819,Kaishu Sano,Japan,MF,1,1,303,69,top_scorer,urn:gd:story:classification:gcp_top_scorer:competitionId:285023:assists:rank_asc:page:2,urn:gd:story:classification:gcp_top_scorer:competitionId:285023:assists:rank_asc:page:2
483161,285023_43855,Mostafa Zico,Egypt,MF,1,1,312,70,top_scorer,urn:gd:story:classification:gcp_top_scorer:competitionId:285023:assists:rank_asc:page:2,urn:gd:story:classification:gcp_top_scorer:competitionId:285023:assists:rank_asc:page:2
511015,285023_43948,Nathaniel Brown,Germany,DF,1,1,319,71,top_scorer,urn:gd:story:classification:gcp_top_scorer:competitionId:285023:assists:rank_asc:page:2,urn:gd:story:classification:gcp_top_scorer:competitionId:285023:assists:rank_asc:page:2
405522,285023_43819,Keito Nakamura,Japan,MF,1,1,330,72,top_scorer,urn:gd:story:classification:gcp_top_scorer:competitionId:285023:assists:rank_asc:page:2,urn:gd:story:classification:gcp_top_scorer:competitionId:285023:assists:rank_asc:page:2
485066,285023_43938,Petar Sucic,Croatia,MF,1,1,338,73,top_scorer,urn:gd:story:classification:gcp_top_scorer:competitionId:285023:assists:rank_asc:page:2,urn:gd:story:classification:gcp_top_scorer:competitionId:285023:assists:rank_asc:page:2
402921,285023_43922,Lisandro Martinez,Argentina,DF,1,1,342,74,top_scorer,urn:gd:story:classification:gcp_top_scorer:competitionId:285023:assists:rank_asc:page:2,urn:gd:story:classification:gcp_top_scorer:competitionId:285023:assists:rank_asc:page:2
428886,285023_43926,Luis Diaz,Colombia,FW,1,1,394,75,top_scorer,urn:gd:story:classification:gcp_top_scorer:competitionId:285023:assists:rank_asc:page:2,urn:gd:story:classification:gcp_top_scorer:competitionId:285023:assists:rank_asc:page:2
359381,285023_43938,Ivan Perisic,Croatia,FW,1,1,413,76,top_scorer,urn:gd:story:classification:gcp_top_scorer:competitionId:285023:assists:rank_asc:page:2,urn:gd:story:classification:gcp_top_scorer:competitionId:285023:assists:rank_asc:page:2
397786,285023_43960,Virgil Van Dijk,Netherlands,DF,1,1,432,77,top_scorer,urn:gd:story:classification:gcp_top_scorer:competitionId:285023:assists:rank_asc:page:2,urn:gd:story:classification:gcp_top_scorer:competitionId:285023:assists:rank_asc:page:2
424422,285023_43928,Matias Galarza,Paraguay,MF,1,1,439,78,top_scorer,urn:gd:story:classification:gcp_top_scorer:competitionId:285023:assists:rank_asc:page:2,urn:gd:story:classification:gcp_top_scorer:competitionId:285023:assists:rank_asc:page:2
464542,285023_43921,Alex Freeman,USA,DF,1,1,442,79,top_scorer,urn:gd:story:classification:gcp_top_scorer:competitionId:285023:assists:rank_asc:page:2,urn:gd:story:classification:gcp_top_scorer:competitionId:285023:assists:rank_asc:page:2
418881,285023_43926,Cucho Hernandez,Colombia,FW,0,1,20,185,top_scorer,urn:gd:story:classification:gcp_top_scorer:competitionId:285023:assists:rank_asc:page:2,urn:gd:story:classification:gcp_top_scorer:competitionId:285023:assists:rank_asc:page:2
430194,285023_44037,Dennis Hadzikadunic,Bosnia and Herzegovina,DF,0,1,33,186,top_scorer,urn:gd:story:classification:gcp_top_scorer:competitionId:285023:assists:rank_asc:page:2,urn:gd:story:classification:gcp_top_scorer:competitionId:285023:assists:rank_asc:page:2
504193,285023_43883,Tshepang Moremi,South Africa,FW,0,1,44,187,top_scorer,urn:gd:story:classification:gcp_top_scorer:competitionId:285023:assists:rank_asc:page:2,urn:gd:story:classification:gcp_top_scorer:competitionId:285023:assists:rank_asc:page:2
494313,285023_43850,Yannick Semedo,Cabo Verde,MF,0,1,46,188,top_scorer,urn:gd:story:classification:gcp_top_scorer:competitionId:285023:assists:rank_asc:page:2,urn:gd:story:classification:gcp_top_scorer:competitionId:285023:assists:rank_asc:page:2
395471,285023_43948,Nadiem Amiri,Germany,MF,0,1,50,189,top_scorer,urn:gd:story:classification:gcp_top_scorer:competitionId:285023:assists:rank_asc:page:2,urn:gd:story:classification:gcp_top_scorer:competitionId:285023:assists:rank_asc:page:2
403293,285023_43819,Koki Ogawa,Japan,FW,0,1,56,190,top_scorer,urn:gd:story:classification:gcp_top_scorer:competitionId:285023:assists:rank_asc:page:2,urn:gd:story:classification:gcp_top_scorer:competitionId:285023:assists:rank_asc:page:2
426506,285023_20014,Meschack Elia,Congo DR,FW,0,1,59,191,top_scorer,urn:gd:story:classification:gcp_top_scorer:competitionId:285023:assists:rank_asc:page:2,urn:gd:story:classification:gcp_top_scorer:competitionId:285023:assists:rank_asc:page:2
370171,285023_43879,Abdoulaye Seck,Senegal,DF,0,1,66,192,top_scorer,urn:gd:story:classification:gcp_top_scorer:competitionId:285023:assists:rank_asc:page:2,urn:gd:story:classification:gcp_top_scorer:competitionId:285023:assists:rank_asc:page:2
336098,285023_43960,Memphis Depay,Netherlands,FW,0,1,68,193,top_scorer,urn:gd:story:classification:gcp_top_scorer:competitionId:285023:assists:rank_asc:page:2,urn:gd:story:classification:gcp_top_scorer:competitionId:285023:assists:rank_asc:page:2
486213,285023_43860,Brandon Thomas Asante,Ghana,FW,0,1,70,194,top_scorer,urn:gd:story:classification:gcp_top_scorer:competitionId:285023:assists:rank_asc:page:2,urn:gd:story:classification:gcp_top_scorer:competitionId:285023:assists:rank_asc:page:2
403304,285023_43819,Takefusa Kubo,Japan,MF,0,1,77,195,top_scorer,urn:gd:story:classification:gcp_top_scorer:competitionId:285023:assists:rank_asc:page:2,urn:gd:story:classification:gcp_top_scorer:competitionId:285023:assists:rank_asc:page:2
356704,285023_43926,Juan Quintero,Colombia,MF,0,1,84,196,top_scorer,urn:gd:story:classification:gcp_top_scorer:competitionId:285023:assists:rank_asc:page:2,urn:gd:story:classification:gcp_top_scorer:competitionId:285023:assists:rank_asc:page:2
407022,285023_43855,Karim Hafez,Egypt,DF,0,1,91,197,top_scorer,urn:gd:story:classification:gcp_top_scorer:competitionId:285023:assists:rank_asc:page:2,urn:gd:story:classification:gcp_top_scorer:competitionId:285023:assists:rank_asc:page:2
448525,285023_43860,Ernest Nuamah,Ghana,FW,0,1,109,198,top_scorer,urn:gd:story:classification:gcp_top_scorer:competitionId:285023:assists:rank_asc:page:2,urn:gd:story:classification:gcp_top_scorer:competitionId:285023:assists:rank_asc:page:2
494293,285023_43872,Chemsdine Talbi,Morocco,MF,0,1,128,199,top_scorer,urn:gd:story:classification:gcp_top_scorer:competitionId:285023:assists:rank_asc:page:2,urn:gd:story:classification:gcp_top_scorer:competitionId:285023:assists:rank_asc:page:2
400511,285023_43819,Kou Itakura,Japan,DF,0,1,138,200,top_scorer,urn:gd:story:classification:gcp_top_scorer:competitionId:285023:assists:rank_asc:page:2,urn:gd:story:classification:gcp_top_scorer:competitionId:285023:assists:rank_asc:page:2
430631,285023_43922,Nico Gonzalez,Argentina,MF,0,1,145,201,top_scorer,urn:gd:story:classification:gcp_top_scorer:competitionId:285023:assists:rank_asc:page:2,urn:gd:story:classification:gcp_top_scorer:competitionId:285023:assists:rank_asc:page:2
448310,285023_43927,Kevin Rodriguez,Ecuador,FW,0,1,146,202,top_scorer,urn:gd:story:classification:gcp_top_scorer:competitionId:285023:assists:rank_asc:page:2,urn:gd:story:classification:gcp_top_scorer:competitionId:285023:assists:rank_asc:page:2
523097,285023_43995,Alexandr Sojka,Czechia,MF,0,1,155,203,top_scorer,urn:gd:story:classification:gcp_top_scorer:competitionId:285023:assists:rank_asc:page:2,urn:gd:story:classification:gcp_top_scorer:competitionId:285023:assists:rank_asc:page:2
433118,285023_43972,Orkun Kokcu,Türkiye,MF,0,1,172,204,top_scorer,urn:gd:story:classification:gcp_top_scorer:competitionId:285023:assists:rank_asc:page:2,urn:gd:story:classification:gcp_top_scorer:competitionId:285023:assists:rank_asc:page:2
431781,285023_43908,Jean Kevin Duverne,Haiti,DF,0,1,186,205,top_scorer,urn:gd:story:classification:gcp_top_scorer:competitionId:285023:assists:rank_asc:page:2,urn:gd:story:classification:gcp_top_scorer:competitionId:285023:assists:rank_asc:page:2
430854,285023_43854,Wilfried Singo,Côte d'Ivoire,DF,0,1,190,206,top_scorer,urn:gd:story:classification:gcp_top_scorer:competitionId:285023:assists:rank_asc:page:2,urn:gd:story:classification:gcp_top_scorer:competitionId:285023:assists:rank_asc:page:2
482974,285023_44037,Ivan Basic,Bosnia and Herzegovina,MF,0,1,200,207,top_scorer,urn:gd:story:classification:gcp_top_scorer:competitionId:285023:assists:rank_asc:page:2,urn:gd:story:classification:gcp_top_scorer:competitionId:285023:assists:rank_asc:page:2
382739,285023_43969,Marcos Llorente,Spain,DF,0,1,203,208,top_scorer,urn:gd:story:classification:gcp_top_scorer:competitionId:285023:assists:rank_asc:page:2,urn:gd:story:classification:gcp_top_scorer:competitionId:285023:assists:rank_asc:page:2
401131,285023_43934,Michael Gregoritsch,Austria,FW,0,1,207,209,top_scorer,urn:gd:story:classification:gcp_top_scorer:competitionId:285023:assists:rank_asc:page:2,urn:gd:story:classification:gcp_top_scorer:competitionId:285023:assists:rank_asc:page:2
489689,285023_43970,Lucas Bergvall,Sweden,MF,0,1,207,210,top_scorer,urn:gd:story:classification:gcp_top_scorer:competitionId:285023:assists:rank_asc:page:2,urn:gd:story:classification:gcp_top_scorer:competitionId:285023:assists:rank_asc:page:2
405545,285023_43969,Ferran Torres,Spain,FW,0,1,208,211,top_scorer,urn:gd:story:classification:gcp_top_scorer:competitionId:285023:assists:rank_asc:page:2,urn:gd:story:classification:gcp_top_scorer:competitionId:285023:assists:rank_asc:page:2
483526,285023_43960,Tijjani Reijnders,Netherlands,MF,0,1,211,212,top_scorer,urn:gd:story:classification:gcp_top_scorer:competitionId:285023:assists:rank_asc:page:3,urn:gd:story:classification:gcp_top_scorer:competitionId:285023:assists:rank_asc:page:3
498421,285023_43976,Paul Okon Engstler,Australia,MF,0,1,214,213,top_scorer,urn:gd:story:classification:gcp_top_scorer:competitionId:285023:assists:rank_asc:page:3,urn:gd:story:classification:gcp_top_scorer:competitionId:285023:assists:rank_asc:page:3
358122,285023_43935,Thomas Meunier,Belgium,DF,0,1,226,214,top_scorer,urn:gd:story:classification:gcp_top_scorer:competitionId:285023:assists:rank_asc:page:3,urn:gd:story:classification:gcp_top_scorer:competitionId:285023:assists:rank_asc:page:3
429063,285023_43834,Edmilson Junior,Qatar,FW,0,1,228,215,top_scorer,urn:gd:story:classification:gcp_top_scorer:competitionId:285023:assists:rank_asc:page:3,urn:gd:story:classification:gcp_top_scorer:competitionId:285023:assists:rank_asc:page:3
331463,285023_43978,Tim Payne,New Zealand,DF,0,1,241,216,top_scorer,urn:gd:story:classification:gcp_top_scorer:competitionId:285023:assists:rank_asc:page:3,urn:gd:story:classification:gcp_top_scorer:competitionId:285023:assists:rank_asc:page:3
479106,285023_44005,Akmal Mozgovoy,Uzbekistan,MF,0,1,243,217,top_scorer,urn:gd:story:classification:gcp_top_scorer:competitionId:285023:assists:rank_asc:page:3,urn:gd:story:classification:gcp_top_scorer:competitionId:285023:assists:rank_asc:page:3
390267,285023_43921,Christian Pulisic,USA,FW,0,1,253,218,top_scorer,urn:gd:story:classification:gcp_top_scorer:competitionId:285023:assists:rank_asc:page:3,urn:gd:story:classification:gcp_top_scorer:competitionId:285023:assists:rank_asc:page:3
411726,285023_43924,Lucas Paqueta,Brazil,MF,0,1,255,219,top_scorer,urn:gd:story:classification:gcp_top_scorer:competitionId:285023:assists:rank_asc:page:3,urn:gd:story:classification:gcp_top_scorer:competitionId:285023:assists:rank_asc:page:3
385531,285023_43934,Xaver Schlager,Austria,MF,0,1,265,220,top_scorer,urn:gd:story:classification:gcp_top_scorer:competitionId:285023:assists:rank_asc:page:3,urn:gd:story:classification:gcp_top_scorer:competitionId:285023:assists:rank_asc:page:3
418795,285023_43879,Nicolas Jackson,Senegal,FW,0,1,271,221,top_scorer,urn:gd:story:classification:gcp_top_scorer:competitionId:285023:assists:rank_asc:page:3,urn:gd:story:classification:gcp_top_scorer:competitionId:285023:assists:rank_asc:page:3
428882,285023_43922,Rodrigo De Paul,Argentina,MF,0,1,275,222,top_scorer,urn:gd:story:classification:gcp_top_scorer:competitionId:285023:assists:rank_asc:page:3,urn:gd:story:classification:gcp_top_scorer:competitionId:285023:assists:rank_asc:page:3
418963,285023_43922,Facundo Medina,Argentina,DF,0,1,277,223,top_scorer,urn:gd:story:classification:gcp_top_scorer:competitionId:285023:assists:rank_asc:page:3,urn:gd:story:classification:gcp_top_scorer:competitionId:285023:assists:rank_asc:page:3
433074,285023_43818,Amir Alammari,Iraq,MF,0,1,279,224,top_scorer,urn:gd:story:classification:gcp_top_scorer:competitionId:285023:assists:rank_asc:page:3,urn:gd:story:classification:gcp_top_scorer:competitionId:285023:assists:rank_asc:page:3
428905,285023_43926,Luis Suarez,Colombia,FW,0,1,280,225,top_scorer,urn:gd:story:classification:gcp_top_scorer:competitionId:285023:assists:rank_asc:page:3,urn:gd:story:classification:gcp_top_scorer:competitionId:285023:assists:rank_asc:page:3
430750,285023_43969,Dani Olmo,Spain,FW,0,1,282,226,top_scorer,urn:gd:story:classification:gcp_top_scorer:competitionId:285023:assists:rank_asc:page:3,urn:gd:story:classification:gcp_top_scorer:competitionId:285023:assists:rank_asc:page:3
464842,285023_43879,Lamine Camara,Senegal,MF,0,1,287,227,top_scorer,urn:gd:story:classification:gcp_top_scorer:competitionId:285023:assists:rank_asc:page:3,urn:gd:story:classification:gcp_top_scorer:competitionId:285023:assists:rank_asc:page:3
389437,285023_43820,Ehsan Haddad,Jordan,DF,0,1,287,228,top_scorer,urn:gd:story:classification:gcp_top_scorer:competitionId:285023:assists:rank_asc:page:3,urn:gd:story:classification:gcp_top_scorer:competitionId:285023:assists:rank_asc:page:3
339987,285023_43938,Mateo Kovacic,Croatia,MF,0,1,293,229,top_scorer,urn:gd:story:classification:gcp_top_scorer:competitionId:285023:assists:rank_asc:page:3,urn:gd:story:classification:gcp_top_scorer:competitionId:285023:assists:rank_asc:page:3
391646,285023_43819,Ritsu Doan,Japan,MF,0,1,295,230,top_scorer,urn:gd:story:classification:gcp_top_scorer:competitionId:285023:assists:rank_asc:page:3,urn:gd:story:classification:gcp_top_scorer:competitionId:285023:assists:rank_asc:page:3
418490,285023_43822,Lee Kangin,Korea Republic,MF,0,1,300,231,top_scorer,urn:gd:story:classification:gcp_top_scorer:competitionId:285023:assists:rank_asc:page:3,urn:gd:story:classification:gcp_top_scorer:competitionId:285023:assists:rank_asc:page:3
472908,285023_43995,Vladimir Coufal,Czechia,DF,0,1,301,232,top_scorer,urn:gd:story:classification:gcp_top_scorer:competitionId:285023:assists:rank_asc:page:3,urn:gd:story:classification:gcp_top_scorer:competitionId:285023:assists:rank_asc:page:3
316002,285023_43934,David Alaba,Austria,DF,0,1,302,233,top_scorer,urn:gd:story:classification:gcp_top_scorer:competitionId:285023:assists:rank_asc:page:3,urn:gd:story:classification:gcp_top_scorer:competitionId:285023:assists:rank_asc:page:3
405893,285023_43946,Aurelien Tchouameni,France,MF,0,1,304,234,top_scorer,urn:gd:story:classification:gcp_top_scorer:competitionId:285023:assists:rank_asc:page:3,urn:gd:story:classification:gcp_top_scorer:competitionId:285023:assists:rank_asc:page:3
430831,285023_43854,Ibrahim Sangare,Côte d'Ivoire,MF,0,1,305,235,top_scorer,urn:gd:story:classification:gcp_top_scorer:competitionId:285023:assists:rank_asc:page:3,urn:gd:story:classification:gcp_top_scorer:competitionId:285023:assists:rank_asc:page:3
431230,285023_43820,Noor Alrawabdeh,Jordan,MF,0,1,309,236,top_scorer,urn:gd:story:classification:gcp_top_scorer:competitionId:285023:assists:rank_asc:page:3,urn:gd:story:classification:gcp_top_scorer:competitionId:285023:assists:rank_asc:page:3
475036,285023_43924,Rayan,Brazil,FW,0,1,327,237,top_scorer,urn:gd:story:classification:gcp_top_scorer:competitionId:285023:assists:rank_asc:page:3,urn:gd:story:classification:gcp_top_scorer:competitionId:285023:assists:rank_asc:page:3
436572,285023_20014,Arthur Masuaku,Congo DR,DF,0,1,340,238,top_scorer,urn:gd:story:classification:gcp_top_scorer:competitionId:285023:assists:rank_asc:page:3,urn:gd:story:classification:gcp_top_scorer:competitionId:285023:assists:rank_asc:page:3
368649,285023_43963,Joao Cancelo,Portugal,DF,0,1,342,239,top_scorer,urn:gd:story:classification:gcp_top_scorer:competitionId:285023:assists:rank_asc:page:3,urn:gd:story:classification:gcp_top_scorer:competitionId:285023:assists:rank_asc:page:3
241559,285023_43938,Luka Modric,Croatia,MF,0,1,360,240,top_scorer,urn:gd:story:classification:gcp_top_scorer:competitionId:285023:assists:rank_asc:page:3,urn:gd:story:classification:gcp_top_scorer:competitionId:285023:assists:rank_asc:page:3
510922,285023_43854,Yan Diomande,Côte d'Ivoire,FW,0,1,361,241,top_scorer,urn:gd:story:classification:gcp_top_scorer:competitionId:285023:assists:rank_asc:page:3,urn:gd:story:classification:gcp_top_scorer:competitionId:285023:assists:rank_asc:page:3
355642,285023_43850,Ryan Mendes,Cabo Verde,FW,0,1,366,242,top_scorer,urn:gd:story:classification:gcp_top_scorer:competitionId:285023:assists:rank_asc:page:3,urn:gd:story:classification:gcp_top_scorer:competitionId:285023:assists:rank_asc:page:3
376230,285023_44037,Sead Kolasinac,Bosnia and Herzegovina,DF,0,1,373,243,top_scorer,urn:gd:story:classification:gcp_top_scorer:competitionId:285023:assists:rank_asc:page:3,urn:gd:story:classification:gcp_top_scorer:competitionId:285023:assists:rank_asc:page:3
430628,285023_43922,Alexis Mac Allister,Argentina,MF,0,1,377,244,top_scorer,urn:gd:story:classification:gcp_top_scorer:competitionId:285023:assists:rank_asc:page:3,urn:gd:story:classification:gcp_top_scorer:competitionId:285023:assists:rank_asc:page:3
418548,285023_43963,Pedro Neto,Portugal,FW,0,1,381,245,top_scorer,urn:gd:story:classification:gcp_top_scorer:competitionId:285023:assists:rank_asc:page:3,urn:gd:story:classification:gcp_top_scorer:competitionId:285023:assists:rank_asc:page:3
483505,285023_43961,David Moller Wolfe,Norway,DF,0,1,384,246,top_scorer,urn:gd:story:classification:gcp_top_scorer:competitionId:285023:assists:rank_asc:page:3,urn:gd:story:classification:gcp_top_scorer:competitionId:285023:assists:rank_asc:page:3
433097,285023_43942,Declan Rice,England,MF,0,1,384,247,top_scorer,urn:gd:story:classification:gcp_top_scorer:competitionId:285023:assists:rank_asc:page:3,urn:gd:story:classification:gcp_top_scorer:competitionId:285023:assists:rank_asc:page:3
403596,285023_43911,Jorge Sanchez,Mexico,DF,0,1,388,248,top_scorer,urn:gd:story:classification:gcp_top_scorer:competitionId:285023:assists:rank_asc:page:3,urn:gd:story:classification:gcp_top_scorer:competitionId:285023:assists:rank_asc:page:3
463902,285023_43926,Gustavo Puerta,Colombia,DF,0,1,389,249,top_scorer,urn:gd:story:classification:gcp_top_scorer:competitionId:285023:assists:rank_asc:page:3,urn:gd:story:classification:gcp_top_scorer:competitionId:285023:assists:rank_asc:page:3
448607,285023_43872,Chadi Riad,Morocco,DF,0,1,390,250,top_scorer,urn:gd:story:classification:gcp_top_scorer:competitionId:285023:assists:rank_asc:page:3,urn:gd:story:classification:gcp_top_scorer:competitionId:285023:assists:rank_asc:page:3
419518,285023_43911,Erik Lira,Mexico,MF,0,1,391,251,top_scorer,urn:gd:story:classification:gcp_top_scorer:competitionId:285023:assists:rank_asc:page:3,urn:gd:story:classification:gcp_top_scorer:competitionId:285023:assists:rank_asc:page:3
402047,285023_43946,Adrien Rabiot,France,MF,0,1,402,252,top_scorer,urn:gd:story:classification:gcp_top_scorer:competitionId:285023:assists:rank_asc:page:3,urn:gd:story:classification:gcp_top_scorer:competitionId:285023:assists:rank_asc:page:3
424036,285023_43927,Pedro Vite,Ecuador,MF,0,1,407,253,top_scorer,urn:gd:story:classification:gcp_top_scorer:competitionId:285023:assists:rank_asc:page:3,urn:gd:story:classification:gcp_top_scorer:competitionId:285023:assists:rank_asc:page:3
356532,285023_20014,Chancel Mbemba,Congo DR,DF,0,1,409,254,top_scorer,urn:gd:story:classification:gcp_top_scorer:competitionId:285023:assists:rank_asc:page:3,urn:gd:story:classification:gcp_top_scorer:competitionId:285023:assists:rank_asc:page:3
385259,285023_43934,Konrad Laimer,Austria,MF,0,1,412,255,top_scorer,urn:gd:story:classification:gcp_top_scorer:competitionId:285023:assists:rank_asc:page:3,urn:gd:story:classification:gcp_top_scorer:competitionId:285023:assists:rank_asc:page:3
433667,285023_43938,Josip Stanisic,Croatia,DF,0,1,413,256,top_scorer,urn:gd:story:classification:gcp_top_scorer:competitionId:285023:assists:rank_asc:page:3,urn:gd:story:classification:gcp_top_scorer:competitionId:285023:assists:rank_asc:page:3
353790,285023_43879,Sadio Mane,Senegal,FW,0,1,421,257,top_scorer,urn:gd:story:classification:gcp_top_scorer:competitionId:285023:assists:rank_asc:page:3,urn:gd:story:classification:gcp_top_scorer:competitionId:285023:assists:rank_asc:page:3
408950,285023_43855,Mohamed Hany,Egypt,DF,0,1,439,258,top_scorer,urn:gd:story:classification:gcp_top_scorer:competitionId:285023:assists:rank_asc:page:3,urn:gd:story:classification:gcp_top_scorer:competitionId:285023:assists:rank_asc:page:3
481610,285023_43942,Elliot Anderson,England,MF,0,1,450,259,top_scorer,urn:gd:story:classification:gcp_top_scorer:competitionId:285023:assists:rank_asc:page:3,urn:gd:story:classification:gcp_top_scorer:competitionId:285023:assists:rank_asc:page:3
430690,285023_43879,Moussa Niakhate,Senegal,DF,0,1,459,260,top_scorer,urn:gd:story:classification:gcp_top_scorer:competitionId:285023:assists:rank_asc:page:3,urn:gd:story:classification:gcp_top_scorer:competitionId:285023:assists:rank_asc:page:3
395206,285023_43963,Bruno Fernandes,Portugal,MF,0,1,471,261,top_scorer,urn:gd:story:classification:gcp_top_scorer:competitionId:285023:assists:rank_asc:page:3,urn:gd:story:classification:gcp_top_scorer:competitionId:285023:assists:rank_asc:page:3
335999,285023_43969,Aymeric Laporte,Spain,DF,0,1,508,262,top_scorer,urn:gd:story:classification:gcp_top_scorer:competitionId:285023:assists:rank_asc:page:4,urn:gd:story:classification:gcp_top_scorer:competitionId:285023:assists:rank_asc:page:4
430601,285023_43924,Gabriel Magalhaes,Brazil,DF,0,1,520,263,top_scorer,urn:gd:story:classification:gcp_top_scorer:competitionId:285023:assists:rank_asc:page:4,urn:gd:story:classification:gcp_top_scorer:competitionId:285023:assists:rank_asc:page:4
229397,285023_43922,Lionel Messi,Argentina,FW,7,0,361,2,top_scorer,urn:gd:story:classification:gcp_top_scorer:competitionId:285023:assists:rank_asc:page:4,urn:gd:story:classification:gcp_top_scorer:competitionId:285023:assists:rank_asc:page:4
419652,285023_43961,Erling Haaland,Norway,FW,7,0,416,3,top_scorer,urn:gd:story:classification:gcp_top_scorer:competitionId:285023:assists:rank_asc:page:4,urn:gd:story:classification:gcp_top_scorer:competitionId:285023:assists:rank_asc:page:4
424051,285023_43960,Brian Brobbey,Netherlands,FW,3,0,245,15,top_scorer,urn:gd:story:classification:gcp_top_scorer:competitionId:285023:assists:rank_asc:page:4,urn:gd:story:classification:gcp_top_scorer:competitionId:285023:assists:rank_asc:page:4
405454,285023_43978,Elijah Just,New Zealand,MF,3,0,291,16,top_scorer,urn:gd:story:classification:gcp_top_scorer:competitionId:285023:assists:rank_asc:page:4,urn:gd:story:classification:gcp_top_scorer:competitionId:285023:assists:rank_asc:page:4
430609,285023_43924,Matheus Cunha,Brazil,FW,3,0,324,17,top_scorer,urn:gd:story:classification:gcp_top_scorer:competitionId:285023:assists:rank_asc:page:4,urn:gd:story:classification:gcp_top_scorer:competitionId:285023:assists:rank_asc:page:4
466624,285023_43921,Folarin Balogun,USA,FW,3,0,348,18,top_scorer,urn:gd:story:classification:gcp_top_scorer:competitionId:285023:assists:rank_asc:page:4,urn:gd:story:classification:gcp_top_scorer:competitionId:285023:assists:rank_asc:page:4
356731,285023_43911,Raul Jimenez,Mexico,FW,3,0,348,19,top_scorer,urn:gd:story:classification:gcp_top_scorer:competitionId:285023:assists:rank_asc:page:4,urn:gd:story:classification:gcp_top_scorer:competitionId:285023:assists:rank_asc:page:4
411367,285023_43948,Kai Havertz,Germany,FW,3,0,392,20,top_scorer,urn:gd:story:classification:gcp_top_scorer:competitionId:285023:assists:rank_asc:page:4,urn:gd:story:classification:gcp_top_scorer:competitionId:285023:assists:rank_asc:page:4
441316,285023_20014,Yoane Wissa,Congo DR,FW,3,0,409,21,top_scorer,urn:gd:story:classification:gcp_top_scorer:competitionId:285023:assists:rank_asc:page:4,urn:gd:story:classification:gcp_top_scorer:competitionId:285023:assists:rank_asc:page:4
448598,285023_43872,Ismael Saibari,Morocco,MF,3,0,411,22,top_scorer,urn:gd:story:classification:gcp_top_scorer:competitionId:285023:assists:rank_asc:page:4,urn:gd:story:classification:gcp_top_scorer:competitionId:285023:assists:rank_asc:page:4
441257,285023_43899,Jonathan David,Canada,FW,3,0,475,23,top_scorer,urn:gd:story:classification:gcp_top_scorer:competitionId:285023:assists:rank_asc:page:4,urn:gd:story:classification:gcp_top_scorer:competitionId:285023:assists:rank_asc:page:4
201200,285023_43963,Cristiano Ronaldo,Portugal,FW,3,0,490,24,top_scorer,urn:gd:story:classification:gcp_top_scorer:competitionId:285023:assists:rank_asc:page:4,urn:gd:story:classification:gcp_top_scorer:competitionId:285023:assists:rank_asc:page:4
522846,285023_44037,Ermin Mahmic,Bosnia and Herzegovina,MF,2,0,88,39,top_scorer,urn:gd:story:classification:gcp_top_scorer:competitionId:285023:assists:rank_asc:page:4,urn:gd:story:classification:gcp_top_scorer:competitionId:285023:assists:rank_asc:page:4
486130,285023_43879,Habib Diarra,Senegal,MF,2,0,168,40,top_scorer,urn:gd:story:classification:gcp_top_scorer:competitionId:285023:assists:rank_asc:page:4,urn:gd:story:classification:gcp_top_scorer:competitionId:285023:assists:rank_asc:page:4
299200,285023_43934,Marko Arnautovic,Austria,FW,2,0,173,41,top_scorer,urn:gd:story:classification:gcp_top_scorer:competitionId:285023:assists:rank_asc:page:4,urn:gd:story:classification:gcp_top_scorer:competitionId:285023:assists:rank_asc:page:4
430822,285023_43854,Amad Diallo,Côte d'Ivoire,FW,2,0,211,42,top_scorer,urn:gd:story:classification:gcp_top_scorer:competitionId:285023:assists:rank_asc:page:4,urn:gd:story:classification:gcp_top_scorer:competitionId:285023:assists:rank_asc:page:4
390670,285023_43899,Cyle Larin,Canada,FW,2,0,224,43,top_scorer,urn:gd:story:classification:gcp_top_scorer:competitionId:285023:assists:rank_asc:page:4,urn:gd:story:classification:gcp_top_scorer:competitionId:285023:assists:rank_asc:page:4
441137,285023_43970,Anthony Elanga,Sweden,FW,2,0,247,44,top_scorer,urn:gd:story:classification:gcp_top_scorer:competitionId:285023:assists:rank_asc:page:4,urn:gd:story:classification:gcp_top_scorer:competitionId:285023:assists:rank_asc:page:4
431200,285023_43926,Daniel Munoz,Colombia,DF,2,0,320,45,top_scorer,urn:gd:story:classification:gcp_top_scorer:competitionId:285023:assists:rank_asc:page:4,urn:gd:story:classification:gcp_top_scorer:competitionId:285023:assists:rank_asc:page:4
430482,285023_43855,Emam Ashour,Egypt,MF,2,0,344,46,top_scorer,urn:gd:story:classification:gcp_top_scorer:competitionId:285023:assists:rank_asc:page:4,urn:gd:story:classification:gcp_top_scorer:competitionId:285023:assists:rank_asc:page:4
448557,285023_43819,Daichi Kamada,Japan,MF,2,0,359,47,top_scorer,urn:gd:story:classification:gcp_top_scorer:competitionId:285023:assists:rank_asc:page:4,urn:gd:story:classification:gcp_top_scorer:competitionId:285023:assists:rank_asc:page:4
489688,285023_43970,Yasin Ayari,Sweden,MF,2,0,371,48,top_scorer,urn:gd:story:classification:gcp_top_scorer:competitionId:285023:assists:rank_asc:page:4,urn:gd:story:classification:gcp_top_scorer:competitionId:285023:assists:rank_asc:page:4
441307,285023_43872,Azzedine Ounahi,Morocco,MF,2,0,376,49,top_scorer,urn:gd:story:classification:gcp_top_scorer:competitionId:285023:assists:rank_asc:page:4,urn:gd:story:classification:gcp_top_scorer:competitionId:285023:assists:rank_asc:page:4
401444,285023_43935,Youri Tielemans,Belgium,MF,2,0,538,50,top_scorer,urn:gd:story:classification:gcp_top_scorer:competitionId:285023:assists:rank_asc:page:4,urn:gd:story:classification:gcp_top_scorer:competitionId:285023:assists:rank_asc:page:4
336170,285023_43972,Kaan Ayhan,Türkiye,MF,1,0,11,80,top_scorer,urn:gd:story:classification:gcp_top_scorer:competitionId:285023:assists:rank_asc:page:4,urn:gd:story:classification:gcp_top_scorer:competitionId:285023:assists:rank_asc:page:4
433795,285023_43970,Mattias Svanberg,Sweden,MF,1,0,25,81,top_scorer,urn:gd:story:classification:gcp_top_scorer:competitionId:285023:assists:rank_asc:page:4,urn:gd:story:classification:gcp_top_scorer:competitionId:285023:assists:rank_asc:page:4
405755,285023_43926,Jaminton Campaz,Colombia,FW,1,0,36,82,top_scorer,urn:gd:story:classification:gcp_top_scorer:competitionId:285023:assists:rank_asc:page:4,urn:gd:story:classification:gcp_top_scorer:competitionId:285023:assists:rank_asc:page:4
483183,285023_43855,Mahmoud Saber,Egypt,MF,1,0,51,83,top_scorer,urn:gd:story:classification:gcp_top_scorer:competitionId:285023:assists:rank_asc:page:4,urn:gd:story:classification:gcp_top_scorer:competitionId:285023:assists:rank_asc:page:4
520071,285023_43843,Nadhir Benbouali,Algeria,FW,1,0,52,84,top_scorer,urn:gd:story:classification:gcp_top_scorer:competitionId:285023:assists:rank_asc:page:4,urn:gd:story:classification:gcp_top_scorer:competitionId:285023:assists:rank_asc:page:4
314197,285023_43924,Neymar Jr,Brazil,FW,1,0,55,85,top_scorer,urn:gd:story:classification:gcp_top_scorer:competitionId:285023:assists:rank_asc:page:4,urn:gd:story:classification:gcp_top_scorer:competitionId:285023:assists:rank_asc:page:4
477859,285023_20014,Fiston Mayele,Congo DR,FW,1,0,55,86,top_scorer,urn:gd:story:classification:gcp_top_scorer:competitionId:285023:assists:rank_asc:page:4,urn:gd:story:classification:gcp_top_scorer:competitionId:285023:assists:rank_asc:page:4
448081,285023_43963,Goncalo Ramos,Portugal,FW,1,0,58,87,top_scorer,urn:gd:story:classification:gcp_top_scorer:competitionId:285023:assists:rank_asc:page:4,urn:gd:story:classification:gcp_top_scorer:competitionId:285023:assists:rank_asc:page:4
395414,285023_43922,Giovani Lo Celso,Argentina,MF,1,0,64,88,top_scorer,urn:gd:story:classification:gcp_top_scorer:competitionId:285023:assists:rank_asc:page:4,urn:gd:story:classification:gcp_top_scorer:competitionId:285023:assists:rank_asc:page:4
284190,285023_43834,Hassan Alhaydos,Qatar,FW,1,0,69,89,top_scorer,urn:gd:story:classification:gcp_top_scorer:competitionId:285023:assists:rank_asc:page:4,urn:gd:story:classification:gcp_top_scorer:competitionId:285023:assists:rank_asc:page:4
519954,285023_44037,Jovo Lukic,Bosnia and Herzegovina,FW,1,0,77,90,top_scorer,urn:gd:story:classification:gcp_top_scorer:competitionId:285023:assists:rank_asc:page:4,urn:gd:story:classification:gcp_top_scorer:competitionId:285023:assists:rank_asc:page:4
505112,285023_43872,Gessime Yassine,Morocco,MF,1,0,78,91,top_scorer,urn:gd:story:classification:gcp_top_scorer:competitionId:285023:assists:rank_asc:page:4,urn:gd:story:classification:gcp_top_scorer:competitionId:285023:assists:rank_asc:page:4
500038,285023_43911,Mateo Chavez,Mexico,DF,1,0,81,92,top_scorer,urn:gd:story:classification:gcp_top_scorer:competitionId:285023:assists:rank_asc:page:4,urn:gd:story:classification:gcp_top_scorer:competitionId:285023:assists:rank_asc:page:4
430100,285023_43934,Sasa Kalajdzic,Austria,FW,1,0,88,93,top_scorer,urn:gd:story:classification:gcp_top_scorer:competitionId:285023:assists:rank_asc:page:4,urn:gd:story:classification:gcp_top_scorer:competitionId:285023:assists:rank_asc:page:4
494374,285023_43888,Hazem Mastouri,Tunisia,FW,1,0,92,94,top_scorer,urn:gd:story:classification:gcp_top_scorer:competitionId:285023:assists:rank_asc:page:4,urn:gd:story:classification:gcp_top_scorer:competitionId:285023:assists:rank_asc:page:4
433092,285023_43935,Alexis Saelemaekers,Belgium,MF,1,0,95,95,top_scorer,urn:gd:story:classification:gcp_top_scorer:competitionId:285023:assists:rank_asc:page:4,urn:gd:story:classification:gcp_top_scorer:competitionId:285023:assists:rank_asc:page:4
494627,285023_43961,Thelo Aasgaard,Norway,MF,1,0,100,96,top_scorer,urn:gd:story:classification:gcp_top_scorer:competitionId:285023:assists:rank_asc:page:4,urn:gd:story:classification:gcp_top_scorer:competitionId:285023:assists:rank_asc:page:4
416576,285023_43911,Alvaro Fidalgo,Mexico,MF,1,0,117,97,top_scorer,urn:gd:story:classification:gcp_top_scorer:competitionId:285023:assists:rank_asc:page:4,urn:gd:story:classification:gcp_top_scorer:competitionId:285023:assists:rank_asc:page:4
389754,285023_43938,Petar Musa,Croatia,FW,1,0,119,98,top_scorer,urn:gd:story:classification:gcp_top_scorer:competitionId:285023:assists:rank_asc:page:4,urn:gd:story:classification:gcp_top_scorer:competitionId:285023:assists:rank_asc:page:4
390272,285023_43921,Auston Trusty,USA,DF,1,0,123,99,top_scorer,urn:gd:story:classification:gcp_top_scorer:competitionId:285023:assists:rank_asc:page:4,urn:gd:story:classification:gcp_top_scorer:competitionId:285023:assists:rank_asc:page:4
395186,285023_43818,Aymen Hussein,Iraq,FW,1,0,128,100,top_scorer,urn:gd:story:classification:gcp_top_scorer:competitionId:285023:assists:rank_asc:page:4,urn:gd:story:classification:gcp_top_scorer:competitionId:285023:assists:rank_asc:page:4
477849,285023_43850,Helio Varela,Cabo Verde,MF,1,0,130,101,top_scorer,urn:gd:story:classification:gcp_top_scorer:competitionId:285023:assists:rank_asc:page:4,urn:gd:story:classification:gcp_top_scorer:competitionId:285023:assists:rank_asc:page:4
448586,285023_43822,Oh Hyeongyu,Korea Republic,FW,1,0,145,102,top_scorer,urn:gd:story:classification:gcp_top_scorer:competitionId:285023:assists:rank_asc:page:4,urn:gd:story:classification:gcp_top_scorer:competitionId:285023:assists:rank_asc:page:4
419672,285023_43961,Leo Ostigard,Norway,DF,1,0,149,103,top_scorer,urn:gd:story:classification:gcp_top_scorer:competitionId:285023:assists:rank_asc:page:4,urn:gd:story:classification:gcp_top_scorer:competitionId:285023:assists:rank_asc:page:4
430667,285023_43948,Nico Schlotterbeck,Germany,DF,1,0,152,104,top_scorer,urn:gd:story:classification:gcp_top_scorer:competitionId:285023:assists:rank_asc:page:5,urn:gd:story:classification:gcp_top_scorer:competitionId:285023:assists:rank_asc:page:5
419068,285023_43921,Giovanni Reyna,USA,MF,1,0,155,105,top_scorer,urn:gd:story:classification:gcp_top_scorer:competitionId:285023:assists:rank_asc:page:5,urn:gd:story:classification:gcp_top_scorer:competitionId:285023:assists:rank_asc:page:5
510989,285023_20014,Brian Cipenga,Congo DR,FW,1,0,160,106,top_scorer,urn:gd:story:classification:gcp_top_scorer:competitionId:285023:assists:rank_asc:page:5,urn:gd:story:classification:gcp_top_scorer:competitionId:285023:assists:rank_asc:page:5
430070,285023_43938,Ante Budimir,Croatia,FW,1,0,168,107,top_scorer,urn:gd:story:classification:gcp_top_scorer:competitionId:285023:assists:rank_asc:page:5,urn:gd:story:classification:gcp_top_scorer:competitionId:285023:assists:rank_asc:page:5
430733,285023_43969,Mikel Merino,Spain,MF,1,0,169,108,top_scorer,urn:gd:story:classification:gcp_top_scorer:competitionId:285023:assists:rank_asc:page:5,urn:gd:story:classification:gcp_top_scorer:competitionId:285023:assists:rank_asc:page:5
430597,285023_43924,Gabriel Martinelli,Brazil,FW,1,0,171,109,top_scorer,urn:gd:story:classification:gcp_top_scorer:competitionId:285023:assists:rank_asc:page:5,urn:gd:story:classification:gcp_top_scorer:competitionId:285023:assists:rank_asc:page:5
433367,285023_43888,Omar Rekik,Tunisia,DF,1,0,200,110,top_scorer,urn:gd:story:classification:gcp_top_scorer:competitionId:285023:assists:rank_asc:page:5,urn:gd:story:classification:gcp_top_scorer:competitionId:285023:assists:rank_asc:page:5
405879,285023_43908,Wilson Isidor,Haiti,FW,1,0,201,111,top_scorer,urn:gd:story:classification:gcp_top_scorer:competitionId:285023:assists:rank_asc:page:5,urn:gd:story:classification:gcp_top_scorer:competitionId:285023:assists:rank_asc:page:5
401470,285023_43942,Marcus Rashford,England,FW,1,0,203,112,top_scorer,urn:gd:story:classification:gcp_top_scorer:competitionId:285023:assists:rank_asc:page:5,urn:gd:story:classification:gcp_top_scorer:competitionId:285023:assists:rank_asc:page:5
496358,285023_43879,Ibrahim Mbaye,Senegal,FW,1,0,203,113,top_scorer,urn:gd:story:classification:gcp_top_scorer:competitionId:285023:assists:rank_asc:page:5,urn:gd:story:classification:gcp_top_scorer:competitionId:285023:assists:rank_asc:page:5
433668,285023_43995,Michal Sadilek,Czechia,MF,1,0,204,114,top_scorer,urn:gd:story:classification:gcp_top_scorer:competitionId:285023:assists:rank_asc:page:5,urn:gd:story:classification:gcp_top_scorer:competitionId:285023:assists:rank_asc:page:5
409191,285023_43938,Nikola Vlasic,Croatia,MF,1,0,204,115,top_scorer,urn:gd:story:classification:gcp_top_scorer:competitionId:285023:assists:rank_asc:page:5,urn:gd:story:classification:gcp_top_scorer:competitionId:285023:assists:rank_asc:page:5
520037,285023_43860,Derrick Luckassen,Ghana,DF,1,0,205,116,top_scorer,urn:gd:story:classification:gcp_top_scorer:competitionId:285023:assists:rank_asc:page:5,urn:gd:story:classification:gcp_top_scorer:competitionId:285023:assists:rank_asc:page:5
495046,285023_43928,Mauricio,Paraguay,MF,1,0,208,117,top_scorer,urn:gd:story:classification:gcp_top_scorer:competitionId:285023:assists:rank_asc:page:5,urn:gd:story:classification:gcp_top_scorer:competitionId:285023:assists:rank_asc:page:5
494625,285023_43961,Marcus Holmgren Pedersen,Norway,DF,1,0,228,118,top_scorer,urn:gd:story:classification:gcp_top_scorer:competitionId:285023:assists:rank_asc:page:5,urn:gd:story:classification:gcp_top_scorer:competitionId:285023:assists:rank_asc:page:5
448312,285023_43927,Nilson Angulo,Ecuador,FW,1,0,240,119,top_scorer,urn:gd:story:classification:gcp_top_scorer:competitionId:285023:assists:rank_asc:page:5,urn:gd:story:classification:gcp_top_scorer:competitionId:285023:assists:rank_asc:page:5
464933,285023_44005,Abbosbek Fayzullaev,Uzbekistan,MF,1,0,240,120,top_scorer,urn:gd:story:classification:gcp_top_scorer:competitionId:285023:assists:rank_asc:page:5,urn:gd:story:classification:gcp_top_scorer:competitionId:285023:assists:rank_asc:page:5
395321,285023_43819,Junya Ito,Japan,MF,1,0,242,121,top_scorer,urn:gd:story:classification:gcp_top_scorer:competitionId:285023:assists:rank_asc:page:5,urn:gd:story:classification:gcp_top_scorer:competitionId:285023:assists:rank_asc:page:5
448114,285023_43971,Dan Ndoye,Switzerland,FW,1,0,252,122,top_scorer,urn:gd:story:classification:gcp_top_scorer:competitionId:285023:assists:rank_asc:page:5,urn:gd:story:classification:gcp_top_scorer:competitionId:285023:assists:rank_asc:page:5
494989,285023_1895293,Livano Comenencia,Curaçao,MF,1,0,253,123,top_scorer,urn:gd:story:classification:gcp_top_scorer:competitionId:285023:assists:rank_asc:page:5,urn:gd:story:classification:gcp_top_scorer:competitionId:285023:assists:rank_asc:page:5
463234,285023_43883,Thapelo Maseko,South Africa,FW,1,0,255,124,top_scorer,urn:gd:story:classification:gcp_top_scorer:competitionId:285023:assists:rank_asc:page:5,urn:gd:story:classification:gcp_top_scorer:competitionId:285023:assists:rank_asc:page:5
402876,285023_43930,Agustin Canobbio,Uruguay,MF,1,0,261,125,top_scorer,urn:gd:story:classification:gcp_top_scorer:competitionId:285023:assists:rank_asc:page:5,urn:gd:story:classification:gcp_top_scorer:competitionId:285023:assists:rank_asc:page:5
402920,285023_43922,Lautaro Martinez,Argentina,FW,1,0,262,126,top_scorer,urn:gd:story:classification:gcp_top_scorer:competitionId:285023:assists:rank_asc:page:5,urn:gd:story:classification:gcp_top_scorer:competitionId:285023:assists:rank_asc:page:5
403312,285023_43835,Abdulelah Alamri,Saudi Arabia,DF,1,0,268,127,top_scorer,urn:gd:story:classification:gcp_top_scorer:competitionId:285023:assists:rank_asc:page:5,urn:gd:story:classification:gcp_top_scorer:competitionId:285023:assists:rank_asc:page:5
405877,285023_43843,Amine Gouiri,Algeria,FW,1,0,270,128,top_scorer,urn:gd:story:classification:gcp_top_scorer:competitionId:285023:assists:rank_asc:page:5,urn:gd:story:classification:gcp_top_scorer:competitionId:285023:assists:rank_asc:page:5
430407,285023_43819,Daizen Maeda,Japan,MF,1,0,271,129,top_scorer,urn:gd:story:classification:gcp_top_scorer:competitionId:285023:assists:rank_asc:page:5,urn:gd:story:classification:gcp_top_scorer:competitionId:285023:assists:rank_asc:page:5
448497,285023_43817,Mohammad Mohebbi,IR Iran,MF,1,0,271,130,top_scorer,urn:gd:story:classification:gcp_top_scorer:competitionId:285023:assists:rank_asc:page:5,urn:gd:story:classification:gcp_top_scorer:competitionId:285023:assists:rank_asc:page:5
464114,285023_43946,Desire Doue,France,FW,1,0,277,131,top_scorer,urn:gd:story:classification:gcp_top_scorer:competitionId:285023:assists:rank_asc:page:5,urn:gd:story:classification:gcp_top_scorer:competitionId:285023:assists:rank_asc:page:5
401334,285023_43967,John Mcginn,Scotland,MF,1,0,277,132,top_scorer,urn:gd:story:classification:gcp_top_scorer:competitionId:285023:assists:rank_asc:page:5,urn:gd:story:classification:gcp_top_scorer:competitionId:285023:assists:rank_asc:page:5
463283,285023_43934,Romano Schmid,Austria,MF,1,0,283,133,top_scorer,urn:gd:story:classification:gcp_top_scorer:competitionId:285023:assists:rank_asc:page:5,urn:gd:story:classification:gcp_top_scorer:competitionId:285023:assists:rank_asc:page:5
486306,285023_43976,Nestory Irankunda,Australia,FW,1,0,285,134,top_scorer,urn:gd:story:classification:gcp_top_scorer:competitionId:285023:assists:rank_asc:page:5,urn:gd:story:classification:gcp_top_scorer:competitionId:285023:assists:rank_asc:page:5
433534,285023_43820,Nizar Alrashdan,Jordan,MF,1,0,289,135,top_scorer,urn:gd:story:classification:gcp_top_scorer:competitionId:285023:assists:rank_asc:page:5,urn:gd:story:classification:gcp_top_scorer:competitionId:285023:assists:rank_asc:page:5
483448,285023_43961,Antonio Nusa,Norway,FW,1,0,291,136,top_scorer,urn:gd:story:classification:gcp_top_scorer:competitionId:285023:assists:rank_asc:page:5,urn:gd:story:classification:gcp_top_scorer:competitionId:285023:assists:rank_asc:page:5
431212,285023_43820,Ali Olwan,Jordan,FW,1,0,297,137,top_scorer,urn:gd:story:classification:gcp_top_scorer:competitionId:285023:assists:rank_asc:page:5,urn:gd:story:classification:gcp_top_scorer:competitionId:285023:assists:rank_asc:page:5
477827,285023_43850,Deroy Duarte,Cabo Verde,MF,1,0,300,138,top_scorer,urn:gd:story:classification:gcp_top_scorer:competitionId:285023:assists:rank_asc:page:5,urn:gd:story:classification:gcp_top_scorer:competitionId:285023:assists:rank_asc:page:5
441170,285023_43995,Ladislav Krejci,Czechia,DF,1,0,301,139,top_scorer,urn:gd:story:classification:gcp_top_scorer:competitionId:285023:assists:rank_asc:page:5,urn:gd:story:classification:gcp_top_scorer:competitionId:285023:assists:rank_asc:page:5
403616,285023_43883,Teboho Mokoena,South Africa,MF,1,0,301,140,top_scorer,urn:gd:story:classification:gcp_top_scorer:competitionId:285023:assists:rank_asc:page:5,urn:gd:story:classification:gcp_top_scorer:competitionId:285023:assists:rank_asc:page:5
385475,285023_44005,Eldor Shomurodov,Uzbekistan,FW,1,0,304,141,top_scorer,urn:gd:story:classification:gcp_top_scorer:competitionId:285023:assists:rank_asc:page:5,urn:gd:story:classification:gcp_top_scorer:competitionId:285023:assists:rank_asc:page:5
429642,285023_43948,Jamal Musiala,Germany,MF,1,0,305,142,top_scorer,urn:gd:story:classification:gcp_top_scorer:competitionId:285023:assists:rank_asc:page:5,urn:gd:story:classification:gcp_top_scorer:competitionId:285023:assists:rank_asc:page:5
463580,285023_43978,Finn Surman,New Zealand,DF,1,0,306,143,top_scorer,urn:gd:story:classification:gcp_top_scorer:competitionId:285023:assists:rank_asc:page:5,urn:gd:story:classification:gcp_top_scorer:competitionId:285023:assists:rank_asc:page:5
506279,285023_43860,Caleb Yirenkyi,Ghana,MF,1,0,307,144,top_scorer,urn:gd:story:classification:gcp_top_scorer:competitionId:285023:assists:rank_asc:page:5,urn:gd:story:classification:gcp_top_scorer:competitionId:285023:assists:rank_asc:page:5
430144,285023_43969,Pedro Porro,Spain,DF,1,0,308,145,top_scorer,urn:gd:story:classification:gcp_top_scorer:competitionId:285023:assists:rank_asc:page:5,urn:gd:story:classification:gcp_top_scorer:competitionId:285023:assists:rank_asc:page:5
504990,285023_44037,Kerim Alajbegovic,Bosnia and Herzegovina,FW,1,0,312,146,top_scorer,urn:gd:story:classification:gcp_top_scorer:competitionId:285023:assists:rank_asc:page:5,urn:gd:story:classification:gcp_top_scorer:competitionId:285023:assists:rank_asc:page:5
484087,285023_43972,Arda Guler,Türkiye,FW,1,0,313,147,top_scorer,urn:gd:story:classification:gcp_top_scorer:competitionId:285023:assists:rank_asc:page:5,urn:gd:story:classification:gcp_top_scorer:competitionId:285023:assists:rank_asc:page:5
358120,285023_43935,Kevin De Bruyne,Belgium,MF,1,0,322,148,top_scorer,urn:gd:story:classification:gcp_top_scorer:competitionId:285023:assists:rank_asc:page:5,urn:gd:story:classification:gcp_top_scorer:competitionId:285023:assists:rank_asc:page:5
477832,285023_43850,Sidny Lopes Cabral,Cabo Verde,DF,1,0,324,149,top_scorer,urn:gd:story:classification:gcp_top_scorer:competitionId:285023:assists:rank_asc:page:5,urn:gd:story:classification:gcp_top_scorer:competitionId:285023:assists:rank_asc:page:5
470760,285023_43926,Jhon Arias,Colombia,MF,1,0,337,150,top_scorer,urn:gd:story:classification:gcp_top_scorer:competitionId:285023:assists:rank_asc:page:5,urn:gd:story:classification:gcp_top_scorer:competitionId:285023:assists:rank_asc:page:5
482774,285023_43938,Martin Baturina,Croatia,MF,1,0,344,151,top_scorer,urn:gd:story:classification:gcp_top_scorer:competitionId:285023:assists:rank_asc:page:5,urn:gd:story:classification:gcp_top_scorer:competitionId:285023:assists:rank_asc:page:5
484320,285023_43969,Lamine Yamal,Spain,FW,1,0,352,152,top_scorer,urn:gd:story:classification:gcp_top_scorer:competitionId:285023:assists:rank_asc:page:5,urn:gd:story:classification:gcp_top_scorer:competitionId:285023:assists:rank_asc:page:5
430452,285023_43976,Connor Metcalfe,Australia,MF,1,0,354,153,top_scorer,urn:gd:story:classification:gcp_top_scorer:competitionId:285023:assists:rank_asc:page:5,urn:gd:story:classification:gcp_top_scorer:competitionId:285023:assists:rank_asc:page:5
404353,285023_43948,Leroy Sane,Germany,MF,1,0,360,154,top_scorer,urn:gd:story:classification:gcp_top_scorer:competitionId:285023:assists:rank_asc:page:6,urn:gd:story:classification:gcp_top_scorer:competitionId:285023:assists:rank_asc:page:6
511009,285023_43843,Rafik Belghali,Algeria,DF,1,0,362,155,top_scorer,urn:gd:story:classification:gcp_top_scorer:competitionId:285023:assists:rank_asc:page:6,urn:gd:story:classification:gcp_top_scorer:competitionId:285023:assists:rank_asc:page:6
371609,285023_43854,Franck Kessie,Côte d'Ivoire,MF,1,0,389,156,top_scorer,urn:gd:story:classification:gcp_top_scorer:competitionId:285023:assists:rank_asc:page:6,urn:gd:story:classification:gcp_top_scorer:competitionId:285023:assists:rank_asc:page:6
477852,285023_43850,Kevin Pina,Cabo Verde,MF,1,0,389,157,top_scorer,urn:gd:story:classification:gcp_top_scorer:competitionId:285023:assists:rank_asc:page:6,urn:gd:story:classification:gcp_top_scorer:competitionId:285023:assists:rank_asc:page:6
311558,285023_43971,Granit Xhaka,Switzerland,MF,1,0,403,158,top_scorer,urn:gd:story:classification:gcp_top_scorer:competitionId:285023:assists:rank_asc:page:6,urn:gd:story:classification:gcp_top_scorer:competitionId:285023:assists:rank_asc:page:6
419020,285023_43927,Gonzalo Plata,Ecuador,FW,1,0,407,159,top_scorer,urn:gd:story:classification:gcp_top_scorer:competitionId:285023:assists:rank_asc:page:6,urn:gd:story:classification:gcp_top_scorer:competitionId:285023:assists:rank_asc:page:6
358241,285023_43934,Marcel Sabitzer,Austria,MF,1,0,412,160,top_scorer,urn:gd:story:classification:gcp_top_scorer:competitionId:285023:assists:rank_asc:page:6,urn:gd:story:classification:gcp_top_scorer:competitionId:285023:assists:rank_asc:page:6
308386,285023_43924,Casemiro,Brazil,MF,1,0,425,161,top_scorer,urn:gd:story:classification:gcp_top_scorer:competitionId:285023:assists:rank_asc:page:6,urn:gd:story:classification:gcp_top_scorer:competitionId:285023:assists:rank_asc:page:6
489517,285023_43960,Jan Paul Van Hecke,Netherlands,DF,1,0,432,162,top_scorer,urn:gd:story:classification:gcp_top_scorer:competitionId:285023:assists:rank_asc:page:6,urn:gd:story:classification:gcp_top_scorer:competitionId:285023:assists:rank_asc:page:6
403083,285023_43872,Issa Diop,Morocco,DF,1,0,433,163,top_scorer,urn:gd:story:classification:gcp_top_scorer:competitionId:285023:assists:rank_asc:page:6,urn:gd:story:classification:gcp_top_scorer:competitionId:285023:assists:rank_asc:page:6
433635,285023_43899,Stephen Eustaquio,Canada,MF,1,0,444,164,top_scorer,urn:gd:story:classification:gcp_top_scorer:competitionId:285023:assists:rank_asc:page:6,urn:gd:story:classification:gcp_top_scorer:competitionId:285023:assists:rank_asc:page:6
433195,285023_43963,Nuno Mendes,Portugal,DF,1,0,447,165,top_scorer,urn:gd:story:classification:gcp_top_scorer:competitionId:285023:assists:rank_asc:page:6,urn:gd:story:classification:gcp_top_scorer:competitionId:285023:assists:rank_asc:page:6
484141,285023_43963,Joao Neves,Portugal,MF,1,0,450,166,top_scorer,urn:gd:story:classification:gcp_top_scorer:competitionId:285023:assists:rank_asc:page:6,urn:gd:story:classification:gcp_top_scorer:competitionId:285023:assists:rank_asc:page:6
477864,285023_20014,Aaron Tshibola,Congo DR,MF,0,0,0,264,top_scorer,urn:gd:story:classification:gcp_top_scorer:competitionId:285023:assists:rank_asc:page:6,urn:gd:story:classification:gcp_top_scorer:competitionId:285023:assists:rank_asc:page:6
512127,285023_43843,Achref Abada,Algeria,DF,0,0,0,264,top_scorer,urn:gd:story:classification:gcp_top_scorer:competitionId:285023:assists:rank_asc:page:6,urn:gd:story:classification:gcp_top_scorer:competitionId:285023:assists:rank_asc:page:6
520035,285023_43934,David Affengruber,Austria,DF,0,0,0,264,top_scorer,urn:gd:story:classification:gcp_top_scorer:competitionId:285023:assists:rank_asc:page:6,urn:gd:story:classification:gcp_top_scorer:competitionId:285023:assists:rank_asc:page:6
430512,285023_43835,Aiman Yahya,Saudi Arabia,FW,0,0,0,264,top_scorer,urn:gd:story:classification:gcp_top_scorer:competitionId:285023:assists:rank_asc:page:6,urn:gd:story:classification:gcp_top_scorer:competitionId:285023:assists:rank_asc:page:6
512079,285023_43855,Mohamed Alaa,Egypt,GK,0,0,0,264,top_scorer,urn:gd:story:classification:gcp_top_scorer:competitionId:285023:assists:rank_asc:page:6,urn:gd:story:classification:gcp_top_scorer:competitionId:285023:assists:rank_asc:page:6
484072,285023_43972,Samet Akaydin,Türkiye,DF,0,0,0,264,top_scorer,urn:gd:story:classification:gcp_top_scorer:competitionId:285023:assists:rank_asc:page:6,urn:gd:story:classification:gcp_top_scorer:competitionId:285023:assists:rank_asc:page:6
419287,285023_43835,Nawaf Alaqidi,Saudi Arabia,GK,0,0,0,264,top_scorer,urn:gd:story:classification:gcp_top_scorer:competitionId:285023:assists:rank_asc:page:6,urn:gd:story:classification:gcp_top_scorer:competitionId:285023:assists:rank_asc:page:6
431223,285023_43820,Abdallah Alfakhori,Jordan,GK,0,0,0,264,top_scorer,urn:gd:story:classification:gcp_top_scorer:competitionId:285023:assists:rank_asc:page:6,urn:gd:story:classification:gcp_top_scorer:competitionId:285023:assists:rank_asc:page:6
436538,285023_43835,Ziyad Aljohani,Saudi Arabia,MF,0,0,0,264,top_scorer,urn:gd:story:classification:gcp_top_scorer:competitionId:285023:assists:rank_asc:page:6,urn:gd:story:classification:gcp_top_scorer:competitionId:285023:assists:rank_asc:page:6
339746,285023_43835,Ahmed Alkassar,Saudi Arabia,GK,0,0,0,264,top_scorer,urn:gd:story:classification:gcp_top_scorer:competitionId:285023:assists:rank_asc:page:6,urn:gd:story:classification:gcp_top_scorer:competitionId:285023:assists:rank_asc:page:6
425804,285023_43835,Saleh Alshehri,Saudi Arabia,FW,0,0,0,264,top_scorer,urn:gd:story:classification:gcp_top_scorer:competitionId:285023:assists:rank_asc:page:6,urn:gd:story:classification:gcp_top_scorer:competitionId:285023:assists:rank_asc:page:6
433466,285023_43855,Nabil Donga,Egypt,MF,0,0,0,264,top_scorer,urn:gd:story:classification:gcp_top_scorer:competitionId:285023:assists:rank_asc:page:6,urn:gd:story:classification:gcp_top_scorer:competitionId:285023:assists:rank_asc:page:6
484864,285023_43971,Aurele Amenda,Switzerland,DF,0,0,0,264,top_scorer,urn:gd:story:classification:gcp_top_scorer:competitionId:285023:assists:rank_asc:page:6,urn:gd:story:classification:gcp_top_scorer:competitionId:285023:assists:rank_asc:page:6
506277,285023_43860,Joseph Anang,Ghana,GK,0,0,0,264,top_scorer,urn:gd:story:classification:gcp_top_scorer:competitionId:285023:assists:rank_asc:page:6,urn:gd:story:classification:gcp_top_scorer:competitionId:285023:assists:rank_asc:page:6
419101,285023_43930,Ronald Araujo,Uruguay,DF,0,0,0,264,top_scorer,urn:gd:story:classification:gcp_top_scorer:competitionId:285023:assists:rank_asc:page:6,urn:gd:story:classification:gcp_top_scorer:competitionId:285023:assists:rank_asc:page:6
514326,285023_43927,Jeremy Arevalo,Ecuador,FW,0,0,0,264,top_scorer,urn:gd:story:classification:gcp_top_scorer:competitionId:285023:assists:rank_asc:page:6,urn:gd:story:classification:gcp_top_scorer:competitionId:285023:assists:rank_asc:page:6
516043,285023_43888,Adam Arous,Tunisia,DF,0,0,0,264,top_scorer,urn:gd:story:classification:gcp_top_scorer:competitionId:285023:assists:rank_asc:page:6,urn:gd:story:classification:gcp_top_scorer:competitionId:285023:assists:rank_asc:page:6
512039,285023_43888,Khalil Ayari,Tunisia,MF,0,0,0,264,top_scorer,urn:gd:story:classification:gcp_top_scorer:competitionId:285023:assists:rank_asc:page:6,urn:gd:story:classification:gcp_top_scorer:competitionId:285023:assists:rank_asc:page:6
494350,285023_43860,Christopher Bonsu Baah,Ghana,FW,0,0,0,264,top_scorer,urn:gd:story:classification:gcp_top_scorer:competitionId:285023:assists:rank_asc:page:6,urn:gd:story:classification:gcp_top_scorer:competitionId:285023:assists:rank_asc:page:6
511889,285023_43820,Anas Badawi,Jordan,DF,0,0,0,264,top_scorer,urn:gd:story:classification:gcp_top_scorer:competitionId:285023:assists:rank_asc:page:6,urn:gd:story:classification:gcp_top_scorer:competitionId:285023:assists:rank_asc:page:6
464374,285023_43822,Bae Junho,Korea Republic,MF,0,0,0,264,top_scorer,urn:gd:story:classification:gcp_top_scorer:competitionId:285023:assists:rank_asc:page:6,urn:gd:story:classification:gcp_top_scorer:competitionId:285023:assists:rank_asc:page:6
483127,285023_43820,Nour Baniateyah,Jordan,GK,0,0,0,264,top_scorer,urn:gd:story:classification:gcp_top_scorer:competitionId:285023:assists:rank_asc:page:6,urn:gd:story:classification:gcp_top_scorer:competitionId:285023:assists:rank_asc:page:6
269592,285023_43978,Kosta Barbarouses,New Zealand,FW,0,0,0,264,top_scorer,urn:gd:story:classification:gcp_top_scorer:competitionId:285023:assists:rank_asc:page:6,urn:gd:story:classification:gcp_top_scorer:competitionId:285023:assists:rank_asc:page:6
416056,285023_43834,Meshaal Barsham,Qatar,GK,0,0,0,264,top_scorer,urn:gd:story:classification:gcp_top_scorer:competitionId:285023:assists:rank_asc:page:6,urn:gd:story:classification:gcp_top_scorer:competitionId:285023:assists:rank_asc:page:6
477829,285023_20014,Dylan Batubinsika,Congo DR,DF,0,0,0,264,top_scorer,urn:gd:story:classification:gcp_top_scorer:competitionId:285023:assists:rank_asc:page:6,urn:gd:story:classification:gcp_top_scorer:competitionId:285023:assists:rank_asc:page:6
306538,285023_43948,Oliver Baumann,Germany,GK,0,0,0,264,top_scorer,urn:gd:story:classification:gcp_top_scorer:competitionId:285023:assists:rank_asc:page:6,urn:gd:story:classification:gcp_top_scorer:competitionId:285023:assists:rank_asc:page:6
441180,285023_43972,Altay Bayindir,Türkiye,GK,0,0,0,264,top_scorer,urn:gd:story:classification:gcp_top_scorer:competitionId:285023:assists:rank_asc:page:6,urn:gd:story:classification:gcp_top_scorer:competitionId:285023:assists:rank_asc:page:6
484817,285023_43978,Lachlan Bayliss,New Zealand,MF,0,0,0,264,top_scorer,urn:gd:story:classification:gcp_top_scorer:competitionId:285023:assists:rank_asc:page:6,urn:gd:story:classification:gcp_top_scorer:competitionId:285023:assists:rank_asc:page:6
494742,285023_43872,Youssef Belammari,Morocco,DF,0,0,0,264,top_scorer,urn:gd:story:classification:gcp_top_scorer:competitionId:285023:assists:rank_asc:page:6,urn:gd:story:classification:gcp_top_scorer:competitionId:285023:assists:rank_asc:page:6
372294,285023_43888,Sabri Ben Hessen,Tunisia,GK,0,0,0,264,top_scorer,urn:gd:story:classification:gcp_top_scorer:competitionId:285023:assists:rank_asc:page:6,urn:gd:story:classification:gcp_top_scorer:competitionId:285023:assists:rank_asc:page:6
441146,285023_43963,Goncalo Inacio,Portugal,DF,0,0,0,264,top_scorer,urn:gd:story:classification:gcp_top_scorer:competitionId:285023:assists:rank_asc:page:6,urn:gd:story:classification:gcp_top_scorer:competitionId:285023:assists:rank_asc:page:6
523173,285023_43860,Augustine Boakye,Ghana,MF,0,0,0,264,top_scorer,urn:gd:story:classification:gcp_top_scorer:competitionId:285023:assists:rank_asc:page:6,urn:gd:story:classification:gcp_top_scorer:competitionId:285023:assists:rank_asc:page:6
466370,285023_1895293,Tyrick Bodak,Curaçao,GK,0,0,0,264,top_scorer,urn:gd:story:classification:gcp_top_scorer:competitionId:285023:assists:rank_asc:page:6,urn:gd:story:classification:gcp_top_scorer:competitionId:285023:assists:rank_asc:page:6
464546,285023_43921,Chris Brady,USA,GK,0,0,0,264,top_scorer,urn:gd:story:classification:gcp_top_scorer:competitionId:285023:assists:rank_asc:page:6,urn:gd:story:classification:gcp_top_scorer:competitionId:285023:assists:rank_asc:page:6
407114,285023_43850,Marcio Rosa,Cabo Verde,GK,0,0,0,264,top_scorer,urn:gd:story:classification:gcp_top_scorer:competitionId:285023:assists:rank_asc:page:6,urn:gd:story:classification:gcp_top_scorer:competitionId:285023:assists:rank_asc:page:6
402904,285023_43930,Santiago Bueno,Uruguay,DF,0,0,0,264,top_scorer,urn:gd:story:classification:gcp_top_scorer:competitionId:285023:assists:rank_asc:page:6,urn:gd:story:classification:gcp_top_scorer:competitionId:285023:assists:rank_asc:page:6
372424,285023_43938,Duje Caleta Car,Croatia,DF,0,0,0,264,top_scorer,urn:gd:story:classification:gcp_top_scorer:competitionId:285023:assists:rank_asc:page:6,urn:gd:story:classification:gcp_top_scorer:competitionId:285023:assists:rank_asc:page:6
425580,285023_43926,Jorge Carrascal,Colombia,MF,0,0,0,264,top_scorer,urn:gd:story:classification:gcp_top_scorer:competitionId:285023:assists:rank_asc:page:7,urn:gd:story:classification:gcp_top_scorer:competitionId:285023:assists:rank_asc:page:7
385833,285023_43914,Adalberto Carrasquilla,Panama,MF,0,0,0,264,top_scorer,urn:gd:story:classification:gcp_top_scorer:competitionId:285023:assists:rank_asc:page:7,urn:gd:story:classification:gcp_top_scorer:competitionId:285023:assists:rank_asc:page:7
463476,285023_43927,Denil Castillo,Ecuador,MF,0,0,0,264,top_scorer,urn:gd:story:classification:gcp_top_scorer:competitionId:285023:assists:rank_asc:page:7,urn:gd:story:classification:gcp_top_scorer:competitionId:285023:assists:rank_asc:page:7
494246,285023_43883,Sipho Chaine,South Africa,GK,0,0,0,264,top_scorer,urn:gd:story:classification:gcp_top_scorer:competitionId:285023:assists:rank_asc:page:7,urn:gd:story:classification:gcp_top_scorer:competitionId:285023:assists:rank_asc:page:7
439691,285023_43942,Trevoh Chalobah,England,DF,0,0,0,264,top_scorer,urn:gd:story:classification:gcp_top_scorer:competitionId:285023:assists:rank_asc:page:7,urn:gd:story:classification:gcp_top_scorer:competitionId:285023:assists:rank_asc:page:7
406595,285023_43817,Roozbeh Cheshmi,IR Iran,MF,0,0,0,264,top_scorer,urn:gd:story:classification:gcp_top_scorer:competitionId:285023:assists:rank_asc:page:7,urn:gd:story:classification:gcp_top_scorer:competitionId:285023:assists:rank_asc:page:7
520246,285023_43888,Raed Chikhaoui,Tunisia,DF,0,0,0,264,top_scorer,urn:gd:story:classification:gcp_top_scorer:competitionId:285023:assists:rank_asc:page:7,urn:gd:story:classification:gcp_top_scorer:competitionId:285023:assists:rank_asc:page:7
522282,285023_43822,Cho Wije,Korea Republic,DF,0,0,0,264,top_scorer,urn:gd:story:classification:gcp_top_scorer:competitionId:285023:assists:rank_asc:page:7,urn:gd:story:classification:gcp_top_scorer:competitionId:285023:assists:rank_asc:page:7
448136,285023_43971,Eray Coemert,Switzerland,DF,0,0,0,264,top_scorer,urn:gd:story:classification:gcp_top_scorer:competitionId:285023:assists:rank_asc:page:7,urn:gd:story:classification:gcp_top_scorer:competitionId:285023:assists:rank_asc:page:7
477831,285023_43850,Logan Costa,Cabo Verde,DF,0,0,0,264,top_scorer,urn:gd:story:classification:gcp_top_scorer:competitionId:285023:assists:rank_asc:page:7,urn:gd:story:classification:gcp_top_scorer:competitionId:285023:assists:rank_asc:page:7
419225,285023_43883,Bradley Cross,South Africa,DF,0,0,0,264,top_scorer,urn:gd:story:classification:gcp_top_scorer:competitionId:285023:assists:rank_asc:page:7,urn:gd:story:classification:gcp_top_scorer:competitionId:285023:assists:rank_asc:page:7
448092,285023_43963,Rui Silva,Portugal,GK,0,0,0,264,top_scorer,urn:gd:story:classification:gcp_top_scorer:competitionId:285023:assists:rank_asc:page:7,urn:gd:story:classification:gcp_top_scorer:competitionId:285023:assists:rank_asc:page:7
519837,285023_43817,Dennis Dargahi,IR Iran,FW,0,0,0,264,top_scorer,urn:gd:story:classification:gcp_top_scorer:competitionId:285023:assists:rank_asc:page:7,urn:gd:story:classification:gcp_top_scorer:competitionId:285023:assists:rank_asc:page:7
368652,285023_43930,Giorgian De Arrascaeta,Uruguay,MF,0,0,0,264,top_scorer,urn:gd:story:classification:gcp_top_scorer:competitionId:285023:assists:rank_asc:page:7,urn:gd:story:classification:gcp_top_scorer:competitionId:285023:assists:rank_asc:page:7
448366,285023_43935,Koni De Winter,Belgium,DF,0,0,0,264,top_scorer,urn:gd:story:classification:gcp_top_scorer:competitionId:285023:assists:rank_asc:page:7,urn:gd:story:classification:gcp_top_scorer:competitionId:285023:assists:rank_asc:page:7
448369,285023_43935,Zeno Debast,Belgium,DF,0,0,0,264,top_scorer,urn:gd:story:classification:gcp_top_scorer:competitionId:285023:assists:rank_asc:page:7,urn:gd:story:classification:gcp_top_scorer:competitionId:285023:assists:rank_asc:page:7
331149,285023_43976,Milos Degenek,Australia,DF,0,0,0,264,top_scorer,urn:gd:story:classification:gcp_top_scorer:competitionId:285023:assists:rank_asc:page:7,urn:gd:story:classification:gcp_top_scorer:competitionId:285023:assists:rank_asc:page:7
430437,285023_43976,Cameron Devlin,Australia,MF,0,0,0,264,top_scorer,urn:gd:story:classification:gcp_top_scorer:competitionId:285023:assists:rank_asc:page:7,urn:gd:story:classification:gcp_top_scorer:competitionId:285023:assists:rank_asc:page:7
494277,285023_43879,Yehvann Diouf,Senegal,GK,0,0,0,264,top_scorer,urn:gd:story:classification:gcp_top_scorer:competitionId:285023:assists:rank_asc:page:7,urn:gd:story:classification:gcp_top_scorer:competitionId:285023:assists:rank_asc:page:7
476345,285023_43926,Willer Ditta,Colombia,DF,0,0,0,264,top_scorer,urn:gd:story:classification:gcp_top_scorer:competitionId:285023:assists:rank_asc:page:7,urn:gd:story:classification:gcp_top_scorer:competitionId:285023:assists:rank_asc:page:7
466382,285023_1895293,Trevor Doornbusch,Curaçao,GK,0,0,0,264,top_scorer,urn:gd:story:classification:gcp_top_scorer:competitionId:285023:assists:rank_asc:page:7,urn:gd:story:classification:gcp_top_scorer:competitionId:285023:assists:rank_asc:page:7
297266,285023_43850,Stopira,Cabo Verde,DF,0,0,0,264,top_scorer,urn:gd:story:classification:gcp_top_scorer:competitionId:285023:assists:rank_asc:page:7,urn:gd:story:classification:gcp_top_scorer:competitionId:285023:assists:rank_asc:page:7
466853,285023_43908,Josue Duverger,Haiti,GK,0,0,0,264,top_scorer,urn:gd:story:classification:gcp_top_scorer:competitionId:285023:assists:rank_asc:page:7,urn:gd:story:classification:gcp_top_scorer:competitionId:285023:assists:rank_asc:page:7
483319,285023_43970,Hjalmar Ekdal,Sweden,DF,0,0,0,264,top_scorer,urn:gd:story:classification:gcp_top_scorer:competitionId:285023:assists:rank_asc:page:7,urn:gd:story:classification:gcp_top_scorer:competitionId:285023:assists:rank_asc:page:7
485756,285023_43872,Zakaria El Ouahdi,Morocco,DF,0,0,0,264,top_scorer,urn:gd:story:classification:gcp_top_scorer:competitionId:285023:assists:rank_asc:page:7,urn:gd:story:classification:gcp_top_scorer:competitionId:285023:assists:rank_asc:page:7
506124,285023_43855,Tarek Alaa,Egypt,DF,0,0,0,264,top_scorer,urn:gd:story:classification:gcp_top_scorer:competitionId:285023:assists:rank_asc:page:7,urn:gd:story:classification:gcp_top_scorer:competitionId:285023:assists:rank_asc:page:7
520247,285023_43888,Rayan Elloumi,Tunisia,FW,0,0,0,264,top_scorer,urn:gd:story:classification:gcp_top_scorer:competitionId:285023:assists:rank_asc:page:7,urn:gd:story:classification:gcp_top_scorer:competitionId:285023:assists:rank_asc:page:7
514171,285023_20014,Matthieu Epolo,Congo DR,GK,0,0,0,264,top_scorer,urn:gd:story:classification:gcp_top_scorer:competitionId:285023:assists:rank_asc:page:7,urn:gd:story:classification:gcp_top_scorer:competitionId:285023:assists:rank_asc:page:7
385472,285023_44005,Botirali Ergashev,Uzbekistan,GK,0,0,0,264,top_scorer,urn:gd:story:classification:gcp_top_scorer:competitionId:285023:assists:rank_asc:page:7,urn:gd:story:classification:gcp_top_scorer:competitionId:285023:assists:rank_asc:page:7
389740,285023_43938,Martin Erlic,Croatia,DF,0,0,0,264,top_scorer,urn:gd:story:classification:gcp_top_scorer:competitionId:285023:assists:rank_asc:page:7,urn:gd:story:classification:gcp_top_scorer:competitionId:285023:assists:rank_asc:page:7
479084,285023_44005,Umar Eshmurodov,Uzbekistan,DF,0,0,0,264,top_scorer,urn:gd:story:classification:gcp_top_scorer:competitionId:285023:assists:rank_asc:page:7,urn:gd:story:classification:gcp_top_scorer:competitionId:285023:assists:rank_asc:page:7
480313,285023_43914,Edgardo Farina,Panama,DF,0,0,0,264,top_scorer,urn:gd:story:classification:gcp_top_scorer:competitionId:285023:assists:rank_asc:page:7,urn:gd:story:classification:gcp_top_scorer:competitionId:285023:assists:rank_asc:page:7
486196,285023_20014,Timothy Fayulu,Congo DR,GK,0,0,0,264,top_scorer,urn:gd:story:classification:gcp_top_scorer:competitionId:285023:assists:rank_asc:page:7,urn:gd:story:classification:gcp_top_scorer:competitionId:285023:assists:rank_asc:page:7
466365,285023_1895293,Kevin Felida,Curaçao,MF,0,0,0,264,top_scorer,urn:gd:story:classification:gcp_top_scorer:competitionId:285023:assists:rank_asc:page:7,urn:gd:story:classification:gcp_top_scorer:competitionId:285023:assists:rank_asc:page:7
318647,285023_43928,Gatito Fernandez,Paraguay,GK,0,0,0,264,top_scorer,urn:gd:story:classification:gcp_top_scorer:competitionId:285023:assists:rank_asc:page:7,urn:gd:story:classification:gcp_top_scorer:competitionId:285023:assists:rank_asc:page:7
448151,285023_43960,Mark Flekken,Netherlands,GK,0,0,0,264,top_scorer,urn:gd:story:classification:gcp_top_scorer:competitionId:285023:assists:rank_asc:page:7,urn:gd:story:classification:gcp_top_scorer:competitionId:285023:assists:rank_asc:page:7
523007,285023_43967,Tyler Fletcher,Scotland,MF,0,0,0,264,top_scorer,urn:gd:story:classification:gcp_top_scorer:competitionId:285023:assists:rank_asc:page:7,urn:gd:story:classification:gcp_top_scorer:competitionId:285023:assists:rank_asc:page:7
485065,285023_43938,Toni Fruk,Croatia,MF,0,0,0,264,top_scorer,urn:gd:story:classification:gcp_top_scorer:competitionId:285023:assists:rank_asc:page:7,urn:gd:story:classification:gcp_top_scorer:competitionId:285023:assists:rank_asc:page:7
384751,285023_43963,Goncalo Guedes,Portugal,FW,0,0,0,264,top_scorer,urn:gd:story:classification:gcp_top_scorer:competitionId:285023:assists:rank_asc:page:7,urn:gd:story:classification:gcp_top_scorer:competitionId:285023:assists:rank_asc:page:7
405562,285023_43969,Eric Garcia,Spain,DF,0,0,0,264,top_scorer,urn:gd:story:classification:gcp_top_scorer:competitionId:285023:assists:rank_asc:page:7,urn:gd:story:classification:gcp_top_scorer:competitionId:285023:assists:rank_asc:page:7
484691,285023_43969,Joan Garcia,Spain,GK,0,0,0,264,top_scorer,urn:gd:story:classification:gcp_top_scorer:competitionId:285023:assists:rank_asc:page:7,urn:gd:story:classification:gcp_top_scorer:competitionId:285023:assists:rank_asc:page:7
483553,285023_43960,Lutsharel Geertruida,Netherlands,DF,0,0,0,264,top_scorer,urn:gd:story:classification:gcp_top_scorer:competitionId:285023:assists:rank_asc:page:7,urn:gd:story:classification:gcp_top_scorer:competitionId:285023:assists:rank_asc:page:7
368655,285023_43930,Jose Maria Gimenez,Uruguay,DF,0,0,0,264,top_scorer,urn:gd:story:classification:gcp_top_scorer:competitionId:285023:assists:rank_asc:page:7,urn:gd:story:classification:gcp_top_scorer:competitionId:285023:assists:rank_asc:page:7
463817,285023_43899,Owen Goodman,Canada,GK,0,0,0,264,top_scorer,urn:gd:story:classification:gcp_top_scorer:competitionId:285023:assists:rank_asc:page:7,urn:gd:story:classification:gcp_top_scorer:competitionId:285023:assists:rank_asc:page:7
215553,285023_43967,Craig Gordon,Scotland,GK,0,0,0,264,top_scorer,urn:gd:story:classification:gcp_top_scorer:competitionId:285023:assists:rank_asc:page:7,urn:gd:story:classification:gcp_top_scorer:competitionId:285023:assists:rank_asc:page:7
395059,285023_43883,Ricardo Goss,South Africa,GK,0,0,0,264,top_scorer,urn:gd:story:classification:gcp_top_scorer:competitionId:285023:assists:rank_asc:page:7,urn:gd:story:classification:gcp_top_scorer:competitionId:285023:assists:rank_asc:page:7
391297,285023_43969,Alex Grimaldo,Spain,DF,0,0,0,264,top_scorer,urn:gd:story:classification:gcp_top_scorer:competitionId:285023:assists:rank_asc:page:7,urn:gd:story:classification:gcp_top_scorer:competitionId:285023:assists:rank_asc:page:7
430834,285023_43854,Parfait Guiagon,Côte d'Ivoire,MF,0,0,0,264,top_scorer,urn:gd:story:classification:gcp_top_scorer:competitionId:285023:assists:rank_asc:page:7,urn:gd:story:classification:gcp_top_scorer:competitionId:285023:assists:rank_asc:page:7
360498,285023_43972,Mert Gunok,Türkiye,GK,0,0,0,264,top_scorer,urn:gd:story:classification:gcp_top_scorer:competitionId:285023:assists:rank_asc:page:7,urn:gd:story:classification:gcp_top_scorer:competitionId:285023:assists:rank_asc:page:7
384850,285023_43820,Rajaei Ayed,Jordan,MF,0,0,0,264,top_scorer,urn:gd:story:classification:gcp_top_scorer:competitionId:285023:assists:rank_asc:page:7,urn:gd:story:classification:gcp_top_scorer:competitionId:285023:assists:rank_asc:page:7
419461,285023_43834,Salah Zakaria,Qatar,GK,0,0,0,264,top_scorer,urn:gd:story:classification:gcp_top_scorer:competitionId:285023:assists:rank_asc:page:8,urn:gd:story:classification:gcp_top_scorer:competitionId:285023:assists:rank_asc:page:8
403046,285023_43942,Dean Henderson,England,GK,0,0,0,264,top_scorer,urn:gd:story:classification:gcp_top_scorer:competitionId:285023:assists:rank_asc:page:8,urn:gd:story:classification:gcp_top_scorer:competitionId:285023:assists:rank_asc:page:8
411470,285023_43946,Lucas Hernandez,France,DF,0,0,0,264,top_scorer,urn:gd:story:classification:gcp_top_scorer:competitionId:285023:assists:rank_asc:page:8,urn:gd:story:classification:gcp_top_scorer:competitionId:285023:assists:rank_asc:page:8
495431,285023_43967,George Hirst,Scotland,FW,0,0,0,264,top_scorer,urn:gd:story:classification:gcp_top_scorer:competitionId:285023:assists:rank_asc:page:8,urn:gd:story:classification:gcp_top_scorer:competitionId:285023:assists:rank_asc:page:8
511118,285023_43995,Lukas Hornicek,Czechia,GK,0,0,0,264,top_scorer,urn:gd:story:classification:gcp_top_scorer:competitionId:285023:assists:rank_asc:page:8,urn:gd:story:classification:gcp_top_scorer:competitionId:285023:assists:rank_asc:page:8
314255,285023_43817,Hossein Hosseini,IR Iran,GK,0,0,0,264,top_scorer,urn:gd:story:classification:gcp_top_scorer:competitionId:285023:assists:rank_asc:page:8,urn:gd:story:classification:gcp_top_scorer:competitionId:285023:assists:rank_asc:page:8
484073,285023_43967,Dominic Hyam,Scotland,DF,0,0,0,264,top_scorer,urn:gd:story:classification:gcp_top_scorer:competitionId:285023:assists:rank_asc:page:8,urn:gd:story:classification:gcp_top_scorer:competitionId:285023:assists:rank_asc:page:8
395860,285023_43855,Mahdy Soliman,Egypt,GK,0,0,0,264,top_scorer,urn:gd:story:classification:gcp_top_scorer:competitionId:285023:assists:rank_asc:page:8,urn:gd:story:classification:gcp_top_scorer:competitionId:285023:assists:rank_asc:page:8
494429,285023_43817,Danial Iri,IR Iran,DF,0,0,0,264,top_scorer,urn:gd:story:classification:gcp_top_scorer:competitionId:285023:assists:rank_asc:page:8,urn:gd:story:classification:gcp_top_scorer:competitionId:285023:assists:rank_asc:page:8
331135,285023_43976,Paul Izzo,Australia,GK,0,0,0,264,top_scorer,urn:gd:story:classification:gcp_top_scorer:competitionId:285023:assists:rank_asc:page:8,urn:gd:story:classification:gcp_top_scorer:competitionId:285023:assists:rank_asc:page:8
448164,285023_43938,Kristijan Jakic,Croatia,DF,0,0,0,264,top_scorer,urn:gd:story:classification:gcp_top_scorer:competitionId:285023:assists:rank_asc:page:8,urn:gd:story:classification:gcp_top_scorer:competitionId:285023:assists:rank_asc:page:8
486639,285023_43834,Tahsin Mohammed,Qatar,FW,0,0,0,264,top_scorer,urn:gd:story:classification:gcp_top_scorer:competitionId:285023:assists:rank_asc:page:8,urn:gd:story:classification:gcp_top_scorer:competitionId:285023:assists:rank_asc:page:8
397753,285023_43822,Jo Hyeonwoo,Korea Republic,GK,0,0,0,264,top_scorer,urn:gd:story:classification:gcp_top_scorer:competitionId:285023:assists:rank_asc:page:8,urn:gd:story:classification:gcp_top_scorer:competitionId:285023:assists:rank_asc:page:8
483264,285023_43970,Viktor Johansson,Sweden,GK,0,0,0,264,top_scorer,urn:gd:story:classification:gcp_top_scorer:competitionId:285023:assists:rank_asc:page:8,urn:gd:story:classification:gcp_top_scorer:competitionId:285023:assists:rank_asc:page:8
514639,285023_43970,Herman Johansson,Sweden,DF,0,0,0,264,top_scorer,urn:gd:story:classification:gcp_top_scorer:competitionId:285023:assists:rank_asc:page:8,urn:gd:story:classification:gcp_top_scorer:competitionId:285023:assists:rank_asc:page:8
514070,285023_43899,Alfie Jones,Canada,DF,0,0,0,264,top_scorer,urn:gd:story:classification:gcp_top_scorer:competitionId:285023:assists:rank_asc:page:8,urn:gd:story:classification:gcp_top_scorer:competitionId:285023:assists:rank_asc:page:8
483990,285023_43995,David Jurasek,Czechia,DF,0,0,0,264,top_scorer,urn:gd:story:classification:gcp_top_scorer:competitionId:285023:assists:rank_asc:page:8,urn:gd:story:classification:gcp_top_scorer:competitionId:285023:assists:rank_asc:page:8
522842,285023_44037,Mladen Jurkas,Bosnia and Herzegovina,GK,0,0,0,264,top_scorer,urn:gd:story:classification:gcp_top_scorer:competitionId:285023:assists:rank_asc:page:8,urn:gd:story:classification:gcp_top_scorer:competitionId:285023:assists:rank_asc:page:8
504200,285023_43883,Samukele Kabini,South Africa,DF,0,0,0,264,top_scorer,urn:gd:story:classification:gcp_top_scorer:competitionId:285023:assists:rank_asc:page:8,urn:gd:story:classification:gcp_top_scorer:competitionId:285023:assists:rank_asc:page:8
336439,285023_20014,Gael Kakuta,Congo DR,FW,0,0,0,264,top_scorer,urn:gd:story:classification:gcp_top_scorer:competitionId:285023:assists:rank_asc:page:8,urn:gd:story:classification:gcp_top_scorer:competitionId:285023:assists:rank_asc:page:8
398681,285023_43946,Ngolo Kante,France,MF,0,0,0,264,top_scorer,urn:gd:story:classification:gcp_top_scorer:competitionId:285023:assists:rank_asc:page:8,urn:gd:story:classification:gcp_top_scorer:competitionId:285023:assists:rank_asc:page:8
484862,285023_43971,Marvin Keller,Switzerland,GK,0,0,0,264,top_scorer,urn:gd:story:classification:gcp_top_scorer:competitionId:285023:assists:rank_asc:page:8,urn:gd:story:classification:gcp_top_scorer:competitionId:285023:assists:rank_asc:page:8
442429,285023_43967,Liam Kelly,Scotland,GK,0,0,0,264,top_scorer,urn:gd:story:classification:gcp_top_scorer:competitionId:285023:assists:rank_asc:page:8,urn:gd:story:classification:gcp_top_scorer:competitionId:285023:assists:rank_asc:page:8
418485,285023_43822,Kim Taehyeon,Korea Republic,DF,0,0,0,264,top_scorer,urn:gd:story:classification:gcp_top_scorer:competitionId:285023:assists:rank_asc:page:8,urn:gd:story:classification:gcp_top_scorer:competitionId:285023:assists:rank_asc:page:8
486259,285023_43854,Mohamed Kone,Côte d'Ivoire,GK,0,0,0,264,top_scorer,urn:gd:story:classification:gcp_top_scorer:competitionId:285023:assists:rank_asc:page:8,urn:gd:story:classification:gcp_top_scorer:competitionId:285023:assists:rank_asc:page:8
448179,285023_43938,Dominik Kotarski,Croatia,GK,0,0,0,264,top_scorer,urn:gd:story:classification:gcp_top_scorer:competitionId:285023:assists:rank_asc:page:8,urn:gd:story:classification:gcp_top_scorer:competitionId:285023:assists:rank_asc:page:8
441171,285023_43995,Jan Kuchta,Czechia,FW,0,0,0,264,top_scorer,urn:gd:story:classification:gcp_top_scorer:competitionId:285023:assists:rank_asc:page:8,urn:gd:story:classification:gcp_top_scorer:competitionId:285023:assists:rank_asc:page:8
466844,285023_43908,Markhus Lacroix,Haiti,DF,0,0,0,264,top_scorer,urn:gd:story:classification:gcp_top_scorer:competitionId:285023:assists:rank_asc:page:8,urn:gd:story:classification:gcp_top_scorer:competitionId:285023:assists:rank_asc:page:8
495348,285023_43935,Senne Lammens,Belgium,GK,0,0,0,264,top_scorer,urn:gd:story:classification:gcp_top_scorer:competitionId:285023:assists:rank_asc:page:8,urn:gd:story:classification:gcp_top_scorer:competitionId:285023:assists:rank_asc:page:8
429600,285023_43822,Lee Donggyeong,Korea Republic,MF,0,0,0,264,top_scorer,urn:gd:story:classification:gcp_top_scorer:competitionId:285023:assists:rank_asc:page:8,urn:gd:story:classification:gcp_top_scorer:competitionId:285023:assists:rank_asc:page:8
441068,285023_43934,Dejan Ljubicic,Austria,MF,0,0,0,264,top_scorer,urn:gd:story:classification:gcp_top_scorer:competitionId:285023:assists:rank_asc:page:8,urn:gd:story:classification:gcp_top_scorer:competitionId:285023:assists:rank_asc:page:8
401924,285023_43835,Hassan Kadish,Saudi Arabia,DF,0,0,0,264,top_scorer,urn:gd:story:classification:gcp_top_scorer:competitionId:285023:assists:rank_asc:page:8,urn:gd:story:classification:gcp_top_scorer:competitionId:285023:assists:rank_asc:page:8
482621,285023_43942,Kobbie Mainoo,England,MF,0,0,0,264,top_scorer,urn:gd:story:classification:gcp_top_scorer:competitionId:285023:assists:rank_asc:page:8,urn:gd:story:classification:gcp_top_scorer:competitionId:285023:assists:rank_asc:page:8
419326,285023_43835,Ali Majrashi,Saudi Arabia,DF,0,0,0,264,top_scorer,urn:gd:story:classification:gcp_top_scorer:competitionId:285023:assists:rank_asc:page:8,urn:gd:story:classification:gcp_top_scorer:competitionId:285023:assists:rank_asc:page:8
502245,285023_43883,Olwethu Makhanya,South Africa,DF,0,0,0,264,top_scorer,urn:gd:story:classification:gcp_top_scorer:competitionId:285023:assists:rank_asc:page:8,urn:gd:story:classification:gcp_top_scorer:competitionId:285023:assists:rank_asc:page:8
368689,285023_43963,Jose Sa,Portugal,GK,0,0,0,264,top_scorer,urn:gd:story:classification:gcp_top_scorer:competitionId:285023:assists:rank_asc:page:8,urn:gd:story:classification:gcp_top_scorer:competitionId:285023:assists:rank_asc:page:8
485324,285023_1895293,Arjany Martha,Curaçao,MF,0,0,0,264,top_scorer,urn:gd:story:classification:gcp_top_scorer:competitionId:285023:assists:rank_asc:page:8,urn:gd:story:classification:gcp_top_scorer:competitionId:285023:assists:rank_asc:page:8
473062,285023_43930,Emiliano Martinez,Uruguay,MF,0,0,0,264,top_scorer,urn:gd:story:classification:gcp_top_scorer:competitionId:285023:assists:rank_asc:page:8,urn:gd:story:classification:gcp_top_scorer:competitionId:285023:assists:rank_asc:page:8
520070,285023_43843,Melvin Mastil,Algeria,GK,0,0,0,264,top_scorer,urn:gd:story:classification:gcp_top_scorer:competitionId:285023:assists:rank_asc:page:8,urn:gd:story:classification:gcp_top_scorer:competitionId:285023:assists:rank_asc:page:8
510850,285023_43883,Thabang Matuludi,South Africa,DF,0,0,0,264,top_scorer,urn:gd:story:classification:gcp_top_scorer:competitionId:285023:assists:rank_asc:page:8,urn:gd:story:classification:gcp_top_scorer:competitionId:285023:assists:rank_asc:page:8
267702,285023_43914,Luis Mejia,Panama,GK,0,0,0,264,top_scorer,urn:gd:story:classification:gcp_top_scorer:competitionId:285023:assists:rank_asc:page:8,urn:gd:story:classification:gcp_top_scorer:competitionId:285023:assists:rank_asc:page:8
402897,285023_43930,Santiago Mele,Uruguay,GK,0,0,0,264,top_scorer,urn:gd:story:classification:gcp_top_scorer:competitionId:285023:assists:rank_asc:page:8,urn:gd:story:classification:gcp_top_scorer:competitionId:285023:assists:rank_asc:page:8
494279,285023_43879,Antoine Mendy,Senegal,DF,0,0,0,264,top_scorer,urn:gd:story:classification:gcp_top_scorer:competitionId:285023:assists:rank_asc:page:8,urn:gd:story:classification:gcp_top_scorer:competitionId:285023:assists:rank_asc:page:8
466862,285023_43908,Garven Metusala,Haiti,DF,0,0,0,264,top_scorer,urn:gd:story:classification:gcp_top_scorer:competitionId:285023:assists:rank_asc:page:8,urn:gd:story:classification:gcp_top_scorer:competitionId:285023:assists:rank_asc:page:8
344582,285023_43914,Roderick Miller,Panama,DF,0,0,0,264,top_scorer,urn:gd:story:classification:gcp_top_scorer:competitionId:285023:assists:rank_asc:page:8,urn:gd:story:classification:gcp_top_scorer:competitionId:285023:assists:rank_asc:page:8
395552,285023_43926,Yerry Mina,Colombia,DF,0,0,0,264,top_scorer,urn:gd:story:classification:gcp_top_scorer:competitionId:285023:assists:rank_asc:page:8,urn:gd:story:classification:gcp_top_scorer:competitionId:285023:assists:rank_asc:page:8
385998,285023_43926,Alvaro Montero,Colombia,GK,0,0,0,264,top_scorer,urn:gd:story:classification:gcp_top_scorer:competitionId:285023:assists:rank_asc:page:8,urn:gd:story:classification:gcp_top_scorer:competitionId:285023:assists:rank_asc:page:8
389753,285023_43938,Nikola Moro,Croatia,MF,0,0,0,264,top_scorer,urn:gd:story:classification:gcp_top_scorer:competitionId:285023:assists:rank_asc:page:8,urn:gd:story:classification:gcp_top_scorer:competitionId:285023:assists:rank_asc:page:8
482969,285023_44037,Nihad Mujakic,Bosnia and Herzegovina,DF,0,0,0,264,top_scorer,urn:gd:story:classification:gcp_top_scorer:competitionId:285023:assists:rank_asc:page:8,urn:gd:story:classification:gcp_top_scorer:competitionId:285023:assists:rank_asc:page:8
492859,285023_43969,Victor Munoz,Spain,FW,0,0,0,264,top_scorer,urn:gd:story:classification:gcp_top_scorer:competitionId:285023:assists:rank_asc:page:8,urn:gd:story:classification:gcp_top_scorer:competitionId:285023:assists:rank_asc:page:8
385070,285023_43834,Mohammed Muntari,Qatar,FW,0,0,0,264,top_scorer,urn:gd:story:classification:gcp_top_scorer:competitionId:285023:assists:rank_asc:page:9,urn:gd:story:classification:gcp_top_scorer:competitionId:285023:assists:rank_asc:page:9
504192,285023_43883,Khulumani Ndamane,South Africa,DF,0,0,0,264,top_scorer,urn:gd:story:classification:gcp_top_scorer:competitionId:285023:assists:rank_asc:page:9,urn:gd:story:classification:gcp_top_scorer:competitionId:285023:assists:rank_asc:page:9
486168,285023_43879,Cherif Ndiaye,Senegal,FW,0,0,0,264,top_scorer,urn:gd:story:classification:gcp_top_scorer:competitionId:285023:assists:rank_asc:page:9,urn:gd:story:classification:gcp_top_scorer:competitionId:285023:assists:rank_asc:page:9
419172,285023_43854,Evan Ndicka,Côte d'Ivoire,DF,0,0,0,264,top_scorer,urn:gd:story:classification:gcp_top_scorer:competitionId:285023:assists:rank_asc:page:9,urn:gd:story:classification:gcp_top_scorer:competitionId:285023:assists:rank_asc:page:9
506335,285023_43888,Moutaz Neffati,Tunisia,DF,0,0,0,264,top_scorer,urn:gd:story:classification:gcp_top_scorer:competitionId:285023:assists:rank_asc:page:9,urn:gd:story:classification:gcp_top_scorer:competitionId:285023:assists:rank_asc:page:9
448507,285023_43817,Payam Niazmand,IR Iran,GK,0,0,0,264,top_scorer,urn:gd:story:classification:gcp_top_scorer:competitionId:285023:assists:rank_asc:page:9,urn:gd:story:classification:gcp_top_scorer:competitionId:285023:assists:rank_asc:page:9
429639,285023_43948,Alexander Nuebel,Germany,GK,0,0,0,264,top_scorer,urn:gd:story:classification:gcp_top_scorer:competitionId:285023:assists:rank_asc:page:9,urn:gd:story:classification:gcp_top_scorer:competitionId:285023:assists:rank_asc:page:9
447991,285023_43928,Gaston Olveira,Paraguay,GK,0,0,0,264,top_scorer,urn:gd:story:classification:gcp_top_scorer:competitionId:285023:assists:rank_asc:page:9,urn:gd:story:classification:gcp_top_scorer:competitionId:285023:assists:rank_asc:page:9
403305,285023_43819,Keisuke Osako,Japan,GK,0,0,0,264,top_scorer,urn:gd:story:classification:gcp_top_scorer:competitionId:285023:assists:rank_asc:page:9,urn:gd:story:classification:gcp_top_scorer:competitionId:285023:assists:rank_asc:page:9
228686,285023_43926,David Ospina,Colombia,GK,0,0,0,264,top_scorer,urn:gd:story:classification:gcp_top_scorer:competitionId:285023:assists:rank_asc:page:9,urn:gd:story:classification:gcp_top_scorer:competitionId:285023:assists:rank_asc:page:9
475195,285023_43948,Assan Ouedraogo,Germany,MF,0,0,0,264,top_scorer,urn:gd:story:classification:gcp_top_scorer:competitionId:285023:assists:rank_asc:page:9,urn:gd:story:classification:gcp_top_scorer:competitionId:285023:assists:rank_asc:page:9
514526,285023_43938,Ivor Pandur,Croatia,GK,0,0,0,264,top_scorer,urn:gd:story:classification:gcp_top_scorer:competitionId:285023:assists:rank_asc:page:9,urn:gd:story:classification:gcp_top_scorer:competitionId:285023:assists:rank_asc:page:9
498439,285023_43908,Wilguens Paugain,Haiti,DF,0,0,0,264,top_scorer,urn:gd:story:classification:gcp_top_scorer:competitionId:285023:assists:rank_asc:page:9,urn:gd:story:classification:gcp_top_scorer:competitionId:285023:assists:rank_asc:page:9
423574,285023_43978,Alex Paulsen,New Zealand,GK,0,0,0,264,top_scorer,urn:gd:story:classification:gcp_top_scorer:competitionId:285023:assists:rank_asc:page:9,urn:gd:story:classification:gcp_top_scorer:competitionId:285023:assists:rank_asc:page:9
439956,285023_43930,Facundo Pellistri,Uruguay,FW,0,0,0,264,top_scorer,urn:gd:story:classification:gcp_top_scorer:competitionId:285023:assists:rank_asc:page:9,urn:gd:story:classification:gcp_top_scorer:competitionId:285023:assists:rank_asc:page:9
441065,285023_43934,Patrick Pentz,Austria,GK,0,0,0,264,top_scorer,urn:gd:story:classification:gcp_top_scorer:competitionId:285023:assists:rank_asc:page:9,urn:gd:story:classification:gcp_top_scorer:competitionId:285023:assists:rank_asc:page:9
371956,285023_43924,Leo Pereira,Brazil,DF,0,0,0,264,top_scorer,urn:gd:story:classification:gcp_top_scorer:competitionId:285023:assists:rank_asc:page:9,urn:gd:story:classification:gcp_top_scorer:competitionId:285023:assists:rank_asc:page:9
466835,285023_43908,Alexandre Pierre,Haiti,GK,0,0,0,264,top_scorer,urn:gd:story:classification:gcp_top_scorer:competitionId:285023:assists:rank_asc:page:9,urn:gd:story:classification:gcp_top_scorer:competitionId:285023:assists:rank_asc:page:9
485409,285023_43908,Woodensky Pierre,Haiti,MF,0,0,0,264,top_scorer,urn:gd:story:classification:gcp_top_scorer:competitionId:285023:assists:rank_asc:page:9,urn:gd:story:classification:gcp_top_scorer:competitionId:285023:assists:rank_asc:page:9
419572,285023_43978,Nando Pijnaker,New Zealand,DF,0,0,0,264,top_scorer,urn:gd:story:classification:gcp_top_scorer:competitionId:285023:assists:rank_asc:page:9,urn:gd:story:classification:gcp_top_scorer:competitionId:285023:assists:rank_asc:page:9
439538,285023_43930,Joaquin Piquerez,Uruguay,MF,0,0,0,264,top_scorer,urn:gd:story:classification:gcp_top_scorer:competitionId:285023:assists:rank_asc:page:9,urn:gd:story:classification:gcp_top_scorer:competitionId:285023:assists:rank_asc:page:9
489849,285023_43926,Juan Portilla,Colombia,MF,0,0,0,264,top_scorer,urn:gd:story:classification:gcp_top_scorer:competitionId:285023:assists:rank_asc:page:9,urn:gd:story:classification:gcp_top_scorer:competitionId:285023:assists:rank_asc:page:9
368744,285023_43818,Fahad Talib,Iraq,GK,0,0,0,264,top_scorer,urn:gd:story:classification:gcp_top_scorer:competitionId:285023:assists:rank_asc:page:9,urn:gd:story:classification:gcp_top_scorer:competitionId:285023:assists:rank_asc:page:9
419002,285023_43927,Moises Ramirez,Ecuador,GK,0,0,0,264,top_scorer,urn:gd:story:classification:gcp_top_scorer:competitionId:285023:assists:rank_asc:page:9,urn:gd:story:classification:gcp_top_scorer:competitionId:285023:assists:rank_asc:page:9
447853,285023_43969,David Raya,Spain,GK,0,0,0,264,top_scorer,urn:gd:story:classification:gcp_top_scorer:competitionId:285023:assists:rank_asc:page:9,urn:gd:story:classification:gcp_top_scorer:competitionId:285023:assists:rank_asc:page:9
475921,285023_43817,Amirmohammad Razaghinia,IR Iran,MF,0,0,0,264,top_scorer,urn:gd:story:classification:gcp_top_scorer:competitionId:285023:assists:rank_asc:page:9,urn:gd:story:classification:gcp_top_scorer:competitionId:285023:assists:rank_asc:page:9
506028,285023_43960,Robin Roefs,Netherlands,GK,0,0,0,264,top_scorer,urn:gd:story:classification:gcp_top_scorer:competitionId:285023:assists:rank_asc:page:9,urn:gd:story:classification:gcp_top_scorer:competitionId:285023:assists:rank_asc:page:9
390205,285023_43978,Logan Rogerson,New Zealand,FW,0,0,0,264,top_scorer,urn:gd:story:classification:gcp_top_scorer:competitionId:285023:assists:rank_asc:page:9,urn:gd:story:classification:gcp_top_scorer:competitionId:285023:assists:rank_asc:page:9
385994,285023_43921,Cristian Roldan,USA,MF,0,0,0,264,top_scorer,urn:gd:story:classification:gcp_top_scorer:competitionId:285023:assists:rank_asc:page:9,urn:gd:story:classification:gcp_top_scorer:competitionId:285023:assists:rank_asc:page:9
371142,285023_43978,Alex Rufer,New Zealand,MF,0,0,0,264,top_scorer,urn:gd:story:classification:gcp_top_scorer:competitionId:285023:assists:rank_asc:page:9,urn:gd:story:classification:gcp_top_scorer:competitionId:285023:assists:rank_asc:page:9
394824,285023_43922,Geronimo Rulli,Argentina,GK,0,0,0,264,top_scorer,urn:gd:story:classification:gcp_top_scorer:competitionId:285023:assists:rank_asc:page:9,urn:gd:story:classification:gcp_top_scorer:competitionId:285023:assists:rank_asc:page:9
431209,285023_43820,Ibrahim Sadeh,Jordan,MF,0,0,0,264,top_scorer,urn:gd:story:classification:gcp_top_scorer:competitionId:285023:assists:rank_asc:page:9,urn:gd:story:classification:gcp_top_scorer:competitionId:285023:assists:rank_asc:page:9
424556,285023_43908,Carl Sainte,Haiti,MF,0,0,0,264,top_scorer,urn:gd:story:classification:gcp_top_scorer:competitionId:285023:assists:rank_asc:page:9,urn:gd:story:classification:gcp_top_scorer:competitionId:285023:assists:rank_asc:page:9
483471,285023_43946,Brice Samba,France,GK,0,0,0,264,top_scorer,urn:gd:story:classification:gcp_top_scorer:competitionId:285023:assists:rank_asc:page:9,urn:gd:story:classification:gcp_top_scorer:competitionId:285023:assists:rank_asc:page:9
441402,285023_43914,Cesar Samudio,Panama,GK,0,0,0,264,top_scorer,urn:gd:story:classification:gcp_top_scorer:competitionId:285023:assists:rank_asc:page:9,urn:gd:story:classification:gcp_top_scorer:competitionId:285023:assists:rank_asc:page:9
395427,285023_43924,Ederson,Brazil,GK,0,0,0,264,top_scorer,urn:gd:story:classification:gcp_top_scorer:competitionId:285023:assists:rank_asc:page:9,urn:gd:story:classification:gcp_top_scorer:competitionId:285023:assists:rank_asc:page:9
499800,285023_43879,Mamadou Sarr,Senegal,DF,0,0,0,264,top_scorer,urn:gd:story:classification:gcp_top_scorer:competitionId:285023:assists:rank_asc:page:9,urn:gd:story:classification:gcp_top_scorer:competitionId:285023:assists:rank_asc:page:9
375600,285023_43934,Alessandro Schoepf,Austria,MF,0,0,0,264,top_scorer,urn:gd:story:classification:gcp_top_scorer:competitionId:285023:assists:rank_asc:page:9,urn:gd:story:classification:gcp_top_scorer:competitionId:285023:assists:rank_asc:page:9
506088,285023_43935,Joaquin Seys,Belgium,DF,0,0,0,264,top_scorer,urn:gd:story:classification:gcp_top_scorer:competitionId:285023:assists:rank_asc:page:9,urn:gd:story:classification:gcp_top_scorer:competitionId:285023:assists:rank_asc:page:9
431889,285023_43924,Bremer,Brazil,DF,0,0,0,264,top_scorer,urn:gd:story:classification:gcp_top_scorer:competitionId:285023:assists:rank_asc:page:9,urn:gd:story:classification:gcp_top_scorer:competitionId:285023:assists:rank_asc:page:9
493061,285023_43970,Eric Smith,Sweden,DF,0,0,0,264,top_scorer,urn:gd:story:classification:gcp_top_scorer:competitionId:285023:assists:rank_asc:page:9,urn:gd:story:classification:gcp_top_scorer:competitionId:285023:assists:rank_asc:page:9
506775,285023_43995,Hugo Sochurek,Czechia,MF,0,0,0,264,top_scorer,urn:gd:story:classification:gcp_top_scorer:competitionId:285023:assists:rank_asc:page:9,urn:gd:story:classification:gcp_top_scorer:competitionId:285023:assists:rank_asc:page:9
402820,285023_43822,Song Bumkeun,Korea Republic,GK,0,0,0,264,top_scorer,urn:gd:story:classification:gcp_top_scorer:competitionId:285023:assists:rank_asc:page:9,urn:gd:story:classification:gcp_top_scorer:competitionId:285023:assists:rank_asc:page:9
442430,285023_43967,John Souttar,Scotland,DF,0,0,0,264,top_scorer,urn:gd:story:classification:gcp_top_scorer:competitionId:285023:assists:rank_asc:page:9,urn:gd:story:classification:gcp_top_scorer:competitionId:285023:assists:rank_asc:page:9
482780,285023_43850,Kelvin Pires,Cabo Verde,DF,0,0,0,264,top_scorer,urn:gd:story:classification:gcp_top_scorer:competitionId:285023:assists:rank_asc:page:9,urn:gd:story:classification:gcp_top_scorer:competitionId:285023:assists:rank_asc:page:9
441255,285023_43899,Dayne St Clair,Canada,GK,0,0,0,264,top_scorer,urn:gd:story:classification:gcp_top_scorer:competitionId:285023:assists:rank_asc:page:9,urn:gd:story:classification:gcp_top_scorer:competitionId:285023:assists:rank_asc:page:9
441162,285023_43995,Jindrich Stanek,Czechia,GK,0,0,0,264,top_scorer,urn:gd:story:classification:gcp_top_scorer:competitionId:285023:assists:rank_asc:page:9,urn:gd:story:classification:gcp_top_scorer:competitionId:285023:assists:rank_asc:page:9
441336,285023_43860,Abdul Mumin,Ghana,DF,0,0,0,264,top_scorer,urn:gd:story:classification:gcp_top_scorer:competitionId:285023:assists:rank_asc:page:9,urn:gd:story:classification:gcp_top_scorer:competitionId:285023:assists:rank_asc:page:9
491269,285023_43934,Michael Svoboda,Austria,DF,0,0,0,264,top_scorer,urn:gd:story:classification:gcp_top_scorer:competitionId:285023:assists:rank_asc:page:9,urn:gd:story:classification:gcp_top_scorer:competitionId:285023:assists:rank_asc:page:9
371553,285023_43872,Ahmed Reda Tagnaouti,Morocco,GK,0,0,0,264,top_scorer,urn:gd:story:classification:gcp_top_scorer:competitionId:285023:assists:rank_asc:page:9,urn:gd:story:classification:gcp_top_scorer:competitionId:285023:assists:rank_asc:page:9
520068,285023_43820,Mohammad Abughoush,Jordan,MF,0,0,0,264,top_scorer,urn:gd:story:classification:gcp_top_scorer:competitionId:285023:assists:rank_asc:page:10,urn:gd:story:classification:gcp_top_scorer:competitionId:285023:assists:rank_asc:page:10
514479,285023_43961,Sander Tangvik,Norway,GK,0,0,0,264,top_scorer,urn:gd:story:classification:gcp_top_scorer:competitionId:285023:assists:rank_asc:page:10,urn:gd:story:classification:gcp_top_scorer:competitionId:285023:assists:rank_asc:page:10
506481,285023_43908,Keeto Thermoncy,Haiti,DF,0,0,0,264,top_scorer,urn:gd:story:classification:gcp_top_scorer:competitionId:285023:assists:rank_asc:page:10,urn:gd:story:classification:gcp_top_scorer:competitionId:285023:assists:rank_asc:page:10
494506,285023_43835,Jehad Thikri,Saudi Arabia,DF,0,0,0,264,top_scorer,urn:gd:story:classification:gcp_top_scorer:competitionId:285023:assists:rank_asc:page:10,urn:gd:story:classification:gcp_top_scorer:competitionId:285023:assists:rank_asc:page:10
433631,285023_43843,Yassine Titraoui,Algeria,MF,0,0,0,264,top_scorer,urn:gd:story:classification:gcp_top_scorer:competitionId:285023:assists:rank_asc:page:10,urn:gd:story:classification:gcp_top_scorer:competitionId:285023:assists:rank_asc:page:10
448198,285023_43942,Ivan Toney,England,FW,0,0,0,264,top_scorer,urn:gd:story:classification:gcp_top_scorer:competitionId:285023:assists:rank_asc:page:10,urn:gd:story:classification:gcp_top_scorer:competitionId:285023:assists:rank_asc:page:10
433600,285023_43843,Mohamed Amine Tougai,Algeria,DF,0,0,0,264,top_scorer,urn:gd:story:classification:gcp_top_scorer:competitionId:285023:assists:rank_asc:page:10,urn:gd:story:classification:gcp_top_scorer:competitionId:285023:assists:rank_asc:page:10
485080,285023_43942,James Trafford,England,GK,0,0,0,264,top_scorer,urn:gd:story:classification:gcp_top_scorer:competitionId:285023:assists:rank_asc:page:10,urn:gd:story:classification:gcp_top_scorer:competitionId:285023:assists:rank_asc:page:10
518264,285023_44005,Avazbek Ulmasaliyev,Uzbekistan,DF,0,0,0,264,top_scorer,urn:gd:story:classification:gcp_top_scorer:competitionId:285023:assists:rank_asc:page:10,urn:gd:story:classification:gcp_top_scorer:competitionId:285023:assists:rank_asc:page:10
448299,285023_43927,Anthony Valencia,Ecuador,MF,0,0,0,264,top_scorer,urn:gd:story:classification:gcp_top_scorer:competitionId:285023:assists:rank_asc:page:10,urn:gd:story:classification:gcp_top_scorer:competitionId:285023:assists:rank_asc:page:10
448295,285023_43927,Gonzalo Valle,Ecuador,GK,0,0,0,264,top_scorer,urn:gd:story:classification:gcp_top_scorer:competitionId:285023:assists:rank_asc:page:10,urn:gd:story:classification:gcp_top_scorer:competitionId:285023:assists:rank_asc:page:10
419577,285023_43978,Ben Waine,New Zealand,FW,0,0,0,264,top_scorer,urn:gd:story:classification:gcp_top_scorer:competitionId:285023:assists:rank_asc:page:10,urn:gd:story:classification:gcp_top_scorer:competitionId:285023:assists:rank_asc:page:10
448402,285023_43899,Joel Waterman,Canada,DF,0,0,0,264,top_scorer,urn:gd:story:classification:gcp_top_scorer:competitionId:285023:assists:rank_asc:page:10,urn:gd:story:classification:gcp_top_scorer:competitionId:285023:assists:rank_asc:page:10
483481,285023_43960,Mats Wieffer,Netherlands,DF,0,0,0,264,top_scorer,urn:gd:story:classification:gcp_top_scorer:competitionId:285023:assists:rank_asc:page:10,urn:gd:story:classification:gcp_top_scorer:competitionId:285023:assists:rank_asc:page:10
520034,285023_43934,Florian Wiegele,Austria,GK,0,0,0,264,top_scorer,urn:gd:story:classification:gcp_top_scorer:competitionId:285023:assists:rank_asc:page:10,urn:gd:story:classification:gcp_top_scorer:competitionId:285023:assists:rank_asc:page:10
390218,285023_43978,Michael Woud,New Zealand,GK,0,0,0,264,top_scorer,urn:gd:story:classification:gcp_top_scorer:competitionId:285023:assists:rank_asc:page:10,urn:gd:story:classification:gcp_top_scorer:competitionId:285023:assists:rank_asc:page:10
441243,285023_43914,Cesar Yanis,Panama,MF,0,0,0,264,top_scorer,urn:gd:story:classification:gcp_top_scorer:competitionId:285023:assists:rank_asc:page:10,urn:gd:story:classification:gcp_top_scorer:competitionId:285023:assists:rank_asc:page:10
483549,285023_43946,Warren Zaire Emery,France,MF,0,0,0,264,top_scorer,urn:gd:story:classification:gcp_top_scorer:competitionId:285023:assists:rank_asc:page:10,urn:gd:story:classification:gcp_top_scorer:competitionId:285023:assists:rank_asc:page:10
419142,285023_43930,Rodrigo Zalazar,Uruguay,MF,0,0,0,264,top_scorer,urn:gd:story:classification:gcp_top_scorer:competitionId:285023:assists:rank_asc:page:10,urn:gd:story:classification:gcp_top_scorer:competitionId:285023:assists:rank_asc:page:10
491228,285023_44037,Martin Zlomislic,Bosnia and Herzegovina,GK,0,0,0,264,top_scorer,urn:gd:story:classification:gcp_top_scorer:competitionId:285023:assists:rank_asc:page:10,urn:gd:story:classification:gcp_top_scorer:competitionId:285023:assists:rank_asc:page:10
430754,285023_43969,Martin Zubimendi,Spain,MF,0,0,0,264,top_scorer,urn:gd:story:classification:gcp_top_scorer:competitionId:285023:assists:rank_asc:page:10,urn:gd:story:classification:gcp_top_scorer:competitionId:285023:assists:rank_asc:page:10
394829,285023_43928,Fabian Balbuena,Paraguay,DF,0,0,0,502,top_scorer,urn:gd:story:classification:gcp_top_scorer:competitionId:285023:assists:rank_asc:page:10,urn:gd:story:classification:gcp_top_scorer:competitionId:285023:assists:rank_asc:page:10
367536,285023_43860,Baba Rahman,Ghana,DF,0,0,1,504,top_scorer,urn:gd:story:classification:gcp_top_scorer:competitionId:285023:assists:rank_asc:page:10,urn:gd:story:classification:gcp_top_scorer:competitionId:285023:assists:rank_asc:page:10
447864,285023_43969,Borja Iglesias,Spain,FW,0,0,1,505,top_scorer,urn:gd:story:classification:gcp_top_scorer:competitionId:285023:assists:rank_asc:page:10,urn:gd:story:classification:gcp_top_scorer:competitionId:285023:assists:rank_asc:page:10
403109,285023_43946,Marcus Thuram,France,FW,0,0,2,506,top_scorer,urn:gd:story:classification:gcp_top_scorer:competitionId:285023:assists:rank_asc:page:10,urn:gd:story:classification:gcp_top_scorer:competitionId:285023:assists:rank_asc:page:10
339117,285023_43976,Mathew Ryan,Australia,GK,0,0,2,507,top_scorer,urn:gd:story:classification:gcp_top_scorer:competitionId:285023:assists:rank_asc:page:10,urn:gd:story:classification:gcp_top_scorer:competitionId:285023:assists:rank_asc:page:10
486390,285023_43921,Max Arfsten,USA,DF,0,0,2,508,top_scorer,urn:gd:story:classification:gcp_top_scorer:competitionId:285023:assists:rank_asc:page:10,urn:gd:story:classification:gcp_top_scorer:competitionId:285023:assists:rank_asc:page:10
520072,285023_43843,Fares Ghedjemis,Algeria,FW,0,0,2,509,top_scorer,urn:gd:story:classification:gcp_top_scorer:competitionId:285023:assists:rank_asc:page:10,urn:gd:story:classification:gcp_top_scorer:competitionId:285023:assists:rank_asc:page:10
464897,285023_44005,Sherzod Esanov,Uzbekistan,MF,0,0,3,510,top_scorer,urn:gd:story:classification:gcp_top_scorer:competitionId:285023:assists:rank_asc:page:10,urn:gd:story:classification:gcp_top_scorer:competitionId:285023:assists:rank_asc:page:10
484728,285023_43969,Marc Pubill,Spain,DF,0,0,3,511,top_scorer,urn:gd:story:classification:gcp_top_scorer:competitionId:285023:assists:rank_asc:page:10,urn:gd:story:classification:gcp_top_scorer:competitionId:285023:assists:rank_asc:page:10
441148,285023_43963,Matheus Nunes,Portugal,MF,0,0,4,513,top_scorer,urn:gd:story:classification:gcp_top_scorer:competitionId:285023:assists:rank_asc:page:10,urn:gd:story:classification:gcp_top_scorer:competitionId:285023:assists:rank_asc:page:10
390276,285023_43921,Haji Wright,USA,FW,0,0,4,514,top_scorer,urn:gd:story:classification:gcp_top_scorer:competitionId:285023:assists:rank_asc:page:10,urn:gd:story:classification:gcp_top_scorer:competitionId:285023:assists:rank_asc:page:10
489691,285023_43970,Gustaf Nilsson,Sweden,FW,0,0,5,515,top_scorer,urn:gd:story:classification:gcp_top_scorer:competitionId:285023:assists:rank_asc:page:10,urn:gd:story:classification:gcp_top_scorer:competitionId:285023:assists:rank_asc:page:10
290821,285023_43935,Axel Witsel,Belgium,MF,0,0,5,516,top_scorer,urn:gd:story:classification:gcp_top_scorer:competitionId:285023:assists:rank_asc:page:10,urn:gd:story:classification:gcp_top_scorer:competitionId:285023:assists:rank_asc:page:10
466346,285023_1895293,Brandley Kuwas,Curaçao,FW,0,0,6,517,top_scorer,urn:gd:story:classification:gcp_top_scorer:competitionId:285023:assists:rank_asc:page:10,urn:gd:story:classification:gcp_top_scorer:competitionId:285023:assists:rank_asc:page:10
485379,285023_1895293,Shurandy Sambo,Curaçao,DF,0,0,6,518,top_scorer,urn:gd:story:classification:gcp_top_scorer:competitionId:285023:assists:rank_asc:page:10,urn:gd:story:classification:gcp_top_scorer:competitionId:285023:assists:rank_asc:page:10
430465,285023_43855,Ibrahim Adel,Egypt,FW,0,0,7,519,top_scorer,urn:gd:story:classification:gcp_top_scorer:competitionId:285023:assists:rank_asc:page:10,urn:gd:story:classification:gcp_top_scorer:competitionId:285023:assists:rank_asc:page:10
472877,285023_43972,Irfan Can Kahveci,Türkiye,FW,0,0,7,520,top_scorer,urn:gd:story:classification:gcp_top_scorer:competitionId:285023:assists:rank_asc:page:10,urn:gd:story:classification:gcp_top_scorer:competitionId:285023:assists:rank_asc:page:10
442433,285023_43967,Ross Stewart,Scotland,FW,0,0,7,521,top_scorer,urn:gd:story:classification:gcp_top_scorer:competitionId:285023:assists:rank_asc:page:10,urn:gd:story:classification:gcp_top_scorer:competitionId:285023:assists:rank_asc:page:10
492189,285023_43926,Andres Gomez,Colombia,FW,0,0,7,522,top_scorer,urn:gd:story:classification:gcp_top_scorer:competitionId:285023:assists:rank_asc:page:10,urn:gd:story:classification:gcp_top_scorer:competitionId:285023:assists:rank_asc:page:10
332897,285023_43930,Rodrigo Aguirre,Uruguay,FW,0,0,8,523,top_scorer,urn:gd:story:classification:gcp_top_scorer:competitionId:285023:assists:rank_asc:page:10,urn:gd:story:classification:gcp_top_scorer:competitionId:285023:assists:rank_asc:page:10
419300,285023_43835,Khalid Alghannam,Saudi Arabia,FW,0,0,8,524,top_scorer,urn:gd:story:classification:gcp_top_scorer:competitionId:285023:assists:rank_asc:page:10,urn:gd:story:classification:gcp_top_scorer:competitionId:285023:assists:rank_asc:page:10
271116,285023_43914,Alberto Quintero,Panama,MF,0,0,8,525,top_scorer,urn:gd:story:classification:gcp_top_scorer:competitionId:285023:assists:rank_asc:page:10,urn:gd:story:classification:gcp_top_scorer:competitionId:285023:assists:rank_asc:page:10
493221,285023_43971,Miro Muheim,Switzerland,DF,0,0,9,526,top_scorer,urn:gd:story:classification:gcp_top_scorer:competitionId:285023:assists:rank_asc:page:10,urn:gd:story:classification:gcp_top_scorer:competitionId:285023:assists:rank_asc:page:10
448120,285023_43971,Ardon Jashari,Switzerland,MF,0,0,9,527,top_scorer,urn:gd:story:classification:gcp_top_scorer:competitionId:285023:assists:rank_asc:page:10,urn:gd:story:classification:gcp_top_scorer:competitionId:285023:assists:rank_asc:page:10
485666,285023_43946,Maghnes Akliouche,France,MF,0,0,10,528,top_scorer,urn:gd:story:classification:gcp_top_scorer:competitionId:285023:assists:rank_asc:page:10,urn:gd:story:classification:gcp_top_scorer:competitionId:285023:assists:rank_asc:page:10
441132,285023_43970,Carl Starfelt,Sweden,DF,0,0,10,529,top_scorer,urn:gd:story:classification:gcp_top_scorer:competitionId:285023:assists:rank_asc:page:10,urn:gd:story:classification:gcp_top_scorer:competitionId:285023:assists:rank_asc:page:10
477853,285023_20014,Gedeon Kalulu,Congo DR,DF,0,0,10,530,top_scorer,urn:gd:story:classification:gcp_top_scorer:competitionId:285023:assists:rank_asc:page:10,urn:gd:story:classification:gcp_top_scorer:competitionId:285023:assists:rank_asc:page:10
402044,285023_43960,Marten De Roon,Netherlands,MF,0,0,11,531,top_scorer,urn:gd:story:classification:gcp_top_scorer:competitionId:285023:assists:rank_asc:page:10,urn:gd:story:classification:gcp_top_scorer:competitionId:285023:assists:rank_asc:page:10
269514,285023_43914,Anibal Godoy,Panama,MF,0,0,11,532,top_scorer,urn:gd:story:classification:gcp_top_scorer:competitionId:285023:assists:rank_asc:page:10,urn:gd:story:classification:gcp_top_scorer:competitionId:285023:assists:rank_asc:page:10
464339,285023_43819,Keisuke Goto,Japan,FW,0,0,11,533,top_scorer,urn:gd:story:classification:gcp_top_scorer:competitionId:285023:assists:rank_asc:page:11,urn:gd:story:classification:gcp_top_scorer:competitionId:285023:assists:rank_asc:page:11
448203,285023_43942,Ollie Watkins,England,FW,0,0,12,534,top_scorer,urn:gd:story:classification:gcp_top_scorer:competitionId:285023:assists:rank_asc:page:11,urn:gd:story:classification:gcp_top_scorer:competitionId:285023:assists:rank_asc:page:11
431208,285023_43820,Mohammad Abuzraiq,Jordan,FW,0,0,12,535,top_scorer,urn:gd:story:classification:gcp_top_scorer:competitionId:285023:assists:rank_asc:page:11,urn:gd:story:classification:gcp_top_scorer:competitionId:285023:assists:rank_asc:page:11
466359,285023_1895293,Godfried Roemeratoe,Curaçao,MF,0,0,12,536,top_scorer,urn:gd:story:classification:gcp_top_scorer:competitionId:285023:assists:rank_asc:page:11,urn:gd:story:classification:gcp_top_scorer:competitionId:285023:assists:rank_asc:page:11
448124,285023_43971,Christian Fassnacht,Switzerland,FW,0,0,12,537,top_scorer,urn:gd:story:classification:gcp_top_scorer:competitionId:285023:assists:rank_asc:page:11,urn:gd:story:classification:gcp_top_scorer:competitionId:285023:assists:rank_asc:page:11
419654,285023_43961,Jens Petter Hauge,Norway,MF,0,0,12,539,top_scorer,urn:gd:story:classification:gcp_top_scorer:competitionId:285023:assists:rank_asc:page:11,urn:gd:story:classification:gcp_top_scorer:competitionId:285023:assists:rank_asc:page:11
430196,285023_44037,Amir Hadziahmetovic,Bosnia and Herzegovina,MF,0,0,12,540,top_scorer,urn:gd:story:classification:gcp_top_scorer:competitionId:285023:assists:rank_asc:page:11,urn:gd:story:classification:gcp_top_scorer:competitionId:285023:assists:rank_asc:page:11
484003,285023_43995,Mojmir Chytil,Czechia,FW,0,0,12,541,top_scorer,urn:gd:story:classification:gcp_top_scorer:competitionId:285023:assists:rank_asc:page:11,urn:gd:story:classification:gcp_top_scorer:competitionId:285023:assists:rank_asc:page:11
423933,285023_43899,Jayden Nelson,Canada,FW,0,0,12,542,top_scorer,urn:gd:story:classification:gcp_top_scorer:competitionId:285023:assists:rank_asc:page:11,urn:gd:story:classification:gcp_top_scorer:competitionId:285023:assists:rank_asc:page:11
406135,285023_43911,Cesar Huerta,Mexico,FW,0,0,12,543,top_scorer,urn:gd:story:classification:gcp_top_scorer:competitionId:285023:assists:rank_asc:page:11,urn:gd:story:classification:gcp_top_scorer:competitionId:285023:assists:rank_asc:page:11
520218,285023_43819,Kento Shiogai,Japan,FW,0,0,12,545,top_scorer,urn:gd:story:classification:gcp_top_scorer:competitionId:285023:assists:rank_asc:page:11,urn:gd:story:classification:gcp_top_scorer:competitionId:285023:assists:rank_asc:page:11
402979,285023_43927,Felix Torres,Ecuador,DF,0,0,12,546,top_scorer,urn:gd:story:classification:gcp_top_scorer:competitionId:285023:assists:rank_asc:page:11,urn:gd:story:classification:gcp_top_scorer:competitionId:285023:assists:rank_asc:page:11
356673,285023_43834,Lucas Mendes,Qatar,DF,0,0,13,547,top_scorer,urn:gd:story:classification:gcp_top_scorer:competitionId:285023:assists:rank_asc:page:11,urn:gd:story:classification:gcp_top_scorer:competitionId:285023:assists:rank_asc:page:11
433526,285023_43820,Mohammad Abuhasheesh,Jordan,DF,0,0,13,548,top_scorer,urn:gd:story:classification:gcp_top_scorer:competitionId:285023:assists:rank_asc:page:11,urn:gd:story:classification:gcp_top_scorer:competitionId:285023:assists:rank_asc:page:11
506038,285023_43883,Kamogelo Sebelebele,South Africa,FW,0,0,13,549,top_scorer,urn:gd:story:classification:gcp_top_scorer:competitionId:285023:assists:rank_asc:page:11,urn:gd:story:classification:gcp_top_scorer:competitionId:285023:assists:rank_asc:page:11
506483,285023_43908,Yassin Fortune,Haiti,FW,0,0,13,550,top_scorer,urn:gd:story:classification:gcp_top_scorer:competitionId:285023:assists:rank_asc:page:11,urn:gd:story:classification:gcp_top_scorer:competitionId:285023:assists:rank_asc:page:11
495054,285023_43922,Jose Manuel Lopez,Argentina,FW,0,0,13,551,top_scorer,urn:gd:story:classification:gcp_top_scorer:competitionId:285023:assists:rank_asc:page:11,urn:gd:story:classification:gcp_top_scorer:competitionId:285023:assists:rank_asc:page:11
466865,285023_43908,Derrick Etienne,Haiti,FW,0,0,14,553,top_scorer,urn:gd:story:classification:gcp_top_scorer:competitionId:285023:assists:rank_asc:page:11,urn:gd:story:classification:gcp_top_scorer:competitionId:285023:assists:rank_asc:page:11
337232,285023_43914,Eric Davis,Panama,DF,0,0,14,554,top_scorer,urn:gd:story:classification:gcp_top_scorer:competitionId:285023:assists:rank_asc:page:11,urn:gd:story:classification:gcp_top_scorer:competitionId:285023:assists:rank_asc:page:11
335658,285023_43924,Alex Sandro,Brazil,DF,0,0,15,555,top_scorer,urn:gd:story:classification:gcp_top_scorer:competitionId:285023:assists:rank_asc:page:11,urn:gd:story:classification:gcp_top_scorer:competitionId:285023:assists:rank_asc:page:11
401167,285023_43972,Caglar Soyuncu,Türkiye,DF,0,0,15,556,top_scorer,urn:gd:story:classification:gcp_top_scorer:competitionId:285023:assists:rank_asc:page:11,urn:gd:story:classification:gcp_top_scorer:competitionId:285023:assists:rank_asc:page:11
45191,285023_43820,Mohammad Aldaoud,Jordan,MF,0,0,15,557,top_scorer,urn:gd:story:classification:gcp_top_scorer:competitionId:285023:assists:rank_asc:page:11,urn:gd:story:classification:gcp_top_scorer:competitionId:285023:assists:rank_asc:page:11
416902,285023_43855,Mohamed Abdelmoneim,Egypt,DF,0,0,15,558,top_scorer,urn:gd:story:classification:gcp_top_scorer:competitionId:285023:assists:rank_asc:page:11,urn:gd:story:classification:gcp_top_scorer:competitionId:285023:assists:rank_asc:page:11
484698,285023_43879,Assane Diao,Senegal,FW,0,0,16,559,top_scorer,urn:gd:story:classification:gcp_top_scorer:competitionId:285023:assists:rank_asc:page:11,urn:gd:story:classification:gcp_top_scorer:competitionId:285023:assists:rank_asc:page:11
418781,285023_43879,Bamba Dieng,Senegal,FW,0,0,16,560,top_scorer,urn:gd:story:classification:gcp_top_scorer:competitionId:285023:assists:rank_asc:page:11,urn:gd:story:classification:gcp_top_scorer:competitionId:285023:assists:rank_asc:page:11
368545,285023_44005,Jamshid Iskanderov,Uzbekistan,MF,0,0,16,561,top_scorer,urn:gd:story:classification:gcp_top_scorer:competitionId:285023:assists:rank_asc:page:11,urn:gd:story:classification:gcp_top_scorer:competitionId:285023:assists:rank_asc:page:11
448153,285023_43960,Noa Lang,Netherlands,FW,0,0,17,562,top_scorer,urn:gd:story:classification:gcp_top_scorer:competitionId:285023:assists:rank_asc:page:11,urn:gd:story:classification:gcp_top_scorer:competitionId:285023:assists:rank_asc:page:11
485503,285023_43819,Yuito Suzuki,Japan,MF,0,0,17,563,top_scorer,urn:gd:story:classification:gcp_top_scorer:competitionId:285023:assists:rank_asc:page:11,urn:gd:story:classification:gcp_top_scorer:competitionId:285023:assists:rank_asc:page:11
370986,285023_43899,Jonathan Osorio,Canada,MF,0,0,17,564,top_scorer,urn:gd:story:classification:gcp_top_scorer:competitionId:285023:assists:rank_asc:page:11,urn:gd:story:classification:gcp_top_scorer:competitionId:285023:assists:rank_asc:page:11
419567,285023_43978,Callan Elliot,New Zealand,DF,0,0,18,565,top_scorer,urn:gd:story:classification:gcp_top_scorer:competitionId:285023:assists:rank_asc:page:11,urn:gd:story:classification:gcp_top_scorer:competitionId:285023:assists:rank_asc:page:11
386458,285023_43928,Alejandro Romero Gamarra,Paraguay,FW,0,0,18,566,top_scorer,urn:gd:story:classification:gcp_top_scorer:competitionId:285023:assists:rank_asc:page:11,urn:gd:story:classification:gcp_top_scorer:competitionId:285023:assists:rank_asc:page:11
215285,285023_43911,Guillermo Ochoa,Mexico,GK,0,0,18,567,top_scorer,urn:gd:story:classification:gcp_top_scorer:competitionId:285023:assists:rank_asc:page:11,urn:gd:story:classification:gcp_top_scorer:competitionId:285023:assists:rank_asc:page:11
403094,285023_43946,Jean Philippe Mateta,France,FW,0,0,18,568,top_scorer,urn:gd:story:classification:gcp_top_scorer:competitionId:285023:assists:rank_asc:page:11,urn:gd:story:classification:gcp_top_scorer:competitionId:285023:assists:rank_asc:page:11
430766,285023_43911,Alexis Vega,Mexico,FW,0,0,18,569,top_scorer,urn:gd:story:classification:gcp_top_scorer:competitionId:285023:assists:rank_asc:page:11,urn:gd:story:classification:gcp_top_scorer:competitionId:285023:assists:rank_asc:page:11
395984,285023_43883,Themba Zwane,South Africa,MF,0,0,19,570,top_scorer,urn:gd:story:classification:gcp_top_scorer:competitionId:285023:assists:rank_asc:page:11,urn:gd:story:classification:gcp_top_scorer:competitionId:285023:assists:rank_asc:page:11
335807,285023_43854,Jean Michael Seri,Côte d'Ivoire,MF,0,0,19,571,top_scorer,urn:gd:story:classification:gcp_top_scorer:competitionId:285023:assists:rank_asc:page:11,urn:gd:story:classification:gcp_top_scorer:competitionId:285023:assists:rank_asc:page:11
433755,285023_43995,David Zima,Czechia,DF,0,0,19,572,top_scorer,urn:gd:story:classification:gcp_top_scorer:competitionId:285023:assists:rank_asc:page:11,urn:gd:story:classification:gcp_top_scorer:competitionId:285023:assists:rank_asc:page:11
491167,285023_43820,Amer Jamous,Jordan,MF,0,0,19,573,top_scorer,urn:gd:story:classification:gcp_top_scorer:competitionId:285023:assists:rank_asc:page:11,urn:gd:story:classification:gcp_top_scorer:competitionId:285023:assists:rank_asc:page:11
463125,285023_43928,Ramon Sosa,Paraguay,MF,0,0,19,574,top_scorer,urn:gd:story:classification:gcp_top_scorer:competitionId:285023:assists:rank_asc:page:11,urn:gd:story:classification:gcp_top_scorer:competitionId:285023:assists:rank_asc:page:11
506473,285023_1895293,Tyrese Noslin,Curaçao,FW,0,0,19,575,top_scorer,urn:gd:story:classification:gcp_top_scorer:competitionId:285023:assists:rank_asc:page:11,urn:gd:story:classification:gcp_top_scorer:competitionId:285023:assists:rank_asc:page:11
419166,285023_43946,Ibrahima Konate,France,DF,0,0,19,576,top_scorer,urn:gd:story:classification:gcp_top_scorer:competitionId:285023:assists:rank_asc:page:11,urn:gd:story:classification:gcp_top_scorer:competitionId:285023:assists:rank_asc:page:11
422968,285023_43818,Mohanad Ali,Iraq,FW,0,0,20,577,top_scorer,urn:gd:story:classification:gcp_top_scorer:competitionId:285023:assists:rank_asc:page:11,urn:gd:story:classification:gcp_top_scorer:competitionId:285023:assists:rank_asc:page:11
466361,285023_1895293,Roshon Van Eijma,Curaçao,DF,0,0,20,578,top_scorer,urn:gd:story:classification:gcp_top_scorer:competitionId:285023:assists:rank_asc:page:11,urn:gd:story:classification:gcp_top_scorer:competitionId:285023:assists:rank_asc:page:11
466352,285023_1895293,Kenji Gorre,Curaçao,FW,0,0,20,579,top_scorer,urn:gd:story:classification:gcp_top_scorer:competitionId:285023:assists:rank_asc:page:11,urn:gd:story:classification:gcp_top_scorer:competitionId:285023:assists:rank_asc:page:11
463495,285023_43927,Kendry Paez,Ecuador,MF,0,0,20,580,top_scorer,urn:gd:story:classification:gcp_top_scorer:competitionId:285023:assists:rank_asc:page:11,urn:gd:story:classification:gcp_top_scorer:competitionId:285023:assists:rank_asc:page:11
448104,285023_43971,Cedric Itten,Switzerland,FW,0,0,21,581,top_scorer,urn:gd:story:classification:gcp_top_scorer:competitionId:285023:assists:rank_asc:page:11,urn:gd:story:classification:gcp_top_scorer:competitionId:285023:assists:rank_asc:page:11
520217,285023_43967,Findlay Curtis,Scotland,FW,0,0,21,582,top_scorer,urn:gd:story:classification:gcp_top_scorer:competitionId:285023:assists:rank_asc:page:11,urn:gd:story:classification:gcp_top_scorer:competitionId:285023:assists:rank_asc:page:11
514336,285023_43911,Armando Gonzalez,Mexico,FW,0,0,21,583,top_scorer,urn:gd:story:classification:gcp_top_scorer:competitionId:285023:assists:rank_asc:page:11,urn:gd:story:classification:gcp_top_scorer:competitionId:285023:assists:rank_asc:page:11
412144,285023_43899,Alphonso Davies,Canada,DF,0,0,22,584,top_scorer,urn:gd:story:classification:gcp_top_scorer:competitionId:285023:assists:rank_asc:page:11,urn:gd:story:classification:gcp_top_scorer:competitionId:285023:assists:rank_asc:page:11
431219,285023_43820,Saed Alrosan,Jordan,DF,0,0,22,585,top_scorer,urn:gd:story:classification:gcp_top_scorer:competitionId:285023:assists:rank_asc:page:11,urn:gd:story:classification:gcp_top_scorer:competitionId:285023:assists:rank_asc:page:11
390278,285023_43921,Alex Zendejas,USA,FW,0,0,22,587,top_scorer,urn:gd:story:classification:gcp_top_scorer:competitionId:285023:assists:rank_asc:page:12,urn:gd:story:classification:gcp_top_scorer:competitionId:285023:assists:rank_asc:page:12
477778,285023_43854,Simon Adingra,Côte d'Ivoire,FW,0,0,22,588,top_scorer,urn:gd:story:classification:gcp_top_scorer:competitionId:285023:assists:rank_asc:page:12,urn:gd:story:classification:gcp_top_scorer:competitionId:285023:assists:rank_asc:page:12
395286,285023_43970,Ken Sema,Sweden,MF,0,0,22,589,top_scorer,urn:gd:story:classification:gcp_top_scorer:competitionId:285023:assists:rank_asc:page:12,urn:gd:story:classification:gcp_top_scorer:competitionId:285023:assists:rank_asc:page:12
448569,285023_43819,Shuto Machino,Japan,FW,0,0,23,590,top_scorer,urn:gd:story:classification:gcp_top_scorer:competitionId:285023:assists:rank_asc:page:12,urn:gd:story:classification:gcp_top_scorer:competitionId:285023:assists:rank_asc:page:12
448160,285023_43938,Luka Sucic,Croatia,MF,0,0,23,591,top_scorer,urn:gd:story:classification:gcp_top_scorer:competitionId:285023:assists:rank_asc:page:12,urn:gd:story:classification:gcp_top_scorer:competitionId:285023:assists:rank_asc:page:12
337389,285023_43967,Anthony Ralston,Scotland,DF,0,0,23,592,top_scorer,urn:gd:story:classification:gcp_top_scorer:competitionId:285023:assists:rank_asc:page:12,urn:gd:story:classification:gcp_top_scorer:competitionId:285023:assists:rank_asc:page:12
481220,285023_44005,Azizbek Amonov,Uzbekistan,FW,0,0,23,593,top_scorer,urn:gd:story:classification:gcp_top_scorer:competitionId:285023:assists:rank_asc:page:12,urn:gd:story:classification:gcp_top_scorer:competitionId:285023:assists:rank_asc:page:12
484848,285023_43948,Pascal Gross,Germany,MF,0,0,24,594,top_scorer,urn:gd:story:classification:gcp_top_scorer:competitionId:285023:assists:rank_asc:page:12,urn:gd:story:classification:gcp_top_scorer:competitionId:285023:assists:rank_asc:page:12
463661,285023_43922,Valentin Barco,Argentina,MF,0,0,24,595,top_scorer,urn:gd:story:classification:gcp_top_scorer:competitionId:285023:assists:rank_asc:page:12,urn:gd:story:classification:gcp_top_scorer:competitionId:285023:assists:rank_asc:page:12
493983,285023_43818,Aimar Sher,Iraq,MF,0,0,24,596,top_scorer,urn:gd:story:classification:gcp_top_scorer:competitionId:285023:assists:rank_asc:page:12,urn:gd:story:classification:gcp_top_scorer:competitionId:285023:assists:rank_asc:page:12
479056,285023_43818,Mustafa Saadoon,Iraq,DF,0,0,24,597,top_scorer,urn:gd:story:classification:gcp_top_scorer:competitionId:285023:assists:rank_asc:page:12,urn:gd:story:classification:gcp_top_scorer:competitionId:285023:assists:rank_asc:page:12
386366,285023_43834,Almoez Ali,Qatar,FW,0,0,24,598,top_scorer,urn:gd:story:classification:gcp_top_scorer:competitionId:285023:assists:rank_asc:page:12,urn:gd:story:classification:gcp_top_scorer:competitionId:285023:assists:rank_asc:page:12
448585,285023_43822,Yang Hyunjun,Korea Republic,MF,0,0,25,599,top_scorer,urn:gd:story:classification:gcp_top_scorer:competitionId:285023:assists:rank_asc:page:12,urn:gd:story:classification:gcp_top_scorer:competitionId:285023:assists:rank_asc:page:12
482984,285023_44037,Haris Tabakovic,Bosnia and Herzegovina,FW,0,0,25,600,top_scorer,urn:gd:story:classification:gcp_top_scorer:competitionId:285023:assists:rank_asc:page:12,urn:gd:story:classification:gcp_top_scorer:competitionId:285023:assists:rank_asc:page:12
448127,285023_43971,Noah Okafor,Switzerland,FW,0,0,25,601,top_scorer,urn:gd:story:classification:gcp_top_scorer:competitionId:285023:assists:rank_asc:page:12,urn:gd:story:classification:gcp_top_scorer:competitionId:285023:assists:rank_asc:page:12
511010,285023_43843,Samir Chergui,Algeria,DF,0,0,25,602,top_scorer,urn:gd:story:classification:gcp_top_scorer:competitionId:285023:assists:rank_asc:page:12,urn:gd:story:classification:gcp_top_scorer:competitionId:285023:assists:rank_asc:page:12
491216,285023_43963,Samu Costa,Portugal,DF,0,0,26,603,top_scorer,urn:gd:story:classification:gcp_top_scorer:competitionId:285023:assists:rank_asc:page:12,urn:gd:story:classification:gcp_top_scorer:competitionId:285023:assists:rank_asc:page:12
405639,285023_43817,Amirhossein Hosseinzadeh,IR Iran,FW,0,0,26,604,top_scorer,urn:gd:story:classification:gcp_top_scorer:competitionId:285023:assists:rank_asc:page:12,urn:gd:story:classification:gcp_top_scorer:competitionId:285023:assists:rank_asc:page:12
494345,285023_43942,Dan Burn,England,DF,0,0,27,605,top_scorer,urn:gd:story:classification:gcp_top_scorer:competitionId:285023:assists:rank_asc:page:12,urn:gd:story:classification:gcp_top_scorer:competitionId:285023:assists:rank_asc:page:12
389886,285023_44037,Dzenis Burnic,Bosnia and Herzegovina,MF,0,0,27,606,top_scorer,urn:gd:story:classification:gcp_top_scorer:competitionId:285023:assists:rank_asc:page:12,urn:gd:story:classification:gcp_top_scorer:competitionId:285023:assists:rank_asc:page:12
485675,285023_43854,Evann Guessand,Côte d'Ivoire,FW,0,0,27,607,top_scorer,urn:gd:story:classification:gcp_top_scorer:competitionId:285023:assists:rank_asc:page:12,urn:gd:story:classification:gcp_top_scorer:competitionId:285023:assists:rank_asc:page:12
441362,285023_43888,Mortadha Ben Ouanes,Tunisia,DF,0,0,27,608,top_scorer,urn:gd:story:classification:gcp_top_scorer:competitionId:285023:assists:rank_asc:page:12,urn:gd:story:classification:gcp_top_scorer:competitionId:285023:assists:rank_asc:page:12
470759,285023_43926,Kevin Castano,Colombia,MF,0,0,28,609,top_scorer,urn:gd:story:classification:gcp_top_scorer:competitionId:285023:assists:rank_asc:page:12,urn:gd:story:classification:gcp_top_scorer:competitionId:285023:assists:rank_asc:page:12
512132,285023_43843,Adil Boulbina,Algeria,FW,0,0,28,610,top_scorer,urn:gd:story:classification:gcp_top_scorer:competitionId:285023:assists:rank_asc:page:12,urn:gd:story:classification:gcp_top_scorer:competitionId:285023:assists:rank_asc:page:12
406205,285023_43928,Braian Ojeda,Paraguay,MF,0,0,28,611,top_scorer,urn:gd:story:classification:gcp_top_scorer:competitionId:285023:assists:rank_asc:page:12,urn:gd:story:classification:gcp_top_scorer:competitionId:285023:assists:rank_asc:page:12
489696,285023_43961,Sondre Langas,Norway,DF,0,0,29,612,top_scorer,urn:gd:story:classification:gcp_top_scorer:competitionId:285023:assists:rank_asc:page:12,urn:gd:story:classification:gcp_top_scorer:competitionId:285023:assists:rank_asc:page:12
506069,285023_43818,Kevin Yakob,Iraq,MF,0,0,29,613,top_scorer,urn:gd:story:classification:gcp_top_scorer:competitionId:285023:assists:rank_asc:page:12,urn:gd:story:classification:gcp_top_scorer:competitionId:285023:assists:rank_asc:page:12
390535,285023_43817,Mehdi Torabi,IR Iran,MF,0,0,29,614,top_scorer,urn:gd:story:classification:gcp_top_scorer:competitionId:285023:assists:rank_asc:page:12,urn:gd:story:classification:gcp_top_scorer:competitionId:285023:assists:rank_asc:page:12
463287,285023_43934,Marco Friedl,Austria,DF,0,0,30,615,top_scorer,urn:gd:story:classification:gcp_top_scorer:competitionId:285023:assists:rank_asc:page:12,urn:gd:story:classification:gcp_top_scorer:competitionId:285023:assists:rank_asc:page:12
406606,285023_43976,Awer Mabil,Australia,FW,0,0,31,619,top_scorer,urn:gd:story:classification:gcp_top_scorer:competitionId:285023:assists:rank_asc:page:12,urn:gd:story:classification:gcp_top_scorer:competitionId:285023:assists:rank_asc:page:12
448051,285023_43911,Luis Chavez,Mexico,MF,0,0,31,620,top_scorer,urn:gd:story:classification:gcp_top_scorer:competitionId:285023:assists:rank_asc:page:12,urn:gd:story:classification:gcp_top_scorer:competitionId:285023:assists:rank_asc:page:12
477790,285023_43843,Mohamed Amoura,Algeria,FW,0,0,31,621,top_scorer,urn:gd:story:classification:gcp_top_scorer:competitionId:285023:assists:rank_asc:page:12,urn:gd:story:classification:gcp_top_scorer:competitionId:285023:assists:rank_asc:page:12
394993,285023_43908,Duckens Nazon,Haiti,FW,0,0,31,622,top_scorer,urn:gd:story:classification:gcp_top_scorer:competitionId:285023:assists:rank_asc:page:12,urn:gd:story:classification:gcp_top_scorer:competitionId:285023:assists:rank_asc:page:12
440748,285023_43978,Francis De Vries,New Zealand,DF,0,0,32,623,top_scorer,urn:gd:story:classification:gcp_top_scorer:competitionId:285023:assists:rank_asc:page:12,urn:gd:story:classification:gcp_top_scorer:competitionId:285023:assists:rank_asc:page:12
418561,285023_43963,Francisco Trincao,Portugal,FW,0,0,32,624,top_scorer,urn:gd:story:classification:gcp_top_scorer:competitionId:285023:assists:rank_asc:page:12,urn:gd:story:classification:gcp_top_scorer:competitionId:285023:assists:rank_asc:page:12
448112,285023_43971,Zeki Amdouni,Switzerland,FW,0,0,32,625,top_scorer,urn:gd:story:classification:gcp_top_scorer:competitionId:285023:assists:rank_asc:page:12,urn:gd:story:classification:gcp_top_scorer:competitionId:285023:assists:rank_asc:page:12
478364,285023_43960,Justin Kluivert,Netherlands,MF,0,0,32,626,top_scorer,urn:gd:story:classification:gcp_top_scorer:competitionId:285023:assists:rank_asc:page:12,urn:gd:story:classification:gcp_top_scorer:competitionId:285023:assists:rank_asc:page:12
464458,285023_43818,Youssef Amyn,Iraq,MF,0,0,32,628,top_scorer,urn:gd:story:classification:gcp_top_scorer:competitionId:285023:assists:rank_asc:page:12,urn:gd:story:classification:gcp_top_scorer:competitionId:285023:assists:rank_asc:page:12
484850,285023_43948,Maximilian Beier,Germany,FW,0,0,33,629,top_scorer,urn:gd:story:classification:gcp_top_scorer:competitionId:285023:assists:rank_asc:page:12,urn:gd:story:classification:gcp_top_scorer:competitionId:285023:assists:rank_asc:page:12
518200,285023_43976,Tete Yengi,Australia,FW,0,0,33,632,top_scorer,urn:gd:story:classification:gcp_top_scorer:competitionId:285023:assists:rank_asc:page:12,urn:gd:story:classification:gcp_top_scorer:competitionId:285023:assists:rank_asc:page:12
523288,285023_43872,Ayoube Amaimouni,Morocco,FW,0,0,33,633,top_scorer,urn:gd:story:classification:gcp_top_scorer:competitionId:285023:assists:rank_asc:page:12,urn:gd:story:classification:gcp_top_scorer:competitionId:285023:assists:rank_asc:page:12
485063,285023_44037,Samed Bazdar,Bosnia and Herzegovina,FW,0,0,35,634,top_scorer,urn:gd:story:classification:gcp_top_scorer:competitionId:285023:assists:rank_asc:page:12,urn:gd:story:classification:gcp_top_scorer:competitionId:285023:assists:rank_asc:page:12
448157,285023_43960,Guus Til,Netherlands,MF,0,0,36,635,top_scorer,urn:gd:story:classification:gcp_top_scorer:competitionId:285023:assists:rank_asc:page:12,urn:gd:story:classification:gcp_top_scorer:competitionId:285023:assists:rank_asc:page:12
523354,285023_43879,Bara Sapoko Ndiaye,Senegal,MF,0,0,36,636,top_scorer,urn:gd:story:classification:gcp_top_scorer:competitionId:285023:assists:rank_asc:page:12,urn:gd:story:classification:gcp_top_scorer:competitionId:285023:assists:rank_asc:page:12
419003,285023_43927,Jackson Porozo,Ecuador,DF,0,0,36,637,top_scorer,urn:gd:story:classification:gcp_top_scorer:competitionId:285023:assists:rank_asc:page:12,urn:gd:story:classification:gcp_top_scorer:competitionId:285023:assists:rank_asc:page:12
491218,285023_43948,Jamie Leweling,Germany,MF,0,0,37,638,top_scorer,urn:gd:story:classification:gcp_top_scorer:competitionId:285023:assists:rank_asc:page:12,urn:gd:story:classification:gcp_top_scorer:competitionId:285023:assists:rank_asc:page:12
464055,285023_43946,Malo Gusto,France,DF,0,0,38,639,top_scorer,urn:gd:story:classification:gcp_top_scorer:competitionId:285023:assists:rank_asc:page:12,urn:gd:story:classification:gcp_top_scorer:competitionId:285023:assists:rank_asc:page:12
485069,285023_43924,Ederson Silva,Brazil,MF,0,0,38,640,top_scorer,urn:gd:story:classification:gcp_top_scorer:competitionId:285023:assists:rank_asc:page:12,urn:gd:story:classification:gcp_top_scorer:competitionId:285023:assists:rank_asc:page:12
480983,285023_43843,Zineddine Belaid,Algeria,DF,0,0,38,641,top_scorer,urn:gd:story:classification:gcp_top_scorer:competitionId:285023:assists:rank_asc:page:12,urn:gd:story:classification:gcp_top_scorer:competitionId:285023:assists:rank_asc:page:12
434029,285023_43818,Ali Yousif,Iraq,FW,0,0,38,643,top_scorer,urn:gd:story:classification:gcp_top_scorer:competitionId:285023:assists:rank_asc:page:12,urn:gd:story:classification:gcp_top_scorer:competitionId:285023:assists:rank_asc:page:12
448420,285023_43924,Luiz Henrique,Brazil,FW,0,0,38,644,top_scorer,urn:gd:story:classification:gcp_top_scorer:competitionId:285023:assists:rank_asc:page:13,urn:gd:story:classification:gcp_top_scorer:competitionId:285023:assists:rank_asc:page:13
484276,285023_43818,Ahmed Maknazi,Iraq,DF,0,0,38,645,top_scorer,urn:gd:story:classification:gcp_top_scorer:competitionId:285023:assists:rank_asc:page:13,urn:gd:story:classification:gcp_top_scorer:competitionId:285023:assists:rank_asc:page:13
463286,285023_43934,Patrick Wimmer,Austria,FW,0,0,39,646,top_scorer,urn:gd:story:classification:gcp_top_scorer:competitionId:285023:assists:rank_asc:page:13,urn:gd:story:classification:gcp_top_scorer:competitionId:285023:assists:rank_asc:page:13
402985,285023_43927,Jordy Caicedo,Ecuador,FW,0,0,40,647,top_scorer,urn:gd:story:classification:gcp_top_scorer:competitionId:285023:assists:rank_asc:page:13,urn:gd:story:classification:gcp_top_scorer:competitionId:285023:assists:rank_asc:page:13
477777,285023_43854,Oumar Diakite,Côte d'Ivoire,FW,0,0,40,648,top_scorer,urn:gd:story:classification:gcp_top_scorer:competitionId:285023:assists:rank_asc:page:13,urn:gd:story:classification:gcp_top_scorer:competitionId:285023:assists:rank_asc:page:13
419436,285023_43834,Ahmed Alganehi,Qatar,MF,0,0,41,649,top_scorer,urn:gd:story:classification:gcp_top_scorer:competitionId:285023:assists:rank_asc:page:13,urn:gd:story:classification:gcp_top_scorer:competitionId:285023:assists:rank_asc:page:13
486614,285023_43834,Alhashmi Alhussein,Qatar,DF,0,0,41,650,top_scorer,urn:gd:story:classification:gcp_top_scorer:competitionId:285023:assists:rank_asc:page:13,urn:gd:story:classification:gcp_top_scorer:competitionId:285023:assists:rank_asc:page:13
463282,285023_43934,Alexander Prass,Austria,MF,0,0,41,651,top_scorer,urn:gd:story:classification:gcp_top_scorer:competitionId:285023:assists:rank_asc:page:13,urn:gd:story:classification:gcp_top_scorer:competitionId:285023:assists:rank_asc:page:13
430387,285023_43822,Cho Guesung,Korea Republic,FW,0,0,41,653,top_scorer,urn:gd:story:classification:gcp_top_scorer:competitionId:285023:assists:rank_asc:page:13,urn:gd:story:classification:gcp_top_scorer:competitionId:285023:assists:rank_asc:page:13
396158,285023_43818,Rebin Sulaka,Iraq,DF,0,0,41,655,top_scorer,urn:gd:story:classification:gcp_top_scorer:competitionId:285023:assists:rank_asc:page:13,urn:gd:story:classification:gcp_top_scorer:competitionId:285023:assists:rank_asc:page:13
416989,285023_43817,Ali Alipour,IR Iran,FW,0,0,42,657,top_scorer,urn:gd:story:classification:gcp_top_scorer:competitionId:285023:assists:rank_asc:page:13,urn:gd:story:classification:gcp_top_scorer:competitionId:285023:assists:rank_asc:page:13
483512,285023_43960,Jorrel Hato,Netherlands,DF,0,0,43,658,top_scorer,urn:gd:story:classification:gcp_top_scorer:competitionId:285023:assists:rank_asc:page:13,urn:gd:story:classification:gcp_top_scorer:competitionId:285023:assists:rank_asc:page:13
483961,285023_43995,Tomas Chory,Czechia,FW,0,0,43,659,top_scorer,urn:gd:story:classification:gcp_top_scorer:competitionId:285023:assists:rank_asc:page:13,urn:gd:story:classification:gcp_top_scorer:competitionId:285023:assists:rank_asc:page:13
499102,285023_43820,Saleem Obaid,Jordan,DF,0,0,43,660,top_scorer,urn:gd:story:classification:gcp_top_scorer:competitionId:285023:assists:rank_asc:page:13,urn:gd:story:classification:gcp_top_scorer:competitionId:285023:assists:rank_asc:page:13
523333,285023_43835,Ala Alhajji,Saudi Arabia,MF,0,0,43,661,top_scorer,urn:gd:story:classification:gcp_top_scorer:competitionId:285023:assists:rank_asc:page:13,urn:gd:story:classification:gcp_top_scorer:competitionId:285023:assists:rank_asc:page:13
479316,285023_43822,Park Jinseob,Korea Republic,DF,0,0,44,662,top_scorer,urn:gd:story:classification:gcp_top_scorer:competitionId:285023:assists:rank_asc:page:13,urn:gd:story:classification:gcp_top_scorer:competitionId:285023:assists:rank_asc:page:13
498416,285023_43948,Nick Woltemade,Germany,FW,0,0,44,663,top_scorer,urn:gd:story:classification:gcp_top_scorer:competitionId:285023:assists:rank_asc:page:13,urn:gd:story:classification:gcp_top_scorer:competitionId:285023:assists:rank_asc:page:13
466372,285023_1895293,Gervane Kastaneer,Curaçao,FW,0,0,45,664,top_scorer,urn:gd:story:classification:gcp_top_scorer:competitionId:285023:assists:rank_asc:page:13,urn:gd:story:classification:gcp_top_scorer:competitionId:285023:assists:rank_asc:page:13
448128,285023_20014,Charles Pickel,Congo DR,MF,0,0,45,665,top_scorer,urn:gd:story:classification:gcp_top_scorer:competitionId:285023:assists:rank_asc:page:13,urn:gd:story:classification:gcp_top_scorer:competitionId:285023:assists:rank_asc:page:13
372090,285023_43911,Orbelin Pineda,Mexico,MF,0,0,45,667,top_scorer,urn:gd:story:classification:gcp_top_scorer:competitionId:285023:assists:rank_asc:page:13,urn:gd:story:classification:gcp_top_scorer:competitionId:285023:assists:rank_asc:page:13
514202,285023_43970,Taha Ali,Sweden,FW,0,0,46,668,top_scorer,urn:gd:story:classification:gcp_top_scorer:competitionId:285023:assists:rank_asc:page:13,urn:gd:story:classification:gcp_top_scorer:competitionId:285023:assists:rank_asc:page:13
368546,285023_44005,Igor Sergeev,Uzbekistan,FW,0,0,46,669,top_scorer,urn:gd:story:classification:gcp_top_scorer:competitionId:285023:assists:rank_asc:page:13,urn:gd:story:classification:gcp_top_scorer:competitionId:285023:assists:rank_asc:page:13
441317,285023_20014,Theo Bongonda,Congo DR,MF,0,0,47,671,top_scorer,urn:gd:story:classification:gcp_top_scorer:competitionId:285023:assists:rank_asc:page:13,urn:gd:story:classification:gcp_top_scorer:competitionId:285023:assists:rank_asc:page:13
430594,285023_43924,Roger Ibanez,Brazil,DF,0,0,49,672,top_scorer,urn:gd:story:classification:gcp_top_scorer:competitionId:285023:assists:rank_asc:page:13,urn:gd:story:classification:gcp_top_scorer:competitionId:285023:assists:rank_asc:page:13
411653,285023_43888,Dylan Bronn,Tunisia,DF,0,0,49,673,top_scorer,urn:gd:story:classification:gcp_top_scorer:competitionId:285023:assists:rank_asc:page:13,urn:gd:story:classification:gcp_top_scorer:competitionId:285023:assists:rank_asc:page:13
477835,285023_20014,Simon Banza,Congo DR,FW,0,0,49,674,top_scorer,urn:gd:story:classification:gcp_top_scorer:competitionId:285023:assists:rank_asc:page:13,urn:gd:story:classification:gcp_top_scorer:competitionId:285023:assists:rank_asc:page:13
430098,285023_43967,Lyndon Dykes,Scotland,FW,0,0,49,675,top_scorer,urn:gd:story:classification:gcp_top_scorer:competitionId:285023:assists:rank_asc:page:13,urn:gd:story:classification:gcp_top_scorer:competitionId:285023:assists:rank_asc:page:13
402895,285023_43930,Matias Vina,Uruguay,DF,0,0,49,676,top_scorer,urn:gd:story:classification:gcp_top_scorer:competitionId:285023:assists:rank_asc:page:13,urn:gd:story:classification:gcp_top_scorer:competitionId:285023:assists:rank_asc:page:13
419005,285023_43927,Jordy Alcivar,Ecuador,MF,0,0,49,677,top_scorer,urn:gd:story:classification:gcp_top_scorer:competitionId:285023:assists:rank_asc:page:13,urn:gd:story:classification:gcp_top_scorer:competitionId:285023:assists:rank_asc:page:13
433067,285023_43961,Morten Thorsby,Norway,MF,0,0,50,678,top_scorer,urn:gd:story:classification:gcp_top_scorer:competitionId:285023:assists:rank_asc:page:13,urn:gd:story:classification:gcp_top_scorer:competitionId:285023:assists:rank_asc:page:13
424056,285023_1895293,Sontje Hansen,Curaçao,FW,0,0,50,679,top_scorer,urn:gd:story:classification:gcp_top_scorer:competitionId:285023:assists:rank_asc:page:13,urn:gd:story:classification:gcp_top_scorer:competitionId:285023:assists:rank_asc:page:13
483530,285023_43961,Fredrik Andre Bjorkan,Norway,DF,0,0,50,680,top_scorer,urn:gd:story:classification:gcp_top_scorer:competitionId:285023:assists:rank_asc:page:13,urn:gd:story:classification:gcp_top_scorer:competitionId:285023:assists:rank_asc:page:13
514188,285023_43948,Malick Thiaw,Germany,DF,0,0,50,681,top_scorer,urn:gd:story:classification:gcp_top_scorer:competitionId:285023:assists:rank_asc:page:13,urn:gd:story:classification:gcp_top_scorer:competitionId:285023:assists:rank_asc:page:13
403236,285023_43817,Mehdi Ghayedi,IR Iran,FW,0,0,50,682,top_scorer,urn:gd:story:classification:gcp_top_scorer:competitionId:285023:assists:rank_asc:page:13,urn:gd:story:classification:gcp_top_scorer:competitionId:285023:assists:rank_asc:page:13
495347,285023_43972,Deniz Gul,Türkiye,FW,0,0,50,684,top_scorer,urn:gd:story:classification:gcp_top_scorer:competitionId:285023:assists:rank_asc:page:13,urn:gd:story:classification:gcp_top_scorer:competitionId:285023:assists:rank_asc:page:13
466363,285023_1895293,Jearl Margaritha,Curaçao,FW,0,0,50,685,top_scorer,urn:gd:story:classification:gcp_top_scorer:competitionId:285023:assists:rank_asc:page:13,urn:gd:story:classification:gcp_top_scorer:competitionId:285023:assists:rank_asc:page:13
511828,285023_43822,Castrop Jens,Korea Republic,DF,0,0,51,686,top_scorer,urn:gd:story:classification:gcp_top_scorer:competitionId:285023:assists:rank_asc:page:13,urn:gd:story:classification:gcp_top_scorer:competitionId:285023:assists:rank_asc:page:13
345059,285023_43834,Abdulaziz Hatem,Qatar,MF,0,0,51,688,top_scorer,urn:gd:story:classification:gcp_top_scorer:competitionId:285023:assists:rank_asc:page:13,urn:gd:story:classification:gcp_top_scorer:competitionId:285023:assists:rank_asc:page:13
481181,285023_43817,Arya Yousefi,IR Iran,DF,0,0,51,689,top_scorer,urn:gd:story:classification:gcp_top_scorer:competitionId:285023:assists:rank_asc:page:13,urn:gd:story:classification:gcp_top_scorer:competitionId:285023:assists:rank_asc:page:13
368664,285023_43930,Sergio Rochet,Uruguay,GK,0,0,51,690,top_scorer,urn:gd:story:classification:gcp_top_scorer:competitionId:285023:assists:rank_asc:page:13,urn:gd:story:classification:gcp_top_scorer:competitionId:285023:assists:rank_asc:page:13
429640,285023_43948,Angelo Stiller,Germany,MF,0,0,52,691,top_scorer,urn:gd:story:classification:gcp_top_scorer:competitionId:285023:assists:rank_asc:page:13,urn:gd:story:classification:gcp_top_scorer:competitionId:285023:assists:rank_asc:page:13
372342,285023_43914,Ismael Diaz,Panama,MF,0,0,52,692,top_scorer,urn:gd:story:classification:gcp_top_scorer:competitionId:285023:assists:rank_asc:page:13,urn:gd:story:classification:gcp_top_scorer:competitionId:285023:assists:rank_asc:page:13
479781,285023_43888,Mohamed Hadj Mahmoud,Tunisia,MF,0,0,52,693,top_scorer,urn:gd:story:classification:gcp_top_scorer:competitionId:285023:assists:rank_asc:page:13,urn:gd:story:classification:gcp_top_scorer:competitionId:285023:assists:rank_asc:page:13
418747,285023_43914,Tomas Rodriguez,Panama,FW,0,0,53,694,top_scorer,urn:gd:story:classification:gcp_top_scorer:competitionId:285023:assists:rank_asc:page:13,urn:gd:story:classification:gcp_top_scorer:competitionId:285023:assists:rank_asc:page:13
423855,285023_43822,Eom Jisung,Korea Republic,MF,0,0,53,695,top_scorer,urn:gd:story:classification:gcp_top_scorer:competitionId:285023:assists:rank_asc:page:13,urn:gd:story:classification:gcp_top_scorer:competitionId:285023:assists:rank_asc:page:13
463489,285023_43927,Yaimar Medina,Ecuador,DF,0,0,53,696,top_scorer,urn:gd:story:classification:gcp_top_scorer:competitionId:285023:assists:rank_asc:page:13,urn:gd:story:classification:gcp_top_scorer:competitionId:285023:assists:rank_asc:page:13
489417,285023_43928,Isidro Pitta,Paraguay,FW,0,0,55,697,top_scorer,urn:gd:story:classification:gcp_top_scorer:competitionId:285023:assists:rank_asc:page:13,urn:gd:story:classification:gcp_top_scorer:competitionId:285023:assists:rank_asc:page:13
486074,285023_43972,Can Uzun,Türkiye,FW,0,0,55,698,top_scorer,urn:gd:story:classification:gcp_top_scorer:competitionId:285023:assists:rank_asc:page:13,urn:gd:story:classification:gcp_top_scorer:competitionId:285023:assists:rank_asc:page:13
353251,285023_43834,Ahmed Alaaeldin,Qatar,FW,0,0,55,699,top_scorer,urn:gd:story:classification:gcp_top_scorer:competitionId:285023:assists:rank_asc:page:13,urn:gd:story:classification:gcp_top_scorer:competitionId:285023:assists:rank_asc:page:13
385139,285023_44005,Farrukh Sayfiev,Uzbekistan,DF,0,0,55,700,top_scorer,urn:gd:story:classification:gcp_top_scorer:competitionId:285023:assists:rank_asc:page:13,urn:gd:story:classification:gcp_top_scorer:competitionId:285023:assists:rank_asc:page:13
494025,285023_43935,Matias Fernandez Pardo,Belgium,FW,0,0,57,701,top_scorer,urn:gd:story:classification:gcp_top_scorer:competitionId:285023:assists:rank_asc:page:14,urn:gd:story:classification:gcp_top_scorer:competitionId:285023:assists:rank_asc:page:14
498455,285023_43819,Junnosuke Suzuki,Japan,DF,0,0,58,702,top_scorer,urn:gd:story:classification:gcp_top_scorer:competitionId:285023:assists:rank_asc:page:14,urn:gd:story:classification:gcp_top_scorer:competitionId:285023:assists:rank_asc:page:14
448159,285023_43960,Wout Weghorst,Netherlands,FW,0,0,58,703,top_scorer,urn:gd:story:classification:gcp_top_scorer:competitionId:285023:assists:rank_asc:page:14,urn:gd:story:classification:gcp_top_scorer:competitionId:285023:assists:rank_asc:page:14
358003,285023_43995,Vladimir Darida,Czechia,MF,0,0,58,704,top_scorer,urn:gd:story:classification:gcp_top_scorer:competitionId:285023:assists:rank_asc:page:14,urn:gd:story:classification:gcp_top_scorer:competitionId:285023:assists:rank_asc:page:14
379886,285023_43817,Alireza Jahanbakhsh,IR Iran,MF,0,0,58,705,top_scorer,urn:gd:story:classification:gcp_top_scorer:competitionId:285023:assists:rank_asc:page:14,urn:gd:story:classification:gcp_top_scorer:competitionId:285023:assists:rank_asc:page:14
448662,285023_43888,Elias Achouri,Tunisia,FW,0,0,58,706,top_scorer,urn:gd:story:classification:gcp_top_scorer:competitionId:285023:assists:rank_asc:page:14,urn:gd:story:classification:gcp_top_scorer:competitionId:285023:assists:rank_asc:page:14
519985,285023_43995,Denis Visinsky,Czechia,FW,0,0,59,707,top_scorer,urn:gd:story:classification:gcp_top_scorer:competitionId:285023:assists:rank_asc:page:14,urn:gd:story:classification:gcp_top_scorer:competitionId:285023:assists:rank_asc:page:14
463468,285023_43927,Alan Minda,Ecuador,MF,0,0,59,708,top_scorer,urn:gd:story:classification:gcp_top_scorer:competitionId:285023:assists:rank_asc:page:14,urn:gd:story:classification:gcp_top_scorer:competitionId:285023:assists:rank_asc:page:14
424106,285023_43855,Haissem Hassan,Egypt,FW,0,0,59,709,top_scorer,urn:gd:story:classification:gcp_top_scorer:competitionId:285023:assists:rank_asc:page:14,urn:gd:story:classification:gcp_top_scorer:competitionId:285023:assists:rank_asc:page:14
419211,285023_43883,Lyle Foster,South Africa,FW,0,0,59,710,top_scorer,urn:gd:story:classification:gcp_top_scorer:competitionId:285023:assists:rank_asc:page:14,urn:gd:story:classification:gcp_top_scorer:competitionId:285023:assists:rank_asc:page:14
511022,285023_43860,Kojo Peprah Oppong,Ghana,DF,0,0,61,711,top_scorer,urn:gd:story:classification:gcp_top_scorer:competitionId:285023:assists:rank_asc:page:14,urn:gd:story:classification:gcp_top_scorer:competitionId:285023:assists:rank_asc:page:14
448390,285023_43899,Mathieu Choiniere,Canada,MF,0,0,61,712,top_scorer,urn:gd:story:classification:gcp_top_scorer:competitionId:285023:assists:rank_asc:page:14,urn:gd:story:classification:gcp_top_scorer:competitionId:285023:assists:rank_asc:page:14
419132,285023_43930,Brian Rodriguez,Uruguay,FW,0,0,61,713,top_scorer,urn:gd:story:classification:gcp_top_scorer:competitionId:285023:assists:rank_asc:page:14,urn:gd:story:classification:gcp_top_scorer:competitionId:285023:assists:rank_asc:page:14
514401,285023_43860,Prince Adu,Ghana,FW,0,0,62,714,top_scorer,urn:gd:story:classification:gcp_top_scorer:competitionId:285023:assists:rank_asc:page:14,urn:gd:story:classification:gcp_top_scorer:competitionId:285023:assists:rank_asc:page:14
484262,285023_43818,Marko Farji,Iraq,FW,0,0,62,715,top_scorer,urn:gd:story:classification:gcp_top_scorer:competitionId:285023:assists:rank_asc:page:14,urn:gd:story:classification:gcp_top_scorer:competitionId:285023:assists:rank_asc:page:14
430385,285023_43822,Kim Jingyu,Korea Republic,MF,0,0,64,716,top_scorer,urn:gd:story:classification:gcp_top_scorer:competitionId:285023:assists:rank_asc:page:14,urn:gd:story:classification:gcp_top_scorer:competitionId:285023:assists:rank_asc:page:14
485802,285023_43928,Alex Arce,Paraguay,FW,0,0,64,717,top_scorer,urn:gd:story:classification:gcp_top_scorer:competitionId:285023:assists:rank_asc:page:14,urn:gd:story:classification:gcp_top_scorer:competitionId:285023:assists:rank_asc:page:14
519836,285023_43924,Igor Thiago,Brazil,FW,0,0,65,718,top_scorer,urn:gd:story:classification:gcp_top_scorer:competitionId:285023:assists:rank_asc:page:14,urn:gd:story:classification:gcp_top_scorer:competitionId:285023:assists:rank_asc:page:14
494375,285023_43888,Firas Chaouat,Tunisia,FW,0,0,66,719,top_scorer,urn:gd:story:classification:gcp_top_scorer:competitionId:285023:assists:rank_asc:page:14,urn:gd:story:classification:gcp_top_scorer:competitionId:285023:assists:rank_asc:page:14
447855,285023_43969,Nico Williams,Spain,FW,0,0,66,720,top_scorer,urn:gd:story:classification:gcp_top_scorer:competitionId:285023:assists:rank_asc:page:14,urn:gd:story:classification:gcp_top_scorer:competitionId:285023:assists:rank_asc:page:14
430658,285023_43948,Waldemar Anton,Germany,DF,0,0,66,721,top_scorer,urn:gd:story:classification:gcp_top_scorer:competitionId:285023:assists:rank_asc:page:14,urn:gd:story:classification:gcp_top_scorer:competitionId:285023:assists:rank_asc:page:14
321697,285023_43976,Mathew Leckie,Australia,FW,0,0,67,722,top_scorer,urn:gd:story:classification:gcp_top_scorer:competitionId:285023:assists:rank_asc:page:14,urn:gd:story:classification:gcp_top_scorer:competitionId:285023:assists:rank_asc:page:14
523215,285023_43908,Dominique Simon,Haiti,MF,0,0,68,723,top_scorer,urn:gd:story:classification:gcp_top_scorer:competitionId:285023:assists:rank_asc:page:14,urn:gd:story:classification:gcp_top_scorer:competitionId:285023:assists:rank_asc:page:14
484859,285023_43960,Quinten Timber,Netherlands,MF,0,0,68,724,top_scorer,urn:gd:story:classification:gcp_top_scorer:competitionId:285023:assists:rank_asc:page:14,urn:gd:story:classification:gcp_top_scorer:competitionId:285023:assists:rank_asc:page:14
503047,285023_43970,Besfort Zeneli,Sweden,MF,0,0,69,725,top_scorer,urn:gd:story:classification:gcp_top_scorer:competitionId:285023:assists:rank_asc:page:14,urn:gd:story:classification:gcp_top_scorer:competitionId:285023:assists:rank_asc:page:14
505495,285023_43928,Alexandro Maidana,Paraguay,DF,0,0,69,726,top_scorer,urn:gd:story:classification:gcp_top_scorer:competitionId:285023:assists:rank_asc:page:14,urn:gd:story:classification:gcp_top_scorer:competitionId:285023:assists:rank_asc:page:14
477833,285023_20014,Joris Kayembe,Congo DR,DF,0,0,69,727,top_scorer,urn:gd:story:classification:gcp_top_scorer:competitionId:285023:assists:rank_asc:page:14,urn:gd:story:classification:gcp_top_scorer:competitionId:285023:assists:rank_asc:page:14
494314,285023_43850,Telmo Arcanjo,Cabo Verde,MF,0,0,69,728,top_scorer,urn:gd:story:classification:gcp_top_scorer:competitionId:285023:assists:rank_asc:page:14,urn:gd:story:classification:gcp_top_scorer:competitionId:285023:assists:rank_asc:page:14
494800,285023_43835,Sultan Mandash,Saudi Arabia,FW,0,0,71,730,top_scorer,urn:gd:story:classification:gcp_top_scorer:competitionId:285023:assists:rank_asc:page:14,urn:gd:story:classification:gcp_top_scorer:competitionId:285023:assists:rank_asc:page:14
520112,285023_43961,Henrik Falchener,Norway,DF,0,0,71,731,top_scorer,urn:gd:story:classification:gcp_top_scorer:competitionId:285023:assists:rank_asc:page:14,urn:gd:story:classification:gcp_top_scorer:competitionId:285023:assists:rank_asc:page:14
499290,285023_43938,Luka Vuskovic,Croatia,DF,0,0,71,732,top_scorer,urn:gd:story:classification:gcp_top_scorer:competitionId:285023:assists:rank_asc:page:14,urn:gd:story:classification:gcp_top_scorer:competitionId:285023:assists:rank_asc:page:14
402926,285023_43922,Gonzalo Montiel,Argentina,DF,0,0,72,734,top_scorer,urn:gd:story:classification:gcp_top_scorer:competitionId:285023:assists:rank_asc:page:14,urn:gd:story:classification:gcp_top_scorer:competitionId:285023:assists:rank_asc:page:14
429392,285023_43924,Danilo Santos,Brazil,MF,0,0,73,735,top_scorer,urn:gd:story:classification:gcp_top_scorer:competitionId:285023:assists:rank_asc:page:14,urn:gd:story:classification:gcp_top_scorer:competitionId:285023:assists:rank_asc:page:14
483182,285023_43855,Hossam Abdelmaguid,Egypt,DF,0,0,73,736,top_scorer,urn:gd:story:classification:gcp_top_scorer:competitionId:285023:assists:rank_asc:page:14,urn:gd:story:classification:gcp_top_scorer:competitionId:285023:assists:rank_asc:page:14
448580,285023_43822,Kim Moonhwan,Korea Republic,DF,0,0,74,737,top_scorer,urn:gd:story:classification:gcp_top_scorer:competitionId:285023:assists:rank_asc:page:14,urn:gd:story:classification:gcp_top_scorer:competitionId:285023:assists:rank_asc:page:14
411678,285023_43872,Ayoub El Kaabi,Morocco,FW,0,0,74,738,top_scorer,urn:gd:story:classification:gcp_top_scorer:competitionId:285023:assists:rank_asc:page:14,urn:gd:story:classification:gcp_top_scorer:competitionId:285023:assists:rank_asc:page:14
489551,285023_43820,Mohammad Abualnadi,Jordan,DF,0,0,75,739,top_scorer,urn:gd:story:classification:gcp_top_scorer:competitionId:285023:assists:rank_asc:page:14,urn:gd:story:classification:gcp_top_scorer:competitionId:285023:assists:rank_asc:page:14
419681,285023_43961,Kristian Thorstvedt,Norway,MF,0,0,75,740,top_scorer,urn:gd:story:classification:gcp_top_scorer:competitionId:285023:assists:rank_asc:page:14,urn:gd:story:classification:gcp_top_scorer:competitionId:285023:assists:rank_asc:page:14
339112,285023_43976,Jason Geria,Australia,DF,0,0,75,741,top_scorer,urn:gd:story:classification:gcp_top_scorer:competitionId:285023:assists:rank_asc:page:14,urn:gd:story:classification:gcp_top_scorer:competitionId:285023:assists:rank_asc:page:14
485595,285023_43922,Giuliano Simeone,Argentina,FW,0,0,75,742,top_scorer,urn:gd:story:classification:gcp_top_scorer:competitionId:285023:assists:rank_asc:page:14,urn:gd:story:classification:gcp_top_scorer:competitionId:285023:assists:rank_asc:page:14
473113,285023_43942,Eberechi Eze,England,MF,0,0,75,743,top_scorer,urn:gd:story:classification:gcp_top_scorer:competitionId:285023:assists:rank_asc:page:14,urn:gd:story:classification:gcp_top_scorer:competitionId:285023:assists:rank_asc:page:14
479080,285023_44005,Oston Urunov,Uzbekistan,MF,0,0,75,745,top_scorer,urn:gd:story:classification:gcp_top_scorer:competitionId:285023:assists:rank_asc:page:14,urn:gd:story:classification:gcp_top_scorer:competitionId:285023:assists:rank_asc:page:14
395216,285023_43963,Ruben Neves,Portugal,MF,0,0,76,746,top_scorer,urn:gd:story:classification:gcp_top_scorer:competitionId:285023:assists:rank_asc:page:14,urn:gd:story:classification:gcp_top_scorer:competitionId:285023:assists:rank_asc:page:14
466669,285023_43914,Azarias Londono,Panama,FW,0,0,76,747,top_scorer,urn:gd:story:classification:gcp_top_scorer:competitionId:285023:assists:rank_asc:page:14,urn:gd:story:classification:gcp_top_scorer:competitionId:285023:assists:rank_asc:page:14
497902,285023_43935,Diego Moreira,Belgium,MF,0,0,76,748,top_scorer,urn:gd:story:classification:gcp_top_scorer:competitionId:285023:assists:rank_asc:page:14,urn:gd:story:classification:gcp_top_scorer:competitionId:285023:assists:rank_asc:page:14
433461,285023_43855,Zizo,Egypt,FW,0,0,78,749,top_scorer,urn:gd:story:classification:gcp_top_scorer:competitionId:285023:assists:rank_asc:page:14,urn:gd:story:classification:gcp_top_scorer:competitionId:285023:assists:rank_asc:page:14
498514,285023_43820,Ali Azaizeh,Jordan,FW,0,0,78,750,top_scorer,urn:gd:story:classification:gcp_top_scorer:competitionId:285023:assists:rank_asc:page:14,urn:gd:story:classification:gcp_top_scorer:competitionId:285023:assists:rank_asc:page:14
403002,285023_43963,Diogo Dalot,Portugal,DF,0,0,78,751,top_scorer,urn:gd:story:classification:gcp_top_scorer:competitionId:285023:assists:rank_asc:page:14,urn:gd:story:classification:gcp_top_scorer:competitionId:285023:assists:rank_asc:page:14
442428,285023_43967,Aaron Hickey,Scotland,DF,0,0,79,752,top_scorer,urn:gd:story:classification:gcp_top_scorer:competitionId:285023:assists:rank_asc:page:14,urn:gd:story:classification:gcp_top_scorer:competitionId:285023:assists:rank_asc:page:14
416652,285023_43978,Jesse Randall,New Zealand,FW,0,0,79,753,top_scorer,urn:gd:story:classification:gcp_top_scorer:competitionId:285023:assists:rank_asc:page:14,urn:gd:story:classification:gcp_top_scorer:competitionId:285023:assists:rank_asc:page:14
494411,285023_43976,Kai Trewin,Australia,DF,0,0,81,755,top_scorer,urn:gd:story:classification:gcp_top_scorer:competitionId:285023:assists:rank_asc:page:15,urn:gd:story:classification:gcp_top_scorer:competitionId:285023:assists:rank_asc:page:15
441422,285023_43922,Nico Paz,Argentina,FW,0,0,81,756,top_scorer,urn:gd:story:classification:gcp_top_scorer:competitionId:285023:assists:rank_asc:page:15,urn:gd:story:classification:gcp_top_scorer:competitionId:285023:assists:rank_asc:page:15
336472,285023_43938,Andrej Kramaric,Croatia,FW,0,0,81,757,top_scorer,urn:gd:story:classification:gcp_top_scorer:competitionId:285023:assists:rank_asc:page:15,urn:gd:story:classification:gcp_top_scorer:competitionId:285023:assists:rank_asc:page:15
419055,285023_43921,Brenden Aaronson,USA,FW,0,0,82,758,top_scorer,urn:gd:story:classification:gcp_top_scorer:competitionId:285023:assists:rank_asc:page:15,urn:gd:story:classification:gcp_top_scorer:competitionId:285023:assists:rank_asc:page:15
495488,285023_43855,Hamza Abdelkarim,Egypt,FW,0,0,83,759,top_scorer,urn:gd:story:classification:gcp_top_scorer:competitionId:285023:assists:rank_asc:page:15,urn:gd:story:classification:gcp_top_scorer:competitionId:285023:assists:rank_asc:page:15
423658,285023_43969,Yeremy Pino,Spain,FW,0,0,83,760,top_scorer,urn:gd:story:classification:gcp_top_scorer:competitionId:285023:assists:rank_asc:page:15,urn:gd:story:classification:gcp_top_scorer:competitionId:285023:assists:rank_asc:page:15
424047,285023_1895293,Jeremy Antonisse,Curaçao,FW,0,0,85,761,top_scorer,urn:gd:story:classification:gcp_top_scorer:competitionId:285023:assists:rank_asc:page:15,urn:gd:story:classification:gcp_top_scorer:competitionId:285023:assists:rank_asc:page:15
447866,285023_43969,Gavi,Spain,MF,0,0,85,763,top_scorer,urn:gd:story:classification:gcp_top_scorer:competitionId:285023:assists:rank_asc:page:15,urn:gd:story:classification:gcp_top_scorer:competitionId:285023:assists:rank_asc:page:15
337251,285023_43914,Cecilio Waterman,Panama,FW,0,0,85,764,top_scorer,urn:gd:story:classification:gcp_top_scorer:competitionId:285023:assists:rank_asc:page:15,urn:gd:story:classification:gcp_top_scorer:competitionId:285023:assists:rank_asc:page:15
461177,285023_43911,Obed Vargas,Mexico,MF,0,0,85,765,top_scorer,urn:gd:story:classification:gcp_top_scorer:competitionId:285023:assists:rank_asc:page:15,urn:gd:story:classification:gcp_top_scorer:competitionId:285023:assists:rank_asc:page:15
386339,285023_43911,Guillermo Martinez,Mexico,FW,0,0,87,768,top_scorer,urn:gd:story:classification:gcp_top_scorer:competitionId:285023:assists:rank_asc:page:15,urn:gd:story:classification:gcp_top_scorer:competitionId:285023:assists:rank_asc:page:15
491166,285023_43976,Nishan Velupillay,Australia,FW,0,0,88,769,top_scorer,urn:gd:story:classification:gcp_top_scorer:competitionId:285023:assists:rank_asc:page:15,urn:gd:story:classification:gcp_top_scorer:competitionId:285023:assists:rank_asc:page:15
419302,285023_43835,Abdullah Alhamddan,Saudi Arabia,FW,0,0,88,771,top_scorer,urn:gd:story:classification:gcp_top_scorer:competitionId:285023:assists:rank_asc:page:15,urn:gd:story:classification:gcp_top_scorer:competitionId:285023:assists:rank_asc:page:15
434024,285023_43818,Munaf Younus,Iraq,DF,0,0,89,772,top_scorer,urn:gd:story:classification:gcp_top_scorer:competitionId:285023:assists:rank_asc:page:15,urn:gd:story:classification:gcp_top_scorer:competitionId:285023:assists:rank_asc:page:15
510908,285023_43971,Luca Jaquez,Switzerland,DF,0,0,89,773,top_scorer,urn:gd:story:classification:gcp_top_scorer:competitionId:285023:assists:rank_asc:page:15,urn:gd:story:classification:gcp_top_scorer:competitionId:285023:assists:rank_asc:page:15
315614,285023_43926,Santiago Arias,Colombia,DF,0,0,89,774,top_scorer,urn:gd:story:classification:gcp_top_scorer:competitionId:285023:assists:rank_asc:page:15,urn:gd:story:classification:gcp_top_scorer:competitionId:285023:assists:rank_asc:page:15
406304,285023_43921,Timothy Weah,USA,FW,0,0,90,775,top_scorer,urn:gd:story:classification:gcp_top_scorer:competitionId:285023:assists:rank_asc:page:15,urn:gd:story:classification:gcp_top_scorer:competitionId:285023:assists:rank_asc:page:15
373344,285023_43850,Garry Rodrigues,Cabo Verde,MF,0,0,90,777,top_scorer,urn:gd:story:classification:gcp_top_scorer:competitionId:285023:assists:rank_asc:page:15,urn:gd:story:classification:gcp_top_scorer:competitionId:285023:assists:rank_asc:page:15
441239,285023_43914,Jorge Gutierrez,Panama,DF,0,0,90,778,top_scorer,urn:gd:story:classification:gcp_top_scorer:competitionId:285023:assists:rank_asc:page:15,urn:gd:story:classification:gcp_top_scorer:competitionId:285023:assists:rank_asc:page:15
404319,285023_43976,Ajdin Hrustic,Australia,FW,0,0,90,779,top_scorer,urn:gd:story:classification:gcp_top_scorer:competitionId:285023:assists:rank_asc:page:15,urn:gd:story:classification:gcp_top_scorer:competitionId:285023:assists:rank_asc:page:15
371345,285023_44005,Odiljon Xamrobekov,Uzbekistan,MF,0,0,90,780,top_scorer,urn:gd:story:classification:gcp_top_scorer:competitionId:285023:assists:rank_asc:page:15,urn:gd:story:classification:gcp_top_scorer:competitionId:285023:assists:rank_asc:page:15
498458,285023_43834,Mohamed Manai,Qatar,FW,0,0,91,781,top_scorer,urn:gd:story:classification:gcp_top_scorer:competitionId:285023:assists:rank_asc:page:15,urn:gd:story:classification:gcp_top_scorer:competitionId:285023:assists:rank_asc:page:15
448522,285023_43860,Alidu Seidu,Ghana,DF,0,0,92,782,top_scorer,urn:gd:story:classification:gcp_top_scorer:competitionId:285023:assists:rank_asc:page:15,urn:gd:story:classification:gcp_top_scorer:competitionId:285023:assists:rank_asc:page:15
477862,285023_43850,Gilson Benchimol,Cabo Verde,FW,0,0,93,783,top_scorer,urn:gd:story:classification:gcp_top_scorer:competitionId:285023:assists:rank_asc:page:15,urn:gd:story:classification:gcp_top_scorer:competitionId:285023:assists:rank_asc:page:15
506202,285023_43854,Bazoumana Toure,Côte d'Ivoire,FW,0,0,94,786,top_scorer,urn:gd:story:classification:gcp_top_scorer:competitionId:285023:assists:rank_asc:page:15,urn:gd:story:classification:gcp_top_scorer:competitionId:285023:assists:rank_asc:page:15
431861,285023_43946,Rayan Cherki,France,MF,0,0,94,787,top_scorer,urn:gd:story:classification:gcp_top_scorer:competitionId:285023:assists:rank_asc:page:15,urn:gd:story:classification:gcp_top_scorer:competitionId:285023:assists:rank_asc:page:15
418798,285023_43879,Pape Matar Sarr,Senegal,MF,0,0,94,788,top_scorer,urn:gd:story:classification:gcp_top_scorer:competitionId:285023:assists:rank_asc:page:15,urn:gd:story:classification:gcp_top_scorer:competitionId:285023:assists:rank_asc:page:15
369768,285023_43928,Antonio Sanabria,Paraguay,FW,0,0,95,789,top_scorer,urn:gd:story:classification:gcp_top_scorer:competitionId:285023:assists:rank_asc:page:15,urn:gd:story:classification:gcp_top_scorer:competitionId:285023:assists:rank_asc:page:15
394456,285023_43924,Fabinho,Brazil,MF,0,0,95,790,top_scorer,urn:gd:story:classification:gcp_top_scorer:competitionId:285023:assists:rank_asc:page:15,urn:gd:story:classification:gcp_top_scorer:competitionId:285023:assists:rank_asc:page:15
489523,285023_44037,Armin Gigovic,Bosnia and Herzegovina,MF,0,0,95,791,top_scorer,urn:gd:story:classification:gcp_top_scorer:competitionId:285023:assists:rank_asc:page:15,urn:gd:story:classification:gcp_top_scorer:competitionId:285023:assists:rank_asc:page:15
486076,285023_43972,Oguz Aydin,Türkiye,FW,0,0,97,793,top_scorer,urn:gd:story:classification:gcp_top_scorer:competitionId:285023:assists:rank_asc:page:15,urn:gd:story:classification:gcp_top_scorer:competitionId:285023:assists:rank_asc:page:15
405527,285023_43819,Ayumu Seko,Japan,DF,0,0,97,794,top_scorer,urn:gd:story:classification:gcp_top_scorer:competitionId:285023:assists:rank_asc:page:15,urn:gd:story:classification:gcp_top_scorer:competitionId:285023:assists:rank_asc:page:15
504502,285023_43888,Sebastian Tounekti,Tunisia,MF,0,0,98,795,top_scorer,urn:gd:story:classification:gcp_top_scorer:competitionId:285023:assists:rank_asc:page:15,urn:gd:story:classification:gcp_top_scorer:competitionId:285023:assists:rank_asc:page:15
385030,285023_43914,Fidel Escobar,Panama,DF,0,0,98,796,top_scorer,urn:gd:story:classification:gcp_top_scorer:competitionId:285023:assists:rank_asc:page:15,urn:gd:story:classification:gcp_top_scorer:competitionId:285023:assists:rank_asc:page:15
394376,285023_43926,Deiver Machado,Colombia,DF,0,0,99,797,top_scorer,urn:gd:story:classification:gcp_top_scorer:competitionId:285023:assists:rank_asc:page:15,urn:gd:story:classification:gcp_top_scorer:competitionId:285023:assists:rank_asc:page:15
482783,285023_43850,Wagner Pina,Cabo Verde,DF,0,0,99,798,top_scorer,urn:gd:story:classification:gcp_top_scorer:competitionId:285023:assists:rank_asc:page:15,urn:gd:story:classification:gcp_top_scorer:competitionId:285023:assists:rank_asc:page:15
514334,285023_43995,Stepan Chaloupek,Czechia,DF,0,0,99,799,top_scorer,urn:gd:story:classification:gcp_top_scorer:competitionId:285023:assists:rank_asc:page:15,urn:gd:story:classification:gcp_top_scorer:competitionId:285023:assists:rank_asc:page:15
430401,285023_43819,Tsuyoshi Watanabe,Japan,DF,0,0,99,800,top_scorer,urn:gd:story:classification:gcp_top_scorer:competitionId:285023:assists:rank_asc:page:15,urn:gd:story:classification:gcp_top_scorer:competitionId:285023:assists:rank_asc:page:15
483936,285023_43995,David Doudera,Czechia,DF,0,0,100,801,top_scorer,urn:gd:story:classification:gcp_top_scorer:competitionId:285023:assists:rank_asc:page:15,urn:gd:story:classification:gcp_top_scorer:competitionId:285023:assists:rank_asc:page:15
389485,285023_43922,Exequiel Palacios,Argentina,MF,0,0,100,802,top_scorer,urn:gd:story:classification:gcp_top_scorer:competitionId:285023:assists:rank_asc:page:15,urn:gd:story:classification:gcp_top_scorer:competitionId:285023:assists:rank_asc:page:15
402934,285023_43922,Marcos Senesi,Argentina,DF,0,0,100,802,top_scorer,urn:gd:story:classification:gcp_top_scorer:competitionId:285023:assists:rank_asc:page:15,urn:gd:story:classification:gcp_top_scorer:competitionId:285023:assists:rank_asc:page:15
405881,285023_43946,Maxence Lacroix,France,DF,0,0,100,805,top_scorer,urn:gd:story:classification:gcp_top_scorer:competitionId:285023:assists:rank_asc:page:15,urn:gd:story:classification:gcp_top_scorer:competitionId:285023:assists:rank_asc:page:15
419662,285023_43961,Jorgen Strand Larsen,Norway,FW,0,0,100,805,top_scorer,urn:gd:story:classification:gcp_top_scorer:competitionId:285023:assists:rank_asc:page:15,urn:gd:story:classification:gcp_top_scorer:competitionId:285023:assists:rank_asc:page:15
483535,285023_43961,Egil Selvik,Norway,GK,0,0,100,805,top_scorer,urn:gd:story:classification:gcp_top_scorer:competitionId:285023:assists:rank_asc:page:15,urn:gd:story:classification:gcp_top_scorer:competitionId:285023:assists:rank_asc:page:15
477802,285023_43854,Ousmane Diomande,Côte d'Ivoire,DF,0,0,100,808,top_scorer,urn:gd:story:classification:gcp_top_scorer:competitionId:285023:assists:rank_asc:page:15,urn:gd:story:classification:gcp_top_scorer:competitionId:285023:assists:rank_asc:page:15
486260,285023_43854,Christopher Operi,Côte d'Ivoire,DF,0,0,100,808,top_scorer,urn:gd:story:classification:gcp_top_scorer:competitionId:285023:assists:rank_asc:page:15,urn:gd:story:classification:gcp_top_scorer:competitionId:285023:assists:rank_asc:page:15
398569,285023_1895293,Riechedly Bazoer,Curaçao,DF,0,0,100,810,top_scorer,urn:gd:story:classification:gcp_top_scorer:competitionId:285023:assists:rank_asc:page:15,urn:gd:story:classification:gcp_top_scorer:competitionId:285023:assists:rank_asc:page:15
492358,285023_43963,Tomas Araujo,Portugal,DF,0,0,100,811,top_scorer,urn:gd:story:classification:gcp_top_scorer:competitionId:285023:assists:rank_asc:page:15,urn:gd:story:classification:gcp_top_scorer:competitionId:285023:assists:rank_asc:page:15
520245,285023_43888,Mouhib Chamakh,Tunisia,GK,0,0,100,812,top_scorer,urn:gd:story:classification:gcp_top_scorer:competitionId:285023:assists:rank_asc:page:15,urn:gd:story:classification:gcp_top_scorer:competitionId:285023:assists:rank_asc:page:15
423700,285023_43921,Joe Scally,USA,DF,0,0,100,813,top_scorer,urn:gd:story:classification:gcp_top_scorer:competitionId:285023:assists:rank_asc:page:15,urn:gd:story:classification:gcp_top_scorer:competitionId:285023:assists:rank_asc:page:15
389782,285023_43927,Pervis Estupinan,Ecuador,DF,0,0,100,814,top_scorer,urn:gd:story:classification:gcp_top_scorer:competitionId:285023:assists:rank_asc:page:16,urn:gd:story:classification:gcp_top_scorer:competitionId:285023:assists:rank_asc:page:16
477817,285023_43843,Oussama Benbot,Algeria,GK,0,0,100,815,top_scorer,urn:gd:story:classification:gcp_top_scorer:competitionId:285023:assists:rank_asc:page:16,urn:gd:story:classification:gcp_top_scorer:competitionId:285023:assists:rank_asc:page:16
463221,285023_43883,Nkosinathi Sibisi,South Africa,DF,0,0,101,816,top_scorer,urn:gd:story:classification:gcp_top_scorer:competitionId:285023:assists:rank_asc:page:16,urn:gd:story:classification:gcp_top_scorer:competitionId:285023:assists:rank_asc:page:16
385248,285023_43934,Florian Grillitsch,Austria,MF,0,0,102,817,top_scorer,urn:gd:story:classification:gcp_top_scorer:competitionId:285023:assists:rank_asc:page:16,urn:gd:story:classification:gcp_top_scorer:competitionId:285023:assists:rank_asc:page:16
442431,285023_43967,Scott Mckenna,Scotland,DF,0,0,102,818,top_scorer,urn:gd:story:classification:gcp_top_scorer:competitionId:285023:assists:rank_asc:page:16,urn:gd:story:classification:gcp_top_scorer:competitionId:285023:assists:rank_asc:page:16
406231,285023_43972,Yunus Akgun,Türkiye,FW,0,0,103,819,top_scorer,urn:gd:story:classification:gcp_top_scorer:competitionId:285023:assists:rank_asc:page:16,urn:gd:story:classification:gcp_top_scorer:competitionId:285023:assists:rank_asc:page:16
405175,285023_43854,Seko Fofana,Côte d'Ivoire,MF,0,0,103,820,top_scorer,urn:gd:story:classification:gcp_top_scorer:competitionId:285023:assists:rank_asc:page:16,urn:gd:story:classification:gcp_top_scorer:competitionId:285023:assists:rank_asc:page:16
336641,285023_43978,Ryan Thomas,New Zealand,MF,0,0,103,821,top_scorer,urn:gd:story:classification:gcp_top_scorer:competitionId:285023:assists:rank_asc:page:16,urn:gd:story:classification:gcp_top_scorer:competitionId:285023:assists:rank_asc:page:16
411226,285023_43971,Djibril Sow,Switzerland,MF,0,0,104,822,top_scorer,urn:gd:story:classification:gcp_top_scorer:competitionId:285023:assists:rank_asc:page:16,urn:gd:story:classification:gcp_top_scorer:competitionId:285023:assists:rank_asc:page:16
288961,285023_43817,Ehsan Hajisafi,IR Iran,DF,0,0,104,823,top_scorer,urn:gd:story:classification:gcp_top_scorer:competitionId:285023:assists:rank_asc:page:16,urn:gd:story:classification:gcp_top_scorer:competitionId:285023:assists:rank_asc:page:16
482670,285023_43817,Mohammad Ghorbani,IR Iran,MF,0,0,104,824,top_scorer,urn:gd:story:classification:gcp_top_scorer:competitionId:285023:assists:rank_asc:page:16,urn:gd:story:classification:gcp_top_scorer:competitionId:285023:assists:rank_asc:page:16
430518,285023_43835,Nawaf Bu Washl,Saudi Arabia,DF,0,0,104,825,top_scorer,urn:gd:story:classification:gcp_top_scorer:competitionId:285023:assists:rank_asc:page:16,urn:gd:story:classification:gcp_top_scorer:competitionId:285023:assists:rank_asc:page:16
406249,285023_43972,Ozan Kabak,Türkiye,DF,0,0,104,826,top_scorer,urn:gd:story:classification:gcp_top_scorer:competitionId:285023:assists:rank_asc:page:16,urn:gd:story:classification:gcp_top_scorer:competitionId:285023:assists:rank_asc:page:16
419077,285023_43921,Mark Mckenzie,USA,DF,0,0,104,826,top_scorer,urn:gd:story:classification:gcp_top_scorer:competitionId:285023:assists:rank_asc:page:16,urn:gd:story:classification:gcp_top_scorer:competitionId:285023:assists:rank_asc:page:16
436599,285023_43921,Miles Robinson,USA,DF,0,0,104,826,top_scorer,urn:gd:story:classification:gcp_top_scorer:competitionId:285023:assists:rank_asc:page:16,urn:gd:story:classification:gcp_top_scorer:competitionId:285023:assists:rank_asc:page:16
448217,285023_43921,Matt Turner,USA,GK,0,0,104,826,top_scorer,urn:gd:story:classification:gcp_top_scorer:competitionId:285023:assists:rank_asc:page:16,urn:gd:story:classification:gcp_top_scorer:competitionId:285023:assists:rank_asc:page:16
436863,285023_43818,Frans Putros,Iraq,DF,0,0,105,830,top_scorer,urn:gd:story:classification:gcp_top_scorer:competitionId:285023:assists:rank_asc:page:16,urn:gd:story:classification:gcp_top_scorer:competitionId:285023:assists:rank_asc:page:16
479077,285023_44005,Utkir Yusupov,Uzbekistan,GK,0,0,105,831,top_scorer,urn:gd:story:classification:gcp_top_scorer:competitionId:285023:assists:rank_asc:page:16,urn:gd:story:classification:gcp_top_scorer:competitionId:285023:assists:rank_asc:page:16
419463,285023_43834,Yusuf Abdurisag,Qatar,FW,0,0,105,832,top_scorer,urn:gd:story:classification:gcp_top_scorer:competitionId:285023:assists:rank_asc:page:16,urn:gd:story:classification:gcp_top_scorer:competitionId:285023:assists:rank_asc:page:16
448505,285023_43817,Saleh Hardani,IR Iran,DF,0,0,107,833,top_scorer,urn:gd:story:classification:gcp_top_scorer:competitionId:285023:assists:rank_asc:page:16,urn:gd:story:classification:gcp_top_scorer:competitionId:285023:assists:rank_asc:page:16
463800,285023_43934,Carney Chukwuemeka,Austria,MF,0,0,108,834,top_scorer,urn:gd:story:classification:gcp_top_scorer:competitionId:285023:assists:rank_asc:page:16,urn:gd:story:classification:gcp_top_scorer:competitionId:285023:assists:rank_asc:page:16
481180,285023_43817,Shahriyar Moghanloo,IR Iran,FW,0,0,108,835,top_scorer,urn:gd:story:classification:gcp_top_scorer:competitionId:285023:assists:rank_asc:page:16,urn:gd:story:classification:gcp_top_scorer:competitionId:285023:assists:rank_asc:page:16
369530,285023_43926,Jhon Cordoba,Colombia,FW,0,0,108,836,top_scorer,urn:gd:story:classification:gcp_top_scorer:competitionId:285023:assists:rank_asc:page:16,urn:gd:story:classification:gcp_top_scorer:competitionId:285023:assists:rank_asc:page:16
464906,285023_44005,Jakhongir Urozov,Uzbekistan,DF,0,0,112,837,top_scorer,urn:gd:story:classification:gcp_top_scorer:competitionId:285023:assists:rank_asc:page:16,urn:gd:story:classification:gcp_top_scorer:competitionId:285023:assists:rank_asc:page:16
423575,285023_43978,Ben Old,New Zealand,MF,0,0,112,838,top_scorer,urn:gd:story:classification:gcp_top_scorer:competitionId:285023:assists:rank_asc:page:16,urn:gd:story:classification:gcp_top_scorer:competitionId:285023:assists:rank_asc:page:16
354861,285023_43834,Karim Boudiaf,Qatar,MF,0,0,114,839,top_scorer,urn:gd:story:classification:gcp_top_scorer:competitionId:285023:assists:rank_asc:page:16,urn:gd:story:classification:gcp_top_scorer:competitionId:285023:assists:rank_asc:page:16
430097,285023_43967,Ryan Christie,Scotland,MF,0,0,114,840,top_scorer,urn:gd:story:classification:gcp_top_scorer:competitionId:285023:assists:rank_asc:page:16,urn:gd:story:classification:gcp_top_scorer:competitionId:285023:assists:rank_asc:page:16
491255,285023_43970,Daniel Svensson,Sweden,DF,0,0,114,841,top_scorer,urn:gd:story:classification:gcp_top_scorer:competitionId:285023:assists:rank_asc:page:16,urn:gd:story:classification:gcp_top_scorer:competitionId:285023:assists:rank_asc:page:16
482874,285023_43843,Anis Hadj Moussa,Algeria,FW,0,0,114,842,top_scorer,urn:gd:story:classification:gcp_top_scorer:competitionId:285023:assists:rank_asc:page:16,urn:gd:story:classification:gcp_top_scorer:competitionId:285023:assists:rank_asc:page:16
482931,285023_43938,Marco Pasalic,Croatia,FW,0,0,114,843,top_scorer,urn:gd:story:classification:gcp_top_scorer:competitionId:285023:assists:rank_asc:page:16,urn:gd:story:classification:gcp_top_scorer:competitionId:285023:assists:rank_asc:page:16
401712,285023_43967,Kieran Tierney,Scotland,DF,0,0,115,844,top_scorer,urn:gd:story:classification:gcp_top_scorer:competitionId:285023:assists:rank_asc:page:16,urn:gd:story:classification:gcp_top_scorer:competitionId:285023:assists:rank_asc:page:16
402898,285023_43930,Nicolas De La Cruz,Uruguay,MF,0,0,115,845,top_scorer,urn:gd:story:classification:gcp_top_scorer:competitionId:285023:assists:rank_asc:page:16,urn:gd:story:classification:gcp_top_scorer:competitionId:285023:assists:rank_asc:page:16
485804,285023_43928,Gustavo Caballero,Paraguay,MF,0,0,117,846,top_scorer,urn:gd:story:classification:gcp_top_scorer:competitionId:285023:assists:rank_asc:page:16,urn:gd:story:classification:gcp_top_scorer:competitionId:285023:assists:rank_asc:page:16
430759,285023_43911,Santiago Gimenez,Mexico,FW,0,0,117,847,top_scorer,urn:gd:story:classification:gcp_top_scorer:competitionId:285023:assists:rank_asc:page:16,urn:gd:story:classification:gcp_top_scorer:competitionId:285023:assists:rank_asc:page:16
356189,285023_43942,Jordan Henderson,England,MF,0,0,119,848,top_scorer,urn:gd:story:classification:gcp_top_scorer:competitionId:285023:assists:rank_asc:page:16,urn:gd:story:classification:gcp_top_scorer:competitionId:285023:assists:rank_asc:page:16
482775,285023_43978,Tyler Bindon,New Zealand,DF,0,0,120,849,top_scorer,urn:gd:story:classification:gcp_top_scorer:competitionId:285023:assists:rank_asc:page:16,urn:gd:story:classification:gcp_top_scorer:competitionId:285023:assists:rank_asc:page:16
356412,285023_43971,Silvan Widmer,Switzerland,DF,0,0,120,850,top_scorer,urn:gd:story:classification:gcp_top_scorer:competitionId:285023:assists:rank_asc:page:16,urn:gd:story:classification:gcp_top_scorer:competitionId:285023:assists:rank_asc:page:16
423880,285023_43822,Lee Taeseok,Korea Republic,DF,0,0,120,851,top_scorer,urn:gd:story:classification:gcp_top_scorer:competitionId:285023:assists:rank_asc:page:16,urn:gd:story:classification:gcp_top_scorer:competitionId:285023:assists:rank_asc:page:16
389907,285023_43972,Salih Ozcan,Türkiye,MF,0,0,120,852,top_scorer,urn:gd:story:classification:gcp_top_scorer:competitionId:285023:assists:rank_asc:page:16,urn:gd:story:classification:gcp_top_scorer:competitionId:285023:assists:rank_asc:page:16
371393,285023_44005,Dostonbek Khamdamov,Uzbekistan,MF,0,0,120,853,top_scorer,urn:gd:story:classification:gcp_top_scorer:competitionId:285023:assists:rank_asc:page:16,urn:gd:story:classification:gcp_top_scorer:competitionId:285023:assists:rank_asc:page:16
477855,285023_43850,Joao Paulo,Cabo Verde,MF,0,0,121,854,top_scorer,urn:gd:story:classification:gcp_top_scorer:competitionId:285023:assists:rank_asc:page:16,urn:gd:story:classification:gcp_top_scorer:competitionId:285023:assists:rank_asc:page:16
505097,285023_43872,Samir El Mourabet,Morocco,MF,0,0,121,855,top_scorer,urn:gd:story:classification:gcp_top_scorer:competitionId:285023:assists:rank_asc:page:16,urn:gd:story:classification:gcp_top_scorer:competitionId:285023:assists:rank_asc:page:16
463809,285023_43942,Jarell Quansah,England,DF,0,0,121,856,top_scorer,urn:gd:story:classification:gcp_top_scorer:competitionId:285023:assists:rank_asc:page:16,urn:gd:story:classification:gcp_top_scorer:competitionId:285023:assists:rank_asc:page:16
379953,285023_43948,Leon Goretzka,Germany,MF,0,0,122,857,top_scorer,urn:gd:story:classification:gcp_top_scorer:competitionId:285023:assists:rank_asc:page:16,urn:gd:story:classification:gcp_top_scorer:competitionId:285023:assists:rank_asc:page:16
395083,285023_43822,Hwang Heechan,Korea Republic,MF,0,0,123,858,top_scorer,urn:gd:story:classification:gcp_top_scorer:competitionId:285023:assists:rank_asc:page:16,urn:gd:story:classification:gcp_top_scorer:competitionId:285023:assists:rank_asc:page:16
430657,285023_43948,David Raum,Germany,DF,0,0,123,859,top_scorer,urn:gd:story:classification:gcp_top_scorer:competitionId:285023:assists:rank_asc:page:16,urn:gd:story:classification:gcp_top_scorer:competitionId:285023:assists:rank_asc:page:16
482885,285023_43888,Elias Saad,Tunisia,FW,0,0,124,860,top_scorer,urn:gd:story:classification:gcp_top_scorer:competitionId:285023:assists:rank_asc:page:16,urn:gd:story:classification:gcp_top_scorer:competitionId:285023:assists:rank_asc:page:16
482869,285023_43843,Jaouen Hadjam,Algeria,DF,0,0,125,861,top_scorer,urn:gd:story:classification:gcp_top_scorer:competitionId:285023:assists:rank_asc:page:16,urn:gd:story:classification:gcp_top_scorer:competitionId:285023:assists:rank_asc:page:16
390525,285023_43822,Lee Jaesung,Korea Republic,MF,0,0,125,862,top_scorer,urn:gd:story:classification:gcp_top_scorer:competitionId:285023:assists:rank_asc:page:16,urn:gd:story:classification:gcp_top_scorer:competitionId:285023:assists:rank_asc:page:16
485068,285023_43938,Igor Matanovic,Croatia,FW,0,0,125,863,top_scorer,urn:gd:story:classification:gcp_top_scorer:competitionId:285023:assists:rank_asc:page:16,urn:gd:story:classification:gcp_top_scorer:competitionId:285023:assists:rank_asc:page:16
448411,285023_43899,Jacob Shaffelburg,Canada,MF,0,0,126,864,top_scorer,urn:gd:story:classification:gcp_top_scorer:competitionId:285023:assists:rank_asc:page:17,urn:gd:story:classification:gcp_top_scorer:competitionId:285023:assists:rank_asc:page:17
433679,285023_43843,Ramiz Zerrouki,Algeria,MF,0,0,126,865,top_scorer,urn:gd:story:classification:gcp_top_scorer:competitionId:285023:assists:rank_asc:page:17,urn:gd:story:classification:gcp_top_scorer:competitionId:285023:assists:rank_asc:page:17
484270,285023_43818,Zaid Ismael,Iraq,MF,0,0,126,866,top_scorer,urn:gd:story:classification:gcp_top_scorer:competitionId:285023:assists:rank_asc:page:17,urn:gd:story:classification:gcp_top_scorer:competitionId:285023:assists:rank_asc:page:17
448364,285023_43935,Amadou Onana,Belgium,MF,0,0,127,867,top_scorer,urn:gd:story:classification:gcp_top_scorer:competitionId:285023:assists:rank_asc:page:17,urn:gd:story:classification:gcp_top_scorer:competitionId:285023:assists:rank_asc:page:17
464133,285023_43854,Elye Wahi,Côte d'Ivoire,FW,0,0,127,868,top_scorer,urn:gd:story:classification:gcp_top_scorer:competitionId:285023:assists:rank_asc:page:17,urn:gd:story:classification:gcp_top_scorer:competitionId:285023:assists:rank_asc:page:17
473050,285023_43926,Richard Rios,Colombia,MF,0,0,129,869,top_scorer,urn:gd:story:classification:gcp_top_scorer:competitionId:285023:assists:rank_asc:page:17,urn:gd:story:classification:gcp_top_scorer:competitionId:285023:assists:rank_asc:page:17
481027,285023_43908,Louicius Deedson,Haiti,FW,0,0,129,870,top_scorer,urn:gd:story:classification:gcp_top_scorer:competitionId:285023:assists:rank_asc:page:17,urn:gd:story:classification:gcp_top_scorer:competitionId:285023:assists:rank_asc:page:17
463236,285023_43883,Jayden Adams,South Africa,MF,0,0,130,871,top_scorer,urn:gd:story:classification:gcp_top_scorer:competitionId:285023:assists:rank_asc:page:17,urn:gd:story:classification:gcp_top_scorer:competitionId:285023:assists:rank_asc:page:17
448103,285023_43971,Fabian Rieder,Switzerland,MF,0,0,131,872,top_scorer,urn:gd:story:classification:gcp_top_scorer:competitionId:285023:assists:rank_asc:page:17,urn:gd:story:classification:gcp_top_scorer:competitionId:285023:assists:rank_asc:page:17
430120,285023_43972,Mert Muldur,Türkiye,DF,0,0,132,873,top_scorer,urn:gd:story:classification:gcp_top_scorer:competitionId:285023:assists:rank_asc:page:17,urn:gd:story:classification:gcp_top_scorer:competitionId:285023:assists:rank_asc:page:17
395205,285023_43963,Bernardo Silva,Portugal,MF,0,0,133,874,top_scorer,urn:gd:story:classification:gcp_top_scorer:competitionId:285023:assists:rank_asc:page:17,urn:gd:story:classification:gcp_top_scorer:competitionId:285023:assists:rank_asc:page:17
484065,285023_43972,Eren Elmali,Türkiye,DF,0,0,134,875,top_scorer,urn:gd:story:classification:gcp_top_scorer:competitionId:285023:assists:rank_asc:page:17,urn:gd:story:classification:gcp_top_scorer:competitionId:285023:assists:rank_asc:page:17
419441,285023_43834,Homam Ahmed,Qatar,DF,0,0,134,876,top_scorer,urn:gd:story:classification:gcp_top_scorer:competitionId:285023:assists:rank_asc:page:17,urn:gd:story:classification:gcp_top_scorer:competitionId:285023:assists:rank_asc:page:17
485676,285023_43908,Lenny Joseph,Haiti,FW,0,0,134,877,top_scorer,urn:gd:story:classification:gcp_top_scorer:competitionId:285023:assists:rank_asc:page:17,urn:gd:story:classification:gcp_top_scorer:competitionId:285023:assists:rank_asc:page:17
523236,285023_43818,Ahmed Qasem,Iraq,FW,0,0,135,878,top_scorer,urn:gd:story:classification:gcp_top_scorer:competitionId:285023:assists:rank_asc:page:17,urn:gd:story:classification:gcp_top_scorer:competitionId:285023:assists:rank_asc:page:17
448523,285023_43860,Kamaldeen Sulemana,Ghana,FW,0,0,136,879,top_scorer,urn:gd:story:classification:gcp_top_scorer:competitionId:285023:assists:rank_asc:page:17,urn:gd:story:classification:gcp_top_scorer:competitionId:285023:assists:rank_asc:page:17
402974,285023_43927,Angelo Preciado,Ecuador,DF,0,0,137,880,top_scorer,urn:gd:story:classification:gcp_top_scorer:competitionId:285023:assists:rank_asc:page:17,urn:gd:story:classification:gcp_top_scorer:competitionId:285023:assists:rank_asc:page:17
484011,285023_43995,Lukas Provod,Czechia,MF,0,0,137,881,top_scorer,urn:gd:story:classification:gcp_top_scorer:competitionId:285023:assists:rank_asc:page:17,urn:gd:story:classification:gcp_top_scorer:competitionId:285023:assists:rank_asc:page:17
411376,285023_43860,Inaki Williams,Ghana,FW,0,0,140,882,top_scorer,urn:gd:story:classification:gcp_top_scorer:competitionId:285023:assists:rank_asc:page:17,urn:gd:story:classification:gcp_top_scorer:competitionId:285023:assists:rank_asc:page:17
372266,285023_43872,Sofyan Amrabat,Morocco,MF,0,0,140,883,top_scorer,urn:gd:story:classification:gcp_top_scorer:competitionId:285023:assists:rank_asc:page:17,urn:gd:story:classification:gcp_top_scorer:competitionId:285023:assists:rank_asc:page:17
386348,285023_43834,Assim Madibo,Qatar,MF,0,0,140,884,top_scorer,urn:gd:story:classification:gcp_top_scorer:competitionId:285023:assists:rank_asc:page:17,urn:gd:story:classification:gcp_top_scorer:competitionId:285023:assists:rank_asc:page:17
479086,285023_44005,Azizjon Ganiev,Uzbekistan,MF,0,0,140,885,top_scorer,urn:gd:story:classification:gcp_top_scorer:competitionId:285023:assists:rank_asc:page:17,urn:gd:story:classification:gcp_top_scorer:competitionId:285023:assists:rank_asc:page:17
464484,285023_43888,Ismael Gharbi,Tunisia,MF,0,0,142,886,top_scorer,urn:gd:story:classification:gcp_top_scorer:competitionId:285023:assists:rank_asc:page:17,urn:gd:story:classification:gcp_top_scorer:competitionId:285023:assists:rank_asc:page:17
441166,285023_43995,Jaroslav Zeleny,Czechia,DF,0,0,142,887,top_scorer,urn:gd:story:classification:gcp_top_scorer:competitionId:285023:assists:rank_asc:page:17,urn:gd:story:classification:gcp_top_scorer:competitionId:285023:assists:rank_asc:page:17
441350,285023_43843,Hicham Boudaoui,Algeria,MF,0,0,143,888,top_scorer,urn:gd:story:classification:gcp_top_scorer:competitionId:285023:assists:rank_asc:page:17,urn:gd:story:classification:gcp_top_scorer:competitionId:285023:assists:rank_asc:page:17
369434,285023_43942,John Stones,England,DF,0,0,143,889,top_scorer,urn:gd:story:classification:gcp_top_scorer:competitionId:285023:assists:rank_asc:page:17,urn:gd:story:classification:gcp_top_scorer:competitionId:285023:assists:rank_asc:page:17
433872,285023_43924,Raphinha,Brazil,FW,0,0,143,890,top_scorer,urn:gd:story:classification:gcp_top_scorer:competitionId:285023:assists:rank_asc:page:17,urn:gd:story:classification:gcp_top_scorer:competitionId:285023:assists:rank_asc:page:17
441188,285023_43972,Kerem Akturkoglu,Türkiye,FW,0,0,143,891,top_scorer,urn:gd:story:classification:gcp_top_scorer:competitionId:285023:assists:rank_asc:page:17,urn:gd:story:classification:gcp_top_scorer:competitionId:285023:assists:rank_asc:page:17
484051,285023_43967,Kenny Mclean,Scotland,MF,0,0,144,892,top_scorer,urn:gd:story:classification:gcp_top_scorer:competitionId:285023:assists:rank_asc:page:17,urn:gd:story:classification:gcp_top_scorer:competitionId:285023:assists:rank_asc:page:17
464457,285023_43818,Ali Jasim,Iraq,FW,0,0,144,893,top_scorer,urn:gd:story:classification:gcp_top_scorer:competitionId:285023:assists:rank_asc:page:17,urn:gd:story:classification:gcp_top_scorer:competitionId:285023:assists:rank_asc:page:17
448149,285023_43960,Teun Koopmeiners,Netherlands,MF,0,0,145,894,top_scorer,urn:gd:story:classification:gcp_top_scorer:competitionId:285023:assists:rank_asc:page:17,urn:gd:story:classification:gcp_top_scorer:competitionId:285023:assists:rank_asc:page:17
463746,285023_43924,Endrick,Brazil,FW,0,0,146,895,top_scorer,urn:gd:story:classification:gcp_top_scorer:competitionId:285023:assists:rank_asc:page:17,urn:gd:story:classification:gcp_top_scorer:competitionId:285023:assists:rank_asc:page:17
441135,285023_43970,Jesper Karlstrom,Sweden,MF,0,0,147,896,top_scorer,urn:gd:story:classification:gcp_top_scorer:competitionId:285023:assists:rank_asc:page:17,urn:gd:story:classification:gcp_top_scorer:competitionId:285023:assists:rank_asc:page:17
485064,285023_43899,Niko Sigur,Canada,DF,0,0,147,897,top_scorer,urn:gd:story:classification:gcp_top_scorer:competitionId:285023:assists:rank_asc:page:17,urn:gd:story:classification:gcp_top_scorer:competitionId:285023:assists:rank_asc:page:17
477856,285023_43850,Jovane Cabral,Cabo Verde,MF,0,0,148,898,top_scorer,urn:gd:story:classification:gcp_top_scorer:competitionId:285023:assists:rank_asc:page:17,urn:gd:story:classification:gcp_top_scorer:competitionId:285023:assists:rank_asc:page:17
433571,285023_43818,Ahmed Basil,Iraq,GK,0,0,149,899,top_scorer,urn:gd:story:classification:gcp_top_scorer:competitionId:285023:assists:rank_asc:page:17,urn:gd:story:classification:gcp_top_scorer:competitionId:285023:assists:rank_asc:page:17
502946,285023_43970,Benjamin Nygren,Sweden,MF,0,0,149,900,top_scorer,urn:gd:story:classification:gcp_top_scorer:competitionId:285023:assists:rank_asc:page:17,urn:gd:story:classification:gcp_top_scorer:competitionId:285023:assists:rank_asc:page:17
382312,285023_43976,Cameron Burgess,Australia,DF,0,0,152,901,top_scorer,urn:gd:story:classification:gcp_top_scorer:competitionId:285023:assists:rank_asc:page:17,urn:gd:story:classification:gcp_top_scorer:competitionId:285023:assists:rank_asc:page:17
404885,285023_43995,Tomas Soucek,Czechia,MF,0,0,152,902,top_scorer,urn:gd:story:classification:gcp_top_scorer:competitionId:285023:assists:rank_asc:page:17,urn:gd:story:classification:gcp_top_scorer:competitionId:285023:assists:rank_asc:page:17
396950,285023_43820,Mahmoud Almardi,Jordan,FW,0,0,152,903,top_scorer,urn:gd:story:classification:gcp_top_scorer:competitionId:285023:assists:rank_asc:page:17,urn:gd:story:classification:gcp_top_scorer:competitionId:285023:assists:rank_asc:page:17
484092,285023_43972,Ismail Yuksek,Türkiye,MF,0,0,153,904,top_scorer,urn:gd:story:classification:gcp_top_scorer:competitionId:285023:assists:rank_asc:page:17,urn:gd:story:classification:gcp_top_scorer:competitionId:285023:assists:rank_asc:page:17
512183,285023_43835,Mohammed Abu Alshamat,Saudi Arabia,DF,0,0,153,905,top_scorer,urn:gd:story:classification:gcp_top_scorer:competitionId:285023:assists:rank_asc:page:17,urn:gd:story:classification:gcp_top_scorer:competitionId:285023:assists:rank_asc:page:17
390534,285023_43817,Hossein Kanani,IR Iran,DF,0,0,154,906,top_scorer,urn:gd:story:classification:gcp_top_scorer:competitionId:285023:assists:rank_asc:page:17,urn:gd:story:classification:gcp_top_scorer:competitionId:285023:assists:rank_asc:page:17
347085,285023_43818,Jalal Hassan,Iraq,GK,0,0,154,907,top_scorer,urn:gd:story:classification:gcp_top_scorer:competitionId:285023:assists:rank_asc:page:17,urn:gd:story:classification:gcp_top_scorer:competitionId:285023:assists:rank_asc:page:17
386473,285023_43860,Lawrence Ati Zigi,Ghana,GK,0,0,155,908,top_scorer,urn:gd:story:classification:gcp_top_scorer:competitionId:285023:assists:rank_asc:page:17,urn:gd:story:classification:gcp_top_scorer:competitionId:285023:assists:rank_asc:page:17
479079,285023_44005,Khojiakbar Alijonov,Uzbekistan,DF,0,0,155,909,top_scorer,urn:gd:story:classification:gcp_top_scorer:competitionId:285023:assists:rank_asc:page:17,urn:gd:story:classification:gcp_top_scorer:competitionId:285023:assists:rank_asc:page:17
433724,285023_43850,Willy Semedo,Cabo Verde,MF,0,0,156,910,top_scorer,urn:gd:story:classification:gcp_top_scorer:competitionId:285023:assists:rank_asc:page:17,urn:gd:story:classification:gcp_top_scorer:competitionId:285023:assists:rank_asc:page:17
310116,285023_43922,Nicolas Otamendi,Argentina,DF,0,0,156,911,top_scorer,urn:gd:story:classification:gcp_top_scorer:competitionId:285023:assists:rank_asc:page:17,urn:gd:story:classification:gcp_top_scorer:competitionId:285023:assists:rank_asc:page:17
430718,285023_43969,Fabian Ruiz,Spain,MF,0,0,158,912,top_scorer,urn:gd:story:classification:gcp_top_scorer:competitionId:285023:assists:rank_asc:page:17,urn:gd:story:classification:gcp_top_scorer:competitionId:285023:assists:rank_asc:page:17
380005,285023_43938,Mario Pasalic,Croatia,MF,0,0,158,913,top_scorer,urn:gd:story:classification:gcp_top_scorer:competitionId:285023:assists:rank_asc:page:17,urn:gd:story:classification:gcp_top_scorer:competitionId:285023:assists:rank_asc:page:17
492716,285023_43942,Morgan Rogers,England,MF,0,0,158,914,top_scorer,urn:gd:story:classification:gcp_top_scorer:competitionId:285023:assists:rank_asc:page:18,urn:gd:story:classification:gcp_top_scorer:competitionId:285023:assists:rank_asc:page:18
433191,285023_43967,Che Adams,Scotland,FW,0,0,160,915,top_scorer,urn:gd:story:classification:gcp_top_scorer:competitionId:285023:assists:rank_asc:page:18,urn:gd:story:classification:gcp_top_scorer:competitionId:285023:assists:rank_asc:page:18
463288,285023_43934,Phillip Mwene,Austria,DF,0,0,160,916,top_scorer,urn:gd:story:classification:gcp_top_scorer:competitionId:285023:assists:rank_asc:page:18,urn:gd:story:classification:gcp_top_scorer:competitionId:285023:assists:rank_asc:page:18
441258,285023_43899,Ismael Kone,Canada,MF,0,0,160,917,top_scorer,urn:gd:story:classification:gcp_top_scorer:competitionId:285023:assists:rank_asc:page:18,urn:gd:story:classification:gcp_top_scorer:competitionId:285023:assists:rank_asc:page:18
424071,285023_43872,Anass Salah Eddine,Morocco,DF,0,0,162,918,top_scorer,urn:gd:story:classification:gcp_top_scorer:competitionId:285023:assists:rank_asc:page:18,urn:gd:story:classification:gcp_top_scorer:competitionId:285023:assists:rank_asc:page:18
336459,285023_43888,Rani Khedira,Tunisia,MF,0,0,162,919,top_scorer,urn:gd:story:classification:gcp_top_scorer:competitionId:285023:assists:rank_asc:page:18,urn:gd:story:classification:gcp_top_scorer:competitionId:285023:assists:rank_asc:page:18
441342,285023_43860,Abdul Fatawu,Ghana,FW,0,0,163,920,top_scorer,urn:gd:story:classification:gcp_top_scorer:competitionId:285023:assists:rank_asc:page:18,urn:gd:story:classification:gcp_top_scorer:competitionId:285023:assists:rank_asc:page:18
433394,285023_43834,Ahmed Fathy,Qatar,MF,0,0,163,921,top_scorer,urn:gd:story:classification:gcp_top_scorer:competitionId:285023:assists:rank_asc:page:18,urn:gd:story:classification:gcp_top_scorer:competitionId:285023:assists:rank_asc:page:18
424119,285023_20014,Nathanael Mbuku,Congo DR,MF,0,0,163,922,top_scorer,urn:gd:story:classification:gcp_top_scorer:competitionId:285023:assists:rank_asc:page:18,urn:gd:story:classification:gcp_top_scorer:competitionId:285023:assists:rank_asc:page:18
485081,285023_43963,Francisco Conceicao,Portugal,FW,0,0,163,923,top_scorer,urn:gd:story:classification:gcp_top_scorer:competitionId:285023:assists:rank_asc:page:18,urn:gd:story:classification:gcp_top_scorer:competitionId:285023:assists:rank_asc:page:18
511875,285023_43820,Odeh Fakhoury,Jordan,FW,0,0,163,924,top_scorer,urn:gd:story:classification:gcp_top_scorer:competitionId:285023:assists:rank_asc:page:18,urn:gd:story:classification:gcp_top_scorer:competitionId:285023:assists:rank_asc:page:18
395212,285023_43963,Nelson Semedo,Portugal,DF,0,0,164,925,top_scorer,urn:gd:story:classification:gcp_top_scorer:competitionId:285023:assists:rank_asc:page:18,urn:gd:story:classification:gcp_top_scorer:competitionId:285023:assists:rank_asc:page:18
434025,285023_43818,Zaid Tahseen,Iraq,DF,0,0,165,926,top_scorer,urn:gd:story:classification:gcp_top_scorer:competitionId:285023:assists:rank_asc:page:18,urn:gd:story:classification:gcp_top_scorer:competitionId:285023:assists:rank_asc:page:18
308322,285023_43922,Nicolas Tagliafico,Argentina,DF,0,0,165,927,top_scorer,urn:gd:story:classification:gcp_top_scorer:competitionId:285023:assists:rank_asc:page:18,urn:gd:story:classification:gcp_top_scorer:competitionId:285023:assists:rank_asc:page:18
441341,285023_43860,Elisha Owusu,Ghana,MF,0,0,166,928,top_scorer,urn:gd:story:classification:gcp_top_scorer:competitionId:285023:assists:rank_asc:page:18,urn:gd:story:classification:gcp_top_scorer:competitionId:285023:assists:rank_asc:page:18
419473,285023_43834,Jassem Gaber,Qatar,DF,0,0,166,929,top_scorer,urn:gd:story:classification:gcp_top_scorer:competitionId:285023:assists:rank_asc:page:18,urn:gd:story:classification:gcp_top_scorer:competitionId:285023:assists:rank_asc:page:18
386387,285023_43834,Sultan Albrake,Qatar,DF,0,0,167,930,top_scorer,urn:gd:story:classification:gcp_top_scorer:competitionId:285023:assists:rank_asc:page:18,urn:gd:story:classification:gcp_top_scorer:competitionId:285023:assists:rank_asc:page:18
436537,285023_43835,Musab Aljuwayr,Saudi Arabia,MF,0,0,167,931,top_scorer,urn:gd:story:classification:gcp_top_scorer:competitionId:285023:assists:rank_asc:page:18,urn:gd:story:classification:gcp_top_scorer:competitionId:285023:assists:rank_asc:page:18
332847,285023_43922,Leandro Paredes,Argentina,MF,0,0,167,932,top_scorer,urn:gd:story:classification:gcp_top_scorer:competitionId:285023:assists:rank_asc:page:18,urn:gd:story:classification:gcp_top_scorer:competitionId:285023:assists:rank_asc:page:18
431693,285023_43908,Frantzdy Pierrot,Haiti,FW,0,0,168,933,top_scorer,urn:gd:story:classification:gcp_top_scorer:competitionId:285023:assists:rank_asc:page:18,urn:gd:story:classification:gcp_top_scorer:competitionId:285023:assists:rank_asc:page:18
441167,285023_43995,Tomas Holes,Czechia,DF,0,0,169,934,top_scorer,urn:gd:story:classification:gcp_top_scorer:competitionId:285023:assists:rank_asc:page:18,urn:gd:story:classification:gcp_top_scorer:competitionId:285023:assists:rank_asc:page:18
463127,285023_43928,Gabriel Avalos,Paraguay,FW,0,0,170,935,top_scorer,urn:gd:story:classification:gcp_top_scorer:competitionId:285023:assists:rank_asc:page:18,urn:gd:story:classification:gcp_top_scorer:competitionId:285023:assists:rank_asc:page:18
510991,285023_43834,Ayoub Aloui,Qatar,DF,0,0,170,936,top_scorer,urn:gd:story:classification:gcp_top_scorer:competitionId:285023:assists:rank_asc:page:18,urn:gd:story:classification:gcp_top_scorer:competitionId:285023:assists:rank_asc:page:18
397775,285023_43908,Carlens Arcus,Haiti,DF,0,0,171,937,top_scorer,urn:gd:story:classification:gcp_top_scorer:competitionId:285023:assists:rank_asc:page:18,urn:gd:story:classification:gcp_top_scorer:competitionId:285023:assists:rank_asc:page:18
433754,285023_43995,Adam Hlozek,Czechia,FW,0,0,172,938,top_scorer,urn:gd:story:classification:gcp_top_scorer:competitionId:285023:assists:rank_asc:page:18,urn:gd:story:classification:gcp_top_scorer:competitionId:285023:assists:rank_asc:page:18
486081,285023_43995,Lukas Cerv,Czechia,MF,0,0,172,939,top_scorer,urn:gd:story:classification:gcp_top_scorer:competitionId:285023:assists:rank_asc:page:18,urn:gd:story:classification:gcp_top_scorer:competitionId:285023:assists:rank_asc:page:18
433806,285023_43879,Edouard Mendy,Senegal,GK,0,0,172,940,top_scorer,urn:gd:story:classification:gcp_top_scorer:competitionId:285023:assists:rank_asc:page:18,urn:gd:story:classification:gcp_top_scorer:competitionId:285023:assists:rank_asc:page:18
433072,285023_43972,Zeki Celik,Türkiye,DF,0,0,173,941,top_scorer,urn:gd:story:classification:gcp_top_scorer:competitionId:285023:assists:rank_asc:page:18,urn:gd:story:classification:gcp_top_scorer:competitionId:285023:assists:rank_asc:page:18
390196,285023_43978,Callum Mccowatt,New Zealand,MF,0,0,173,942,top_scorer,urn:gd:story:classification:gcp_top_scorer:competitionId:285023:assists:rank_asc:page:18,urn:gd:story:classification:gcp_top_scorer:competitionId:285023:assists:rank_asc:page:18
479553,285023_43818,Hussein Ali,Iraq,DF,0,0,174,943,top_scorer,urn:gd:story:classification:gcp_top_scorer:competitionId:285023:assists:rank_asc:page:18,urn:gd:story:classification:gcp_top_scorer:competitionId:285023:assists:rank_asc:page:18
411174,285023_43914,Jose Fajardo,Panama,FW,0,0,176,944,top_scorer,urn:gd:story:classification:gcp_top_scorer:competitionId:285023:assists:rank_asc:page:18,urn:gd:story:classification:gcp_top_scorer:competitionId:285023:assists:rank_asc:page:18
441259,285023_43899,Liam Millar,Canada,MF,0,0,176,945,top_scorer,urn:gd:story:classification:gcp_top_scorer:competitionId:285023:assists:rank_asc:page:18,urn:gd:story:classification:gcp_top_scorer:competitionId:285023:assists:rank_asc:page:18
433147,285023_43971,Michel Aebischer,Switzerland,MF,0,0,176,946,top_scorer,urn:gd:story:classification:gcp_top_scorer:competitionId:285023:assists:rank_asc:page:18,urn:gd:story:classification:gcp_top_scorer:competitionId:285023:assists:rank_asc:page:18
433161,285023_20014,Edo Kayembe,Congo DR,MF,0,0,177,947,top_scorer,urn:gd:story:classification:gcp_top_scorer:competitionId:285023:assists:rank_asc:page:18,urn:gd:story:classification:gcp_top_scorer:competitionId:285023:assists:rank_asc:page:18
448180,285023_43938,Josko Gvardiol,Croatia,DF,0,0,177,948,top_scorer,urn:gd:story:classification:gcp_top_scorer:competitionId:285023:assists:rank_asc:page:18,urn:gd:story:classification:gcp_top_scorer:competitionId:285023:assists:rank_asc:page:18
433439,285023_43835,Ali Lajami,Saudi Arabia,DF,0,0,177,949,top_scorer,urn:gd:story:classification:gcp_top_scorer:competitionId:285023:assists:rank_asc:page:18,urn:gd:story:classification:gcp_top_scorer:competitionId:285023:assists:rank_asc:page:18
484113,285023_43972,Ferdi Kadioglu,Türkiye,DF,0,0,179,950,top_scorer,urn:gd:story:classification:gcp_top_scorer:competitionId:285023:assists:rank_asc:page:18,urn:gd:story:classification:gcp_top_scorer:competitionId:285023:assists:rank_asc:page:18
448015,285023_43976,Cristian Volpato,Australia,FW,0,0,180,951,top_scorer,urn:gd:story:classification:gcp_top_scorer:competitionId:285023:assists:rank_asc:page:18,urn:gd:story:classification:gcp_top_scorer:competitionId:285023:assists:rank_asc:page:18
431698,285023_1895293,Jurien Gaari,Curaçao,DF,0,0,180,952,top_scorer,urn:gd:story:classification:gcp_top_scorer:competitionId:285023:assists:rank_asc:page:18,urn:gd:story:classification:gcp_top_scorer:competitionId:285023:assists:rank_asc:page:18
401893,285023_43850,Nuno Da Costa,Cabo Verde,MF,0,0,180,953,top_scorer,urn:gd:story:classification:gcp_top_scorer:competitionId:285023:assists:rank_asc:page:18,urn:gd:story:classification:gcp_top_scorer:competitionId:285023:assists:rank_asc:page:18
339820,285023_43879,Kalidou Koulibaly,Senegal,DF,0,0,181,954,top_scorer,urn:gd:story:classification:gcp_top_scorer:competitionId:285023:assists:rank_asc:page:18,urn:gd:story:classification:gcp_top_scorer:competitionId:285023:assists:rank_asc:page:18
405528,285023_43819,Yukinari Sugawara,Japan,DF,0,0,181,955,top_scorer,urn:gd:story:classification:gcp_top_scorer:competitionId:285023:assists:rank_asc:page:18,urn:gd:story:classification:gcp_top_scorer:competitionId:285023:assists:rank_asc:page:18
481242,285023_43883,Iqraam Rayners,South Africa,FW,0,0,182,956,top_scorer,urn:gd:story:classification:gcp_top_scorer:competitionId:285023:assists:rank_asc:page:18,urn:gd:story:classification:gcp_top_scorer:competitionId:285023:assists:rank_asc:page:18
419126,285023_43930,Darwin Nunez,Uruguay,FW,0,0,182,957,top_scorer,urn:gd:story:classification:gcp_top_scorer:competitionId:285023:assists:rank_asc:page:18,urn:gd:story:classification:gcp_top_scorer:competitionId:285023:assists:rank_asc:page:18
498806,285023_43976,Mohamed Toure,Australia,FW,0,0,182,958,top_scorer,urn:gd:story:classification:gcp_top_scorer:competitionId:285023:assists:rank_asc:page:18,urn:gd:story:classification:gcp_top_scorer:competitionId:285023:assists:rank_asc:page:18
430450,285023_43976,Jacob Italiano,Australia,DF,0,0,183,959,top_scorer,urn:gd:story:classification:gcp_top_scorer:competitionId:285023:assists:rank_asc:page:18,urn:gd:story:classification:gcp_top_scorer:competitionId:285023:assists:rank_asc:page:18
519958,285023_43970,Elliot Stroud,Sweden,DF,0,0,183,960,top_scorer,urn:gd:story:classification:gcp_top_scorer:competitionId:285023:assists:rank_asc:page:18,urn:gd:story:classification:gcp_top_scorer:competitionId:285023:assists:rank_asc:page:18
484045,285023_43967,Lawrence Shankland,Scotland,FW,0,0,183,961,top_scorer,urn:gd:story:classification:gcp_top_scorer:competitionId:285023:assists:rank_asc:page:18,urn:gd:story:classification:gcp_top_scorer:competitionId:285023:assists:rank_asc:page:18
307849,285023_43822,Son Heungmin,Korea Republic,FW,0,0,183,962,top_scorer,urn:gd:story:classification:gcp_top_scorer:competitionId:285023:assists:rank_asc:page:18,urn:gd:story:classification:gcp_top_scorer:competitionId:285023:assists:rank_asc:page:18
486161,285023_43883,Relebohile Mofokeng,South Africa,FW,0,0,184,963,top_scorer,urn:gd:story:classification:gcp_top_scorer:competitionId:285023:assists:rank_asc:page:18,urn:gd:story:classification:gcp_top_scorer:competitionId:285023:assists:rank_asc:page:18
483496,285023_43961,Julian Ryerson,Norway,FW,0,0,184,964,top_scorer,urn:gd:story:classification:gcp_top_scorer:competitionId:285023:assists:rank_asc:page:19,urn:gd:story:classification:gcp_top_scorer:competitionId:285023:assists:rank_asc:page:19
480310,285023_43914,Jiovany Ramos,Panama,DF,0,0,186,965,top_scorer,urn:gd:story:classification:gcp_top_scorer:competitionId:285023:assists:rank_asc:page:19,urn:gd:story:classification:gcp_top_scorer:competitionId:285023:assists:rank_asc:page:19
441242,285023_43914,Cesar Blackman,Panama,DF,0,0,187,966,top_scorer,urn:gd:story:classification:gcp_top_scorer:competitionId:285023:assists:rank_asc:page:19,urn:gd:story:classification:gcp_top_scorer:competitionId:285023:assists:rank_asc:page:19
480966,285023_43850,Laros Duarte,Cabo Verde,MF,0,0,187,967,top_scorer,urn:gd:story:classification:gcp_top_scorer:competitionId:285023:assists:rank_asc:page:19,urn:gd:story:classification:gcp_top_scorer:competitionId:285023:assists:rank_asc:page:19
336088,285023_43960,Nathan Ake,Netherlands,DF,0,0,189,968,top_scorer,urn:gd:story:classification:gcp_top_scorer:competitionId:285023:assists:rank_asc:page:19,urn:gd:story:classification:gcp_top_scorer:competitionId:285023:assists:rank_asc:page:19
489550,285023_43820,Husam Abudahab,Jordan,DF,0,0,190,969,top_scorer,urn:gd:story:classification:gcp_top_scorer:competitionId:285023:assists:rank_asc:page:19,urn:gd:story:classification:gcp_top_scorer:competitionId:285023:assists:rank_asc:page:19
401023,285023_1895293,Joshua Brenet,Curaçao,DF,0,0,193,970,top_scorer,urn:gd:story:classification:gcp_top_scorer:competitionId:285023:assists:rank_asc:page:19,urn:gd:story:classification:gcp_top_scorer:competitionId:285023:assists:rank_asc:page:19
401448,285023_43971,Denis Zakaria,Switzerland,MF,0,0,193,971,top_scorer,urn:gd:story:classification:gcp_top_scorer:competitionId:285023:assists:rank_asc:page:19,urn:gd:story:classification:gcp_top_scorer:competitionId:285023:assists:rank_asc:page:19
448377,285023_43935,Dodi Lukebakio,Belgium,FW,0,0,194,972,top_scorer,urn:gd:story:classification:gcp_top_scorer:competitionId:285023:assists:rank_asc:page:19,urn:gd:story:classification:gcp_top_scorer:competitionId:285023:assists:rank_asc:page:19
300409,285023_44037,Edin Dzeko,Bosnia and Herzegovina,FW,0,0,196,973,top_scorer,urn:gd:story:classification:gcp_top_scorer:competitionId:285023:assists:rank_asc:page:19,urn:gd:story:classification:gcp_top_scorer:competitionId:285023:assists:rank_asc:page:19
433066,285023_43960,Donyell Malen,Netherlands,FW,0,0,197,974,top_scorer,urn:gd:story:classification:gcp_top_scorer:competitionId:285023:assists:rank_asc:page:19,urn:gd:story:classification:gcp_top_scorer:competitionId:285023:assists:rank_asc:page:19
441623,285023_43930,Manuel Ugarte,Uruguay,MF,0,0,197,975,top_scorer,urn:gd:story:classification:gcp_top_scorer:competitionId:285023:assists:rank_asc:page:19,urn:gd:story:classification:gcp_top_scorer:competitionId:285023:assists:rank_asc:page:19
433365,285023_43888,Aymen Dahmen,Tunisia,GK,0,0,198,976,top_scorer,urn:gd:story:classification:gcp_top_scorer:competitionId:285023:assists:rank_asc:page:19,urn:gd:story:classification:gcp_top_scorer:competitionId:285023:assists:rank_asc:page:19
520066,285023_43928,Jose Canale,Paraguay,DF,0,0,198,977,top_scorer,urn:gd:story:classification:gcp_top_scorer:competitionId:285023:assists:rank_asc:page:19,urn:gd:story:classification:gcp_top_scorer:competitionId:285023:assists:rank_asc:page:19
482782,285023_43850,Dailon Livramento,Cabo Verde,FW,0,0,198,978,top_scorer,urn:gd:story:classification:gcp_top_scorer:competitionId:285023:assists:rank_asc:page:19,urn:gd:story:classification:gcp_top_scorer:competitionId:285023:assists:rank_asc:page:19
401481,285023_43995,Patrik Schick,Czechia,FW,0,0,199,979,top_scorer,urn:gd:story:classification:gcp_top_scorer:competitionId:285023:assists:rank_asc:page:19,urn:gd:story:classification:gcp_top_scorer:competitionId:285023:assists:rank_asc:page:19
489685,285023_43970,Jacob Widell Zetterstrom,Sweden,GK,0,0,200,980,top_scorer,urn:gd:story:classification:gcp_top_scorer:competitionId:285023:assists:rank_asc:page:19,urn:gd:story:classification:gcp_top_scorer:competitionId:285023:assists:rank_asc:page:19
360496,285023_43970,Kristoffer Nordfeldt,Sweden,GK,0,0,200,981,top_scorer,urn:gd:story:classification:gcp_top_scorer:competitionId:285023:assists:rank_asc:page:19,urn:gd:story:classification:gcp_top_scorer:competitionId:285023:assists:rank_asc:page:19
436628,285023_43818,Ali Alhamadi,Iraq,FW,0,0,201,982,top_scorer,urn:gd:story:classification:gcp_top_scorer:competitionId:285023:assists:rank_asc:page:19,urn:gd:story:classification:gcp_top_scorer:competitionId:285023:assists:rank_asc:page:19
504329,285023_20014,Steve Kapuadi,Congo DR,DF,0,0,201,983,top_scorer,urn:gd:story:classification:gcp_top_scorer:competitionId:285023:assists:rank_asc:page:19,urn:gd:story:classification:gcp_top_scorer:competitionId:285023:assists:rank_asc:page:19
464865,285023_43879,El Hadji Malick Diouf,Senegal,DF,0,0,202,984,top_scorer,urn:gd:story:classification:gcp_top_scorer:competitionId:285023:assists:rank_asc:page:19,urn:gd:story:classification:gcp_top_scorer:competitionId:285023:assists:rank_asc:page:19
475260,285023_44005,Behruzjon Karimov,Uzbekistan,DF,0,0,203,985,top_scorer,urn:gd:story:classification:gcp_top_scorer:competitionId:285023:assists:rank_asc:page:19,urn:gd:story:classification:gcp_top_scorer:competitionId:285023:assists:rank_asc:page:19
411624,285023_43835,Abdullah Alkhaibari,Saudi Arabia,MF,0,0,203,986,top_scorer,urn:gd:story:classification:gcp_top_scorer:competitionId:285023:assists:rank_asc:page:19,urn:gd:story:classification:gcp_top_scorer:competitionId:285023:assists:rank_asc:page:19
359634,285023_43967,Grant Hanley,Scotland,DF,0,0,203,987,top_scorer,urn:gd:story:classification:gcp_top_scorer:competitionId:285023:assists:rank_asc:page:19,urn:gd:story:classification:gcp_top_scorer:competitionId:285023:assists:rank_asc:page:19
433694,285023_43967,Nathan Patterson,Scotland,DF,0,0,204,988,top_scorer,urn:gd:story:classification:gcp_top_scorer:competitionId:285023:assists:rank_asc:page:19,urn:gd:story:classification:gcp_top_scorer:competitionId:285023:assists:rank_asc:page:19
485131,285023_43967,Ben Gannon Doak,Scotland,FW,0,0,204,989,top_scorer,urn:gd:story:classification:gcp_top_scorer:competitionId:285023:assists:rank_asc:page:19,urn:gd:story:classification:gcp_top_scorer:competitionId:285023:assists:rank_asc:page:19
439641,285023_43942,Reece James,England,DF,0,0,204,990,top_scorer,urn:gd:story:classification:gcp_top_scorer:competitionId:285023:assists:rank_asc:page:19,urn:gd:story:classification:gcp_top_scorer:competitionId:285023:assists:rank_asc:page:19
429095,285023_43855,Hamdy Fathy,Egypt,MF,0,0,204,991,top_scorer,urn:gd:story:classification:gcp_top_scorer:competitionId:285023:assists:rank_asc:page:19,urn:gd:story:classification:gcp_top_scorer:competitionId:285023:assists:rank_asc:page:19
479075,285023_44005,Sherzod Nasrullaev,Uzbekistan,DF,0,0,206,992,top_scorer,urn:gd:story:classification:gcp_top_scorer:competitionId:285023:assists:rank_asc:page:19,urn:gd:story:classification:gcp_top_scorer:competitionId:285023:assists:rank_asc:page:19
479110,285023_44005,Abduvohid Nematov,Uzbekistan,GK,0,0,206,993,top_scorer,urn:gd:story:classification:gcp_top_scorer:competitionId:285023:assists:rank_asc:page:19,urn:gd:story:classification:gcp_top_scorer:competitionId:285023:assists:rank_asc:page:19
479042,285023_44005,Abdulla Abdullaev,Uzbekistan,DF,0,0,206,994,top_scorer,urn:gd:story:classification:gcp_top_scorer:competitionId:285023:assists:rank_asc:page:19,urn:gd:story:classification:gcp_top_scorer:competitionId:285023:assists:rank_asc:page:19
372243,285023_43934,Philipp Lienhart,Austria,DF,0,0,207,995,top_scorer,urn:gd:story:classification:gcp_top_scorer:competitionId:285023:assists:rank_asc:page:19,urn:gd:story:classification:gcp_top_scorer:competitionId:285023:assists:rank_asc:page:19
403289,285023_43819,Takehiro Tomiyasu,Japan,DF,0,0,208,996,top_scorer,urn:gd:story:classification:gcp_top_scorer:competitionId:285023:assists:rank_asc:page:19,urn:gd:story:classification:gcp_top_scorer:competitionId:285023:assists:rank_asc:page:19
485767,285023_43872,Redouane Halhal,Morocco,DF,0,0,208,997,top_scorer,urn:gd:story:classification:gcp_top_scorer:competitionId:285023:assists:rank_asc:page:19,urn:gd:story:classification:gcp_top_scorer:competitionId:285023:assists:rank_asc:page:19
510757,285023_43908,Josue Casimir,Haiti,FW,0,0,208,998,top_scorer,urn:gd:story:classification:gcp_top_scorer:competitionId:285023:assists:rank_asc:page:19,urn:gd:story:classification:gcp_top_scorer:competitionId:285023:assists:rank_asc:page:19
369304,285023_43972,Hakan Calhanoglu,Türkiye,MF,0,0,208,999,top_scorer,urn:gd:story:classification:gcp_top_scorer:competitionId:285023:assists:rank_asc:page:19,urn:gd:story:classification:gcp_top_scorer:competitionId:285023:assists:rank_asc:page:19
441179,285023_43972,Merih Demiral,Türkiye,DF,0,0,208,999,top_scorer,urn:gd:story:classification:gcp_top_scorer:competitionId:285023:assists:rank_asc:page:19,urn:gd:story:classification:gcp_top_scorer:competitionId:285023:assists:rank_asc:page:19
486082,285023_43995,Pavel Sulc,Czechia,FW,0,0,209,1001,top_scorer,urn:gd:story:classification:gcp_top_scorer:competitionId:285023:assists:rank_asc:page:19,urn:gd:story:classification:gcp_top_scorer:competitionId:285023:assists:rank_asc:page:19
434026,285023_43818,Zidane Iqbal,Iraq,MF,0,0,210,1002,top_scorer,urn:gd:story:classification:gcp_top_scorer:competitionId:285023:assists:rank_asc:page:19,urn:gd:story:classification:gcp_top_scorer:competitionId:285023:assists:rank_asc:page:19
336425,285023_20014,Cedric Bakambu,Congo DR,FW,0,0,210,1003,top_scorer,urn:gd:story:classification:gcp_top_scorer:competitionId:285023:assists:rank_asc:page:19,urn:gd:story:classification:gcp_top_scorer:competitionId:285023:assists:rank_asc:page:19
489521,285023_44037,Stjepan Radeljic,Bosnia and Herzegovina,DF,0,0,211,1004,top_scorer,urn:gd:story:classification:gcp_top_scorer:competitionId:285023:assists:rank_asc:page:19,urn:gd:story:classification:gcp_top_scorer:competitionId:285023:assists:rank_asc:page:19
477536,285023_43930,Federico Vinas,Uruguay,FW,0,0,211,1005,top_scorer,urn:gd:story:classification:gcp_top_scorer:competitionId:285023:assists:rank_asc:page:19,urn:gd:story:classification:gcp_top_scorer:competitionId:285023:assists:rank_asc:page:19
477470,285023_43961,Oscar Bobb,Norway,MF,0,0,213,1006,top_scorer,urn:gd:story:classification:gcp_top_scorer:competitionId:285023:assists:rank_asc:page:19,urn:gd:story:classification:gcp_top_scorer:competitionId:285023:assists:rank_asc:page:19
419303,285023_43835,Moteb Alharbi,Saudi Arabia,DF,0,0,213,1007,top_scorer,urn:gd:story:classification:gcp_top_scorer:competitionId:285023:assists:rank_asc:page:19,urn:gd:story:classification:gcp_top_scorer:competitionId:285023:assists:rank_asc:page:19
402817,285023_43822,Paik Seungho,Korea Republic,MF,0,0,216,1008,top_scorer,urn:gd:story:classification:gcp_top_scorer:competitionId:285023:assists:rank_asc:page:19,urn:gd:story:classification:gcp_top_scorer:competitionId:285023:assists:rank_asc:page:19
476348,285023_43928,Damian Bobadilla,Paraguay,MF,0,0,216,1009,top_scorer,urn:gd:story:classification:gcp_top_scorer:competitionId:285023:assists:rank_asc:page:19,urn:gd:story:classification:gcp_top_scorer:competitionId:285023:assists:rank_asc:page:19
418535,285023_43963,Joao Felix,Portugal,FW,0,0,218,1010,top_scorer,urn:gd:story:classification:gcp_top_scorer:competitionId:285023:assists:rank_asc:page:19,urn:gd:story:classification:gcp_top_scorer:competitionId:285023:assists:rank_asc:page:19
494458,285023_20014,Ngalayel Mukau,Congo DR,MF,0,0,220,1011,top_scorer,urn:gd:story:classification:gcp_top_scorer:competitionId:285023:assists:rank_asc:page:19,urn:gd:story:classification:gcp_top_scorer:competitionId:285023:assists:rank_asc:page:19
466585,285023_43899,Moise Bombito,Canada,DF,0,0,221,1012,top_scorer,urn:gd:story:classification:gcp_top_scorer:competitionId:285023:assists:rank_asc:page:19,urn:gd:story:classification:gcp_top_scorer:competitionId:285023:assists:rank_asc:page:19
372436,285023_44037,Ivan Sunjic,Bosnia and Herzegovina,MF,0,0,221,1013,top_scorer,urn:gd:story:classification:gcp_top_scorer:competitionId:285023:assists:rank_asc:page:19,urn:gd:story:classification:gcp_top_scorer:competitionId:285023:assists:rank_asc:page:19
425607,285023_43888,Mohamed Amine Ben Hmida,Tunisia,DF,0,0,221,1014,top_scorer,urn:gd:story:classification:gcp_top_scorer:competitionId:285023:assists:rank_asc:page:20,urn:gd:story:classification:gcp_top_scorer:competitionId:285023:assists:rank_asc:page:20
408042,285023_43946,Theo Hernandez,France,DF,0,0,222,1015,top_scorer,urn:gd:story:classification:gcp_top_scorer:competitionId:285023:assists:rank_asc:page:20,urn:gd:story:classification:gcp_top_scorer:competitionId:285023:assists:rank_asc:page:20
400514,285023_43819,Ao Tanaka,Japan,MF,0,0,225,1016,top_scorer,urn:gd:story:classification:gcp_top_scorer:competitionId:285023:assists:rank_asc:page:20,urn:gd:story:classification:gcp_top_scorer:competitionId:285023:assists:rank_asc:page:20
464533,285023_43911,Brian Gutierrez,Mexico,MF,0,0,226,1017,top_scorer,urn:gd:story:classification:gcp_top_scorer:competitionId:285023:assists:rank_asc:page:20,urn:gd:story:classification:gcp_top_scorer:competitionId:285023:assists:rank_asc:page:20
506329,285023_43942,Djed Spence,England,DF,0,0,226,1018,top_scorer,urn:gd:story:classification:gcp_top_scorer:competitionId:285023:assists:rank_asc:page:20,urn:gd:story:classification:gcp_top_scorer:competitionId:285023:assists:rank_asc:page:20
390209,285023_43978,Sarpreet Singh,New Zealand,MF,0,0,227,1019,top_scorer,urn:gd:story:classification:gcp_top_scorer:competitionId:285023:assists:rank_asc:page:20,urn:gd:story:classification:gcp_top_scorer:competitionId:285023:assists:rank_asc:page:20
411644,285023_43817,Saman Ghoddos,IR Iran,MF,0,0,228,1020,top_scorer,urn:gd:story:classification:gcp_top_scorer:competitionId:285023:assists:rank_asc:page:20,urn:gd:story:classification:gcp_top_scorer:competitionId:285023:assists:rank_asc:page:20
403319,285023_43835,Nasser Aldawsari,Saudi Arabia,MF,0,0,230,1021,top_scorer,urn:gd:story:classification:gcp_top_scorer:competitionId:285023:assists:rank_asc:page:20,urn:gd:story:classification:gcp_top_scorer:competitionId:285023:assists:rank_asc:page:20
448825,285023_43879,Pathe Ciss,Senegal,MF,0,0,232,1022,top_scorer,urn:gd:story:classification:gcp_top_scorer:competitionId:285023:assists:rank_asc:page:20,urn:gd:story:classification:gcp_top_scorer:competitionId:285023:assists:rank_asc:page:20
416081,285023_43922,Julian Alvarez,Argentina,FW,0,0,232,1023,top_scorer,urn:gd:story:classification:gcp_top_scorer:competitionId:285023:assists:rank_asc:page:20,urn:gd:story:classification:gcp_top_scorer:competitionId:285023:assists:rank_asc:page:20
504931,285023_43976,Lucas Herrington,Australia,DF,0,0,232,1024,top_scorer,urn:gd:story:classification:gcp_top_scorer:competitionId:285023:assists:rank_asc:page:20,urn:gd:story:classification:gcp_top_scorer:competitionId:285023:assists:rank_asc:page:20
418975,285023_43922,Thiago Almada,Argentina,FW,0,0,232,1025,top_scorer,urn:gd:story:classification:gcp_top_scorer:competitionId:285023:assists:rank_asc:page:20,urn:gd:story:classification:gcp_top_scorer:competitionId:285023:assists:rank_asc:page:20
502945,285023_43970,Alexander Bernhardsson,Sweden,DF,0,0,233,1026,top_scorer,urn:gd:story:classification:gcp_top_scorer:competitionId:285023:assists:rank_asc:page:20,urn:gd:story:classification:gcp_top_scorer:competitionId:285023:assists:rank_asc:page:20
390537,285023_43817,Milad Mohammadi,IR Iran,DF,0,0,235,1027,top_scorer,urn:gd:story:classification:gcp_top_scorer:competitionId:285023:assists:rank_asc:page:20,urn:gd:story:classification:gcp_top_scorer:competitionId:285023:assists:rank_asc:page:20
500037,285023_43911,Gilberto Mora,Mexico,MF,0,0,236,1028,top_scorer,urn:gd:story:classification:gcp_top_scorer:competitionId:285023:assists:rank_asc:page:20,urn:gd:story:classification:gcp_top_scorer:competitionId:285023:assists:rank_asc:page:20
261367,285023_43978,Michael Boxall,New Zealand,DF,0,0,237,1029,top_scorer,urn:gd:story:classification:gcp_top_scorer:competitionId:285023:assists:rank_asc:page:20,urn:gd:story:classification:gcp_top_scorer:competitionId:285023:assists:rank_asc:page:20
485664,285023_43908,Ruben Providence,Haiti,FW,0,0,237,1030,top_scorer,urn:gd:story:classification:gcp_top_scorer:competitionId:285023:assists:rank_asc:page:20,urn:gd:story:classification:gcp_top_scorer:competitionId:285023:assists:rank_asc:page:20
441261,285023_43911,Israel Reyes,Mexico,DF,0,0,237,1031,top_scorer,urn:gd:story:classification:gcp_top_scorer:competitionId:285023:assists:rank_asc:page:20,urn:gd:story:classification:gcp_top_scorer:competitionId:285023:assists:rank_asc:page:20
419134,285023_43930,Juan Manuel Sanabria,Uruguay,MF,0,0,237,1032,top_scorer,urn:gd:story:classification:gcp_top_scorer:competitionId:285023:assists:rank_asc:page:20,urn:gd:story:classification:gcp_top_scorer:competitionId:285023:assists:rank_asc:page:20
405469,285023_43978,Liberato Cacace,New Zealand,DF,0,0,237,1033,top_scorer,urn:gd:story:classification:gcp_top_scorer:competitionId:285023:assists:rank_asc:page:20,urn:gd:story:classification:gcp_top_scorer:competitionId:285023:assists:rank_asc:page:20
483312,285023_43970,Isak Hien,Sweden,DF,0,0,237,1034,top_scorer,urn:gd:story:classification:gcp_top_scorer:competitionId:285023:assists:rank_asc:page:20,urn:gd:story:classification:gcp_top_scorer:competitionId:285023:assists:rank_asc:page:20
403335,285023_43835,Hassan Altambakti,Saudi Arabia,DF,0,0,237,1035,top_scorer,urn:gd:story:classification:gcp_top_scorer:competitionId:285023:assists:rank_asc:page:20,urn:gd:story:classification:gcp_top_scorer:competitionId:285023:assists:rank_asc:page:20
448341,285023_43935,Jeremy Doku,Belgium,FW,0,0,239,1036,top_scorer,urn:gd:story:classification:gcp_top_scorer:competitionId:285023:assists:rank_asc:page:20,urn:gd:story:classification:gcp_top_scorer:competitionId:285023:assists:rank_asc:page:20
514208,285023_43854,Christ Inao Oulai,Côte d'Ivoire,MF,0,0,240,1037,top_scorer,urn:gd:story:classification:gcp_top_scorer:competitionId:285023:assists:rank_asc:page:20,urn:gd:story:classification:gcp_top_scorer:competitionId:285023:assists:rank_asc:page:20
430917,285023_43883,Evidence Makgopa,South Africa,FW,0,0,241,1038,top_scorer,urn:gd:story:classification:gcp_top_scorer:competitionId:285023:assists:rank_asc:page:20,urn:gd:story:classification:gcp_top_scorer:competitionId:285023:assists:rank_asc:page:20
349342,285023_43976,Aziz Behich,Australia,DF,0,0,245,1039,top_scorer,urn:gd:story:classification:gcp_top_scorer:competitionId:285023:assists:rank_asc:page:20,urn:gd:story:classification:gcp_top_scorer:competitionId:285023:assists:rank_asc:page:20
419082,285023_43921,Ricardo Pepi,USA,FW,0,0,247,1040,top_scorer,urn:gd:story:classification:gcp_top_scorer:competitionId:285023:assists:rank_asc:page:20,urn:gd:story:classification:gcp_top_scorer:competitionId:285023:assists:rank_asc:page:20
484112,285023_43972,Kenan Yildiz,Türkiye,FW,0,0,249,1041,top_scorer,urn:gd:story:classification:gcp_top_scorer:competitionId:285023:assists:rank_asc:page:20,urn:gd:story:classification:gcp_top_scorer:competitionId:285023:assists:rank_asc:page:20
407680,285023_1895293,Juergen Locadia,Curaçao,FW,0,0,250,1042,top_scorer,urn:gd:story:classification:gcp_top_scorer:competitionId:285023:assists:rank_asc:page:20,urn:gd:story:classification:gcp_top_scorer:competitionId:285023:assists:rank_asc:page:20
411176,285023_43914,Jose Luis Rodriguez,Panama,MF,0,0,251,1043,top_scorer,urn:gd:story:classification:gcp_top_scorer:competitionId:285023:assists:rank_asc:page:20,urn:gd:story:classification:gcp_top_scorer:competitionId:285023:assists:rank_asc:page:20
390475,285023_43883,Sphephelo Sithole,South Africa,MF,0,0,252,1044,top_scorer,urn:gd:story:classification:gcp_top_scorer:competitionId:285023:assists:rank_asc:page:20,urn:gd:story:classification:gcp_top_scorer:competitionId:285023:assists:rank_asc:page:20
463465,285023_43927,Joel Ordonez,Ecuador,DF,0,0,253,1045,top_scorer,urn:gd:story:classification:gcp_top_scorer:competitionId:285023:assists:rank_asc:page:20,urn:gd:story:classification:gcp_top_scorer:competitionId:285023:assists:rank_asc:page:20
494640,285023_44037,Amar Memic,Bosnia and Herzegovina,MF,0,0,254,1046,top_scorer,urn:gd:story:classification:gcp_top_scorer:competitionId:285023:assists:rank_asc:page:20,urn:gd:story:classification:gcp_top_scorer:competitionId:285023:assists:rank_asc:page:20
355775,285023_43976,Jackson Irvine,Australia,MF,0,0,255,1047,top_scorer,urn:gd:story:classification:gcp_top_scorer:competitionId:285023:assists:rank_asc:page:20,urn:gd:story:classification:gcp_top_scorer:competitionId:285023:assists:rank_asc:page:20
401339,285023_43967,Andy Robertson,Scotland,DF,0,0,255,1048,top_scorer,urn:gd:story:classification:gcp_top_scorer:competitionId:285023:assists:rank_asc:page:20,urn:gd:story:classification:gcp_top_scorer:competitionId:285023:assists:rank_asc:page:20
407993,285023_43835,Mohamed Kanno,Saudi Arabia,MF,0,0,256,1049,top_scorer,urn:gd:story:classification:gcp_top_scorer:competitionId:285023:assists:rank_asc:page:20,urn:gd:story:classification:gcp_top_scorer:competitionId:285023:assists:rank_asc:page:20
430671,285023_43879,Ismail Jakobs,Senegal,DF,0,0,257,1050,top_scorer,urn:gd:story:classification:gcp_top_scorer:competitionId:285023:assists:rank_asc:page:20,urn:gd:story:classification:gcp_top_scorer:competitionId:285023:assists:rank_asc:page:20
494351,285023_43860,Jonas Adjetey,Ghana,DF,0,0,257,1051,top_scorer,urn:gd:story:classification:gcp_top_scorer:competitionId:285023:assists:rank_asc:page:20,urn:gd:story:classification:gcp_top_scorer:competitionId:285023:assists:rank_asc:page:20
433361,285023_43888,Anis Slimane,Tunisia,MF,0,0,257,1052,top_scorer,urn:gd:story:classification:gcp_top_scorer:competitionId:285023:assists:rank_asc:page:20,urn:gd:story:classification:gcp_top_scorer:competitionId:285023:assists:rank_asc:page:20
466687,285023_43899,Ali Ahmed,Canada,FW,0,0,258,1053,top_scorer,urn:gd:story:classification:gcp_top_scorer:competitionId:285023:assists:rank_asc:page:20,urn:gd:story:classification:gcp_top_scorer:competitionId:285023:assists:rank_asc:page:20
464103,285023_43854,Ange Yoan Bonny,Côte d'Ivoire,FW,0,0,258,1054,top_scorer,urn:gd:story:classification:gcp_top_scorer:competitionId:285023:assists:rank_asc:page:20,urn:gd:story:classification:gcp_top_scorer:competitionId:285023:assists:rank_asc:page:20
494349,285023_43860,Benjamin Asare,Ghana,GK,0,0,259,1055,top_scorer,urn:gd:story:classification:gcp_top_scorer:competitionId:285023:assists:rank_asc:page:20,urn:gd:story:classification:gcp_top_scorer:competitionId:285023:assists:rank_asc:page:20
433585,285023_43818,Ibrahim Bayesh,Iraq,MF,0,0,259,1056,top_scorer,urn:gd:story:classification:gcp_top_scorer:competitionId:285023:assists:rank_asc:page:20,urn:gd:story:classification:gcp_top_scorer:competitionId:285023:assists:rank_asc:page:20
506471,285023_1895293,Deveron Fonville,Curaçao,DF,0,0,260,1057,top_scorer,urn:gd:story:classification:gcp_top_scorer:competitionId:285023:assists:rank_asc:page:20,urn:gd:story:classification:gcp_top_scorer:competitionId:285023:assists:rank_asc:page:20
229498,285023_43930,Fernando Muslera,Uruguay,GK,0,0,261,1058,top_scorer,urn:gd:story:classification:gcp_top_scorer:competitionId:285023:assists:rank_asc:page:20,urn:gd:story:classification:gcp_top_scorer:competitionId:285023:assists:rank_asc:page:20
419291,285023_43835,Feras Albrikan,Saudi Arabia,FW,0,0,262,1059,top_scorer,urn:gd:story:classification:gcp_top_scorer:competitionId:285023:assists:rank_asc:page:20,urn:gd:story:classification:gcp_top_scorer:competitionId:285023:assists:rank_asc:page:20
464566,285023_44037,Esmir Bajraktarevic,Bosnia and Herzegovina,FW,0,0,262,1060,top_scorer,urn:gd:story:classification:gcp_top_scorer:competitionId:285023:assists:rank_asc:page:20,urn:gd:story:classification:gcp_top_scorer:competitionId:285023:assists:rank_asc:page:20
395581,285023_43914,Cristian Martinez,Panama,MF,0,0,264,1061,top_scorer,urn:gd:story:classification:gcp_top_scorer:competitionId:285023:assists:rank_asc:page:20,urn:gd:story:classification:gcp_top_scorer:competitionId:285023:assists:rank_asc:page:20
489732,285023_43942,Noni Madueke,England,FW,0,0,266,1062,top_scorer,urn:gd:story:classification:gcp_top_scorer:competitionId:285023:assists:rank_asc:page:20,urn:gd:story:classification:gcp_top_scorer:competitionId:285023:assists:rank_asc:page:20
483966,285023_44037,Benjamin Tahirovic,Bosnia and Herzegovina,MF,0,0,266,1063,top_scorer,urn:gd:story:classification:gcp_top_scorer:competitionId:285023:assists:rank_asc:page:20,urn:gd:story:classification:gcp_top_scorer:competitionId:285023:assists:rank_asc:page:20
485347,285023_1895293,Tahith Chong,Curaçao,MF,0,0,267,1064,top_scorer,urn:gd:story:classification:gcp_top_scorer:competitionId:285023:assists:rank_asc:page:21,urn:gd:story:classification:gcp_top_scorer:competitionId:285023:assists:rank_asc:page:21
390541,285023_43819,Shogo Taniguchi,Japan,DF,0,0,267,1065,top_scorer,urn:gd:story:classification:gcp_top_scorer:competitionId:285023:assists:rank_asc:page:21,urn:gd:story:classification:gcp_top_scorer:competitionId:285023:assists:rank_asc:page:21
411658,285023_43888,Ellyes Skhiri,Tunisia,MF,0,0,267,1066,top_scorer,urn:gd:story:classification:gcp_top_scorer:competitionId:285023:assists:rank_asc:page:21,urn:gd:story:classification:gcp_top_scorer:competitionId:285023:assists:rank_asc:page:21
371348,285023_44005,Otabek Shukurov,Uzbekistan,MF,0,0,268,1067,top_scorer,urn:gd:story:classification:gcp_top_scorer:competitionId:285023:assists:rank_asc:page:21,urn:gd:story:classification:gcp_top_scorer:competitionId:285023:assists:rank_asc:page:21
448346,285023_43935,Arthur Theate,Belgium,DF,0,0,268,1068,top_scorer,urn:gd:story:classification:gcp_top_scorer:competitionId:285023:assists:rank_asc:page:21,urn:gd:story:classification:gcp_top_scorer:competitionId:285023:assists:rank_asc:page:21
395088,285023_43822,Kim Minjae,Korea Republic,DF,0,0,268,1069,top_scorer,urn:gd:story:classification:gcp_top_scorer:competitionId:285023:assists:rank_asc:page:21,urn:gd:story:classification:gcp_top_scorer:competitionId:285023:assists:rank_asc:page:21
386347,285023_43834,Akram Afif,Qatar,FW,0,0,269,1070,top_scorer,urn:gd:story:classification:gcp_top_scorer:competitionId:285023:assists:rank_asc:page:21,urn:gd:story:classification:gcp_top_scorer:competitionId:285023:assists:rank_asc:page:21
402925,285023_43922,Nahuel Molina,Argentina,DF,0,0,270,1071,top_scorer,urn:gd:story:classification:gcp_top_scorer:competitionId:285023:assists:rank_asc:page:21,urn:gd:story:classification:gcp_top_scorer:competitionId:285023:assists:rank_asc:page:21
269058,285023_43926,James Rodriguez,Colombia,MF,0,0,270,1072,top_scorer,urn:gd:story:classification:gcp_top_scorer:competitionId:285023:assists:rank_asc:page:21,urn:gd:story:classification:gcp_top_scorer:competitionId:285023:assists:rank_asc:page:21
389784,285023_43927,Alan Franco,Ecuador,MF,0,0,270,1073,top_scorer,urn:gd:story:classification:gcp_top_scorer:competitionId:285023:assists:rank_asc:page:21,urn:gd:story:classification:gcp_top_scorer:competitionId:285023:assists:rank_asc:page:21
520036,285023_43934,Paul Wanner,Austria,MF,0,0,270,1074,top_scorer,urn:gd:story:classification:gcp_top_scorer:competitionId:285023:assists:rank_asc:page:21,urn:gd:story:classification:gcp_top_scorer:competitionId:285023:assists:rank_asc:page:21
400416,285023_43914,Edgar Yoel Barcenas,Panama,MF,0,0,272,1075,top_scorer,urn:gd:story:classification:gcp_top_scorer:competitionId:285023:assists:rank_asc:page:21,urn:gd:story:classification:gcp_top_scorer:competitionId:285023:assists:rank_asc:page:21
402884,285023_43930,Federico Valverde,Uruguay,MF,0,0,272,1076,top_scorer,urn:gd:story:classification:gcp_top_scorer:competitionId:285023:assists:rank_asc:page:21,urn:gd:story:classification:gcp_top_scorer:competitionId:285023:assists:rank_asc:page:21
419189,285023_43888,Yan Valery,Tunisia,DF,0,0,274,1077,top_scorer,urn:gd:story:classification:gcp_top_scorer:competitionId:285023:assists:rank_asc:page:21,urn:gd:story:classification:gcp_top_scorer:competitionId:285023:assists:rank_asc:page:21
514166,285023_43935,Nathan Ngoy,Belgium,DF,0,0,274,1078,top_scorer,urn:gd:story:classification:gcp_top_scorer:competitionId:285023:assists:rank_asc:page:21,urn:gd:story:classification:gcp_top_scorer:competitionId:285023:assists:rank_asc:page:21
429608,285023_43822,Seol Youngwoo,Korea Republic,DF,0,0,274,1079,top_scorer,urn:gd:story:classification:gcp_top_scorer:competitionId:285023:assists:rank_asc:page:21,urn:gd:story:classification:gcp_top_scorer:competitionId:285023:assists:rank_asc:page:21
390181,285023_43978,Joe Bell,New Zealand,MF,0,0,275,1080,top_scorer,urn:gd:story:classification:gcp_top_scorer:competitionId:285023:assists:rank_asc:page:21,urn:gd:story:classification:gcp_top_scorer:competitionId:285023:assists:rank_asc:page:21
339745,285023_43835,Salem Aldawsari,Saudi Arabia,FW,0,0,276,1081,top_scorer,urn:gd:story:classification:gcp_top_scorer:competitionId:285023:assists:rank_asc:page:21,urn:gd:story:classification:gcp_top_scorer:competitionId:285023:assists:rank_asc:page:21
400634,285023_43911,Edson Alvarez,Mexico,DF,0,0,278,1082,top_scorer,urn:gd:story:classification:gcp_top_scorer:competitionId:285023:assists:rank_asc:page:21,urn:gd:story:classification:gcp_top_scorer:competitionId:285023:assists:rank_asc:page:21
466317,285023_1895293,Juninho Bacuna,Curaçao,MF,0,0,280,1083,top_scorer,urn:gd:story:classification:gcp_top_scorer:competitionId:285023:assists:rank_asc:page:21,urn:gd:story:classification:gcp_top_scorer:competitionId:285023:assists:rank_asc:page:21
368860,285023_43946,Lucas Digne,France,DF,0,0,280,1084,top_scorer,urn:gd:story:classification:gcp_top_scorer:competitionId:285023:assists:rank_asc:page:21,urn:gd:story:classification:gcp_top_scorer:competitionId:285023:assists:rank_asc:page:21
483497,285023_43961,Fredrik Aursnes,Norway,MF,0,0,281,1085,top_scorer,urn:gd:story:classification:gcp_top_scorer:competitionId:285023:assists:rank_asc:page:21,urn:gd:story:classification:gcp_top_scorer:competitionId:285023:assists:rank_asc:page:21
507253,285023_43860,Kwasi Sibo,Ghana,MF,0,0,282,1086,top_scorer,urn:gd:story:classification:gcp_top_scorer:competitionId:285023:assists:rank_asc:page:21,urn:gd:story:classification:gcp_top_scorer:competitionId:285023:assists:rank_asc:page:21
405263,285023_43934,Kevin Danso,Austria,DF,0,0,284,1087,top_scorer,urn:gd:story:classification:gcp_top_scorer:competitionId:285023:assists:rank_asc:page:21,urn:gd:story:classification:gcp_top_scorer:competitionId:285023:assists:rank_asc:page:21
431196,285023_43922,Cristian Romero,Argentina,DF,0,0,286,1088,top_scorer,urn:gd:story:classification:gcp_top_scorer:competitionId:285023:assists:rank_asc:page:21,urn:gd:story:classification:gcp_top_scorer:competitionId:285023:assists:rank_asc:page:21
433527,285023_43820,Abdallah Nasib,Jordan,DF,0,0,287,1089,top_scorer,urn:gd:story:classification:gcp_top_scorer:competitionId:285023:assists:rank_asc:page:21,urn:gd:story:classification:gcp_top_scorer:competitionId:285023:assists:rank_asc:page:21
448821,285023_43879,Mory Diaw,Senegal,GK,0,0,287,1090,top_scorer,urn:gd:story:classification:gcp_top_scorer:competitionId:285023:assists:rank_asc:page:21,urn:gd:story:classification:gcp_top_scorer:competitionId:285023:assists:rank_asc:page:21
419223,285023_43883,Oswin Appollis,South Africa,FW,0,0,287,1091,top_scorer,urn:gd:story:classification:gcp_top_scorer:competitionId:285023:assists:rank_asc:page:21,urn:gd:story:classification:gcp_top_scorer:competitionId:285023:assists:rank_asc:page:21
371415,285023_44005,Rustam Ashurmatov,Uzbekistan,DF,0,0,288,1092,top_scorer,urn:gd:story:classification:gcp_top_scorer:competitionId:285023:assists:rank_asc:page:21,urn:gd:story:classification:gcp_top_scorer:competitionId:285023:assists:rank_asc:page:21
466838,285023_43908,Danley Jean Jacques,Haiti,MF,0,0,288,1093,top_scorer,urn:gd:story:classification:gcp_top_scorer:competitionId:285023:assists:rank_asc:page:21,urn:gd:story:classification:gcp_top_scorer:competitionId:285023:assists:rank_asc:page:21
486929,285023_43899,Tani Oluwaseyi,Canada,FW,0,0,288,1094,top_scorer,urn:gd:story:classification:gcp_top_scorer:competitionId:285023:assists:rank_asc:page:21,urn:gd:story:classification:gcp_top_scorer:competitionId:285023:assists:rank_asc:page:21
448140,285023_43960,Micky Van De Ven,Netherlands,DF,0,0,291,1095,top_scorer,urn:gd:story:classification:gcp_top_scorer:competitionId:285023:assists:rank_asc:page:21,urn:gd:story:classification:gcp_top_scorer:competitionId:285023:assists:rank_asc:page:21
398588,285023_43961,Alexander Sorloth,Norway,FW,0,0,291,1096,top_scorer,urn:gd:story:classification:gcp_top_scorer:competitionId:285023:assists:rank_asc:page:21,urn:gd:story:classification:gcp_top_scorer:competitionId:285023:assists:rank_asc:page:21
430697,285023_43908,Jean Ricner Bellegarde,Haiti,MF,0,0,292,1097,top_scorer,urn:gd:story:classification:gcp_top_scorer:competitionId:285023:assists:rank_asc:page:21,urn:gd:story:classification:gcp_top_scorer:competitionId:285023:assists:rank_asc:page:21
484022,285023_44037,Tarik Muharemovic,Bosnia and Herzegovina,DF,0,0,292,1098,top_scorer,urn:gd:story:classification:gcp_top_scorer:competitionId:285023:assists:rank_asc:page:21,urn:gd:story:classification:gcp_top_scorer:competitionId:285023:assists:rank_asc:page:21
433362,285023_43888,Ali Abdi,Tunisia,DF,0,0,293,1099,top_scorer,urn:gd:story:classification:gcp_top_scorer:competitionId:285023:assists:rank_asc:page:21,urn:gd:story:classification:gcp_top_scorer:competitionId:285023:assists:rank_asc:page:21
388475,285023_43817,Mehdi Taremi,IR Iran,FW,0,0,293,1100,top_scorer,urn:gd:story:classification:gcp_top_scorer:competitionId:285023:assists:rank_asc:page:21,urn:gd:story:classification:gcp_top_scorer:competitionId:285023:assists:rank_asc:page:21
486875,285023_43928,Gustavo Velazquez,Paraguay,DF,0,0,293,1101,top_scorer,urn:gd:story:classification:gcp_top_scorer:competitionId:285023:assists:rank_asc:page:21,urn:gd:story:classification:gcp_top_scorer:competitionId:285023:assists:rank_asc:page:21
494248,285023_43883,Thalente Mbatha,South Africa,MF,0,0,293,1102,top_scorer,urn:gd:story:classification:gcp_top_scorer:competitionId:285023:assists:rank_asc:page:21,urn:gd:story:classification:gcp_top_scorer:competitionId:285023:assists:rank_asc:page:21
418729,285023_43914,Carlos Harvey,Panama,DF,0,0,295,1103,top_scorer,urn:gd:story:classification:gcp_top_scorer:competitionId:285023:assists:rank_asc:page:21,urn:gd:story:classification:gcp_top_scorer:competitionId:285023:assists:rank_asc:page:21
479389,285023_43820,Mohannad Abutaha,Jordan,MF,0,0,296,1104,top_scorer,urn:gd:story:classification:gcp_top_scorer:competitionId:285023:assists:rank_asc:page:21,urn:gd:story:classification:gcp_top_scorer:competitionId:285023:assists:rank_asc:page:21
486147,285023_20014,Noah Sadiki,Congo DR,MF,0,0,297,1105,top_scorer,urn:gd:story:classification:gcp_top_scorer:competitionId:285023:assists:rank_asc:page:21,urn:gd:story:classification:gcp_top_scorer:competitionId:285023:assists:rank_asc:page:21
371736,285023_43817,Saeid Ezatolahi,IR Iran,MF,0,0,298,1106,top_scorer,urn:gd:story:classification:gcp_top_scorer:competitionId:285023:assists:rank_asc:page:21,urn:gd:story:classification:gcp_top_scorer:competitionId:285023:assists:rank_asc:page:21
433380,285023_43888,Montassar Talbi,Tunisia,DF,0,0,298,1107,top_scorer,urn:gd:story:classification:gcp_top_scorer:competitionId:285023:assists:rank_asc:page:21,urn:gd:story:classification:gcp_top_scorer:competitionId:285023:assists:rank_asc:page:21
485677,285023_43946,Manu Kone,France,MF,0,0,299,1108,top_scorer,urn:gd:story:classification:gcp_top_scorer:competitionId:285023:assists:rank_asc:page:21,urn:gd:story:classification:gcp_top_scorer:competitionId:285023:assists:rank_asc:page:21
274281,285023_43822,Kim Seunggyu,Korea Republic,GK,0,0,300,1109,top_scorer,urn:gd:story:classification:gcp_top_scorer:competitionId:285023:assists:rank_asc:page:21,urn:gd:story:classification:gcp_top_scorer:competitionId:285023:assists:rank_asc:page:21
423874,285023_43822,Lee Hanbeom,Korea Republic,DF,0,0,300,1109,top_scorer,urn:gd:story:classification:gcp_top_scorer:competitionId:285023:assists:rank_asc:page:21,urn:gd:story:classification:gcp_top_scorer:competitionId:285023:assists:rank_asc:page:21
492315,285023_43822,Lee Gihyuk,Korea Republic,MF,0,0,300,1109,top_scorer,urn:gd:story:classification:gcp_top_scorer:competitionId:285023:assists:rank_asc:page:21,urn:gd:story:classification:gcp_top_scorer:competitionId:285023:assists:rank_asc:page:21
484849,285023_43948,Aleksandar Pavlovic,Germany,MF,0,0,300,1112,top_scorer,urn:gd:story:classification:gcp_top_scorer:competitionId:285023:assists:rank_asc:page:21,urn:gd:story:classification:gcp_top_scorer:competitionId:285023:assists:rank_asc:page:21
484082,285023_43972,Abdulkerim Bardakci,Türkiye,DF,0,0,300,1113,top_scorer,urn:gd:story:classification:gcp_top_scorer:competitionId:285023:assists:rank_asc:page:21,urn:gd:story:classification:gcp_top_scorer:competitionId:285023:assists:rank_asc:page:21
466340,285023_1895293,Leandro Bacuna,Curaçao,MF,0,0,300,1114,top_scorer,urn:gd:story:classification:gcp_top_scorer:competitionId:285023:assists:rank_asc:page:22,urn:gd:story:classification:gcp_top_scorer:competitionId:285023:assists:rank_asc:page:22
466350,285023_1895293,Sherel Floranus,Curaçao,DF,0,0,300,1114,top_scorer,urn:gd:story:classification:gcp_top_scorer:competitionId:285023:assists:rank_asc:page:22,urn:gd:story:classification:gcp_top_scorer:competitionId:285023:assists:rank_asc:page:22
511141,285023_1895293,Armando Obispo,Curaçao,DF,0,0,300,1114,top_scorer,urn:gd:story:classification:gcp_top_scorer:competitionId:285023:assists:rank_asc:page:22,urn:gd:story:classification:gcp_top_scorer:competitionId:285023:assists:rank_asc:page:22
390650,285023_1895293,Eloy Room,Curaçao,GK,0,0,300,1114,top_scorer,urn:gd:story:classification:gcp_top_scorer:competitionId:285023:assists:rank_asc:page:22,urn:gd:story:classification:gcp_top_scorer:competitionId:285023:assists:rank_asc:page:22
419281,285023_43835,Saud Abdulhamid,Saudi Arabia,DF,0,0,300,1118,top_scorer,urn:gd:story:classification:gcp_top_scorer:competitionId:285023:assists:rank_asc:page:22,urn:gd:story:classification:gcp_top_scorer:competitionId:285023:assists:rank_asc:page:22
379955,285023_43948,Antonio Ruediger,Germany,DF,0,0,300,1119,top_scorer,urn:gd:story:classification:gcp_top_scorer:competitionId:285023:assists:rank_asc:page:22,urn:gd:story:classification:gcp_top_scorer:competitionId:285023:assists:rank_asc:page:22
486080,285023_43995,Robin Hranac,Czechia,DF,0,0,301,1120,top_scorer,urn:gd:story:classification:gcp_top_scorer:competitionId:285023:assists:rank_asc:page:22,urn:gd:story:classification:gcp_top_scorer:competitionId:285023:assists:rank_asc:page:22
484012,285023_43995,Matej Kovar,Czechia,GK,0,0,301,1120,top_scorer,urn:gd:story:classification:gcp_top_scorer:competitionId:285023:assists:rank_asc:page:22,urn:gd:story:classification:gcp_top_scorer:competitionId:285023:assists:rank_asc:page:22
430477,285023_43855,Ahmed Fatouh,Egypt,DF,0,0,301,1122,top_scorer,urn:gd:story:classification:gcp_top_scorer:competitionId:285023:assists:rank_asc:page:22,urn:gd:story:classification:gcp_top_scorer:competitionId:285023:assists:rank_asc:page:22
389879,285023_43843,Luca Zidane,Algeria,GK,0,0,302,1123,top_scorer,urn:gd:story:classification:gcp_top_scorer:competitionId:285023:assists:rank_asc:page:22,urn:gd:story:classification:gcp_top_scorer:competitionId:285023:assists:rank_asc:page:22
423595,285023_43978,Marko Stamenic,New Zealand,MF,0,0,302,1124,top_scorer,urn:gd:story:classification:gcp_top_scorer:competitionId:285023:assists:rank_asc:page:22,urn:gd:story:classification:gcp_top_scorer:competitionId:285023:assists:rank_asc:page:22
407343,285023_43854,Ghislain Konan,Côte d'Ivoire,DF,0,0,303,1125,top_scorer,urn:gd:story:classification:gcp_top_scorer:competitionId:285023:assists:rank_asc:page:22,urn:gd:story:classification:gcp_top_scorer:competitionId:285023:assists:rank_asc:page:22
441240,285023_43914,Andres Andrade,Panama,DF,0,0,303,1126,top_scorer,urn:gd:story:classification:gcp_top_scorer:competitionId:285023:assists:rank_asc:page:22,urn:gd:story:classification:gcp_top_scorer:competitionId:285023:assists:rank_asc:page:22
418715,285023_43914,Jose Cordoba,Panama,DF,0,0,303,1126,top_scorer,urn:gd:story:classification:gcp_top_scorer:competitionId:285023:assists:rank_asc:page:22,urn:gd:story:classification:gcp_top_scorer:competitionId:285023:assists:rank_asc:page:22
441241,285023_43914,Orlando Mosquera,Panama,GK,0,0,303,1126,top_scorer,urn:gd:story:classification:gcp_top_scorer:competitionId:285023:assists:rank_asc:page:22,urn:gd:story:classification:gcp_top_scorer:competitionId:285023:assists:rank_asc:page:22
385031,285023_43914,Amir Murillo,Panama,DF,0,0,303,1126,top_scorer,urn:gd:story:classification:gcp_top_scorer:competitionId:285023:assists:rank_asc:page:22,urn:gd:story:classification:gcp_top_scorer:competitionId:285023:assists:rank_asc:page:22
481183,285023_43818,Akam Hashim,Iraq,DF,0,0,303,1130,top_scorer,urn:gd:story:classification:gcp_top_scorer:competitionId:285023:assists:rank_asc:page:22,urn:gd:story:classification:gcp_top_scorer:competitionId:285023:assists:rank_asc:page:22
479072,285023_43818,Merchas Doski,Iraq,DF,0,0,303,1130,top_scorer,urn:gd:story:classification:gcp_top_scorer:competitionId:285023:assists:rank_asc:page:22,urn:gd:story:classification:gcp_top_scorer:competitionId:285023:assists:rank_asc:page:22
369761,285023_43928,Miguel Almiron,Paraguay,MF,0,0,306,1132,top_scorer,urn:gd:story:classification:gcp_top_scorer:competitionId:285023:assists:rank_asc:page:22,urn:gd:story:classification:gcp_top_scorer:competitionId:285023:assists:rank_asc:page:22
396885,285023_43835,Mohammed Alowais,Saudi Arabia,GK,0,0,306,1133,top_scorer,urn:gd:story:classification:gcp_top_scorer:competitionId:285023:assists:rank_asc:page:22,urn:gd:story:classification:gcp_top_scorer:competitionId:285023:assists:rank_asc:page:22
368535,285023_43978,Max Crocombe,New Zealand,GK,0,0,306,1134,top_scorer,urn:gd:story:classification:gcp_top_scorer:competitionId:285023:assists:rank_asc:page:22,urn:gd:story:classification:gcp_top_scorer:competitionId:285023:assists:rank_asc:page:22
442434,285023_43967,Lewis Ferguson,Scotland,MF,0,0,306,1135,top_scorer,urn:gd:story:classification:gcp_top_scorer:competitionId:285023:assists:rank_asc:page:22,urn:gd:story:classification:gcp_top_scorer:competitionId:285023:assists:rank_asc:page:22
411301,285023_43967,Angus Gunn,Scotland,GK,0,0,306,1135,top_scorer,urn:gd:story:classification:gcp_top_scorer:competitionId:285023:assists:rank_asc:page:22,urn:gd:story:classification:gcp_top_scorer:competitionId:285023:assists:rank_asc:page:22
430147,285023_43967,Jack Hendry,Scotland,DF,0,0,306,1135,top_scorer,urn:gd:story:classification:gcp_top_scorer:competitionId:285023:assists:rank_asc:page:22,urn:gd:story:classification:gcp_top_scorer:competitionId:285023:assists:rank_asc:page:22
433787,285023_43967,Scott Mctominay,Scotland,MF,0,0,306,1135,top_scorer,urn:gd:story:classification:gcp_top_scorer:competitionId:285023:assists:rank_asc:page:22,urn:gd:story:classification:gcp_top_scorer:competitionId:285023:assists:rank_asc:page:22
275917,285023_43908,Ricardo Ade,Haiti,DF,0,0,306,1139,top_scorer,urn:gd:story:classification:gcp_top_scorer:competitionId:285023:assists:rank_asc:page:22,urn:gd:story:classification:gcp_top_scorer:competitionId:285023:assists:rank_asc:page:22
448363,285023_43908,Hannes Delcroix,Haiti,DF,0,0,306,1139,top_scorer,urn:gd:story:classification:gcp_top_scorer:competitionId:285023:assists:rank_asc:page:22,urn:gd:story:classification:gcp_top_scorer:competitionId:285023:assists:rank_asc:page:22
489300,285023_43908,Martin Experience,Haiti,DF,0,0,306,1139,top_scorer,urn:gd:story:classification:gcp_top_scorer:competitionId:285023:assists:rank_asc:page:22,urn:gd:story:classification:gcp_top_scorer:competitionId:285023:assists:rank_asc:page:22
295922,285023_43908,Johny Placide,Haiti,GK,0,0,306,1139,top_scorer,urn:gd:story:classification:gcp_top_scorer:competitionId:285023:assists:rank_asc:page:22,urn:gd:story:classification:gcp_top_scorer:competitionId:285023:assists:rank_asc:page:22
369089,285023_43860,Thomas Partey,Ghana,MF,0,0,307,1143,top_scorer,urn:gd:story:classification:gcp_top_scorer:competitionId:285023:assists:rank_asc:page:22,urn:gd:story:classification:gcp_top_scorer:competitionId:285023:assists:rank_asc:page:22
433469,285023_43855,Mohanad Lashin,Egypt,MF,0,0,308,1144,top_scorer,urn:gd:story:classification:gcp_top_scorer:competitionId:285023:assists:rank_asc:page:22,urn:gd:story:classification:gcp_top_scorer:competitionId:285023:assists:rank_asc:page:22
486268,285023_43854,Emmanuel Agbadou,Côte d'Ivoire,DF,0,0,308,1145,top_scorer,urn:gd:story:classification:gcp_top_scorer:competitionId:285023:assists:rank_asc:page:22,urn:gd:story:classification:gcp_top_scorer:competitionId:285023:assists:rank_asc:page:22
397894,285023_43820,Yazeed Abulaila,Jordan,GK,0,0,309,1146,top_scorer,urn:gd:story:classification:gcp_top_scorer:competitionId:285023:assists:rank_asc:page:22,urn:gd:story:classification:gcp_top_scorer:competitionId:285023:assists:rank_asc:page:22
431225,285023_43820,Yazan Alarab,Jordan,DF,0,0,309,1146,top_scorer,urn:gd:story:classification:gcp_top_scorer:competitionId:285023:assists:rank_asc:page:22,urn:gd:story:classification:gcp_top_scorer:competitionId:285023:assists:rank_asc:page:22
346743,285023_43817,Shoja Khalilzadeh,IR Iran,DF,0,0,309,1148,top_scorer,urn:gd:story:classification:gcp_top_scorer:competitionId:285023:assists:rank_asc:page:22,urn:gd:story:classification:gcp_top_scorer:competitionId:285023:assists:rank_asc:page:22
489603,285023_43817,Ali Nemati,IR Iran,DF,0,0,309,1148,top_scorer,urn:gd:story:classification:gcp_top_scorer:competitionId:285023:assists:rank_asc:page:22,urn:gd:story:classification:gcp_top_scorer:competitionId:285023:assists:rank_asc:page:22
380007,285023_43817,Alireza Beiranvand,IR Iran,GK,0,0,309,1148,top_scorer,urn:gd:story:classification:gcp_top_scorer:competitionId:285023:assists:rank_asc:page:22,urn:gd:story:classification:gcp_top_scorer:competitionId:285023:assists:rank_asc:page:22
419459,285023_43834,Mahmoud Abunada,Qatar,GK,0,0,310,1151,top_scorer,urn:gd:story:classification:gcp_top_scorer:competitionId:285023:assists:rank_asc:page:22,urn:gd:story:classification:gcp_top_scorer:competitionId:285023:assists:rank_asc:page:22
416051,285023_43834,Pedro Miguel,Qatar,DF,0,0,310,1151,top_scorer,urn:gd:story:classification:gcp_top_scorer:competitionId:285023:assists:rank_asc:page:22,urn:gd:story:classification:gcp_top_scorer:competitionId:285023:assists:rank_asc:page:22
385067,285023_43834,Boualem Khoukhi,Qatar,DF,0,0,310,1151,top_scorer,urn:gd:story:classification:gcp_top_scorer:competitionId:285023:assists:rank_asc:page:22,urn:gd:story:classification:gcp_top_scorer:competitionId:285023:assists:rank_asc:page:22
512791,285023_43834,Issa Laye,Qatar,DF,0,0,310,1151,top_scorer,urn:gd:story:classification:gcp_top_scorer:competitionId:285023:assists:rank_asc:page:22,urn:gd:story:classification:gcp_top_scorer:competitionId:285023:assists:rank_asc:page:22
482976,285023_44037,Amar Dedic,Bosnia and Herzegovina,DF,0,0,310,1155,top_scorer,urn:gd:story:classification:gcp_top_scorer:competitionId:285023:assists:rank_asc:page:22,urn:gd:story:classification:gcp_top_scorer:competitionId:285023:assists:rank_asc:page:22
486317,285023_43854,Guela Doue,Côte d'Ivoire,DF,0,0,311,1156,top_scorer,urn:gd:story:classification:gcp_top_scorer:competitionId:285023:assists:rank_asc:page:22,urn:gd:story:classification:gcp_top_scorer:competitionId:285023:assists:rank_asc:page:22
394500,285023_43926,Johan Mojica,Colombia,DF,0,0,311,1157,top_scorer,urn:gd:story:classification:gcp_top_scorer:competitionId:285023:assists:rank_asc:page:22,urn:gd:story:classification:gcp_top_scorer:competitionId:285023:assists:rank_asc:page:22
448174,285023_43938,Marin Pongracic,Croatia,DF,0,0,311,1158,top_scorer,urn:gd:story:classification:gcp_top_scorer:competitionId:285023:assists:rank_asc:page:22,urn:gd:story:classification:gcp_top_scorer:competitionId:285023:assists:rank_asc:page:22
373400,285023_43927,Enner Valencia,Ecuador,FW,0,0,311,1159,top_scorer,urn:gd:story:classification:gcp_top_scorer:competitionId:285023:assists:rank_asc:page:22,urn:gd:story:classification:gcp_top_scorer:competitionId:285023:assists:rank_asc:page:22
464924,285023_44005,Abdukodir Khusanov,Uzbekistan,DF,0,0,311,1160,top_scorer,urn:gd:story:classification:gcp_top_scorer:competitionId:285023:assists:rank_asc:page:22,urn:gd:story:classification:gcp_top_scorer:competitionId:285023:assists:rank_asc:page:22
520039,285023_43860,Marvin Senaya,Ghana,DF,0,0,312,1161,top_scorer,urn:gd:story:classification:gcp_top_scorer:competitionId:285023:assists:rank_asc:page:22,urn:gd:story:classification:gcp_top_scorer:competitionId:285023:assists:rank_asc:page:22
386538,285023_43930,Rodrigo Bentancur,Uruguay,MF,0,0,313,1162,top_scorer,urn:gd:story:classification:gcp_top_scorer:competitionId:285023:assists:rank_asc:page:22,urn:gd:story:classification:gcp_top_scorer:competitionId:285023:assists:rank_asc:page:22
419108,285023_43930,Sebastian Caceres,Uruguay,DF,0,0,313,1162,top_scorer,urn:gd:story:classification:gcp_top_scorer:competitionId:285023:assists:rank_asc:page:22,urn:gd:story:classification:gcp_top_scorer:competitionId:285023:assists:rank_asc:page:22
402893,285023_43930,Mathias Olivera,Uruguay,DF,0,0,313,1162,top_scorer,urn:gd:story:classification:gcp_top_scorer:competitionId:285023:assists:rank_asc:page:23,urn:gd:story:classification:gcp_top_scorer:competitionId:285023:assists:rank_asc:page:23
368660,285023_43930,Guillermo Varela,Uruguay,DF,0,0,313,1162,top_scorer,urn:gd:story:classification:gcp_top_scorer:competitionId:285023:assists:rank_asc:page:23,urn:gd:story:classification:gcp_top_scorer:competitionId:285023:assists:rank_asc:page:23
379939,285023_43843,Nabil Bentaleb,Algeria,MF,0,0,313,1166,top_scorer,urn:gd:story:classification:gcp_top_scorer:competitionId:285023:assists:rank_asc:page:23,urn:gd:story:classification:gcp_top_scorer:competitionId:285023:assists:rank_asc:page:23
441181,285023_43972,Ugurcan Cakir,Türkiye,GK,0,0,313,1167,top_scorer,urn:gd:story:classification:gcp_top_scorer:competitionId:285023:assists:rank_asc:page:23,urn:gd:story:classification:gcp_top_scorer:competitionId:285023:assists:rank_asc:page:23
486150,285023_43860,Jerome Opoku,Ghana,DF,0,0,313,1168,top_scorer,urn:gd:story:classification:gcp_top_scorer:competitionId:285023:assists:rank_asc:page:23,urn:gd:story:classification:gcp_top_scorer:competitionId:285023:assists:rank_asc:page:23
401894,285023_43850,Jamiro Monteiro,Cabo Verde,MF,0,0,314,1169,top_scorer,urn:gd:story:classification:gcp_top_scorer:competitionId:285023:assists:rank_asc:page:23,urn:gd:story:classification:gcp_top_scorer:competitionId:285023:assists:rank_asc:page:23
431858,285023_43843,Rayan Ait Nouri,Algeria,DF,0,0,315,1170,top_scorer,urn:gd:story:classification:gcp_top_scorer:competitionId:285023:assists:rank_asc:page:23,urn:gd:story:classification:gcp_top_scorer:competitionId:285023:assists:rank_asc:page:23
477825,285023_43854,Odilon Kossounou,Côte d'Ivoire,DF,0,0,316,1171,top_scorer,urn:gd:story:classification:gcp_top_scorer:competitionId:285023:assists:rank_asc:page:23,urn:gd:story:classification:gcp_top_scorer:competitionId:285023:assists:rank_asc:page:23
353235,285023_43860,Jordan Ayew,Ghana,FW,0,0,323,1172,top_scorer,urn:gd:story:classification:gcp_top_scorer:competitionId:285023:assists:rank_asc:page:23,urn:gd:story:classification:gcp_top_scorer:competitionId:285023:assists:rank_asc:page:23
344661,285023_43855,Ramy Rabia,Egypt,DF,0,0,324,1173,top_scorer,urn:gd:story:classification:gcp_top_scorer:competitionId:285023:assists:rank_asc:page:23,urn:gd:story:classification:gcp_top_scorer:competitionId:285023:assists:rank_asc:page:23
405920,285023_43927,John Yeboah,Ecuador,FW,0,0,330,1174,top_scorer,urn:gd:story:classification:gcp_top_scorer:competitionId:285023:assists:rank_asc:page:23,urn:gd:story:classification:gcp_top_scorer:competitionId:285023:assists:rank_asc:page:23
463128,285023_43928,Diego Gomez,Paraguay,MF,0,0,332,1175,top_scorer,urn:gd:story:classification:gcp_top_scorer:competitionId:285023:assists:rank_asc:page:23,urn:gd:story:classification:gcp_top_scorer:competitionId:285023:assists:rank_asc:page:23
406280,285023_43921,Sergino Dest,USA,DF,0,0,335,1176,top_scorer,urn:gd:story:classification:gcp_top_scorer:competitionId:285023:assists:rank_asc:page:23,urn:gd:story:classification:gcp_top_scorer:competitionId:285023:assists:rank_asc:page:23
448252,285023_43922,Enzo Fernandez,Argentina,MF,0,0,342,1177,top_scorer,urn:gd:story:classification:gcp_top_scorer:competitionId:285023:assists:rank_asc:page:23,urn:gd:story:classification:gcp_top_scorer:competitionId:285023:assists:rank_asc:page:23
423522,285023_43976,Jordan Bos,Australia,DF,0,0,343,1178,top_scorer,urn:gd:story:classification:gcp_top_scorer:competitionId:285023:assists:rank_asc:page:23,urn:gd:story:classification:gcp_top_scorer:competitionId:285023:assists:rank_asc:page:23
477847,285023_43850,Steven Moreira,Cabo Verde,DF,0,0,346,1179,top_scorer,urn:gd:story:classification:gcp_top_scorer:competitionId:285023:assists:rank_asc:page:23,urn:gd:story:classification:gcp_top_scorer:competitionId:285023:assists:rank_asc:page:23
430476,285023_43855,Omar Marmoush,Egypt,FW,0,0,348,1180,top_scorer,urn:gd:story:classification:gcp_top_scorer:competitionId:285023:assists:rank_asc:page:23,urn:gd:story:classification:gcp_top_scorer:competitionId:285023:assists:rank_asc:page:23
395516,285023_43911,Cesar Montes,Mexico,DF,0,0,349,1181,top_scorer,urn:gd:story:classification:gcp_top_scorer:competitionId:285023:assists:rank_asc:page:23,urn:gd:story:classification:gcp_top_scorer:competitionId:285023:assists:rank_asc:page:23
371958,285023_43899,Derek Cornelius,Canada,DF,0,0,351,1182,top_scorer,urn:gd:story:classification:gcp_top_scorer:competitionId:285023:assists:rank_asc:page:23,urn:gd:story:classification:gcp_top_scorer:competitionId:285023:assists:rank_asc:page:23
489520,285023_44037,Nikola Katic,Bosnia and Herzegovina,DF,0,0,353,1183,top_scorer,urn:gd:story:classification:gcp_top_scorer:competitionId:285023:assists:rank_asc:page:23,urn:gd:story:classification:gcp_top_scorer:competitionId:285023:assists:rank_asc:page:23
483276,285023_43970,Gabriel Gudmundsson,Sweden,DF,0,0,356,1184,top_scorer,urn:gd:story:classification:gcp_top_scorer:competitionId:285023:assists:rank_asc:page:23,urn:gd:story:classification:gcp_top_scorer:competitionId:285023:assists:rank_asc:page:23
485760,285023_43872,Ayyoub Bouaddi,Morocco,MF,0,0,358,1185,top_scorer,urn:gd:story:classification:gcp_top_scorer:competitionId:285023:assists:rank_asc:page:23,urn:gd:story:classification:gcp_top_scorer:competitionId:285023:assists:rank_asc:page:23
433076,285023_20014,Samuel Moutoussamy,Congo DR,MF,0,0,360,1186,top_scorer,urn:gd:story:classification:gcp_top_scorer:competitionId:285023:assists:rank_asc:page:23,urn:gd:story:classification:gcp_top_scorer:competitionId:285023:assists:rank_asc:page:23
422657,285023_43960,Frenkie De Jong,Netherlands,MF,0,0,360,1187,top_scorer,urn:gd:story:classification:gcp_top_scorer:competitionId:285023:assists:rank_asc:page:23,urn:gd:story:classification:gcp_top_scorer:competitionId:285023:assists:rank_asc:page:23
441088,285023_43934,Nicolas Seiwald,Austria,MF,0,0,361,1188,top_scorer,urn:gd:story:classification:gcp_top_scorer:competitionId:285023:assists:rank_asc:page:23,urn:gd:story:classification:gcp_top_scorer:competitionId:285023:assists:rank_asc:page:23
431202,285023_43928,Omar Alderete,Paraguay,DF,0,0,363,1189,top_scorer,urn:gd:story:classification:gcp_top_scorer:competitionId:285023:assists:rank_asc:page:23,urn:gd:story:classification:gcp_top_scorer:competitionId:285023:assists:rank_asc:page:23
441067,285023_43934,Stefan Posch,Austria,DF,0,0,370,1190,top_scorer,urn:gd:story:classification:gcp_top_scorer:competitionId:285023:assists:rank_asc:page:23,urn:gd:story:classification:gcp_top_scorer:competitionId:285023:assists:rank_asc:page:23
395550,285023_43926,Jefferson Lerma,Colombia,MF,0,0,374,1191,top_scorer,urn:gd:story:classification:gcp_top_scorer:competitionId:285023:assists:rank_asc:page:23,urn:gd:story:classification:gcp_top_scorer:competitionId:285023:assists:rank_asc:page:23
424031,285023_43927,Piero Hincapie,Ecuador,DF,0,0,376,1192,top_scorer,urn:gd:story:classification:gcp_top_scorer:competitionId:285023:assists:rank_asc:page:23,urn:gd:story:classification:gcp_top_scorer:competitionId:285023:assists:rank_asc:page:23
395050,285023_43883,Aubrey Modiba,South Africa,DF,0,0,381,1193,top_scorer,urn:gd:story:classification:gcp_top_scorer:competitionId:285023:assists:rank_asc:page:23,urn:gd:story:classification:gcp_top_scorer:competitionId:285023:assists:rank_asc:page:23
461788,285023_43855,Marawan Attia,Egypt,MF,0,0,388,1194,top_scorer,urn:gd:story:classification:gcp_top_scorer:competitionId:285023:assists:rank_asc:page:23,urn:gd:story:classification:gcp_top_scorer:competitionId:285023:assists:rank_asc:page:23
494291,285023_43843,Ibrahim Maza,Algeria,MF,0,0,389,1195,top_scorer,urn:gd:story:classification:gcp_top_scorer:competitionId:285023:assists:rank_asc:page:23,urn:gd:story:classification:gcp_top_scorer:competitionId:285023:assists:rank_asc:page:23
395283,285023_43970,Victor Lindelof,Sweden,DF,0,0,390,1196,top_scorer,urn:gd:story:classification:gcp_top_scorer:competitionId:285023:assists:rank_asc:page:23,urn:gd:story:classification:gcp_top_scorer:competitionId:285023:assists:rank_asc:page:23
402021,285023_43971,Remo Freuler,Switzerland,MF,0,0,394,1197,top_scorer,urn:gd:story:classification:gcp_top_scorer:competitionId:285023:assists:rank_asc:page:23,urn:gd:story:classification:gcp_top_scorer:competitionId:285023:assists:rank_asc:page:23
313559,285023_43971,Ricardo Rodriguez,Switzerland,DF,0,0,394,1198,top_scorer,urn:gd:story:classification:gcp_top_scorer:competitionId:285023:assists:rank_asc:page:23,urn:gd:story:classification:gcp_top_scorer:competitionId:285023:assists:rank_asc:page:23
390238,285023_43921,Tyler Adams,USA,MF,0,0,397,1199,top_scorer,urn:gd:story:classification:gcp_top_scorer:competitionId:285023:assists:rank_asc:page:23,urn:gd:story:classification:gcp_top_scorer:competitionId:285023:assists:rank_asc:page:23
441251,285023_43921,Antonee Robinson,USA,DF,0,0,399,1200,top_scorer,urn:gd:story:classification:gcp_top_scorer:competitionId:285023:assists:rank_asc:page:23,urn:gd:story:classification:gcp_top_scorer:competitionId:285023:assists:rank_asc:page:23
426357,285023_20014,Aaron Wan Bissaka,Congo DR,DF,0,0,399,1201,top_scorer,urn:gd:story:classification:gcp_top_scorer:competitionId:285023:assists:rank_asc:page:23,urn:gd:story:classification:gcp_top_scorer:competitionId:285023:assists:rank_asc:page:23
436743,285023_44037,Ermedin Demirovic,Bosnia and Herzegovina,FW,0,0,399,1202,top_scorer,urn:gd:story:classification:gcp_top_scorer:competitionId:285023:assists:rank_asc:page:23,urn:gd:story:classification:gcp_top_scorer:competitionId:285023:assists:rank_asc:page:23
491244,285023_43961,Torbjorn Heggem,Norway,DF,0,0,400,1203,top_scorer,urn:gd:story:classification:gcp_top_scorer:competitionId:285023:assists:rank_asc:page:23,urn:gd:story:classification:gcp_top_scorer:competitionId:285023:assists:rank_asc:page:23
483304,285023_43970,Gustaf Lagerbielke,Sweden,DF,0,0,400,1204,top_scorer,urn:gd:story:classification:gcp_top_scorer:competitionId:285023:assists:rank_asc:page:23,urn:gd:story:classification:gcp_top_scorer:competitionId:285023:assists:rank_asc:page:23
430138,285023_43899,Tajon Buchanan,Canada,FW,0,0,401,1205,top_scorer,urn:gd:story:classification:gcp_top_scorer:competitionId:285023:assists:rank_asc:page:23,urn:gd:story:classification:gcp_top_scorer:competitionId:285023:assists:rank_asc:page:23
504199,285023_43883,Mbekezeli Mbokazi,South Africa,DF,0,0,402,1206,top_scorer,urn:gd:story:classification:gcp_top_scorer:competitionId:285023:assists:rank_asc:page:23,urn:gd:story:classification:gcp_top_scorer:competitionId:285023:assists:rank_asc:page:23
463218,285023_43883,Khuliso Mudau,South Africa,DF,0,0,402,1206,top_scorer,urn:gd:story:classification:gcp_top_scorer:competitionId:285023:assists:rank_asc:page:23,urn:gd:story:classification:gcp_top_scorer:competitionId:285023:assists:rank_asc:page:23
506039,285023_43883,Ime Okon,South Africa,DF,0,0,402,1206,top_scorer,urn:gd:story:classification:gcp_top_scorer:competitionId:285023:assists:rank_asc:page:23,urn:gd:story:classification:gcp_top_scorer:competitionId:285023:assists:rank_asc:page:23
395986,285023_43883,Ronwen Williams,South Africa,GK,0,0,402,1206,top_scorer,urn:gd:story:classification:gcp_top_scorer:competitionId:285023:assists:rank_asc:page:23,urn:gd:story:classification:gcp_top_scorer:competitionId:285023:assists:rank_asc:page:23
419177,285023_43946,William Saliba,France,DF,0,0,402,1210,top_scorer,urn:gd:story:classification:gcp_top_scorer:competitionId:285023:assists:rank_asc:page:23,urn:gd:story:classification:gcp_top_scorer:competitionId:285023:assists:rank_asc:page:23
395113,285023_43843,Ramy Bensebaini,Algeria,DF,0,0,403,1211,top_scorer,urn:gd:story:classification:gcp_top_scorer:competitionId:285023:assists:rank_asc:page:23,urn:gd:story:classification:gcp_top_scorer:competitionId:285023:assists:rank_asc:page:23
477795,285023_43843,Fares Chaibi,Algeria,MF,0,0,403,1211,top_scorer,urn:gd:story:classification:gcp_top_scorer:competitionId:285023:assists:rank_asc:page:23,urn:gd:story:classification:gcp_top_scorer:competitionId:285023:assists:rank_asc:page:23
376285,285023_43843,Aissa Mandi,Algeria,DF,0,0,403,1211,top_scorer,urn:gd:story:classification:gcp_top_scorer:competitionId:285023:assists:rank_asc:page:23,urn:gd:story:classification:gcp_top_scorer:competitionId:285023:assists:rank_asc:page:23
405178,285023_43971,Manuel Akanji,Switzerland,DF,0,0,403,1214,top_scorer,urn:gd:story:classification:gcp_top_scorer:competitionId:285023:assists:rank_asc:page:24,urn:gd:story:classification:gcp_top_scorer:competitionId:285023:assists:rank_asc:page:24
398509,285023_43971,Nico Elvedi,Switzerland,DF,0,0,403,1214,top_scorer,urn:gd:story:classification:gcp_top_scorer:competitionId:285023:assists:rank_asc:page:24,urn:gd:story:classification:gcp_top_scorer:competitionId:285023:assists:rank_asc:page:24
448107,285023_43971,Gregor Kobel,Switzerland,GK,0,0,403,1214,top_scorer,urn:gd:story:classification:gcp_top_scorer:competitionId:285023:assists:rank_asc:page:24,urn:gd:story:classification:gcp_top_scorer:competitionId:285023:assists:rank_asc:page:24
441149,285023_43963,Vitinha,Portugal,MF,0,0,404,1217,top_scorer,urn:gd:story:classification:gcp_top_scorer:competitionId:285023:assists:rank_asc:page:24,urn:gd:story:classification:gcp_top_scorer:competitionId:285023:assists:rank_asc:page:24
403274,285023_43819,Hiroki Ito,Japan,DF,0,0,405,1218,top_scorer,urn:gd:story:classification:gcp_top_scorer:competitionId:285023:assists:rank_asc:page:24,urn:gd:story:classification:gcp_top_scorer:competitionId:285023:assists:rank_asc:page:24
405530,285023_43819,Zion Suzuki,Japan,GK,0,0,405,1219,top_scorer,urn:gd:story:classification:gcp_top_scorer:competitionId:285023:assists:rank_asc:page:24,urn:gd:story:classification:gcp_top_scorer:competitionId:285023:assists:rank_asc:page:24
430440,285023_43976,Aiden Oneill,Australia,MF,0,0,406,1220,top_scorer,urn:gd:story:classification:gcp_top_scorer:competitionId:285023:assists:rank_asc:page:24,urn:gd:story:classification:gcp_top_scorer:competitionId:285023:assists:rank_asc:page:24
428885,285023_43927,Moises Caicedo,Ecuador,MF,0,0,407,1221,top_scorer,urn:gd:story:classification:gcp_top_scorer:competitionId:285023:assists:rank_asc:page:24,urn:gd:story:classification:gcp_top_scorer:competitionId:285023:assists:rank_asc:page:24
441236,285023_43927,Hernan Galindez,Ecuador,GK,0,0,407,1221,top_scorer,urn:gd:story:classification:gcp_top_scorer:competitionId:285023:assists:rank_asc:page:24,urn:gd:story:classification:gcp_top_scorer:competitionId:285023:assists:rank_asc:page:24
448290,285023_43927,Willian Pacho,Ecuador,DF,0,0,407,1221,top_scorer,urn:gd:story:classification:gcp_top_scorer:competitionId:285023:assists:rank_asc:page:24,urn:gd:story:classification:gcp_top_scorer:competitionId:285023:assists:rank_asc:page:24
405873,285023_43854,Yahia Fofana,Côte d'Ivoire,GK,0,0,408,1224,top_scorer,urn:gd:story:classification:gcp_top_scorer:competitionId:285023:assists:rank_asc:page:24,urn:gd:story:classification:gcp_top_scorer:competitionId:285023:assists:rank_asc:page:24
403063,285023_20014,Axel Tuanzebe,Congo DR,DF,0,0,409,1225,top_scorer,urn:gd:story:classification:gcp_top_scorer:competitionId:285023:assists:rank_asc:page:24,urn:gd:story:classification:gcp_top_scorer:competitionId:285023:assists:rank_asc:page:24
441313,285023_20014,Lionel Mpasi,Congo DR,GK,0,0,409,1226,top_scorer,urn:gd:story:classification:gcp_top_scorer:competitionId:285023:assists:rank_asc:page:24,urn:gd:story:classification:gcp_top_scorer:competitionId:285023:assists:rank_asc:page:24
441622,285023_43926,Jhon Lucumi,Colombia,DF,0,0,410,1227,top_scorer,urn:gd:story:classification:gcp_top_scorer:competitionId:285023:assists:rank_asc:page:24,urn:gd:story:classification:gcp_top_scorer:competitionId:285023:assists:rank_asc:page:24
386013,285023_43926,Davinson Sanchez,Colombia,DF,0,0,410,1227,top_scorer,urn:gd:story:classification:gcp_top_scorer:competitionId:285023:assists:rank_asc:page:24,urn:gd:story:classification:gcp_top_scorer:competitionId:285023:assists:rank_asc:page:24
360642,285023_43926,Camilo Vargas,Colombia,GK,0,0,410,1227,top_scorer,urn:gd:story:classification:gcp_top_scorer:competitionId:285023:assists:rank_asc:page:24,urn:gd:story:classification:gcp_top_scorer:competitionId:285023:assists:rank_asc:page:24
332314,285023_43879,Idrissa Gana Gueye,Senegal,MF,0,0,411,1230,top_scorer,urn:gd:story:classification:gcp_top_scorer:competitionId:285023:assists:rank_asc:page:24,urn:gd:story:classification:gcp_top_scorer:competitionId:285023:assists:rank_asc:page:24
482978,285023_44037,Nikola Vasilj,Bosnia and Herzegovina,GK,0,0,411,1231,top_scorer,urn:gd:story:classification:gcp_top_scorer:competitionId:285023:assists:rank_asc:page:24,urn:gd:story:classification:gcp_top_scorer:competitionId:285023:assists:rank_asc:page:24
371739,285023_43934,Alexander Schlager,Austria,GK,0,0,412,1232,top_scorer,urn:gd:story:classification:gcp_top_scorer:competitionId:285023:assists:rank_asc:page:24,urn:gd:story:classification:gcp_top_scorer:competitionId:285023:assists:rank_asc:page:24
425701,285023_43911,Johan Vasquez,Mexico,DF,0,0,412,1233,top_scorer,urn:gd:story:classification:gcp_top_scorer:competitionId:285023:assists:rank_asc:page:24,urn:gd:story:classification:gcp_top_scorer:competitionId:285023:assists:rank_asc:page:24
448171,285023_43938,Josip Sutalo,Croatia,DF,0,0,413,1234,top_scorer,urn:gd:story:classification:gcp_top_scorer:competitionId:285023:assists:rank_asc:page:24,urn:gd:story:classification:gcp_top_scorer:competitionId:285023:assists:rank_asc:page:24
369029,285023_43938,Dominik Livakovic,Croatia,GK,0,0,413,1235,top_scorer,urn:gd:story:classification:gcp_top_scorer:competitionId:285023:assists:rank_asc:page:24,urn:gd:story:classification:gcp_top_scorer:competitionId:285023:assists:rank_asc:page:24
463780,285023_43942,Nico Oreilly,England,DF,0,0,414,1236,top_scorer,urn:gd:story:classification:gcp_top_scorer:competitionId:285023:assists:rank_asc:page:24,urn:gd:story:classification:gcp_top_scorer:competitionId:285023:assists:rank_asc:page:24
448531,285023_43860,Antoine Semenyo,Ghana,MF,0,0,414,1237,top_scorer,urn:gd:story:classification:gcp_top_scorer:competitionId:285023:assists:rank_asc:page:24,urn:gd:story:classification:gcp_top_scorer:competitionId:285023:assists:rank_asc:page:24
441333,285023_43860,Gideon Mensah,Ghana,DF,0,0,414,1238,top_scorer,urn:gd:story:classification:gcp_top_scorer:competitionId:285023:assists:rank_asc:page:24,urn:gd:story:classification:gcp_top_scorer:competitionId:285023:assists:rank_asc:page:24
483516,285023_43961,Kristoffer Ajer,Norway,DF,0,0,416,1239,top_scorer,urn:gd:story:classification:gcp_top_scorer:competitionId:285023:assists:rank_asc:page:24,urn:gd:story:classification:gcp_top_scorer:competitionId:285023:assists:rank_asc:page:24
404645,285023_43961,Sander Berge,Norway,MF,0,0,416,1239,top_scorer,urn:gd:story:classification:gcp_top_scorer:competitionId:285023:assists:rank_asc:page:24,urn:gd:story:classification:gcp_top_scorer:competitionId:285023:assists:rank_asc:page:24
373235,285023_43961,Orjan Nyland,Norway,GK,0,0,416,1239,top_scorer,urn:gd:story:classification:gcp_top_scorer:competitionId:285023:assists:rank_asc:page:24,urn:gd:story:classification:gcp_top_scorer:competitionId:285023:assists:rank_asc:page:24
384752,285023_43963,Ruben Dias,Portugal,DF,0,0,418,1242,top_scorer,urn:gd:story:classification:gcp_top_scorer:competitionId:285023:assists:rank_asc:page:24,urn:gd:story:classification:gcp_top_scorer:competitionId:285023:assists:rank_asc:page:24
401378,285023_43948,Jonathan Tah,Germany,DF,0,0,419,1243,top_scorer,urn:gd:story:classification:gcp_top_scorer:competitionId:285023:assists:rank_asc:page:24,urn:gd:story:classification:gcp_top_scorer:competitionId:285023:assists:rank_asc:page:24
499913,285023_43921,Matt Freese,USA,GK,0,0,419,1244,top_scorer,urn:gd:story:classification:gcp_top_scorer:competitionId:285023:assists:rank_asc:page:24,urn:gd:story:classification:gcp_top_scorer:competitionId:285023:assists:rank_asc:page:24
339510,285023_43921,Tim Ream,USA,DF,0,0,419,1245,top_scorer,urn:gd:story:classification:gcp_top_scorer:competitionId:285023:assists:rank_asc:page:24,urn:gd:story:classification:gcp_top_scorer:competitionId:285023:assists:rank_asc:page:24
419062,285023_43921,Chris Richards,USA,DF,0,0,419,1245,top_scorer,urn:gd:story:classification:gcp_top_scorer:competitionId:285023:assists:rank_asc:page:24,urn:gd:story:classification:gcp_top_scorer:competitionId:285023:assists:rank_asc:page:24
405841,285023_43942,Marc Guehi,England,DF,0,0,421,1247,top_scorer,urn:gd:story:classification:gcp_top_scorer:competitionId:285023:assists:rank_asc:page:24,urn:gd:story:classification:gcp_top_scorer:competitionId:285023:assists:rank_asc:page:24
480322,285023_43899,Luc De Fougerolles,Canada,DF,0,0,421,1248,top_scorer,urn:gd:story:classification:gcp_top_scorer:competitionId:285023:assists:rank_asc:page:24,urn:gd:story:classification:gcp_top_scorer:competitionId:285023:assists:rank_asc:page:24
369267,285023_43855,Yasser Ibrahim,Egypt,DF,0,0,425,1249,top_scorer,urn:gd:story:classification:gcp_top_scorer:competitionId:285023:assists:rank_asc:page:24,urn:gd:story:classification:gcp_top_scorer:competitionId:285023:assists:rank_asc:page:24
448373,285023_43935,Maxim De Cuyper,Belgium,DF,0,0,427,1250,top_scorer,urn:gd:story:classification:gcp_top_scorer:competitionId:285023:assists:rank_asc:page:24,urn:gd:story:classification:gcp_top_scorer:competitionId:285023:assists:rank_asc:page:24
423646,285023_43969,Pedri,Spain,MF,0,0,428,1251,top_scorer,urn:gd:story:classification:gcp_top_scorer:competitionId:285023:assists:rank_asc:page:24,urn:gd:story:classification:gcp_top_scorer:competitionId:285023:assists:rank_asc:page:24
402772,285023_43911,Jesus Gallardo,Mexico,DF,0,0,431,1252,top_scorer,urn:gd:story:classification:gcp_top_scorer:competitionId:285023:assists:rank_asc:page:24,urn:gd:story:classification:gcp_top_scorer:competitionId:285023:assists:rank_asc:page:24
424081,285023_43960,Bart Verbruggen,Netherlands,GK,0,0,432,1253,top_scorer,urn:gd:story:classification:gcp_top_scorer:competitionId:285023:assists:rank_asc:page:24,urn:gd:story:classification:gcp_top_scorer:competitionId:285023:assists:rank_asc:page:24
448612,285023_43872,Bilal El Khannouss,Morocco,MF,0,0,435,1254,top_scorer,urn:gd:story:classification:gcp_top_scorer:competitionId:285023:assists:rank_asc:page:24,urn:gd:story:classification:gcp_top_scorer:competitionId:285023:assists:rank_asc:page:24
494557,285023_43976,Patrick Beach,Australia,GK,0,0,435,1255,top_scorer,urn:gd:story:classification:gcp_top_scorer:competitionId:285023:assists:rank_asc:page:24,urn:gd:story:classification:gcp_top_scorer:competitionId:285023:assists:rank_asc:page:24
448014,285023_43976,Alessandro Circati,Australia,DF,0,0,438,1256,top_scorer,urn:gd:story:classification:gcp_top_scorer:competitionId:285023:assists:rank_asc:page:24,urn:gd:story:classification:gcp_top_scorer:competitionId:285023:assists:rank_asc:page:24
430442,285023_43976,Harry Souttar,Australia,DF,0,0,438,1256,top_scorer,urn:gd:story:classification:gcp_top_scorer:competitionId:285023:assists:rank_asc:page:24,urn:gd:story:classification:gcp_top_scorer:competitionId:285023:assists:rank_asc:page:24
416906,285023_43855,Mostafa Shoubir,Egypt,GK,0,0,439,1258,top_scorer,urn:gd:story:classification:gcp_top_scorer:competitionId:285023:assists:rank_asc:page:24,urn:gd:story:classification:gcp_top_scorer:competitionId:285023:assists:rank_asc:page:24
411680,285023_43872,Noussair Mazraoui,Morocco,DF,0,0,440,1259,top_scorer,urn:gd:story:classification:gcp_top_scorer:competitionId:285023:assists:rank_asc:page:24,urn:gd:story:classification:gcp_top_scorer:competitionId:285023:assists:rank_asc:page:24
308300,285023_43922,Emiliano Martinez,Argentina,GK,0,0,442,1260,top_scorer,urn:gd:story:classification:gcp_top_scorer:competitionId:285023:assists:rank_asc:page:24,urn:gd:story:classification:gcp_top_scorer:competitionId:285023:assists:rank_asc:page:24
228912,285023_43948,Manuel Neuer,Germany,GK,0,0,442,1261,top_scorer,urn:gd:story:classification:gcp_top_scorer:competitionId:285023:assists:rank_asc:page:24,urn:gd:story:classification:gcp_top_scorer:competitionId:285023:assists:rank_asc:page:24
411443,285023_43935,Timothy Castagne,Belgium,DF,0,0,444,1262,top_scorer,urn:gd:story:classification:gcp_top_scorer:competitionId:285023:assists:rank_asc:page:24,urn:gd:story:classification:gcp_top_scorer:competitionId:285023:assists:rank_asc:page:24
409241,285023_43850,Diney Borges,Cabo Verde,DF,0,0,445,1263,top_scorer,urn:gd:story:classification:gcp_top_scorer:competitionId:285023:assists:rank_asc:page:24,urn:gd:story:classification:gcp_top_scorer:competitionId:285023:assists:rank_asc:page:24
364752,285023_43850,Vozinha,Cabo Verde,GK,0,0,445,1264,top_scorer,urn:gd:story:classification:gcp_top_scorer:competitionId:285023:assists:rank_asc:page:25,urn:gd:story:classification:gcp_top_scorer:competitionId:285023:assists:rank_asc:page:25
477770,285023_43850,Pico Lopes,Cabo Verde,DF,0,0,445,1264,top_scorer,urn:gd:story:classification:gcp_top_scorer:competitionId:285023:assists:rank_asc:page:25,urn:gd:story:classification:gcp_top_scorer:competitionId:285023:assists:rank_asc:page:25
369749,285023_43928,Junior Alonso,Paraguay,DF,0,0,456,1266,top_scorer,urn:gd:story:classification:gcp_top_scorer:competitionId:285023:assists:rank_asc:page:25,urn:gd:story:classification:gcp_top_scorer:competitionId:285023:assists:rank_asc:page:25
403642,285023_43879,Krepin Diatta,Senegal,DF,0,0,459,1267,top_scorer,urn:gd:story:classification:gcp_top_scorer:competitionId:285023:assists:rank_asc:page:25,urn:gd:story:classification:gcp_top_scorer:competitionId:285023:assists:rank_asc:page:25
430707,285023_43946,Jules Kounde,France,DF,0,0,464,1268,top_scorer,urn:gd:story:classification:gcp_top_scorer:competitionId:285023:assists:rank_asc:page:25,urn:gd:story:classification:gcp_top_scorer:competitionId:285023:assists:rank_asc:page:25
335656,285023_43924,Danilo,Brazil,DF,0,0,471,1269,top_scorer,urn:gd:story:classification:gcp_top_scorer:competitionId:285023:assists:rank_asc:page:25,urn:gd:story:classification:gcp_top_scorer:competitionId:285023:assists:rank_asc:page:25
431696,285023_43899,Richie Laryea,Canada,DF,0,0,475,1270,top_scorer,urn:gd:story:classification:gcp_top_scorer:competitionId:285023:assists:rank_asc:page:25,urn:gd:story:classification:gcp_top_scorer:competitionId:285023:assists:rank_asc:page:25
389876,285023_43946,Dayot Upamecano,France,DF,0,0,483,1271,top_scorer,urn:gd:story:classification:gcp_top_scorer:competitionId:285023:assists:rank_asc:page:25,urn:gd:story:classification:gcp_top_scorer:competitionId:285023:assists:rank_asc:page:25
479601,285023_43928,Juan Jose Caceres,Paraguay,DF,0,0,488,1272,top_scorer,urn:gd:story:classification:gcp_top_scorer:competitionId:285023:assists:rank_asc:page:25,urn:gd:story:classification:gcp_top_scorer:competitionId:285023:assists:rank_asc:page:25
485070,285023_43911,Raul Rangel,Mexico,GK,0,0,494,1273,top_scorer,urn:gd:story:classification:gcp_top_scorer:competitionId:285023:assists:rank_asc:page:25,urn:gd:story:classification:gcp_top_scorer:competitionId:285023:assists:rank_asc:page:25
448332,285023_43946,Mike Maignan,France,GK,0,0,502,1274,top_scorer,urn:gd:story:classification:gcp_top_scorer:competitionId:285023:assists:rank_asc:page:25,urn:gd:story:classification:gcp_top_scorer:competitionId:285023:assists:rank_asc:page:25
411375,285023_43969,Rodri,Spain,MF,0,0,503,1275,top_scorer,urn:gd:story:classification:gcp_top_scorer:competitionId:285023:assists:rank_asc:page:25,urn:gd:story:classification:gcp_top_scorer:competitionId:285023:assists:rank_asc:page:25
390259,285023_43921,Weston Mckennie,USA,MF,0,0,504,1276,top_scorer,urn:gd:story:classification:gcp_top_scorer:competitionId:285023:assists:rank_asc:page:25,urn:gd:story:classification:gcp_top_scorer:competitionId:285023:assists:rank_asc:page:25
367981,285023_43924,Douglas Santos,Brazil,DF,0,0,505,1277,top_scorer,urn:gd:story:classification:gcp_top_scorer:competitionId:285023:assists:rank_asc:page:25,urn:gd:story:classification:gcp_top_scorer:competitionId:285023:assists:rank_asc:page:25
331732,285023_43899,Maxime Crepeau,Canada,GK,0,0,511,1278,top_scorer,urn:gd:story:classification:gcp_top_scorer:competitionId:285023:assists:rank_asc:page:25,urn:gd:story:classification:gcp_top_scorer:competitionId:285023:assists:rank_asc:page:25
441252,285023_43899,Alistair Johnston,Canada,DF,0,0,511,1278,top_scorer,urn:gd:story:classification:gcp_top_scorer:competitionId:285023:assists:rank_asc:page:25,urn:gd:story:classification:gcp_top_scorer:competitionId:285023:assists:rank_asc:page:25
474973,285023_43969,Pau Cubarsi,Spain,DF,0,0,511,1280,top_scorer,urn:gd:story:classification:gcp_top_scorer:competitionId:285023:assists:rank_asc:page:25,urn:gd:story:classification:gcp_top_scorer:competitionId:285023:assists:rank_asc:page:25
430753,285023_43969,Unai Simon,Spain,GK,0,0,511,1280,top_scorer,urn:gd:story:classification:gcp_top_scorer:competitionId:285023:assists:rank_asc:page:25,urn:gd:story:classification:gcp_top_scorer:competitionId:285023:assists:rank_asc:page:25
403049,285023_43942,Ezri Konsa,England,DF,0,0,513,1282,top_scorer,urn:gd:story:classification:gcp_top_scorer:competitionId:285023:assists:rank_asc:page:25,urn:gd:story:classification:gcp_top_scorer:competitionId:285023:assists:rank_asc:page:25
336022,285023_43942,Jordan Pickford,England,GK,0,0,513,1282,top_scorer,urn:gd:story:classification:gcp_top_scorer:competitionId:285023:assists:rank_asc:page:25,urn:gd:story:classification:gcp_top_scorer:competitionId:285023:assists:rank_asc:page:25
489704,285023_43963,Renato Veiga,Portugal,DF,0,0,518,1284,top_scorer,urn:gd:story:classification:gcp_top_scorer:competitionId:285023:assists:rank_asc:page:25,urn:gd:story:classification:gcp_top_scorer:competitionId:285023:assists:rank_asc:page:25
403001,285023_43963,Diogo Costa,Portugal,GK,0,0,518,1284,top_scorer,urn:gd:story:classification:gcp_top_scorer:competitionId:285023:assists:rank_asc:page:25,urn:gd:story:classification:gcp_top_scorer:competitionId:285023:assists:rank_asc:page:25
332946,285023_43924,Marquinhos,Brazil,DF,0,0,520,1286,top_scorer,urn:gd:story:classification:gcp_top_scorer:competitionId:285023:assists:rank_asc:page:25,urn:gd:story:classification:gcp_top_scorer:competitionId:285023:assists:rank_asc:page:25
308370,285023_43924,Alisson,Brazil,GK,0,0,520,1286,top_scorer,urn:gd:story:classification:gcp_top_scorer:competitionId:285023:assists:rank_asc:page:25,urn:gd:story:classification:gcp_top_scorer:competitionId:285023:assists:rank_asc:page:25
485740,285023_43872,Neil El Aynaoui,Morocco,MF,0,0,533,1288,top_scorer,urn:gd:story:classification:gcp_top_scorer:competitionId:285023:assists:rank_asc:page:25,urn:gd:story:classification:gcp_top_scorer:competitionId:285023:assists:rank_asc:page:25
356956,285023_43872,Yassine Bounou,Morocco,GK,0,0,549,1289,top_scorer,urn:gd:story:classification:gcp_top_scorer:competitionId:285023:assists:rank_asc:page:25,urn:gd:story:classification:gcp_top_scorer:competitionId:285023:assists:rank_asc:page:25
358106,285023_43935,Thibaut Courtois,Belgium,GK,0,0,549,1290,top_scorer,urn:gd:story:classification:gcp_top_scorer:competitionId:285023:assists:rank_asc:page:25,urn:gd:story:classification:gcp_top_scorer:competitionId:285023:assists:rank_asc:page:25
448360,285023_43935,Brandon Mechele,Belgium,DF,0,0,549,1290,top_scorer,urn:gd:story:classification:gcp_top_scorer:competitionId:285023:assists:rank_asc:page:25,urn:gd:story:classification:gcp_top_scorer:competitionId:285023:assists:rank_asc:page:25
385306,285023_43928,Andres Cubas,Paraguay,MF,0,0,554,1292,top_scorer,urn:gd:story:classification:gcp_top_scorer:competitionId:285023:assists:rank_asc:page:25,urn:gd:story:classification:gcp_top_scorer:competitionId:285023:assists:rank_asc:page:25
494531,285023_43928,Orlando Gill,Paraguay,GK,0,0,554,1292,top_scorer,urn:gd:story:classification:gcp_top_scorer:competitionId:285023:assists:rank_asc:page:25,urn:gd:story:classification:gcp_top_scorer:competitionId:285023:assists:rank_asc:page:25
369744,285023_43928,Gustavo Gomez,Paraguay,DF,0,0,554,1292,top_scorer,urn:gd:story:classification:gcp_top_scorer:competitionId:285023:assists:rank_asc:page:25,urn:gd:story:classification:gcp_top_scorer:competitionId:285023:assists:rank_asc:page:25
