player_id,team_id,player_name,team,position,own_goals,forced_turnovers,defensive_pressures_applied,direct_defensive_pressures_applied,source_tab,story_id,classification
385306,285023_43928,Andres Cubas,Paraguay,MF,0,43,231,57,defense,urn:gd:story:classification:gcp_defending:competitionId:285023:defensive_pressures_applied:rank_asc:page:1,urn:gd:story:classification:gcp_defending:competitionId:285023:defensive_pressures_applied:rank_asc:page:1
441257,285023_43899,Jonathan David,Canada,FW,0,45,227,21,defense,urn:gd:story:classification:gcp_defending:competitionId:285023:defensive_pressures_applied:rank_asc:page:1,urn:gd:story:classification:gcp_defending:competitionId:285023:defensive_pressures_applied:rank_asc:page:1
353235,285023_43860,Jordan Ayew,Ghana,FW,0,23,212,19,defense,urn:gd:story:classification:gcp_defending:competitionId:285023:defensive_pressures_applied:rank_asc:page:1,urn:gd:story:classification:gcp_defending:competitionId:285023:defensive_pressures_applied:rank_asc:page:1
441234,285023_43928,Julio Enciso,Paraguay,FW,0,20,209,17,defense,urn:gd:story:classification:gcp_defending:competitionId:285023:defensive_pressures_applied:rank_asc:page:1,urn:gd:story:classification:gcp_defending:competitionId:285023:defensive_pressures_applied:rank_asc:page:1
424422,285023_43928,Matias Galarza,Paraguay,MF,0,42,197,61,defense,urn:gd:story:classification:gcp_defending:competitionId:285023:defensive_pressures_applied:rank_asc:page:1,urn:gd:story:classification:gcp_defending:competitionId:285023:defensive_pressures_applied:rank_asc:page:1
431230,285023_43820,Noor Alrawabdeh,Jordan,MF,0,20,182,22,defense,urn:gd:story:classification:gcp_defending:competitionId:285023:defensive_pressures_applied:rank_asc:page:1,urn:gd:story:classification:gcp_defending:competitionId:285023:defensive_pressures_applied:rank_asc:page:1
448598,285023_43872,Ismael Saibari,Morocco,MF,0,32,181,17,defense,urn:gd:story:classification:gcp_defending:competitionId:285023:defensive_pressures_applied:rank_asc:page:1,urn:gd:story:classification:gcp_defending:competitionId:285023:defensive_pressures_applied:rank_asc:page:1
430452,285023_43976,Connor Metcalfe,Australia,MF,0,28,180,11,defense,urn:gd:story:classification:gcp_defending:competitionId:285023:defensive_pressures_applied:rank_asc:page:1,urn:gd:story:classification:gcp_defending:competitionId:285023:defensive_pressures_applied:rank_asc:page:1
430413,285023_43819,Ayase Ueda,Japan,FW,0,11,173,9,defense,urn:gd:story:classification:gcp_defending:competitionId:285023:defensive_pressures_applied:rank_asc:page:1,urn:gd:story:classification:gcp_defending:competitionId:285023:defensive_pressures_applied:rank_asc:page:1
395206,285023_43963,Bruno Fernandes,Portugal,MF,0,19,166,17,defense,urn:gd:story:classification:gcp_defending:competitionId:285023:defensive_pressures_applied:rank_asc:page:1,urn:gd:story:classification:gcp_defending:competitionId:285023:defensive_pressures_applied:rank_asc:page:1
401889,285023_43879,Ismaila Sarr,Senegal,FW,0,18,157,11,defense,urn:gd:story:classification:gcp_defending:competitionId:285023:defensive_pressures_applied:rank_asc:page:1,urn:gd:story:classification:gcp_defending:competitionId:285023:defensive_pressures_applied:rank_asc:page:1
479601,285023_43928,Juan Jose Caceres,Paraguay,DF,0,17,154,41,defense,urn:gd:story:classification:gcp_defending:competitionId:285023:defensive_pressures_applied:rank_asc:page:1,urn:gd:story:classification:gcp_defending:competitionId:285023:defensive_pressures_applied:rank_asc:page:1
485655,285023_43946,Michael Olise,France,FW,0,26,154,14,defense,urn:gd:story:classification:gcp_defending:competitionId:285023:defensive_pressures_applied:rank_asc:page:1,urn:gd:story:classification:gcp_defending:competitionId:285023:defensive_pressures_applied:rank_asc:page:1
431212,285023_43820,Ali Olwan,Jordan,FW,0,11,154,7,defense,urn:gd:story:classification:gcp_defending:competitionId:285023:defensive_pressures_applied:rank_asc:page:1,urn:gd:story:classification:gcp_defending:competitionId:285023:defensive_pressures_applied:rank_asc:page:1
494291,285023_43843,Ibrahim Maza,Algeria,MF,0,25,153,14,defense,urn:gd:story:classification:gcp_defending:competitionId:285023:defensive_pressures_applied:rank_asc:page:1,urn:gd:story:classification:gcp_defending:competitionId:285023:defensive_pressures_applied:rank_asc:page:1
441307,285023_43872,Azzedine Ounahi,Morocco,MF,0,18,153,13,defense,urn:gd:story:classification:gcp_defending:competitionId:285023:defensive_pressures_applied:rank_asc:page:1,urn:gd:story:classification:gcp_defending:competitionId:285023:defensive_pressures_applied:rank_asc:page:1
405454,285023_43978,Elijah Just,New Zealand,MF,0,19,152,18,defense,urn:gd:story:classification:gcp_defending:competitionId:285023:defensive_pressures_applied:rank_asc:page:1,urn:gd:story:classification:gcp_defending:competitionId:285023:defensive_pressures_applied:rank_asc:page:1
369419,285023_43942,Harry Kane,England,FW,0,18,152,12,defense,urn:gd:story:classification:gcp_defending:competitionId:285023:defensive_pressures_applied:rank_asc:page:1,urn:gd:story:classification:gcp_defending:competitionId:285023:defensive_pressures_applied:rank_asc:page:1
485066,285023_43938,Petar Sucic,Croatia,MF,0,11,152,25,defense,urn:gd:story:classification:gcp_defending:competitionId:285023:defensive_pressures_applied:rank_asc:page:1,urn:gd:story:classification:gcp_defending:competitionId:285023:defensive_pressures_applied:rank_asc:page:1
423646,285023_43969,Pedri,Spain,MF,0,39,151,21,defense,urn:gd:story:classification:gcp_defending:competitionId:285023:defensive_pressures_applied:rank_asc:page:1,urn:gd:story:classification:gcp_defending:competitionId:285023:defensive_pressures_applied:rank_asc:page:1
419291,285023_43835,Feras Albrikan,Saudi Arabia,FW,0,11,150,11,defense,urn:gd:story:classification:gcp_defending:competitionId:285023:defensive_pressures_applied:rank_asc:page:1,urn:gd:story:classification:gcp_defending:competitionId:285023:defensive_pressures_applied:rank_asc:page:1
398680,285023_43946,Ousmane Dembele,France,FW,0,18,150,6,defense,urn:gd:story:classification:gcp_defending:competitionId:285023:defensive_pressures_applied:rank_asc:page:1,urn:gd:story:classification:gcp_defending:competitionId:285023:defensive_pressures_applied:rank_asc:page:1
385259,285023_43934,Konrad Laimer,Austria,MF,0,19,149,32,defense,urn:gd:story:classification:gcp_defending:competitionId:285023:defensive_pressures_applied:rank_asc:page:1,urn:gd:story:classification:gcp_defending:competitionId:285023:defensive_pressures_applied:rank_asc:page:1
433534,285023_43820,Nizar Alrashdan,Jordan,MF,0,15,149,17,defense,urn:gd:story:classification:gcp_defending:competitionId:285023:defensive_pressures_applied:rank_asc:page:1,urn:gd:story:classification:gcp_defending:competitionId:285023:defensive_pressures_applied:rank_asc:page:1
402920,285023_43922,Lautaro Martinez,Argentina,FW,0,21,149,17,defense,urn:gd:story:classification:gcp_defending:competitionId:285023:defensive_pressures_applied:rank_asc:page:1,urn:gd:story:classification:gcp_defending:competitionId:285023:defensive_pressures_applied:rank_asc:page:1
466317,285023_1895293,Juninho Bacuna,Curaçao,MF,0,16,148,21,defense,urn:gd:story:classification:gcp_defending:competitionId:285023:defensive_pressures_applied:rank_asc:page:1,urn:gd:story:classification:gcp_defending:competitionId:285023:defensive_pressures_applied:rank_asc:page:1
484141,285023_43963,Joao Neves,Portugal,MF,0,17,148,24,defense,urn:gd:story:classification:gcp_defending:competitionId:285023:defensive_pressures_applied:rank_asc:page:1,urn:gd:story:classification:gcp_defending:competitionId:285023:defensive_pressures_applied:rank_asc:page:1
463128,285023_43928,Diego Gomez,Paraguay,MF,0,23,147,37,defense,urn:gd:story:classification:gcp_defending:competitionId:285023:defensive_pressures_applied:rank_asc:page:1,urn:gd:story:classification:gcp_defending:competitionId:285023:defensive_pressures_applied:rank_asc:page:1
520036,285023_43934,Paul Wanner,Austria,MF,0,18,146,20,defense,urn:gd:story:classification:gcp_defending:competitionId:285023:defensive_pressures_applied:rank_asc:page:1,urn:gd:story:classification:gcp_defending:competitionId:285023:defensive_pressures_applied:rank_asc:page:1
429157,285023_43911,Julian Quinones,Mexico,FW,0,11,145,7,defense,urn:gd:story:classification:gcp_defending:competitionId:285023:defensive_pressures_applied:rank_asc:page:1,urn:gd:story:classification:gcp_defending:competitionId:285023:defensive_pressures_applied:rank_asc:page:1
463283,285023_43934,Romano Schmid,Austria,MF,0,14,142,18,defense,urn:gd:story:classification:gcp_defending:competitionId:285023:defensive_pressures_applied:rank_asc:page:1,urn:gd:story:classification:gcp_defending:competitionId:285023:defensive_pressures_applied:rank_asc:page:1
483161,285023_43855,Mostafa Zico,Egypt,MF,0,12,142,27,defense,urn:gd:story:classification:gcp_defending:competitionId:285023:defensive_pressures_applied:rank_asc:page:1,urn:gd:story:classification:gcp_defending:competitionId:285023:defensive_pressures_applied:rank_asc:page:1
369749,285023_43928,Junior Alonso,Paraguay,DF,0,31,140,16,defense,urn:gd:story:classification:gcp_defending:competitionId:285023:defensive_pressures_applied:rank_asc:page:1,urn:gd:story:classification:gcp_defending:competitionId:285023:defensive_pressures_applied:rank_asc:page:1
477795,285023_43843,Fares Chaibi,Algeria,MF,0,30,140,16,defense,urn:gd:story:classification:gcp_defending:competitionId:285023:defensive_pressures_applied:rank_asc:page:1,urn:gd:story:classification:gcp_defending:competitionId:285023:defensive_pressures_applied:rank_asc:page:1
477827,285023_43850,Deroy Duarte,Cabo Verde,MF,0,13,137,26,defense,urn:gd:story:classification:gcp_defending:competitionId:285023:defensive_pressures_applied:rank_asc:page:1,urn:gd:story:classification:gcp_defending:competitionId:285023:defensive_pressures_applied:rank_asc:page:1
464933,285023_44005,Abbosbek Fayzullaev,Uzbekistan,MF,0,17,137,27,defense,urn:gd:story:classification:gcp_defending:competitionId:285023:defensive_pressures_applied:rank_asc:page:1,urn:gd:story:classification:gcp_defending:competitionId:285023:defensive_pressures_applied:rank_asc:page:1
358241,285023_43934,Marcel Sabitzer,Austria,MF,0,26,137,10,defense,urn:gd:story:classification:gcp_defending:competitionId:285023:defensive_pressures_applied:rank_asc:page:1,urn:gd:story:classification:gcp_defending:competitionId:285023:defensive_pressures_applied:rank_asc:page:1
430138,285023_43899,Tajon Buchanan,Canada,FW,0,29,136,32,defense,urn:gd:story:classification:gcp_defending:competitionId:285023:defensive_pressures_applied:rank_asc:page:1,urn:gd:story:classification:gcp_defending:competitionId:285023:defensive_pressures_applied:rank_asc:page:1
371609,285023_43854,Franck Kessie,Côte d'Ivoire,MF,0,13,135,13,defense,urn:gd:story:classification:gcp_defending:competitionId:285023:defensive_pressures_applied:rank_asc:page:1,urn:gd:story:classification:gcp_defending:competitionId:285023:defensive_pressures_applied:rank_asc:page:1
486147,285023_20014,Noah Sadiki,Congo DR,MF,0,12,135,17,defense,urn:gd:story:classification:gcp_defending:competitionId:285023:defensive_pressures_applied:rank_asc:page:1,urn:gd:story:classification:gcp_defending:competitionId:285023:defensive_pressures_applied:rank_asc:page:1
419020,285023_43927,Gonzalo Plata,Ecuador,FW,0,14,135,11,defense,urn:gd:story:classification:gcp_defending:competitionId:285023:defensive_pressures_applied:rank_asc:page:1,urn:gd:story:classification:gcp_defending:competitionId:285023:defensive_pressures_applied:rank_asc:page:1
448497,285023_43817,Mohammad Mohebbi,IR Iran,MF,0,8,133,15,defense,urn:gd:story:classification:gcp_defending:competitionId:285023:defensive_pressures_applied:rank_asc:page:1,urn:gd:story:classification:gcp_defending:competitionId:285023:defensive_pressures_applied:rank_asc:page:1
436743,285023_44037,Ermedin Demirovic,Bosnia and Herzegovina,FW,0,19,131,15,defense,urn:gd:story:classification:gcp_defending:competitionId:285023:defensive_pressures_applied:rank_asc:page:1,urn:gd:story:classification:gcp_defending:competitionId:285023:defensive_pressures_applied:rank_asc:page:1
353790,285023_43879,Sadio Mane,Senegal,FW,0,14,129,16,defense,urn:gd:story:classification:gcp_defending:competitionId:285023:defensive_pressures_applied:rank_asc:page:1,urn:gd:story:classification:gcp_defending:competitionId:285023:defensive_pressures_applied:rank_asc:page:1
506279,285023_43860,Caleb Yirenkyi,Ghana,MF,0,12,128,14,defense,urn:gd:story:classification:gcp_defending:competitionId:285023:defensive_pressures_applied:rank_asc:page:1,urn:gd:story:classification:gcp_defending:competitionId:285023:defensive_pressures_applied:rank_asc:page:1
448152,285023_43960,Cody Gakpo,Netherlands,FW,0,15,127,7,defense,urn:gd:story:classification:gcp_defending:competitionId:285023:defensive_pressures_applied:rank_asc:page:1,urn:gd:story:classification:gcp_defending:competitionId:285023:defensive_pressures_applied:rank_asc:page:1
405877,285023_43843,Amine Gouiri,Algeria,FW,0,7,126,12,defense,urn:gd:story:classification:gcp_defending:competitionId:285023:defensive_pressures_applied:rank_asc:page:1,urn:gd:story:classification:gcp_defending:competitionId:285023:defensive_pressures_applied:rank_asc:page:1
494458,285023_20014,Ngalayel Mukau,Congo DR,MF,0,10,125,9,defense,urn:gd:story:classification:gcp_defending:competitionId:285023:defensive_pressures_applied:rank_asc:page:1,urn:gd:story:classification:gcp_defending:competitionId:285023:defensive_pressures_applied:rank_asc:page:1
430407,285023_43819,Daizen Maeda,Japan,MF,0,18,125,22,defense,urn:gd:story:classification:gcp_defending:competitionId:285023:defensive_pressures_applied:rank_asc:page:1,urn:gd:story:classification:gcp_defending:competitionId:285023:defensive_pressures_applied:rank_asc:page:1
433378,285023_43888,Hannibal Mejbri,Tunisia,MF,0,19,125,17,defense,urn:gd:story:classification:gcp_defending:competitionId:285023:defensive_pressures_applied:rank_asc:page:1,urn:gd:story:classification:gcp_defending:competitionId:285023:defensive_pressures_applied:rank_asc:page:1
464842,285023_43879,Lamine Camara,Senegal,MF,0,11,124,20,defense,urn:gd:story:classification:gcp_defending:competitionId:285023:defensive_pressures_applied:rank_asc:page:2,urn:gd:story:classification:gcp_defending:competitionId:285023:defensive_pressures_applied:rank_asc:page:2
448531,285023_43860,Antoine Semenyo,Ghana,MF,0,26,123,20,defense,urn:gd:story:classification:gcp_defending:competitionId:285023:defensive_pressures_applied:rank_asc:page:2,urn:gd:story:classification:gcp_defending:competitionId:285023:defensive_pressures_applied:rank_asc:page:2
464103,285023_43854,Ange Yoan Bonny,Côte d'Ivoire,FW,0,7,123,7,defense,urn:gd:story:classification:gcp_defending:competitionId:285023:defensive_pressures_applied:rank_asc:page:2,urn:gd:story:classification:gcp_defending:competitionId:285023:defensive_pressures_applied:rank_asc:page:2
430740,285023_43872,Brahim Diaz,Morocco,FW,0,14,123,17,defense,urn:gd:story:classification:gcp_defending:competitionId:285023:defensive_pressures_applied:rank_asc:page:2,urn:gd:story:classification:gcp_defending:competitionId:285023:defensive_pressures_applied:rank_asc:page:2
400716,285023_43961,Martin Odegaard,Norway,MF,0,11,123,11,defense,urn:gd:story:classification:gcp_defending:competitionId:285023:defensive_pressures_applied:rank_asc:page:2,urn:gd:story:classification:gcp_defending:competitionId:285023:defensive_pressures_applied:rank_asc:page:2
430669,285023_43948,Florian Wirtz,Germany,MF,0,17,123,18,defense,urn:gd:story:classification:gcp_defending:competitionId:285023:defensive_pressures_applied:rank_asc:page:2,urn:gd:story:classification:gcp_defending:competitionId:285023:defensive_pressures_applied:rank_asc:page:2
369761,285023_43928,Miguel Almiron,Paraguay,MF,0,17,123,21,defense,urn:gd:story:classification:gcp_defending:competitionId:285023:defensive_pressures_applied:rank_asc:page:2,urn:gd:story:classification:gcp_defending:competitionId:285023:defensive_pressures_applied:rank_asc:page:2
510922,285023_43854,Yan Diomande,Côte d'Ivoire,FW,0,20,121,20,defense,urn:gd:story:classification:gcp_defending:competitionId:285023:defensive_pressures_applied:rank_asc:page:2,urn:gd:story:classification:gcp_defending:competitionId:285023:defensive_pressures_applied:rank_asc:page:2
405742,285023_43924,Vinicius Junior,Brazil,FW,0,9,120,7,defense,urn:gd:story:classification:gcp_defending:competitionId:285023:defensive_pressures_applied:rank_asc:page:2,urn:gd:story:classification:gcp_defending:competitionId:285023:defensive_pressures_applied:rank_asc:page:2
433585,285023_43818,Ibrahim Bayesh,Iraq,MF,0,14,120,14,defense,urn:gd:story:classification:gcp_defending:competitionId:285023:defensive_pressures_applied:rank_asc:page:2,urn:gd:story:classification:gcp_defending:competitionId:285023:defensive_pressures_applied:rank_asc:page:2
339745,285023_43835,Salem Aldawsari,Saudi Arabia,FW,0,15,120,15,defense,urn:gd:story:classification:gcp_defending:competitionId:285023:defensive_pressures_applied:rank_asc:page:2,urn:gd:story:classification:gcp_defending:competitionId:285023:defensive_pressures_applied:rank_asc:page:2
402021,285023_43971,Remo Freuler,Switzerland,MF,0,13,120,21,defense,urn:gd:story:classification:gcp_defending:competitionId:285023:defensive_pressures_applied:rank_asc:page:2,urn:gd:story:classification:gcp_defending:competitionId:285023:defensive_pressures_applied:rank_asc:page:2
424036,285023_43927,Pedro Vite,Ecuador,MF,0,34,119,29,defense,urn:gd:story:classification:gcp_defending:competitionId:285023:defensive_pressures_applied:rank_asc:page:2,urn:gd:story:classification:gcp_defending:competitionId:285023:defensive_pressures_applied:rank_asc:page:2
448355,285023_43935,Leandro Trossard,Belgium,FW,0,19,119,8,defense,urn:gd:story:classification:gcp_defending:competitionId:285023:defensive_pressures_applied:rank_asc:page:2,urn:gd:story:classification:gcp_defending:competitionId:285023:defensive_pressures_applied:rank_asc:page:2
482774,285023_43938,Martin Baturina,Croatia,MF,0,17,119,8,defense,urn:gd:story:classification:gcp_defending:competitionId:285023:defensive_pressures_applied:rank_asc:page:2,urn:gd:story:classification:gcp_defending:competitionId:285023:defensive_pressures_applied:rank_asc:page:2
441316,285023_20014,Yoane Wissa,Congo DR,FW,0,11,118,5,defense,urn:gd:story:classification:gcp_defending:competitionId:285023:defensive_pressures_applied:rank_asc:page:2,urn:gd:story:classification:gcp_defending:competitionId:285023:defensive_pressures_applied:rank_asc:page:2
433161,285023_20014,Edo Kayembe,Congo DR,MF,0,20,116,20,defense,urn:gd:story:classification:gcp_defending:competitionId:285023:defensive_pressures_applied:rank_asc:page:2,urn:gd:story:classification:gcp_defending:competitionId:285023:defensive_pressures_applied:rank_asc:page:2
448557,285023_43819,Daichi Kamada,Japan,MF,0,13,116,22,defense,urn:gd:story:classification:gcp_defending:competitionId:285023:defensive_pressures_applied:rank_asc:page:2,urn:gd:story:classification:gcp_defending:competitionId:285023:defensive_pressures_applied:rank_asc:page:2
486306,285023_43976,Nestory Irankunda,Australia,FW,0,13,116,3,defense,urn:gd:story:classification:gcp_defending:competitionId:285023:defensive_pressures_applied:rank_asc:page:2,urn:gd:story:classification:gcp_defending:competitionId:285023:defensive_pressures_applied:rank_asc:page:2
419223,285023_43883,Oswin Appollis,South Africa,FW,0,12,115,9,defense,urn:gd:story:classification:gcp_defending:competitionId:285023:defensive_pressures_applied:rank_asc:page:2,urn:gd:story:classification:gcp_defending:competitionId:285023:defensive_pressures_applied:rank_asc:page:2
507253,285023_43860,Kwasi Sibo,Ghana,MF,0,5,114,15,defense,urn:gd:story:classification:gcp_defending:competitionId:285023:defensive_pressures_applied:rank_asc:page:2,urn:gd:story:classification:gcp_defending:competitionId:285023:defensive_pressures_applied:rank_asc:page:2
430831,285023_43854,Ibrahim Sangare,Côte d'Ivoire,MF,0,23,114,29,defense,urn:gd:story:classification:gcp_defending:competitionId:285023:defensive_pressures_applied:rank_asc:page:2,urn:gd:story:classification:gcp_defending:competitionId:285023:defensive_pressures_applied:rank_asc:page:2
461788,285023_43855,Marawan Attia,Egypt,MF,0,15,114,20,defense,urn:gd:story:classification:gcp_defending:competitionId:285023:defensive_pressures_applied:rank_asc:page:2,urn:gd:story:classification:gcp_defending:competitionId:285023:defensive_pressures_applied:rank_asc:page:2
393480,285023_43971,Breel Embolo,Switzerland,FW,0,32,114,15,defense,urn:gd:story:classification:gcp_defending:competitionId:285023:defensive_pressures_applied:rank_asc:page:2,urn:gd:story:classification:gcp_defending:competitionId:285023:defensive_pressures_applied:rank_asc:page:2
433076,285023_20014,Samuel Moutoussamy,Congo DR,MF,0,39,114,31,defense,urn:gd:story:classification:gcp_defending:competitionId:285023:defensive_pressures_applied:rank_asc:page:2,urn:gd:story:classification:gcp_defending:competitionId:285023:defensive_pressures_applied:rank_asc:page:2
391646,285023_43819,Ritsu Doan,Japan,MF,0,9,114,19,defense,urn:gd:story:classification:gcp_defending:competitionId:285023:defensive_pressures_applied:rank_asc:page:2,urn:gd:story:classification:gcp_defending:competitionId:285023:defensive_pressures_applied:rank_asc:page:2
466687,285023_43899,Ali Ahmed,Canada,FW,0,18,113,12,defense,urn:gd:story:classification:gcp_defending:competitionId:285023:defensive_pressures_applied:rank_asc:page:2,urn:gd:story:classification:gcp_defending:competitionId:285023:defensive_pressures_applied:rank_asc:page:2
463902,285023_43926,Gustavo Puerta,Colombia,DF,0,13,113,23,defense,urn:gd:story:classification:gcp_defending:competitionId:285023:defensive_pressures_applied:rank_asc:page:2,urn:gd:story:classification:gcp_defending:competitionId:285023:defensive_pressures_applied:rank_asc:page:2
485347,285023_1895293,Tahith Chong,Curaçao,MF,0,5,113,9,defense,urn:gd:story:classification:gcp_defending:competitionId:285023:defensive_pressures_applied:rank_asc:page:2,urn:gd:story:classification:gcp_defending:competitionId:285023:defensive_pressures_applied:rank_asc:page:2
430605,285023_43924,Bruno Guimaraes,Brazil,MF,0,35,111,10,defense,urn:gd:story:classification:gcp_defending:competitionId:285023:defensive_pressures_applied:rank_asc:page:2,urn:gd:story:classification:gcp_defending:competitionId:285023:defensive_pressures_applied:rank_asc:page:2
401894,285023_43850,Jamiro Monteiro,Cabo Verde,MF,0,12,110,23,defense,urn:gd:story:classification:gcp_defending:competitionId:285023:defensive_pressures_applied:rank_asc:page:2,urn:gd:story:classification:gcp_defending:competitionId:285023:defensive_pressures_applied:rank_asc:page:2
430150,285023_43970,Alexander Isak,Sweden,FW,0,5,110,15,defense,urn:gd:story:classification:gcp_defending:competitionId:285023:defensive_pressures_applied:rank_asc:page:2,urn:gd:story:classification:gcp_defending:competitionId:285023:defensive_pressures_applied:rank_asc:page:2
464114,285023_43946,Desire Doue,France,FW,0,9,110,15,defense,urn:gd:story:classification:gcp_defending:competitionId:285023:defensive_pressures_applied:rank_asc:page:2,urn:gd:story:classification:gcp_defending:competitionId:285023:defensive_pressures_applied:rank_asc:page:2
401131,285023_43934,Michael Gregoritsch,Austria,FW,0,9,110,3,defense,urn:gd:story:classification:gcp_defending:competitionId:285023:defensive_pressures_applied:rank_asc:page:2,urn:gd:story:classification:gcp_defending:competitionId:285023:defensive_pressures_applied:rank_asc:page:2
466340,285023_1895293,Leandro Bacuna,Curaçao,MF,0,18,110,17,defense,urn:gd:story:classification:gcp_defending:competitionId:285023:defensive_pressures_applied:rank_asc:page:2,urn:gd:story:classification:gcp_defending:competitionId:285023:defensive_pressures_applied:rank_asc:page:2
479294,285023_43819,Kaishu Sano,Japan,MF,0,10,108,14,defense,urn:gd:story:classification:gcp_defending:competitionId:285023:defensive_pressures_applied:rank_asc:page:2,urn:gd:story:classification:gcp_defending:competitionId:285023:defensive_pressures_applied:rank_asc:page:2
436537,285023_43835,Musab Aljuwayr,Saudi Arabia,MF,0,5,107,8,defense,urn:gd:story:classification:gcp_defending:competitionId:285023:defensive_pressures_applied:rank_asc:page:2,urn:gd:story:classification:gcp_defending:competitionId:285023:defensive_pressures_applied:rank_asc:page:2
430628,285023_43922,Alexis Mac Allister,Argentina,MF,0,13,107,24,defense,urn:gd:story:classification:gcp_defending:competitionId:285023:defensive_pressures_applied:rank_asc:page:2,urn:gd:story:classification:gcp_defending:competitionId:285023:defensive_pressures_applied:rank_asc:page:2
402876,285023_43930,Agustin Canobbio,Uruguay,MF,0,16,107,16,defense,urn:gd:story:classification:gcp_defending:competitionId:285023:defensive_pressures_applied:rank_asc:page:2,urn:gd:story:classification:gcp_defending:competitionId:285023:defensive_pressures_applied:rank_asc:page:2
429642,285023_43948,Jamal Musiala,Germany,MF,0,13,107,19,defense,urn:gd:story:classification:gcp_defending:competitionId:285023:defensive_pressures_applied:rank_asc:page:2,urn:gd:story:classification:gcp_defending:competitionId:285023:defensive_pressures_applied:rank_asc:page:2
486161,285023_43883,Relebohile Mofokeng,South Africa,FW,0,18,107,13,defense,urn:gd:story:classification:gcp_defending:competitionId:285023:defensive_pressures_applied:rank_asc:page:2,urn:gd:story:classification:gcp_defending:competitionId:285023:defensive_pressures_applied:rank_asc:page:2
485740,285023_43872,Neil El Aynaoui,Morocco,MF,0,38,106,42,defense,urn:gd:story:classification:gcp_defending:competitionId:285023:defensive_pressures_applied:rank_asc:page:2,urn:gd:story:classification:gcp_defending:competitionId:285023:defensive_pressures_applied:rank_asc:page:2
418795,285023_43879,Nicolas Jackson,Senegal,FW,0,10,106,13,defense,urn:gd:story:classification:gcp_defending:competitionId:285023:defensive_pressures_applied:rank_asc:page:2,urn:gd:story:classification:gcp_defending:competitionId:285023:defensive_pressures_applied:rank_asc:page:2
403319,285023_43835,Nasser Aldawsari,Saudi Arabia,MF,0,8,106,19,defense,urn:gd:story:classification:gcp_defending:competitionId:285023:defensive_pressures_applied:rank_asc:page:2,urn:gd:story:classification:gcp_defending:competitionId:285023:defensive_pressures_applied:rank_asc:page:2
430751,285023_43969,Mikel Oyarzabal,Spain,FW,0,28,105,8,defense,urn:gd:story:classification:gcp_defending:competitionId:285023:defensive_pressures_applied:rank_asc:page:2,urn:gd:story:classification:gcp_defending:competitionId:285023:defensive_pressures_applied:rank_asc:page:2
430440,285023_43976,Aiden Oneill,Australia,MF,0,25,105,15,defense,urn:gd:story:classification:gcp_defending:competitionId:285023:defensive_pressures_applied:rank_asc:page:2,urn:gd:story:classification:gcp_defending:competitionId:285023:defensive_pressures_applied:rank_asc:page:2
395581,285023_43914,Cristian Martinez,Panama,MF,0,11,105,17,defense,urn:gd:story:classification:gcp_defending:competitionId:285023:defensive_pressures_applied:rank_asc:page:2,urn:gd:story:classification:gcp_defending:competitionId:285023:defensive_pressures_applied:rank_asc:page:2
411726,285023_43924,Lucas Paqueta,Brazil,MF,0,9,104,17,defense,urn:gd:story:classification:gcp_defending:competitionId:285023:defensive_pressures_applied:rank_asc:page:2,urn:gd:story:classification:gcp_defending:competitionId:285023:defensive_pressures_applied:rank_asc:page:2
426357,285023_20014,Aaron Wan Bissaka,Congo DR,DF,0,12,104,14,defense,urn:gd:story:classification:gcp_defending:competitionId:285023:defensive_pressures_applied:rank_asc:page:2,urn:gd:story:classification:gcp_defending:competitionId:285023:defensive_pressures_applied:rank_asc:page:2
430476,285023_43855,Omar Marmoush,Egypt,FW,0,27,104,11,defense,urn:gd:story:classification:gcp_defending:competitionId:285023:defensive_pressures_applied:rank_asc:page:2,urn:gd:story:classification:gcp_defending:competitionId:285023:defensive_pressures_applied:rank_asc:page:2
448612,285023_43872,Bilal El Khannouss,Morocco,MF,0,14,104,16,defense,urn:gd:story:classification:gcp_defending:competitionId:285023:defensive_pressures_applied:rank_asc:page:3,urn:gd:story:classification:gcp_defending:competitionId:285023:defensive_pressures_applied:rank_asc:page:3
486929,285023_43899,Tani Oluwaseyi,Canada,FW,0,11,104,20,defense,urn:gd:story:classification:gcp_defending:competitionId:285023:defensive_pressures_applied:rank_asc:page:3,urn:gd:story:classification:gcp_defending:competitionId:285023:defensive_pressures_applied:rank_asc:page:3
390209,285023_43978,Sarpreet Singh,New Zealand,MF,0,10,104,7,defense,urn:gd:story:classification:gcp_defending:competitionId:285023:defensive_pressures_applied:rank_asc:page:3,urn:gd:story:classification:gcp_defending:competitionId:285023:defensive_pressures_applied:rank_asc:page:3
486082,285023_43995,Pavel Sulc,Czechia,FW,0,6,104,12,defense,urn:gd:story:classification:gcp_defending:competitionId:285023:defensive_pressures_applied:rank_asc:page:3,urn:gd:story:classification:gcp_defending:competitionId:285023:defensive_pressures_applied:rank_asc:page:3
433787,285023_43967,Scott Mctominay,Scotland,MF,0,11,103,6,defense,urn:gd:story:classification:gcp_defending:competitionId:285023:defensive_pressures_applied:rank_asc:page:3,urn:gd:story:classification:gcp_defending:competitionId:285023:defensive_pressures_applied:rank_asc:page:3
441067,285023_43934,Stefan Posch,Austria,DF,0,10,103,29,defense,urn:gd:story:classification:gcp_defending:competitionId:285023:defensive_pressures_applied:rank_asc:page:3,urn:gd:story:classification:gcp_defending:competitionId:285023:defensive_pressures_applied:rank_asc:page:3
389867,285023_43946,Kylian Mbappe,France,FW,0,15,102,10,defense,urn:gd:story:classification:gcp_defending:competitionId:285023:defensive_pressures_applied:rank_asc:page:3,urn:gd:story:classification:gcp_defending:competitionId:285023:defensive_pressures_applied:rank_asc:page:3
411644,285023_43817,Saman Ghoddos,IR Iran,MF,0,9,102,18,defense,urn:gd:story:classification:gcp_defending:competitionId:285023:defensive_pressures_applied:rank_asc:page:3,urn:gd:story:classification:gcp_defending:competitionId:285023:defensive_pressures_applied:rank_asc:page:3
379942,285023_43843,Riyad Mahrez,Algeria,FW,0,22,102,13,defense,urn:gd:story:classification:gcp_defending:competitionId:285023:defensive_pressures_applied:rank_asc:page:3,urn:gd:story:classification:gcp_defending:competitionId:285023:defensive_pressures_applied:rank_asc:page:3
355642,285023_43850,Ryan Mendes,Cabo Verde,FW,0,24,102,14,defense,urn:gd:story:classification:gcp_defending:competitionId:285023:defensive_pressures_applied:rank_asc:page:3,urn:gd:story:classification:gcp_defending:competitionId:285023:defensive_pressures_applied:rank_asc:page:3
436572,285023_20014,Arthur Masuaku,Congo DR,DF,0,9,102,10,defense,urn:gd:story:classification:gcp_defending:competitionId:285023:defensive_pressures_applied:rank_asc:page:3,urn:gd:story:classification:gcp_defending:competitionId:285023:defensive_pressures_applied:rank_asc:page:3
494989,285023_1895293,Livano Comenencia,Curaçao,MF,0,13,102,19,defense,urn:gd:story:classification:gcp_defending:competitionId:285023:defensive_pressures_applied:rank_asc:page:3,urn:gd:story:classification:gcp_defending:competitionId:285023:defensive_pressures_applied:rank_asc:page:3
502727,285023_43971,Johan Manzambi,Switzerland,MF,0,14,102,13,defense,urn:gd:story:classification:gcp_defending:competitionId:285023:defensive_pressures_applied:rank_asc:page:3,urn:gd:story:classification:gcp_defending:competitionId:285023:defensive_pressures_applied:rank_asc:page:3
433362,285023_43888,Ali Abdi,Tunisia,DF,0,22,102,24,defense,urn:gd:story:classification:gcp_defending:competitionId:285023:defensive_pressures_applied:rank_asc:page:3,urn:gd:story:classification:gcp_defending:competitionId:285023:defensive_pressures_applied:rank_asc:page:3
485664,285023_43908,Ruben Providence,Haiti,FW,0,7,100,9,defense,urn:gd:story:classification:gcp_defending:competitionId:285023:defensive_pressures_applied:rank_asc:page:3,urn:gd:story:classification:gcp_defending:competitionId:285023:defensive_pressures_applied:rank_asc:page:3
344654,285023_43855,Mohamed Salah,Egypt,FW,0,17,100,8,defense,urn:gd:story:classification:gcp_defending:competitionId:285023:defensive_pressures_applied:rank_asc:page:3,urn:gd:story:classification:gcp_defending:competitionId:285023:defensive_pressures_applied:rank_asc:page:3
388475,285023_43817,Mehdi Taremi,IR Iran,FW,0,17,100,7,defense,urn:gd:story:classification:gcp_defending:competitionId:285023:defensive_pressures_applied:rank_asc:page:3,urn:gd:story:classification:gcp_defending:competitionId:285023:defensive_pressures_applied:rank_asc:page:3
358120,285023_43935,Kevin De Bruyne,Belgium,MF,0,13,100,7,defense,urn:gd:story:classification:gcp_defending:competitionId:285023:defensive_pressures_applied:rank_asc:page:3,urn:gd:story:classification:gcp_defending:competitionId:285023:defensive_pressures_applied:rank_asc:page:3
489688,285023_43970,Yasin Ayari,Sweden,MF,0,21,100,22,defense,urn:gd:story:classification:gcp_defending:competitionId:285023:defensive_pressures_applied:rank_asc:page:3,urn:gd:story:classification:gcp_defending:competitionId:285023:defensive_pressures_applied:rank_asc:page:3
511875,285023_43820,Odeh Fakhoury,Jordan,FW,0,7,99,5,defense,urn:gd:story:classification:gcp_defending:competitionId:285023:defensive_pressures_applied:rank_asc:page:3,urn:gd:story:classification:gcp_defending:competitionId:285023:defensive_pressures_applied:rank_asc:page:3
494248,285023_43883,Thalente Mbatha,South Africa,MF,0,12,99,14,defense,urn:gd:story:classification:gcp_defending:competitionId:285023:defensive_pressures_applied:rank_asc:page:3,urn:gd:story:classification:gcp_defending:competitionId:285023:defensive_pressures_applied:rank_asc:page:3
411174,285023_43914,Jose Fajardo,Panama,FW,0,18,99,19,defense,urn:gd:story:classification:gcp_defending:competitionId:285023:defensive_pressures_applied:rank_asc:page:3,urn:gd:story:classification:gcp_defending:competitionId:285023:defensive_pressures_applied:rank_asc:page:3
411367,285023_43948,Kai Havertz,Germany,FW,0,19,99,14,defense,urn:gd:story:classification:gcp_defending:competitionId:285023:defensive_pressures_applied:rank_asc:page:3,urn:gd:story:classification:gcp_defending:competitionId:285023:defensive_pressures_applied:rank_asc:page:3
390181,285023_43978,Joe Bell,New Zealand,MF,0,27,98,22,defense,urn:gd:story:classification:gcp_defending:competitionId:285023:defensive_pressures_applied:rank_asc:page:3,urn:gd:story:classification:gcp_defending:competitionId:285023:defensive_pressures_applied:rank_asc:page:3
479389,285023_43820,Mohannad Abutaha,Jordan,MF,0,21,98,21,defense,urn:gd:story:classification:gcp_defending:competitionId:285023:defensive_pressures_applied:rank_asc:page:3,urn:gd:story:classification:gcp_defending:competitionId:285023:defensive_pressures_applied:rank_asc:page:3
504990,285023_44037,Kerim Alajbegovic,Bosnia and Herzegovina,FW,0,9,98,8,defense,urn:gd:story:classification:gcp_defending:competitionId:285023:defensive_pressures_applied:rank_asc:page:3,urn:gd:story:classification:gcp_defending:competitionId:285023:defensive_pressures_applied:rank_asc:page:3
402261,285023_43854,Nicolas Pepe,Côte d'Ivoire,FW,0,19,97,15,defense,urn:gd:story:classification:gcp_defending:competitionId:285023:defensive_pressures_applied:rank_asc:page:3,urn:gd:story:classification:gcp_defending:competitionId:285023:defensive_pressures_applied:rank_asc:page:3
463234,285023_43883,Thapelo Maseko,South Africa,FW,0,9,97,23,defense,urn:gd:story:classification:gcp_defending:competitionId:285023:defensive_pressures_applied:rank_asc:page:3,urn:gd:story:classification:gcp_defending:competitionId:285023:defensive_pressures_applied:rank_asc:page:3
480966,285023_43850,Laros Duarte,Cabo Verde,MF,0,13,97,4,defense,urn:gd:story:classification:gcp_defending:competitionId:285023:defensive_pressures_applied:rank_asc:page:3,urn:gd:story:classification:gcp_defending:competitionId:285023:defensive_pressures_applied:rank_asc:page:3
385475,285023_44005,Eldor Shomurodov,Uzbekistan,FW,0,28,96,11,defense,urn:gd:story:classification:gcp_defending:competitionId:285023:defensive_pressures_applied:rank_asc:page:3,urn:gd:story:classification:gcp_defending:competitionId:285023:defensive_pressures_applied:rank_asc:page:3
371348,285023_44005,Otabek Shukurov,Uzbekistan,MF,0,5,96,12,defense,urn:gd:story:classification:gcp_defending:competitionId:285023:defensive_pressures_applied:rank_asc:page:3,urn:gd:story:classification:gcp_defending:competitionId:285023:defensive_pressures_applied:rank_asc:page:3
371736,285023_43817,Saeid Ezatolahi,IR Iran,MF,0,22,96,22,defense,urn:gd:story:classification:gcp_defending:competitionId:285023:defensive_pressures_applied:rank_asc:page:3,urn:gd:story:classification:gcp_defending:competitionId:285023:defensive_pressures_applied:rank_asc:page:3
403616,285023_43883,Teboho Mokoena,South Africa,MF,0,13,95,22,defense,urn:gd:story:classification:gcp_defending:competitionId:285023:defensive_pressures_applied:rank_asc:page:3,urn:gd:story:classification:gcp_defending:competitionId:285023:defensive_pressures_applied:rank_asc:page:3
466350,285023_1895293,Sherel Floranus,Curaçao,DF,0,16,95,25,defense,urn:gd:story:classification:gcp_defending:competitionId:285023:defensive_pressures_applied:rank_asc:page:3,urn:gd:story:classification:gcp_defending:competitionId:285023:defensive_pressures_applied:rank_asc:page:3
481610,285023_43942,Elliot Anderson,England,MF,0,25,95,35,defense,urn:gd:story:classification:gcp_defending:competitionId:285023:defensive_pressures_applied:rank_asc:page:3,urn:gd:story:classification:gcp_defending:competitionId:285023:defensive_pressures_applied:rank_asc:page:3
339987,285023_43938,Mateo Kovacic,Croatia,MF,0,7,95,16,defense,urn:gd:story:classification:gcp_defending:competitionId:285023:defensive_pressures_applied:rank_asc:page:3,urn:gd:story:classification:gcp_defending:competitionId:285023:defensive_pressures_applied:rank_asc:page:3
482976,285023_44037,Amar Dedic,Bosnia and Herzegovina,DF,0,14,95,11,defense,urn:gd:story:classification:gcp_defending:competitionId:285023:defensive_pressures_applied:rank_asc:page:3,urn:gd:story:classification:gcp_defending:competitionId:285023:defensive_pressures_applied:rank_asc:page:3
476348,285023_43928,Damian Bobadilla,Paraguay,MF,1,5,95,22,defense,urn:gd:story:classification:gcp_defending:competitionId:285023:defensive_pressures_applied:rank_asc:page:3,urn:gd:story:classification:gcp_defending:competitionId:285023:defensive_pressures_applied:rank_asc:page:3
416081,285023_43922,Julian Alvarez,Argentina,FW,0,18,95,10,defense,urn:gd:story:classification:gcp_defending:competitionId:285023:defensive_pressures_applied:rank_asc:page:3,urn:gd:story:classification:gcp_defending:competitionId:285023:defensive_pressures_applied:rank_asc:page:3
419126,285023_43930,Darwin Nunez,Uruguay,FW,0,6,95,2,defense,urn:gd:story:classification:gcp_defending:competitionId:285023:defensive_pressures_applied:rank_asc:page:3,urn:gd:story:classification:gcp_defending:competitionId:285023:defensive_pressures_applied:rank_asc:page:3
482782,285023_43850,Dailon Livramento,Cabo Verde,FW,0,8,93,4,defense,urn:gd:story:classification:gcp_defending:competitionId:285023:defensive_pressures_applied:rank_asc:page:3,urn:gd:story:classification:gcp_defending:competitionId:285023:defensive_pressures_applied:rank_asc:page:3
477852,285023_43850,Kevin Pina,Cabo Verde,MF,0,22,93,23,defense,urn:gd:story:classification:gcp_defending:competitionId:285023:defensive_pressures_applied:rank_asc:page:3,urn:gd:story:classification:gcp_defending:competitionId:285023:defensive_pressures_applied:rank_asc:page:3
433469,285023_43855,Mohanad Lashin,Egypt,MF,0,11,93,31,defense,urn:gd:story:classification:gcp_defending:competitionId:285023:defensive_pressures_applied:rank_asc:page:3,urn:gd:story:classification:gcp_defending:competitionId:285023:defensive_pressures_applied:rank_asc:page:3
433361,285023_43888,Anis Slimane,Tunisia,MF,0,5,92,5,defense,urn:gd:story:classification:gcp_defending:competitionId:285023:defensive_pressures_applied:rank_asc:page:3,urn:gd:story:classification:gcp_defending:competitionId:285023:defensive_pressures_applied:rank_asc:page:3
269058,285023_43926,James Rodriguez,Colombia,MF,0,6,92,4,defense,urn:gd:story:classification:gcp_defending:competitionId:285023:defensive_pressures_applied:rank_asc:page:3,urn:gd:story:classification:gcp_defending:competitionId:285023:defensive_pressures_applied:rank_asc:page:3
433754,285023_43995,Adam Hlozek,Czechia,FW,0,6,92,7,defense,urn:gd:story:classification:gcp_defending:competitionId:285023:defensive_pressures_applied:rank_asc:page:3,urn:gd:story:classification:gcp_defending:competitionId:285023:defensive_pressures_applied:rank_asc:page:3
332314,285023_43879,Idrissa Gana Gueye,Senegal,MF,0,24,91,23,defense,urn:gd:story:classification:gcp_defending:competitionId:285023:defensive_pressures_applied:rank_asc:page:3,urn:gd:story:classification:gcp_defending:competitionId:285023:defensive_pressures_applied:rank_asc:page:3
489300,285023_43908,Martin Experience,Haiti,DF,0,26,91,26,defense,urn:gd:story:classification:gcp_defending:competitionId:285023:defensive_pressures_applied:rank_asc:page:3,urn:gd:story:classification:gcp_defending:competitionId:285023:defensive_pressures_applied:rank_asc:page:3
433635,285023_43899,Stephen Eustaquio,Canada,MF,0,16,91,15,defense,urn:gd:story:classification:gcp_defending:competitionId:285023:defensive_pressures_applied:rank_asc:page:3,urn:gd:story:classification:gcp_defending:competitionId:285023:defensive_pressures_applied:rank_asc:page:3
475036,285023_43924,Rayan,Brazil,FW,0,11,91,6,defense,urn:gd:story:classification:gcp_defending:competitionId:285023:defensive_pressures_applied:rank_asc:page:3,urn:gd:story:classification:gcp_defending:competitionId:285023:defensive_pressures_applied:rank_asc:page:3
373400,285023_43927,Enner Valencia,Ecuador,FW,0,8,91,11,defense,urn:gd:story:classification:gcp_defending:competitionId:285023:defensive_pressures_applied:rank_asc:page:4,urn:gd:story:classification:gcp_defending:competitionId:285023:defensive_pressures_applied:rank_asc:page:4
448202,285023_43942,Jude Bellingham,England,MF,0,14,91,13,defense,urn:gd:story:classification:gcp_defending:competitionId:285023:defensive_pressures_applied:rank_asc:page:4,urn:gd:story:classification:gcp_defending:competitionId:285023:defensive_pressures_applied:rank_asc:page:4
401444,285023_43935,Youri Tielemans,Belgium,MF,0,15,91,14,defense,urn:gd:story:classification:gcp_defending:competitionId:285023:defensive_pressures_applied:rank_asc:page:4,urn:gd:story:classification:gcp_defending:competitionId:285023:defensive_pressures_applied:rank_asc:page:4
483442,285023_43961,Patrick Berg,Norway,MF,0,5,90,13,defense,urn:gd:story:classification:gcp_defending:competitionId:285023:defensive_pressures_applied:rank_asc:page:4,urn:gd:story:classification:gcp_defending:competitionId:285023:defensive_pressures_applied:rank_asc:page:4
396950,285023_43820,Mahmoud Almardi,Jordan,FW,0,6,90,16,defense,urn:gd:story:classification:gcp_defending:competitionId:285023:defensive_pressures_applied:rank_asc:page:4,urn:gd:story:classification:gcp_defending:competitionId:285023:defensive_pressures_applied:rank_asc:page:4
430609,285023_43924,Matheus Cunha,Brazil,FW,0,6,90,10,defense,urn:gd:story:classification:gcp_defending:competitionId:285023:defensive_pressures_applied:rank_asc:page:4,urn:gd:story:classification:gcp_defending:competitionId:285023:defensive_pressures_applied:rank_asc:page:4
470760,285023_43926,Jhon Arias,Colombia,MF,0,32,89,21,defense,urn:gd:story:classification:gcp_defending:competitionId:285023:defensive_pressures_applied:rank_asc:page:4,urn:gd:story:classification:gcp_defending:competitionId:285023:defensive_pressures_applied:rank_asc:page:4
401334,285023_43967,John Mcginn,Scotland,MF,0,5,89,3,defense,urn:gd:story:classification:gcp_defending:competitionId:285023:defensive_pressures_applied:rank_asc:page:4,urn:gd:story:classification:gcp_defending:competitionId:285023:defensive_pressures_applied:rank_asc:page:4
400514,285023_43819,Ao Tanaka,Japan,MF,0,12,89,34,defense,urn:gd:story:classification:gcp_defending:competitionId:285023:defensive_pressures_applied:rank_asc:page:4,urn:gd:story:classification:gcp_defending:competitionId:285023:defensive_pressures_applied:rank_asc:page:4
520039,285023_43860,Marvin Senaya,Ghana,DF,0,34,89,24,defense,urn:gd:story:classification:gcp_defending:competitionId:285023:defensive_pressures_applied:rank_asc:page:4,urn:gd:story:classification:gcp_defending:competitionId:285023:defensive_pressures_applied:rank_asc:page:4
430697,285023_43908,Jean Ricner Bellegarde,Haiti,MF,0,13,89,17,defense,urn:gd:story:classification:gcp_defending:competitionId:285023:defensive_pressures_applied:rank_asc:page:4,urn:gd:story:classification:gcp_defending:competitionId:285023:defensive_pressures_applied:rank_asc:page:4
405879,285023_43908,Wilson Isidor,Haiti,FW,0,7,88,1,defense,urn:gd:story:classification:gcp_defending:competitionId:285023:defensive_pressures_applied:rank_asc:page:4,urn:gd:story:classification:gcp_defending:competitionId:285023:defensive_pressures_applied:rank_asc:page:4
411176,285023_43914,Jose Luis Rodriguez,Panama,MF,0,20,88,12,defense,urn:gd:story:classification:gcp_defending:competitionId:285023:defensive_pressures_applied:rank_asc:page:4,urn:gd:story:classification:gcp_defending:competitionId:285023:defensive_pressures_applied:rank_asc:page:4
274078,285023_43978,Chris Wood,New Zealand,FW,0,8,88,5,defense,urn:gd:story:classification:gcp_defending:competitionId:285023:defensive_pressures_applied:rank_asc:page:4,urn:gd:story:classification:gcp_defending:competitionId:285023:defensive_pressures_applied:rank_asc:page:4
359381,285023_43938,Ivan Perisic,Croatia,FW,0,12,88,13,defense,urn:gd:story:classification:gcp_defending:competitionId:285023:defensive_pressures_applied:rank_asc:page:4,urn:gd:story:classification:gcp_defending:competitionId:285023:defensive_pressures_applied:rank_asc:page:4
448140,285023_43960,Micky Van De Ven,Netherlands,DF,0,8,87,13,defense,urn:gd:story:classification:gcp_defending:competitionId:285023:defensive_pressures_applied:rank_asc:page:4,urn:gd:story:classification:gcp_defending:competitionId:285023:defensive_pressures_applied:rank_asc:page:4
484860,285023_43946,Bradley Barcola,France,FW,0,14,87,13,defense,urn:gd:story:classification:gcp_defending:competitionId:285023:defensive_pressures_applied:rank_asc:page:4,urn:gd:story:classification:gcp_defending:competitionId:285023:defensive_pressures_applied:rank_asc:page:4
442434,285023_43967,Lewis Ferguson,Scotland,MF,0,15,87,28,defense,urn:gd:story:classification:gcp_defending:competitionId:285023:defensive_pressures_applied:rank_asc:page:4,urn:gd:story:classification:gcp_defending:competitionId:285023:defensive_pressures_applied:rank_asc:page:4
498806,285023_43976,Mohamed Toure,Australia,FW,0,3,86,5,defense,urn:gd:story:classification:gcp_defending:competitionId:285023:defensive_pressures_applied:rank_asc:page:4,urn:gd:story:classification:gcp_defending:competitionId:285023:defensive_pressures_applied:rank_asc:page:4
477856,285023_43850,Jovane Cabral,Cabo Verde,MF,0,14,86,7,defense,urn:gd:story:classification:gcp_defending:competitionId:285023:defensive_pressures_applied:rank_asc:page:4,urn:gd:story:classification:gcp_defending:competitionId:285023:defensive_pressures_applied:rank_asc:page:4
464566,285023_44037,Esmir Bajraktarevic,Bosnia and Herzegovina,FW,0,16,85,8,defense,urn:gd:story:classification:gcp_defending:competitionId:285023:defensive_pressures_applied:rank_asc:page:4,urn:gd:story:classification:gcp_defending:competitionId:285023:defensive_pressures_applied:rank_asc:page:4
422657,285023_43960,Frenkie De Jong,Netherlands,MF,0,7,85,22,defense,urn:gd:story:classification:gcp_defending:competitionId:285023:defensive_pressures_applied:rank_asc:page:4,urn:gd:story:classification:gcp_defending:competitionId:285023:defensive_pressures_applied:rank_asc:page:4
419473,285023_43834,Jassem Gaber,Qatar,DF,0,13,85,14,defense,urn:gd:story:classification:gcp_defending:competitionId:285023:defensive_pressures_applied:rank_asc:page:4,urn:gd:story:classification:gcp_defending:competitionId:285023:defensive_pressures_applied:rank_asc:page:4
407993,285023_43835,Mohamed Kanno,Saudi Arabia,MF,0,10,84,14,defense,urn:gd:story:classification:gcp_defending:competitionId:285023:defensive_pressures_applied:rank_asc:page:4,urn:gd:story:classification:gcp_defending:competitionId:285023:defensive_pressures_applied:rank_asc:page:4
485760,285023_43872,Ayyoub Bouaddi,Morocco,MF,0,19,84,28,defense,urn:gd:story:classification:gcp_defending:competitionId:285023:defensive_pressures_applied:rank_asc:page:4,urn:gd:story:classification:gcp_defending:competitionId:285023:defensive_pressures_applied:rank_asc:page:4
483966,285023_44037,Benjamin Tahirovic,Bosnia and Herzegovina,MF,0,11,84,10,defense,urn:gd:story:classification:gcp_defending:competitionId:285023:defensive_pressures_applied:rank_asc:page:4,urn:gd:story:classification:gcp_defending:competitionId:285023:defensive_pressures_applied:rank_asc:page:4
404353,285023_43948,Leroy Sane,Germany,MF,0,10,84,15,defense,urn:gd:story:classification:gcp_defending:competitionId:285023:defensive_pressures_applied:rank_asc:page:4,urn:gd:story:classification:gcp_defending:competitionId:285023:defensive_pressures_applied:rank_asc:page:4
423522,285023_43976,Jordan Bos,Australia,DF,0,23,84,21,defense,urn:gd:story:classification:gcp_defending:competitionId:285023:defensive_pressures_applied:rank_asc:page:4,urn:gd:story:classification:gcp_defending:competitionId:285023:defensive_pressures_applied:rank_asc:page:4
523097,285023_43995,Alexandr Sojka,Czechia,MF,0,18,84,9,defense,urn:gd:story:classification:gcp_defending:competitionId:285023:defensive_pressures_applied:rank_asc:page:4,urn:gd:story:classification:gcp_defending:competitionId:285023:defensive_pressures_applied:rank_asc:page:4
479106,285023_44005,Akmal Mozgovoy,Uzbekistan,MF,0,5,83,8,defense,urn:gd:story:classification:gcp_defending:competitionId:285023:defensive_pressures_applied:rank_asc:page:4,urn:gd:story:classification:gcp_defending:competitionId:285023:defensive_pressures_applied:rank_asc:page:4
430450,285023_43976,Jacob Italiano,Australia,DF,0,6,83,14,defense,urn:gd:story:classification:gcp_defending:competitionId:285023:defensive_pressures_applied:rank_asc:page:4,urn:gd:story:classification:gcp_defending:competitionId:285023:defensive_pressures_applied:rank_asc:page:4
481242,285023_43883,Iqraam Rayners,South Africa,FW,0,7,83,2,defense,urn:gd:story:classification:gcp_defending:competitionId:285023:defensive_pressures_applied:rank_asc:page:4,urn:gd:story:classification:gcp_defending:competitionId:285023:defensive_pressures_applied:rank_asc:page:4
428885,285023_43927,Moises Caicedo,Ecuador,MF,0,16,83,28,defense,urn:gd:story:classification:gcp_defending:competitionId:285023:defensive_pressures_applied:rank_asc:page:4,urn:gd:story:classification:gcp_defending:competitionId:285023:defensive_pressures_applied:rank_asc:page:4
448312,285023_43927,Nilson Angulo,Ecuador,FW,0,7,83,18,defense,urn:gd:story:classification:gcp_defending:competitionId:285023:defensive_pressures_applied:rank_asc:page:4,urn:gd:story:classification:gcp_defending:competitionId:285023:defensive_pressures_applied:rank_asc:page:4
386538,285023_43930,Rodrigo Bentancur,Uruguay,MF,0,9,82,15,defense,urn:gd:story:classification:gcp_defending:competitionId:285023:defensive_pressures_applied:rank_asc:page:4,urn:gd:story:classification:gcp_defending:competitionId:285023:defensive_pressures_applied:rank_asc:page:4
463218,285023_43883,Khuliso Mudau,South Africa,DF,0,32,82,16,defense,urn:gd:story:classification:gcp_defending:competitionId:285023:defensive_pressures_applied:rank_asc:page:4,urn:gd:story:classification:gcp_defending:competitionId:285023:defensive_pressures_applied:rank_asc:page:4
514208,285023_43854,Christ Inao Oulai,Côte d'Ivoire,MF,0,21,82,20,defense,urn:gd:story:classification:gcp_defending:competitionId:285023:defensive_pressures_applied:rank_asc:page:4,urn:gd:story:classification:gcp_defending:competitionId:285023:defensive_pressures_applied:rank_asc:page:4
448103,285023_43971,Fabian Rieder,Switzerland,MF,0,8,82,9,defense,urn:gd:story:classification:gcp_defending:competitionId:285023:defensive_pressures_applied:rank_asc:page:4,urn:gd:story:classification:gcp_defending:competitionId:285023:defensive_pressures_applied:rank_asc:page:4
431211,285023_43820,Mousa Altamari,Jordan,FW,0,10,82,7,defense,urn:gd:story:classification:gcp_defending:competitionId:285023:defensive_pressures_applied:rank_asc:page:4,urn:gd:story:classification:gcp_defending:competitionId:285023:defensive_pressures_applied:rank_asc:page:4
384797,285023_43817,Ramin Rezaeian,IR Iran,DF,0,9,82,10,defense,urn:gd:story:classification:gcp_defending:competitionId:285023:defensive_pressures_applied:rank_asc:page:4,urn:gd:story:classification:gcp_defending:competitionId:285023:defensive_pressures_applied:rank_asc:page:4
409191,285023_43938,Nikola Vlasic,Croatia,MF,0,14,82,9,defense,urn:gd:story:classification:gcp_defending:competitionId:285023:defensive_pressures_applied:rank_asc:page:4,urn:gd:story:classification:gcp_defending:competitionId:285023:defensive_pressures_applied:rank_asc:page:4
430707,285023_43946,Jules Kounde,France,DF,0,27,81,20,defense,urn:gd:story:classification:gcp_defending:competitionId:285023:defensive_pressures_applied:rank_asc:page:4,urn:gd:story:classification:gcp_defending:competitionId:285023:defensive_pressures_applied:rank_asc:page:4
502945,285023_43970,Alexander Bernhardsson,Sweden,DF,0,14,81,9,defense,urn:gd:story:classification:gcp_defending:competitionId:285023:defensive_pressures_applied:rank_asc:page:4,urn:gd:story:classification:gcp_defending:competitionId:285023:defensive_pressures_applied:rank_asc:page:4
510757,285023_43908,Josue Casimir,Haiti,FW,0,9,81,13,defense,urn:gd:story:classification:gcp_defending:competitionId:285023:defensive_pressures_applied:rank_asc:page:4,urn:gd:story:classification:gcp_defending:competitionId:285023:defensive_pressures_applied:rank_asc:page:4
523236,285023_43818,Ahmed Qasem,Iraq,FW,0,3,81,6,defense,urn:gd:story:classification:gcp_defending:competitionId:285023:defensive_pressures_applied:rank_asc:page:4,urn:gd:story:classification:gcp_defending:competitionId:285023:defensive_pressures_applied:rank_asc:page:4
418490,285023_43822,Lee Kangin,Korea Republic,MF,0,11,81,4,defense,urn:gd:story:classification:gcp_defending:competitionId:285023:defensive_pressures_applied:rank_asc:page:4,urn:gd:story:classification:gcp_defending:competitionId:285023:defensive_pressures_applied:rank_asc:page:4
411624,285023_43835,Abdullah Alkhaibari,Saudi Arabia,MF,0,8,81,7,defense,urn:gd:story:classification:gcp_defending:competitionId:285023:defensive_pressures_applied:rank_asc:page:4,urn:gd:story:classification:gcp_defending:competitionId:285023:defensive_pressures_applied:rank_asc:page:4
389437,285023_43820,Ehsan Haddad,Jordan,DF,0,13,80,18,defense,urn:gd:story:classification:gcp_defending:competitionId:285023:defensive_pressures_applied:rank_asc:page:4,urn:gd:story:classification:gcp_defending:competitionId:285023:defensive_pressures_applied:rank_asc:page:4
405522,285023_43819,Keito Nakamura,Japan,MF,0,9,80,11,defense,urn:gd:story:classification:gcp_defending:competitionId:285023:defensive_pressures_applied:rank_asc:page:4,urn:gd:story:classification:gcp_defending:competitionId:285023:defensive_pressures_applied:rank_asc:page:4
336425,285023_20014,Cedric Bakambu,Congo DR,FW,0,7,80,4,defense,urn:gd:story:classification:gcp_defending:competitionId:285023:defensive_pressures_applied:rank_asc:page:4,urn:gd:story:classification:gcp_defending:competitionId:285023:defensive_pressures_applied:rank_asc:page:4
355775,285023_43976,Jackson Irvine,Australia,MF,0,7,80,11,defense,urn:gd:story:classification:gcp_defending:competitionId:285023:defensive_pressures_applied:rank_asc:page:5,urn:gd:story:classification:gcp_defending:competitionId:285023:defensive_pressures_applied:rank_asc:page:5
430750,285023_43969,Dani Olmo,Spain,FW,0,9,80,7,defense,urn:gd:story:classification:gcp_defending:competitionId:285023:defensive_pressures_applied:rank_asc:page:5,urn:gd:story:classification:gcp_defending:competitionId:285023:defensive_pressures_applied:rank_asc:page:5
448252,285023_43922,Enzo Fernandez,Argentina,MF,0,8,80,8,defense,urn:gd:story:classification:gcp_defending:competitionId:285023:defensive_pressures_applied:rank_asc:page:5,urn:gd:story:classification:gcp_defending:competitionId:285023:defensive_pressures_applied:rank_asc:page:5
424031,285023_43927,Piero Hincapie,Ecuador,DF,0,11,80,29,defense,urn:gd:story:classification:gcp_defending:competitionId:285023:defensive_pressures_applied:rank_asc:page:5,urn:gd:story:classification:gcp_defending:competitionId:285023:defensive_pressures_applied:rank_asc:page:5
406280,285023_43921,Sergino Dest,USA,DF,0,14,80,9,defense,urn:gd:story:classification:gcp_defending:competitionId:285023:defensive_pressures_applied:rank_asc:page:5,urn:gd:story:classification:gcp_defending:competitionId:285023:defensive_pressures_applied:rank_asc:page:5
419100,285023_43930,Maxi Araujo,Uruguay,MF,0,10,79,11,defense,urn:gd:story:classification:gcp_defending:competitionId:285023:defensive_pressures_applied:rank_asc:page:5,urn:gd:story:classification:gcp_defending:competitionId:285023:defensive_pressures_applied:rank_asc:page:5
390259,285023_43921,Weston Mckennie,USA,MF,0,20,79,19,defense,urn:gd:story:classification:gcp_defending:competitionId:285023:defensive_pressures_applied:rank_asc:page:5,urn:gd:story:classification:gcp_defending:competitionId:285023:defensive_pressures_applied:rank_asc:page:5
431696,285023_43899,Richie Laryea,Canada,DF,0,22,79,28,defense,urn:gd:story:classification:gcp_defending:competitionId:285023:defensive_pressures_applied:rank_asc:page:5,urn:gd:story:classification:gcp_defending:competitionId:285023:defensive_pressures_applied:rank_asc:page:5
479086,285023_44005,Azizjon Ganiev,Uzbekistan,MF,0,6,79,11,defense,urn:gd:story:classification:gcp_defending:competitionId:285023:defensive_pressures_applied:rank_asc:page:5,urn:gd:story:classification:gcp_defending:competitionId:285023:defensive_pressures_applied:rank_asc:page:5
372436,285023_44037,Ivan Sunjic,Bosnia and Herzegovina,MF,0,20,78,21,defense,urn:gd:story:classification:gcp_defending:competitionId:285023:defensive_pressures_applied:rank_asc:page:5,urn:gd:story:classification:gcp_defending:competitionId:285023:defensive_pressures_applied:rank_asc:page:5
498421,285023_43976,Paul Okon Engstler,Australia,MF,0,9,78,5,defense,urn:gd:story:classification:gcp_defending:competitionId:285023:defensive_pressures_applied:rank_asc:page:5,urn:gd:story:classification:gcp_defending:competitionId:285023:defensive_pressures_applied:rank_asc:page:5
466624,285023_43921,Folarin Balogun,USA,FW,0,20,78,6,defense,urn:gd:story:classification:gcp_defending:competitionId:285023:defensive_pressures_applied:rank_asc:page:5,urn:gd:story:classification:gcp_defending:competitionId:285023:defensive_pressures_applied:rank_asc:page:5
463780,285023_43942,Nico Oreilly,England,DF,0,6,78,18,defense,urn:gd:story:classification:gcp_defending:competitionId:285023:defensive_pressures_applied:rank_asc:page:5,urn:gd:story:classification:gcp_defending:competitionId:285023:defensive_pressures_applied:rank_asc:page:5
483448,285023_43961,Antonio Nusa,Norway,FW,0,4,78,11,defense,urn:gd:story:classification:gcp_defending:competitionId:285023:defensive_pressures_applied:rank_asc:page:5,urn:gd:story:classification:gcp_defending:competitionId:285023:defensive_pressures_applied:rank_asc:page:5
466838,285023_43908,Danley Jean Jacques,Haiti,MF,0,11,78,25,defense,urn:gd:story:classification:gcp_defending:competitionId:285023:defensive_pressures_applied:rank_asc:page:5,urn:gd:story:classification:gcp_defending:competitionId:285023:defensive_pressures_applied:rank_asc:page:5
486317,285023_43854,Guela Doue,Côte d'Ivoire,DF,0,12,78,19,defense,urn:gd:story:classification:gcp_defending:competitionId:285023:defensive_pressures_applied:rank_asc:page:5,urn:gd:story:classification:gcp_defending:competitionId:285023:defensive_pressures_applied:rank_asc:page:5
229397,285023_43922,Lionel Messi,Argentina,FW,0,10,77,14,defense,urn:gd:story:classification:gcp_defending:competitionId:285023:defensive_pressures_applied:rank_asc:page:5,urn:gd:story:classification:gcp_defending:competitionId:285023:defensive_pressures_applied:rank_asc:page:5
419082,285023_43921,Ricardo Pepi,USA,FW,0,15,77,14,defense,urn:gd:story:classification:gcp_defending:competitionId:285023:defensive_pressures_applied:rank_asc:page:5,urn:gd:story:classification:gcp_defending:competitionId:285023:defensive_pressures_applied:rank_asc:page:5
477832,285023_43850,Sidny Lopes Cabral,Cabo Verde,DF,0,22,77,9,defense,urn:gd:story:classification:gcp_defending:competitionId:285023:defensive_pressures_applied:rank_asc:page:5,urn:gd:story:classification:gcp_defending:competitionId:285023:defensive_pressures_applied:rank_asc:page:5
477847,285023_43850,Steven Moreira,Cabo Verde,DF,0,9,77,7,defense,urn:gd:story:classification:gcp_defending:competitionId:285023:defensive_pressures_applied:rank_asc:page:5,urn:gd:story:classification:gcp_defending:competitionId:285023:defensive_pressures_applied:rank_asc:page:5
395321,285023_43819,Junya Ito,Japan,MF,0,6,77,5,defense,urn:gd:story:classification:gcp_defending:competitionId:285023:defensive_pressures_applied:rank_asc:page:5,urn:gd:story:classification:gcp_defending:competitionId:285023:defensive_pressures_applied:rank_asc:page:5
448343,285023_43935,Hans Vanaken,Belgium,MF,0,6,77,5,defense,urn:gd:story:classification:gcp_defending:competitionId:285023:defensive_pressures_applied:rank_asc:page:5,urn:gd:story:classification:gcp_defending:competitionId:285023:defensive_pressures_applied:rank_asc:page:5
484849,285023_43948,Aleksandar Pavlovic,Germany,MF,0,27,76,20,defense,urn:gd:story:classification:gcp_defending:competitionId:285023:defensive_pressures_applied:rank_asc:page:5,urn:gd:story:classification:gcp_defending:competitionId:285023:defensive_pressures_applied:rank_asc:page:5
389754,285023_43938,Petar Musa,Croatia,FW,0,9,76,11,defense,urn:gd:story:classification:gcp_defending:competitionId:285023:defensive_pressures_applied:rank_asc:page:5,urn:gd:story:classification:gcp_defending:competitionId:285023:defensive_pressures_applied:rank_asc:page:5
385531,285023_43934,Xaver Schlager,Austria,MF,0,3,76,24,defense,urn:gd:story:classification:gcp_defending:competitionId:285023:defensive_pressures_applied:rank_asc:page:5,urn:gd:story:classification:gcp_defending:competitionId:285023:defensive_pressures_applied:rank_asc:page:5
430070,285023_43938,Ante Budimir,Croatia,FW,0,13,76,13,defense,urn:gd:story:classification:gcp_defending:competitionId:285023:defensive_pressures_applied:rank_asc:page:5,urn:gd:story:classification:gcp_defending:competitionId:285023:defensive_pressures_applied:rank_asc:page:5
448214,285023_43921,Malik Tillman,USA,MF,0,12,76,19,defense,urn:gd:story:classification:gcp_defending:competitionId:285023:defensive_pressures_applied:rank_asc:page:5,urn:gd:story:classification:gcp_defending:competitionId:285023:defensive_pressures_applied:rank_asc:page:5
402884,285023_43930,Federico Valverde,Uruguay,MF,0,19,76,8,defense,urn:gd:story:classification:gcp_defending:competitionId:285023:defensive_pressures_applied:rank_asc:page:5,urn:gd:story:classification:gcp_defending:competitionId:285023:defensive_pressures_applied:rank_asc:page:5
479079,285023_44005,Khojiakbar Alijonov,Uzbekistan,DF,0,4,76,11,defense,urn:gd:story:classification:gcp_defending:competitionId:285023:defensive_pressures_applied:rank_asc:page:5,urn:gd:story:classification:gcp_defending:competitionId:285023:defensive_pressures_applied:rank_asc:page:5
430917,285023_43883,Evidence Makgopa,South Africa,FW,0,15,76,9,defense,urn:gd:story:classification:gcp_defending:competitionId:285023:defensive_pressures_applied:rank_asc:page:5,urn:gd:story:classification:gcp_defending:competitionId:285023:defensive_pressures_applied:rank_asc:page:5
390670,285023_43899,Cyle Larin,Canada,FW,0,8,76,6,defense,urn:gd:story:classification:gcp_defending:competitionId:285023:defensive_pressures_applied:rank_asc:page:5,urn:gd:story:classification:gcp_defending:competitionId:285023:defensive_pressures_applied:rank_asc:page:5
419281,285023_43835,Saud Abdulhamid,Saudi Arabia,DF,0,11,76,18,defense,urn:gd:story:classification:gcp_defending:competitionId:285023:defensive_pressures_applied:rank_asc:page:5,urn:gd:story:classification:gcp_defending:competitionId:285023:defensive_pressures_applied:rank_asc:page:5
407680,285023_1895293,Juergen Locadia,Curaçao,FW,0,7,76,4,defense,urn:gd:story:classification:gcp_defending:competitionId:285023:defensive_pressures_applied:rank_asc:page:5,urn:gd:story:classification:gcp_defending:competitionId:285023:defensive_pressures_applied:rank_asc:page:5
433668,285023_43995,Michal Sadilek,Czechia,MF,0,10,75,4,defense,urn:gd:story:classification:gcp_defending:competitionId:285023:defensive_pressures_applied:rank_asc:page:5,urn:gd:story:classification:gcp_defending:competitionId:285023:defensive_pressures_applied:rank_asc:page:5
483327,285023_43970,Viktor Gyokeres,Sweden,FW,0,14,75,4,defense,urn:gd:story:classification:gcp_defending:competitionId:285023:defensive_pressures_applied:rank_asc:page:5,urn:gd:story:classification:gcp_defending:competitionId:285023:defensive_pressures_applied:rank_asc:page:5
489518,285023_43960,Crysencio Summerville,Netherlands,FW,0,17,75,13,defense,urn:gd:story:classification:gcp_defending:competitionId:285023:defensive_pressures_applied:rank_asc:page:5,urn:gd:story:classification:gcp_defending:competitionId:285023:defensive_pressures_applied:rank_asc:page:5
441149,285023_43963,Vitinha,Portugal,MF,0,18,75,13,defense,urn:gd:story:classification:gcp_defending:competitionId:285023:defensive_pressures_applied:rank_asc:page:5,urn:gd:story:classification:gcp_defending:competitionId:285023:defensive_pressures_applied:rank_asc:page:5
433667,285023_43938,Josip Stanisic,Croatia,DF,0,19,75,17,defense,urn:gd:story:classification:gcp_defending:competitionId:285023:defensive_pressures_applied:rank_asc:page:5,urn:gd:story:classification:gcp_defending:competitionId:285023:defensive_pressures_applied:rank_asc:page:5
495046,285023_43928,Mauricio,Paraguay,MF,0,10,75,4,defense,urn:gd:story:classification:gcp_defending:competitionId:285023:defensive_pressures_applied:rank_asc:page:5,urn:gd:story:classification:gcp_defending:competitionId:285023:defensive_pressures_applied:rank_asc:page:5
400416,285023_43914,Edgar Yoel Barcenas,Panama,MF,0,9,74,6,defense,urn:gd:story:classification:gcp_defending:competitionId:285023:defensive_pressures_applied:rank_asc:page:5,urn:gd:story:classification:gcp_defending:competitionId:285023:defensive_pressures_applied:rank_asc:page:5
428882,285023_43922,Rodrigo De Paul,Argentina,MF,0,5,74,12,defense,urn:gd:story:classification:gcp_defending:competitionId:285023:defensive_pressures_applied:rank_asc:page:5,urn:gd:story:classification:gcp_defending:competitionId:285023:defensive_pressures_applied:rank_asc:page:5
411443,285023_43935,Timothy Castagne,Belgium,DF,0,20,74,17,defense,urn:gd:story:classification:gcp_defending:competitionId:285023:defensive_pressures_applied:rank_asc:page:5,urn:gd:story:classification:gcp_defending:competitionId:285023:defensive_pressures_applied:rank_asc:page:5
448362,285023_43935,Charles De Ketelaere,Belgium,FW,0,14,74,9,defense,urn:gd:story:classification:gcp_defending:competitionId:285023:defensive_pressures_applied:rank_asc:page:5,urn:gd:story:classification:gcp_defending:competitionId:285023:defensive_pressures_applied:rank_asc:page:5
492363,285023_43948,Felix Nmecha,Germany,MF,0,9,74,21,defense,urn:gd:story:classification:gcp_defending:competitionId:285023:defensive_pressures_applied:rank_asc:page:5,urn:gd:story:classification:gcp_defending:competitionId:285023:defensive_pressures_applied:rank_asc:page:5
436612,285023_43960,Denzel Dumfries,Netherlands,DF,0,24,74,8,defense,urn:gd:story:classification:gcp_defending:competitionId:285023:defensive_pressures_applied:rank_asc:page:5,urn:gd:story:classification:gcp_defending:competitionId:285023:defensive_pressures_applied:rank_asc:page:5
371393,285023_44005,Dostonbek Khamdamov,Uzbekistan,MF,0,9,74,6,defense,urn:gd:story:classification:gcp_defending:competitionId:285023:defensive_pressures_applied:rank_asc:page:5,urn:gd:story:classification:gcp_defending:competitionId:285023:defensive_pressures_applied:rank_asc:page:5
401481,285023_43995,Patrik Schick,Czechia,FW,0,7,74,4,defense,urn:gd:story:classification:gcp_defending:competitionId:285023:defensive_pressures_applied:rank_asc:page:5,urn:gd:story:classification:gcp_defending:competitionId:285023:defensive_pressures_applied:rank_asc:page:5
448114,285023_43971,Dan Ndoye,Switzerland,FW,0,23,74,11,defense,urn:gd:story:classification:gcp_defending:competitionId:285023:defensive_pressures_applied:rank_asc:page:5,urn:gd:story:classification:gcp_defending:competitionId:285023:defensive_pressures_applied:rank_asc:page:5
433191,285023_43967,Che Adams,Scotland,FW,0,6,73,4,defense,urn:gd:story:classification:gcp_defending:competitionId:285023:defensive_pressures_applied:rank_asc:page:5,urn:gd:story:classification:gcp_defending:competitionId:285023:defensive_pressures_applied:rank_asc:page:5
506471,285023_1895293,Deveron Fonville,Curaçao,DF,0,9,73,19,defense,urn:gd:story:classification:gcp_defending:competitionId:285023:defensive_pressures_applied:rank_asc:page:5,urn:gd:story:classification:gcp_defending:competitionId:285023:defensive_pressures_applied:rank_asc:page:5
405920,285023_43927,John Yeboah,Ecuador,FW,0,44,73,20,defense,urn:gd:story:classification:gcp_defending:competitionId:285023:defensive_pressures_applied:rank_asc:page:6,urn:gd:story:classification:gcp_defending:competitionId:285023:defensive_pressures_applied:rank_asc:page:6
433394,285023_43834,Ahmed Fathy,Qatar,MF,0,10,73,10,defense,urn:gd:story:classification:gcp_defending:competitionId:285023:defensive_pressures_applied:rank_asc:page:6,urn:gd:story:classification:gcp_defending:competitionId:285023:defensive_pressures_applied:rank_asc:page:6
486130,285023_43879,Habib Diarra,Senegal,MF,0,12,73,14,defense,urn:gd:story:classification:gcp_defending:competitionId:285023:defensive_pressures_applied:rank_asc:page:6,urn:gd:story:classification:gcp_defending:competitionId:285023:defensive_pressures_applied:rank_asc:page:6
390475,285023_43883,Sphephelo Sithole,South Africa,MF,0,7,72,13,defense,urn:gd:story:classification:gcp_defending:competitionId:285023:defensive_pressures_applied:rank_asc:page:6,urn:gd:story:classification:gcp_defending:competitionId:285023:defensive_pressures_applied:rank_asc:page:6
448341,285023_43935,Jeremy Doku,Belgium,FW,0,9,72,13,defense,urn:gd:story:classification:gcp_defending:competitionId:285023:defensive_pressures_applied:rank_asc:page:6,urn:gd:story:classification:gcp_defending:competitionId:285023:defensive_pressures_applied:rank_asc:page:6
510989,285023_20014,Brian Cipenga,Congo DR,FW,0,10,72,14,defense,urn:gd:story:classification:gcp_defending:competitionId:285023:defensive_pressures_applied:rank_asc:page:6,urn:gd:story:classification:gcp_defending:competitionId:285023:defensive_pressures_applied:rank_asc:page:6
403596,285023_43911,Jorge Sanchez,Mexico,DF,0,14,72,18,defense,urn:gd:story:classification:gcp_defending:competitionId:285023:defensive_pressures_applied:rank_asc:page:6,urn:gd:story:classification:gcp_defending:competitionId:285023:defensive_pressures_applied:rank_asc:page:6
485131,285023_43967,Ben Gannon Doak,Scotland,FW,0,13,71,6,defense,urn:gd:story:classification:gcp_defending:competitionId:285023:defensive_pressures_applied:rank_asc:page:6,urn:gd:story:classification:gcp_defending:competitionId:285023:defensive_pressures_applied:rank_asc:page:6
502946,285023_43970,Benjamin Nygren,Sweden,MF,0,4,71,13,defense,urn:gd:story:classification:gcp_defending:competitionId:285023:defensive_pressures_applied:rank_asc:page:6,urn:gd:story:classification:gcp_defending:competitionId:285023:defensive_pressures_applied:rank_asc:page:6
436628,285023_43818,Ali Alhamadi,Iraq,FW,0,13,71,11,defense,urn:gd:story:classification:gcp_defending:competitionId:285023:defensive_pressures_applied:rank_asc:page:6,urn:gd:story:classification:gcp_defending:competitionId:285023:defensive_pressures_applied:rank_asc:page:6
431858,285023_43843,Rayan Ait Nouri,Algeria,DF,0,12,70,25,defense,urn:gd:story:classification:gcp_defending:competitionId:285023:defensive_pressures_applied:rank_asc:page:6,urn:gd:story:classification:gcp_defending:competitionId:285023:defensive_pressures_applied:rank_asc:page:6
419652,285023_43961,Erling Haaland,Norway,FW,0,9,70,4,defense,urn:gd:story:classification:gcp_defending:competitionId:285023:defensive_pressures_applied:rank_asc:page:6,urn:gd:story:classification:gcp_defending:competitionId:285023:defensive_pressures_applied:rank_asc:page:6
300409,285023_44037,Edin Dzeko,Bosnia and Herzegovina,FW,0,4,69,1,defense,urn:gd:story:classification:gcp_defending:competitionId:285023:defensive_pressures_applied:rank_asc:page:6,urn:gd:story:classification:gcp_defending:competitionId:285023:defensive_pressures_applied:rank_asc:page:6
448131,285023_43971,Ruben Vargas,Switzerland,FW,0,14,68,17,defense,urn:gd:story:classification:gcp_defending:competitionId:285023:defensive_pressures_applied:rank_asc:page:6,urn:gd:story:classification:gcp_defending:competitionId:285023:defensive_pressures_applied:rank_asc:page:6
385031,285023_43914,Amir Murillo,Panama,DF,0,11,68,15,defense,urn:gd:story:classification:gcp_defending:competitionId:285023:defensive_pressures_applied:rank_asc:page:6,urn:gd:story:classification:gcp_defending:competitionId:285023:defensive_pressures_applied:rank_asc:page:6
500037,285023_43911,Gilberto Mora,Mexico,MF,0,13,68,3,defense,urn:gd:story:classification:gcp_defending:competitionId:285023:defensive_pressures_applied:rank_asc:page:6,urn:gd:story:classification:gcp_defending:competitionId:285023:defensive_pressures_applied:rank_asc:page:6
428886,285023_43926,Luis Diaz,Colombia,FW,0,12,68,6,defense,urn:gd:story:classification:gcp_defending:competitionId:285023:defensive_pressures_applied:rank_asc:page:6,urn:gd:story:classification:gcp_defending:competitionId:285023:defensive_pressures_applied:rank_asc:page:6
419189,285023_43888,Yan Valery,Tunisia,DF,0,13,68,10,defense,urn:gd:story:classification:gcp_defending:competitionId:285023:defensive_pressures_applied:rank_asc:page:6,urn:gd:story:classification:gcp_defending:competitionId:285023:defensive_pressures_applied:rank_asc:page:6
402047,285023_43946,Adrien Rabiot,France,MF,0,7,68,18,defense,urn:gd:story:classification:gcp_defending:competitionId:285023:defensive_pressures_applied:rank_asc:page:6,urn:gd:story:classification:gcp_defending:competitionId:285023:defensive_pressures_applied:rank_asc:page:6
423595,285023_43978,Marko Stamenic,New Zealand,MF,0,10,67,18,defense,urn:gd:story:classification:gcp_defending:competitionId:285023:defensive_pressures_applied:rank_asc:page:6,urn:gd:story:classification:gcp_defending:competitionId:285023:defensive_pressures_applied:rank_asc:page:6
395050,285023_43883,Aubrey Modiba,South Africa,DF,0,12,67,14,defense,urn:gd:story:classification:gcp_defending:competitionId:285023:defensive_pressures_applied:rank_asc:page:6,urn:gd:story:classification:gcp_defending:competitionId:285023:defensive_pressures_applied:rank_asc:page:6
407343,285023_43854,Ghislain Konan,Côte d'Ivoire,DF,0,14,67,12,defense,urn:gd:story:classification:gcp_defending:competitionId:285023:defensive_pressures_applied:rank_asc:page:6,urn:gd:story:classification:gcp_defending:competitionId:285023:defensive_pressures_applied:rank_asc:page:6
424119,285023_20014,Nathanael Mbuku,Congo DR,MF,0,6,67,8,defense,urn:gd:story:classification:gcp_defending:competitionId:285023:defensive_pressures_applied:rank_asc:page:6,urn:gd:story:classification:gcp_defending:competitionId:285023:defensive_pressures_applied:rank_asc:page:6
512183,285023_43835,Mohammed Abu Alshamat,Saudi Arabia,DF,0,10,67,16,defense,urn:gd:story:classification:gcp_defending:competitionId:285023:defensive_pressures_applied:rank_asc:page:6,urn:gd:story:classification:gcp_defending:competitionId:285023:defensive_pressures_applied:rank_asc:page:6
429063,285023_43834,Edmilson Junior,Qatar,FW,0,5,66,11,defense,urn:gd:story:classification:gcp_defending:competitionId:285023:defensive_pressures_applied:rank_asc:page:6,urn:gd:story:classification:gcp_defending:competitionId:285023:defensive_pressures_applied:rank_asc:page:6
477470,285023_43961,Oscar Bobb,Norway,MF,0,9,66,9,defense,urn:gd:story:classification:gcp_defending:competitionId:285023:defensive_pressures_applied:rank_asc:page:6,urn:gd:story:classification:gcp_defending:competitionId:285023:defensive_pressures_applied:rank_asc:page:6
489732,285023_43942,Noni Madueke,England,FW,0,8,66,13,defense,urn:gd:story:classification:gcp_defending:competitionId:285023:defensive_pressures_applied:rank_asc:page:6,urn:gd:story:classification:gcp_defending:competitionId:285023:defensive_pressures_applied:rank_asc:page:6
479072,285023_43818,Merchas Doski,Iraq,DF,0,4,65,25,defense,urn:gd:story:classification:gcp_defending:competitionId:285023:defensive_pressures_applied:rank_asc:page:6,urn:gd:story:classification:gcp_defending:competitionId:285023:defensive_pressures_applied:rank_asc:page:6
401023,285023_1895293,Joshua Brenet,Curaçao,DF,0,17,65,6,defense,urn:gd:story:classification:gcp_defending:competitionId:285023:defensive_pressures_applied:rank_asc:page:6,urn:gd:story:classification:gcp_defending:competitionId:285023:defensive_pressures_applied:rank_asc:page:6
367981,285023_43924,Douglas Santos,Brazil,DF,0,19,65,23,defense,urn:gd:story:classification:gcp_defending:competitionId:285023:defensive_pressures_applied:rank_asc:page:6,urn:gd:story:classification:gcp_defending:competitionId:285023:defensive_pressures_applied:rank_asc:page:6
418975,285023_43922,Thiago Almada,Argentina,FW,0,25,65,10,defense,urn:gd:story:classification:gcp_defending:competitionId:285023:defensive_pressures_applied:rank_asc:page:6,urn:gd:story:classification:gcp_defending:competitionId:285023:defensive_pressures_applied:rank_asc:page:6
400721,285023_43872,Achraf Hakimi,Morocco,DF,0,16,65,26,defense,urn:gd:story:classification:gcp_defending:competitionId:285023:defensive_pressures_applied:rank_asc:page:6,urn:gd:story:classification:gcp_defending:competitionId:285023:defensive_pressures_applied:rank_asc:page:6
433195,285023_43963,Nuno Mendes,Portugal,DF,0,6,64,13,defense,urn:gd:story:classification:gcp_defending:competitionId:285023:defensive_pressures_applied:rank_asc:page:6,urn:gd:story:classification:gcp_defending:competitionId:285023:defensive_pressures_applied:rank_asc:page:6
441088,285023_43934,Nicolas Seiwald,Austria,MF,0,16,64,19,defense,urn:gd:story:classification:gcp_defending:competitionId:285023:defensive_pressures_applied:rank_asc:page:6,urn:gd:story:classification:gcp_defending:competitionId:285023:defensive_pressures_applied:rank_asc:page:6
511015,285023_43948,Nathaniel Brown,Germany,DF,0,3,64,21,defense,urn:gd:story:classification:gcp_defending:competitionId:285023:defensive_pressures_applied:rank_asc:page:6,urn:gd:story:classification:gcp_defending:competitionId:285023:defensive_pressures_applied:rank_asc:page:6
511009,285023_43843,Rafik Belghali,Algeria,DF,0,10,64,10,defense,urn:gd:story:classification:gcp_defending:competitionId:285023:defensive_pressures_applied:rank_asc:page:6,urn:gd:story:classification:gcp_defending:competitionId:285023:defensive_pressures_applied:rank_asc:page:6
433074,285023_43818,Amir Alammari,Iraq,MF,0,19,64,19,defense,urn:gd:story:classification:gcp_defending:competitionId:285023:defensive_pressures_applied:rank_asc:page:6,urn:gd:story:classification:gcp_defending:competitionId:285023:defensive_pressures_applied:rank_asc:page:6
419303,285023_43835,Moteb Alharbi,Saudi Arabia,DF,0,11,64,2,defense,urn:gd:story:classification:gcp_defending:competitionId:285023:defensive_pressures_applied:rank_asc:page:6,urn:gd:story:classification:gcp_defending:competitionId:285023:defensive_pressures_applied:rank_asc:page:6
448015,285023_43976,Cristian Volpato,Australia,FW,0,11,64,4,defense,urn:gd:story:classification:gcp_defending:competitionId:285023:defensive_pressures_applied:rank_asc:page:6,urn:gd:story:classification:gcp_defending:competitionId:285023:defensive_pressures_applied:rank_asc:page:6
431861,285023_43946,Rayan Cherki,France,MF,0,6,63,9,defense,urn:gd:story:classification:gcp_defending:competitionId:285023:defensive_pressures_applied:rank_asc:page:6,urn:gd:story:classification:gcp_defending:competitionId:285023:defensive_pressures_applied:rank_asc:page:6
430482,285023_43855,Emam Ashour,Egypt,MF,0,18,63,12,defense,urn:gd:story:classification:gcp_defending:competitionId:285023:defensive_pressures_applied:rank_asc:page:6,urn:gd:story:classification:gcp_defending:competitionId:285023:defensive_pressures_applied:rank_asc:page:6
441333,285023_43860,Gideon Mensah,Ghana,DF,0,10,63,18,defense,urn:gd:story:classification:gcp_defending:competitionId:285023:defensive_pressures_applied:rank_asc:page:6,urn:gd:story:classification:gcp_defending:competitionId:285023:defensive_pressures_applied:rank_asc:page:6
308386,285023_43924,Casemiro,Brazil,MF,0,15,63,20,defense,urn:gd:story:classification:gcp_defending:competitionId:285023:defensive_pressures_applied:rank_asc:page:6,urn:gd:story:classification:gcp_defending:competitionId:285023:defensive_pressures_applied:rank_asc:page:6
477536,285023_43930,Federico Vinas,Uruguay,FW,0,12,63,6,defense,urn:gd:story:classification:gcp_defending:competitionId:285023:defensive_pressures_applied:rank_asc:page:6,urn:gd:story:classification:gcp_defending:competitionId:285023:defensive_pressures_applied:rank_asc:page:6
419518,285023_43911,Erik Lira,Mexico,MF,0,16,62,17,defense,urn:gd:story:classification:gcp_defending:competitionId:285023:defensive_pressures_applied:rank_asc:page:6,urn:gd:story:classification:gcp_defending:competitionId:285023:defensive_pressures_applied:rank_asc:page:6
430733,285023_43969,Mikel Merino,Spain,MF,0,19,62,6,defense,urn:gd:story:classification:gcp_defending:competitionId:285023:defensive_pressures_applied:rank_asc:page:6,urn:gd:story:classification:gcp_defending:competitionId:285023:defensive_pressures_applied:rank_asc:page:6
484087,285023_43972,Arda Guler,Türkiye,FW,0,12,62,7,defense,urn:gd:story:classification:gcp_defending:competitionId:285023:defensive_pressures_applied:rank_asc:page:6,urn:gd:story:classification:gcp_defending:competitionId:285023:defensive_pressures_applied:rank_asc:page:6
464484,285023_43888,Ismael Gharbi,Tunisia,MF,0,3,62,9,defense,urn:gd:story:classification:gcp_defending:competitionId:285023:defensive_pressures_applied:rank_asc:page:6,urn:gd:story:classification:gcp_defending:competitionId:285023:defensive_pressures_applied:rank_asc:page:6
448523,285023_43860,Kamaldeen Sulemana,Ghana,FW,0,3,62,8,defense,urn:gd:story:classification:gcp_defending:competitionId:285023:defensive_pressures_applied:rank_asc:page:6,urn:gd:story:classification:gcp_defending:competitionId:285023:defensive_pressures_applied:rank_asc:page:6
395084,285023_43822,Hwang Inbeom,Korea Republic,MF,0,20,62,10,defense,urn:gd:story:classification:gcp_defending:competitionId:285023:defensive_pressures_applied:rank_asc:page:6,urn:gd:story:classification:gcp_defending:competitionId:285023:defensive_pressures_applied:rank_asc:page:6
390537,285023_43817,Milad Mohammadi,IR Iran,DF,0,23,62,22,defense,urn:gd:story:classification:gcp_defending:competitionId:285023:defensive_pressures_applied:rank_asc:page:7,urn:gd:story:classification:gcp_defending:competitionId:285023:defensive_pressures_applied:rank_asc:page:7
419302,285023_43835,Abdullah Alhamddan,Saudi Arabia,FW,0,5,62,5,defense,urn:gd:story:classification:gcp_defending:competitionId:285023:defensive_pressures_applied:rank_asc:page:7,urn:gd:story:classification:gcp_defending:competitionId:285023:defensive_pressures_applied:rank_asc:page:7
401893,285023_43850,Nuno Da Costa,Cabo Verde,MF,0,6,61,3,defense,urn:gd:story:classification:gcp_defending:competitionId:285023:defensive_pressures_applied:rank_asc:page:7,urn:gd:story:classification:gcp_defending:competitionId:285023:defensive_pressures_applied:rank_asc:page:7
430698,285023_43843,Houssem Aouar,Algeria,MF,0,8,61,7,defense,urn:gd:story:classification:gcp_defending:competitionId:285023:defensive_pressures_applied:rank_asc:page:7,urn:gd:story:classification:gcp_defending:competitionId:285023:defensive_pressures_applied:rank_asc:page:7
464533,285023_43911,Brian Gutierrez,Mexico,MF,0,14,61,8,defense,urn:gd:story:classification:gcp_defending:competitionId:285023:defensive_pressures_applied:rank_asc:page:7,urn:gd:story:classification:gcp_defending:competitionId:285023:defensive_pressures_applied:rank_asc:page:7
418548,285023_43963,Pedro Neto,Portugal,FW,0,7,61,6,defense,urn:gd:story:classification:gcp_defending:competitionId:285023:defensive_pressures_applied:rank_asc:page:7,urn:gd:story:classification:gcp_defending:competitionId:285023:defensive_pressures_applied:rank_asc:page:7
418535,285023_43963,Joao Felix,Portugal,FW,0,13,61,10,defense,urn:gd:story:classification:gcp_defending:competitionId:285023:defensive_pressures_applied:rank_asc:page:7,urn:gd:story:classification:gcp_defending:competitionId:285023:defensive_pressures_applied:rank_asc:page:7
519958,285023_43970,Elliot Stroud,Sweden,DF,0,9,61,7,defense,urn:gd:story:classification:gcp_defending:competitionId:285023:defensive_pressures_applied:rank_asc:page:7,urn:gd:story:classification:gcp_defending:competitionId:285023:defensive_pressures_applied:rank_asc:page:7
484045,285023_43967,Lawrence Shankland,Scotland,FW,0,4,61,9,defense,urn:gd:story:classification:gcp_defending:competitionId:285023:defensive_pressures_applied:rank_asc:page:7,urn:gd:story:classification:gcp_defending:competitionId:285023:defensive_pressures_applied:rank_asc:page:7
489689,285023_43970,Lucas Bergvall,Sweden,MF,0,10,60,13,defense,urn:gd:story:classification:gcp_defending:competitionId:285023:defensive_pressures_applied:rank_asc:page:7,urn:gd:story:classification:gcp_defending:competitionId:285023:defensive_pressures_applied:rank_asc:page:7
403585,285023_43911,Roberto Alvarado,Mexico,FW,0,6,60,9,defense,urn:gd:story:classification:gcp_defending:competitionId:285023:defensive_pressures_applied:rank_asc:page:7,urn:gd:story:classification:gcp_defending:competitionId:285023:defensive_pressures_applied:rank_asc:page:7
395186,285023_43818,Aymen Hussein,Iraq,FW,1,5,60,3,defense,urn:gd:story:classification:gcp_defending:competitionId:285023:defensive_pressures_applied:rank_asc:page:7,urn:gd:story:classification:gcp_defending:competitionId:285023:defensive_pressures_applied:rank_asc:page:7
419463,285023_43834,Yusuf Abdurisag,Qatar,FW,0,8,60,8,defense,urn:gd:story:classification:gcp_defending:competitionId:285023:defensive_pressures_applied:rank_asc:page:7,urn:gd:story:classification:gcp_defending:competitionId:285023:defensive_pressures_applied:rank_asc:page:7
464133,285023_43854,Elye Wahi,Côte d'Ivoire,FW,0,5,60,3,defense,urn:gd:story:classification:gcp_defending:competitionId:285023:defensive_pressures_applied:rank_asc:page:7,urn:gd:story:classification:gcp_defending:competitionId:285023:defensive_pressures_applied:rank_asc:page:7
428905,285023_43926,Luis Suarez,Colombia,FW,0,8,59,13,defense,urn:gd:story:classification:gcp_defending:competitionId:285023:defensive_pressures_applied:rank_asc:page:7,urn:gd:story:classification:gcp_defending:competitionId:285023:defensive_pressures_applied:rank_asc:page:7
356731,285023_43911,Raul Jimenez,Mexico,FW,0,9,59,3,defense,urn:gd:story:classification:gcp_defending:competitionId:285023:defensive_pressures_applied:rank_asc:page:7,urn:gd:story:classification:gcp_defending:competitionId:285023:defensive_pressures_applied:rank_asc:page:7
433872,285023_43924,Raphinha,Brazil,FW,0,10,59,7,defense,urn:gd:story:classification:gcp_defending:competitionId:285023:defensive_pressures_applied:rank_asc:page:7,urn:gd:story:classification:gcp_defending:competitionId:285023:defensive_pressures_applied:rank_asc:page:7
395550,285023_43926,Jefferson Lerma,Colombia,MF,0,10,59,6,defense,urn:gd:story:classification:gcp_defending:competitionId:285023:defensive_pressures_applied:rank_asc:page:7,urn:gd:story:classification:gcp_defending:competitionId:285023:defensive_pressures_applied:rank_asc:page:7
405469,285023_43978,Liberato Cacace,New Zealand,DF,0,9,59,8,defense,urn:gd:story:classification:gcp_defending:competitionId:285023:defensive_pressures_applied:rank_asc:page:7,urn:gd:story:classification:gcp_defending:competitionId:285023:defensive_pressures_applied:rank_asc:page:7
434026,285023_43818,Zidane Iqbal,Iraq,MF,0,6,59,10,defense,urn:gd:story:classification:gcp_defending:competitionId:285023:defensive_pressures_applied:rank_asc:page:7,urn:gd:story:classification:gcp_defending:competitionId:285023:defensive_pressures_applied:rank_asc:page:7
492716,285023_43942,Morgan Rogers,England,MF,0,12,59,11,defense,urn:gd:story:classification:gcp_defending:competitionId:285023:defensive_pressures_applied:rank_asc:page:7,urn:gd:story:classification:gcp_defending:competitionId:285023:defensive_pressures_applied:rank_asc:page:7
201200,285023_43963,Cristiano Ronaldo,Portugal,FW,0,6,58,5,defense,urn:gd:story:classification:gcp_defending:competitionId:285023:defensive_pressures_applied:rank_asc:page:7,urn:gd:story:classification:gcp_defending:competitionId:285023:defensive_pressures_applied:rank_asc:page:7
418963,285023_43922,Facundo Medina,Argentina,DF,0,12,58,14,defense,urn:gd:story:classification:gcp_defending:competitionId:285023:defensive_pressures_applied:rank_asc:page:7,urn:gd:story:classification:gcp_defending:competitionId:285023:defensive_pressures_applied:rank_asc:page:7
408950,285023_43855,Mohamed Hany,Egypt,DF,2,9,58,9,defense,urn:gd:story:classification:gcp_defending:competitionId:285023:defensive_pressures_applied:rank_asc:page:7,urn:gd:story:classification:gcp_defending:competitionId:285023:defensive_pressures_applied:rank_asc:page:7
448525,285023_43860,Ernest Nuamah,Ghana,FW,0,2,58,6,defense,urn:gd:story:classification:gcp_defending:competitionId:285023:defensive_pressures_applied:rank_asc:page:7,urn:gd:story:classification:gcp_defending:competitionId:285023:defensive_pressures_applied:rank_asc:page:7
464457,285023_43818,Ali Jasim,Iraq,FW,0,27,58,8,defense,urn:gd:story:classification:gcp_defending:competitionId:285023:defensive_pressures_applied:rank_asc:page:7,urn:gd:story:classification:gcp_defending:competitionId:285023:defensive_pressures_applied:rank_asc:page:7
483276,285023_43970,Gabriel Gudmundsson,Sweden,DF,0,13,58,14,defense,urn:gd:story:classification:gcp_defending:competitionId:285023:defensive_pressures_applied:rank_asc:page:7,urn:gd:story:classification:gcp_defending:competitionId:285023:defensive_pressures_applied:rank_asc:page:7
331463,285023_43978,Tim Payne,New Zealand,DF,0,5,57,9,defense,urn:gd:story:classification:gcp_defending:competitionId:285023:defensive_pressures_applied:rank_asc:page:7,urn:gd:story:classification:gcp_defending:competitionId:285023:defensive_pressures_applied:rank_asc:page:7
311558,285023_43971,Granit Xhaka,Switzerland,MF,0,22,57,11,defense,urn:gd:story:classification:gcp_defending:competitionId:285023:defensive_pressures_applied:rank_asc:page:7,urn:gd:story:classification:gcp_defending:competitionId:285023:defensive_pressures_applied:rank_asc:page:7
491166,285023_43976,Nishan Velupillay,Australia,FW,0,1,57,4,defense,urn:gd:story:classification:gcp_defending:competitionId:285023:defensive_pressures_applied:rank_asc:page:7,urn:gd:story:classification:gcp_defending:competitionId:285023:defensive_pressures_applied:rank_asc:page:7
402772,285023_43911,Jesus Gallardo,Mexico,DF,0,6,57,16,defense,urn:gd:story:classification:gcp_defending:competitionId:285023:defensive_pressures_applied:rank_asc:page:7,urn:gd:story:classification:gcp_defending:competitionId:285023:defensive_pressures_applied:rank_asc:page:7
433724,285023_43850,Willy Semedo,Cabo Verde,MF,0,6,57,6,defense,urn:gd:story:classification:gcp_defending:competitionId:285023:defensive_pressures_applied:rank_asc:page:7,urn:gd:story:classification:gcp_defending:competitionId:285023:defensive_pressures_applied:rank_asc:page:7
433426,285023_43872,Soufiane Rahimi,Morocco,FW,0,4,57,10,defense,urn:gd:story:classification:gcp_defending:competitionId:285023:defensive_pressures_applied:rank_asc:page:7,urn:gd:story:classification:gcp_defending:competitionId:285023:defensive_pressures_applied:rank_asc:page:7
411680,285023_43872,Noussair Mazraoui,Morocco,DF,0,28,57,19,defense,urn:gd:story:classification:gcp_defending:competitionId:285023:defensive_pressures_applied:rank_asc:page:7,urn:gd:story:classification:gcp_defending:competitionId:285023:defensive_pressures_applied:rank_asc:page:7
431781,285023_43908,Jean Kevin Duverne,Haiti,DF,0,3,56,9,defense,urn:gd:story:classification:gcp_defending:competitionId:285023:defensive_pressures_applied:rank_asc:page:7,urn:gd:story:classification:gcp_defending:competitionId:285023:defensive_pressures_applied:rank_asc:page:7
405545,285023_43969,Ferran Torres,Spain,FW,0,4,56,8,defense,urn:gd:story:classification:gcp_defending:competitionId:285023:defensive_pressures_applied:rank_asc:page:7,urn:gd:story:classification:gcp_defending:competitionId:285023:defensive_pressures_applied:rank_asc:page:7
489517,285023_43960,Jan Paul Van Hecke,Netherlands,DF,0,11,56,17,defense,urn:gd:story:classification:gcp_defending:competitionId:285023:defensive_pressures_applied:rank_asc:page:7,urn:gd:story:classification:gcp_defending:competitionId:285023:defensive_pressures_applied:rank_asc:page:7
448189,285023_43942,Anthony Gordon,England,FW,0,10,55,5,defense,urn:gd:story:classification:gcp_defending:competitionId:285023:defensive_pressures_applied:rank_asc:page:7,urn:gd:story:classification:gcp_defending:competitionId:285023:defensive_pressures_applied:rank_asc:page:7
386413,285023_43948,Joshua Kimmich,Germany,DF,0,26,55,9,defense,urn:gd:story:classification:gcp_defending:competitionId:285023:defensive_pressures_applied:rank_asc:page:7,urn:gd:story:classification:gcp_defending:competitionId:285023:defensive_pressures_applied:rank_asc:page:7
349342,285023_43976,Aziz Behich,Australia,DF,0,9,55,7,defense,urn:gd:story:classification:gcp_defending:competitionId:285023:defensive_pressures_applied:rank_asc:page:7,urn:gd:story:classification:gcp_defending:competitionId:285023:defensive_pressures_applied:rank_asc:page:7
475260,285023_44005,Behruzjon Karimov,Uzbekistan,DF,0,5,55,7,defense,urn:gd:story:classification:gcp_defending:competitionId:285023:defensive_pressures_applied:rank_asc:page:7,urn:gd:story:classification:gcp_defending:competitionId:285023:defensive_pressures_applied:rank_asc:page:7
390196,285023_43978,Callum Mccowatt,New Zealand,MF,0,9,55,11,defense,urn:gd:story:classification:gcp_defending:competitionId:285023:defensive_pressures_applied:rank_asc:page:7,urn:gd:story:classification:gcp_defending:competitionId:285023:defensive_pressures_applied:rank_asc:page:7
441341,285023_43860,Elisha Owusu,Ghana,MF,0,5,55,10,defense,urn:gd:story:classification:gcp_defending:competitionId:285023:defensive_pressures_applied:rank_asc:page:7,urn:gd:story:classification:gcp_defending:competitionId:285023:defensive_pressures_applied:rank_asc:page:7
402925,285023_43922,Nahuel Molina,Argentina,DF,0,20,55,13,defense,urn:gd:story:classification:gcp_defending:competitionId:285023:defensive_pressures_applied:rank_asc:page:7,urn:gd:story:classification:gcp_defending:competitionId:285023:defensive_pressures_applied:rank_asc:page:7
430763,285023_43911,Luis Romo,Mexico,MF,0,13,54,8,defense,urn:gd:story:classification:gcp_defending:competitionId:285023:defensive_pressures_applied:rank_asc:page:7,urn:gd:story:classification:gcp_defending:competitionId:285023:defensive_pressures_applied:rank_asc:page:7
494640,285023_44037,Amar Memic,Bosnia and Herzegovina,MF,0,13,54,10,defense,urn:gd:story:classification:gcp_defending:competitionId:285023:defensive_pressures_applied:rank_asc:page:7,urn:gd:story:classification:gcp_defending:competitionId:285023:defensive_pressures_applied:rank_asc:page:7
430176,285023_43960,Ryan Gravenberch,Netherlands,MF,0,11,54,15,defense,urn:gd:story:classification:gcp_defending:competitionId:285023:defensive_pressures_applied:rank_asc:page:7,urn:gd:story:classification:gcp_defending:competitionId:285023:defensive_pressures_applied:rank_asc:page:7
430822,285023_43854,Amad Diallo,Côte d'Ivoire,FW,0,8,54,12,defense,urn:gd:story:classification:gcp_defending:competitionId:285023:defensive_pressures_applied:rank_asc:page:7,urn:gd:story:classification:gcp_defending:competitionId:285023:defensive_pressures_applied:rank_asc:page:7
307849,285023_43822,Son Heungmin,Korea Republic,FW,0,9,54,0,defense,urn:gd:story:classification:gcp_defending:competitionId:285023:defensive_pressures_applied:rank_asc:page:7,urn:gd:story:classification:gcp_defending:competitionId:285023:defensive_pressures_applied:rank_asc:page:7
386347,285023_43834,Akram Afif,Qatar,FW,0,16,54,5,defense,urn:gd:story:classification:gcp_defending:competitionId:285023:defensive_pressures_applied:rank_asc:page:7,urn:gd:story:classification:gcp_defending:competitionId:285023:defensive_pressures_applied:rank_asc:page:7
441350,285023_43843,Hicham Boudaoui,Algeria,MF,0,6,54,8,defense,urn:gd:story:classification:gcp_defending:competitionId:285023:defensive_pressures_applied:rank_asc:page:8,urn:gd:story:classification:gcp_defending:competitionId:285023:defensive_pressures_applied:rank_asc:page:8
418729,285023_43914,Carlos Harvey,Panama,DF,0,28,53,19,defense,urn:gd:story:classification:gcp_defending:competitionId:285023:defensive_pressures_applied:rank_asc:page:8,urn:gd:story:classification:gcp_defending:competitionId:285023:defensive_pressures_applied:rank_asc:page:8
390267,285023_43921,Christian Pulisic,USA,FW,0,7,53,7,defense,urn:gd:story:classification:gcp_defending:competitionId:285023:defensive_pressures_applied:rank_asc:page:8,urn:gd:story:classification:gcp_defending:competitionId:285023:defensive_pressures_applied:rank_asc:page:8
482885,285023_43888,Elias Saad,Tunisia,FW,0,6,53,3,defense,urn:gd:story:classification:gcp_defending:competitionId:285023:defensive_pressures_applied:rank_asc:page:8,urn:gd:story:classification:gcp_defending:competitionId:285023:defensive_pressures_applied:rank_asc:page:8
424051,285023_43960,Brian Brobbey,Netherlands,FW,0,18,53,2,defense,urn:gd:story:classification:gcp_defending:competitionId:285023:defensive_pressures_applied:rank_asc:page:8,urn:gd:story:classification:gcp_defending:competitionId:285023:defensive_pressures_applied:rank_asc:page:8
484851,285023_43948,Deniz Undav,Germany,FW,0,6,53,7,defense,urn:gd:story:classification:gcp_defending:competitionId:285023:defensive_pressures_applied:rank_asc:page:8,urn:gd:story:classification:gcp_defending:competitionId:285023:defensive_pressures_applied:rank_asc:page:8
448159,285023_43960,Wout Weghorst,Netherlands,FW,0,2,53,2,defense,urn:gd:story:classification:gcp_defending:competitionId:285023:defensive_pressures_applied:rank_asc:page:8,urn:gd:story:classification:gcp_defending:competitionId:285023:defensive_pressures_applied:rank_asc:page:8
484270,285023_43818,Zaid Ismael,Iraq,MF,0,3,52,17,defense,urn:gd:story:classification:gcp_defending:competitionId:285023:defensive_pressures_applied:rank_asc:page:8,urn:gd:story:classification:gcp_defending:competitionId:285023:defensive_pressures_applied:rank_asc:page:8
498458,285023_43834,Mohamed Manai,Qatar,FW,1,2,52,3,defense,urn:gd:story:classification:gcp_defending:competitionId:285023:defensive_pressures_applied:rank_asc:page:8,urn:gd:story:classification:gcp_defending:competitionId:285023:defensive_pressures_applied:rank_asc:page:8
481180,285023_43817,Shahriyar Moghanloo,IR Iran,FW,0,6,52,4,defense,urn:gd:story:classification:gcp_defending:competitionId:285023:defensive_pressures_applied:rank_asc:page:8,urn:gd:story:classification:gcp_defending:competitionId:285023:defensive_pressures_applied:rank_asc:page:8
447860,285023_43969,Alex Baena,Spain,MF,0,6,52,8,defense,urn:gd:story:classification:gcp_defending:competitionId:285023:defensive_pressures_applied:rank_asc:page:8,urn:gd:story:classification:gcp_defending:competitionId:285023:defensive_pressures_applied:rank_asc:page:8
430097,285023_43967,Ryan Christie,Scotland,MF,0,3,52,8,defense,urn:gd:story:classification:gcp_defending:competitionId:285023:defensive_pressures_applied:rank_asc:page:8,urn:gd:story:classification:gcp_defending:competitionId:285023:defensive_pressures_applied:rank_asc:page:8
433147,285023_43971,Michel Aebischer,Switzerland,MF,0,8,52,6,defense,urn:gd:story:classification:gcp_defending:competitionId:285023:defensive_pressures_applied:rank_asc:page:8,urn:gd:story:classification:gcp_defending:competitionId:285023:defensive_pressures_applied:rank_asc:page:8
441252,285023_43899,Alistair Johnston,Canada,DF,0,12,52,16,defense,urn:gd:story:classification:gcp_defending:competitionId:285023:defensive_pressures_applied:rank_asc:page:8,urn:gd:story:classification:gcp_defending:competitionId:285023:defensive_pressures_applied:rank_asc:page:8
477862,285023_43850,Gilson Benchimol,Cabo Verde,FW,0,5,52,4,defense,urn:gd:story:classification:gcp_defending:competitionId:285023:defensive_pressures_applied:rank_asc:page:8,urn:gd:story:classification:gcp_defending:competitionId:285023:defensive_pressures_applied:rank_asc:page:8
369089,285023_43860,Thomas Partey,Ghana,MF,0,5,52,14,defense,urn:gd:story:classification:gcp_defending:competitionId:285023:defensive_pressures_applied:rank_asc:page:8,urn:gd:story:classification:gcp_defending:competitionId:285023:defensive_pressures_applied:rank_asc:page:8
430671,285023_43879,Ismail Jakobs,Senegal,DF,0,13,51,10,defense,urn:gd:story:classification:gcp_defending:competitionId:285023:defensive_pressures_applied:rank_asc:page:8,urn:gd:story:classification:gcp_defending:competitionId:285023:defensive_pressures_applied:rank_asc:page:8
431788,285023_43879,Pape Gueye,Senegal,MF,0,7,51,10,defense,urn:gd:story:classification:gcp_defending:competitionId:285023:defensive_pressures_applied:rank_asc:page:8,urn:gd:story:classification:gcp_defending:competitionId:285023:defensive_pressures_applied:rank_asc:page:8
448586,285023_43822,Oh Hyeongyu,Korea Republic,FW,0,4,51,5,defense,urn:gd:story:classification:gcp_defending:competitionId:285023:defensive_pressures_applied:rank_asc:page:8,urn:gd:story:classification:gcp_defending:competitionId:285023:defensive_pressures_applied:rank_asc:page:8
386348,285023_43834,Assim Madibo,Qatar,MF,0,2,51,7,defense,urn:gd:story:classification:gcp_defending:competitionId:285023:defensive_pressures_applied:rank_asc:page:8,urn:gd:story:classification:gcp_defending:competitionId:285023:defensive_pressures_applied:rank_asc:page:8
463800,285023_43934,Carney Chukwuemeka,Austria,MF,0,7,51,4,defense,urn:gd:story:classification:gcp_defending:competitionId:285023:defensive_pressures_applied:rank_asc:page:8,urn:gd:story:classification:gcp_defending:competitionId:285023:defensive_pressures_applied:rank_asc:page:8
485677,285023_43946,Manu Kone,France,MF,0,18,51,14,defense,urn:gd:story:classification:gcp_defending:competitionId:285023:defensive_pressures_applied:rank_asc:page:8,urn:gd:story:classification:gcp_defending:competitionId:285023:defensive_pressures_applied:rank_asc:page:8
419134,285023_43930,Juan Manuel Sanabria,Uruguay,MF,0,9,51,12,defense,urn:gd:story:classification:gcp_defending:competitionId:285023:defensive_pressures_applied:rank_asc:page:8,urn:gd:story:classification:gcp_defending:competitionId:285023:defensive_pressures_applied:rank_asc:page:8
448290,285023_43927,Willian Pacho,Ecuador,DF,0,10,51,12,defense,urn:gd:story:classification:gcp_defending:competitionId:285023:defensive_pressures_applied:rank_asc:page:8,urn:gd:story:classification:gcp_defending:competitionId:285023:defensive_pressures_applied:rank_asc:page:8
386387,285023_43834,Sultan Albrake,Qatar,DF,0,2,50,4,defense,urn:gd:story:classification:gcp_defending:competitionId:285023:defensive_pressures_applied:rank_asc:page:8,urn:gd:story:classification:gcp_defending:competitionId:285023:defensive_pressures_applied:rank_asc:page:8
441342,285023_43860,Abdul Fatawu,Ghana,FW,0,11,50,5,defense,urn:gd:story:classification:gcp_defending:competitionId:285023:defensive_pressures_applied:rank_asc:page:8,urn:gd:story:classification:gcp_defending:competitionId:285023:defensive_pressures_applied:rank_asc:page:8
419662,285023_43961,Jorgen Strand Larsen,Norway,FW,0,5,50,4,defense,urn:gd:story:classification:gcp_defending:competitionId:285023:defensive_pressures_applied:rank_asc:page:8,urn:gd:story:classification:gcp_defending:competitionId:285023:defensive_pressures_applied:rank_asc:page:8
483304,285023_43970,Gustaf Lagerbielke,Sweden,DF,0,8,50,14,defense,urn:gd:story:classification:gcp_defending:competitionId:285023:defensive_pressures_applied:rank_asc:page:8,urn:gd:story:classification:gcp_defending:competitionId:285023:defensive_pressures_applied:rank_asc:page:8
336641,285023_43978,Ryan Thomas,New Zealand,MF,0,2,50,7,defense,urn:gd:story:classification:gcp_defending:competitionId:285023:defensive_pressures_applied:rank_asc:page:8,urn:gd:story:classification:gcp_defending:competitionId:285023:defensive_pressures_applied:rank_asc:page:8
430735,285023_43969,Marc Cucurella,Spain,DF,0,9,50,11,defense,urn:gd:story:classification:gcp_defending:competitionId:285023:defensive_pressures_applied:rank_asc:page:8,urn:gd:story:classification:gcp_defending:competitionId:285023:defensive_pressures_applied:rank_asc:page:8
376230,285023_44037,Sead Kolasinac,Bosnia and Herzegovina,DF,0,10,49,17,defense,urn:gd:story:classification:gcp_defending:competitionId:285023:defensive_pressures_applied:rank_asc:page:8,urn:gd:story:classification:gcp_defending:competitionId:285023:defensive_pressures_applied:rank_asc:page:8
484011,285023_43995,Lukas Provod,Czechia,MF,0,9,49,5,defense,urn:gd:story:classification:gcp_defending:competitionId:285023:defensive_pressures_applied:rank_asc:page:8,urn:gd:story:classification:gcp_defending:competitionId:285023:defensive_pressures_applied:rank_asc:page:8
472908,285023_43995,Vladimir Coufal,Czechia,DF,0,5,49,10,defense,urn:gd:story:classification:gcp_defending:competitionId:285023:defensive_pressures_applied:rank_asc:page:8,urn:gd:story:classification:gcp_defending:competitionId:285023:defensive_pressures_applied:rank_asc:page:8
403304,285023_43819,Takefusa Kubo,Japan,MF,0,0,49,3,defense,urn:gd:story:classification:gcp_defending:competitionId:285023:defensive_pressures_applied:rank_asc:page:8,urn:gd:story:classification:gcp_defending:competitionId:285023:defensive_pressures_applied:rank_asc:page:8
499912,285023_43921,Sebastian Berhalter,USA,MF,0,9,49,11,defense,urn:gd:story:classification:gcp_defending:competitionId:285023:defensive_pressures_applied:rank_asc:page:8,urn:gd:story:classification:gcp_defending:competitionId:285023:defensive_pressures_applied:rank_asc:page:8
485068,285023_43938,Igor Matanovic,Croatia,FW,0,6,49,10,defense,urn:gd:story:classification:gcp_defending:competitionId:285023:defensive_pressures_applied:rank_asc:page:8,urn:gd:story:classification:gcp_defending:competitionId:285023:defensive_pressures_applied:rank_asc:page:8
385248,285023_43934,Florian Grillitsch,Austria,MF,0,0,49,11,defense,urn:gd:story:classification:gcp_defending:competitionId:285023:defensive_pressures_applied:rank_asc:page:8,urn:gd:story:classification:gcp_defending:competitionId:285023:defensive_pressures_applied:rank_asc:page:8
368649,285023_43963,Joao Cancelo,Portugal,DF,0,10,49,10,defense,urn:gd:story:classification:gcp_defending:competitionId:285023:defensive_pressures_applied:rank_asc:page:8,urn:gd:story:classification:gcp_defending:competitionId:285023:defensive_pressures_applied:rank_asc:page:8
504199,285023_43883,Mbekezeli Mbokazi,South Africa,DF,0,9,49,16,defense,urn:gd:story:classification:gcp_defending:competitionId:285023:defensive_pressures_applied:rank_asc:page:8,urn:gd:story:classification:gcp_defending:competitionId:285023:defensive_pressures_applied:rank_asc:page:8
430477,285023_43855,Ahmed Fatouh,Egypt,DF,0,24,49,9,defense,urn:gd:story:classification:gcp_defending:competitionId:285023:defensive_pressures_applied:rank_asc:page:8,urn:gd:story:classification:gcp_defending:competitionId:285023:defensive_pressures_applied:rank_asc:page:8
336459,285023_43888,Rani Khedira,Tunisia,MF,0,6,49,10,defense,urn:gd:story:classification:gcp_defending:competitionId:285023:defensive_pressures_applied:rank_asc:page:8,urn:gd:story:classification:gcp_defending:competitionId:285023:defensive_pressures_applied:rank_asc:page:8
411375,285023_43969,Rodri,Spain,MF,0,16,48,17,defense,urn:gd:story:classification:gcp_defending:competitionId:285023:defensive_pressures_applied:rank_asc:page:8,urn:gd:story:classification:gcp_defending:competitionId:285023:defensive_pressures_applied:rank_asc:page:8
448014,285023_43976,Alessandro Circati,Australia,DF,0,12,48,28,defense,urn:gd:story:classification:gcp_defending:competitionId:285023:defensive_pressures_applied:rank_asc:page:8,urn:gd:story:classification:gcp_defending:competitionId:285023:defensive_pressures_applied:rank_asc:page:8
358122,285023_43935,Thomas Meunier,Belgium,DF,0,17,48,9,defense,urn:gd:story:classification:gcp_defending:competitionId:285023:defensive_pressures_applied:rank_asc:page:8,urn:gd:story:classification:gcp_defending:competitionId:285023:defensive_pressures_applied:rank_asc:page:8
241559,285023_43938,Luka Modric,Croatia,MF,0,16,48,12,defense,urn:gd:story:classification:gcp_defending:competitionId:285023:defensive_pressures_applied:rank_asc:page:8,urn:gd:story:classification:gcp_defending:competitionId:285023:defensive_pressures_applied:rank_asc:page:8
390238,285023_43921,Tyler Adams,USA,MF,0,15,48,17,defense,urn:gd:story:classification:gcp_defending:competitionId:285023:defensive_pressures_applied:rank_asc:page:8,urn:gd:story:classification:gcp_defending:competitionId:285023:defensive_pressures_applied:rank_asc:page:8
498514,285023_43820,Ali Azaizeh,Jordan,FW,0,3,47,3,defense,urn:gd:story:classification:gcp_defending:competitionId:285023:defensive_pressures_applied:rank_asc:page:8,urn:gd:story:classification:gcp_defending:competitionId:285023:defensive_pressures_applied:rank_asc:page:8
433066,285023_43960,Donyell Malen,Netherlands,FW,0,8,47,7,defense,urn:gd:story:classification:gcp_defending:competitionId:285023:defensive_pressures_applied:rank_asc:page:8,urn:gd:story:classification:gcp_defending:competitionId:285023:defensive_pressures_applied:rank_asc:page:8
405893,285023_43946,Aurelien Tchouameni,France,MF,0,7,47,14,defense,urn:gd:story:classification:gcp_defending:competitionId:285023:defensive_pressures_applied:rank_asc:page:8,urn:gd:story:classification:gcp_defending:competitionId:285023:defensive_pressures_applied:rank_asc:page:8
401339,285023_43967,Andy Robertson,Scotland,DF,0,13,47,5,defense,urn:gd:story:classification:gcp_defending:competitionId:285023:defensive_pressures_applied:rank_asc:page:8,urn:gd:story:classification:gcp_defending:competitionId:285023:defensive_pressures_applied:rank_asc:page:8
404645,285023_43961,Sander Berge,Norway,MF,0,6,47,11,defense,urn:gd:story:classification:gcp_defending:competitionId:285023:defensive_pressures_applied:rank_asc:page:9,urn:gd:story:classification:gcp_defending:competitionId:285023:defensive_pressures_applied:rank_asc:page:9
401470,285023_43942,Marcus Rashford,England,FW,0,1,47,3,defense,urn:gd:story:classification:gcp_defending:competitionId:285023:defensive_pressures_applied:rank_asc:page:9,urn:gd:story:classification:gcp_defending:competitionId:285023:defensive_pressures_applied:rank_asc:page:9
483497,285023_43961,Fredrik Aursnes,Norway,MF,0,8,46,12,defense,urn:gd:story:classification:gcp_defending:competitionId:285023:defensive_pressures_applied:rank_asc:page:9,urn:gd:story:classification:gcp_defending:competitionId:285023:defensive_pressures_applied:rank_asc:page:9
431200,285023_43926,Daniel Munoz,Colombia,DF,0,10,46,15,defense,urn:gd:story:classification:gcp_defending:competitionId:285023:defensive_pressures_applied:rank_asc:page:9,urn:gd:story:classification:gcp_defending:competitionId:285023:defensive_pressures_applied:rank_asc:page:9
463127,285023_43928,Gabriel Avalos,Paraguay,FW,0,5,46,5,defense,urn:gd:story:classification:gcp_defending:competitionId:285023:defensive_pressures_applied:rank_asc:page:9,urn:gd:story:classification:gcp_defending:competitionId:285023:defensive_pressures_applied:rank_asc:page:9
390525,285023_43822,Lee Jaesung,Korea Republic,MF,0,10,46,6,defense,urn:gd:story:classification:gcp_defending:competitionId:285023:defensive_pressures_applied:rank_asc:page:9,urn:gd:story:classification:gcp_defending:competitionId:285023:defensive_pressures_applied:rank_asc:page:9
448505,285023_43817,Saleh Hardani,IR Iran,DF,0,5,46,6,defense,urn:gd:story:classification:gcp_defending:competitionId:285023:defensive_pressures_applied:rank_asc:page:9,urn:gd:story:classification:gcp_defending:competitionId:285023:defensive_pressures_applied:rank_asc:page:9
284190,285023_43834,Hassan Alhaydos,Qatar,FW,0,8,46,1,defense,urn:gd:story:classification:gcp_defending:competitionId:285023:defensive_pressures_applied:rank_asc:page:9,urn:gd:story:classification:gcp_defending:competitionId:285023:defensive_pressures_applied:rank_asc:page:9
419441,285023_43834,Homam Ahmed,Qatar,DF,0,3,45,6,defense,urn:gd:story:classification:gcp_defending:competitionId:285023:defensive_pressures_applied:rank_asc:page:9,urn:gd:story:classification:gcp_defending:competitionId:285023:defensive_pressures_applied:rank_asc:page:9
398588,285023_43961,Alexander Sorloth,Norway,FW,0,8,44,6,defense,urn:gd:story:classification:gcp_defending:competitionId:285023:defensive_pressures_applied:rank_asc:page:9,urn:gd:story:classification:gcp_defending:competitionId:285023:defensive_pressures_applied:rank_asc:page:9
448149,285023_43960,Teun Koopmeiners,Netherlands,MF,0,8,44,9,defense,urn:gd:story:classification:gcp_defending:competitionId:285023:defensive_pressures_applied:rank_asc:page:9,urn:gd:story:classification:gcp_defending:competitionId:285023:defensive_pressures_applied:rank_asc:page:9
403642,285023_43879,Krepin Diatta,Senegal,DF,0,7,44,13,defense,urn:gd:story:classification:gcp_defending:competitionId:285023:defensive_pressures_applied:rank_asc:page:9,urn:gd:story:classification:gcp_defending:competitionId:285023:defensive_pressures_applied:rank_asc:page:9
441259,285023_43899,Liam Millar,Canada,MF,0,3,44,12,defense,urn:gd:story:classification:gcp_defending:competitionId:285023:defensive_pressures_applied:rank_asc:page:9,urn:gd:story:classification:gcp_defending:competitionId:285023:defensive_pressures_applied:rank_asc:page:9
429095,285023_43855,Hamdy Fathy,Egypt,MF,0,5,44,15,defense,urn:gd:story:classification:gcp_defending:competitionId:285023:defensive_pressures_applied:rank_asc:page:9,urn:gd:story:classification:gcp_defending:competitionId:285023:defensive_pressures_applied:rank_asc:page:9
441251,285023_43921,Antonee Robinson,USA,DF,0,12,44,10,defense,urn:gd:story:classification:gcp_defending:competitionId:285023:defensive_pressures_applied:rank_asc:page:9,urn:gd:story:classification:gcp_defending:competitionId:285023:defensive_pressures_applied:rank_asc:page:9
441422,285023_43922,Nico Paz,Argentina,FW,0,7,44,6,defense,urn:gd:story:classification:gcp_defending:competitionId:285023:defensive_pressures_applied:rank_asc:page:9,urn:gd:story:classification:gcp_defending:competitionId:285023:defensive_pressures_applied:rank_asc:page:9
464542,285023_43921,Alex Freeman,USA,DF,0,16,43,14,defense,urn:gd:story:classification:gcp_defending:competitionId:285023:defensive_pressures_applied:rank_asc:page:9,urn:gd:story:classification:gcp_defending:competitionId:285023:defensive_pressures_applied:rank_asc:page:9
473050,285023_43926,Richard Rios,Colombia,MF,0,2,43,20,defense,urn:gd:story:classification:gcp_defending:competitionId:285023:defensive_pressures_applied:rank_asc:page:9,urn:gd:story:classification:gcp_defending:competitionId:285023:defensive_pressures_applied:rank_asc:page:9
494625,285023_43961,Marcus Holmgren Pedersen,Norway,DF,0,7,43,11,defense,urn:gd:story:classification:gcp_defending:competitionId:285023:defensive_pressures_applied:rank_asc:page:9,urn:gd:story:classification:gcp_defending:competitionId:285023:defensive_pressures_applied:rank_asc:page:9
489520,285023_44037,Nikola Katic,Bosnia and Herzegovina,DF,0,14,43,18,defense,urn:gd:story:classification:gcp_defending:competitionId:285023:defensive_pressures_applied:rank_asc:page:9,urn:gd:story:classification:gcp_defending:competitionId:285023:defensive_pressures_applied:rank_asc:page:9
423941,285023_43899,Nathan Saliba,Canada,MF,0,11,43,12,defense,urn:gd:story:classification:gcp_defending:competitionId:285023:defensive_pressures_applied:rank_asc:page:9,urn:gd:story:classification:gcp_defending:competitionId:285023:defensive_pressures_applied:rank_asc:page:9
411376,285023_43860,Inaki Williams,Ghana,FW,0,3,43,3,defense,urn:gd:story:classification:gcp_defending:competitionId:285023:defensive_pressures_applied:rank_asc:page:9,urn:gd:story:classification:gcp_defending:competitionId:285023:defensive_pressures_applied:rank_asc:page:9
463236,285023_43883,Jayden Adams,South Africa,MF,0,2,43,2,defense,urn:gd:story:classification:gcp_defending:competitionId:285023:defensive_pressures_applied:rank_asc:page:9,urn:gd:story:classification:gcp_defending:competitionId:285023:defensive_pressures_applied:rank_asc:page:9
485676,285023_43908,Lenny Joseph,Haiti,FW,0,4,43,5,defense,urn:gd:story:classification:gcp_defending:competitionId:285023:defensive_pressures_applied:rank_asc:page:9,urn:gd:story:classification:gcp_defending:competitionId:285023:defensive_pressures_applied:rank_asc:page:9
358112,285023_43935,Romelu Lukaku,Belgium,FW,0,1,42,1,defense,urn:gd:story:classification:gcp_defending:competitionId:285023:defensive_pressures_applied:rank_asc:page:9,urn:gd:story:classification:gcp_defending:competitionId:285023:defensive_pressures_applied:rank_asc:page:9
379939,285023_43843,Nabil Bentaleb,Algeria,MF,0,16,42,12,defense,urn:gd:story:classification:gcp_defending:competitionId:285023:defensive_pressures_applied:rank_asc:page:9,urn:gd:story:classification:gcp_defending:competitionId:285023:defensive_pressures_applied:rank_asc:page:9
489550,285023_43820,Husam Abudahab,Jordan,DF,0,4,42,14,defense,urn:gd:story:classification:gcp_defending:competitionId:285023:defensive_pressures_applied:rank_asc:page:9,urn:gd:story:classification:gcp_defending:competitionId:285023:defensive_pressures_applied:rank_asc:page:9
402893,285023_43930,Mathias Olivera,Uruguay,DF,0,20,42,18,defense,urn:gd:story:classification:gcp_defending:competitionId:285023:defensive_pressures_applied:rank_asc:page:9,urn:gd:story:classification:gcp_defending:competitionId:285023:defensive_pressures_applied:rank_asc:page:9
404885,285023_43995,Tomas Soucek,Czechia,MF,0,4,42,5,defense,urn:gd:story:classification:gcp_defending:competitionId:285023:defensive_pressures_applied:rank_asc:page:9,urn:gd:story:classification:gcp_defending:competitionId:285023:defensive_pressures_applied:rank_asc:page:9
479075,285023_44005,Sherzod Nasrullaev,Uzbekistan,DF,0,5,42,9,defense,urn:gd:story:classification:gcp_defending:competitionId:285023:defensive_pressures_applied:rank_asc:page:9,urn:gd:story:classification:gcp_defending:competitionId:285023:defensive_pressures_applied:rank_asc:page:9
479080,285023_44005,Oston Urunov,Uzbekistan,MF,0,4,41,1,defense,urn:gd:story:classification:gcp_defending:competitionId:285023:defensive_pressures_applied:rank_asc:page:9,urn:gd:story:classification:gcp_defending:competitionId:285023:defensive_pressures_applied:rank_asc:page:9
429608,285023_43822,Seol Youngwoo,Korea Republic,DF,0,6,41,6,defense,urn:gd:story:classification:gcp_defending:competitionId:285023:defensive_pressures_applied:rank_asc:page:9,urn:gd:story:classification:gcp_defending:competitionId:285023:defensive_pressures_applied:rank_asc:page:9
423874,285023_43822,Lee Hanbeom,Korea Republic,DF,0,5,41,22,defense,urn:gd:story:classification:gcp_defending:competitionId:285023:defensive_pressures_applied:rank_asc:page:9,urn:gd:story:classification:gcp_defending:competitionId:285023:defensive_pressures_applied:rank_asc:page:9
448815,285023_43879,Iliman Ndiaye,Senegal,FW,0,6,41,8,defense,urn:gd:story:classification:gcp_defending:competitionId:285023:defensive_pressures_applied:rank_asc:page:9,urn:gd:story:classification:gcp_defending:competitionId:285023:defensive_pressures_applied:rank_asc:page:9
480322,285023_43899,Luc De Fougerolles,Canada,DF,0,17,41,22,defense,urn:gd:story:classification:gcp_defending:competitionId:285023:defensive_pressures_applied:rank_asc:page:9,urn:gd:story:classification:gcp_defending:competitionId:285023:defensive_pressures_applied:rank_asc:page:9
496358,285023_43879,Ibrahim Mbaye,Senegal,FW,0,2,41,6,defense,urn:gd:story:classification:gcp_defending:competitionId:285023:defensive_pressures_applied:rank_asc:page:9,urn:gd:story:classification:gcp_defending:competitionId:285023:defensive_pressures_applied:rank_asc:page:9
431693,285023_43908,Frantzdy Pierrot,Haiti,FW,0,3,41,3,defense,urn:gd:story:classification:gcp_defending:competitionId:285023:defensive_pressures_applied:rank_asc:page:9,urn:gd:story:classification:gcp_defending:competitionId:285023:defensive_pressures_applied:rank_asc:page:9
408042,285023_43946,Theo Hernandez,France,DF,0,25,41,7,defense,urn:gd:story:classification:gcp_defending:competitionId:285023:defensive_pressures_applied:rank_asc:page:9,urn:gd:story:classification:gcp_defending:competitionId:285023:defensive_pressures_applied:rank_asc:page:9
441242,285023_43914,Cesar Blackman,Panama,DF,0,7,41,12,defense,urn:gd:story:classification:gcp_defending:competitionId:285023:defensive_pressures_applied:rank_asc:page:9,urn:gd:story:classification:gcp_defending:competitionId:285023:defensive_pressures_applied:rank_asc:page:9
522846,285023_44037,Ermin Mahmic,Bosnia and Herzegovina,MF,0,1,41,3,defense,urn:gd:story:classification:gcp_defending:competitionId:285023:defensive_pressures_applied:rank_asc:page:9,urn:gd:story:classification:gcp_defending:competitionId:285023:defensive_pressures_applied:rank_asc:page:9
411658,285023_43888,Ellyes Skhiri,Tunisia,MF,1,10,40,10,defense,urn:gd:story:classification:gcp_defending:competitionId:285023:defensive_pressures_applied:rank_asc:page:9,urn:gd:story:classification:gcp_defending:competitionId:285023:defensive_pressures_applied:rank_asc:page:9
404319,285023_43976,Ajdin Hrustic,Australia,FW,0,5,40,2,defense,urn:gd:story:classification:gcp_defending:competitionId:285023:defensive_pressures_applied:rank_asc:page:9,urn:gd:story:classification:gcp_defending:competitionId:285023:defensive_pressures_applied:rank_asc:page:9
389784,285023_43927,Alan Franco,Ecuador,MF,0,9,40,14,defense,urn:gd:story:classification:gcp_defending:competitionId:285023:defensive_pressures_applied:rank_asc:page:9,urn:gd:story:classification:gcp_defending:competitionId:285023:defensive_pressures_applied:rank_asc:page:9
441623,285023_43930,Manuel Ugarte,Uruguay,MF,0,3,40,17,defense,urn:gd:story:classification:gcp_defending:competitionId:285023:defensive_pressures_applied:rank_asc:page:9,urn:gd:story:classification:gcp_defending:competitionId:285023:defensive_pressures_applied:rank_asc:page:9
430100,285023_43934,Sasa Kalajdzic,Austria,FW,0,8,40,2,defense,urn:gd:story:classification:gcp_defending:competitionId:285023:defensive_pressures_applied:rank_asc:page:9,urn:gd:story:classification:gcp_defending:competitionId:285023:defensive_pressures_applied:rank_asc:page:9
482931,285023_43938,Marco Pasalic,Croatia,FW,0,5,40,7,defense,urn:gd:story:classification:gcp_defending:competitionId:285023:defensive_pressures_applied:rank_asc:page:9,urn:gd:story:classification:gcp_defending:competitionId:285023:defensive_pressures_applied:rank_asc:page:9
448373,285023_43935,Maxim De Cuyper,Belgium,DF,0,10,39,10,defense,urn:gd:story:classification:gcp_defending:competitionId:285023:defensive_pressures_applied:rank_asc:page:9,urn:gd:story:classification:gcp_defending:competitionId:285023:defensive_pressures_applied:rank_asc:page:9
372266,285023_43872,Sofyan Amrabat,Morocco,MF,0,10,39,16,defense,urn:gd:story:classification:gcp_defending:competitionId:285023:defensive_pressures_applied:rank_asc:page:9,urn:gd:story:classification:gcp_defending:competitionId:285023:defensive_pressures_applied:rank_asc:page:9
485064,285023_43899,Niko Sigur,Canada,DF,0,4,39,9,defense,urn:gd:story:classification:gcp_defending:competitionId:285023:defensive_pressures_applied:rank_asc:page:9,urn:gd:story:classification:gcp_defending:competitionId:285023:defensive_pressures_applied:rank_asc:page:9
424047,285023_1895293,Jeremy Antonisse,Curaçao,FW,0,1,39,3,defense,urn:gd:story:classification:gcp_defending:competitionId:285023:defensive_pressures_applied:rank_asc:page:9,urn:gd:story:classification:gcp_defending:competitionId:285023:defensive_pressures_applied:rank_asc:page:9
477849,285023_43850,Helio Varela,Cabo Verde,MF,0,5,39,2,defense,urn:gd:story:classification:gcp_defending:competitionId:285023:defensive_pressures_applied:rank_asc:page:10,urn:gd:story:classification:gcp_defending:competitionId:285023:defensive_pressures_applied:rank_asc:page:10
371345,285023_44005,Odiljon Xamrobekov,Uzbekistan,MF,0,7,39,6,defense,urn:gd:story:classification:gcp_defending:competitionId:285023:defensive_pressures_applied:rank_asc:page:10,urn:gd:story:classification:gcp_defending:competitionId:285023:defensive_pressures_applied:rank_asc:page:10
482974,285023_44037,Ivan Basic,Bosnia and Herzegovina,MF,0,5,39,8,defense,urn:gd:story:classification:gcp_defending:competitionId:285023:defensive_pressures_applied:rank_asc:page:10,urn:gd:story:classification:gcp_defending:competitionId:285023:defensive_pressures_applied:rank_asc:page:10
441188,285023_43972,Kerem Akturkoglu,Türkiye,FW,0,10,38,2,defense,urn:gd:story:classification:gcp_defending:competitionId:285023:defensive_pressures_applied:rank_asc:page:10,urn:gd:story:classification:gcp_defending:competitionId:285023:defensive_pressures_applied:rank_asc:page:10
441135,285023_43970,Jesper Karlstrom,Sweden,MF,0,7,38,7,defense,urn:gd:story:classification:gcp_defending:competitionId:285023:defensive_pressures_applied:rank_asc:page:10,urn:gd:story:classification:gcp_defending:competitionId:285023:defensive_pressures_applied:rank_asc:page:10
483505,285023_43961,David Moller Wolfe,Norway,DF,0,10,38,18,defense,urn:gd:story:classification:gcp_defending:competitionId:285023:defensive_pressures_applied:rank_asc:page:10,urn:gd:story:classification:gcp_defending:competitionId:285023:defensive_pressures_applied:rank_asc:page:10
419681,285023_43961,Kristian Thorstvedt,Norway,MF,0,0,38,5,defense,urn:gd:story:classification:gcp_defending:competitionId:285023:defensive_pressures_applied:rank_asc:page:10,urn:gd:story:classification:gcp_defending:competitionId:285023:defensive_pressures_applied:rank_asc:page:10
506202,285023_43854,Bazoumana Toure,Côte d'Ivoire,FW,0,2,38,2,defense,urn:gd:story:classification:gcp_defending:competitionId:285023:defensive_pressures_applied:rank_asc:page:10,urn:gd:story:classification:gcp_defending:competitionId:285023:defensive_pressures_applied:rank_asc:page:10
494374,285023_43888,Hazem Mastouri,Tunisia,FW,0,1,38,4,defense,urn:gd:story:classification:gcp_defending:competitionId:285023:defensive_pressures_applied:rank_asc:page:10,urn:gd:story:classification:gcp_defending:competitionId:285023:defensive_pressures_applied:rank_asc:page:10
369267,285023_43855,Yasser Ibrahim,Egypt,DF,0,20,38,22,defense,urn:gd:story:classification:gcp_defending:competitionId:285023:defensive_pressures_applied:rank_asc:page:10,urn:gd:story:classification:gcp_defending:competitionId:285023:defensive_pressures_applied:rank_asc:page:10
433527,285023_43820,Abdallah Nasib,Jordan,DF,0,12,38,6,defense,urn:gd:story:classification:gcp_defending:competitionId:285023:defensive_pressures_applied:rank_asc:page:10,urn:gd:story:classification:gcp_defending:competitionId:285023:defensive_pressures_applied:rank_asc:page:10
510991,285023_43834,Ayoub Aloui,Qatar,DF,0,2,38,5,defense,urn:gd:story:classification:gcp_defending:competitionId:285023:defensive_pressures_applied:rank_asc:page:10,urn:gd:story:classification:gcp_defending:competitionId:285023:defensive_pressures_applied:rank_asc:page:10
441240,285023_43914,Andres Andrade,Panama,DF,0,10,38,19,defense,urn:gd:story:classification:gcp_defending:competitionId:285023:defensive_pressures_applied:rank_asc:page:10,urn:gd:story:classification:gcp_defending:competitionId:285023:defensive_pressures_applied:rank_asc:page:10
430631,285023_43922,Nico Gonzalez,Argentina,MF,0,7,38,3,defense,urn:gd:story:classification:gcp_defending:competitionId:285023:defensive_pressures_applied:rank_asc:page:10,urn:gd:story:classification:gcp_defending:competitionId:285023:defensive_pressures_applied:rank_asc:page:10
369768,285023_43928,Antonio Sanabria,Paraguay,FW,0,4,38,2,defense,urn:gd:story:classification:gcp_defending:competitionId:285023:defensive_pressures_applied:rank_asc:page:10,urn:gd:story:classification:gcp_defending:competitionId:285023:defensive_pressures_applied:rank_asc:page:10
419055,285023_43921,Brenden Aaronson,USA,FW,0,6,37,9,defense,urn:gd:story:classification:gcp_defending:competitionId:285023:defensive_pressures_applied:rank_asc:page:10,urn:gd:story:classification:gcp_defending:competitionId:285023:defensive_pressures_applied:rank_asc:page:10
386339,285023_43911,Guillermo Martinez,Mexico,FW,0,2,37,2,defense,urn:gd:story:classification:gcp_defending:competitionId:285023:defensive_pressures_applied:rank_asc:page:10,urn:gd:story:classification:gcp_defending:competitionId:285023:defensive_pressures_applied:rank_asc:page:10
433097,285023_43942,Declan Rice,England,MF,0,6,37,7,defense,urn:gd:story:classification:gcp_defending:competitionId:285023:defensive_pressures_applied:rank_asc:page:10,urn:gd:story:classification:gcp_defending:competitionId:285023:defensive_pressures_applied:rank_asc:page:10
506329,285023_43942,Djed Spence,England,DF,0,8,37,8,defense,urn:gd:story:classification:gcp_defending:competitionId:285023:defensive_pressures_applied:rank_asc:page:10,urn:gd:story:classification:gcp_defending:competitionId:285023:defensive_pressures_applied:rank_asc:page:10
389876,285023_43946,Dayot Upamecano,France,DF,0,13,37,21,defense,urn:gd:story:classification:gcp_defending:competitionId:285023:defensive_pressures_applied:rank_asc:page:10,urn:gd:story:classification:gcp_defending:competitionId:285023:defensive_pressures_applied:rank_asc:page:10
494626,285023_43961,Andreas Schjelderup,Norway,MF,0,17,37,8,defense,urn:gd:story:classification:gcp_defending:competitionId:285023:defensive_pressures_applied:rank_asc:page:10,urn:gd:story:classification:gcp_defending:competitionId:285023:defensive_pressures_applied:rank_asc:page:10
395216,285023_43963,Ruben Neves,Portugal,MF,0,3,37,0,defense,urn:gd:story:classification:gcp_defending:competitionId:285023:defensive_pressures_applied:rank_asc:page:10,urn:gd:story:classification:gcp_defending:competitionId:285023:defensive_pressures_applied:rank_asc:page:10
433694,285023_43967,Nathan Patterson,Scotland,DF,0,7,37,9,defense,urn:gd:story:classification:gcp_defending:competitionId:285023:defensive_pressures_applied:rank_asc:page:10,urn:gd:story:classification:gcp_defending:competitionId:285023:defensive_pressures_applied:rank_asc:page:10
382739,285023_43969,Marcos Llorente,Spain,DF,0,12,37,10,defense,urn:gd:story:classification:gcp_defending:competitionId:285023:defensive_pressures_applied:rank_asc:page:10,urn:gd:story:classification:gcp_defending:competitionId:285023:defensive_pressures_applied:rank_asc:page:10
441167,285023_43995,Tomas Holes,Czechia,DF,0,8,37,7,defense,urn:gd:story:classification:gcp_defending:competitionId:285023:defensive_pressures_applied:rank_asc:page:10,urn:gd:story:classification:gcp_defending:competitionId:285023:defensive_pressures_applied:rank_asc:page:10
433118,285023_43972,Orkun Kokcu,Türkiye,MF,0,7,37,9,defense,urn:gd:story:classification:gcp_defending:competitionId:285023:defensive_pressures_applied:rank_asc:page:10,urn:gd:story:classification:gcp_defending:competitionId:285023:defensive_pressures_applied:rank_asc:page:10
484139,285023_43972,Baris Alper Yilmaz,Türkiye,FW,0,24,37,5,defense,urn:gd:story:classification:gcp_defending:competitionId:285023:defensive_pressures_applied:rank_asc:page:10,urn:gd:story:classification:gcp_defending:competitionId:285023:defensive_pressures_applied:rank_asc:page:10
486080,285023_43995,Robin Hranac,Czechia,DF,0,15,37,15,defense,urn:gd:story:classification:gcp_defending:competitionId:285023:defensive_pressures_applied:rank_asc:page:10,urn:gd:story:classification:gcp_defending:competitionId:285023:defensive_pressures_applied:rank_asc:page:10
464865,285023_43879,El Hadji Malick Diouf,Senegal,DF,0,14,37,5,defense,urn:gd:story:classification:gcp_defending:competitionId:285023:defensive_pressures_applied:rank_asc:page:10,urn:gd:story:classification:gcp_defending:competitionId:285023:defensive_pressures_applied:rank_asc:page:10
495488,285023_43855,Hamza Abdelkarim,Egypt,FW,0,8,36,6,defense,urn:gd:story:classification:gcp_defending:competitionId:285023:defensive_pressures_applied:rank_asc:page:10,urn:gd:story:classification:gcp_defending:competitionId:285023:defensive_pressures_applied:rank_asc:page:10
497902,285023_43935,Diego Moreira,Belgium,MF,0,5,36,2,defense,urn:gd:story:classification:gcp_defending:competitionId:285023:defensive_pressures_applied:rank_asc:page:10,urn:gd:story:classification:gcp_defending:competitionId:285023:defensive_pressures_applied:rank_asc:page:10
485804,285023_43928,Gustavo Caballero,Paraguay,MF,0,2,36,8,defense,urn:gd:story:classification:gcp_defending:competitionId:285023:defensive_pressures_applied:rank_asc:page:10,urn:gd:story:classification:gcp_defending:competitionId:285023:defensive_pressures_applied:rank_asc:page:10
402898,285023_43930,Nicolas De La Cruz,Uruguay,MF,0,7,36,6,defense,urn:gd:story:classification:gcp_defending:competitionId:285023:defensive_pressures_applied:rank_asc:page:10,urn:gd:story:classification:gcp_defending:competitionId:285023:defensive_pressures_applied:rank_asc:page:10
463746,285023_43924,Endrick,Brazil,FW,0,3,36,4,defense,urn:gd:story:classification:gcp_defending:competitionId:285023:defensive_pressures_applied:rank_asc:page:10,urn:gd:story:classification:gcp_defending:competitionId:285023:defensive_pressures_applied:rank_asc:page:10
313559,285023_43971,Ricardo Rodriguez,Switzerland,DF,0,16,36,9,defense,urn:gd:story:classification:gcp_defending:competitionId:285023:defensive_pressures_applied:rank_asc:page:10,urn:gd:story:classification:gcp_defending:competitionId:285023:defensive_pressures_applied:rank_asc:page:10
441166,285023_43995,Jaroslav Zeleny,Czechia,DF,0,6,36,3,defense,urn:gd:story:classification:gcp_defending:competitionId:285023:defensive_pressures_applied:rank_asc:page:10,urn:gd:story:classification:gcp_defending:competitionId:285023:defensive_pressures_applied:rank_asc:page:10
405528,285023_43819,Yukinari Sugawara,Japan,DF,0,5,36,4,defense,urn:gd:story:classification:gcp_defending:competitionId:285023:defensive_pressures_applied:rank_asc:page:10,urn:gd:story:classification:gcp_defending:competitionId:285023:defensive_pressures_applied:rank_asc:page:10
477770,285023_43850,Pico Lopes,Cabo Verde,DF,0,6,36,9,defense,urn:gd:story:classification:gcp_defending:competitionId:285023:defensive_pressures_applied:rank_asc:page:10,urn:gd:story:classification:gcp_defending:competitionId:285023:defensive_pressures_applied:rank_asc:page:10
395113,285023_43843,Ramy Bensebaini,Algeria,DF,0,7,36,11,defense,urn:gd:story:classification:gcp_defending:competitionId:285023:defensive_pressures_applied:rank_asc:page:10,urn:gd:story:classification:gcp_defending:competitionId:285023:defensive_pressures_applied:rank_asc:page:10
416051,285023_43834,Pedro Miguel,Qatar,DF,0,6,36,8,defense,urn:gd:story:classification:gcp_defending:competitionId:285023:defensive_pressures_applied:rank_asc:page:10,urn:gd:story:classification:gcp_defending:competitionId:285023:defensive_pressures_applied:rank_asc:page:10
503047,285023_43970,Besfort Zeneli,Sweden,MF,0,3,35,7,defense,urn:gd:story:classification:gcp_defending:competitionId:285023:defensive_pressures_applied:rank_asc:page:10,urn:gd:story:classification:gcp_defending:competitionId:285023:defensive_pressures_applied:rank_asc:page:10
433072,285023_43972,Zeki Celik,Türkiye,DF,0,5,35,9,defense,urn:gd:story:classification:gcp_defending:competitionId:285023:defensive_pressures_applied:rank_asc:page:10,urn:gd:story:classification:gcp_defending:competitionId:285023:defensive_pressures_applied:rank_asc:page:10
299200,285023_43934,Marko Arnautovic,Austria,FW,0,5,35,1,defense,urn:gd:story:classification:gcp_defending:competitionId:285023:defensive_pressures_applied:rank_asc:page:10,urn:gd:story:classification:gcp_defending:competitionId:285023:defensive_pressures_applied:rank_asc:page:10
406304,285023_43921,Timothy Weah,USA,FW,0,5,34,4,defense,urn:gd:story:classification:gcp_defending:competitionId:285023:defensive_pressures_applied:rank_asc:page:10,urn:gd:story:classification:gcp_defending:competitionId:285023:defensive_pressures_applied:rank_asc:page:10
419068,285023_43921,Giovanni Reyna,USA,MF,0,4,34,5,defense,urn:gd:story:classification:gcp_defending:competitionId:285023:defensive_pressures_applied:rank_asc:page:10,urn:gd:story:classification:gcp_defending:competitionId:285023:defensive_pressures_applied:rank_asc:page:10
483526,285023_43960,Tijjani Reijnders,Netherlands,MF,0,7,34,5,defense,urn:gd:story:classification:gcp_defending:competitionId:285023:defensive_pressures_applied:rank_asc:page:10,urn:gd:story:classification:gcp_defending:competitionId:285023:defensive_pressures_applied:rank_asc:page:10
519954,285023_44037,Jovo Lukic,Bosnia and Herzegovina,FW,0,5,34,2,defense,urn:gd:story:classification:gcp_defending:competitionId:285023:defensive_pressures_applied:rank_asc:page:10,urn:gd:story:classification:gcp_defending:competitionId:285023:defensive_pressures_applied:rank_asc:page:10
397775,285023_43908,Carlens Arcus,Haiti,DF,0,12,34,11,defense,urn:gd:story:classification:gcp_defending:competitionId:285023:defensive_pressures_applied:rank_asc:page:10,urn:gd:story:classification:gcp_defending:competitionId:285023:defensive_pressures_applied:rank_asc:page:10
363863,285023_43855,Trezeguet,Egypt,FW,0,6,34,3,defense,urn:gd:story:classification:gcp_defending:competitionId:285023:defensive_pressures_applied:rank_asc:page:10,urn:gd:story:classification:gcp_defending:competitionId:285023:defensive_pressures_applied:rank_asc:page:10
484092,285023_43972,Ismail Yuksek,Türkiye,MF,0,16,34,13,defense,urn:gd:story:classification:gcp_defending:competitionId:285023:defensive_pressures_applied:rank_asc:page:10,urn:gd:story:classification:gcp_defending:competitionId:285023:defensive_pressures_applied:rank_asc:page:10
358003,285023_43995,Vladimir Darida,Czechia,MF,0,10,34,1,defense,urn:gd:story:classification:gcp_defending:competitionId:285023:defensive_pressures_applied:rank_asc:page:11,urn:gd:story:classification:gcp_defending:competitionId:285023:defensive_pressures_applied:rank_asc:page:11
403274,285023_43819,Hiroki Ito,Japan,DF,0,23,34,14,defense,urn:gd:story:classification:gcp_defending:competitionId:285023:defensive_pressures_applied:rank_asc:page:11,urn:gd:story:classification:gcp_defending:competitionId:285023:defensive_pressures_applied:rank_asc:page:11
484262,285023_43818,Marko Farji,Iraq,FW,0,2,34,2,defense,urn:gd:story:classification:gcp_defending:competitionId:285023:defensive_pressures_applied:rank_asc:page:11,urn:gd:story:classification:gcp_defending:competitionId:285023:defensive_pressures_applied:rank_asc:page:11
482874,285023_43843,Anis Hadj Moussa,Algeria,FW,0,3,34,1,defense,urn:gd:story:classification:gcp_defending:competitionId:285023:defensive_pressures_applied:rank_asc:page:11,urn:gd:story:classification:gcp_defending:competitionId:285023:defensive_pressures_applied:rank_asc:page:11
489523,285023_44037,Armin Gigovic,Bosnia and Herzegovina,MF,0,4,33,4,defense,urn:gd:story:classification:gcp_defending:competitionId:285023:defensive_pressures_applied:rank_asc:page:11,urn:gd:story:classification:gcp_defending:competitionId:285023:defensive_pressures_applied:rank_asc:page:11
416576,285023_43911,Alvaro Fidalgo,Mexico,MF,0,5,33,4,defense,urn:gd:story:classification:gcp_defending:competitionId:285023:defensive_pressures_applied:rank_asc:page:11,urn:gd:story:classification:gcp_defending:competitionId:285023:defensive_pressures_applied:rank_asc:page:11
372090,285023_43911,Orbelin Pineda,Mexico,MF,0,3,33,1,defense,urn:gd:story:classification:gcp_defending:competitionId:285023:defensive_pressures_applied:rank_asc:page:11,urn:gd:story:classification:gcp_defending:competitionId:285023:defensive_pressures_applied:rank_asc:page:11
332946,285023_43924,Marquinhos,Brazil,DF,0,9,33,9,defense,urn:gd:story:classification:gcp_defending:competitionId:285023:defensive_pressures_applied:rank_asc:page:11,urn:gd:story:classification:gcp_defending:competitionId:285023:defensive_pressures_applied:rank_asc:page:11
433067,285023_43961,Morten Thorsby,Norway,MF,0,0,33,3,defense,urn:gd:story:classification:gcp_defending:competitionId:285023:defensive_pressures_applied:rank_asc:page:11,urn:gd:story:classification:gcp_defending:competitionId:285023:defensive_pressures_applied:rank_asc:page:11
489704,285023_43963,Renato Veiga,Portugal,DF,0,6,33,8,defense,urn:gd:story:classification:gcp_defending:competitionId:285023:defensive_pressures_applied:rank_asc:page:11,urn:gd:story:classification:gcp_defending:competitionId:285023:defensive_pressures_applied:rank_asc:page:11
389907,285023_43972,Salih Ozcan,Türkiye,MF,0,5,33,12,defense,urn:gd:story:classification:gcp_defending:competitionId:285023:defensive_pressures_applied:rank_asc:page:11,urn:gd:story:classification:gcp_defending:competitionId:285023:defensive_pressures_applied:rank_asc:page:11
447866,285023_43969,Gavi,Spain,MF,0,4,33,8,defense,urn:gd:story:classification:gcp_defending:competitionId:285023:defensive_pressures_applied:rank_asc:page:11,urn:gd:story:classification:gcp_defending:competitionId:285023:defensive_pressures_applied:rank_asc:page:11
430718,285023_43969,Fabian Ruiz,Spain,MF,0,4,33,1,defense,urn:gd:story:classification:gcp_defending:competitionId:285023:defensive_pressures_applied:rank_asc:page:11,urn:gd:story:classification:gcp_defending:competitionId:285023:defensive_pressures_applied:rank_asc:page:11
505097,285023_43872,Samir El Mourabet,Morocco,MF,0,6,33,5,defense,urn:gd:story:classification:gcp_defending:competitionId:285023:defensive_pressures_applied:rank_asc:page:11,urn:gd:story:classification:gcp_defending:competitionId:285023:defensive_pressures_applied:rank_asc:page:11
504502,285023_43888,Sebastian Tounekti,Tunisia,MF,0,1,33,1,defense,urn:gd:story:classification:gcp_defending:competitionId:285023:defensive_pressures_applied:rank_asc:page:11,urn:gd:story:classification:gcp_defending:competitionId:285023:defensive_pressures_applied:rank_asc:page:11
335656,285023_43924,Danilo,Brazil,DF,0,3,32,2,defense,urn:gd:story:classification:gcp_defending:competitionId:285023:defensive_pressures_applied:rank_asc:page:11,urn:gd:story:classification:gcp_defending:competitionId:285023:defensive_pressures_applied:rank_asc:page:11
485802,285023_43928,Alex Arce,Paraguay,FW,0,1,32,4,defense,urn:gd:story:classification:gcp_defending:competitionId:285023:defensive_pressures_applied:rank_asc:page:11,urn:gd:story:classification:gcp_defending:competitionId:285023:defensive_pressures_applied:rank_asc:page:11
477790,285023_43843,Mohamed Amoura,Algeria,FW,0,2,32,1,defense,urn:gd:story:classification:gcp_defending:competitionId:285023:defensive_pressures_applied:rank_asc:page:11,urn:gd:story:classification:gcp_defending:competitionId:285023:defensive_pressures_applied:rank_asc:page:11
484112,285023_43972,Kenan Yildiz,Türkiye,FW,0,7,32,5,defense,urn:gd:story:classification:gcp_defending:competitionId:285023:defensive_pressures_applied:rank_asc:page:11,urn:gd:story:classification:gcp_defending:competitionId:285023:defensive_pressures_applied:rank_asc:page:11
371415,285023_44005,Rustam Ashurmatov,Uzbekistan,DF,0,17,32,9,defense,urn:gd:story:classification:gcp_defending:competitionId:285023:defensive_pressures_applied:rank_asc:page:11,urn:gd:story:classification:gcp_defending:competitionId:285023:defensive_pressures_applied:rank_asc:page:11
418550,285023_43963,Rafael Leao,Portugal,FW,0,4,32,4,defense,urn:gd:story:classification:gcp_defending:competitionId:285023:defensive_pressures_applied:rank_asc:page:11,urn:gd:story:classification:gcp_defending:competitionId:285023:defensive_pressures_applied:rank_asc:page:11
495349,285023_43935,Nicolas Raskin,Belgium,MF,0,6,32,6,defense,urn:gd:story:classification:gcp_defending:competitionId:285023:defensive_pressures_applied:rank_asc:page:11,urn:gd:story:classification:gcp_defending:competitionId:285023:defensive_pressures_applied:rank_asc:page:11
463288,285023_43934,Phillip Mwene,Austria,DF,0,3,32,8,defense,urn:gd:story:classification:gcp_defending:competitionId:285023:defensive_pressures_applied:rank_asc:page:11,urn:gd:story:classification:gcp_defending:competitionId:285023:defensive_pressures_applied:rank_asc:page:11
448081,285023_43963,Goncalo Ramos,Portugal,FW,0,5,32,3,defense,urn:gd:story:classification:gcp_defending:competitionId:285023:defensive_pressures_applied:rank_asc:page:11,urn:gd:story:classification:gcp_defending:competitionId:285023:defensive_pressures_applied:rank_asc:page:11
336098,285023_43960,Memphis Depay,Netherlands,FW,0,0,31,2,defense,urn:gd:story:classification:gcp_defending:competitionId:285023:defensive_pressures_applied:rank_asc:page:11,urn:gd:story:classification:gcp_defending:competitionId:285023:defensive_pressures_applied:rank_asc:page:11
401712,285023_43967,Kieran Tierney,Scotland,DF,0,12,31,6,defense,urn:gd:story:classification:gcp_defending:competitionId:285023:defensive_pressures_applied:rank_asc:page:11,urn:gd:story:classification:gcp_defending:competitionId:285023:defensive_pressures_applied:rank_asc:page:11
390272,285023_43921,Auston Trusty,USA,DF,0,5,31,6,defense,urn:gd:story:classification:gcp_defending:competitionId:285023:defensive_pressures_applied:rank_asc:page:11,urn:gd:story:classification:gcp_defending:competitionId:285023:defensive_pressures_applied:rank_asc:page:11
369744,285023_43928,Gustavo Gomez,Paraguay,DF,0,9,31,10,defense,urn:gd:story:classification:gcp_defending:competitionId:285023:defensive_pressures_applied:rank_asc:page:11,urn:gd:story:classification:gcp_defending:competitionId:285023:defensive_pressures_applied:rank_asc:page:11
419108,285023_43930,Sebastian Caceres,Uruguay,DF,0,8,31,13,defense,urn:gd:story:classification:gcp_defending:competitionId:285023:defensive_pressures_applied:rank_asc:page:11,urn:gd:story:classification:gcp_defending:competitionId:285023:defensive_pressures_applied:rank_asc:page:11
494293,285023_43872,Chemsdine Talbi,Morocco,MF,0,5,31,4,defense,urn:gd:story:classification:gcp_defending:competitionId:285023:defensive_pressures_applied:rank_asc:page:11,urn:gd:story:classification:gcp_defending:competitionId:285023:defensive_pressures_applied:rank_asc:page:11
424056,285023_1895293,Sontje Hansen,Curaçao,FW,0,2,31,1,defense,urn:gd:story:classification:gcp_defending:competitionId:285023:defensive_pressures_applied:rank_asc:page:11,urn:gd:story:classification:gcp_defending:competitionId:285023:defensive_pressures_applied:rank_asc:page:11
401448,285023_43971,Denis Zakaria,Switzerland,MF,0,11,31,16,defense,urn:gd:story:classification:gcp_defending:competitionId:285023:defensive_pressures_applied:rank_asc:page:11,urn:gd:story:classification:gcp_defending:competitionId:285023:defensive_pressures_applied:rank_asc:page:11
484051,285023_43967,Kenny Mclean,Scotland,MF,0,4,31,6,defense,urn:gd:story:classification:gcp_defending:competitionId:285023:defensive_pressures_applied:rank_asc:page:11,urn:gd:story:classification:gcp_defending:competitionId:285023:defensive_pressures_applied:rank_asc:page:11
441137,285023_43970,Anthony Elanga,Sweden,FW,0,10,31,1,defense,urn:gd:story:classification:gcp_defending:competitionId:285023:defensive_pressures_applied:rank_asc:page:11,urn:gd:story:classification:gcp_defending:competitionId:285023:defensive_pressures_applied:rank_asc:page:11
402817,285023_43822,Paik Seungho,Korea Republic,MF,0,2,31,5,defense,urn:gd:story:classification:gcp_defending:competitionId:285023:defensive_pressures_applied:rank_asc:page:11,urn:gd:story:classification:gcp_defending:competitionId:285023:defensive_pressures_applied:rank_asc:page:11
512791,285023_43834,Issa Laye,Qatar,DF,0,7,30,6,defense,urn:gd:story:classification:gcp_defending:competitionId:285023:defensive_pressures_applied:rank_asc:page:11,urn:gd:story:classification:gcp_defending:competitionId:285023:defensive_pressures_applied:rank_asc:page:11
481027,285023_43908,Louicius Deedson,Haiti,FW,0,3,30,4,defense,urn:gd:story:classification:gcp_defending:competitionId:285023:defensive_pressures_applied:rank_asc:page:11,urn:gd:story:classification:gcp_defending:competitionId:285023:defensive_pressures_applied:rank_asc:page:11
448607,285023_43872,Chadi Riad,Morocco,DF,0,7,30,12,defense,urn:gd:story:classification:gcp_defending:competitionId:285023:defensive_pressures_applied:rank_asc:page:11,urn:gd:story:classification:gcp_defending:competitionId:285023:defensive_pressures_applied:rank_asc:page:11
425607,285023_43888,Mohamed Amine Ben Hmida,Tunisia,DF,0,7,30,11,defense,urn:gd:story:classification:gcp_defending:competitionId:285023:defensive_pressures_applied:rank_asc:page:11,urn:gd:story:classification:gcp_defending:competitionId:285023:defensive_pressures_applied:rank_asc:page:11
448377,285023_43935,Dodi Lukebakio,Belgium,FW,0,4,30,0,defense,urn:gd:story:classification:gcp_defending:competitionId:285023:defensive_pressures_applied:rank_asc:page:11,urn:gd:story:classification:gcp_defending:competitionId:285023:defensive_pressures_applied:rank_asc:page:11
505495,285023_43928,Alexandro Maidana,Paraguay,DF,0,2,30,6,defense,urn:gd:story:classification:gcp_defending:competitionId:285023:defensive_pressures_applied:rank_asc:page:11,urn:gd:story:classification:gcp_defending:competitionId:285023:defensive_pressures_applied:rank_asc:page:11
321697,285023_43976,Mathew Leckie,Australia,FW,0,2,30,4,defense,urn:gd:story:classification:gcp_defending:competitionId:285023:defensive_pressures_applied:rank_asc:page:11,urn:gd:story:classification:gcp_defending:competitionId:285023:defensive_pressures_applied:rank_asc:page:11
441170,285023_43995,Ladislav Krejci,Czechia,DF,0,2,30,10,defense,urn:gd:story:classification:gcp_defending:competitionId:285023:defensive_pressures_applied:rank_asc:page:11,urn:gd:story:classification:gcp_defending:competitionId:285023:defensive_pressures_applied:rank_asc:page:11
411226,285023_43971,Djibril Sow,Switzerland,MF,0,4,30,4,defense,urn:gd:story:classification:gcp_defending:competitionId:285023:defensive_pressures_applied:rank_asc:page:11,urn:gd:story:classification:gcp_defending:competitionId:285023:defensive_pressures_applied:rank_asc:page:11
431698,285023_1895293,Jurien Gaari,Curaçao,DF,0,8,30,14,defense,urn:gd:story:classification:gcp_defending:competitionId:285023:defensive_pressures_applied:rank_asc:page:11,urn:gd:story:classification:gcp_defending:competitionId:285023:defensive_pressures_applied:rank_asc:page:11
430657,285023_43948,David Raum,Germany,DF,0,18,29,8,defense,urn:gd:story:classification:gcp_defending:competitionId:285023:defensive_pressures_applied:rank_asc:page:11,urn:gd:story:classification:gcp_defending:competitionId:285023:defensive_pressures_applied:rank_asc:page:11
485081,285023_43963,Francisco Conceicao,Portugal,FW,0,6,29,4,defense,urn:gd:story:classification:gcp_defending:competitionId:285023:defensive_pressures_applied:rank_asc:page:11,urn:gd:story:classification:gcp_defending:competitionId:285023:defensive_pressures_applied:rank_asc:page:11
354861,285023_43834,Karim Boudiaf,Qatar,MF,0,2,29,3,defense,urn:gd:story:classification:gcp_defending:competitionId:285023:defensive_pressures_applied:rank_asc:page:11,urn:gd:story:classification:gcp_defending:competitionId:285023:defensive_pressures_applied:rank_asc:page:11
409241,285023_43850,Diney Borges,Cabo Verde,DF,1,5,29,16,defense,urn:gd:story:classification:gcp_defending:competitionId:285023:defensive_pressures_applied:rank_asc:page:11,urn:gd:story:classification:gcp_defending:competitionId:285023:defensive_pressures_applied:rank_asc:page:11
371958,285023_43899,Derek Cornelius,Canada,DF,0,4,29,6,defense,urn:gd:story:classification:gcp_defending:competitionId:285023:defensive_pressures_applied:rank_asc:page:11,urn:gd:story:classification:gcp_defending:competitionId:285023:defensive_pressures_applied:rank_asc:page:11
402974,285023_43927,Angelo Preciado,Ecuador,DF,0,4,29,3,defense,urn:gd:story:classification:gcp_defending:competitionId:285023:defensive_pressures_applied:rank_asc:page:12,urn:gd:story:classification:gcp_defending:competitionId:285023:defensive_pressures_applied:rank_asc:page:12
400634,285023_43911,Edson Alvarez,Mexico,DF,0,3,29,9,defense,urn:gd:story:classification:gcp_defending:competitionId:285023:defensive_pressures_applied:rank_asc:page:12,urn:gd:story:classification:gcp_defending:competitionId:285023:defensive_pressures_applied:rank_asc:page:12
480310,285023_43914,Jiovany Ramos,Panama,DF,0,3,29,18,defense,urn:gd:story:classification:gcp_defending:competitionId:285023:defensive_pressures_applied:rank_asc:page:12,urn:gd:story:classification:gcp_defending:competitionId:285023:defensive_pressures_applied:rank_asc:page:12
394500,285023_43926,Johan Mojica,Colombia,DF,0,8,29,2,defense,urn:gd:story:classification:gcp_defending:competitionId:285023:defensive_pressures_applied:rank_asc:page:12,urn:gd:story:classification:gcp_defending:competitionId:285023:defensive_pressures_applied:rank_asc:page:12
441239,285023_43914,Jorge Gutierrez,Panama,DF,0,6,28,10,defense,urn:gd:story:classification:gcp_defending:competitionId:285023:defensive_pressures_applied:rank_asc:page:12,urn:gd:story:classification:gcp_defending:competitionId:285023:defensive_pressures_applied:rank_asc:page:12
316002,285023_43934,David Alaba,Austria,DF,0,5,28,9,defense,urn:gd:story:classification:gcp_defending:competitionId:285023:defensive_pressures_applied:rank_asc:page:12,urn:gd:story:classification:gcp_defending:competitionId:285023:defensive_pressures_applied:rank_asc:page:12
463468,285023_43927,Alan Minda,Ecuador,MF,0,1,28,1,defense,urn:gd:story:classification:gcp_defending:competitionId:285023:defensive_pressures_applied:rank_asc:page:12,urn:gd:story:classification:gcp_defending:competitionId:285023:defensive_pressures_applied:rank_asc:page:12
431225,285023_43820,Yazan Alarab,Jordan,DF,1,10,28,16,defense,urn:gd:story:classification:gcp_defending:competitionId:285023:defensive_pressures_applied:rank_asc:page:12,urn:gd:story:classification:gcp_defending:competitionId:285023:defensive_pressures_applied:rank_asc:page:12
448360,285023_43935,Brandon Mechele,Belgium,DF,0,11,28,6,defense,urn:gd:story:classification:gcp_defending:competitionId:285023:defensive_pressures_applied:rank_asc:page:12,urn:gd:story:classification:gcp_defending:competitionId:285023:defensive_pressures_applied:rank_asc:page:12
395205,285023_43963,Bernardo Silva,Portugal,MF,0,4,28,5,defense,urn:gd:story:classification:gcp_defending:competitionId:285023:defensive_pressures_applied:rank_asc:page:12,urn:gd:story:classification:gcp_defending:competitionId:285023:defensive_pressures_applied:rank_asc:page:12
486213,285023_43860,Brandon Thomas Asante,Ghana,FW,0,3,28,0,defense,urn:gd:story:classification:gcp_defending:competitionId:285023:defensive_pressures_applied:rank_asc:page:12,urn:gd:story:classification:gcp_defending:competitionId:285023:defensive_pressures_applied:rank_asc:page:12
486268,285023_43854,Emmanuel Agbadou,Côte d'Ivoire,DF,0,4,28,8,defense,urn:gd:story:classification:gcp_defending:competitionId:285023:defensive_pressures_applied:rank_asc:page:12,urn:gd:story:classification:gcp_defending:competitionId:285023:defensive_pressures_applied:rank_asc:page:12
405175,285023_43854,Seko Fofana,Côte d'Ivoire,MF,0,3,28,1,defense,urn:gd:story:classification:gcp_defending:competitionId:285023:defensive_pressures_applied:rank_asc:page:12,urn:gd:story:classification:gcp_defending:competitionId:285023:defensive_pressures_applied:rank_asc:page:12
423575,285023_43978,Ben Old,New Zealand,MF,0,2,28,4,defense,urn:gd:story:classification:gcp_defending:competitionId:285023:defensive_pressures_applied:rank_asc:page:12,urn:gd:story:classification:gcp_defending:competitionId:285023:defensive_pressures_applied:rank_asc:page:12
369304,285023_43972,Hakan Calhanoglu,Türkiye,MF,0,11,28,5,defense,urn:gd:story:classification:gcp_defending:competitionId:285023:defensive_pressures_applied:rank_asc:page:12,urn:gd:story:classification:gcp_defending:competitionId:285023:defensive_pressures_applied:rank_asc:page:12
463580,285023_43978,Finn Surman,New Zealand,DF,0,5,28,11,defense,urn:gd:story:classification:gcp_defending:competitionId:285023:defensive_pressures_applied:rank_asc:page:12,urn:gd:story:classification:gcp_defending:competitionId:285023:defensive_pressures_applied:rank_asc:page:12
423658,285023_43969,Yeremy Pino,Spain,FW,0,3,28,7,defense,urn:gd:story:classification:gcp_defending:competitionId:285023:defensive_pressures_applied:rank_asc:page:12,urn:gd:story:classification:gcp_defending:competitionId:285023:defensive_pressures_applied:rank_asc:page:12
356412,285023_43971,Silvan Widmer,Switzerland,DF,0,7,28,7,defense,urn:gd:story:classification:gcp_defending:competitionId:285023:defensive_pressures_applied:rank_asc:page:12,urn:gd:story:classification:gcp_defending:competitionId:285023:defensive_pressures_applied:rank_asc:page:12
398509,285023_43971,Nico Elvedi,Switzerland,DF,0,6,27,9,defense,urn:gd:story:classification:gcp_defending:competitionId:285023:defensive_pressures_applied:rank_asc:page:12,urn:gd:story:classification:gcp_defending:competitionId:285023:defensive_pressures_applied:rank_asc:page:12
486081,285023_43995,Lukas Cerv,Czechia,MF,0,6,27,11,defense,urn:gd:story:classification:gcp_defending:competitionId:285023:defensive_pressures_applied:rank_asc:page:12,urn:gd:story:classification:gcp_defending:competitionId:285023:defensive_pressures_applied:rank_asc:page:12
484082,285023_43972,Abdulkerim Bardakci,Türkiye,DF,0,3,27,12,defense,urn:gd:story:classification:gcp_defending:competitionId:285023:defensive_pressures_applied:rank_asc:page:12,urn:gd:story:classification:gcp_defending:competitionId:285023:defensive_pressures_applied:rank_asc:page:12
288961,285023_43817,Ehsan Hajisafi,IR Iran,DF,0,1,27,2,defense,urn:gd:story:classification:gcp_defending:competitionId:285023:defensive_pressures_applied:rank_asc:page:12,urn:gd:story:classification:gcp_defending:competitionId:285023:defensive_pressures_applied:rank_asc:page:12
430518,285023_43835,Nawaf Bu Washl,Saudi Arabia,DF,0,3,27,4,defense,urn:gd:story:classification:gcp_defending:competitionId:285023:defensive_pressures_applied:rank_asc:page:12,urn:gd:story:classification:gcp_defending:competitionId:285023:defensive_pressures_applied:rank_asc:page:12
431196,285023_43922,Cristian Romero,Argentina,DF,0,7,27,15,defense,urn:gd:story:classification:gcp_defending:competitionId:285023:defensive_pressures_applied:rank_asc:page:12,urn:gd:story:classification:gcp_defending:competitionId:285023:defensive_pressures_applied:rank_asc:page:12
494314,285023_43850,Telmo Arcanjo,Cabo Verde,MF,0,6,27,1,defense,urn:gd:story:classification:gcp_defending:competitionId:285023:defensive_pressures_applied:rank_asc:page:12,urn:gd:story:classification:gcp_defending:competitionId:285023:defensive_pressures_applied:rank_asc:page:12
401378,285023_43948,Jonathan Tah,Germany,DF,0,5,27,9,defense,urn:gd:story:classification:gcp_defending:competitionId:285023:defensive_pressures_applied:rank_asc:page:12,urn:gd:story:classification:gcp_defending:competitionId:285023:defensive_pressures_applied:rank_asc:page:12
484859,285023_43960,Quinten Timber,Netherlands,MF,0,5,27,7,defense,urn:gd:story:classification:gcp_defending:competitionId:285023:defensive_pressures_applied:rank_asc:page:12,urn:gd:story:classification:gcp_defending:competitionId:285023:defensive_pressures_applied:rank_asc:page:12
368860,285023_43946,Lucas Digne,France,DF,0,12,26,3,defense,urn:gd:story:classification:gcp_defending:competitionId:285023:defensive_pressures_applied:rank_asc:page:12,urn:gd:story:classification:gcp_defending:competitionId:285023:defensive_pressures_applied:rank_asc:page:12
439641,285023_43942,Reece James,England,DF,0,3,26,12,defense,urn:gd:story:classification:gcp_defending:competitionId:285023:defensive_pressures_applied:rank_asc:page:12,urn:gd:story:classification:gcp_defending:competitionId:285023:defensive_pressures_applied:rank_asc:page:12
403049,285023_43942,Ezri Konsa,England,DF,0,7,26,13,defense,urn:gd:story:classification:gcp_defending:competitionId:285023:defensive_pressures_applied:rank_asc:page:12,urn:gd:story:classification:gcp_defending:competitionId:285023:defensive_pressures_applied:rank_asc:page:12
491167,285023_43820,Amer Jamous,Jordan,MF,0,2,26,2,defense,urn:gd:story:classification:gcp_defending:competitionId:285023:defensive_pressures_applied:rank_asc:page:12,urn:gd:story:classification:gcp_defending:competitionId:285023:defensive_pressures_applied:rank_asc:page:12
403335,285023_43835,Hassan Altambakti,Saudi Arabia,DF,1,5,26,7,defense,urn:gd:story:classification:gcp_defending:competitionId:285023:defensive_pressures_applied:rank_asc:page:12,urn:gd:story:classification:gcp_defending:competitionId:285023:defensive_pressures_applied:rank_asc:page:12
436863,285023_43818,Frans Putros,Iraq,DF,0,1,26,5,defense,urn:gd:story:classification:gcp_defending:competitionId:285023:defensive_pressures_applied:rank_asc:page:12,urn:gd:story:classification:gcp_defending:competitionId:285023:defensive_pressures_applied:rank_asc:page:12
346743,285023_43817,Shoja Khalilzadeh,IR Iran,DF,0,8,26,12,defense,urn:gd:story:classification:gcp_defending:competitionId:285023:defensive_pressures_applied:rank_asc:page:12,urn:gd:story:classification:gcp_defending:competitionId:285023:defensive_pressures_applied:rank_asc:page:12
484320,285023_43969,Lamine Yamal,Spain,FW,0,10,26,5,defense,urn:gd:story:classification:gcp_defending:competitionId:285023:defensive_pressures_applied:rank_asc:page:12,urn:gd:story:classification:gcp_defending:competitionId:285023:defensive_pressures_applied:rank_asc:page:12
484065,285023_43972,Eren Elmali,Türkiye,DF,0,4,26,3,defense,urn:gd:story:classification:gcp_defending:competitionId:285023:defensive_pressures_applied:rank_asc:page:12,urn:gd:story:classification:gcp_defending:competitionId:285023:defensive_pressures_applied:rank_asc:page:12
407022,285023_43855,Karim Hafez,Egypt,DF,0,1,26,10,defense,urn:gd:story:classification:gcp_defending:competitionId:285023:defensive_pressures_applied:rank_asc:page:12,urn:gd:story:classification:gcp_defending:competitionId:285023:defensive_pressures_applied:rank_asc:page:12
489417,285023_43928,Isidro Pitta,Paraguay,FW,0,2,26,3,defense,urn:gd:story:classification:gcp_defending:competitionId:285023:defensive_pressures_applied:rank_asc:page:12,urn:gd:story:classification:gcp_defending:competitionId:285023:defensive_pressures_applied:rank_asc:page:12
418747,285023_43914,Tomas Rodriguez,Panama,FW,0,3,26,3,defense,urn:gd:story:classification:gcp_defending:competitionId:285023:defensive_pressures_applied:rank_asc:page:12,urn:gd:story:classification:gcp_defending:competitionId:285023:defensive_pressures_applied:rank_asc:page:12
448310,285023_43927,Kevin Rodriguez,Ecuador,FW,0,2,26,6,defense,urn:gd:story:classification:gcp_defending:competitionId:285023:defensive_pressures_applied:rank_asc:page:12,urn:gd:story:classification:gcp_defending:competitionId:285023:defensive_pressures_applied:rank_asc:page:12
523215,285023_43908,Dominique Simon,Haiti,MF,0,2,26,6,defense,urn:gd:story:classification:gcp_defending:competitionId:285023:defensive_pressures_applied:rank_asc:page:12,urn:gd:story:classification:gcp_defending:competitionId:285023:defensive_pressures_applied:rank_asc:page:12
386013,285023_43926,Davinson Sanchez,Colombia,DF,0,17,25,14,defense,urn:gd:story:classification:gcp_defending:competitionId:285023:defensive_pressures_applied:rank_asc:page:12,urn:gd:story:classification:gcp_defending:competitionId:285023:defensive_pressures_applied:rank_asc:page:12
519836,285023_43924,Igor Thiago,Brazil,FW,0,5,25,5,defense,urn:gd:story:classification:gcp_defending:competitionId:285023:defensive_pressures_applied:rank_asc:page:12,urn:gd:story:classification:gcp_defending:competitionId:285023:defensive_pressures_applied:rank_asc:page:12
389782,285023_43927,Pervis Estupinan,Ecuador,DF,0,2,25,3,defense,urn:gd:story:classification:gcp_defending:competitionId:285023:defensive_pressures_applied:rank_asc:page:12,urn:gd:story:classification:gcp_defending:competitionId:285023:defensive_pressures_applied:rank_asc:page:12
356704,285023_43926,Juan Quintero,Colombia,MF,0,2,25,0,defense,urn:gd:story:classification:gcp_defending:competitionId:285023:defensive_pressures_applied:rank_asc:page:12,urn:gd:story:classification:gcp_defending:competitionId:285023:defensive_pressures_applied:rank_asc:page:12
448128,285023_20014,Charles Pickel,Congo DR,MF,0,3,25,3,defense,urn:gd:story:classification:gcp_defending:competitionId:285023:defensive_pressures_applied:rank_asc:page:12,urn:gd:story:classification:gcp_defending:competitionId:285023:defensive_pressures_applied:rank_asc:page:12
395083,285023_43822,Hwang Heechan,Korea Republic,MF,0,3,25,3,defense,urn:gd:story:classification:gcp_defending:competitionId:285023:defensive_pressures_applied:rank_asc:page:12,urn:gd:story:classification:gcp_defending:competitionId:285023:defensive_pressures_applied:rank_asc:page:12
464458,285023_43818,Youssef Amyn,Iraq,MF,0,2,25,4,defense,urn:gd:story:classification:gcp_defending:competitionId:285023:defensive_pressures_applied:rank_asc:page:12,urn:gd:story:classification:gcp_defending:competitionId:285023:defensive_pressures_applied:rank_asc:page:12
426506,285023_20014,Meschack Elia,Congo DR,FW,0,1,25,3,defense,urn:gd:story:classification:gcp_defending:competitionId:285023:defensive_pressures_applied:rank_asc:page:12,urn:gd:story:classification:gcp_defending:competitionId:285023:defensive_pressures_applied:rank_asc:page:12
477835,285023_20014,Simon Banza,Congo DR,FW,0,3,25,3,defense,urn:gd:story:classification:gcp_defending:competitionId:285023:defensive_pressures_applied:rank_asc:page:12,urn:gd:story:classification:gcp_defending:competitionId:285023:defensive_pressures_applied:rank_asc:page:12
423880,285023_43822,Lee Taeseok,Korea Republic,DF,0,4,25,5,defense,urn:gd:story:classification:gcp_defending:competitionId:285023:defensive_pressures_applied:rank_asc:page:13,urn:gd:story:classification:gcp_defending:competitionId:285023:defensive_pressures_applied:rank_asc:page:13
484022,285023_44037,Tarik Muharemovic,Bosnia and Herzegovina,DF,0,10,25,11,defense,urn:gd:story:classification:gcp_defending:competitionId:285023:defensive_pressures_applied:rank_asc:page:13,urn:gd:story:classification:gcp_defending:competitionId:285023:defensive_pressures_applied:rank_asc:page:13
494025,285023_43935,Matias Fernandez Pardo,Belgium,FW,0,2,25,4,defense,urn:gd:story:classification:gcp_defending:competitionId:285023:defensive_pressures_applied:rank_asc:page:13,urn:gd:story:classification:gcp_defending:competitionId:285023:defensive_pressures_applied:rank_asc:page:13
448196,285023_43942,Bukayo Saka,England,FW,0,3,25,7,defense,urn:gd:story:classification:gcp_defending:competitionId:285023:defensive_pressures_applied:rank_asc:page:13,urn:gd:story:classification:gcp_defending:competitionId:285023:defensive_pressures_applied:rank_asc:page:13
419211,285023_43883,Lyle Foster,South Africa,FW,0,1,25,1,defense,urn:gd:story:classification:gcp_defending:competitionId:285023:defensive_pressures_applied:rank_asc:page:13,urn:gd:story:classification:gcp_defending:competitionId:285023:defensive_pressures_applied:rank_asc:page:13
514401,285023_43860,Prince Adu,Ghana,FW,0,0,25,4,defense,urn:gd:story:classification:gcp_defending:competitionId:285023:defensive_pressures_applied:rank_asc:page:13,urn:gd:story:classification:gcp_defending:competitionId:285023:defensive_pressures_applied:rank_asc:page:13
411678,285023_43872,Ayoub El Kaabi,Morocco,FW,0,2,25,7,defense,urn:gd:story:classification:gcp_defending:competitionId:285023:defensive_pressures_applied:rank_asc:page:13,urn:gd:story:classification:gcp_defending:competitionId:285023:defensive_pressures_applied:rank_asc:page:13
344661,285023_43855,Ramy Rabia,Egypt,DF,0,11,25,9,defense,urn:gd:story:classification:gcp_defending:competitionId:285023:defensive_pressures_applied:rank_asc:page:13,urn:gd:story:classification:gcp_defending:competitionId:285023:defensive_pressures_applied:rank_asc:page:13
477855,285023_43850,Joao Paulo,Cabo Verde,MF,0,5,25,4,defense,urn:gd:story:classification:gcp_defending:competitionId:285023:defensive_pressures_applied:rank_asc:page:13,urn:gd:story:classification:gcp_defending:competitionId:285023:defensive_pressures_applied:rank_asc:page:13
441258,285023_43899,Ismael Kone,Canada,MF,0,8,25,5,defense,urn:gd:story:classification:gcp_defending:competitionId:285023:defensive_pressures_applied:rank_asc:page:13,urn:gd:story:classification:gcp_defending:competitionId:285023:defensive_pressures_applied:rank_asc:page:13
479781,285023_43888,Mohamed Hadj Mahmoud,Tunisia,MF,0,1,25,6,defense,urn:gd:story:classification:gcp_defending:competitionId:285023:defensive_pressures_applied:rank_asc:page:13,urn:gd:story:classification:gcp_defending:competitionId:285023:defensive_pressures_applied:rank_asc:page:13
418798,285023_43879,Pape Matar Sarr,Senegal,MF,0,3,25,3,defense,urn:gd:story:classification:gcp_defending:competitionId:285023:defensive_pressures_applied:rank_asc:page:13,urn:gd:story:classification:gcp_defending:competitionId:285023:defensive_pressures_applied:rank_asc:page:13
275917,285023_43908,Ricardo Ade,Haiti,DF,0,3,24,5,defense,urn:gd:story:classification:gcp_defending:competitionId:285023:defensive_pressures_applied:rank_asc:page:13,urn:gd:story:classification:gcp_defending:competitionId:285023:defensive_pressures_applied:rank_asc:page:13
430854,285023_43854,Wilfried Singo,Côte d'Ivoire,DF,0,13,24,12,defense,urn:gd:story:classification:gcp_defending:competitionId:285023:defensive_pressures_applied:rank_asc:page:13,urn:gd:story:classification:gcp_defending:competitionId:285023:defensive_pressures_applied:rank_asc:page:13
511141,285023_1895293,Armando Obispo,Curaçao,DF,0,4,24,9,defense,urn:gd:story:classification:gcp_defending:competitionId:285023:defensive_pressures_applied:rank_asc:page:13,urn:gd:story:classification:gcp_defending:competitionId:285023:defensive_pressures_applied:rank_asc:page:13
308322,285023_43922,Nicolas Tagliafico,Argentina,DF,0,3,24,5,defense,urn:gd:story:classification:gcp_defending:competitionId:285023:defensive_pressures_applied:rank_asc:page:13,urn:gd:story:classification:gcp_defending:competitionId:285023:defensive_pressures_applied:rank_asc:page:13
466669,285023_43914,Azarias Londono,Panama,FW,0,1,24,3,defense,urn:gd:story:classification:gcp_defending:competitionId:285023:defensive_pressures_applied:rank_asc:page:13,urn:gd:story:classification:gcp_defending:competitionId:285023:defensive_pressures_applied:rank_asc:page:13
430759,285023_43911,Santiago Gimenez,Mexico,FW,0,3,24,3,defense,urn:gd:story:classification:gcp_defending:competitionId:285023:defensive_pressures_applied:rank_asc:page:13,urn:gd:story:classification:gcp_defending:competitionId:285023:defensive_pressures_applied:rank_asc:page:13
394456,285023_43924,Fabinho,Brazil,MF,0,1,24,5,defense,urn:gd:story:classification:gcp_defending:competitionId:285023:defensive_pressures_applied:rank_asc:page:13,urn:gd:story:classification:gcp_defending:competitionId:285023:defensive_pressures_applied:rank_asc:page:13
486875,285023_43928,Gustavo Velazquez,Paraguay,DF,0,3,24,3,defense,urn:gd:story:classification:gcp_defending:competitionId:285023:defensive_pressures_applied:rank_asc:page:13,urn:gd:story:classification:gcp_defending:competitionId:285023:defensive_pressures_applied:rank_asc:page:13
403289,285023_43819,Takehiro Tomiyasu,Japan,DF,0,4,24,11,defense,urn:gd:story:classification:gcp_defending:competitionId:285023:defensive_pressures_applied:rank_asc:page:13,urn:gd:story:classification:gcp_defending:competitionId:285023:defensive_pressures_applied:rank_asc:page:13
489603,285023_43817,Ali Nemati,IR Iran,DF,0,5,24,10,defense,urn:gd:story:classification:gcp_defending:competitionId:285023:defensive_pressures_applied:rank_asc:page:13,urn:gd:story:classification:gcp_defending:competitionId:285023:defensive_pressures_applied:rank_asc:page:13
448180,285023_43938,Josko Gvardiol,Croatia,DF,0,2,24,6,defense,urn:gd:story:classification:gcp_defending:competitionId:285023:defensive_pressures_applied:rank_asc:page:13,urn:gd:story:classification:gcp_defending:competitionId:285023:defensive_pressures_applied:rank_asc:page:13
336472,285023_43938,Andrej Kramaric,Croatia,FW,0,0,24,1,defense,urn:gd:story:classification:gcp_defending:competitionId:285023:defensive_pressures_applied:rank_asc:page:13,urn:gd:story:classification:gcp_defending:competitionId:285023:defensive_pressures_applied:rank_asc:page:13
486076,285023_43972,Oguz Aydin,Türkiye,FW,0,3,24,9,defense,urn:gd:story:classification:gcp_defending:competitionId:285023:defensive_pressures_applied:rank_asc:page:13,urn:gd:story:classification:gcp_defending:competitionId:285023:defensive_pressures_applied:rank_asc:page:13
395283,285023_43970,Victor Lindelof,Sweden,DF,0,5,24,10,defense,urn:gd:story:classification:gcp_defending:competitionId:285023:defensive_pressures_applied:rank_asc:page:13,urn:gd:story:classification:gcp_defending:competitionId:285023:defensive_pressures_applied:rank_asc:page:13
491255,285023_43970,Daniel Svensson,Sweden,DF,0,8,24,3,defense,urn:gd:story:classification:gcp_defending:competitionId:285023:defensive_pressures_applied:rank_asc:page:13,urn:gd:story:classification:gcp_defending:competitionId:285023:defensive_pressures_applied:rank_asc:page:13
464924,285023_44005,Abdukodir Khusanov,Uzbekistan,DF,0,11,23,8,defense,urn:gd:story:classification:gcp_defending:competitionId:285023:defensive_pressures_applied:rank_asc:page:13,urn:gd:story:classification:gcp_defending:competitionId:285023:defensive_pressures_applied:rank_asc:page:13
483936,285023_43995,David Doudera,Czechia,DF,0,1,23,0,defense,urn:gd:story:classification:gcp_defending:competitionId:285023:defensive_pressures_applied:rank_asc:page:13,urn:gd:story:classification:gcp_defending:competitionId:285023:defensive_pressures_applied:rank_asc:page:13
395414,285023_43922,Giovani Lo Celso,Argentina,MF,0,8,23,6,defense,urn:gd:story:classification:gcp_defending:competitionId:285023:defensive_pressures_applied:rank_asc:page:13,urn:gd:story:classification:gcp_defending:competitionId:285023:defensive_pressures_applied:rank_asc:page:13
369530,285023_43926,Jhon Cordoba,Colombia,FW,0,2,23,2,defense,urn:gd:story:classification:gcp_defending:competitionId:285023:defensive_pressures_applied:rank_asc:page:13,urn:gd:story:classification:gcp_defending:competitionId:285023:defensive_pressures_applied:rank_asc:page:13
493970,285023_43899,Promise David,Canada,FW,0,6,23,1,defense,urn:gd:story:classification:gcp_defending:competitionId:285023:defensive_pressures_applied:rank_asc:page:13,urn:gd:story:classification:gcp_defending:competitionId:285023:defensive_pressures_applied:rank_asc:page:13
466363,285023_1895293,Jearl Margaritha,Curaçao,FW,0,3,23,1,defense,urn:gd:story:classification:gcp_defending:competitionId:285023:defensive_pressures_applied:rank_asc:page:13,urn:gd:story:classification:gcp_defending:competitionId:285023:defensive_pressures_applied:rank_asc:page:13
483512,285023_43960,Jorrel Hato,Netherlands,DF,0,1,23,4,defense,urn:gd:story:classification:gcp_defending:competitionId:285023:defensive_pressures_applied:rank_asc:page:13,urn:gd:story:classification:gcp_defending:competitionId:285023:defensive_pressures_applied:rank_asc:page:13
405263,285023_43934,Kevin Danso,Austria,DF,0,2,23,8,defense,urn:gd:story:classification:gcp_defending:competitionId:285023:defensive_pressures_applied:rank_asc:page:13,urn:gd:story:classification:gcp_defending:competitionId:285023:defensive_pressures_applied:rank_asc:page:13
380005,285023_43938,Mario Pasalic,Croatia,MF,0,7,23,8,defense,urn:gd:story:classification:gcp_defending:competitionId:285023:defensive_pressures_applied:rank_asc:page:13,urn:gd:story:classification:gcp_defending:competitionId:285023:defensive_pressures_applied:rank_asc:page:13
419177,285023_43946,William Saliba,France,DF,0,12,23,12,defense,urn:gd:story:classification:gcp_defending:competitionId:285023:defensive_pressures_applied:rank_asc:page:13,urn:gd:story:classification:gcp_defending:competitionId:285023:defensive_pressures_applied:rank_asc:page:13
477859,285023_20014,Fiston Mayele,Congo DR,FW,0,3,23,0,defense,urn:gd:story:classification:gcp_defending:competitionId:285023:defensive_pressures_applied:rank_asc:page:13,urn:gd:story:classification:gcp_defending:competitionId:285023:defensive_pressures_applied:rank_asc:page:13
433679,285023_43843,Ramiz Zerrouki,Algeria,MF,0,4,23,5,defense,urn:gd:story:classification:gcp_defending:competitionId:285023:defensive_pressures_applied:rank_asc:page:13,urn:gd:story:classification:gcp_defending:competitionId:285023:defensive_pressures_applied:rank_asc:page:13
403312,285023_43835,Abdulelah Alamri,Saudi Arabia,DF,0,7,23,5,defense,urn:gd:story:classification:gcp_defending:competitionId:285023:defensive_pressures_applied:rank_asc:page:13,urn:gd:story:classification:gcp_defending:competitionId:285023:defensive_pressures_applied:rank_asc:page:13
484276,285023_43818,Ahmed Maknazi,Iraq,DF,0,2,23,5,defense,urn:gd:story:classification:gcp_defending:competitionId:285023:defensive_pressures_applied:rank_asc:page:13,urn:gd:story:classification:gcp_defending:competitionId:285023:defensive_pressures_applied:rank_asc:page:13
356532,285023_20014,Chancel Mbemba,Congo DR,DF,0,9,23,12,defense,urn:gd:story:classification:gcp_defending:competitionId:285023:defensive_pressures_applied:rank_asc:page:13,urn:gd:story:classification:gcp_defending:competitionId:285023:defensive_pressures_applied:rank_asc:page:13
482670,285023_43817,Mohammad Ghorbani,IR Iran,MF,0,5,23,3,defense,urn:gd:story:classification:gcp_defending:competitionId:285023:defensive_pressures_applied:rank_asc:page:13,urn:gd:story:classification:gcp_defending:competitionId:285023:defensive_pressures_applied:rank_asc:page:13
373344,285023_43850,Garry Rodrigues,Cabo Verde,MF,0,3,23,1,defense,urn:gd:story:classification:gcp_defending:competitionId:285023:defensive_pressures_applied:rank_asc:page:13,urn:gd:story:classification:gcp_defending:competitionId:285023:defensive_pressures_applied:rank_asc:page:13
498455,285023_43819,Junnosuke Suzuki,Japan,DF,0,0,22,4,defense,urn:gd:story:classification:gcp_defending:competitionId:285023:defensive_pressures_applied:rank_asc:page:13,urn:gd:story:classification:gcp_defending:competitionId:285023:defensive_pressures_applied:rank_asc:page:13
494800,285023_43835,Sultan Mandash,Saudi Arabia,FW,0,15,22,5,defense,urn:gd:story:classification:gcp_defending:competitionId:285023:defensive_pressures_applied:rank_asc:page:13,urn:gd:story:classification:gcp_defending:competitionId:285023:defensive_pressures_applied:rank_asc:page:13
353251,285023_43834,Ahmed Alaaeldin,Qatar,FW,0,2,22,4,defense,urn:gd:story:classification:gcp_defending:competitionId:285023:defensive_pressures_applied:rank_asc:page:13,urn:gd:story:classification:gcp_defending:competitionId:285023:defensive_pressures_applied:rank_asc:page:13
448411,285023_43899,Jacob Shaffelburg,Canada,MF,0,5,22,6,defense,urn:gd:story:classification:gcp_defending:competitionId:285023:defensive_pressures_applied:rank_asc:page:13,urn:gd:story:classification:gcp_defending:competitionId:285023:defensive_pressures_applied:rank_asc:page:13
506039,285023_43883,Ime Okon,South Africa,DF,0,3,22,5,defense,urn:gd:story:classification:gcp_defending:competitionId:285023:defensive_pressures_applied:rank_asc:page:13,urn:gd:story:classification:gcp_defending:competitionId:285023:defensive_pressures_applied:rank_asc:page:13
494411,285023_43976,Kai Trewin,Australia,DF,0,7,22,4,defense,urn:gd:story:classification:gcp_defending:competitionId:285023:defensive_pressures_applied:rank_asc:page:13,urn:gd:story:classification:gcp_defending:competitionId:285023:defensive_pressures_applied:rank_asc:page:13
479042,285023_44005,Abdulla Abdullaev,Uzbekistan,DF,0,7,22,7,defense,urn:gd:story:classification:gcp_defending:competitionId:285023:defensive_pressures_applied:rank_asc:page:14,urn:gd:story:classification:gcp_defending:competitionId:285023:defensive_pressures_applied:rank_asc:page:14
514334,285023_43995,Stepan Chaloupek,Czechia,DF,0,1,22,15,defense,urn:gd:story:classification:gcp_defending:competitionId:285023:defensive_pressures_applied:rank_asc:page:14,urn:gd:story:classification:gcp_defending:competitionId:285023:defensive_pressures_applied:rank_asc:page:14
405178,285023_43971,Manuel Akanji,Switzerland,DF,0,9,22,12,defense,urn:gd:story:classification:gcp_defending:competitionId:285023:defensive_pressures_applied:rank_asc:page:14,urn:gd:story:classification:gcp_defending:competitionId:285023:defensive_pressures_applied:rank_asc:page:14
430098,285023_43967,Lyndon Dykes,Scotland,FW,0,3,22,3,defense,urn:gd:story:classification:gcp_defending:competitionId:285023:defensive_pressures_applied:rank_asc:page:14,urn:gd:story:classification:gcp_defending:competitionId:285023:defensive_pressures_applied:rank_asc:page:14
430601,285023_43924,Gabriel Magalhaes,Brazil,DF,0,7,22,8,defense,urn:gd:story:classification:gcp_defending:competitionId:285023:defensive_pressures_applied:rank_asc:page:14,urn:gd:story:classification:gcp_defending:competitionId:285023:defensive_pressures_applied:rank_asc:page:14
394376,285023_43926,Deiver Machado,Colombia,DF,0,4,21,2,defense,urn:gd:story:classification:gcp_defending:competitionId:285023:defensive_pressures_applied:rank_asc:page:14,urn:gd:story:classification:gcp_defending:competitionId:285023:defensive_pressures_applied:rank_asc:page:14
418715,285023_43914,Jose Cordoba,Panama,DF,0,7,21,12,defense,urn:gd:story:classification:gcp_defending:competitionId:285023:defensive_pressures_applied:rank_asc:page:14,urn:gd:story:classification:gcp_defending:competitionId:285023:defensive_pressures_applied:rank_asc:page:14
368546,285023_44005,Igor Sergeev,Uzbekistan,FW,0,0,21,2,defense,urn:gd:story:classification:gcp_defending:competitionId:285023:defensive_pressures_applied:rank_asc:page:14,urn:gd:story:classification:gcp_defending:competitionId:285023:defensive_pressures_applied:rank_asc:page:14
261367,285023_43978,Michael Boxall,New Zealand,DF,0,4,21,12,defense,urn:gd:story:classification:gcp_defending:competitionId:285023:defensive_pressures_applied:rank_asc:page:14,urn:gd:story:classification:gcp_defending:competitionId:285023:defensive_pressures_applied:rank_asc:page:14
339112,285023_43976,Jason Geria,Australia,DF,0,1,21,3,defense,urn:gd:story:classification:gcp_defending:competitionId:285023:defensive_pressures_applied:rank_asc:page:14,urn:gd:story:classification:gcp_defending:competitionId:285023:defensive_pressures_applied:rank_asc:page:14
385067,285023_43834,Boualem Khoukhi,Qatar,DF,0,5,21,12,defense,urn:gd:story:classification:gcp_defending:competitionId:285023:defensive_pressures_applied:rank_asc:page:14,urn:gd:story:classification:gcp_defending:competitionId:285023:defensive_pressures_applied:rank_asc:page:14
448363,285023_43908,Hannes Delcroix,Haiti,DF,0,9,21,9,defense,urn:gd:story:classification:gcp_defending:competitionId:285023:defensive_pressures_applied:rank_asc:page:14,urn:gd:story:classification:gcp_defending:competitionId:285023:defensive_pressures_applied:rank_asc:page:14
430690,285023_43879,Moussa Niakhate,Senegal,DF,0,12,21,4,defense,urn:gd:story:classification:gcp_defending:competitionId:285023:defensive_pressures_applied:rank_asc:page:14,urn:gd:story:classification:gcp_defending:competitionId:285023:defensive_pressures_applied:rank_asc:page:14
339820,285023_43879,Kalidou Koulibaly,Senegal,DF,0,3,21,5,defense,urn:gd:story:classification:gcp_defending:competitionId:285023:defensive_pressures_applied:rank_asc:page:14,urn:gd:story:classification:gcp_defending:competitionId:285023:defensive_pressures_applied:rank_asc:page:14
483530,285023_43961,Fredrik Andre Bjorkan,Norway,DF,0,2,21,2,defense,urn:gd:story:classification:gcp_defending:competitionId:285023:defensive_pressures_applied:rank_asc:page:14,urn:gd:story:classification:gcp_defending:competitionId:285023:defensive_pressures_applied:rank_asc:page:14
448364,285023_43935,Amadou Onana,Belgium,MF,0,15,21,6,defense,urn:gd:story:classification:gcp_defending:competitionId:285023:defensive_pressures_applied:rank_asc:page:14,urn:gd:story:classification:gcp_defending:competitionId:285023:defensive_pressures_applied:rank_asc:page:14
448157,285023_43960,Guus Til,Netherlands,MF,0,1,20,1,defense,urn:gd:story:classification:gcp_defending:competitionId:285023:defensive_pressures_applied:rank_asc:page:14,urn:gd:story:classification:gcp_defending:competitionId:285023:defensive_pressures_applied:rank_asc:page:14
379953,285023_43948,Leon Goretzka,Germany,MF,0,3,20,2,defense,urn:gd:story:classification:gcp_defending:competitionId:285023:defensive_pressures_applied:rank_asc:page:14,urn:gd:story:classification:gcp_defending:competitionId:285023:defensive_pressures_applied:rank_asc:page:14
379886,285023_43817,Alireza Jahanbakhsh,IR Iran,MF,0,2,20,0,defense,urn:gd:story:classification:gcp_defending:competitionId:285023:defensive_pressures_applied:rank_asc:page:14,urn:gd:story:classification:gcp_defending:competitionId:285023:defensive_pressures_applied:rank_asc:page:14
403063,285023_20014,Axel Tuanzebe,Congo DR,DF,0,6,20,10,defense,urn:gd:story:classification:gcp_defending:competitionId:285023:defensive_pressures_applied:rank_asc:page:14,urn:gd:story:classification:gcp_defending:competitionId:285023:defensive_pressures_applied:rank_asc:page:14
477833,285023_20014,Joris Kayembe,Congo DR,DF,0,4,20,5,defense,urn:gd:story:classification:gcp_defending:competitionId:285023:defensive_pressures_applied:rank_asc:page:14,urn:gd:story:classification:gcp_defending:competitionId:285023:defensive_pressures_applied:rank_asc:page:14
486614,285023_43834,Alhashmi Alhussein,Qatar,DF,0,2,20,8,defense,urn:gd:story:classification:gcp_defending:competitionId:285023:defensive_pressures_applied:rank_asc:page:14,urn:gd:story:classification:gcp_defending:competitionId:285023:defensive_pressures_applied:rank_asc:page:14
479553,285023_43818,Hussein Ali,Iraq,DF,0,9,20,3,defense,urn:gd:story:classification:gcp_defending:competitionId:285023:defensive_pressures_applied:rank_asc:page:14,urn:gd:story:classification:gcp_defending:competitionId:285023:defensive_pressures_applied:rank_asc:page:14
345059,285023_43834,Abdulaziz Hatem,Qatar,MF,0,1,20,0,defense,urn:gd:story:classification:gcp_defending:competitionId:285023:defensive_pressures_applied:rank_asc:page:14,urn:gd:story:classification:gcp_defending:competitionId:285023:defensive_pressures_applied:rank_asc:page:14
461177,285023_43911,Obed Vargas,Mexico,MF,0,3,20,2,defense,urn:gd:story:classification:gcp_defending:competitionId:285023:defensive_pressures_applied:rank_asc:page:14,urn:gd:story:classification:gcp_defending:competitionId:285023:defensive_pressures_applied:rank_asc:page:14
372342,285023_43914,Ismael Diaz,Panama,MF,0,3,20,1,defense,urn:gd:story:classification:gcp_defending:competitionId:285023:defensive_pressures_applied:rank_asc:page:14,urn:gd:story:classification:gcp_defending:competitionId:285023:defensive_pressures_applied:rank_asc:page:14
368660,285023_43930,Guillermo Varela,Uruguay,DF,0,8,20,5,defense,urn:gd:story:classification:gcp_defending:competitionId:285023:defensive_pressures_applied:rank_asc:page:14,urn:gd:story:classification:gcp_defending:competitionId:285023:defensive_pressures_applied:rank_asc:page:14
441622,285023_43926,Jhon Lucumi,Colombia,DF,0,9,20,7,defense,urn:gd:story:classification:gcp_defending:competitionId:285023:defensive_pressures_applied:rank_asc:page:14,urn:gd:story:classification:gcp_defending:competitionId:285023:defensive_pressures_applied:rank_asc:page:14
447855,285023_43969,Nico Williams,Spain,FW,0,3,20,0,defense,urn:gd:story:classification:gcp_defending:competitionId:285023:defensive_pressures_applied:rank_asc:page:14,urn:gd:story:classification:gcp_defending:competitionId:285023:defensive_pressures_applied:rank_asc:page:14
519985,285023_43995,Denis Visinsky,Czechia,FW,0,4,20,0,defense,urn:gd:story:classification:gcp_defending:competitionId:285023:defensive_pressures_applied:rank_asc:page:14,urn:gd:story:classification:gcp_defending:competitionId:285023:defensive_pressures_applied:rank_asc:page:14
406606,285023_43976,Awer Mabil,Australia,FW,0,1,20,0,defense,urn:gd:story:classification:gcp_defending:competitionId:285023:defensive_pressures_applied:rank_asc:page:14,urn:gd:story:classification:gcp_defending:competitionId:285023:defensive_pressures_applied:rank_asc:page:14
486260,285023_43854,Christopher Operi,Côte d'Ivoire,DF,0,4,20,3,defense,urn:gd:story:classification:gcp_defending:competitionId:285023:defensive_pressures_applied:rank_asc:page:14,urn:gd:story:classification:gcp_defending:competitionId:285023:defensive_pressures_applied:rank_asc:page:14
448662,285023_43888,Elias Achouri,Tunisia,FW,0,1,19,6,defense,urn:gd:story:classification:gcp_defending:competitionId:285023:defensive_pressures_applied:rank_asc:page:14,urn:gd:story:classification:gcp_defending:competitionId:285023:defensive_pressures_applied:rank_asc:page:14
482783,285023_43850,Wagner Pina,Cabo Verde,DF,0,4,19,2,defense,urn:gd:story:classification:gcp_defending:competitionId:285023:defensive_pressures_applied:rank_asc:page:14,urn:gd:story:classification:gcp_defending:competitionId:285023:defensive_pressures_applied:rank_asc:page:14
494351,285023_43860,Jonas Adjetey,Ghana,DF,0,3,19,6,defense,urn:gd:story:classification:gcp_defending:competitionId:285023:defensive_pressures_applied:rank_asc:page:14,urn:gd:story:classification:gcp_defending:competitionId:285023:defensive_pressures_applied:rank_asc:page:14
448390,285023_43899,Mathieu Choiniere,Canada,MF,0,2,19,2,defense,urn:gd:story:classification:gcp_defending:competitionId:285023:defensive_pressures_applied:rank_asc:page:14,urn:gd:story:classification:gcp_defending:competitionId:285023:defensive_pressures_applied:rank_asc:page:14
423700,285023_43921,Joe Scally,USA,DF,0,4,19,4,defense,urn:gd:story:classification:gcp_defending:competitionId:285023:defensive_pressures_applied:rank_asc:page:14,urn:gd:story:classification:gcp_defending:competitionId:285023:defensive_pressures_applied:rank_asc:page:14
337251,285023_43914,Cecilio Waterman,Panama,FW,0,7,19,2,defense,urn:gd:story:classification:gcp_defending:competitionId:285023:defensive_pressures_applied:rank_asc:page:14,urn:gd:story:classification:gcp_defending:competitionId:285023:defensive_pressures_applied:rank_asc:page:14
494627,285023_43961,Thelo Aasgaard,Norway,MF,0,3,19,3,defense,urn:gd:story:classification:gcp_defending:competitionId:285023:defensive_pressures_applied:rank_asc:page:14,urn:gd:story:classification:gcp_defending:competitionId:285023:defensive_pressures_applied:rank_asc:page:14
336088,285023_43960,Nathan Ake,Netherlands,DF,0,8,19,4,defense,urn:gd:story:classification:gcp_defending:competitionId:285023:defensive_pressures_applied:rank_asc:page:14,urn:gd:story:classification:gcp_defending:competitionId:285023:defensive_pressures_applied:rank_asc:page:14
520071,285023_43843,Nadhir Benbouali,Algeria,FW,0,6,19,4,defense,urn:gd:story:classification:gcp_defending:competitionId:285023:defensive_pressures_applied:rank_asc:page:14,urn:gd:story:classification:gcp_defending:competitionId:285023:defensive_pressures_applied:rank_asc:page:14
441317,285023_20014,Theo Bongonda,Congo DR,MF,0,1,19,2,defense,urn:gd:story:classification:gcp_defending:competitionId:285023:defensive_pressures_applied:rank_asc:page:14,urn:gd:story:classification:gcp_defending:competitionId:285023:defensive_pressures_applied:rank_asc:page:14
492315,285023_43822,Lee Gihyuk,Korea Republic,MF,0,6,19,4,defense,urn:gd:story:classification:gcp_defending:competitionId:285023:defensive_pressures_applied:rank_asc:page:14,urn:gd:story:classification:gcp_defending:competitionId:285023:defensive_pressures_applied:rank_asc:page:14
482869,285023_43843,Jaouen Hadjam,Algeria,DF,0,8,19,5,defense,urn:gd:story:classification:gcp_defending:competitionId:285023:defensive_pressures_applied:rank_asc:page:14,urn:gd:story:classification:gcp_defending:competitionId:285023:defensive_pressures_applied:rank_asc:page:14
376285,285023_43843,Aissa Mandi,Algeria,DF,0,14,19,6,defense,urn:gd:story:classification:gcp_defending:competitionId:285023:defensive_pressures_applied:rank_asc:page:14,urn:gd:story:classification:gcp_defending:competitionId:285023:defensive_pressures_applied:rank_asc:page:14
448580,285023_43822,Kim Moonhwan,Korea Republic,DF,0,11,19,2,defense,urn:gd:story:classification:gcp_defending:competitionId:285023:defensive_pressures_applied:rank_asc:page:14,urn:gd:story:classification:gcp_defending:competitionId:285023:defensive_pressures_applied:rank_asc:page:14
430144,285023_43969,Pedro Porro,Spain,DF,0,10,19,6,defense,urn:gd:story:classification:gcp_defending:competitionId:285023:defensive_pressures_applied:rank_asc:page:14,urn:gd:story:classification:gcp_defending:competitionId:285023:defensive_pressures_applied:rank_asc:page:14
335999,285023_43969,Aymeric Laporte,Spain,DF,0,16,19,2,defense,urn:gd:story:classification:gcp_defending:competitionId:285023:defensive_pressures_applied:rank_asc:page:14,urn:gd:story:classification:gcp_defending:competitionId:285023:defensive_pressures_applied:rank_asc:page:14
430442,285023_43976,Harry Souttar,Australia,DF,0,4,18,6,defense,urn:gd:story:classification:gcp_defending:competitionId:285023:defensive_pressures_applied:rank_asc:page:14,urn:gd:story:classification:gcp_defending:competitionId:285023:defensive_pressures_applied:rank_asc:page:14
483496,285023_43961,Julian Ryerson,Norway,FW,0,18,18,4,defense,urn:gd:story:classification:gcp_defending:competitionId:285023:defensive_pressures_applied:rank_asc:page:14,urn:gd:story:classification:gcp_defending:competitionId:285023:defensive_pressures_applied:rank_asc:page:14
504193,285023_43883,Tshepang Moremi,South Africa,FW,0,1,18,1,defense,urn:gd:story:classification:gcp_defending:competitionId:285023:defensive_pressures_applied:rank_asc:page:15,urn:gd:story:classification:gcp_defending:competitionId:285023:defensive_pressures_applied:rank_asc:page:15
494375,285023_43888,Firas Chaouat,Tunisia,FW,0,0,18,0,defense,urn:gd:story:classification:gcp_defending:competitionId:285023:defensive_pressures_applied:rank_asc:page:15,urn:gd:story:classification:gcp_defending:competitionId:285023:defensive_pressures_applied:rank_asc:page:15
424071,285023_43872,Anass Salah Eddine,Morocco,DF,0,0,18,8,defense,urn:gd:story:classification:gcp_defending:competitionId:285023:defensive_pressures_applied:rank_asc:page:15,urn:gd:story:classification:gcp_defending:competitionId:285023:defensive_pressures_applied:rank_asc:page:15
500038,285023_43911,Mateo Chavez,Mexico,DF,0,5,18,3,defense,urn:gd:story:classification:gcp_defending:competitionId:285023:defensive_pressures_applied:rank_asc:page:15,urn:gd:story:classification:gcp_defending:competitionId:285023:defensive_pressures_applied:rank_asc:page:15
463465,285023_43927,Joel Ordonez,Ecuador,DF,0,7,18,5,defense,urn:gd:story:classification:gcp_defending:competitionId:285023:defensive_pressures_applied:rank_asc:page:15,urn:gd:story:classification:gcp_defending:competitionId:285023:defensive_pressures_applied:rank_asc:page:15
403293,285023_43819,Koki Ogawa,Japan,FW,0,3,18,0,defense,urn:gd:story:classification:gcp_defending:competitionId:285023:defensive_pressures_applied:rank_asc:page:15,urn:gd:story:classification:gcp_defending:competitionId:285023:defensive_pressures_applied:rank_asc:page:15
504329,285023_20014,Steve Kapuadi,Congo DR,DF,0,6,18,6,defense,urn:gd:story:classification:gcp_defending:competitionId:285023:defensive_pressures_applied:rank_asc:page:15,urn:gd:story:classification:gcp_defending:competitionId:285023:defensive_pressures_applied:rank_asc:page:15
419436,285023_43834,Ahmed Alganehi,Qatar,MF,0,3,18,4,defense,urn:gd:story:classification:gcp_defending:competitionId:285023:defensive_pressures_applied:rank_asc:page:15,urn:gd:story:classification:gcp_defending:competitionId:285023:defensive_pressures_applied:rank_asc:page:15
506069,285023_43818,Kevin Yakob,Iraq,MF,0,1,18,2,defense,urn:gd:story:classification:gcp_defending:competitionId:285023:defensive_pressures_applied:rank_asc:page:15,urn:gd:story:classification:gcp_defending:competitionId:285023:defensive_pressures_applied:rank_asc:page:15
434029,285023_43818,Ali Yousif,Iraq,FW,0,2,17,1,defense,urn:gd:story:classification:gcp_defending:competitionId:285023:defensive_pressures_applied:rank_asc:page:15,urn:gd:story:classification:gcp_defending:competitionId:285023:defensive_pressures_applied:rank_asc:page:15
390534,285023_43817,Hossein Kanani,IR Iran,DF,0,2,17,5,defense,urn:gd:story:classification:gcp_defending:competitionId:285023:defensive_pressures_applied:rank_asc:page:15,urn:gd:story:classification:gcp_defending:competitionId:285023:defensive_pressures_applied:rank_asc:page:15
433380,285023_43888,Montassar Talbi,Tunisia,DF,0,5,17,6,defense,urn:gd:story:classification:gcp_defending:competitionId:285023:defensive_pressures_applied:rank_asc:page:15,urn:gd:story:classification:gcp_defending:competitionId:285023:defensive_pressures_applied:rank_asc:page:15
424106,285023_43855,Haissem Hassan,Egypt,FW,0,0,17,0,defense,urn:gd:story:classification:gcp_defending:competitionId:285023:defensive_pressures_applied:rank_asc:page:15,urn:gd:story:classification:gcp_defending:competitionId:285023:defensive_pressures_applied:rank_asc:page:15
433367,285023_43888,Omar Rekik,Tunisia,DF,0,5,17,5,defense,urn:gd:story:classification:gcp_defending:competitionId:285023:defensive_pressures_applied:rank_asc:page:15,urn:gd:story:classification:gcp_defending:competitionId:285023:defensive_pressures_applied:rank_asc:page:15
518200,285023_43976,Tete Yengi,Australia,FW,0,1,17,2,defense,urn:gd:story:classification:gcp_defending:competitionId:285023:defensive_pressures_applied:rank_asc:page:15,urn:gd:story:classification:gcp_defending:competitionId:285023:defensive_pressures_applied:rank_asc:page:15
384752,285023_43963,Ruben Dias,Portugal,DF,0,10,17,5,defense,urn:gd:story:classification:gcp_defending:competitionId:285023:defensive_pressures_applied:rank_asc:page:15,urn:gd:story:classification:gcp_defending:competitionId:285023:defensive_pressures_applied:rank_asc:page:15
448171,285023_43938,Josip Sutalo,Croatia,DF,0,4,17,9,defense,urn:gd:story:classification:gcp_defending:competitionId:285023:defensive_pressures_applied:rank_asc:page:15,urn:gd:story:classification:gcp_defending:competitionId:285023:defensive_pressures_applied:rank_asc:page:15
332847,285023_43922,Leandro Paredes,Argentina,MF,0,4,17,3,defense,urn:gd:story:classification:gcp_defending:competitionId:285023:defensive_pressures_applied:rank_asc:page:15,urn:gd:story:classification:gcp_defending:competitionId:285023:defensive_pressures_applied:rank_asc:page:15
520066,285023_43928,Jose Canale,Paraguay,DF,0,2,17,4,defense,urn:gd:story:classification:gcp_defending:competitionId:285023:defensive_pressures_applied:rank_asc:page:15,urn:gd:story:classification:gcp_defending:competitionId:285023:defensive_pressures_applied:rank_asc:page:15
466372,285023_1895293,Gervane Kastaneer,Curaçao,FW,0,0,17,3,defense,urn:gd:story:classification:gcp_defending:competitionId:285023:defensive_pressures_applied:rank_asc:page:15,urn:gd:story:classification:gcp_defending:competitionId:285023:defensive_pressures_applied:rank_asc:page:15
442428,285023_43967,Aaron Hickey,Scotland,DF,0,1,16,5,defense,urn:gd:story:classification:gcp_defending:competitionId:285023:defensive_pressures_applied:rank_asc:page:15,urn:gd:story:classification:gcp_defending:competitionId:285023:defensive_pressures_applied:rank_asc:page:15
484113,285023_43972,Ferdi Kadioglu,Türkiye,DF,0,0,16,7,defense,urn:gd:story:classification:gcp_defending:competitionId:285023:defensive_pressures_applied:rank_asc:page:15,urn:gd:story:classification:gcp_defending:competitionId:285023:defensive_pressures_applied:rank_asc:page:15
481183,285023_43818,Akam Hashim,Iraq,DF,0,3,16,7,defense,urn:gd:story:classification:gcp_defending:competitionId:285023:defensive_pressures_applied:rank_asc:page:15,urn:gd:story:classification:gcp_defending:competitionId:285023:defensive_pressures_applied:rank_asc:page:15
430385,285023_43822,Kim Jingyu,Korea Republic,MF,0,3,16,3,defense,urn:gd:story:classification:gcp_defending:competitionId:285023:defensive_pressures_applied:rank_asc:page:15,urn:gd:story:classification:gcp_defending:competitionId:285023:defensive_pressures_applied:rank_asc:page:15
448522,285023_43860,Alidu Seidu,Ghana,DF,0,0,16,6,defense,urn:gd:story:classification:gcp_defending:competitionId:285023:defensive_pressures_applied:rank_asc:page:15,urn:gd:story:classification:gcp_defending:competitionId:285023:defensive_pressures_applied:rank_asc:page:15
385030,285023_43914,Fidel Escobar,Panama,DF,0,2,16,5,defense,urn:gd:story:classification:gcp_defending:competitionId:285023:defensive_pressures_applied:rank_asc:page:15,urn:gd:story:classification:gcp_defending:competitionId:285023:defensive_pressures_applied:rank_asc:page:15
390278,285023_43921,Alex Zendejas,USA,FW,0,1,16,2,defense,urn:gd:story:classification:gcp_defending:competitionId:285023:defensive_pressures_applied:rank_asc:page:15,urn:gd:story:classification:gcp_defending:competitionId:285023:defensive_pressures_applied:rank_asc:page:15
491244,285023_43961,Torbjorn Heggem,Norway,DF,0,0,16,6,defense,urn:gd:story:classification:gcp_defending:competitionId:285023:defensive_pressures_applied:rank_asc:page:15,urn:gd:story:classification:gcp_defending:competitionId:285023:defensive_pressures_applied:rank_asc:page:15
484848,285023_43948,Pascal Gross,Germany,MF,0,1,15,1,defense,urn:gd:story:classification:gcp_defending:competitionId:285023:defensive_pressures_applied:rank_asc:page:15,urn:gd:story:classification:gcp_defending:competitionId:285023:defensive_pressures_applied:rank_asc:page:15
491218,285023_43948,Jamie Leweling,Germany,MF,0,2,15,4,defense,urn:gd:story:classification:gcp_defending:competitionId:285023:defensive_pressures_applied:rank_asc:page:15,urn:gd:story:classification:gcp_defending:competitionId:285023:defensive_pressures_applied:rank_asc:page:15
514166,285023_43935,Nathan Ngoy,Belgium,DF,0,2,15,9,defense,urn:gd:story:classification:gcp_defending:competitionId:285023:defensive_pressures_applied:rank_asc:page:15,urn:gd:story:classification:gcp_defending:competitionId:285023:defensive_pressures_applied:rank_asc:page:15
463286,285023_43934,Patrick Wimmer,Austria,FW,0,4,15,6,defense,urn:gd:story:classification:gcp_defending:competitionId:285023:defensive_pressures_applied:rank_asc:page:15,urn:gd:story:classification:gcp_defending:competitionId:285023:defensive_pressures_applied:rank_asc:page:15
433092,285023_43935,Alexis Saelemaekers,Belgium,MF,0,3,15,1,defense,urn:gd:story:classification:gcp_defending:competitionId:285023:defensive_pressures_applied:rank_asc:page:15,urn:gd:story:classification:gcp_defending:competitionId:285023:defensive_pressures_applied:rank_asc:page:15
430147,285023_43967,Jack Hendry,Scotland,DF,0,2,15,4,defense,urn:gd:story:classification:gcp_defending:competitionId:285023:defensive_pressures_applied:rank_asc:page:15,urn:gd:story:classification:gcp_defending:competitionId:285023:defensive_pressures_applied:rank_asc:page:15
510908,285023_43971,Luca Jaquez,Switzerland,DF,0,3,15,4,defense,urn:gd:story:classification:gcp_defending:competitionId:285023:defensive_pressures_applied:rank_asc:page:15,urn:gd:story:classification:gcp_defending:competitionId:285023:defensive_pressures_applied:rank_asc:page:15
514202,285023_43970,Taha Ali,Sweden,FW,0,4,15,0,defense,urn:gd:story:classification:gcp_defending:competitionId:285023:defensive_pressures_applied:rank_asc:page:15,urn:gd:story:classification:gcp_defending:competitionId:285023:defensive_pressures_applied:rank_asc:page:15
416652,285023_43978,Jesse Randall,New Zealand,FW,0,3,15,2,defense,urn:gd:story:classification:gcp_defending:competitionId:285023:defensive_pressures_applied:rank_asc:page:15,urn:gd:story:classification:gcp_defending:competitionId:285023:defensive_pressures_applied:rank_asc:page:15
419062,285023_43921,Chris Richards,USA,DF,0,3,15,9,defense,urn:gd:story:classification:gcp_defending:competitionId:285023:defensive_pressures_applied:rank_asc:page:15,urn:gd:story:classification:gcp_defending:competitionId:285023:defensive_pressures_applied:rank_asc:page:15
419132,285023_43930,Brian Rodriguez,Uruguay,FW,0,2,15,1,defense,urn:gd:story:classification:gcp_defending:competitionId:285023:defensive_pressures_applied:rank_asc:page:15,urn:gd:story:classification:gcp_defending:competitionId:285023:defensive_pressures_applied:rank_asc:page:15
477825,285023_43854,Odilon Kossounou,Côte d'Ivoire,DF,0,2,15,6,defense,urn:gd:story:classification:gcp_defending:competitionId:285023:defensive_pressures_applied:rank_asc:page:15,urn:gd:story:classification:gcp_defending:competitionId:285023:defensive_pressures_applied:rank_asc:page:15
418781,285023_43879,Bamba Dieng,Senegal,FW,0,2,15,0,defense,urn:gd:story:classification:gcp_defending:competitionId:285023:defensive_pressures_applied:rank_asc:page:15,urn:gd:story:classification:gcp_defending:competitionId:285023:defensive_pressures_applied:rank_asc:page:15
463221,285023_43883,Nkosinathi Sibisi,South Africa,DF,0,2,15,6,defense,urn:gd:story:classification:gcp_defending:competitionId:285023:defensive_pressures_applied:rank_asc:page:15,urn:gd:story:classification:gcp_defending:competitionId:285023:defensive_pressures_applied:rank_asc:page:15
379955,285023_43948,Antonio Ruediger,Germany,DF,0,5,14,4,defense,urn:gd:story:classification:gcp_defending:competitionId:285023:defensive_pressures_applied:rank_asc:page:15,urn:gd:story:classification:gcp_defending:competitionId:285023:defensive_pressures_applied:rank_asc:page:15
422968,285023_43818,Mohanad Ali,Iraq,FW,0,1,14,1,defense,urn:gd:story:classification:gcp_defending:competitionId:285023:defensive_pressures_applied:rank_asc:page:15,urn:gd:story:classification:gcp_defending:competitionId:285023:defensive_pressures_applied:rank_asc:page:15
483961,285023_43995,Tomas Chory,Czechia,FW,0,0,14,1,defense,urn:gd:story:classification:gcp_defending:competitionId:285023:defensive_pressures_applied:rank_asc:page:15,urn:gd:story:classification:gcp_defending:competitionId:285023:defensive_pressures_applied:rank_asc:page:15
382312,285023_43976,Cameron Burgess,Australia,DF,1,2,14,9,defense,urn:gd:story:classification:gcp_defending:competitionId:285023:defensive_pressures_applied:rank_asc:page:15,urn:gd:story:classification:gcp_defending:competitionId:285023:defensive_pressures_applied:rank_asc:page:15
448112,285023_43971,Zeki Amdouni,Switzerland,FW,0,1,14,4,defense,urn:gd:story:classification:gcp_defending:competitionId:285023:defensive_pressures_applied:rank_asc:page:15,urn:gd:story:classification:gcp_defending:competitionId:285023:defensive_pressures_applied:rank_asc:page:15
483312,285023_43970,Isak Hien,Sweden,DF,0,13,13,8,defense,urn:gd:story:classification:gcp_defending:competitionId:285023:defensive_pressures_applied:rank_asc:page:15,urn:gd:story:classification:gcp_defending:competitionId:285023:defensive_pressures_applied:rank_asc:page:15
482775,285023_43978,Tyler Bindon,New Zealand,DF,0,4,13,4,defense,urn:gd:story:classification:gcp_defending:competitionId:285023:defensive_pressures_applied:rank_asc:page:15,urn:gd:story:classification:gcp_defending:competitionId:285023:defensive_pressures_applied:rank_asc:page:15
474973,285023_43969,Pau Cubarsi,Spain,DF,0,5,13,6,defense,urn:gd:story:classification:gcp_defending:competitionId:285023:defensive_pressures_applied:rank_asc:page:15,urn:gd:story:classification:gcp_defending:competitionId:285023:defensive_pressures_applied:rank_asc:page:15
405841,285023_43942,Marc Guehi,England,DF,0,4,13,4,defense,urn:gd:story:classification:gcp_defending:competitionId:285023:defensive_pressures_applied:rank_asc:page:16,urn:gd:story:classification:gcp_defending:competitionId:285023:defensive_pressures_applied:rank_asc:page:16
403094,285023_43946,Jean Philippe Mateta,France,FW,0,0,13,2,defense,urn:gd:story:classification:gcp_defending:competitionId:285023:defensive_pressures_applied:rank_asc:page:16,urn:gd:story:classification:gcp_defending:competitionId:285023:defensive_pressures_applied:rank_asc:page:16
430658,285023_43948,Waldemar Anton,Germany,DF,0,1,13,3,defense,urn:gd:story:classification:gcp_defending:competitionId:285023:defensive_pressures_applied:rank_asc:page:16,urn:gd:story:classification:gcp_defending:competitionId:285023:defensive_pressures_applied:rank_asc:page:16
448174,285023_43938,Marin Pongracic,Croatia,DF,0,6,13,7,defense,urn:gd:story:classification:gcp_defending:competitionId:285023:defensive_pressures_applied:rank_asc:page:16,urn:gd:story:classification:gcp_defending:competitionId:285023:defensive_pressures_applied:rank_asc:page:16
403236,285023_43817,Mehdi Ghayedi,IR Iran,FW,0,3,13,2,defense,urn:gd:story:classification:gcp_defending:competitionId:285023:defensive_pressures_applied:rank_asc:page:16,urn:gd:story:classification:gcp_defending:competitionId:285023:defensive_pressures_applied:rank_asc:page:16
416989,285023_43817,Ali Alipour,IR Iran,FW,0,2,13,4,defense,urn:gd:story:classification:gcp_defending:competitionId:285023:defensive_pressures_applied:rank_asc:page:16,urn:gd:story:classification:gcp_defending:competitionId:285023:defensive_pressures_applied:rank_asc:page:16
512132,285023_43843,Adil Boulbina,Algeria,FW,0,1,13,0,defense,urn:gd:story:classification:gcp_defending:competitionId:285023:defensive_pressures_applied:rank_asc:page:16,urn:gd:story:classification:gcp_defending:competitionId:285023:defensive_pressures_applied:rank_asc:page:16
511828,285023_43822,Castrop Jens,Korea Republic,DF,0,2,13,5,defense,urn:gd:story:classification:gcp_defending:competitionId:285023:defensive_pressures_applied:rank_asc:page:16,urn:gd:story:classification:gcp_defending:competitionId:285023:defensive_pressures_applied:rank_asc:page:16
405639,285023_43817,Amirhossein Hosseinzadeh,IR Iran,FW,0,3,13,3,defense,urn:gd:story:classification:gcp_defending:competitionId:285023:defensive_pressures_applied:rank_asc:page:16,urn:gd:story:classification:gcp_defending:competitionId:285023:defensive_pressures_applied:rank_asc:page:16
390535,285023_43817,Mehdi Torabi,IR Iran,MF,0,1,13,1,defense,urn:gd:story:classification:gcp_defending:competitionId:285023:defensive_pressures_applied:rank_asc:page:16,urn:gd:story:classification:gcp_defending:competitionId:285023:defensive_pressures_applied:rank_asc:page:16
395088,285023_43822,Kim Minjae,Korea Republic,DF,0,3,13,4,defense,urn:gd:story:classification:gcp_defending:competitionId:285023:defensive_pressures_applied:rank_asc:page:16,urn:gd:story:classification:gcp_defending:competitionId:285023:defensive_pressures_applied:rank_asc:page:16
430387,285023_43822,Cho Guesung,Korea Republic,FW,0,4,13,1,defense,urn:gd:story:classification:gcp_defending:competitionId:285023:defensive_pressures_applied:rank_asc:page:16,urn:gd:story:classification:gcp_defending:competitionId:285023:defensive_pressures_applied:rank_asc:page:16
395516,285023_43911,Cesar Montes,Mexico,DF,0,8,13,4,defense,urn:gd:story:classification:gcp_defending:competitionId:285023:defensive_pressures_applied:rank_asc:page:16,urn:gd:story:classification:gcp_defending:competitionId:285023:defensive_pressures_applied:rank_asc:page:16
386458,285023_43928,Alejandro Romero Gamarra,Paraguay,FW,0,3,13,5,defense,urn:gd:story:classification:gcp_defending:competitionId:285023:defensive_pressures_applied:rank_asc:page:16,urn:gd:story:classification:gcp_defending:competitionId:285023:defensive_pressures_applied:rank_asc:page:16
310116,285023_43922,Nicolas Otamendi,Argentina,DF,0,1,12,7,defense,urn:gd:story:classification:gcp_defending:competitionId:285023:defensive_pressures_applied:rank_asc:page:16,urn:gd:story:classification:gcp_defending:competitionId:285023:defensive_pressures_applied:rank_asc:page:16
315614,285023_43926,Santiago Arias,Colombia,DF,0,5,12,1,defense,urn:gd:story:classification:gcp_defending:competitionId:285023:defensive_pressures_applied:rank_asc:page:16,urn:gd:story:classification:gcp_defending:competitionId:285023:defensive_pressures_applied:rank_asc:page:16
419005,285023_43927,Jordy Alcivar,Ecuador,MF,0,1,12,7,defense,urn:gd:story:classification:gcp_defending:competitionId:285023:defensive_pressures_applied:rank_asc:page:16,urn:gd:story:classification:gcp_defending:competitionId:285023:defensive_pressures_applied:rank_asc:page:16
463125,285023_43928,Ramon Sosa,Paraguay,MF,0,0,12,1,defense,urn:gd:story:classification:gcp_defending:competitionId:285023:defensive_pressures_applied:rank_asc:page:16,urn:gd:story:classification:gcp_defending:competitionId:285023:defensive_pressures_applied:rank_asc:page:16
402985,285023_43927,Jordy Caicedo,Ecuador,FW,0,1,12,1,defense,urn:gd:story:classification:gcp_defending:competitionId:285023:defensive_pressures_applied:rank_asc:page:16,urn:gd:story:classification:gcp_defending:competitionId:285023:defensive_pressures_applied:rank_asc:page:16
405755,285023_43926,Jaminton Campaz,Colombia,FW,0,1,12,0,defense,urn:gd:story:classification:gcp_defending:competitionId:285023:defensive_pressures_applied:rank_asc:page:16,urn:gd:story:classification:gcp_defending:competitionId:285023:defensive_pressures_applied:rank_asc:page:16
520217,285023_43967,Findlay Curtis,Scotland,FW,0,1,12,0,defense,urn:gd:story:classification:gcp_defending:competitionId:285023:defensive_pressures_applied:rank_asc:page:16,urn:gd:story:classification:gcp_defending:competitionId:285023:defensive_pressures_applied:rank_asc:page:16
406231,285023_43972,Yunus Akgun,Türkiye,FW,0,3,12,4,defense,urn:gd:story:classification:gcp_defending:competitionId:285023:defensive_pressures_applied:rank_asc:page:16,urn:gd:story:classification:gcp_defending:competitionId:285023:defensive_pressures_applied:rank_asc:page:16
395984,285023_43883,Themba Zwane,South Africa,MF,0,2,12,0,defense,urn:gd:story:classification:gcp_defending:competitionId:285023:defensive_pressures_applied:rank_asc:page:16,urn:gd:story:classification:gcp_defending:competitionId:285023:defensive_pressures_applied:rank_asc:page:16
494313,285023_43850,Yannick Semedo,Cabo Verde,MF,0,3,12,1,defense,urn:gd:story:classification:gcp_defending:competitionId:285023:defensive_pressures_applied:rank_asc:page:16,urn:gd:story:classification:gcp_defending:competitionId:285023:defensive_pressures_applied:rank_asc:page:16
485767,285023_43872,Redouane Halhal,Morocco,DF,0,4,12,9,defense,urn:gd:story:classification:gcp_defending:competitionId:285023:defensive_pressures_applied:rank_asc:page:16,urn:gd:story:classification:gcp_defending:competitionId:285023:defensive_pressures_applied:rank_asc:page:16
433461,285023_43855,Zizo,Egypt,FW,0,4,12,1,defense,urn:gd:story:classification:gcp_defending:competitionId:285023:defensive_pressures_applied:rank_asc:page:16,urn:gd:story:classification:gcp_defending:competitionId:285023:defensive_pressures_applied:rank_asc:page:16
481181,285023_43817,Arya Yousefi,IR Iran,DF,0,1,12,2,defense,urn:gd:story:classification:gcp_defending:competitionId:285023:defensive_pressures_applied:rank_asc:page:16,urn:gd:story:classification:gcp_defending:competitionId:285023:defensive_pressures_applied:rank_asc:page:16
418561,285023_43963,Francisco Trincao,Portugal,FW,0,2,12,1,defense,urn:gd:story:classification:gcp_defending:competitionId:285023:defensive_pressures_applied:rank_asc:page:16,urn:gd:story:classification:gcp_defending:competitionId:285023:defensive_pressures_applied:rank_asc:page:16
483516,285023_43961,Kristoffer Ajer,Norway,DF,0,8,12,4,defense,urn:gd:story:classification:gcp_defending:competitionId:285023:defensive_pressures_applied:rank_asc:page:16,urn:gd:story:classification:gcp_defending:competitionId:285023:defensive_pressures_applied:rank_asc:page:16
478364,285023_43960,Justin Kluivert,Netherlands,MF,0,2,12,0,defense,urn:gd:story:classification:gcp_defending:competitionId:285023:defensive_pressures_applied:rank_asc:page:16,urn:gd:story:classification:gcp_defending:competitionId:285023:defensive_pressures_applied:rank_asc:page:16
473113,285023_43942,Eberechi Eze,England,MF,0,1,12,0,defense,urn:gd:story:classification:gcp_defending:competitionId:285023:defensive_pressures_applied:rank_asc:page:16,urn:gd:story:classification:gcp_defending:competitionId:285023:defensive_pressures_applied:rank_asc:page:16
395212,285023_43963,Nelson Semedo,Portugal,DF,0,4,12,2,defense,urn:gd:story:classification:gcp_defending:competitionId:285023:defensive_pressures_applied:rank_asc:page:16,urn:gd:story:classification:gcp_defending:competitionId:285023:defensive_pressures_applied:rank_asc:page:16
403002,285023_43963,Diogo Dalot,Portugal,DF,0,2,12,2,defense,urn:gd:story:classification:gcp_defending:competitionId:285023:defensive_pressures_applied:rank_asc:page:16,urn:gd:story:classification:gcp_defending:competitionId:285023:defensive_pressures_applied:rank_asc:page:16
397786,285023_43960,Virgil Van Dijk,Netherlands,DF,0,10,11,4,defense,urn:gd:story:classification:gcp_defending:competitionId:285023:defensive_pressures_applied:rank_asc:page:16,urn:gd:story:classification:gcp_defending:competitionId:285023:defensive_pressures_applied:rank_asc:page:16
359634,285023_43967,Grant Hanley,Scotland,DF,0,2,11,2,defense,urn:gd:story:classification:gcp_defending:competitionId:285023:defensive_pressures_applied:rank_asc:page:16,urn:gd:story:classification:gcp_defending:competitionId:285023:defensive_pressures_applied:rank_asc:page:16
419654,285023_43961,Jens Petter Hauge,Norway,MF,0,0,11,2,defense,urn:gd:story:classification:gcp_defending:competitionId:285023:defensive_pressures_applied:rank_asc:page:16,urn:gd:story:classification:gcp_defending:competitionId:285023:defensive_pressures_applied:rank_asc:page:16
372243,285023_43934,Philipp Lienhart,Austria,DF,0,1,11,4,defense,urn:gd:story:classification:gcp_defending:competitionId:285023:defensive_pressures_applied:rank_asc:page:16,urn:gd:story:classification:gcp_defending:competitionId:285023:defensive_pressures_applied:rank_asc:page:16
395471,285023_43948,Nadiem Amiri,Germany,MF,0,1,11,0,defense,urn:gd:story:classification:gcp_defending:competitionId:285023:defensive_pressures_applied:rank_asc:page:16,urn:gd:story:classification:gcp_defending:competitionId:285023:defensive_pressures_applied:rank_asc:page:16
448127,285023_43971,Noah Okafor,Switzerland,FW,0,1,11,3,defense,urn:gd:story:classification:gcp_defending:competitionId:285023:defensive_pressures_applied:rank_asc:page:16,urn:gd:story:classification:gcp_defending:competitionId:285023:defensive_pressures_applied:rank_asc:page:16
504931,285023_43976,Lucas Herrington,Australia,DF,0,4,11,4,defense,urn:gd:story:classification:gcp_defending:competitionId:285023:defensive_pressures_applied:rank_asc:page:16,urn:gd:story:classification:gcp_defending:competitionId:285023:defensive_pressures_applied:rank_asc:page:16
398569,285023_1895293,Riechedly Bazoer,Curaçao,DF,0,1,11,3,defense,urn:gd:story:classification:gcp_defending:competitionId:285023:defensive_pressures_applied:rank_asc:page:16,urn:gd:story:classification:gcp_defending:competitionId:285023:defensive_pressures_applied:rank_asc:page:16
339510,285023_43921,Tim Ream,USA,DF,0,3,11,6,defense,urn:gd:story:classification:gcp_defending:competitionId:285023:defensive_pressures_applied:rank_asc:page:16,urn:gd:story:classification:gcp_defending:competitionId:285023:defensive_pressures_applied:rank_asc:page:16
436599,285023_43921,Miles Robinson,USA,DF,0,6,11,5,defense,urn:gd:story:classification:gcp_defending:competitionId:285023:defensive_pressures_applied:rank_asc:page:16,urn:gd:story:classification:gcp_defending:competitionId:285023:defensive_pressures_applied:rank_asc:page:16
430597,285023_43924,Gabriel Martinelli,Brazil,FW,0,3,11,2,defense,urn:gd:story:classification:gcp_defending:competitionId:285023:defensive_pressures_applied:rank_asc:page:16,urn:gd:story:classification:gcp_defending:competitionId:285023:defensive_pressures_applied:rank_asc:page:16
441261,285023_43911,Israel Reyes,Mexico,DF,0,3,11,2,defense,urn:gd:story:classification:gcp_defending:competitionId:285023:defensive_pressures_applied:rank_asc:page:16,urn:gd:story:classification:gcp_defending:competitionId:285023:defensive_pressures_applied:rank_asc:page:16
434024,285023_43818,Munaf Younus,Iraq,DF,0,2,11,5,defense,urn:gd:story:classification:gcp_defending:competitionId:285023:defensive_pressures_applied:rank_asc:page:16,urn:gd:story:classification:gcp_defending:competitionId:285023:defensive_pressures_applied:rank_asc:page:16
390541,285023_43819,Shogo Taniguchi,Japan,DF,0,3,11,4,defense,urn:gd:story:classification:gcp_defending:competitionId:285023:defensive_pressures_applied:rank_asc:page:16,urn:gd:story:classification:gcp_defending:competitionId:285023:defensive_pressures_applied:rank_asc:page:16
386366,285023_43834,Almoez Ali,Qatar,FW,0,1,11,2,defense,urn:gd:story:classification:gcp_defending:competitionId:285023:defensive_pressures_applied:rank_asc:page:16,urn:gd:story:classification:gcp_defending:competitionId:285023:defensive_pressures_applied:rank_asc:page:16
505112,285023_43872,Gessime Yassine,Morocco,MF,0,1,11,5,defense,urn:gd:story:classification:gcp_defending:competitionId:285023:defensive_pressures_applied:rank_asc:page:16,urn:gd:story:classification:gcp_defending:competitionId:285023:defensive_pressures_applied:rank_asc:page:16
448825,285023_43879,Pathe Ciss,Senegal,MF,0,3,11,5,defense,urn:gd:story:classification:gcp_defending:competitionId:285023:defensive_pressures_applied:rank_asc:page:16,urn:gd:story:classification:gcp_defending:competitionId:285023:defensive_pressures_applied:rank_asc:page:16
403083,285023_43872,Issa Diop,Morocco,DF,0,4,11,2,defense,urn:gd:story:classification:gcp_defending:competitionId:285023:defensive_pressures_applied:rank_asc:page:17,urn:gd:story:classification:gcp_defending:competitionId:285023:defensive_pressures_applied:rank_asc:page:17
483182,285023_43855,Hossam Abdelmaguid,Egypt,DF,0,4,11,3,defense,urn:gd:story:classification:gcp_defending:competitionId:285023:defensive_pressures_applied:rank_asc:page:17,urn:gd:story:classification:gcp_defending:competitionId:285023:defensive_pressures_applied:rank_asc:page:17
466585,285023_43899,Moise Bombito,Canada,DF,0,4,11,2,defense,urn:gd:story:classification:gcp_defending:competitionId:285023:defensive_pressures_applied:rank_asc:page:17,urn:gd:story:classification:gcp_defending:competitionId:285023:defensive_pressures_applied:rank_asc:page:17
523354,285023_43879,Bara Sapoko Ndiaye,Senegal,MF,0,2,11,3,defense,urn:gd:story:classification:gcp_defending:competitionId:285023:defensive_pressures_applied:rank_asc:page:17,urn:gd:story:classification:gcp_defending:competitionId:285023:defensive_pressures_applied:rank_asc:page:17
477778,285023_43854,Simon Adingra,Côte d'Ivoire,FW,0,0,11,1,defense,urn:gd:story:classification:gcp_defending:competitionId:285023:defensive_pressures_applied:rank_asc:page:17,urn:gd:story:classification:gcp_defending:competitionId:285023:defensive_pressures_applied:rank_asc:page:17
477777,285023_43854,Oumar Diakite,Côte d'Ivoire,FW,0,3,11,1,defense,urn:gd:story:classification:gcp_defending:competitionId:285023:defensive_pressures_applied:rank_asc:page:17,urn:gd:story:classification:gcp_defending:competitionId:285023:defensive_pressures_applied:rank_asc:page:17
523288,285023_43872,Ayoube Amaimouni,Morocco,FW,0,4,10,3,defense,urn:gd:story:classification:gcp_defending:competitionId:285023:defensive_pressures_applied:rank_asc:page:17,urn:gd:story:classification:gcp_defending:competitionId:285023:defensive_pressures_applied:rank_asc:page:17
483183,285023_43855,Mahmoud Saber,Egypt,MF,0,3,10,1,defense,urn:gd:story:classification:gcp_defending:competitionId:285023:defensive_pressures_applied:rank_asc:page:17,urn:gd:story:classification:gcp_defending:competitionId:285023:defensive_pressures_applied:rank_asc:page:17
486150,285023_43860,Jerome Opoku,Ghana,DF,0,8,10,7,defense,urn:gd:story:classification:gcp_defending:competitionId:285023:defensive_pressures_applied:rank_asc:page:17,urn:gd:story:classification:gcp_defending:competitionId:285023:defensive_pressures_applied:rank_asc:page:17
441362,285023_43888,Mortadha Ben Ouanes,Tunisia,DF,0,3,10,3,defense,urn:gd:story:classification:gcp_defending:competitionId:285023:defensive_pressures_applied:rank_asc:page:17,urn:gd:story:classification:gcp_defending:competitionId:285023:defensive_pressures_applied:rank_asc:page:17
491216,285023_43963,Samu Costa,Portugal,DF,0,2,10,1,defense,urn:gd:story:classification:gcp_defending:competitionId:285023:defensive_pressures_applied:rank_asc:page:17,urn:gd:story:classification:gcp_defending:competitionId:285023:defensive_pressures_applied:rank_asc:page:17
448346,285023_43935,Arthur Theate,Belgium,DF,0,3,10,6,defense,urn:gd:story:classification:gcp_defending:competitionId:285023:defensive_pressures_applied:rank_asc:page:17,urn:gd:story:classification:gcp_defending:competitionId:285023:defensive_pressures_applied:rank_asc:page:17
430120,285023_43972,Mert Muldur,Türkiye,DF,0,1,10,5,defense,urn:gd:story:classification:gcp_defending:competitionId:285023:defensive_pressures_applied:rank_asc:page:17,urn:gd:story:classification:gcp_defending:competitionId:285023:defensive_pressures_applied:rank_asc:page:17
406249,285023_43972,Ozan Kabak,Türkiye,DF,0,3,10,7,defense,urn:gd:story:classification:gcp_defending:competitionId:285023:defensive_pressures_applied:rank_asc:page:17,urn:gd:story:classification:gcp_defending:competitionId:285023:defensive_pressures_applied:rank_asc:page:17
448585,285023_43822,Yang Hyunjun,Korea Republic,MF,0,2,10,1,defense,urn:gd:story:classification:gcp_defending:competitionId:285023:defensive_pressures_applied:rank_asc:page:17,urn:gd:story:classification:gcp_defending:competitionId:285023:defensive_pressures_applied:rank_asc:page:17
431208,285023_43820,Mohammad Abuzraiq,Jordan,FW,0,0,10,3,defense,urn:gd:story:classification:gcp_defending:competitionId:285023:defensive_pressures_applied:rank_asc:page:17,urn:gd:story:classification:gcp_defending:competitionId:285023:defensive_pressures_applied:rank_asc:page:17
429392,285023_43924,Danilo Santos,Brazil,MF,0,1,10,1,defense,urn:gd:story:classification:gcp_defending:competitionId:285023:defensive_pressures_applied:rank_asc:page:17,urn:gd:story:classification:gcp_defending:competitionId:285023:defensive_pressures_applied:rank_asc:page:17
448420,285023_43924,Luiz Henrique,Brazil,FW,0,2,10,3,defense,urn:gd:story:classification:gcp_defending:competitionId:285023:defensive_pressures_applied:rank_asc:page:17,urn:gd:story:classification:gcp_defending:competitionId:285023:defensive_pressures_applied:rank_asc:page:17
463489,285023_43927,Yaimar Medina,Ecuador,DF,0,1,10,3,defense,urn:gd:story:classification:gcp_defending:competitionId:285023:defensive_pressures_applied:rank_asc:page:17,urn:gd:story:classification:gcp_defending:competitionId:285023:defensive_pressures_applied:rank_asc:page:17
430594,285023_43924,Roger Ibanez,Brazil,DF,0,0,10,1,defense,urn:gd:story:classification:gcp_defending:competitionId:285023:defensive_pressures_applied:rank_asc:page:17,urn:gd:story:classification:gcp_defending:competitionId:285023:defensive_pressures_applied:rank_asc:page:17
314197,285023_43924,Neymar Jr,Brazil,FW,0,0,10,1,defense,urn:gd:story:classification:gcp_defending:competitionId:285023:defensive_pressures_applied:rank_asc:page:17,urn:gd:story:classification:gcp_defending:competitionId:285023:defensive_pressures_applied:rank_asc:page:17
431202,285023_43928,Omar Alderete,Paraguay,DF,0,6,9,3,defense,urn:gd:story:classification:gcp_defending:competitionId:285023:defensive_pressures_applied:rank_asc:page:17,urn:gd:story:classification:gcp_defending:competitionId:285023:defensive_pressures_applied:rank_asc:page:17
485595,285023_43922,Giuliano Simeone,Argentina,FW,0,4,9,3,defense,urn:gd:story:classification:gcp_defending:competitionId:285023:defensive_pressures_applied:rank_asc:page:17,urn:gd:story:classification:gcp_defending:competitionId:285023:defensive_pressures_applied:rank_asc:page:17
419077,285023_43921,Mark Mckenzie,USA,DF,0,2,9,1,defense,urn:gd:story:classification:gcp_defending:competitionId:285023:defensive_pressures_applied:rank_asc:page:17,urn:gd:story:classification:gcp_defending:competitionId:285023:defensive_pressures_applied:rank_asc:page:17
470759,285023_43926,Kevin Castano,Colombia,MF,0,1,9,0,defense,urn:gd:story:classification:gcp_defending:competitionId:285023:defensive_pressures_applied:rank_asc:page:17,urn:gd:story:classification:gcp_defending:competitionId:285023:defensive_pressures_applied:rank_asc:page:17
425701,285023_43911,Johan Vasquez,Mexico,DF,0,6,9,2,defense,urn:gd:story:classification:gcp_defending:competitionId:285023:defensive_pressures_applied:rank_asc:page:17,urn:gd:story:classification:gcp_defending:competitionId:285023:defensive_pressures_applied:rank_asc:page:17
484850,285023_43948,Maximilian Beier,Germany,FW,0,1,9,1,defense,urn:gd:story:classification:gcp_defending:competitionId:285023:defensive_pressures_applied:rank_asc:page:17,urn:gd:story:classification:gcp_defending:competitionId:285023:defensive_pressures_applied:rank_asc:page:17
337389,285023_43967,Anthony Ralston,Scotland,DF,0,2,9,2,defense,urn:gd:story:classification:gcp_defending:competitionId:285023:defensive_pressures_applied:rank_asc:page:17,urn:gd:story:classification:gcp_defending:competitionId:285023:defensive_pressures_applied:rank_asc:page:17
489521,285023_44037,Stjepan Radeljic,Bosnia and Herzegovina,DF,0,1,9,4,defense,urn:gd:story:classification:gcp_defending:competitionId:285023:defensive_pressures_applied:rank_asc:page:17,urn:gd:story:classification:gcp_defending:competitionId:285023:defensive_pressures_applied:rank_asc:page:17
485675,285023_43854,Evann Guessand,Côte d'Ivoire,FW,0,2,9,2,defense,urn:gd:story:classification:gcp_defending:competitionId:285023:defensive_pressures_applied:rank_asc:page:17,urn:gd:story:classification:gcp_defending:competitionId:285023:defensive_pressures_applied:rank_asc:page:17
441179,285023_43972,Merih Demiral,Türkiye,DF,0,3,9,3,defense,urn:gd:story:classification:gcp_defending:competitionId:285023:defensive_pressures_applied:rank_asc:page:17,urn:gd:story:classification:gcp_defending:competitionId:285023:defensive_pressures_applied:rank_asc:page:17
464906,285023_44005,Jakhongir Urozov,Uzbekistan,DF,0,2,9,5,defense,urn:gd:story:classification:gcp_defending:competitionId:285023:defensive_pressures_applied:rank_asc:page:17,urn:gd:story:classification:gcp_defending:competitionId:285023:defensive_pressures_applied:rank_asc:page:17
486074,285023_43972,Can Uzun,Türkiye,FW,0,4,9,3,defense,urn:gd:story:classification:gcp_defending:competitionId:285023:defensive_pressures_applied:rank_asc:page:17,urn:gd:story:classification:gcp_defending:competitionId:285023:defensive_pressures_applied:rank_asc:page:17
448124,285023_43971,Christian Fassnacht,Switzerland,FW,0,0,8,2,defense,urn:gd:story:classification:gcp_defending:competitionId:285023:defensive_pressures_applied:rank_asc:page:17,urn:gd:story:classification:gcp_defending:competitionId:285023:defensive_pressures_applied:rank_asc:page:17
466352,285023_1895293,Kenji Gorre,Curaçao,FW,0,0,8,1,defense,urn:gd:story:classification:gcp_defending:competitionId:285023:defensive_pressures_applied:rank_asc:page:17,urn:gd:story:classification:gcp_defending:competitionId:285023:defensive_pressures_applied:rank_asc:page:17
402926,285023_43922,Gonzalo Montiel,Argentina,DF,0,1,8,4,defense,urn:gd:story:classification:gcp_defending:competitionId:285023:defensive_pressures_applied:rank_asc:page:17,urn:gd:story:classification:gcp_defending:competitionId:285023:defensive_pressures_applied:rank_asc:page:17
402895,285023_43930,Matias Vina,Uruguay,DF,0,4,8,0,defense,urn:gd:story:classification:gcp_defending:competitionId:285023:defensive_pressures_applied:rank_asc:page:17,urn:gd:story:classification:gcp_defending:competitionId:285023:defensive_pressures_applied:rank_asc:page:17
463809,285023_43942,Jarell Quansah,England,DF,0,12,8,4,defense,urn:gd:story:classification:gcp_defending:competitionId:285023:defensive_pressures_applied:rank_asc:page:17,urn:gd:story:classification:gcp_defending:competitionId:285023:defensive_pressures_applied:rank_asc:page:17
485666,285023_43946,Maghnes Akliouche,France,MF,0,0,8,2,defense,urn:gd:story:classification:gcp_defending:competitionId:285023:defensive_pressures_applied:rank_asc:page:17,urn:gd:story:classification:gcp_defending:competitionId:285023:defensive_pressures_applied:rank_asc:page:17
520037,285023_43860,Derrick Luckassen,Ghana,DF,0,2,8,4,defense,urn:gd:story:classification:gcp_defending:competitionId:285023:defensive_pressures_applied:rank_asc:page:17,urn:gd:story:classification:gcp_defending:competitionId:285023:defensive_pressures_applied:rank_asc:page:17
430401,285023_43819,Tsuyoshi Watanabe,Japan,DF,0,4,8,3,defense,urn:gd:story:classification:gcp_defending:competitionId:285023:defensive_pressures_applied:rank_asc:page:17,urn:gd:story:classification:gcp_defending:competitionId:285023:defensive_pressures_applied:rank_asc:page:17
523333,285023_43835,Ala Alhajji,Saudi Arabia,MF,0,1,7,1,defense,urn:gd:story:classification:gcp_defending:competitionId:285023:defensive_pressures_applied:rank_asc:page:17,urn:gd:story:classification:gcp_defending:competitionId:285023:defensive_pressures_applied:rank_asc:page:17
433526,285023_43820,Mohammad Abuhasheesh,Jordan,DF,0,0,7,2,defense,urn:gd:story:classification:gcp_defending:competitionId:285023:defensive_pressures_applied:rank_asc:page:17,urn:gd:story:classification:gcp_defending:competitionId:285023:defensive_pressures_applied:rank_asc:page:17
485503,285023_43819,Yuito Suzuki,Japan,MF,0,0,7,2,defense,urn:gd:story:classification:gcp_defending:competitionId:285023:defensive_pressures_applied:rank_asc:page:17,urn:gd:story:classification:gcp_defending:competitionId:285023:defensive_pressures_applied:rank_asc:page:17
433439,285023_43835,Ali Lajami,Saudi Arabia,DF,0,3,7,3,defense,urn:gd:story:classification:gcp_defending:competitionId:285023:defensive_pressures_applied:rank_asc:page:17,urn:gd:story:classification:gcp_defending:competitionId:285023:defensive_pressures_applied:rank_asc:page:17
485069,285023_43924,Ederson Silva,Brazil,MF,0,0,7,2,defense,urn:gd:story:classification:gcp_defending:competitionId:285023:defensive_pressures_applied:rank_asc:page:17,urn:gd:story:classification:gcp_defending:competitionId:285023:defensive_pressures_applied:rank_asc:page:17
514336,285023_43911,Armando Gonzalez,Mexico,FW,0,0,7,0,defense,urn:gd:story:classification:gcp_defending:competitionId:285023:defensive_pressures_applied:rank_asc:page:17,urn:gd:story:classification:gcp_defending:competitionId:285023:defensive_pressures_applied:rank_asc:page:17
495054,285023_43922,Jose Manuel Lopez,Argentina,FW,0,2,7,2,defense,urn:gd:story:classification:gcp_defending:competitionId:285023:defensive_pressures_applied:rank_asc:page:17,urn:gd:story:classification:gcp_defending:competitionId:285023:defensive_pressures_applied:rank_asc:page:17
463661,285023_43922,Valentin Barco,Argentina,MF,0,0,7,2,defense,urn:gd:story:classification:gcp_defending:competitionId:285023:defensive_pressures_applied:rank_asc:page:17,urn:gd:story:classification:gcp_defending:competitionId:285023:defensive_pressures_applied:rank_asc:page:17
463495,285023_43927,Kendry Paez,Ecuador,MF,0,2,7,3,defense,urn:gd:story:classification:gcp_defending:competitionId:285023:defensive_pressures_applied:rank_asc:page:17,urn:gd:story:classification:gcp_defending:competitionId:285023:defensive_pressures_applied:rank_asc:page:17
448104,285023_43971,Cedric Itten,Switzerland,FW,0,1,7,1,defense,urn:gd:story:classification:gcp_defending:competitionId:285023:defensive_pressures_applied:rank_asc:page:18,urn:gd:story:classification:gcp_defending:competitionId:285023:defensive_pressures_applied:rank_asc:page:18
506473,285023_1895293,Tyrese Noslin,Curaçao,FW,0,0,7,2,defense,urn:gd:story:classification:gcp_defending:competitionId:285023:defensive_pressures_applied:rank_asc:page:18,urn:gd:story:classification:gcp_defending:competitionId:285023:defensive_pressures_applied:rank_asc:page:18
448160,285023_43938,Luka Sucic,Croatia,MF,0,1,7,0,defense,urn:gd:story:classification:gcp_defending:competitionId:285023:defensive_pressures_applied:rank_asc:page:18,urn:gd:story:classification:gcp_defending:competitionId:285023:defensive_pressures_applied:rank_asc:page:18
464055,285023_43946,Malo Gusto,France,DF,0,0,7,5,defense,urn:gd:story:classification:gcp_defending:competitionId:285023:defensive_pressures_applied:rank_asc:page:18,urn:gd:story:classification:gcp_defending:competitionId:285023:defensive_pressures_applied:rank_asc:page:18
429640,285023_43948,Angelo Stiller,Germany,MF,0,1,7,1,defense,urn:gd:story:classification:gcp_defending:competitionId:285023:defensive_pressures_applied:rank_asc:page:18,urn:gd:story:classification:gcp_defending:competitionId:285023:defensive_pressures_applied:rank_asc:page:18
430667,285023_43948,Nico Schlotterbeck,Germany,DF,0,18,7,6,defense,urn:gd:story:classification:gcp_defending:competitionId:285023:defensive_pressures_applied:rank_asc:page:18,urn:gd:story:classification:gcp_defending:competitionId:285023:defensive_pressures_applied:rank_asc:page:18
514188,285023_43948,Malick Thiaw,Germany,DF,0,3,7,3,defense,urn:gd:story:classification:gcp_defending:competitionId:285023:defensive_pressures_applied:rank_asc:page:18,urn:gd:story:classification:gcp_defending:competitionId:285023:defensive_pressures_applied:rank_asc:page:18
419672,285023_43961,Leo Ostigard,Norway,DF,0,1,7,3,defense,urn:gd:story:classification:gcp_defending:competitionId:285023:defensive_pressures_applied:rank_asc:page:18,urn:gd:story:classification:gcp_defending:competitionId:285023:defensive_pressures_applied:rank_asc:page:18
448153,285023_43960,Noa Lang,Netherlands,FW,0,2,6,1,defense,urn:gd:story:classification:gcp_defending:competitionId:285023:defensive_pressures_applied:rank_asc:page:18,urn:gd:story:classification:gcp_defending:competitionId:285023:defensive_pressures_applied:rank_asc:page:18
405881,285023_43946,Maxence Lacroix,France,DF,0,1,6,3,defense,urn:gd:story:classification:gcp_defending:competitionId:285023:defensive_pressures_applied:rank_asc:page:18,urn:gd:story:classification:gcp_defending:competitionId:285023:defensive_pressures_applied:rank_asc:page:18
498416,285023_43948,Nick Woltemade,Germany,FW,0,0,6,1,defense,urn:gd:story:classification:gcp_defending:competitionId:285023:defensive_pressures_applied:rank_asc:page:18,urn:gd:story:classification:gcp_defending:competitionId:285023:defensive_pressures_applied:rank_asc:page:18
369434,285023_43942,John Stones,England,DF,0,2,6,1,defense,urn:gd:story:classification:gcp_defending:competitionId:285023:defensive_pressures_applied:rank_asc:page:18,urn:gd:story:classification:gcp_defending:competitionId:285023:defensive_pressures_applied:rank_asc:page:18
389886,285023_44037,Dzenis Burnic,Bosnia and Herzegovina,MF,0,0,6,0,defense,urn:gd:story:classification:gcp_defending:competitionId:285023:defensive_pressures_applied:rank_asc:page:18,urn:gd:story:classification:gcp_defending:competitionId:285023:defensive_pressures_applied:rank_asc:page:18
434025,285023_43818,Zaid Tahseen,Iraq,DF,0,1,6,2,defense,urn:gd:story:classification:gcp_defending:competitionId:285023:defensive_pressures_applied:rank_asc:page:18,urn:gd:story:classification:gcp_defending:competitionId:285023:defensive_pressures_applied:rank_asc:page:18
499102,285023_43820,Saleem Obaid,Jordan,DF,0,2,6,3,defense,urn:gd:story:classification:gcp_defending:competitionId:285023:defensive_pressures_applied:rank_asc:page:18,urn:gd:story:classification:gcp_defending:competitionId:285023:defensive_pressures_applied:rank_asc:page:18
479056,285023_43818,Mustafa Saadoon,Iraq,DF,0,0,6,2,defense,urn:gd:story:classification:gcp_defending:competitionId:285023:defensive_pressures_applied:rank_asc:page:18,urn:gd:story:classification:gcp_defending:competitionId:285023:defensive_pressures_applied:rank_asc:page:18
520218,285023_43819,Kento Shiogai,Japan,FW,0,0,6,2,defense,urn:gd:story:classification:gcp_defending:competitionId:285023:defensive_pressures_applied:rank_asc:page:18,urn:gd:story:classification:gcp_defending:competitionId:285023:defensive_pressures_applied:rank_asc:page:18
489551,285023_43820,Mohammad Abualnadi,Jordan,DF,0,2,6,3,defense,urn:gd:story:classification:gcp_defending:competitionId:285023:defensive_pressures_applied:rank_asc:page:18,urn:gd:story:classification:gcp_defending:competitionId:285023:defensive_pressures_applied:rank_asc:page:18
464339,285023_43819,Keisuke Goto,Japan,FW,0,1,6,3,defense,urn:gd:story:classification:gcp_defending:competitionId:285023:defensive_pressures_applied:rank_asc:page:18,urn:gd:story:classification:gcp_defending:competitionId:285023:defensive_pressures_applied:rank_asc:page:18
419300,285023_43835,Khalid Alghannam,Saudi Arabia,FW,0,0,6,0,defense,urn:gd:story:classification:gcp_defending:competitionId:285023:defensive_pressures_applied:rank_asc:page:18,urn:gd:story:classification:gcp_defending:competitionId:285023:defensive_pressures_applied:rank_asc:page:18
402921,285023_43922,Lisandro Martinez,Argentina,DF,0,3,6,1,defense,urn:gd:story:classification:gcp_defending:competitionId:285023:defensive_pressures_applied:rank_asc:page:18,urn:gd:story:classification:gcp_defending:competitionId:285023:defensive_pressures_applied:rank_asc:page:18
485063,285023_44037,Samed Bazdar,Bosnia and Herzegovina,FW,0,2,6,2,defense,urn:gd:story:classification:gcp_defending:competitionId:285023:defensive_pressures_applied:rank_asc:page:18,urn:gd:story:classification:gcp_defending:competitionId:285023:defensive_pressures_applied:rank_asc:page:18
394993,285023_43908,Duckens Nazon,Haiti,FW,0,1,6,0,defense,urn:gd:story:classification:gcp_defending:competitionId:285023:defensive_pressures_applied:rank_asc:page:18,urn:gd:story:classification:gcp_defending:competitionId:285023:defensive_pressures_applied:rank_asc:page:18
511022,285023_43860,Kojo Peprah Oppong,Ghana,DF,0,1,5,0,defense,urn:gd:story:classification:gcp_defending:competitionId:285023:defensive_pressures_applied:rank_asc:page:18,urn:gd:story:classification:gcp_defending:competitionId:285023:defensive_pressures_applied:rank_asc:page:18
335807,285023_43854,Jean Michael Seri,Côte d'Ivoire,MF,0,0,5,1,defense,urn:gd:story:classification:gcp_defending:competitionId:285023:defensive_pressures_applied:rank_asc:page:18,urn:gd:story:classification:gcp_defending:competitionId:285023:defensive_pressures_applied:rank_asc:page:18
356673,285023_43834,Lucas Mendes,Qatar,DF,0,1,5,1,defense,urn:gd:story:classification:gcp_defending:competitionId:285023:defensive_pressures_applied:rank_asc:page:18,urn:gd:story:classification:gcp_defending:competitionId:285023:defensive_pressures_applied:rank_asc:page:18
463282,285023_43934,Alexander Prass,Austria,MF,0,0,5,0,defense,urn:gd:story:classification:gcp_defending:competitionId:285023:defensive_pressures_applied:rank_asc:page:18,urn:gd:story:classification:gcp_defending:competitionId:285023:defensive_pressures_applied:rank_asc:page:18
385139,285023_44005,Farrukh Sayfiev,Uzbekistan,DF,0,1,5,0,defense,urn:gd:story:classification:gcp_defending:competitionId:285023:defensive_pressures_applied:rank_asc:page:18,urn:gd:story:classification:gcp_defending:competitionId:285023:defensive_pressures_applied:rank_asc:page:18
442433,285023_43967,Ross Stewart,Scotland,FW,0,0,5,0,defense,urn:gd:story:classification:gcp_defending:competitionId:285023:defensive_pressures_applied:rank_asc:page:18,urn:gd:story:classification:gcp_defending:competitionId:285023:defensive_pressures_applied:rank_asc:page:18
433795,285023_43970,Mattias Svanberg,Sweden,MF,0,0,5,1,defense,urn:gd:story:classification:gcp_defending:competitionId:285023:defensive_pressures_applied:rank_asc:page:18,urn:gd:story:classification:gcp_defending:competitionId:285023:defensive_pressures_applied:rank_asc:page:18
395286,285023_43970,Ken Sema,Sweden,MF,0,2,5,2,defense,urn:gd:story:classification:gcp_defending:competitionId:285023:defensive_pressures_applied:rank_asc:page:18,urn:gd:story:classification:gcp_defending:competitionId:285023:defensive_pressures_applied:rank_asc:page:18
495347,285023_43972,Deniz Gul,Türkiye,FW,0,0,5,0,defense,urn:gd:story:classification:gcp_defending:competitionId:285023:defensive_pressures_applied:rank_asc:page:18,urn:gd:story:classification:gcp_defending:competitionId:285023:defensive_pressures_applied:rank_asc:page:18
440748,285023_43978,Francis De Vries,New Zealand,DF,0,1,5,1,defense,urn:gd:story:classification:gcp_defending:competitionId:285023:defensive_pressures_applied:rank_asc:page:18,urn:gd:story:classification:gcp_defending:competitionId:285023:defensive_pressures_applied:rank_asc:page:18
466361,285023_1895293,Roshon Van Eijma,Curaçao,DF,0,1,5,3,defense,urn:gd:story:classification:gcp_defending:competitionId:285023:defensive_pressures_applied:rank_asc:page:18,urn:gd:story:classification:gcp_defending:competitionId:285023:defensive_pressures_applied:rank_asc:page:18
389485,285023_43922,Exequiel Palacios,Argentina,MF,0,1,5,1,defense,urn:gd:story:classification:gcp_defending:competitionId:285023:defensive_pressures_applied:rank_asc:page:18,urn:gd:story:classification:gcp_defending:competitionId:285023:defensive_pressures_applied:rank_asc:page:18
335658,285023_43924,Alex Sandro,Brazil,DF,0,0,4,2,defense,urn:gd:story:classification:gcp_defending:competitionId:285023:defensive_pressures_applied:rank_asc:page:18,urn:gd:story:classification:gcp_defending:competitionId:285023:defensive_pressures_applied:rank_asc:page:18
406135,285023_43911,Cesar Huerta,Mexico,FW,0,0,4,1,defense,urn:gd:story:classification:gcp_defending:competitionId:285023:defensive_pressures_applied:rank_asc:page:18,urn:gd:story:classification:gcp_defending:competitionId:285023:defensive_pressures_applied:rank_asc:page:18
448051,285023_43911,Luis Chavez,Mexico,MF,0,1,4,3,defense,urn:gd:story:classification:gcp_defending:competitionId:285023:defensive_pressures_applied:rank_asc:page:18,urn:gd:story:classification:gcp_defending:competitionId:285023:defensive_pressures_applied:rank_asc:page:18
406205,285023_43928,Braian Ojeda,Paraguay,MF,0,1,4,1,defense,urn:gd:story:classification:gcp_defending:competitionId:285023:defensive_pressures_applied:rank_asc:page:18,urn:gd:story:classification:gcp_defending:competitionId:285023:defensive_pressures_applied:rank_asc:page:18
418881,285023_43926,Cucho Hernandez,Colombia,FW,0,0,4,1,defense,urn:gd:story:classification:gcp_defending:competitionId:285023:defensive_pressures_applied:rank_asc:page:18,urn:gd:story:classification:gcp_defending:competitionId:285023:defensive_pressures_applied:rank_asc:page:18
463287,285023_43934,Marco Friedl,Austria,DF,0,0,4,1,defense,urn:gd:story:classification:gcp_defending:competitionId:285023:defensive_pressures_applied:rank_asc:page:18,urn:gd:story:classification:gcp_defending:competitionId:285023:defensive_pressures_applied:rank_asc:page:18
356189,285023_43942,Jordan Henderson,England,MF,0,0,4,0,defense,urn:gd:story:classification:gcp_defending:competitionId:285023:defensive_pressures_applied:rank_asc:page:18,urn:gd:story:classification:gcp_defending:competitionId:285023:defensive_pressures_applied:rank_asc:page:18
492358,285023_43963,Tomas Araujo,Portugal,DF,0,1,4,1,defense,urn:gd:story:classification:gcp_defending:competitionId:285023:defensive_pressures_applied:rank_asc:page:18,urn:gd:story:classification:gcp_defending:competitionId:285023:defensive_pressures_applied:rank_asc:page:18
448203,285023_43942,Ollie Watkins,England,FW,0,0,4,1,defense,urn:gd:story:classification:gcp_defending:competitionId:285023:defensive_pressures_applied:rank_asc:page:18,urn:gd:story:classification:gcp_defending:competitionId:285023:defensive_pressures_applied:rank_asc:page:18
430465,285023_43855,Ibrahim Adel,Egypt,FW,0,2,4,2,defense,urn:gd:story:classification:gcp_defending:competitionId:285023:defensive_pressures_applied:rank_asc:page:18,urn:gd:story:classification:gcp_defending:competitionId:285023:defensive_pressures_applied:rank_asc:page:18
411653,285023_43888,Dylan Bronn,Tunisia,DF,0,1,4,1,defense,urn:gd:story:classification:gcp_defending:competitionId:285023:defensive_pressures_applied:rank_asc:page:18,urn:gd:story:classification:gcp_defending:competitionId:285023:defensive_pressures_applied:rank_asc:page:18
506038,285023_43883,Kamogelo Sebelebele,South Africa,FW,0,1,4,0,defense,urn:gd:story:classification:gcp_defending:competitionId:285023:defensive_pressures_applied:rank_asc:page:18,urn:gd:story:classification:gcp_defending:competitionId:285023:defensive_pressures_applied:rank_asc:page:18
412144,285023_43899,Alphonso Davies,Canada,DF,0,1,4,0,defense,urn:gd:story:classification:gcp_defending:competitionId:285023:defensive_pressures_applied:rank_asc:page:18,urn:gd:story:classification:gcp_defending:competitionId:285023:defensive_pressures_applied:rank_asc:page:18
493983,285023_43818,Aimar Sher,Iraq,MF,0,0,4,2,defense,urn:gd:story:classification:gcp_defending:competitionId:285023:defensive_pressures_applied:rank_asc:page:18,urn:gd:story:classification:gcp_defending:competitionId:285023:defensive_pressures_applied:rank_asc:page:18
448569,285023_43819,Shuto Machino,Japan,FW,0,1,4,1,defense,urn:gd:story:classification:gcp_defending:competitionId:285023:defensive_pressures_applied:rank_asc:page:18,urn:gd:story:classification:gcp_defending:competitionId:285023:defensive_pressures_applied:rank_asc:page:18
511010,285023_43843,Samir Chergui,Algeria,DF,0,0,4,0,defense,urn:gd:story:classification:gcp_defending:competitionId:285023:defensive_pressures_applied:rank_asc:page:19,urn:gd:story:classification:gcp_defending:competitionId:285023:defensive_pressures_applied:rank_asc:page:19
400511,285023_43819,Kou Itakura,Japan,DF,0,4,4,2,defense,urn:gd:story:classification:gcp_defending:competitionId:285023:defensive_pressures_applied:rank_asc:page:19,urn:gd:story:classification:gcp_defending:competitionId:285023:defensive_pressures_applied:rank_asc:page:19
466359,285023_1895293,Godfried Roemeratoe,Curaçao,MF,0,0,4,0,defense,urn:gd:story:classification:gcp_defending:competitionId:285023:defensive_pressures_applied:rank_asc:page:19,urn:gd:story:classification:gcp_defending:competitionId:285023:defensive_pressures_applied:rank_asc:page:19
433755,285023_43995,David Zima,Czechia,DF,0,0,4,1,defense,urn:gd:story:classification:gcp_defending:competitionId:285023:defensive_pressures_applied:rank_asc:page:19,urn:gd:story:classification:gcp_defending:competitionId:285023:defensive_pressures_applied:rank_asc:page:19
430196,285023_44037,Amir Hadziahmetovic,Bosnia and Herzegovina,MF,0,0,4,0,defense,urn:gd:story:classification:gcp_defending:competitionId:285023:defensive_pressures_applied:rank_asc:page:19,urn:gd:story:classification:gcp_defending:competitionId:285023:defensive_pressures_applied:rank_asc:page:19
472877,285023_43972,Irfan Can Kahveci,Türkiye,FW,0,0,4,1,defense,urn:gd:story:classification:gcp_defending:competitionId:285023:defensive_pressures_applied:rank_asc:page:19,urn:gd:story:classification:gcp_defending:competitionId:285023:defensive_pressures_applied:rank_asc:page:19
430194,285023_44037,Dennis Hadzikadunic,Bosnia and Herzegovina,DF,0,1,4,2,defense,urn:gd:story:classification:gcp_defending:competitionId:285023:defensive_pressures_applied:rank_asc:page:19,urn:gd:story:classification:gcp_defending:competitionId:285023:defensive_pressures_applied:rank_asc:page:19
368545,285023_44005,Jamshid Iskanderov,Uzbekistan,MF,0,0,4,0,defense,urn:gd:story:classification:gcp_defending:competitionId:285023:defensive_pressures_applied:rank_asc:page:19,urn:gd:story:classification:gcp_defending:competitionId:285023:defensive_pressures_applied:rank_asc:page:19
419567,285023_43978,Callan Elliot,New Zealand,DF,0,0,4,1,defense,urn:gd:story:classification:gcp_defending:competitionId:285023:defensive_pressures_applied:rank_asc:page:19,urn:gd:story:classification:gcp_defending:competitionId:285023:defensive_pressures_applied:rank_asc:page:19
481220,285023_44005,Azizbek Amonov,Uzbekistan,FW,0,1,4,0,defense,urn:gd:story:classification:gcp_defending:competitionId:285023:defensive_pressures_applied:rank_asc:page:19,urn:gd:story:classification:gcp_defending:competitionId:285023:defensive_pressures_applied:rank_asc:page:19
484003,285023_43995,Mojmir Chytil,Czechia,FW,0,1,4,1,defense,urn:gd:story:classification:gcp_defending:competitionId:285023:defensive_pressures_applied:rank_asc:page:19,urn:gd:story:classification:gcp_defending:competitionId:285023:defensive_pressures_applied:rank_asc:page:19
442431,285023_43967,Scott Mckenna,Scotland,DF,0,3,3,3,defense,urn:gd:story:classification:gcp_defending:competitionId:285023:defensive_pressures_applied:rank_asc:page:19,urn:gd:story:classification:gcp_defending:competitionId:285023:defensive_pressures_applied:rank_asc:page:19
489691,285023_43970,Gustaf Nilsson,Sweden,FW,0,0,3,0,defense,urn:gd:story:classification:gcp_defending:competitionId:285023:defensive_pressures_applied:rank_asc:page:19,urn:gd:story:classification:gcp_defending:competitionId:285023:defensive_pressures_applied:rank_asc:page:19
484698,285023_43879,Assane Diao,Senegal,FW,0,1,3,0,defense,urn:gd:story:classification:gcp_defending:competitionId:285023:defensive_pressures_applied:rank_asc:page:19,urn:gd:story:classification:gcp_defending:competitionId:285023:defensive_pressures_applied:rank_asc:page:19
370171,285023_43879,Abdoulaye Seck,Senegal,DF,0,1,3,1,defense,urn:gd:story:classification:gcp_defending:competitionId:285023:defensive_pressures_applied:rank_asc:page:19,urn:gd:story:classification:gcp_defending:competitionId:285023:defensive_pressures_applied:rank_asc:page:19
477802,285023_43854,Ousmane Diomande,Côte d'Ivoire,DF,0,1,3,1,defense,urn:gd:story:classification:gcp_defending:competitionId:285023:defensive_pressures_applied:rank_asc:page:19,urn:gd:story:classification:gcp_defending:competitionId:285023:defensive_pressures_applied:rank_asc:page:19
370986,285023_43899,Jonathan Osorio,Canada,MF,0,1,3,1,defense,urn:gd:story:classification:gcp_defending:competitionId:285023:defensive_pressures_applied:rank_asc:page:19,urn:gd:story:classification:gcp_defending:competitionId:285023:defensive_pressures_applied:rank_asc:page:19
430766,285023_43911,Alexis Vega,Mexico,FW,0,1,3,0,defense,urn:gd:story:classification:gcp_defending:competitionId:285023:defensive_pressures_applied:rank_asc:page:19,urn:gd:story:classification:gcp_defending:competitionId:285023:defensive_pressures_applied:rank_asc:page:19
402934,285023_43922,Marcos Senesi,Argentina,DF,0,0,3,2,defense,urn:gd:story:classification:gcp_defending:competitionId:285023:defensive_pressures_applied:rank_asc:page:19,urn:gd:story:classification:gcp_defending:competitionId:285023:defensive_pressures_applied:rank_asc:page:19
499290,285023_43938,Luka Vuskovic,Croatia,DF,0,0,3,2,defense,urn:gd:story:classification:gcp_defending:competitionId:285023:defensive_pressures_applied:rank_asc:page:19,urn:gd:story:classification:gcp_defending:competitionId:285023:defensive_pressures_applied:rank_asc:page:19
477853,285023_20014,Gedeon Kalulu,Congo DR,DF,0,0,3,3,defense,urn:gd:story:classification:gcp_defending:competitionId:285023:defensive_pressures_applied:rank_asc:page:19,urn:gd:story:classification:gcp_defending:competitionId:285023:defensive_pressures_applied:rank_asc:page:19
431219,285023_43820,Saed Alrosan,Jordan,DF,0,1,3,1,defense,urn:gd:story:classification:gcp_defending:competitionId:285023:defensive_pressures_applied:rank_asc:page:19,urn:gd:story:classification:gcp_defending:competitionId:285023:defensive_pressures_applied:rank_asc:page:19
405527,285023_43819,Ayumu Seko,Japan,DF,0,1,3,2,defense,urn:gd:story:classification:gcp_defending:competitionId:285023:defensive_pressures_applied:rank_asc:page:19,urn:gd:story:classification:gcp_defending:competitionId:285023:defensive_pressures_applied:rank_asc:page:19
423855,285023_43822,Eom Jisung,Korea Republic,MF,0,0,2,0,defense,urn:gd:story:classification:gcp_defending:competitionId:285023:defensive_pressures_applied:rank_asc:page:19,urn:gd:story:classification:gcp_defending:competitionId:285023:defensive_pressures_applied:rank_asc:page:19
480983,285023_43843,Zineddine Belaid,Algeria,DF,0,0,2,2,defense,urn:gd:story:classification:gcp_defending:competitionId:285023:defensive_pressures_applied:rank_asc:page:19,urn:gd:story:classification:gcp_defending:competitionId:285023:defensive_pressures_applied:rank_asc:page:19
520072,285023_43843,Fares Ghedjemis,Algeria,FW,0,0,2,0,defense,urn:gd:story:classification:gcp_defending:competitionId:285023:defensive_pressures_applied:rank_asc:page:19,urn:gd:story:classification:gcp_defending:competitionId:285023:defensive_pressures_applied:rank_asc:page:19
269514,285023_43914,Anibal Godoy,Panama,MF,0,0,2,1,defense,urn:gd:story:classification:gcp_defending:competitionId:285023:defensive_pressures_applied:rank_asc:page:19,urn:gd:story:classification:gcp_defending:competitionId:285023:defensive_pressures_applied:rank_asc:page:19
419003,285023_43927,Jackson Porozo,Ecuador,DF,0,2,2,0,defense,urn:gd:story:classification:gcp_defending:competitionId:285023:defensive_pressures_applied:rank_asc:page:19,urn:gd:story:classification:gcp_defending:competitionId:285023:defensive_pressures_applied:rank_asc:page:19
464897,285023_44005,Sherzod Esanov,Uzbekistan,MF,0,0,2,0,defense,urn:gd:story:classification:gcp_defending:competitionId:285023:defensive_pressures_applied:rank_asc:page:19,urn:gd:story:classification:gcp_defending:competitionId:285023:defensive_pressures_applied:rank_asc:page:19
423933,285023_43899,Jayden Nelson,Canada,FW,0,1,2,0,defense,urn:gd:story:classification:gcp_defending:competitionId:285023:defensive_pressures_applied:rank_asc:page:19,urn:gd:story:classification:gcp_defending:competitionId:285023:defensive_pressures_applied:rank_asc:page:19
466865,285023_43908,Derrick Etienne,Haiti,FW,0,0,2,0,defense,urn:gd:story:classification:gcp_defending:competitionId:285023:defensive_pressures_applied:rank_asc:page:19,urn:gd:story:classification:gcp_defending:competitionId:285023:defensive_pressures_applied:rank_asc:page:19
419166,285023_43946,Ibrahima Konate,France,DF,0,1,2,2,defense,urn:gd:story:classification:gcp_defending:competitionId:285023:defensive_pressures_applied:rank_asc:page:19,urn:gd:story:classification:gcp_defending:competitionId:285023:defensive_pressures_applied:rank_asc:page:19
520112,285023_43961,Henrik Falchener,Norway,DF,0,0,2,1,defense,urn:gd:story:classification:gcp_defending:competitionId:285023:defensive_pressures_applied:rank_asc:page:19,urn:gd:story:classification:gcp_defending:competitionId:285023:defensive_pressures_applied:rank_asc:page:19
466346,285023_1895293,Brandley Kuwas,Curaçao,FW,0,0,2,0,defense,urn:gd:story:classification:gcp_defending:competitionId:285023:defensive_pressures_applied:rank_asc:page:19,urn:gd:story:classification:gcp_defending:competitionId:285023:defensive_pressures_applied:rank_asc:page:19
401167,285023_43972,Caglar Soyuncu,Türkiye,DF,0,0,1,1,defense,urn:gd:story:classification:gcp_defending:competitionId:285023:defensive_pressures_applied:rank_asc:page:19,urn:gd:story:classification:gcp_defending:competitionId:285023:defensive_pressures_applied:rank_asc:page:19
336170,285023_43972,Kaan Ayhan,Türkiye,MF,0,0,1,1,defense,urn:gd:story:classification:gcp_defending:competitionId:285023:defensive_pressures_applied:rank_asc:page:19,urn:gd:story:classification:gcp_defending:competitionId:285023:defensive_pressures_applied:rank_asc:page:19
479316,285023_43822,Park Jinseob,Korea Republic,DF,0,1,1,0,defense,urn:gd:story:classification:gcp_defending:competitionId:285023:defensive_pressures_applied:rank_asc:page:19,urn:gd:story:classification:gcp_defending:competitionId:285023:defensive_pressures_applied:rank_asc:page:19
45191,285023_43820,Mohammad Aldaoud,Jordan,MF,0,0,1,0,defense,urn:gd:story:classification:gcp_defending:competitionId:285023:defensive_pressures_applied:rank_asc:page:19,urn:gd:story:classification:gcp_defending:competitionId:285023:defensive_pressures_applied:rank_asc:page:19
396158,285023_43818,Rebin Sulaka,Iraq,DF,0,2,1,1,defense,urn:gd:story:classification:gcp_defending:competitionId:285023:defensive_pressures_applied:rank_asc:page:19,urn:gd:story:classification:gcp_defending:competitionId:285023:defensive_pressures_applied:rank_asc:page:19
492189,285023_43926,Andres Gomez,Colombia,FW,0,0,1,1,defense,urn:gd:story:classification:gcp_defending:competitionId:285023:defensive_pressures_applied:rank_asc:page:19,urn:gd:story:classification:gcp_defending:competitionId:285023:defensive_pressures_applied:rank_asc:page:19
402979,285023_43927,Felix Torres,Ecuador,DF,0,0,1,1,defense,urn:gd:story:classification:gcp_defending:competitionId:285023:defensive_pressures_applied:rank_asc:page:19,urn:gd:story:classification:gcp_defending:competitionId:285023:defensive_pressures_applied:rank_asc:page:19
337232,285023_43914,Eric Davis,Panama,DF,0,1,1,1,defense,urn:gd:story:classification:gcp_defending:competitionId:285023:defensive_pressures_applied:rank_asc:page:19,urn:gd:story:classification:gcp_defending:competitionId:285023:defensive_pressures_applied:rank_asc:page:19
271116,285023_43914,Alberto Quintero,Panama,MF,0,0,1,0,defense,urn:gd:story:classification:gcp_defending:competitionId:285023:defensive_pressures_applied:rank_asc:page:19,urn:gd:story:classification:gcp_defending:competitionId:285023:defensive_pressures_applied:rank_asc:page:19
402044,285023_43960,Marten De Roon,Netherlands,MF,0,0,1,0,defense,urn:gd:story:classification:gcp_defending:competitionId:285023:defensive_pressures_applied:rank_asc:page:19,urn:gd:story:classification:gcp_defending:competitionId:285023:defensive_pressures_applied:rank_asc:page:19
489696,285023_43961,Sondre Langas,Norway,DF,0,1,1,1,defense,urn:gd:story:classification:gcp_defending:competitionId:285023:defensive_pressures_applied:rank_asc:page:19,urn:gd:story:classification:gcp_defending:competitionId:285023:defensive_pressures_applied:rank_asc:page:19
290821,285023_43935,Axel Witsel,Belgium,MF,0,0,0,0,defense,urn:gd:story:classification:gcp_defending:competitionId:285023:defensive_pressures_applied:rank_asc:page:19,urn:gd:story:classification:gcp_defending:competitionId:285023:defensive_pressures_applied:rank_asc:page:19
411470,285023_43946,Lucas Hernandez,France,DF,0,0,0,0,defense,urn:gd:story:classification:gcp_defending:competitionId:285023:defensive_pressures_applied:rank_asc:page:19,urn:gd:story:classification:gcp_defending:competitionId:285023:defensive_pressures_applied:rank_asc:page:19
441068,285023_43934,Dejan Ljubicic,Austria,MF,0,0,0,0,defense,urn:gd:story:classification:gcp_defending:competitionId:285023:defensive_pressures_applied:rank_asc:page:19,urn:gd:story:classification:gcp_defending:competitionId:285023:defensive_pressures_applied:rank_asc:page:19
483481,285023_43960,Mats Wieffer,Netherlands,DF,0,0,0,0,defense,urn:gd:story:classification:gcp_defending:competitionId:285023:defensive_pressures_applied:rank_asc:page:19,urn:gd:story:classification:gcp_defending:competitionId:285023:defensive_pressures_applied:rank_asc:page:19
464127,285023_43946,Robin Risser,France,GK,0,0,0,0,defense,urn:gd:story:classification:gcp_defending:competitionId:285023:defensive_pressures_applied:rank_asc:page:19,urn:gd:story:classification:gcp_defending:competitionId:285023:defensive_pressures_applied:rank_asc:page:19
389740,285023_43938,Martin Erlic,Croatia,DF,0,0,0,0,defense,urn:gd:story:classification:gcp_defending:competitionId:285023:defensive_pressures_applied:rank_asc:page:20,urn:gd:story:classification:gcp_defending:competitionId:285023:defensive_pressures_applied:rank_asc:page:20
215553,285023_43967,Craig Gordon,Scotland,GK,0,0,0,0,defense,urn:gd:story:classification:gcp_defending:competitionId:285023:defensive_pressures_applied:rank_asc:page:20,urn:gd:story:classification:gcp_defending:competitionId:285023:defensive_pressures_applied:rank_asc:page:20
494345,285023_43942,Dan Burn,England,DF,0,0,0,0,defense,urn:gd:story:classification:gcp_defending:competitionId:285023:defensive_pressures_applied:rank_asc:page:20,urn:gd:story:classification:gcp_defending:competitionId:285023:defensive_pressures_applied:rank_asc:page:20
520035,285023_43934,David Affengruber,Austria,DF,0,0,0,0,defense,urn:gd:story:classification:gcp_defending:competitionId:285023:defensive_pressures_applied:rank_asc:page:20,urn:gd:story:classification:gcp_defending:competitionId:285023:defensive_pressures_applied:rank_asc:page:20
411301,285023_43967,Angus Gunn,Scotland,GK,0,0,0,0,defense,urn:gd:story:classification:gcp_defending:competitionId:285023:defensive_pressures_applied:rank_asc:page:20,urn:gd:story:classification:gcp_defending:competitionId:285023:defensive_pressures_applied:rank_asc:page:20
372424,285023_43938,Duje Caleta Car,Croatia,DF,0,0,0,0,defense,urn:gd:story:classification:gcp_defending:competitionId:285023:defensive_pressures_applied:rank_asc:page:20,urn:gd:story:classification:gcp_defending:competitionId:285023:defensive_pressures_applied:rank_asc:page:20
448369,285023_43935,Zeno Debast,Belgium,DF,0,0,0,0,defense,urn:gd:story:classification:gcp_defending:competitionId:285023:defensive_pressures_applied:rank_asc:page:20,urn:gd:story:classification:gcp_defending:competitionId:285023:defensive_pressures_applied:rank_asc:page:20
495348,285023_43935,Senne Lammens,Belgium,GK,0,0,0,0,defense,urn:gd:story:classification:gcp_defending:competitionId:285023:defensive_pressures_applied:rank_asc:page:20,urn:gd:story:classification:gcp_defending:competitionId:285023:defensive_pressures_applied:rank_asc:page:20
514479,285023_43961,Sander Tangvik,Norway,GK,0,0,0,0,defense,urn:gd:story:classification:gcp_defending:competitionId:285023:defensive_pressures_applied:rank_asc:page:20,urn:gd:story:classification:gcp_defending:competitionId:285023:defensive_pressures_applied:rank_asc:page:20
483553,285023_43960,Lutsharel Geertruida,Netherlands,DF,0,0,0,0,defense,urn:gd:story:classification:gcp_defending:competitionId:285023:defensive_pressures_applied:rank_asc:page:20,urn:gd:story:classification:gcp_defending:competitionId:285023:defensive_pressures_applied:rank_asc:page:20
441148,285023_43963,Matheus Nunes,Portugal,MF,0,0,0,0,defense,urn:gd:story:classification:gcp_defending:competitionId:285023:defensive_pressures_applied:rank_asc:page:20,urn:gd:story:classification:gcp_defending:competitionId:285023:defensive_pressures_applied:rank_asc:page:20
228912,285023_43948,Manuel Neuer,Germany,GK,0,0,0,0,defense,urn:gd:story:classification:gcp_defending:competitionId:285023:defensive_pressures_applied:rank_asc:page:20,urn:gd:story:classification:gcp_defending:competitionId:285023:defensive_pressures_applied:rank_asc:page:20
403001,285023_43963,Diogo Costa,Portugal,GK,0,0,0,0,defense,urn:gd:story:classification:gcp_defending:competitionId:285023:defensive_pressures_applied:rank_asc:page:20,urn:gd:story:classification:gcp_defending:competitionId:285023:defensive_pressures_applied:rank_asc:page:20
448332,285023_43946,Mike Maignan,France,GK,0,0,0,0,defense,urn:gd:story:classification:gcp_defending:competitionId:285023:defensive_pressures_applied:rank_asc:page:20,urn:gd:story:classification:gcp_defending:competitionId:285023:defensive_pressures_applied:rank_asc:page:20
439691,285023_43942,Trevoh Chalobah,England,DF,0,0,0,0,defense,urn:gd:story:classification:gcp_defending:competitionId:285023:defensive_pressures_applied:rank_asc:page:20,urn:gd:story:classification:gcp_defending:competitionId:285023:defensive_pressures_applied:rank_asc:page:20
448151,285023_43960,Mark Flekken,Netherlands,GK,0,0,0,0,defense,urn:gd:story:classification:gcp_defending:competitionId:285023:defensive_pressures_applied:rank_asc:page:20,urn:gd:story:classification:gcp_defending:competitionId:285023:defensive_pressures_applied:rank_asc:page:20
483471,285023_43946,Brice Samba,France,GK,0,0,0,0,defense,urn:gd:story:classification:gcp_defending:competitionId:285023:defensive_pressures_applied:rank_asc:page:20,urn:gd:story:classification:gcp_defending:competitionId:285023:defensive_pressures_applied:rank_asc:page:20
384751,285023_43963,Goncalo Guedes,Portugal,FW,0,0,0,0,defense,urn:gd:story:classification:gcp_defending:competitionId:285023:defensive_pressures_applied:rank_asc:page:20,urn:gd:story:classification:gcp_defending:competitionId:285023:defensive_pressures_applied:rank_asc:page:20
403109,285023_43946,Marcus Thuram,France,FW,0,0,0,0,defense,urn:gd:story:classification:gcp_defending:competitionId:285023:defensive_pressures_applied:rank_asc:page:20,urn:gd:story:classification:gcp_defending:competitionId:285023:defensive_pressures_applied:rank_asc:page:20
424081,285023_43960,Bart Verbruggen,Netherlands,GK,0,0,0,0,defense,urn:gd:story:classification:gcp_defending:competitionId:285023:defensive_pressures_applied:rank_asc:page:20,urn:gd:story:classification:gcp_defending:competitionId:285023:defensive_pressures_applied:rank_asc:page:20
306538,285023_43948,Oliver Baumann,Germany,GK,0,0,0,0,defense,urn:gd:story:classification:gcp_defending:competitionId:285023:defensive_pressures_applied:rank_asc:page:20,urn:gd:story:classification:gcp_defending:competitionId:285023:defensive_pressures_applied:rank_asc:page:20
514526,285023_43938,Ivor Pandur,Croatia,GK,0,0,0,0,defense,urn:gd:story:classification:gcp_defending:competitionId:285023:defensive_pressures_applied:rank_asc:page:20,urn:gd:story:classification:gcp_defending:competitionId:285023:defensive_pressures_applied:rank_asc:page:20
441146,285023_43963,Goncalo Inacio,Portugal,DF,0,0,0,0,defense,urn:gd:story:classification:gcp_defending:competitionId:285023:defensive_pressures_applied:rank_asc:page:20,urn:gd:story:classification:gcp_defending:competitionId:285023:defensive_pressures_applied:rank_asc:page:20
448092,285023_43963,Rui Silva,Portugal,GK,0,0,0,0,defense,urn:gd:story:classification:gcp_defending:competitionId:285023:defensive_pressures_applied:rank_asc:page:20,urn:gd:story:classification:gcp_defending:competitionId:285023:defensive_pressures_applied:rank_asc:page:20
506028,285023_43960,Robin Roefs,Netherlands,GK,0,0,0,0,defense,urn:gd:story:classification:gcp_defending:competitionId:285023:defensive_pressures_applied:rank_asc:page:20,urn:gd:story:classification:gcp_defending:competitionId:285023:defensive_pressures_applied:rank_asc:page:20
441065,285023_43934,Patrick Pentz,Austria,GK,0,0,0,0,defense,urn:gd:story:classification:gcp_defending:competitionId:285023:defensive_pressures_applied:rank_asc:page:20,urn:gd:story:classification:gcp_defending:competitionId:285023:defensive_pressures_applied:rank_asc:page:20
368689,285023_43963,Jose Sa,Portugal,GK,0,0,0,0,defense,urn:gd:story:classification:gcp_defending:competitionId:285023:defensive_pressures_applied:rank_asc:page:20,urn:gd:story:classification:gcp_defending:competitionId:285023:defensive_pressures_applied:rank_asc:page:20
499803,285023_43935,Mike Penders,Belgium,GK,0,0,0,0,defense,urn:gd:story:classification:gcp_defending:competitionId:285023:defensive_pressures_applied:rank_asc:page:20,urn:gd:story:classification:gcp_defending:competitionId:285023:defensive_pressures_applied:rank_asc:page:20
398681,285023_43946,Ngolo Kante,France,MF,0,0,0,0,defense,urn:gd:story:classification:gcp_defending:competitionId:285023:defensive_pressures_applied:rank_asc:page:20,urn:gd:story:classification:gcp_defending:competitionId:285023:defensive_pressures_applied:rank_asc:page:20
429639,285023_43948,Alexander Nuebel,Germany,GK,0,0,0,0,defense,urn:gd:story:classification:gcp_defending:competitionId:285023:defensive_pressures_applied:rank_asc:page:20,urn:gd:story:classification:gcp_defending:competitionId:285023:defensive_pressures_applied:rank_asc:page:20
483549,285023_43946,Warren Zaire Emery,France,MF,0,0,0,0,defense,urn:gd:story:classification:gcp_defending:competitionId:285023:defensive_pressures_applied:rank_asc:page:20,urn:gd:story:classification:gcp_defending:competitionId:285023:defensive_pressures_applied:rank_asc:page:20
389753,285023_43938,Nikola Moro,Croatia,MF,0,0,0,0,defense,urn:gd:story:classification:gcp_defending:competitionId:285023:defensive_pressures_applied:rank_asc:page:20,urn:gd:story:classification:gcp_defending:competitionId:285023:defensive_pressures_applied:rank_asc:page:20
448366,285023_43935,Koni De Winter,Belgium,DF,0,0,0,0,defense,urn:gd:story:classification:gcp_defending:competitionId:285023:defensive_pressures_applied:rank_asc:page:20,urn:gd:story:classification:gcp_defending:competitionId:285023:defensive_pressures_applied:rank_asc:page:20
520034,285023_43934,Florian Wiegele,Austria,GK,0,0,0,0,defense,urn:gd:story:classification:gcp_defending:competitionId:285023:defensive_pressures_applied:rank_asc:page:20,urn:gd:story:classification:gcp_defending:competitionId:285023:defensive_pressures_applied:rank_asc:page:20
482621,285023_43942,Kobbie Mainoo,England,MF,0,0,0,0,defense,urn:gd:story:classification:gcp_defending:competitionId:285023:defensive_pressures_applied:rank_asc:page:20,urn:gd:story:classification:gcp_defending:competitionId:285023:defensive_pressures_applied:rank_asc:page:20
448179,285023_43938,Dominik Kotarski,Croatia,GK,0,0,0,0,defense,urn:gd:story:classification:gcp_defending:competitionId:285023:defensive_pressures_applied:rank_asc:page:20,urn:gd:story:classification:gcp_defending:competitionId:285023:defensive_pressures_applied:rank_asc:page:20
373235,285023_43961,Orjan Nyland,Norway,GK,0,0,0,0,defense,urn:gd:story:classification:gcp_defending:competitionId:285023:defensive_pressures_applied:rank_asc:page:20,urn:gd:story:classification:gcp_defending:competitionId:285023:defensive_pressures_applied:rank_asc:page:20
369029,285023_43938,Dominik Livakovic,Croatia,GK,0,0,0,0,defense,urn:gd:story:classification:gcp_defending:competitionId:285023:defensive_pressures_applied:rank_asc:page:20,urn:gd:story:classification:gcp_defending:competitionId:285023:defensive_pressures_applied:rank_asc:page:20
491269,285023_43934,Michael Svoboda,Austria,DF,0,0,0,0,defense,urn:gd:story:classification:gcp_defending:competitionId:285023:defensive_pressures_applied:rank_asc:page:20,urn:gd:story:classification:gcp_defending:competitionId:285023:defensive_pressures_applied:rank_asc:page:20
358106,285023_43935,Thibaut Courtois,Belgium,GK,0,0,0,0,defense,urn:gd:story:classification:gcp_defending:competitionId:285023:defensive_pressures_applied:rank_asc:page:20,urn:gd:story:classification:gcp_defending:competitionId:285023:defensive_pressures_applied:rank_asc:page:20
403046,285023_43942,Dean Henderson,England,GK,0,0,0,0,defense,urn:gd:story:classification:gcp_defending:competitionId:285023:defensive_pressures_applied:rank_asc:page:20,urn:gd:story:classification:gcp_defending:competitionId:285023:defensive_pressures_applied:rank_asc:page:20
475195,285023_43948,Assan Ouedraogo,Germany,MF,0,0,0,0,defense,urn:gd:story:classification:gcp_defending:competitionId:285023:defensive_pressures_applied:rank_asc:page:20,urn:gd:story:classification:gcp_defending:competitionId:285023:defensive_pressures_applied:rank_asc:page:20
448198,285023_43942,Ivan Toney,England,FW,0,0,0,0,defense,urn:gd:story:classification:gcp_defending:competitionId:285023:defensive_pressures_applied:rank_asc:page:20,urn:gd:story:classification:gcp_defending:competitionId:285023:defensive_pressures_applied:rank_asc:page:20
485065,285023_43938,Toni Fruk,Croatia,MF,0,0,0,0,defense,urn:gd:story:classification:gcp_defending:competitionId:285023:defensive_pressures_applied:rank_asc:page:20,urn:gd:story:classification:gcp_defending:competitionId:285023:defensive_pressures_applied:rank_asc:page:20
483535,285023_43961,Egil Selvik,Norway,GK,0,0,0,0,defense,urn:gd:story:classification:gcp_defending:competitionId:285023:defensive_pressures_applied:rank_asc:page:20,urn:gd:story:classification:gcp_defending:competitionId:285023:defensive_pressures_applied:rank_asc:page:20
506088,285023_43935,Joaquin Seys,Belgium,DF,0,0,0,0,defense,urn:gd:story:classification:gcp_defending:competitionId:285023:defensive_pressures_applied:rank_asc:page:20,urn:gd:story:classification:gcp_defending:competitionId:285023:defensive_pressures_applied:rank_asc:page:20
375600,285023_43934,Alessandro Schoepf,Austria,MF,0,0,0,0,defense,urn:gd:story:classification:gcp_defending:competitionId:285023:defensive_pressures_applied:rank_asc:page:20,urn:gd:story:classification:gcp_defending:competitionId:285023:defensive_pressures_applied:rank_asc:page:20
371739,285023_43934,Alexander Schlager,Austria,GK,0,0,0,0,defense,urn:gd:story:classification:gcp_defending:competitionId:285023:defensive_pressures_applied:rank_asc:page:20,urn:gd:story:classification:gcp_defending:competitionId:285023:defensive_pressures_applied:rank_asc:page:20
336022,285023_43942,Jordan Pickford,England,GK,0,0,0,0,defense,urn:gd:story:classification:gcp_defending:competitionId:285023:defensive_pressures_applied:rank_asc:page:20,urn:gd:story:classification:gcp_defending:competitionId:285023:defensive_pressures_applied:rank_asc:page:20
485080,285023_43942,James Trafford,England,GK,0,0,0,0,defense,urn:gd:story:classification:gcp_defending:competitionId:285023:defensive_pressures_applied:rank_asc:page:20,urn:gd:story:classification:gcp_defending:competitionId:285023:defensive_pressures_applied:rank_asc:page:20
448164,285023_43938,Kristijan Jakic,Croatia,DF,0,0,0,0,defense,urn:gd:story:classification:gcp_defending:competitionId:285023:defensive_pressures_applied:rank_asc:page:21,urn:gd:story:classification:gcp_defending:competitionId:285023:defensive_pressures_applied:rank_asc:page:21
429600,285023_43822,Lee Donggyeong,Korea Republic,MF,0,0,0,0,defense,urn:gd:story:classification:gcp_defending:competitionId:285023:defensive_pressures_applied:rank_asc:page:21,urn:gd:story:classification:gcp_defending:competitionId:285023:defensive_pressures_applied:rank_asc:page:21
274281,285023_43822,Kim Seunggyu,Korea Republic,GK,0,0,0,0,defense,urn:gd:story:classification:gcp_defending:competitionId:285023:defensive_pressures_applied:rank_asc:page:21,urn:gd:story:classification:gcp_defending:competitionId:285023:defensive_pressures_applied:rank_asc:page:21
368744,285023_43818,Fahad Talib,Iraq,GK,0,0,0,0,defense,urn:gd:story:classification:gcp_defending:competitionId:285023:defensive_pressures_applied:rank_asc:page:21,urn:gd:story:classification:gcp_defending:competitionId:285023:defensive_pressures_applied:rank_asc:page:21
364752,285023_43850,Vozinha,Cabo Verde,GK,0,0,0,0,defense,urn:gd:story:classification:gcp_defending:competitionId:285023:defensive_pressures_applied:rank_asc:page:21,urn:gd:story:classification:gcp_defending:competitionId:285023:defensive_pressures_applied:rank_asc:page:21
385070,285023_43834,Mohammed Muntari,Qatar,FW,0,0,0,0,defense,urn:gd:story:classification:gcp_defending:competitionId:285023:defensive_pressures_applied:rank_asc:page:21,urn:gd:story:classification:gcp_defending:competitionId:285023:defensive_pressures_applied:rank_asc:page:21
486196,285023_20014,Timothy Fayulu,Congo DR,GK,0,0,0,0,defense,urn:gd:story:classification:gcp_defending:competitionId:285023:defensive_pressures_applied:rank_asc:page:21,urn:gd:story:classification:gcp_defending:competitionId:285023:defensive_pressures_applied:rank_asc:page:21
396885,285023_43835,Mohammed Alowais,Saudi Arabia,GK,0,0,0,0,defense,urn:gd:story:classification:gcp_defending:competitionId:285023:defensive_pressures_applied:rank_asc:page:21,urn:gd:story:classification:gcp_defending:competitionId:285023:defensive_pressures_applied:rank_asc:page:21
347085,285023_43818,Jalal Hassan,Iraq,GK,0,0,0,0,defense,urn:gd:story:classification:gcp_defending:competitionId:285023:defensive_pressures_applied:rank_asc:page:21,urn:gd:story:classification:gcp_defending:competitionId:285023:defensive_pressures_applied:rank_asc:page:21
520068,285023_43820,Mohammad Abughoush,Jordan,MF,0,0,0,0,defense,urn:gd:story:classification:gcp_defending:competitionId:285023:defensive_pressures_applied:rank_asc:page:21,urn:gd:story:classification:gcp_defending:competitionId:285023:defensive_pressures_applied:rank_asc:page:21
477831,285023_43850,Logan Costa,Cabo Verde,DF,0,0,0,0,defense,urn:gd:story:classification:gcp_defending:competitionId:285023:defensive_pressures_applied:rank_asc:page:21,urn:gd:story:classification:gcp_defending:competitionId:285023:defensive_pressures_applied:rank_asc:page:21
519837,285023_43817,Dennis Dargahi,IR Iran,FW,0,0,0,0,defense,urn:gd:story:classification:gcp_defending:competitionId:285023:defensive_pressures_applied:rank_asc:page:21,urn:gd:story:classification:gcp_defending:competitionId:285023:defensive_pressures_applied:rank_asc:page:21
511889,285023_43820,Anas Badawi,Jordan,DF,0,0,0,0,defense,urn:gd:story:classification:gcp_defending:competitionId:285023:defensive_pressures_applied:rank_asc:page:21,urn:gd:story:classification:gcp_defending:competitionId:285023:defensive_pressures_applied:rank_asc:page:21
389879,285023_43843,Luca Zidane,Algeria,GK,0,0,0,0,defense,urn:gd:story:classification:gcp_defending:competitionId:285023:defensive_pressures_applied:rank_asc:page:21,urn:gd:story:classification:gcp_defending:competitionId:285023:defensive_pressures_applied:rank_asc:page:21
511710,285023_43819,Tomoki Hayakawa,Japan,GK,0,0,0,0,defense,urn:gd:story:classification:gcp_defending:competitionId:285023:defensive_pressures_applied:rank_asc:page:21,urn:gd:story:classification:gcp_defending:competitionId:285023:defensive_pressures_applied:rank_asc:page:21
401924,285023_43835,Hassan Kadish,Saudi Arabia,DF,0,0,0,0,defense,urn:gd:story:classification:gcp_defending:competitionId:285023:defensive_pressures_applied:rank_asc:page:21,urn:gd:story:classification:gcp_defending:competitionId:285023:defensive_pressures_applied:rank_asc:page:21
464374,285023_43822,Bae Junho,Korea Republic,MF,0,0,0,0,defense,urn:gd:story:classification:gcp_defending:competitionId:285023:defensive_pressures_applied:rank_asc:page:21,urn:gd:story:classification:gcp_defending:competitionId:285023:defensive_pressures_applied:rank_asc:page:21
494429,285023_43817,Danial Iri,IR Iran,DF,0,0,0,0,defense,urn:gd:story:classification:gcp_defending:competitionId:285023:defensive_pressures_applied:rank_asc:page:21,urn:gd:story:classification:gcp_defending:competitionId:285023:defensive_pressures_applied:rank_asc:page:21
433571,285023_43818,Ahmed Basil,Iraq,GK,0,0,0,0,defense,urn:gd:story:classification:gcp_defending:competitionId:285023:defensive_pressures_applied:rank_asc:page:21,urn:gd:story:classification:gcp_defending:competitionId:285023:defensive_pressures_applied:rank_asc:page:21
433600,285023_43843,Mohamed Amine Tougai,Algeria,DF,0,0,0,0,defense,urn:gd:story:classification:gcp_defending:competitionId:285023:defensive_pressures_applied:rank_asc:page:21,urn:gd:story:classification:gcp_defending:competitionId:285023:defensive_pressures_applied:rank_asc:page:21
297266,285023_43850,Stopira,Cabo Verde,DF,0,0,0,0,defense,urn:gd:story:classification:gcp_defending:competitionId:285023:defensive_pressures_applied:rank_asc:page:21,urn:gd:story:classification:gcp_defending:competitionId:285023:defensive_pressures_applied:rank_asc:page:21
433631,285023_43843,Yassine Titraoui,Algeria,MF,0,0,0,0,defense,urn:gd:story:classification:gcp_defending:competitionId:285023:defensive_pressures_applied:rank_asc:page:21,urn:gd:story:classification:gcp_defending:competitionId:285023:defensive_pressures_applied:rank_asc:page:21
514171,285023_20014,Matthieu Epolo,Congo DR,GK,0,0,0,0,defense,urn:gd:story:classification:gcp_defending:competitionId:285023:defensive_pressures_applied:rank_asc:page:21,urn:gd:story:classification:gcp_defending:competitionId:285023:defensive_pressures_applied:rank_asc:page:21
384850,285023_43820,Rajaei Ayed,Jordan,MF,0,0,0,0,defense,urn:gd:story:classification:gcp_defending:competitionId:285023:defensive_pressures_applied:rank_asc:page:21,urn:gd:story:classification:gcp_defending:competitionId:285023:defensive_pressures_applied:rank_asc:page:21
406281,285023_43850,Cj Dos Santos,Cabo Verde,GK,0,0,0,0,defense,urn:gd:story:classification:gcp_defending:competitionId:285023:defensive_pressures_applied:rank_asc:page:21,urn:gd:story:classification:gcp_defending:competitionId:285023:defensive_pressures_applied:rank_asc:page:21
486639,285023_43834,Tahsin Mohammed,Qatar,FW,0,0,0,0,defense,urn:gd:story:classification:gcp_defending:competitionId:285023:defensive_pressures_applied:rank_asc:page:21,urn:gd:story:classification:gcp_defending:competitionId:285023:defensive_pressures_applied:rank_asc:page:21
419287,285023_43835,Nawaf Alaqidi,Saudi Arabia,GK,0,0,0,0,defense,urn:gd:story:classification:gcp_defending:competitionId:285023:defensive_pressures_applied:rank_asc:page:21,urn:gd:story:classification:gcp_defending:competitionId:285023:defensive_pressures_applied:rank_asc:page:21
477829,285023_20014,Dylan Batubinsika,Congo DR,DF,0,0,0,0,defense,urn:gd:story:classification:gcp_defending:competitionId:285023:defensive_pressures_applied:rank_asc:page:21,urn:gd:story:classification:gcp_defending:competitionId:285023:defensive_pressures_applied:rank_asc:page:21
397753,285023_43822,Jo Hyeonwoo,Korea Republic,GK,0,0,0,0,defense,urn:gd:story:classification:gcp_defending:competitionId:285023:defensive_pressures_applied:rank_asc:page:21,urn:gd:story:classification:gcp_defending:competitionId:285023:defensive_pressures_applied:rank_asc:page:21
314255,285023_43817,Hossein Hosseini,IR Iran,GK,0,0,0,0,defense,urn:gd:story:classification:gcp_defending:competitionId:285023:defensive_pressures_applied:rank_asc:page:21,urn:gd:story:classification:gcp_defending:competitionId:285023:defensive_pressures_applied:rank_asc:page:21
405530,285023_43819,Zion Suzuki,Japan,GK,0,0,0,0,defense,urn:gd:story:classification:gcp_defending:competitionId:285023:defensive_pressures_applied:rank_asc:page:21,urn:gd:story:classification:gcp_defending:competitionId:285023:defensive_pressures_applied:rank_asc:page:21
475921,285023_43817,Amirmohammad Razaghinia,IR Iran,MF,0,0,0,0,defense,urn:gd:story:classification:gcp_defending:competitionId:285023:defensive_pressures_applied:rank_asc:page:21,urn:gd:story:classification:gcp_defending:competitionId:285023:defensive_pressures_applied:rank_asc:page:21
430512,285023_43835,Aiman Yahya,Saudi Arabia,FW,0,0,0,0,defense,urn:gd:story:classification:gcp_defending:competitionId:285023:defensive_pressures_applied:rank_asc:page:21,urn:gd:story:classification:gcp_defending:competitionId:285023:defensive_pressures_applied:rank_asc:page:21
520070,285023_43843,Melvin Mastil,Algeria,GK,0,0,0,0,defense,urn:gd:story:classification:gcp_defending:competitionId:285023:defensive_pressures_applied:rank_asc:page:21,urn:gd:story:classification:gcp_defending:competitionId:285023:defensive_pressures_applied:rank_asc:page:21
397894,285023_43820,Yazeed Abulaila,Jordan,GK,0,0,0,0,defense,urn:gd:story:classification:gcp_defending:competitionId:285023:defensive_pressures_applied:rank_asc:page:21,urn:gd:story:classification:gcp_defending:competitionId:285023:defensive_pressures_applied:rank_asc:page:21
407114,285023_43850,Marcio Rosa,Cabo Verde,GK,0,0,0,0,defense,urn:gd:story:classification:gcp_defending:competitionId:285023:defensive_pressures_applied:rank_asc:page:21,urn:gd:story:classification:gcp_defending:competitionId:285023:defensive_pressures_applied:rank_asc:page:21
448507,285023_43817,Payam Niazmand,IR Iran,GK,0,0,0,0,defense,urn:gd:story:classification:gcp_defending:competitionId:285023:defensive_pressures_applied:rank_asc:page:21,urn:gd:story:classification:gcp_defending:competitionId:285023:defensive_pressures_applied:rank_asc:page:21
436538,285023_43835,Ziyad Aljohani,Saudi Arabia,MF,0,0,0,0,defense,urn:gd:story:classification:gcp_defending:competitionId:285023:defensive_pressures_applied:rank_asc:page:21,urn:gd:story:classification:gcp_defending:competitionId:285023:defensive_pressures_applied:rank_asc:page:21
419326,285023_43835,Ali Majrashi,Saudi Arabia,DF,0,0,0,0,defense,urn:gd:story:classification:gcp_defending:competitionId:285023:defensive_pressures_applied:rank_asc:page:21,urn:gd:story:classification:gcp_defending:competitionId:285023:defensive_pressures_applied:rank_asc:page:21
483127,285023_43820,Nour Baniateyah,Jordan,GK,0,0,0,0,defense,urn:gd:story:classification:gcp_defending:competitionId:285023:defensive_pressures_applied:rank_asc:page:21,urn:gd:story:classification:gcp_defending:competitionId:285023:defensive_pressures_applied:rank_asc:page:21
431209,285023_43820,Ibrahim Sadeh,Jordan,MF,0,0,0,0,defense,urn:gd:story:classification:gcp_defending:competitionId:285023:defensive_pressures_applied:rank_asc:page:21,urn:gd:story:classification:gcp_defending:competitionId:285023:defensive_pressures_applied:rank_asc:page:21
402820,285023_43822,Song Bumkeun,Korea Republic,GK,0,0,0,0,defense,urn:gd:story:classification:gcp_defending:competitionId:285023:defensive_pressures_applied:rank_asc:page:21,urn:gd:story:classification:gcp_defending:competitionId:285023:defensive_pressures_applied:rank_asc:page:21
416056,285023_43834,Meshaal Barsham,Qatar,GK,0,0,0,0,defense,urn:gd:story:classification:gcp_defending:competitionId:285023:defensive_pressures_applied:rank_asc:page:21,urn:gd:story:classification:gcp_defending:competitionId:285023:defensive_pressures_applied:rank_asc:page:21
336439,285023_20014,Gael Kakuta,Congo DR,FW,0,0,0,0,defense,urn:gd:story:classification:gcp_defending:competitionId:285023:defensive_pressures_applied:rank_asc:page:21,urn:gd:story:classification:gcp_defending:competitionId:285023:defensive_pressures_applied:rank_asc:page:21
512127,285023_43843,Achref Abada,Algeria,DF,0,0,0,0,defense,urn:gd:story:classification:gcp_defending:competitionId:285023:defensive_pressures_applied:rank_asc:page:21,urn:gd:story:classification:gcp_defending:competitionId:285023:defensive_pressures_applied:rank_asc:page:21
477817,285023_43843,Oussama Benbot,Algeria,GK,0,0,0,0,defense,urn:gd:story:classification:gcp_defending:competitionId:285023:defensive_pressures_applied:rank_asc:page:21,urn:gd:story:classification:gcp_defending:competitionId:285023:defensive_pressures_applied:rank_asc:page:21
380007,285023_43817,Alireza Beiranvand,IR Iran,GK,0,0,0,0,defense,urn:gd:story:classification:gcp_defending:competitionId:285023:defensive_pressures_applied:rank_asc:page:21,urn:gd:story:classification:gcp_defending:competitionId:285023:defensive_pressures_applied:rank_asc:page:21
418485,285023_43822,Kim Taehyeon,Korea Republic,DF,0,0,0,0,defense,urn:gd:story:classification:gcp_defending:competitionId:285023:defensive_pressures_applied:rank_asc:page:21,urn:gd:story:classification:gcp_defending:competitionId:285023:defensive_pressures_applied:rank_asc:page:21
441313,285023_20014,Lionel Mpasi,Congo DR,GK,0,0,0,0,defense,urn:gd:story:classification:gcp_defending:competitionId:285023:defensive_pressures_applied:rank_asc:page:21,urn:gd:story:classification:gcp_defending:competitionId:285023:defensive_pressures_applied:rank_asc:page:21
406595,285023_43817,Roozbeh Cheshmi,IR Iran,MF,0,0,0,0,defense,urn:gd:story:classification:gcp_defending:competitionId:285023:defensive_pressures_applied:rank_asc:page:21,urn:gd:story:classification:gcp_defending:competitionId:285023:defensive_pressures_applied:rank_asc:page:21
403305,285023_43819,Keisuke Osako,Japan,GK,0,0,0,0,defense,urn:gd:story:classification:gcp_defending:competitionId:285023:defensive_pressures_applied:rank_asc:page:22,urn:gd:story:classification:gcp_defending:competitionId:285023:defensive_pressures_applied:rank_asc:page:22
522282,285023_43822,Cho Wije,Korea Republic,DF,0,0,0,0,defense,urn:gd:story:classification:gcp_defending:competitionId:285023:defensive_pressures_applied:rank_asc:page:22,urn:gd:story:classification:gcp_defending:competitionId:285023:defensive_pressures_applied:rank_asc:page:22
419459,285023_43834,Mahmoud Abunada,Qatar,GK,1,0,0,0,defense,urn:gd:story:classification:gcp_defending:competitionId:285023:defensive_pressures_applied:rank_asc:page:22,urn:gd:story:classification:gcp_defending:competitionId:285023:defensive_pressures_applied:rank_asc:page:22
425804,285023_43835,Saleh Alshehri,Saudi Arabia,FW,0,0,0,0,defense,urn:gd:story:classification:gcp_defending:competitionId:285023:defensive_pressures_applied:rank_asc:page:22,urn:gd:story:classification:gcp_defending:competitionId:285023:defensive_pressures_applied:rank_asc:page:22
494506,285023_43835,Jehad Thikri,Saudi Arabia,DF,0,0,0,0,defense,urn:gd:story:classification:gcp_defending:competitionId:285023:defensive_pressures_applied:rank_asc:page:22,urn:gd:story:classification:gcp_defending:competitionId:285023:defensive_pressures_applied:rank_asc:page:22
431223,285023_43820,Abdallah Alfakhori,Jordan,GK,0,0,0,0,defense,urn:gd:story:classification:gcp_defending:competitionId:285023:defensive_pressures_applied:rank_asc:page:22,urn:gd:story:classification:gcp_defending:competitionId:285023:defensive_pressures_applied:rank_asc:page:22
419461,285023_43834,Salah Zakaria,Qatar,GK,0,0,0,0,defense,urn:gd:story:classification:gcp_defending:competitionId:285023:defensive_pressures_applied:rank_asc:page:22,urn:gd:story:classification:gcp_defending:competitionId:285023:defensive_pressures_applied:rank_asc:page:22
339746,285023_43835,Ahmed Alkassar,Saudi Arabia,GK,0,0,0,0,defense,urn:gd:story:classification:gcp_defending:competitionId:285023:defensive_pressures_applied:rank_asc:page:22,urn:gd:story:classification:gcp_defending:competitionId:285023:defensive_pressures_applied:rank_asc:page:22
477864,285023_20014,Aaron Tshibola,Congo DR,MF,0,0,0,0,defense,urn:gd:story:classification:gcp_defending:competitionId:285023:defensive_pressures_applied:rank_asc:page:22,urn:gd:story:classification:gcp_defending:competitionId:285023:defensive_pressures_applied:rank_asc:page:22
522842,285023_44037,Mladen Jurkas,Bosnia and Herzegovina,GK,0,0,0,0,defense,urn:gd:story:classification:gcp_defending:competitionId:285023:defensive_pressures_applied:rank_asc:page:22,urn:gd:story:classification:gcp_defending:competitionId:285023:defensive_pressures_applied:rank_asc:page:22
466365,285023_1895293,Kevin Felida,Curaçao,MF,0,0,0,0,defense,urn:gd:story:classification:gcp_defending:competitionId:285023:defensive_pressures_applied:rank_asc:page:22,urn:gd:story:classification:gcp_defending:competitionId:285023:defensive_pressures_applied:rank_asc:page:22
466382,285023_1895293,Trevor Doornbusch,Curaçao,GK,0,0,0,0,defense,urn:gd:story:classification:gcp_defending:competitionId:285023:defensive_pressures_applied:rank_asc:page:22,urn:gd:story:classification:gcp_defending:competitionId:285023:defensive_pressures_applied:rank_asc:page:22
485379,285023_1895293,Shurandy Sambo,Curaçao,DF,0,0,0,0,defense,urn:gd:story:classification:gcp_defending:competitionId:285023:defensive_pressures_applied:rank_asc:page:22,urn:gd:story:classification:gcp_defending:competitionId:285023:defensive_pressures_applied:rank_asc:page:22
466370,285023_1895293,Tyrick Bodak,Curaçao,GK,0,0,0,0,defense,urn:gd:story:classification:gcp_defending:competitionId:285023:defensive_pressures_applied:rank_asc:page:22,urn:gd:story:classification:gcp_defending:competitionId:285023:defensive_pressures_applied:rank_asc:page:22
491228,285023_44037,Martin Zlomislic,Bosnia and Herzegovina,GK,0,0,0,0,defense,urn:gd:story:classification:gcp_defending:competitionId:285023:defensive_pressures_applied:rank_asc:page:22,urn:gd:story:classification:gcp_defending:competitionId:285023:defensive_pressures_applied:rank_asc:page:22
390650,285023_1895293,Eloy Room,Curaçao,GK,0,0,0,0,defense,urn:gd:story:classification:gcp_defending:competitionId:285023:defensive_pressures_applied:rank_asc:page:22,urn:gd:story:classification:gcp_defending:competitionId:285023:defensive_pressures_applied:rank_asc:page:22
485324,285023_1895293,Arjany Martha,Curaçao,MF,0,0,0,0,defense,urn:gd:story:classification:gcp_defending:competitionId:285023:defensive_pressures_applied:rank_asc:page:22,urn:gd:story:classification:gcp_defending:competitionId:285023:defensive_pressures_applied:rank_asc:page:22
484072,285023_43972,Samet Akaydin,Türkiye,DF,0,0,0,0,defense,urn:gd:story:classification:gcp_defending:competitionId:285023:defensive_pressures_applied:rank_asc:page:22,urn:gd:story:classification:gcp_defending:competitionId:285023:defensive_pressures_applied:rank_asc:page:22
331149,285023_43976,Milos Degenek,Australia,DF,0,0,0,0,defense,urn:gd:story:classification:gcp_defending:competitionId:285023:defensive_pressures_applied:rank_asc:page:22,urn:gd:story:classification:gcp_defending:competitionId:285023:defensive_pressures_applied:rank_asc:page:22
448107,285023_43971,Gregor Kobel,Switzerland,GK,0,0,0,0,defense,urn:gd:story:classification:gcp_defending:competitionId:285023:defensive_pressures_applied:rank_asc:page:22,urn:gd:story:classification:gcp_defending:competitionId:285023:defensive_pressures_applied:rank_asc:page:22
518264,285023_44005,Avazbek Ulmasaliyev,Uzbekistan,DF,0,0,0,0,defense,urn:gd:story:classification:gcp_defending:competitionId:285023:defensive_pressures_applied:rank_asc:page:22,urn:gd:story:classification:gcp_defending:competitionId:285023:defensive_pressures_applied:rank_asc:page:22
419572,285023_43978,Nando Pijnaker,New Zealand,DF,0,0,0,0,defense,urn:gd:story:classification:gcp_defending:competitionId:285023:defensive_pressures_applied:rank_asc:page:22,urn:gd:story:classification:gcp_defending:competitionId:285023:defensive_pressures_applied:rank_asc:page:22
484864,285023_43971,Aurele Amenda,Switzerland,DF,0,0,0,0,defense,urn:gd:story:classification:gcp_defending:competitionId:285023:defensive_pressures_applied:rank_asc:page:22,urn:gd:story:classification:gcp_defending:competitionId:285023:defensive_pressures_applied:rank_asc:page:22
331135,285023_43976,Paul Izzo,Australia,GK,0,0,0,0,defense,urn:gd:story:classification:gcp_defending:competitionId:285023:defensive_pressures_applied:rank_asc:page:22,urn:gd:story:classification:gcp_defending:competitionId:285023:defensive_pressures_applied:rank_asc:page:22
371142,285023_43978,Alex Rufer,New Zealand,MF,0,0,0,0,defense,urn:gd:story:classification:gcp_defending:competitionId:285023:defensive_pressures_applied:rank_asc:page:22,urn:gd:story:classification:gcp_defending:competitionId:285023:defensive_pressures_applied:rank_asc:page:22
441181,285023_43972,Ugurcan Cakir,Türkiye,GK,0,0,0,0,defense,urn:gd:story:classification:gcp_defending:competitionId:285023:defensive_pressures_applied:rank_asc:page:22,urn:gd:story:classification:gcp_defending:competitionId:285023:defensive_pressures_applied:rank_asc:page:22
390218,285023_43978,Michael Woud,New Zealand,GK,0,0,0,0,defense,urn:gd:story:classification:gcp_defending:competitionId:285023:defensive_pressures_applied:rank_asc:page:22,urn:gd:story:classification:gcp_defending:competitionId:285023:defensive_pressures_applied:rank_asc:page:22
483990,285023_43995,David Jurasek,Czechia,DF,0,0,0,0,defense,urn:gd:story:classification:gcp_defending:competitionId:285023:defensive_pressures_applied:rank_asc:page:22,urn:gd:story:classification:gcp_defending:competitionId:285023:defensive_pressures_applied:rank_asc:page:22
423574,285023_43978,Alex Paulsen,New Zealand,GK,0,0,0,0,defense,urn:gd:story:classification:gcp_defending:competitionId:285023:defensive_pressures_applied:rank_asc:page:22,urn:gd:story:classification:gcp_defending:competitionId:285023:defensive_pressures_applied:rank_asc:page:22
405562,285023_43969,Eric Garcia,Spain,DF,0,0,0,0,defense,urn:gd:story:classification:gcp_defending:competitionId:285023:defensive_pressures_applied:rank_asc:page:22,urn:gd:story:classification:gcp_defending:competitionId:285023:defensive_pressures_applied:rank_asc:page:22
442429,285023_43967,Liam Kelly,Scotland,GK,0,0,0,0,defense,urn:gd:story:classification:gcp_defending:competitionId:285023:defensive_pressures_applied:rank_asc:page:22,urn:gd:story:classification:gcp_defending:competitionId:285023:defensive_pressures_applied:rank_asc:page:22
339117,285023_43976,Mathew Ryan,Australia,GK,0,0,0,0,defense,urn:gd:story:classification:gcp_defending:competitionId:285023:defensive_pressures_applied:rank_asc:page:22,urn:gd:story:classification:gcp_defending:competitionId:285023:defensive_pressures_applied:rank_asc:page:22
494557,285023_43976,Patrick Beach,Australia,GK,0,0,0,0,defense,urn:gd:story:classification:gcp_defending:competitionId:285023:defensive_pressures_applied:rank_asc:page:22,urn:gd:story:classification:gcp_defending:competitionId:285023:defensive_pressures_applied:rank_asc:page:22
441171,285023_43995,Jan Kuchta,Czechia,FW,0,0,0,0,defense,urn:gd:story:classification:gcp_defending:competitionId:285023:defensive_pressures_applied:rank_asc:page:22,urn:gd:story:classification:gcp_defending:competitionId:285023:defensive_pressures_applied:rank_asc:page:22
514639,285023_43970,Herman Johansson,Sweden,DF,0,0,0,0,defense,urn:gd:story:classification:gcp_defending:competitionId:285023:defensive_pressures_applied:rank_asc:page:22,urn:gd:story:classification:gcp_defending:competitionId:285023:defensive_pressures_applied:rank_asc:page:22
360496,285023_43970,Kristoffer Nordfeldt,Sweden,GK,0,0,0,0,defense,urn:gd:story:classification:gcp_defending:competitionId:285023:defensive_pressures_applied:rank_asc:page:22,urn:gd:story:classification:gcp_defending:competitionId:285023:defensive_pressures_applied:rank_asc:page:22
441180,285023_43972,Altay Bayindir,Türkiye,GK,0,0,0,0,defense,urn:gd:story:classification:gcp_defending:competitionId:285023:defensive_pressures_applied:rank_asc:page:22,urn:gd:story:classification:gcp_defending:competitionId:285023:defensive_pressures_applied:rank_asc:page:22
484862,285023_43971,Marvin Keller,Switzerland,GK,0,0,0,0,defense,urn:gd:story:classification:gcp_defending:competitionId:285023:defensive_pressures_applied:rank_asc:page:22,urn:gd:story:classification:gcp_defending:competitionId:285023:defensive_pressures_applied:rank_asc:page:22
492859,285023_43969,Victor Munoz,Spain,FW,0,0,0,0,defense,urn:gd:story:classification:gcp_defending:competitionId:285023:defensive_pressures_applied:rank_asc:page:22,urn:gd:story:classification:gcp_defending:competitionId:285023:defensive_pressures_applied:rank_asc:page:22
511118,285023_43995,Lukas Hornicek,Czechia,GK,0,0,0,0,defense,urn:gd:story:classification:gcp_defending:competitionId:285023:defensive_pressures_applied:rank_asc:page:22,urn:gd:story:classification:gcp_defending:competitionId:285023:defensive_pressures_applied:rank_asc:page:22
441132,285023_43970,Carl Starfelt,Sweden,DF,0,0,0,0,defense,urn:gd:story:classification:gcp_defending:competitionId:285023:defensive_pressures_applied:rank_asc:page:22,urn:gd:story:classification:gcp_defending:competitionId:285023:defensive_pressures_applied:rank_asc:page:22
419577,285023_43978,Ben Waine,New Zealand,FW,0,0,0,0,defense,urn:gd:story:classification:gcp_defending:competitionId:285023:defensive_pressures_applied:rank_asc:page:22,urn:gd:story:classification:gcp_defending:competitionId:285023:defensive_pressures_applied:rank_asc:page:22
447853,285023_43969,David Raya,Spain,GK,0,0,0,0,defense,urn:gd:story:classification:gcp_defending:competitionId:285023:defensive_pressures_applied:rank_asc:page:22,urn:gd:story:classification:gcp_defending:competitionId:285023:defensive_pressures_applied:rank_asc:page:22
484012,285023_43995,Matej Kovar,Czechia,GK,0,0,0,0,defense,urn:gd:story:classification:gcp_defending:competitionId:285023:defensive_pressures_applied:rank_asc:page:22,urn:gd:story:classification:gcp_defending:competitionId:285023:defensive_pressures_applied:rank_asc:page:22
479077,285023_44005,Utkir Yusupov,Uzbekistan,GK,0,0,0,0,defense,urn:gd:story:classification:gcp_defending:competitionId:285023:defensive_pressures_applied:rank_asc:page:22,urn:gd:story:classification:gcp_defending:competitionId:285023:defensive_pressures_applied:rank_asc:page:22
441162,285023_43995,Jindrich Stanek,Czechia,GK,0,0,0,0,defense,urn:gd:story:classification:gcp_defending:competitionId:285023:defensive_pressures_applied:rank_asc:page:22,urn:gd:story:classification:gcp_defending:competitionId:285023:defensive_pressures_applied:rank_asc:page:22
482984,285023_44037,Haris Tabakovic,Bosnia and Herzegovina,FW,0,0,0,0,defense,urn:gd:story:classification:gcp_defending:competitionId:285023:defensive_pressures_applied:rank_asc:page:22,urn:gd:story:classification:gcp_defending:competitionId:285023:defensive_pressures_applied:rank_asc:page:22
484728,285023_43969,Marc Pubill,Spain,DF,0,0,0,0,defense,urn:gd:story:classification:gcp_defending:competitionId:285023:defensive_pressures_applied:rank_asc:page:22,urn:gd:story:classification:gcp_defending:competitionId:285023:defensive_pressures_applied:rank_asc:page:22
479110,285023_44005,Abduvohid Nematov,Uzbekistan,GK,1,0,0,0,defense,urn:gd:story:classification:gcp_defending:competitionId:285023:defensive_pressures_applied:rank_asc:page:22,urn:gd:story:classification:gcp_defending:competitionId:285023:defensive_pressures_applied:rank_asc:page:22
430754,285023_43969,Martin Zubimendi,Spain,MF,0,0,0,0,defense,urn:gd:story:classification:gcp_defending:competitionId:285023:defensive_pressures_applied:rank_asc:page:22,urn:gd:story:classification:gcp_defending:competitionId:285023:defensive_pressures_applied:rank_asc:page:22
430437,285023_43976,Cameron Devlin,Australia,MF,0,0,0,0,defense,urn:gd:story:classification:gcp_defending:competitionId:285023:defensive_pressures_applied:rank_asc:page:23,urn:gd:story:classification:gcp_defending:competitionId:285023:defensive_pressures_applied:rank_asc:page:23
269592,285023_43978,Kosta Barbarouses,New Zealand,FW,0,0,0,0,defense,urn:gd:story:classification:gcp_defending:competitionId:285023:defensive_pressures_applied:rank_asc:page:23,urn:gd:story:classification:gcp_defending:competitionId:285023:defensive_pressures_applied:rank_asc:page:23
368535,285023_43978,Max Crocombe,New Zealand,GK,0,0,0,0,defense,urn:gd:story:classification:gcp_defending:competitionId:285023:defensive_pressures_applied:rank_asc:page:23,urn:gd:story:classification:gcp_defending:competitionId:285023:defensive_pressures_applied:rank_asc:page:23
430753,285023_43969,Unai Simon,Spain,GK,0,0,0,0,defense,urn:gd:story:classification:gcp_defending:competitionId:285023:defensive_pressures_applied:rank_asc:page:23,urn:gd:story:classification:gcp_defending:competitionId:285023:defensive_pressures_applied:rank_asc:page:23
489685,285023_43970,Jacob Widell Zetterstrom,Sweden,GK,0,0,0,0,defense,urn:gd:story:classification:gcp_defending:competitionId:285023:defensive_pressures_applied:rank_asc:page:23,urn:gd:story:classification:gcp_defending:competitionId:285023:defensive_pressures_applied:rank_asc:page:23
493061,285023_43970,Eric Smith,Sweden,DF,0,0,0,0,defense,urn:gd:story:classification:gcp_defending:competitionId:285023:defensive_pressures_applied:rank_asc:page:23,urn:gd:story:classification:gcp_defending:competitionId:285023:defensive_pressures_applied:rank_asc:page:23
360498,285023_43972,Mert Gunok,Türkiye,GK,0,0,0,0,defense,urn:gd:story:classification:gcp_defending:competitionId:285023:defensive_pressures_applied:rank_asc:page:23,urn:gd:story:classification:gcp_defending:competitionId:285023:defensive_pressures_applied:rank_asc:page:23
493221,285023_43971,Miro Muheim,Switzerland,DF,1,0,0,0,defense,urn:gd:story:classification:gcp_defending:competitionId:285023:defensive_pressures_applied:rank_asc:page:23,urn:gd:story:classification:gcp_defending:competitionId:285023:defensive_pressures_applied:rank_asc:page:23
442430,285023_43967,John Souttar,Scotland,DF,0,0,0,0,defense,urn:gd:story:classification:gcp_defending:competitionId:285023:defensive_pressures_applied:rank_asc:page:23,urn:gd:story:classification:gcp_defending:competitionId:285023:defensive_pressures_applied:rank_asc:page:23
447864,285023_43969,Borja Iglesias,Spain,FW,0,0,0,0,defense,urn:gd:story:classification:gcp_defending:competitionId:285023:defensive_pressures_applied:rank_asc:page:23,urn:gd:story:classification:gcp_defending:competitionId:285023:defensive_pressures_applied:rank_asc:page:23
482978,285023_44037,Nikola Vasilj,Bosnia and Herzegovina,GK,0,0,0,0,defense,urn:gd:story:classification:gcp_defending:competitionId:285023:defensive_pressures_applied:rank_asc:page:23,urn:gd:story:classification:gcp_defending:competitionId:285023:defensive_pressures_applied:rank_asc:page:23
479084,285023_44005,Umar Eshmurodov,Uzbekistan,DF,0,0,0,0,defense,urn:gd:story:classification:gcp_defending:competitionId:285023:defensive_pressures_applied:rank_asc:page:23,urn:gd:story:classification:gcp_defending:competitionId:285023:defensive_pressures_applied:rank_asc:page:23
391297,285023_43969,Alex Grimaldo,Spain,DF,0,0,0,0,defense,urn:gd:story:classification:gcp_defending:competitionId:285023:defensive_pressures_applied:rank_asc:page:23,urn:gd:story:classification:gcp_defending:competitionId:285023:defensive_pressures_applied:rank_asc:page:23
390205,285023_43978,Logan Rogerson,New Zealand,FW,0,0,0,0,defense,urn:gd:story:classification:gcp_defending:competitionId:285023:defensive_pressures_applied:rank_asc:page:23,urn:gd:story:classification:gcp_defending:competitionId:285023:defensive_pressures_applied:rank_asc:page:23
448120,285023_43971,Ardon Jashari,Switzerland,MF,0,0,0,0,defense,urn:gd:story:classification:gcp_defending:competitionId:285023:defensive_pressures_applied:rank_asc:page:23,urn:gd:story:classification:gcp_defending:competitionId:285023:defensive_pressures_applied:rank_asc:page:23
483319,285023_43970,Hjalmar Ekdal,Sweden,DF,0,0,0,0,defense,urn:gd:story:classification:gcp_defending:competitionId:285023:defensive_pressures_applied:rank_asc:page:23,urn:gd:story:classification:gcp_defending:competitionId:285023:defensive_pressures_applied:rank_asc:page:23
448136,285023_43971,Eray Coemert,Switzerland,DF,0,0,0,0,defense,urn:gd:story:classification:gcp_defending:competitionId:285023:defensive_pressures_applied:rank_asc:page:23,urn:gd:story:classification:gcp_defending:competitionId:285023:defensive_pressures_applied:rank_asc:page:23
484691,285023_43969,Joan Garcia,Spain,GK,0,0,0,0,defense,urn:gd:story:classification:gcp_defending:competitionId:285023:defensive_pressures_applied:rank_asc:page:23,urn:gd:story:classification:gcp_defending:competitionId:285023:defensive_pressures_applied:rank_asc:page:23
523007,285023_43967,Tyler Fletcher,Scotland,MF,0,0,0,0,defense,urn:gd:story:classification:gcp_defending:competitionId:285023:defensive_pressures_applied:rank_asc:page:23,urn:gd:story:classification:gcp_defending:competitionId:285023:defensive_pressures_applied:rank_asc:page:23
495431,285023_43967,George Hirst,Scotland,FW,0,0,0,0,defense,urn:gd:story:classification:gcp_defending:competitionId:285023:defensive_pressures_applied:rank_asc:page:23,urn:gd:story:classification:gcp_defending:competitionId:285023:defensive_pressures_applied:rank_asc:page:23
484817,285023_43978,Lachlan Bayliss,New Zealand,MF,0,0,0,0,defense,urn:gd:story:classification:gcp_defending:competitionId:285023:defensive_pressures_applied:rank_asc:page:23,urn:gd:story:classification:gcp_defending:competitionId:285023:defensive_pressures_applied:rank_asc:page:23
482969,285023_44037,Nihad Mujakic,Bosnia and Herzegovina,DF,0,0,0,0,defense,urn:gd:story:classification:gcp_defending:competitionId:285023:defensive_pressures_applied:rank_asc:page:23,urn:gd:story:classification:gcp_defending:competitionId:285023:defensive_pressures_applied:rank_asc:page:23
402022,285023_43971,Yvon Mvogo,Switzerland,GK,0,0,0,0,defense,urn:gd:story:classification:gcp_defending:competitionId:285023:defensive_pressures_applied:rank_asc:page:23,urn:gd:story:classification:gcp_defending:competitionId:285023:defensive_pressures_applied:rank_asc:page:23
484073,285023_43967,Dominic Hyam,Scotland,DF,0,0,0,0,defense,urn:gd:story:classification:gcp_defending:competitionId:285023:defensive_pressures_applied:rank_asc:page:23,urn:gd:story:classification:gcp_defending:competitionId:285023:defensive_pressures_applied:rank_asc:page:23
385472,285023_44005,Botirali Ergashev,Uzbekistan,GK,0,0,0,0,defense,urn:gd:story:classification:gcp_defending:competitionId:285023:defensive_pressures_applied:rank_asc:page:23,urn:gd:story:classification:gcp_defending:competitionId:285023:defensive_pressures_applied:rank_asc:page:23
483264,285023_43970,Viktor Johansson,Sweden,GK,0,0,0,0,defense,urn:gd:story:classification:gcp_defending:competitionId:285023:defensive_pressures_applied:rank_asc:page:23,urn:gd:story:classification:gcp_defending:competitionId:285023:defensive_pressures_applied:rank_asc:page:23
506775,285023_43995,Hugo Sochurek,Czechia,MF,0,0,0,0,defense,urn:gd:story:classification:gcp_defending:competitionId:285023:defensive_pressures_applied:rank_asc:page:23,urn:gd:story:classification:gcp_defending:competitionId:285023:defensive_pressures_applied:rank_asc:page:23
344582,285023_43914,Roderick Miller,Panama,DF,0,0,0,0,defense,urn:gd:story:classification:gcp_defending:competitionId:285023:defensive_pressures_applied:rank_asc:page:23,urn:gd:story:classification:gcp_defending:competitionId:285023:defensive_pressures_applied:rank_asc:page:23
439956,285023_43930,Facundo Pellistri,Uruguay,FW,0,0,0,0,defense,urn:gd:story:classification:gcp_defending:competitionId:285023:defensive_pressures_applied:rank_asc:page:23,urn:gd:story:classification:gcp_defending:competitionId:285023:defensive_pressures_applied:rank_asc:page:23
368655,285023_43930,Jose Maria Gimenez,Uruguay,DF,0,0,0,0,defense,urn:gd:story:classification:gcp_defending:competitionId:285023:defensive_pressures_applied:rank_asc:page:23,urn:gd:story:classification:gcp_defending:competitionId:285023:defensive_pressures_applied:rank_asc:page:23
385998,285023_43926,Alvaro Montero,Colombia,GK,0,0,0,0,defense,urn:gd:story:classification:gcp_defending:competitionId:285023:defensive_pressures_applied:rank_asc:page:23,urn:gd:story:classification:gcp_defending:competitionId:285023:defensive_pressures_applied:rank_asc:page:23
402904,285023_43930,Santiago Bueno,Uruguay,DF,0,0,0,0,defense,urn:gd:story:classification:gcp_defending:competitionId:285023:defensive_pressures_applied:rank_asc:page:23,urn:gd:story:classification:gcp_defending:competitionId:285023:defensive_pressures_applied:rank_asc:page:23
447991,285023_43928,Gaston Olveira,Paraguay,GK,0,0,0,0,defense,urn:gd:story:classification:gcp_defending:competitionId:285023:defensive_pressures_applied:rank_asc:page:23,urn:gd:story:classification:gcp_defending:competitionId:285023:defensive_pressures_applied:rank_asc:page:23
448295,285023_43927,Gonzalo Valle,Ecuador,GK,0,0,0,0,defense,urn:gd:story:classification:gcp_defending:competitionId:285023:defensive_pressures_applied:rank_asc:page:23,urn:gd:story:classification:gcp_defending:competitionId:285023:defensive_pressures_applied:rank_asc:page:23
308300,285023_43922,Emiliano Martinez,Argentina,GK,0,0,0,0,defense,urn:gd:story:classification:gcp_defending:competitionId:285023:defensive_pressures_applied:rank_asc:page:23,urn:gd:story:classification:gcp_defending:competitionId:285023:defensive_pressures_applied:rank_asc:page:23
332897,285023_43930,Rodrigo Aguirre,Uruguay,FW,0,0,0,0,defense,urn:gd:story:classification:gcp_defending:competitionId:285023:defensive_pressures_applied:rank_asc:page:23,urn:gd:story:classification:gcp_defending:competitionId:285023:defensive_pressures_applied:rank_asc:page:23
486390,285023_43921,Max Arfsten,USA,DF,0,0,0,0,defense,urn:gd:story:classification:gcp_defending:competitionId:285023:defensive_pressures_applied:rank_asc:page:23,urn:gd:story:classification:gcp_defending:competitionId:285023:defensive_pressures_applied:rank_asc:page:23
419101,285023_43930,Ronald Araujo,Uruguay,DF,0,0,0,0,defense,urn:gd:story:classification:gcp_defending:competitionId:285023:defensive_pressures_applied:rank_asc:page:23,urn:gd:story:classification:gcp_defending:competitionId:285023:defensive_pressures_applied:rank_asc:page:23
439538,285023_43930,Joaquin Piquerez,Uruguay,MF,0,0,0,0,defense,urn:gd:story:classification:gcp_defending:competitionId:285023:defensive_pressures_applied:rank_asc:page:23,urn:gd:story:classification:gcp_defending:competitionId:285023:defensive_pressures_applied:rank_asc:page:23
395427,285023_43924,Ederson,Brazil,GK,0,0,0,0,defense,urn:gd:story:classification:gcp_defending:competitionId:285023:defensive_pressures_applied:rank_asc:page:23,urn:gd:story:classification:gcp_defending:competitionId:285023:defensive_pressures_applied:rank_asc:page:23
485070,285023_43911,Raul Rangel,Mexico,GK,0,0,0,0,defense,urn:gd:story:classification:gcp_defending:competitionId:285023:defensive_pressures_applied:rank_asc:page:23,urn:gd:story:classification:gcp_defending:competitionId:285023:defensive_pressures_applied:rank_asc:page:23
441241,285023_43914,Orlando Mosquera,Panama,GK,0,0,0,0,defense,urn:gd:story:classification:gcp_defending:competitionId:285023:defensive_pressures_applied:rank_asc:page:23,urn:gd:story:classification:gcp_defending:competitionId:285023:defensive_pressures_applied:rank_asc:page:23
494531,285023_43928,Orlando Gill,Paraguay,GK,0,1,0,0,defense,urn:gd:story:classification:gcp_defending:competitionId:285023:defensive_pressures_applied:rank_asc:page:23,urn:gd:story:classification:gcp_defending:competitionId:285023:defensive_pressures_applied:rank_asc:page:23
396315,285023_43924,Weverton,Brazil,GK,0,0,0,0,defense,urn:gd:story:classification:gcp_defending:competitionId:285023:defensive_pressures_applied:rank_asc:page:23,urn:gd:story:classification:gcp_defending:competitionId:285023:defensive_pressures_applied:rank_asc:page:23
390276,285023_43921,Haji Wright,USA,FW,0,0,0,0,defense,urn:gd:story:classification:gcp_defending:competitionId:285023:defensive_pressures_applied:rank_asc:page:23,urn:gd:story:classification:gcp_defending:competitionId:285023:defensive_pressures_applied:rank_asc:page:23
441236,285023_43927,Hernan Galindez,Ecuador,GK,0,0,0,0,defense,urn:gd:story:classification:gcp_defending:competitionId:285023:defensive_pressures_applied:rank_asc:page:23,urn:gd:story:classification:gcp_defending:competitionId:285023:defensive_pressures_applied:rank_asc:page:23
499913,285023_43921,Matt Freese,USA,GK,0,0,0,0,defense,urn:gd:story:classification:gcp_defending:competitionId:285023:defensive_pressures_applied:rank_asc:page:23,urn:gd:story:classification:gcp_defending:competitionId:285023:defensive_pressures_applied:rank_asc:page:23
419002,285023_43927,Moises Ramirez,Ecuador,GK,0,0,0,0,defense,urn:gd:story:classification:gcp_defending:competitionId:285023:defensive_pressures_applied:rank_asc:page:23,urn:gd:story:classification:gcp_defending:competitionId:285023:defensive_pressures_applied:rank_asc:page:23
480313,285023_43914,Edgardo Farina,Panama,DF,0,0,0,0,defense,urn:gd:story:classification:gcp_defending:competitionId:285023:defensive_pressures_applied:rank_asc:page:23,urn:gd:story:classification:gcp_defending:competitionId:285023:defensive_pressures_applied:rank_asc:page:23
368652,285023_43930,Giorgian De Arrascaeta,Uruguay,MF,0,0,0,0,defense,urn:gd:story:classification:gcp_defending:competitionId:285023:defensive_pressures_applied:rank_asc:page:23,urn:gd:story:classification:gcp_defending:competitionId:285023:defensive_pressures_applied:rank_asc:page:23
473062,285023_43930,Emiliano Martinez,Uruguay,MF,0,0,0,0,defense,urn:gd:story:classification:gcp_defending:competitionId:285023:defensive_pressures_applied:rank_asc:page:24,urn:gd:story:classification:gcp_defending:competitionId:285023:defensive_pressures_applied:rank_asc:page:24
267702,285023_43914,Luis Mejia,Panama,GK,0,0,0,0,defense,urn:gd:story:classification:gcp_defending:competitionId:285023:defensive_pressures_applied:rank_asc:page:24,urn:gd:story:classification:gcp_defending:competitionId:285023:defensive_pressures_applied:rank_asc:page:24
229498,285023_43930,Fernando Muslera,Uruguay,GK,0,0,0,0,defense,urn:gd:story:classification:gcp_defending:competitionId:285023:defensive_pressures_applied:rank_asc:page:24,urn:gd:story:classification:gcp_defending:competitionId:285023:defensive_pressures_applied:rank_asc:page:24
395552,285023_43926,Yerry Mina,Colombia,DF,0,0,0,0,defense,urn:gd:story:classification:gcp_defending:competitionId:285023:defensive_pressures_applied:rank_asc:page:24,urn:gd:story:classification:gcp_defending:competitionId:285023:defensive_pressures_applied:rank_asc:page:24
489849,285023_43926,Juan Portilla,Colombia,MF,0,0,0,0,defense,urn:gd:story:classification:gcp_defending:competitionId:285023:defensive_pressures_applied:rank_asc:page:24,urn:gd:story:classification:gcp_defending:competitionId:285023:defensive_pressures_applied:rank_asc:page:24
308370,285023_43924,Alisson,Brazil,GK,0,0,0,0,defense,urn:gd:story:classification:gcp_defending:competitionId:285023:defensive_pressures_applied:rank_asc:page:24,urn:gd:story:classification:gcp_defending:competitionId:285023:defensive_pressures_applied:rank_asc:page:24
402897,285023_43930,Santiago Mele,Uruguay,GK,0,0,0,0,defense,urn:gd:story:classification:gcp_defending:competitionId:285023:defensive_pressures_applied:rank_asc:page:24,urn:gd:story:classification:gcp_defending:competitionId:285023:defensive_pressures_applied:rank_asc:page:24
448217,285023_43921,Matt Turner,USA,GK,0,0,0,0,defense,urn:gd:story:classification:gcp_defending:competitionId:285023:defensive_pressures_applied:rank_asc:page:24,urn:gd:story:classification:gcp_defending:competitionId:285023:defensive_pressures_applied:rank_asc:page:24
394824,285023_43922,Geronimo Rulli,Argentina,GK,0,0,0,0,defense,urn:gd:story:classification:gcp_defending:competitionId:285023:defensive_pressures_applied:rank_asc:page:24,urn:gd:story:classification:gcp_defending:competitionId:285023:defensive_pressures_applied:rank_asc:page:24
431889,285023_43924,Bremer,Brazil,DF,0,0,0,0,defense,urn:gd:story:classification:gcp_defending:competitionId:285023:defensive_pressures_applied:rank_asc:page:24,urn:gd:story:classification:gcp_defending:competitionId:285023:defensive_pressures_applied:rank_asc:page:24
476345,285023_43926,Willer Ditta,Colombia,DF,0,0,0,0,defense,urn:gd:story:classification:gcp_defending:competitionId:285023:defensive_pressures_applied:rank_asc:page:24,urn:gd:story:classification:gcp_defending:competitionId:285023:defensive_pressures_applied:rank_asc:page:24
514326,285023_43927,Jeremy Arevalo,Ecuador,FW,0,0,0,0,defense,urn:gd:story:classification:gcp_defending:competitionId:285023:defensive_pressures_applied:rank_asc:page:24,urn:gd:story:classification:gcp_defending:competitionId:285023:defensive_pressures_applied:rank_asc:page:24
385833,285023_43914,Adalberto Carrasquilla,Panama,MF,0,0,0,0,defense,urn:gd:story:classification:gcp_defending:competitionId:285023:defensive_pressures_applied:rank_asc:page:24,urn:gd:story:classification:gcp_defending:competitionId:285023:defensive_pressures_applied:rank_asc:page:24
215285,285023_43911,Guillermo Ochoa,Mexico,GK,0,0,0,0,defense,urn:gd:story:classification:gcp_defending:competitionId:285023:defensive_pressures_applied:rank_asc:page:24,urn:gd:story:classification:gcp_defending:competitionId:285023:defensive_pressures_applied:rank_asc:page:24
419142,285023_43930,Rodrigo Zalazar,Uruguay,MF,0,0,0,0,defense,urn:gd:story:classification:gcp_defending:competitionId:285023:defensive_pressures_applied:rank_asc:page:24,urn:gd:story:classification:gcp_defending:competitionId:285023:defensive_pressures_applied:rank_asc:page:24
441402,285023_43914,Cesar Samudio,Panama,GK,0,0,0,0,defense,urn:gd:story:classification:gcp_defending:competitionId:285023:defensive_pressures_applied:rank_asc:page:24,urn:gd:story:classification:gcp_defending:competitionId:285023:defensive_pressures_applied:rank_asc:page:24
318647,285023_43928,Gatito Fernandez,Paraguay,GK,0,0,0,0,defense,urn:gd:story:classification:gcp_defending:competitionId:285023:defensive_pressures_applied:rank_asc:page:24,urn:gd:story:classification:gcp_defending:competitionId:285023:defensive_pressures_applied:rank_asc:page:24
441243,285023_43914,Cesar Yanis,Panama,MF,0,0,0,0,defense,urn:gd:story:classification:gcp_defending:competitionId:285023:defensive_pressures_applied:rank_asc:page:24,urn:gd:story:classification:gcp_defending:competitionId:285023:defensive_pressures_applied:rank_asc:page:24
430624,285023_43922,Juan Musso,Argentina,GK,0,0,0,0,defense,urn:gd:story:classification:gcp_defending:competitionId:285023:defensive_pressures_applied:rank_asc:page:24,urn:gd:story:classification:gcp_defending:competitionId:285023:defensive_pressures_applied:rank_asc:page:24
464546,285023_43921,Chris Brady,USA,GK,0,0,0,0,defense,urn:gd:story:classification:gcp_defending:competitionId:285023:defensive_pressures_applied:rank_asc:page:24,urn:gd:story:classification:gcp_defending:competitionId:285023:defensive_pressures_applied:rank_asc:page:24
371956,285023_43924,Leo Pereira,Brazil,DF,0,0,0,0,defense,urn:gd:story:classification:gcp_defending:competitionId:285023:defensive_pressures_applied:rank_asc:page:24,urn:gd:story:classification:gcp_defending:competitionId:285023:defensive_pressures_applied:rank_asc:page:24
385994,285023_43921,Cristian Roldan,USA,MF,0,0,0,0,defense,urn:gd:story:classification:gcp_defending:competitionId:285023:defensive_pressures_applied:rank_asc:page:24,urn:gd:story:classification:gcp_defending:competitionId:285023:defensive_pressures_applied:rank_asc:page:24
360642,285023_43926,Camilo Vargas,Colombia,GK,0,0,0,0,defense,urn:gd:story:classification:gcp_defending:competitionId:285023:defensive_pressures_applied:rank_asc:page:24,urn:gd:story:classification:gcp_defending:competitionId:285023:defensive_pressures_applied:rank_asc:page:24
425580,285023_43926,Jorge Carrascal,Colombia,MF,0,0,0,0,defense,urn:gd:story:classification:gcp_defending:competitionId:285023:defensive_pressures_applied:rank_asc:page:24,urn:gd:story:classification:gcp_defending:competitionId:285023:defensive_pressures_applied:rank_asc:page:24
394829,285023_43928,Fabian Balbuena,Paraguay,DF,0,0,0,0,defense,urn:gd:story:classification:gcp_defending:competitionId:285023:defensive_pressures_applied:rank_asc:page:24,urn:gd:story:classification:gcp_defending:competitionId:285023:defensive_pressures_applied:rank_asc:page:24
368664,285023_43930,Sergio Rochet,Uruguay,GK,0,0,0,0,defense,urn:gd:story:classification:gcp_defending:competitionId:285023:defensive_pressures_applied:rank_asc:page:24,urn:gd:story:classification:gcp_defending:competitionId:285023:defensive_pressures_applied:rank_asc:page:24
228686,285023_43926,David Ospina,Colombia,GK,0,0,0,0,defense,urn:gd:story:classification:gcp_defending:competitionId:285023:defensive_pressures_applied:rank_asc:page:24,urn:gd:story:classification:gcp_defending:competitionId:285023:defensive_pressures_applied:rank_asc:page:24
441260,285023_43911,Carlos Acevedo,Mexico,GK,0,0,0,0,defense,urn:gd:story:classification:gcp_defending:competitionId:285023:defensive_pressures_applied:rank_asc:page:24,urn:gd:story:classification:gcp_defending:competitionId:285023:defensive_pressures_applied:rank_asc:page:24
463476,285023_43927,Denil Castillo,Ecuador,MF,0,0,0,0,defense,urn:gd:story:classification:gcp_defending:competitionId:285023:defensive_pressures_applied:rank_asc:page:24,urn:gd:story:classification:gcp_defending:competitionId:285023:defensive_pressures_applied:rank_asc:page:24
448299,285023_43927,Anthony Valencia,Ecuador,MF,0,0,0,0,defense,urn:gd:story:classification:gcp_defending:competitionId:285023:defensive_pressures_applied:rank_asc:page:24,urn:gd:story:classification:gcp_defending:competitionId:285023:defensive_pressures_applied:rank_asc:page:24
506483,285023_43908,Yassin Fortune,Haiti,FW,0,0,0,0,defense,urn:gd:story:classification:gcp_defending:competitionId:285023:defensive_pressures_applied:rank_asc:page:24,urn:gd:story:classification:gcp_defending:competitionId:285023:defensive_pressures_applied:rank_asc:page:24
506124,285023_43855,Tarek Alaa,Egypt,DF,0,0,0,0,defense,urn:gd:story:classification:gcp_defending:competitionId:285023:defensive_pressures_applied:rank_asc:page:24,urn:gd:story:classification:gcp_defending:competitionId:285023:defensive_pressures_applied:rank_asc:page:24
416906,285023_43855,Mostafa Shoubir,Egypt,GK,0,0,0,0,defense,urn:gd:story:classification:gcp_defending:competitionId:285023:defensive_pressures_applied:rank_asc:page:24,urn:gd:story:classification:gcp_defending:competitionId:285023:defensive_pressures_applied:rank_asc:page:24
494349,285023_43860,Benjamin Asare,Ghana,GK,0,0,0,0,defense,urn:gd:story:classification:gcp_defending:competitionId:285023:defensive_pressures_applied:rank_asc:page:24,urn:gd:story:classification:gcp_defending:competitionId:285023:defensive_pressures_applied:rank_asc:page:24
504200,285023_43883,Samukele Kabini,South Africa,DF,0,0,0,0,defense,urn:gd:story:classification:gcp_defending:competitionId:285023:defensive_pressures_applied:rank_asc:page:24,urn:gd:story:classification:gcp_defending:competitionId:285023:defensive_pressures_applied:rank_asc:page:24
430834,285023_43854,Parfait Guiagon,Côte d'Ivoire,MF,0,0,0,0,defense,urn:gd:story:classification:gcp_defending:competitionId:285023:defensive_pressures_applied:rank_asc:page:24,urn:gd:story:classification:gcp_defending:competitionId:285023:defensive_pressures_applied:rank_asc:page:24
514070,285023_43899,Alfie Jones,Canada,DF,0,0,0,0,defense,urn:gd:story:classification:gcp_defending:competitionId:285023:defensive_pressures_applied:rank_asc:page:24,urn:gd:story:classification:gcp_defending:competitionId:285023:defensive_pressures_applied:rank_asc:page:24
510850,285023_43883,Thabang Matuludi,South Africa,DF,0,0,0,0,defense,urn:gd:story:classification:gcp_defending:competitionId:285023:defensive_pressures_applied:rank_asc:page:24,urn:gd:story:classification:gcp_defending:competitionId:285023:defensive_pressures_applied:rank_asc:page:24
356956,285023_43872,Yassine Bounou,Morocco,GK,1,0,0,0,defense,urn:gd:story:classification:gcp_defending:competitionId:285023:defensive_pressures_applied:rank_asc:page:24,urn:gd:story:classification:gcp_defending:competitionId:285023:defensive_pressures_applied:rank_asc:page:24
502245,285023_43883,Olwethu Makhanya,South Africa,DF,0,0,0,0,defense,urn:gd:story:classification:gcp_defending:competitionId:285023:defensive_pressures_applied:rank_asc:page:24,urn:gd:story:classification:gcp_defending:competitionId:285023:defensive_pressures_applied:rank_asc:page:24
433806,285023_43879,Edouard Mendy,Senegal,GK,0,0,0,0,defense,urn:gd:story:classification:gcp_defending:competitionId:285023:defensive_pressures_applied:rank_asc:page:24,urn:gd:story:classification:gcp_defending:competitionId:285023:defensive_pressures_applied:rank_asc:page:24
403090,285023_43854,Alban Lafont,Côte d'Ivoire,GK,0,0,0,0,defense,urn:gd:story:classification:gcp_defending:competitionId:285023:defensive_pressures_applied:rank_asc:page:24,urn:gd:story:classification:gcp_defending:competitionId:285023:defensive_pressures_applied:rank_asc:page:24
506481,285023_43908,Keeto Thermoncy,Haiti,DF,0,0,0,0,defense,urn:gd:story:classification:gcp_defending:competitionId:285023:defensive_pressures_applied:rank_asc:page:24,urn:gd:story:classification:gcp_defending:competitionId:285023:defensive_pressures_applied:rank_asc:page:24
441255,285023_43899,Dayne St Clair,Canada,GK,0,0,0,0,defense,urn:gd:story:classification:gcp_defending:competitionId:285023:defensive_pressures_applied:rank_asc:page:24,urn:gd:story:classification:gcp_defending:competitionId:285023:defensive_pressures_applied:rank_asc:page:24
512039,285023_43888,Khalil Ayari,Tunisia,MF,0,0,0,0,defense,urn:gd:story:classification:gcp_defending:competitionId:285023:defensive_pressures_applied:rank_asc:page:24,urn:gd:story:classification:gcp_defending:competitionId:285023:defensive_pressures_applied:rank_asc:page:24
424556,285023_43908,Carl Sainte,Haiti,MF,0,0,0,0,defense,urn:gd:story:classification:gcp_defending:competitionId:285023:defensive_pressures_applied:rank_asc:page:24,urn:gd:story:classification:gcp_defending:competitionId:285023:defensive_pressures_applied:rank_asc:page:24
504192,285023_43883,Khulumani Ndamane,South Africa,DF,0,0,0,0,defense,urn:gd:story:classification:gcp_defending:competitionId:285023:defensive_pressures_applied:rank_asc:page:24,urn:gd:story:classification:gcp_defending:competitionId:285023:defensive_pressures_applied:rank_asc:page:24
433466,285023_43855,Nabil Donga,Egypt,MF,0,0,0,0,defense,urn:gd:story:classification:gcp_defending:competitionId:285023:defensive_pressures_applied:rank_asc:page:24,urn:gd:story:classification:gcp_defending:competitionId:285023:defensive_pressures_applied:rank_asc:page:24
498439,285023_43908,Wilguens Paugain,Haiti,DF,0,0,0,0,defense,urn:gd:story:classification:gcp_defending:competitionId:285023:defensive_pressures_applied:rank_asc:page:24,urn:gd:story:classification:gcp_defending:competitionId:285023:defensive_pressures_applied:rank_asc:page:24
506335,285023_43888,Moutaz Neffati,Tunisia,DF,0,0,0,0,defense,urn:gd:story:classification:gcp_defending:competitionId:285023:defensive_pressures_applied:rank_asc:page:24,urn:gd:story:classification:gcp_defending:competitionId:285023:defensive_pressures_applied:rank_asc:page:24
520246,285023_43888,Raed Chikhaoui,Tunisia,DF,0,0,0,0,defense,urn:gd:story:classification:gcp_defending:competitionId:285023:defensive_pressures_applied:rank_asc:page:25,urn:gd:story:classification:gcp_defending:competitionId:285023:defensive_pressures_applied:rank_asc:page:25
466835,285023_43908,Alexandre Pierre,Haiti,GK,0,0,0,0,defense,urn:gd:story:classification:gcp_defending:competitionId:285023:defensive_pressures_applied:rank_asc:page:25,urn:gd:story:classification:gcp_defending:competitionId:285023:defensive_pressures_applied:rank_asc:page:25
405873,285023_43854,Yahia Fofana,Côte d'Ivoire,GK,0,0,0,0,defense,urn:gd:story:classification:gcp_defending:competitionId:285023:defensive_pressures_applied:rank_asc:page:25,urn:gd:story:classification:gcp_defending:competitionId:285023:defensive_pressures_applied:rank_asc:page:25
485756,285023_43872,Zakaria El Ouahdi,Morocco,DF,0,0,0,0,defense,urn:gd:story:classification:gcp_defending:competitionId:285023:defensive_pressures_applied:rank_asc:page:25,urn:gd:story:classification:gcp_defending:competitionId:285023:defensive_pressures_applied:rank_asc:page:25
416902,285023_43855,Mohamed Abdelmoneim,Egypt,DF,0,0,0,0,defense,urn:gd:story:classification:gcp_defending:competitionId:285023:defensive_pressures_applied:rank_asc:page:25,urn:gd:story:classification:gcp_defending:competitionId:285023:defensive_pressures_applied:rank_asc:page:25
494277,285023_43879,Yehvann Diouf,Senegal,GK,0,0,0,0,defense,urn:gd:story:classification:gcp_defending:competitionId:285023:defensive_pressures_applied:rank_asc:page:25,urn:gd:story:classification:gcp_defending:competitionId:285023:defensive_pressures_applied:rank_asc:page:25
419225,285023_43883,Bradley Cross,South Africa,DF,0,0,0,0,defense,urn:gd:story:classification:gcp_defending:competitionId:285023:defensive_pressures_applied:rank_asc:page:25,urn:gd:story:classification:gcp_defending:competitionId:285023:defensive_pressures_applied:rank_asc:page:25
466862,285023_43908,Garven Metusala,Haiti,DF,0,0,0,0,defense,urn:gd:story:classification:gcp_defending:competitionId:285023:defensive_pressures_applied:rank_asc:page:25,urn:gd:story:classification:gcp_defending:competitionId:285023:defensive_pressures_applied:rank_asc:page:25
372294,285023_43888,Sabri Ben Hessen,Tunisia,GK,0,0,0,0,defense,urn:gd:story:classification:gcp_defending:competitionId:285023:defensive_pressures_applied:rank_asc:page:25,urn:gd:story:classification:gcp_defending:competitionId:285023:defensive_pressures_applied:rank_asc:page:25
295922,285023_43908,Johny Placide,Haiti,GK,0,0,0,0,defense,urn:gd:story:classification:gcp_defending:competitionId:285023:defensive_pressures_applied:rank_asc:page:25,urn:gd:story:classification:gcp_defending:competitionId:285023:defensive_pressures_applied:rank_asc:page:25
485409,285023_43908,Woodensky Pierre,Haiti,MF,0,0,0,0,defense,urn:gd:story:classification:gcp_defending:competitionId:285023:defensive_pressures_applied:rank_asc:page:25,urn:gd:story:classification:gcp_defending:competitionId:285023:defensive_pressures_applied:rank_asc:page:25
516043,285023_43888,Adam Arous,Tunisia,DF,0,0,0,0,defense,urn:gd:story:classification:gcp_defending:competitionId:285023:defensive_pressures_applied:rank_asc:page:25,urn:gd:story:classification:gcp_defending:competitionId:285023:defensive_pressures_applied:rank_asc:page:25
463817,285023_43899,Owen Goodman,Canada,GK,0,0,0,0,defense,urn:gd:story:classification:gcp_defending:competitionId:285023:defensive_pressures_applied:rank_asc:page:25,urn:gd:story:classification:gcp_defending:competitionId:285023:defensive_pressures_applied:rank_asc:page:25
395860,285023_43855,Mahdy Soliman,Egypt,GK,0,0,0,0,defense,urn:gd:story:classification:gcp_defending:competitionId:285023:defensive_pressures_applied:rank_asc:page:25,urn:gd:story:classification:gcp_defending:competitionId:285023:defensive_pressures_applied:rank_asc:page:25
433365,285023_43888,Aymen Dahmen,Tunisia,GK,0,0,0,0,defense,urn:gd:story:classification:gcp_defending:competitionId:285023:defensive_pressures_applied:rank_asc:page:25,urn:gd:story:classification:gcp_defending:competitionId:285023:defensive_pressures_applied:rank_asc:page:25
523173,285023_43860,Augustine Boakye,Ghana,MF,0,0,0,0,defense,urn:gd:story:classification:gcp_defending:competitionId:285023:defensive_pressures_applied:rank_asc:page:25,urn:gd:story:classification:gcp_defending:competitionId:285023:defensive_pressures_applied:rank_asc:page:25
395059,285023_43883,Ricardo Goss,South Africa,GK,0,0,0,0,defense,urn:gd:story:classification:gcp_defending:competitionId:285023:defensive_pressures_applied:rank_asc:page:25,urn:gd:story:classification:gcp_defending:competitionId:285023:defensive_pressures_applied:rank_asc:page:25
448402,285023_43899,Joel Waterman,Canada,DF,0,0,0,0,defense,urn:gd:story:classification:gcp_defending:competitionId:285023:defensive_pressures_applied:rank_asc:page:25,urn:gd:story:classification:gcp_defending:competitionId:285023:defensive_pressures_applied:rank_asc:page:25
494350,285023_43860,Christopher Bonsu Baah,Ghana,FW,0,0,0,0,defense,urn:gd:story:classification:gcp_defending:competitionId:285023:defensive_pressures_applied:rank_asc:page:25,urn:gd:story:classification:gcp_defending:competitionId:285023:defensive_pressures_applied:rank_asc:page:25
494742,285023_43872,Youssef Belammari,Morocco,DF,0,0,0,0,defense,urn:gd:story:classification:gcp_defending:competitionId:285023:defensive_pressures_applied:rank_asc:page:25,urn:gd:story:classification:gcp_defending:competitionId:285023:defensive_pressures_applied:rank_asc:page:25
494279,285023_43879,Antoine Mendy,Senegal,DF,0,0,0,0,defense,urn:gd:story:classification:gcp_defending:competitionId:285023:defensive_pressures_applied:rank_asc:page:25,urn:gd:story:classification:gcp_defending:competitionId:285023:defensive_pressures_applied:rank_asc:page:25
441336,285023_43860,Abdul Mumin,Ghana,DF,0,0,0,0,defense,urn:gd:story:classification:gcp_defending:competitionId:285023:defensive_pressures_applied:rank_asc:page:25,urn:gd:story:classification:gcp_defending:competitionId:285023:defensive_pressures_applied:rank_asc:page:25
506277,285023_43860,Joseph Anang,Ghana,GK,0,0,0,0,defense,urn:gd:story:classification:gcp_defending:competitionId:285023:defensive_pressures_applied:rank_asc:page:25,urn:gd:story:classification:gcp_defending:competitionId:285023:defensive_pressures_applied:rank_asc:page:25
466853,285023_43908,Josue Duverger,Haiti,GK,0,0,0,0,defense,urn:gd:story:classification:gcp_defending:competitionId:285023:defensive_pressures_applied:rank_asc:page:25,urn:gd:story:classification:gcp_defending:competitionId:285023:defensive_pressures_applied:rank_asc:page:25
486259,285023_43854,Mohamed Kone,Côte d'Ivoire,GK,0,0,0,0,defense,urn:gd:story:classification:gcp_defending:competitionId:285023:defensive_pressures_applied:rank_asc:page:25,urn:gd:story:classification:gcp_defending:competitionId:285023:defensive_pressures_applied:rank_asc:page:25
408948,285023_43855,Mohamed Elshenawy,Egypt,GK,0,0,0,0,defense,urn:gd:story:classification:gcp_defending:competitionId:285023:defensive_pressures_applied:rank_asc:page:25,urn:gd:story:classification:gcp_defending:competitionId:285023:defensive_pressures_applied:rank_asc:page:25
494246,285023_43883,Sipho Chaine,South Africa,GK,0,0,0,0,defense,urn:gd:story:classification:gcp_defending:competitionId:285023:defensive_pressures_applied:rank_asc:page:25,urn:gd:story:classification:gcp_defending:competitionId:285023:defensive_pressures_applied:rank_asc:page:25
486168,285023_43879,Cherif Ndiaye,Senegal,FW,0,0,0,0,defense,urn:gd:story:classification:gcp_defending:competitionId:285023:defensive_pressures_applied:rank_asc:page:25,urn:gd:story:classification:gcp_defending:competitionId:285023:defensive_pressures_applied:rank_asc:page:25
520247,285023_43888,Rayan Elloumi,Tunisia,FW,0,0,0,0,defense,urn:gd:story:classification:gcp_defending:competitionId:285023:defensive_pressures_applied:rank_asc:page:25,urn:gd:story:classification:gcp_defending:competitionId:285023:defensive_pressures_applied:rank_asc:page:25
466844,285023_43908,Markhus Lacroix,Haiti,DF,0,0,0,0,defense,urn:gd:story:classification:gcp_defending:competitionId:285023:defensive_pressures_applied:rank_asc:page:25,urn:gd:story:classification:gcp_defending:competitionId:285023:defensive_pressures_applied:rank_asc:page:25
512079,285023_43855,Mohamed Alaa,Egypt,GK,0,0,0,0,defense,urn:gd:story:classification:gcp_defending:competitionId:285023:defensive_pressures_applied:rank_asc:page:25,urn:gd:story:classification:gcp_defending:competitionId:285023:defensive_pressures_applied:rank_asc:page:25
367536,285023_43860,Baba Rahman,Ghana,DF,0,0,0,0,defense,urn:gd:story:classification:gcp_defending:competitionId:285023:defensive_pressures_applied:rank_asc:page:25,urn:gd:story:classification:gcp_defending:competitionId:285023:defensive_pressures_applied:rank_asc:page:25
395986,285023_43883,Ronwen Williams,South Africa,GK,0,0,0,0,defense,urn:gd:story:classification:gcp_defending:competitionId:285023:defensive_pressures_applied:rank_asc:page:25,urn:gd:story:classification:gcp_defending:competitionId:285023:defensive_pressures_applied:rank_asc:page:25
448821,285023_43879,Mory Diaw,Senegal,GK,0,0,0,0,defense,urn:gd:story:classification:gcp_defending:competitionId:285023:defensive_pressures_applied:rank_asc:page:25,urn:gd:story:classification:gcp_defending:competitionId:285023:defensive_pressures_applied:rank_asc:page:25
386473,285023_43860,Lawrence Ati Zigi,Ghana,GK,0,0,0,0,defense,urn:gd:story:classification:gcp_defending:competitionId:285023:defensive_pressures_applied:rank_asc:page:25,urn:gd:story:classification:gcp_defending:competitionId:285023:defensive_pressures_applied:rank_asc:page:25
520245,285023_43888,Mouhib Chamakh,Tunisia,GK,0,0,0,0,defense,urn:gd:story:classification:gcp_defending:competitionId:285023:defensive_pressures_applied:rank_asc:page:25,urn:gd:story:classification:gcp_defending:competitionId:285023:defensive_pressures_applied:rank_asc:page:25
499800,285023_43879,Mamadou Sarr,Senegal,DF,0,0,0,0,defense,urn:gd:story:classification:gcp_defending:competitionId:285023:defensive_pressures_applied:rank_asc:page:25,urn:gd:story:classification:gcp_defending:competitionId:285023:defensive_pressures_applied:rank_asc:page:25
331732,285023_43899,Maxime Crepeau,Canada,GK,0,0,0,0,defense,urn:gd:story:classification:gcp_defending:competitionId:285023:defensive_pressures_applied:rank_asc:page:25,urn:gd:story:classification:gcp_defending:competitionId:285023:defensive_pressures_applied:rank_asc:page:25
482780,285023_43850,Kelvin Pires,Cabo Verde,DF,0,0,0,0,defense,urn:gd:story:classification:gcp_defending:competitionId:285023:defensive_pressures_applied:rank_asc:page:25,urn:gd:story:classification:gcp_defending:competitionId:285023:defensive_pressures_applied:rank_asc:page:25
371553,285023_43872,Ahmed Reda Tagnaouti,Morocco,GK,0,0,0,0,defense,urn:gd:story:classification:gcp_defending:competitionId:285023:defensive_pressures_applied:rank_asc:page:25,urn:gd:story:classification:gcp_defending:competitionId:285023:defensive_pressures_applied:rank_asc:page:25
395755,285023_43872,Munir El Kajoui,Morocco,GK,0,0,0,0,defense,urn:gd:story:classification:gcp_defending:competitionId:285023:defensive_pressures_applied:rank_asc:page:25,urn:gd:story:classification:gcp_defending:competitionId:285023:defensive_pressures_applied:rank_asc:page:25
419172,285023_43854,Evan Ndicka,Côte d'Ivoire,DF,0,0,0,0,defense,urn:gd:story:classification:gcp_defending:competitionId:285023:defensive_pressures_applied:rank_asc:page:25,urn:gd:story:classification:gcp_defending:competitionId:285023:defensive_pressures_applied:rank_asc:page:25
