player_id,team_id,player_name,team,position,attempt_at_goal_on_target,attempt_at_goal,attempt_at_goal_conversion_rate,attempt_at_goal_inside_the_penalty_area,attempt_at_goal_outside_the_penalty_area,headed_attempt_at_goal,xg,xg_goal_effiency_rate,corners,own_goals,forced_turnovers,defensive_pressures_applied,direct_defensive_pressures_applied,fouls_against,fouls_for,yellow_cards,red_cards,indirect_red_cards,offsides,passes,passing_accuracy_rate,crosses,crossing_accuracy_rate,linebreaks_attempted_defensive_line,linebreak_attempted_defensive_line_rate,attempted_switches_of_play,switches_of_play_rate,goalkeeper_saves,goalkeeper_defensive_actions_inside_penalty_area,goalkeeper_defensive_actions_outside_penalty_area,offers_to_receive_total,offers_to_receive_in_behind,offers_to_receive_in_between,offers_to_receive_in_front,offers_to_receive_inside,offers_to_receive_outside,receptions_in_behind,receptions_between_midfield_and_defensive_line,receptions_under_pressure,number_of_involvements,avg_speed,speed_runs,sprints,total_distance,attacking_rank,defensive_rank,creativity_rank,attacking_score,defensive_score,creativity_score,competition_stage,goals,total_competition_minutes_played,fdcp_top_scorer_rank,assists,is_active,global_rank_x,global_score_x,fdh_tier_x,fdh_tier_multiplier_x,final_multiplier_x,total_distance_km_x,avg_speed_kmh,minutes,goals_p90,assists_p90,xg_p90,attempt_at_goal_p90,attempt_on_target_p90,attempt_inside_box_p90,corners_p90,crosses_p90,passes_p90,linebreaks_p90,switches_p90,involvements_p90,forced_turnovers_p90,pressures_p90,direct_pressures_p90,fouls_drawn_p90,fouls_committed_p90,receptions_pressure_p90,offers_in_behind_p90,receptions_in_behind_p90,sprints_p90,speed_runs_p90,distance_p90,total_distance_km_y,global_rank_y,global_score_y,fdh_tier_y,fdh_tier_multiplier_y,final_multiplier_y,attacking_threat,chance_creation,ball_progression,defensive_actions,possession_security,physical_impact,global_rank_y,global_score_y,fdh_tier_y,fdh_tier_multiplier_y,final_multiplier_y,shoot,offense,dribble,pass,speed,defense,grade_shoot,grade_offense,grade_dribble,grade_pass,grade_speed,grade_defense,overall_score,overall_grade,ego_x,ego_y,blue_lock_rank,blue_lock_score,blue_lock_tier,blue_lock_multiplier,blue_lock_final_score,striker_global_score,striker_global_rank
376285,285023_43843,Aissa Mandi,Algeria,DF,0,0,0,0,0,0,0.0,0.0,0,0,14,19,6,0,5,0,0,0,0,382,93,0,0,5,20,10,90,,,,33,3,4,26,13,20,0,1,27,774,5.62,331,81,37858.06,,,,,,,Round of 16,0.0,403.0,1227.0,0.0,False,,,None,1.0,1.0,37.858059999999995,5.62,403.0,0.01953190352603387,0.01494546464137814,0.017704444860096043,0.17554990213682262,0.059386475903042246,0.10722777806195112,0.06484275664513267,0.24197418943183657,68.97641912003388,1.0876186279233595,1.7095555559891746,141.0913858147572,2.8863250666463425,6.772699409132118,1.6028496830416847,0.16163243241786732,0.9707435128971326,6.998368017563678,1.8360621926731786,0.14344482994423255,19.606678295160254,72.09696887592766,7.752105510710417,37.858059999999995,535.0,59.350982709669175,None,1.0,1.0,28.982541695732806,36.3801919474238,79.57391589979558,49.18114415112703,49.43036494942784,54.49542689849448,535.0,59.350982709669175,None,1.0,1.0,,,,,,,,,,,,,,,,,,,,,,,
482869,285023_43843,Jaouen Hadjam,Algeria,DF,0,1,0,0,1,0,0.02,0.0,0,0,8,19,5,0,0,0,0,0,0,67,84,0,0,1,0,0,0,,,,34,19,11,4,16,18,0,10,26,147,5.14,158,77,13663.53,,,,,,,Round of 16,0.0,125.0,862.0,0.0,False,,,None,1.0,1.0,13.663530000000002,5.14,125.0,0.024943392076910476,0.01908623928152259,0.026795666155755384,0.4334898980945178,0.07584003016097071,0.1369361929404478,0.08280802227962182,0.3090153026532229,22.15672035349376,0.5517437933255388,0.09017995597036864,48.94945793285144,2.4301932860422477,8.64913635047766,1.8376311968564372,0.206414143340911,0.19318505685477627,8.728026139507953,5.69359685284633,0.1831875029454073,24.201674562228323,55.86277655971939,4.835924276237689,13.663530000000002,657.0,52.87343480480725,None,1.0,1.0,43.21233676714359,43.26549114169719,50.05109791050641,44.98657292088081,42.45112982872751,40.608193975517835,657.0,52.87343480480725,None,1.0,1.0,,,,,,,,,,,,,,,,,,,,,,,
511009,285023_43843,Rafik Belghali,Algeria,DF,1,3,33,2,1,0,0.28,3.6,0,0,10,64,10,4,2,0,0,0,0,183,92,5,40,3,67,0,0,,,,97,54,27,16,42,55,7,31,83,406,6.27,480,170,38083.65,,,,,,,Round of 16,1.0,362.0,153.0,0.0,False,,,None,1.0,1.0,38.08365,6.27,362.0,0.18961424624745774,0.015449686385915463,0.06574029569263579,0.6897426655400926,0.23081340994323232,0.44969214151427594,0.06703038537804593,1.0972547108896469,37.58825318433372,0.7854653256348387,0.07299772456414026,83.50364209755865,2.3060087457496046,14.625245343514461,2.334619276093892,0.8447790422571682,0.49522375694789983,16.722184682382494,10.538598933508794,1.3342479953872457,35.34683884166428,99.77342072526277,8.051861941443825,38.08365,70.0,87.12097217110315,None,1.0,1.0,67.50042319606685,60.37590883154792,78.8710092998734,64.95323232206681,82.57273753266102,79.53150645782483,70.0,87.12097217110315,None,1.0,1.0,,,,,,,,,,,,,,,,,,,,,,,
395113,285023_43843,Ramy Bensebaini,Algeria,DF,0,2,0,1,1,1,0.04,0.0,0,0,7,36,11,1,5,0,0,0,0,385,93,0,0,8,38,1,100,,,,76,1,1,74,37,39,0,1,69,814,5.3,301,122,35700.14,313.0,67.0,316.0,4.425076007843018,6.237029552459717,5.059248447418213,Round of 16,0.0,403.0,1227.0,0.0,True,276.84999999999997,4.855412149429322,C,1.0,1.0,35.70014,5.3,403.0,0.01953190352603387,0.01494546464137814,0.024260205709983943,0.5033379446312176,0.059386475903042246,0.2711217993091487,0.06484275664513267,0.24197418943183657,69.46810118377547,1.5793006916649523,0.23450936476439693,147.64714666464508,1.7390669179159595,9.558897770334477,2.4223197892776724,0.32552645366506483,0.9707435128971326,13.881916909945975,1.5082741501787835,0.14344482994423255,26.326333166295353,67.18014823851172,7.3984353243806655,35.70014,365.0,68.63974716932498,C,1.0,1.0,37.53110427261779,42.70036750441419,85.89416400505905,49.93160767148273,68.37887507847202,59.56841674771594,365.0,68.63974716932498,C,1.0,1.0,,,,,,,,,,,,,,,,,,,,,,,
431858,285023_43843,Rayan Ait Nouri,Algeria,DF,0,1,0,1,0,0,0.02,0.0,0,0,12,70,25,6,4,0,0,0,0,211,90,9,0,7,57,0,0,,,,129,42,52,35,39,90,4,51,83,451,5.89,355,157,32073.2,,,,,,,Round of 16,0.0,315.0,1177.0,0.0,False,,,None,1.0,1.0,32.0732,5.89,315.0,0.02102031502566676,0.016084370606684283,0.022581264896924975,0.36531094849869283,0.06391196997682484,0.2917823971538504,0.06978404178561434,1.8478644059850715,44.07114142131894,1.5232664886939857,0.07599652355433367,94.87128566405674,2.7535080838803774,16.284361458143053,5.076278424963549,1.2322500139499772,0.8683347462869968,17.409144047743187,8.854931103172598,0.8599095997787336,34.50592791625476,81.8242569658423,7.322494485879192,32.0732,106.0,83.86804058505408,None,1.0,1.0,48.55416449676374,59.46517237454876,85.45081695235585,71.97907291486219,82.58761059845303,71.07885578491508,106.0,83.86804058505408,None,1.0,1.0,,,,,,,,,,,,,,,,,,,,,,,
511010,285023_43843,Samir Chergui,Algeria,DF,0,0,0,0,0,0,0.0,0.0,0,0,0,4,0,0,0,0,0,0,0,24,96,0,0,0,0,0,0,,,,13,1,2,10,2,11,0,3,2,47,1.52,20,6,2625.06,,,,,,,Round of 16,0.0,25.0,602.0,0.0,False,,,None,1.0,1.0,2.62506,1.52,25.0,0.0208550449717936,0.01595790890554247,0.01890378954953388,0.18744210460478458,0.06340946871990685,0.11449166389373328,0.06923537197113665,0.25836614418497333,11.000267878859006,0.28631359311478577,0.07539900874417686,23.42673376029515,0.6318994193073008,4.606550144085441,0.6614511024657127,0.17258182964512597,0.16152105680583462,3.0975398819603814,1.6104485254008192,0.1531621521410267,7.810138351894295,22.557053054957223,2.1115970372796133,2.62506,859.0,26.214577728063098,None,1.0,1.0,14.654865779108592,15.907542472478509,33.661432512218866,13.636829366881908,42.24689848188451,13.382800336167605,859.0,26.214577728063098,None,1.0,1.0,,,,,,,,,,,,,,,,,,,,,,,
480983,285023_43843,Zineddine Belaid,Algeria,DF,0,0,0,0,0,0,0.0,0.0,0,0,0,2,2,0,0,0,0,0,1,44,98,0,0,1,100,0,0,,,,7,0,0,7,5,2,0,1,2,89,3.1,37,12,3781.0,,,,,,,Round of 16,0.0,38.0,638.0,0.0,False,,,None,1.0,1.0,3.781,3.1,38.0,0.02310046889768329,0.01767606729417871,0.020939125431183446,0.2076236475824166,0.07023664834882651,0.12681876852331392,0.07668981577368542,0.2861839466676553,16.061409985146554,0.5109786310501312,0.08351707986085496,34.090250431884215,0.6999348551832458,4.714852464099948,1.120344684287966,0.19116339444074754,0.17891172875007338,3.431046243215338,1.5900043389858847,0.16965283635788456,9.814070543890985,28.28097818219443,2.5630140773943126,3.781,812.0,37.29915406716398,None,1.0,1.0,25.14866528290021,30.28449364422656,46.26216183559425,21.038493970026114,45.26613083766553,20.378267819638378,812.0,37.29915406716398,None,1.0,1.0,,,,,,,,,,,,,,,,,,,,,,,
512132,285023_43843,Adil Boulbina,Algeria,FW,0,0,0,0,0,0,0.0,0.0,0,0,1,13,0,0,0,0,0,0,1,19,84,0,0,1,100,1,100,,,,46,20,19,7,13,33,2,6,20,42,3.53,54,21,3442.77,,,,,,,Round of 16,0.0,28.0,609.0,0.0,False,,,None,1.0,1.0,3.44277,3.53,28.0,0.021509780326406443,0.016458900735590355,0.019497266061858858,0.19332677054502956,0.06540018228798072,0.11808608146804508,0.07140898731843434,0.26647744048098665,10.443163808318992,0.47579285745487543,0.2582566985262791,23.25975335318864,0.8322282051309142,6.375585972877745,0.6822170812836763,0.17799996351082903,0.1665919423660547,6.443616095918185,5.090328702102978,0.5189517527170902,10.762692901329723,29.401901604839804,2.3254786807611847,3.44277,851.0,28.45183057050366,None,1.0,1.0,21.77364082713705,26.721122718549477,29.82214620250409,17.54592301167201,31.414348896693134,16.74170181989228,851.0,28.45183057050366,None,1.0,1.0,35.640377312719835,38.75460099419421,37.69458347343747,48.3834133344611,13.390146666178996,13.524412535097136,C,C,D,C,E,E,32.3899297935337,D,40.238154304142896,38.633282111542975,,,None,1.0,26.991608161278087,46.25454152249134,215.0
405877,285023_43843,Amine Gouiri,Algeria,FW,2,3,33,2,1,0,0.62,1.61,0,0,7,126,12,1,1,0,0,0,0,58,88,1,0,0,0,0,0,,,,188,69,107,12,139,49,3,40,40,137,6.17,355,131,27787.87,95.0,356.0,352.0,5.377669334411621,4.418607234954834,4.666876792907715,Round of 16,1.0,270.0,127.0,0.0,True,198.4,5.056111884117127,C,1.0,1.0,27.787869999999998,6.17,270.0,0.20560538963234076,0.016752637799841527,0.1337465009600872,0.7479122075529251,0.4339908211406565,0.48761698975919693,0.07268340209455054,0.454944914134744,17.79429731781072,0.3005724591495377,0.0791539976468703,41.127477611384286,1.9493511165167983,27.248794713338427,2.8989331733935297,0.36488840617369117,0.35327678949761054,10.232847993665105,14.18304907623155,0.7119250596865988,31.16306183101569,85.22385946642238,6.839461256480132,27.787869999999998,290.0,72.36396315326678,C,1.0,1.0,73.64443307157028,46.7158044926701,54.47705039640941,63.08417643700099,55.35164504438198,66.2227799844189,290.0,72.36396315326678,C,1.0,1.0,73.87547933830321,59.24562668386901,64.61392945525094,41.836713116660675,82.7914121648806,73.10946539280532,A,B,B,D,A,A,59.683112297900266,A,67.24194073591663,34.99841420869014,198.2,5.06852536201477,BL-C,1.0,49.73592691491689,76.72322664359864,59.0
482874,285023_43843,Anis Hadj Moussa,Algeria,FW,1,2,0,2,0,0,0.15,0.0,5,0,3,34,1,0,2,0,0,0,0,36,69,4,50,5,60,1,100,,,,50,24,22,4,15,35,2,20,27,95,4.9,151,60,12312.89,,,,,,,Round of 16,0.0,114.0,842.0,0.0,False,,,None,1.0,1.0,12.31289,4.9,114.0,0.02510505776279346,0.01920994298448568,0.054354991054197103,0.6469583549462872,0.2869904497936179,0.5591414727314954,1.1366391132037217,1.1536536341328376,15.769899575559164,1.3979553217387095,0.3014233170094747,38.312452584132195,1.3926497184382325,11.865077186318066,1.006905932116962,0.20775197598036368,0.6157549025852442,8.995254000309863,6.783793167146676,0.6056925514981326,20.777332036145754,54.750228008109644,4.582743061350579,12.31289,491.0,61.44928409385759,None,1.0,1.0,62.31233214783596,73.86901507381346,46.68589016658565,42.88432778980917,39.73250364557145,40.747419468765614,491.0,61.44928409385759,None,1.0,1.0,42.283469709551305,40.19656206124541,48.30701794703701,61.59945867078302,46.801506894407666,35.741609663255886,C,C,C,A,C,D,38.88684741969143,C,48.34028659532015,55.77918905715682,,,None,1.0,32.40570618307619,53.27143166089965,156.0
477790,285023_43843,Mohamed Amoura,Algeria,FW,0,0,0,0,0,0,0.0,0.0,0,0,2,32,1,1,0,0,0,0,0,8,88,0,0,0,0,0,0,,,,27,8,17,2,24,3,0,5,5,16,1.74,57,24,3799.52,,,,,,,Round of 16,0.0,31.0,620.0,0.0,False,,,None,1.0,1.0,3.79952,1.74,31.0,0.022071631835709968,0.01688881950181856,0.020006549197154274,0.19837661002136087,0.06710848384055947,0.12117057801304744,0.07327424334122339,0.27343803002944334,8.678690740167841,0.30301580386596155,0.07979743817525912,19.051982395851486,1.0391717447118962,10.061018276683352,0.8852422183953214,0.36785457333960997,0.17094344818507357,3.833851385746156,3.0008304695564574,0.16209692368412099,11.599437823282342,30.725516563741806,2.4522938446468054,3.79952,849.0,28.645270175005443,None,1.0,1.0,20.551199858071985,21.699438268864082,26.18012358625817,22.370739011539833,36.399304781320104,17.745423798067648,849.0,28.645270175005443,None,1.0,1.0,38.8406310937777,41.90414753538498,25.87019785525772,52.29536275401239,25.615409425072567,29.78687319803267,C,C,E,B,E,D,35.36200386952353,C,34.66383117945363,38.443645591034034,,,None,1.0,29.46833655793627,48.56665224913495,199.0
520071,285023_43843,Nadhir Benbouali,Algeria,FW,2,2,50,2,0,2,0.16,6.14,0,0,6,19,4,0,0,0,0,0,0,8,75,1,0,0,0,0,0,,,,12,7,3,2,11,1,2,8,13,28,1.6,66,35,5586.09,,,,,,,Round of 16,1.0,52.0,82.0,0.0,False,,,None,1.0,1.0,5.58609,1.6,52.0,0.22875386519562393,0.018638765529389954,0.054782783514123246,0.6277220653316028,0.482852506798937,0.5425162800543916,0.0808666017677236,0.5061657563817294,9.577938931176218,0.33441298365164723,0.0880657016811917,23.47880915724087,1.9644272689906672,8.446358766147476,1.590152967735954,0.20157479757710617,0.18865586485567712,5.866260527844737,3.107368205389703,0.5876832356758762,15.049669060201499,35.74871836701898,3.071556319753216,5.58609,731.0,47.06919444887611,None,1.0,1.0,69.2326464203114,41.27738872304691,29.464453063013906,37.34469344593385,29.633391713897456,27.057814232720172,731.0,47.06919444887611,None,1.0,1.0,75.42429020610379,71.9955982241111,43.667736699380484,61.04967118479203,42.51490435609524,45.99280155275407,A,A,C,B,C,C,62.64009730168782,A,50.14997857448935,40.115774240231545,,,None,1.0,52.20008108473985,73.19195501730104,68.0
379942,285023_43843,Riyad Mahrez,Algeria,FW,3,6,33,4,2,0,1.49,1.34,5,0,22,102,13,1,7,0,0,0,1,147,86,9,33,9,67,6,100,,,,161,83,59,19,62,99,4,51,73,325,6.48,382,130,31107.72,34.0,339.0,119.0,6.100845336914063,4.727617740631104,5.95392370223999,Round of 16,2.0,288.0,30.0,1.0,True,101.0,5.8581307888031,B,1.1,1.1,31.10772,6.48,288.0,0.3829380885014421,0.1971797233629756,0.288765415316798,1.2777622717184405,0.6075813831676266,0.841030457838967,0.9750003742342395,1.8931032036034818,33.585175190912,1.9219617499570125,1.1620665284823826,74.4254935582304,4.627934352571091,22.465480321034967,3.032135206567427,0.3589096432596504,1.4316977685214427,16.028333076949117,16.48047936513465,0.8809616186544263,30.47174781328708,88.70639370120587,7.327297581880167,31.10772,9.0,94.65907868990655,B,1.1,1.1,89.16044044693746,92.82086455259046,88.08028334208964,90.6693229038243,77.59149810079167,79.76393567938382,9.0,94.65907868990655,B,1.1,1.1,88.05736198322431,89.45091640420446,78.09779308776606,91.45714829460152,84.36414176511467,91.91587992537735,S,S,A,S,A,S,88.06945828244653,S,51.559082354138056,46.66859289222767,90.0,5.9194460868835455,BL-B,1.05,77.06077599714072,99.70095155709342,10.0
389879,285023_43843,Luca Zidane,Algeria,GK,0,0,0,0,0,0,0.0,0.0,0,0,0,0,0,0,0,0,0,0,0,104,88,0,0,0,0,0,0,9.0,34.0,32.0,8,0,0,8,6,2,0,1,3,199,1.99,42,13,13382.13,,,,,,,Round of 16,0.0,302.0,1124.0,0.0,False,,,None,1.0,1.0,13.38213,1.99,302.0,,,,,,,,,,,,,,,,,,,,,,,,,,,,,,,,,,,,,,,,,,,,,,,,,,,,,,,,,,,,,,,
477817,285023_43843,Oussama Benbot,Algeria,GK,0,0,0,0,0,0,0.0,0.0,0,0,0,0,0,0,1,0,0,0,0,25,72,0,0,1,0,0,0,0.0,14.0,13.0,1,0,0,1,1,0,0,0,0,40,0.71,6,0,4787.6,,,,,,,Round of 16,0.0,100.0,813.0,0.0,False,,,None,1.0,1.0,4.7876,0.71,100.0,,,,,,,,,,,,,,,,,,,,,,,,,,,,,,,,,,,,,,,,,,,,,,,,,,,,,,,,,,,,,,,
477795,285023_43843,Fares Chaibi,Algeria,MF,3,9,0,4,5,1,0.64,0.0,4,0,30,140,16,3,2,1,0,0,1,244,90,7,0,10,50,3,100,,,,202,38,84,80,121,81,4,46,102,535,6.76,549,177,45534.2,,,,,,,Round of 16,0.0,403.0,1227.0,0.0,False,,,None,1.0,1.0,45.5342,6.76,403.0,0.01953190352603387,0.01494546464137814,0.12259661845830246,1.6505960933616004,0.5510685396446349,0.7628038630507412,0.7204188416339228,1.3892323381622194,46.359044187920624,1.9070887341593474,0.562297407258792,101.92071473667698,5.508629406601504,26.60387598004302,3.2417898955136604,0.65331449615946,0.47906144915554,19.290419611103495,7.5723529363250925,0.7990209149330229,35.340504334891214,107.82586550781672,9.010178962966881,45.5342,25.0,92.18645156772402,None,1.0,1.0,62.87131688711116,65.00513273240648,88.2436346892026,82.1549233322345,77.39666493538358,83.8138096133056,25.0,92.18645156772402,None,1.0,1.0,,,,,,,,,,,,,,,,,,,,,,,
441350,285023_43843,Hicham Boudaoui,Algeria,MF,0,0,0,0,0,0,0.0,0.0,0,0,6,54,8,4,1,1,0,0,0,86,97,0,0,4,75,1,100,,,,71,17,24,30,32,39,1,5,29,186,5.55,248,79,17473.1,,,,,,,Round of 16,0.0,143.0,888.0,0.0,False,,,None,1.0,1.0,17.4731,5.55,143.0,0.024617903469449417,0.018837181197271003,0.022314584646862465,0.22126212834889755,0.07485038666217209,0.13514930001851577,0.08172745281355674,0.304982933670102,25.79244656753068,1.164257399141807,0.29557430983400473,56.3669856679584,1.985339230566982,15.766262191039072,2.4333651401858845,1.030005107751733,0.39723528772403877,9.233846688226711,5.206158345374023,0.38736819281118245,24.29900693527593,73.72521890570525,5.559767000514533,17.4731,274.0,73.16008425391949,None,1.0,1.0,48.49295859160209,55.65396156171207,74.32844852835807,56.70041943127604,78.09346588496288,52.68418785406308,274.0,73.16008425391949,None,1.0,1.0,,,,,,,,,,,,,,,,,,,,,,,
430698,285023_43843,Houssem Aouar,Algeria,MF,1,3,0,1,2,0,0.24,0.0,0,0,8,61,7,1,2,0,0,0,0,84,94,1,100,3,100,0,0,,,,106,43,46,17,62,44,4,29,55,185,5.03,253,83,21136.93,115.0,331.0,50.0,5.178653240203857,4.798859596252441,6.383292198181152,Round of 16,0.0,191.0,171.0,2.0,True,131.15,5.422843933105469,B,1.1,1.1,21.13693,5.03,191.0,0.023591161865578924,0.41396280873600066,0.06889326044497246,0.8059008323456753,0.26968422932651276,0.32746824928066354,0.07831883696265067,0.490218612920123,24.320806893740475,0.917743951959412,0.08529112366786225,53.81812596976038,2.2984477411448734,16.494386413907435,2.133920877057237,0.3931796637078631,0.5786233879111344,13.995576165225676,10.135871062463396,0.9650790929334238,24.077388128029487,71.64013128311687,6.053160985281912,21.13693,156.0,79.29536718513205,B,1.1,1.1,64.70607732375582,80.02132680271912,79.56007867044977,68.47870499473738,79.53044743486619,63.07571712248353,156.0,79.29536718513205,B,1.1,1.1,,,,,,,,,,,,,,,,,,,,,,,
494291,285023_43843,Ibrahim Maza,Algeria,MF,3,11,0,7,4,1,1.06,0.0,0,0,25,153,14,1,5,0,0,0,0,141,79,1,0,13,46,1,100,,,,212,39,122,51,153,59,4,59,136,342,6.85,524,152,44461.44,,,,,,,Round of 16,0.0,389.0,1212.0,0.0,False,,,None,1.0,1.0,44.46144,6.85,389.0,0.01975050724636307,0.015112736314018703,0.19357464156003665,2.000526480137081,0.5572361736779552,1.2685263038775423,0.06556848559521342,0.41041074288535656,29.807881336363696,2.4256181668703416,0.23713402546483525,71.0758545696859,4.741641008915318,29.056098668230675,2.9466157580217716,0.3291697900015311,0.9816082063010243,25.141084354908276,7.822832085542875,0.8079636656686274,31.59283142971456,104.88945862188322,8.933235371345713,44.46144,119.0,82.79883666627687,None,1.0,1.0,59.02845278986685,56.857380667275656,72.04735195589275,83.70034638537072,59.84513993871041,80.95427602473293,119.0,82.79883666627687,None,1.0,1.0,,,,,,,,,,,,,,,,,,,,,,,
379939,285023_43843,Nabil Bentaleb,Algeria,MF,0,1,0,0,1,0,0.02,0.0,0,0,16,42,12,2,3,0,0,0,0,280,91,1,0,3,67,1,0,,,,92,1,25,66,73,19,0,7,56,589,6.59,405,115,33625.87,,,,,,,Round of 16,0.0,313.0,1172.0,0.0,False,,,None,1.0,1.0,33.625870000000006,6.59,313.0,0.021057465088698157,0.016112797173133405,0.022621173690547964,0.36595657748884897,0.06402492421705391,0.1156029257501,0.06990737397867404,0.4375690093694419,56.34099552916138,0.8191780183979062,0.25282598569653136,119.42288632182202,3.4651550729116996,11.365677266084978,2.7882129846918664,0.5276472183278164,0.6931742394461011,12.669142880364904,1.6260796199019962,0.15464875170404233,27.1457153390799,90.80362584274576,7.6097850892017505,33.625870000000006,284.0,72.75475214990401,None,1.0,1.0,38.982219992273315,45.42073903887797,77.35234412297733,64.83552704708688,68.86720740531018,68.50387610972403,284.0,72.75475214990401,None,1.0,1.0,,,,,,,,,,,,,,,,,,,,,,,
433679,285023_43843,Ramiz Zerrouki,Algeria,MF,0,0,0,0,0,0,0.0,0.0,0,0,4,23,5,4,0,1,0,0,0,105,92,0,0,2,100,5,100,,,,56,8,12,36,39,17,1,4,37,226,5.59,201,54,15442.6,,,,,,,Round of 16,0.0,126.0,866.0,0.0,False,,,None,1.0,1.0,15.4426,5.59,126.0,0.02492702723076289,0.01907371719276998,0.022594785938038472,0.22404048766110776,0.0757902730781495,0.13684635192273065,0.08275369364058935,0.3088125640734188,30.090454037381313,0.7605468122124506,1.1359458239249678,65.44137872504545,1.5919388597123325,9.480121856671895,1.836425564850981,1.0429387458040325,0.19305831211517976,11.023114934169977,3.389046328170174,0.39223232402867625,19.375001189104882,64.8202214270481,5.204870714206316,15.4426,407.0,66.5522054457835,None,1.0,1.0,45.67043470857129,50.48543260921136,68.79923904319048,46.323080017964216,76.73753805358997,45.185668883245675,407.0,66.5522054457835,None,1.0,1.0,,,,,,,,,,,,,,,,,,,,,,,
431196,285023_43922,Cristian Romero,Argentina,DF,1,1,0,1,0,1,0.12,0.0,0,0,7,27,15,5,2,0,0,0,0,230,97,0,0,1,0,0,0,,,,13,0,1,12,9,4,0,3,47,475,3.77,152,37,24053.86,265.0,47.0,223.0,4.575924396514893,6.41933536529541,5.517880439758301,Round of 16,0.0,286.0,1087.0,0.0,True,221.8,5.087925052642822,C,1.0,1.0,24.05386,3.77,286.0,0.021574172075901805,0.016508172155244697,0.041279339560386,0.3749364010243565,0.24662685130978268,0.29947047117180936,0.07162275749894526,0.2672751682277713,48.67194361701799,0.4772171925258991,0.07799892981287575,101.71575782073685,1.920904887156468,8.929104363602042,3.399722670892007,1.0836872588895288,0.5291524261952563,11.350739670502355,1.4849493905360585,0.1584435147598618,13.691406323498374,47.230946143034934,6.063684142452495,24.05386,416.0,65.9946376634323,C,1.0,1.0,43.93046546920366,40.07704504416646,71.55766379655478,49.58018793729775,83.7799347061137,41.81319513397989,416.0,65.9946376634323,C,1.0,1.0,,,,,,,,,,,,,,,,,,,,,,,
418963,285023_43922,Facundo Medina,Argentina,DF,0,0,0,0,0,0,0.0,0.0,0,0,12,58,14,3,2,1,0,0,1,139,94,4,50,1,100,0,0,,,,124,41,33,50,25,99,5,19,41,281,4.64,328,103,28709.21,,,,,,,Round of 16,0.0,277.0,223.0,1.0,False,,,None,1.0,1.0,28.70921,4.64,277.0,0.021752680797965107,0.19917353397845294,0.019717440096584646,0.195509924580901,0.06613871772984532,0.11941957555482058,0.07221537754790036,0.9996017333166929,32.464546271205634,0.4811657765496444,0.0786443075003354,67.14679155989386,2.8494426629729577,14.661377311855356,3.245323839989204,0.7275963490551746,0.5335307320252315,10.349485186003822,8.980915713937515,1.0723983565863204,25.851590400570494,79.74680733990446,6.963591505585691,28.70921,208.0,76.16955908607139,None,1.0,1.0,45.32677029190733,65.00814064843418,70.08252723937865,66.46986221756303,73.75053067369167,60.15083612854255,208.0,76.16955908607139,None,1.0,1.0,,,,,,,,,,,,,,,,,,,,,,,
402926,285023_43922,Gonzalo Montiel,Argentina,DF,0,1,0,1,0,0,0.15,0.0,0,0,1,8,4,2,0,1,0,0,0,27,85,0,0,0,0,0,0,,,,15,6,6,3,1,14,1,3,8,59,3.17,87,26,7543.26,,,,,,,Round of 16,0.0,72.0,734.0,0.0,False,,,None,1.0,1.0,7.54326,3.17,72.0,0.02512408189589854,0.01922449991224625,0.054396180227889154,0.4366300969487209,0.07638941499522187,0.34874666877845234,0.08340788321715303,0.31125380810303455,13.884483108050306,0.34492211218215363,0.09083321916209472,30.752018644282863,0.9720680204305424,6.39278703748562,1.6401244782276374,0.6295464278141507,0.1945844885297729,4.996518729044327,2.99420060379274,0.3953330230631549,13.625247338334164,41.29933200142873,3.5806894833981016,7.54326,733.0,46.92992621632304,None,1.0,1.0,56.305674265840324,43.22091110159004,34.87392083220531,30.09458975310703,41.254116868549836,28.402984495684645,733.0,46.92992621632304,None,1.0,1.0,,,,,,,,,,,,,,,,,,,,,,,
402921,285023_43922,Lisandro Martinez,Argentina,DF,1,1,100,1,0,0,0.09,11.61,0,0,3,6,1,1,0,0,0,0,0,258,97,0,0,7,71,1,100,,,,24,0,0,24,9,15,0,1,45,525,3.88,211,64,29633.6,62.0,197.0,207.0,5.695140838623047,5.422027111053467,5.604507446289063,Round of 16,1.0,342.0,73.0,1.0,True,118.49999999999999,5.631515431404114,B,1.1,1.1,29.633599999999998,3.88,342.0,0.1928343595324018,0.1880126692181755,0.034119610784931226,0.35685496280772033,0.2347331857111958,0.2850284036440735,0.0681687251321648,0.2543857303712491,51.14913928752717,1.4880068840068834,0.24653801372188772,105.42551052723326,1.139066143921824,4.880182405693353,0.8235613321881754,0.34222362668179224,0.159032647777843,10.458745087106573,1.4133371902096754,0.1508025212070085,17.683249950095075,55.11895330885795,6.732653470065207,29.633599999999998,372.0,68.21181385392437,B,1.1,1.1,57.43585119951715,59.77482747474774,91.84241423026108,41.97746217599549,73.40894143929866,51.12406199648878,372.0,68.21181385392437,B,1.1,1.1,,,,,,,,,,,,,,,,,,,,,,,
402934,285023_43922,Marcos Senesi,Argentina,DF,0,2,0,2,0,1,0.84,0.0,0,0,0,3,2,0,2,0,0,0,0,73,96,0,0,1,0,0,0,,,,12,0,1,11,2,10,1,1,7,155,1.41,86,25,9406.52,,,,,,,Round of 16,0.0,100.0,800.0,0.0,False,,,None,1.0,1.0,9.40652,1.41,100.0,0.02524558075532909,0.01931746867513036,0.20082747061152428,0.6505796381531204,0.07675883055567671,0.5622712099239531,0.08381123975453383,0.31275901664496775,23.69617667522308,0.5584281579547208,0.09127248426926672,51.2371837533025,0.7649308760035747,5.364512155498185,1.2243800039847703,0.20891484641252092,0.6192015276596546,4.8088436359256255,1.7376523013010117,0.3972448346706966,13.479300364424294,41.28721557847322,3.9927148337622858,9.40652,536.0,59.30662121819492,None,1.0,1.0,67.08083602963478,51.06834775628263,58.617841151657316,34.62319509268404,50.05125861718841,34.38204704700006,536.0,59.30662121819492,None,1.0,1.0,,,,,,,,,,,,,,,,,,,,,,,
402925,285023_43922,Nahuel Molina,Argentina,DF,0,0,0,0,0,0,0.0,0.0,0,0,20,55,13,2,0,0,0,0,1,128,86,3,0,4,50,1,100,,,,122,45,52,25,24,98,3,29,51,265,4.51,266,108,26893.74,,,,,,,Round of 16,0.0,270.0,1072.0,0.0,False,,,None,1.0,1.0,26.89374,4.51,270.0,0.02189365892360242,0.016752637799841527,0.019845227920669416,0.19677701542671003,0.06656735972317983,0.12019352834172016,0.07268340209455054,0.8223683755522209,30.654118467422407,1.0354193819844912,0.2628657283556087,64.64257914210279,4.337603615730397,14.205261833018005,3.0826449041022683,0.5486001368824296,0.16956505878887218,12.253677031461228,9.77396753922183,0.7119250596865988,26.937692024714707,68.87351543334468,6.675199086701529,26.89374,362.0,68.75091101193476,None,1.0,1.0,41.34427854015967,51.4158967787828,69.10662633306468,66.49722017318635,59.4375959911048,56.22850141284661,362.0,68.75091101193476,None,1.0,1.0,,,,,,,,,,,,,,,,,,,,,,,
310116,285023_43922,Nicolas Otamendi,Argentina,DF,0,1,0,1,0,1,0.07,0.0,0,0,1,12,7,3,0,0,0,0,1,138,96,0,0,1,100,1,100,,,,20,0,0,20,8,12,0,1,16,279,4.3,165,40,14946.7,212.0,88.0,225.0,4.683017253875732,6.076232433319092,5.505123615264893,Round of 16,0.0,156.0,914.0,0.0,True,196.64999999999998,5.097526121139525,C,1.0,1.0,14.9467,4.3,156.0,0.024353767678237978,0.018635069195088977,0.036379993391800904,0.42324284670285156,0.07404728553180859,0.3380539589538734,0.08085056476176171,0.3017106441109643,36.14215469385173,0.5387013971126355,0.29240296933839083,74.76719079223727,0.942264033173478,7.014200605731607,2.20290181465882,0.8145990194496618,0.18861845169420746,6.478161361361128,1.6762688433106225,0.1788572249729704,16.06845815690188,55.9727473863179,4.983832137281612,14.9467,522.0,59.97830638827965,C,1.0,1.0,45.26895978287839,42.98150141685358,68.03560733180716,38.004169317955274,67.39477389189975,38.86430793700842,522.0,59.97830638827965,C,1.0,1.0,,,,,,,,,,,,,,,,,,,,,,,
308322,285023_43922,Nicolas Tagliafico,Argentina,DF,0,0,0,0,0,0,0.0,0.0,0,0,3,24,5,1,5,0,0,0,1,81,91,1,100,3,33,0,0,,,,60,19,15,26,10,50,2,12,17,158,4.67,191,57,16660.3,,,,,,,Round of 16,0.0,165.0,926.0,0.0,False,,,None,1.0,1.0,16.6603,4.67,165.0,0.024162438318932628,0.018488667377644798,0.02190173406974018,0.21716847395963737,0.07346555132598542,0.13264885166183255,0.08021538227337957,0.5020895988492048,24.301504401176327,0.9399677624249384,0.08735650776844871,49.64713917336868,1.3403599083334048,9.392086510024487,1.7800967210105951,0.4027007837397491,1.2008829668146432,6.630016556896041,5.5153357789342055,0.5829506171262481,19.38895787293549,60.80449234104688,5.292109040184845,16.6603,512.0,60.331223988399515,None,1.0,1.0,41.48178139980893,57.69406188731471,64.07665249875927,44.2955235429051,52.38910156682947,42.325450781439606,512.0,60.331223988399515,None,1.0,1.0,,,,,,,,,,,,,,,,,,,,,,,
485595,285023_43922,Giuliano Simeone,Argentina,FW,0,0,0,0,0,0,0.0,0.0,0,0,4,9,3,1,0,0,0,0,0,37,95,2,0,2,100,0,0,,,,38,15,20,3,12,26,2,23,23,84,1.64,102,40,8279.41,,,,,,,Round of 16,0.0,75.0,741.0,0.0,False,,,None,1.0,1.0,8.27941,1.64,75.0,0.025175937641256012,0.019264179004847715,0.022820407605266425,0.22627765815217954,0.07654708165418324,0.13821283984430424,0.08358003589404828,0.7344035056387764,16.025676853074035,0.7681413006155203,0.09102069762607941,36.096831297166084,1.6078352661061894,6.617235295477886,1.432256034604863,0.4195921655627307,0.19498610812843215,8.175636028158936,4.901663324566806,0.6074026218290397,16.610920572703847,44.553377787427465,3.743594340156816,8.27941,517.0,60.15551035128334,None,1.0,1.0,46.149799293421204,57.921142882510026,56.791251294520116,40.17941729642964,63.54017100746664,36.578572877440074,517.0,60.15551035128334,None,1.0,1.0,34.84731150691834,37.91978142905932,56.9043719746579,61.187118056289776,31.878863245675,27.61980138315713,C,C,B,A,D,E,34.68072004421878,C,35.48564687377114,39.81416794746402,,,None,1.0,28.900600036848985,52.331423010380625,167.0
495054,285023_43922,Jose Manuel Lopez,Argentina,FW,0,1,0,1,0,0,0.04,0.0,0,0,2,7,2,0,0,0,0,0,0,0,0,0,0,1,0,0,0,,,,5,5,0,0,4,1,0,3,3,4,1.62,22,11,1465.77,,,,,,,Round of 16,0.0,13.0,549.0,0.0,False,,,None,1.0,1.0,1.46577,1.62,13.0,0.016790878465552557,0.012848081093074629,0.020855630639517127,0.2918077931223923,0.0510524280470849,0.23307370812547973,0.05574299733503278,0.20801655103073205,5.475117985805944,0.3714115124874208,0.060705483683151554,12.802970052792277,0.7905444690348332,4.131521408089536,0.814337211799786,0.13894961774732562,0.13004433402672888,2.634794737937888,1.8601846086290692,0.12331438678749933,6.992591927648631,18.44299213973886,1.5367587512682845,1.46577,933.0,7.626266107034249,None,1.0,1.0,9.059028649432696,7.711242042669397,7.2221128513991415,7.732020405207603,4.43629586275848,4.292840893062145,933.0,7.626266107034249,None,1.0,1.0,23.007305535599322,26.23230751717072,11.877556648434986,20.175086168615593,11.178328029942822,11.847287391410855,E,E,F,F,F,F,19.777492438658772,E,51.87279151943463,81.1111111111111,,,None,1.0,16.481243698882313,27.022923875432525,270.0
416081,285023_43922,Julian Alvarez,Argentina,FW,2,3,0,3,0,0,0.69,0.0,0,0,18,95,10,2,0,0,0,0,0,72,83,1,0,1,0,0,0,,,,120,44,50,26,83,37,2,47,44,174,6.29,290,125,24301.65,,,,,,,Round of 16,0.0,232.0,1025.0,0.0,False,,,None,1.0,1.0,24.301650000000002,6.29,232.0,0.022689612945395433,0.0173616876383795,0.151936262258611,0.7751028992334315,0.44976875669329996,0.6957351843151252,0.07532584054746663,0.4714846453584478,21.106686336681,0.5018905639209008,0.08203167757181426,49.667140177877286,4.1145178765774,22.337326849664294,2.623543909799569,0.5685447467272933,0.1757296743503703,11.366430500581709,9.938913961426062,0.5474167670615403,31.153665321058334,75.94681942807743,6.424369301179663,24.301650000000002,317.0,70.81093622883486,None,1.0,1.0,59.93038160842388,49.18854070746485,55.558332492730976,71.83110977037447,55.333823544715685,60.905872746053326,317.0,70.81093622883486,None,1.0,1.0,41.4810737177992,34.69434220012903,75.09331540000439,23.61125795605929,78.42068688050914,80.48693161475119,C,D,A,F,A,A,37.6218709617765,C,55.66685424873382,44.6616759938949,,,None,1.0,31.35155913481375,54.40462802768166,147.0
402920,285023_43922,Lautaro Martinez,Argentina,FW,2,4,25,3,1,0,1.03,0.97,0,0,21,149,17,7,2,0,0,0,2,58,88,1,0,2,50,0,0,,,,132,61,61,10,99,33,3,38,43,141,6.27,279,110,27335.99,,,,,,,Round of 16,1.0,262.0,125.0,0.0,False,,,None,1.0,1.0,27.335990000000002,6.27,262.0,0.20713958209033312,0.016877643134623622,0.21062834273574838,0.9385755576833235,0.4372291868557894,0.67633806123287,0.07322575328249403,0.4583396357289376,17.927075338800716,0.6729803925457702,0.0797446313186185,42.17469408196929,4.555052632787104,31.709019383677695,3.845977301855012,1.4781064798567047,0.540995437239031,10.864451434704165,12.808220125618057,0.7172373234321165,27.508861615153133,71.79351112810794,6.806861047861471,27.335990000000002,122.0,82.18072101364659,None,1.0,1.0,76.5557059530739,55.16522113984749,62.213721070399906,83.33700240736064,70.89745222642333,60.69702619262198,122.0,82.18072101364659,None,1.0,1.0,77.82214799540955,64.44427579402725,78.0300592912626,42.02702416950371,69.51464833034638,95.06284508263137,A,A,A,D,B,S,63.72625752982562,A,68.04940573292939,51.42625231910946,,,None,1.0,53.105214608188014,81.30692041522491,48.0
229397,285023_43922,Lionel Messi,Argentina,FW,16,24,29,12,12,0,4.57,1.53,14,0,10,77,14,2,11,0,0,0,2,147,78,14,43,15,87,3,67,,,,122,22,70,30,86,36,3,77,87,381,4.56,231,96,27595.27,2.0,332.0,34.0,8.222007751464844,4.768415927886963,6.673081398010254,Round of 16,7.0,361.0,2.0,0.0,True,59.5,7.316737389564514,B,1.1,1.1,27.59527,4.56,361.0,1.2071581562441762,0.015462541445059997,0.7932260853846972,4.251168061295163,2.7744708095753525,2.1457098782427386,2.4409871511713663,2.624246901631336,31.51521201155654,2.8208911588659724,0.581751532844088,79.3340131854403,2.307927482355252,16.841751054526192,3.014819244799148,0.506353235511986,2.021715022083305,17.414355962325,5.12130826394791,0.6571007427430311,22.82848712754359,57.63491335753944,6.280106163522862,27.59527,137.0,80.91489502957734,B,1.1,1.1,92.0666502451689,69.41595942339548,79.53642117986934,73.94780850131959,66.40590332702449,61.399770578828,137.0,80.91489502957734,B,1.1,1.1,100.0,80.49557925093919,85.58479666556198,45.75077710346577,50.18470429026004,70.77279665328737,S+,S,S,C,C,B,84.99915956197802,S,66.62515566625156,48.63318922514133,44.6,7.411970663070679,BL-A,1.2,84.99915956197802,94.1644679930796,18.0
441422,285023_43922,Nico Paz,Argentina,FW,0,1,0,0,1,0,0.08,0.0,0,0,7,44,6,2,1,0,0,0,0,56,96,1,0,2,100,2,100,,,,73,7,47,19,50,23,0,12,51,125,3.48,110,39,9189.47,,,,,,,Round of 16,0.0,81.0,755.0,0.0,False,,,None,1.0,1.0,9.18947,3.48,81.0,0.025245580755329095,0.01931746867513036,0.039830576231539426,0.43874161923208765,0.07675883055567671,0.13859517208188765,0.08381123975453383,0.5245970355660005,20.094930353565523,0.7702661768757535,0.5149485221113321,44.88204318567152,2.2477970084508034,14.049870931260523,2.071732079668901,0.6325908842545865,0.40736350873862204,14.129716468451065,3.2205184337482406,0.18540681574966386,16.445032629318753,46.371328032578006,3.9467353917554755,9.18947,333.0,70.12548938037192,None,1.0,1.0,52.08697058498019,55.28250076473269,64.02322623532085,55.147274566163276,81.40520186798706,42.74015882178085,333.0,70.12548938037192,None,1.0,1.0,40.14685712686254,45.28137213979434,70.0810144587465,56.04871962952781,33.122416883069384,64.70499557163588,C,C,B,B,D,B,40.52331709729004,C,35.66674685269825,35.57500754603078,,,None,1.0,33.76943091440837,59.12054498269896,113.0
418975,285023_43922,Thiago Almada,Argentina,FW,0,2,0,0,2,0,0.13,0.0,0,0,25,65,10,1,2,0,0,0,2,142,90,0,0,1,0,1,100,,,,156,37,82,37,116,40,1,43,84,305,7.09,325,127,27791.83,,,,,,,Round of 16,0.0,232.0,1027.0,0.0,False,,,None,1.0,1.0,27.79183,7.09,232.0,0.022689612945395433,0.0173616876383795,0.04531749544585441,0.5847122442106518,0.06898744664774077,0.12456321924678627,0.07532584054746663,0.2810939903356681,34.43403218827557,0.5018905639209008,0.2724223325945939,74.60831598586142,5.447252461736857,16.6256071989809,2.623543909799569,0.37815409170451353,0.5565109843959296,18.982056701492894,8.606179376266603,0.35702611203876067,31.534446631103883,82.61049235387472,7.088866957527068,27.79183,213.0,75.67339726632999,None,1.0,1.0,48.87333745301879,48.63608528234882,70.5027665063046,73.41044492812499,68.91182660268626,67.52426427677091,213.0,75.67339726632999,None,1.0,1.0,14.386213717239382,20.805980343793877,77.26079688811588,17.47901292000592,84.94934347682968,77.84875723142444,E,E,A,F,A,A,21.80008282376825,E,47.23038415496789,31.095429664314445,,,None,1.0,18.166735686473544,43.81466262975778,231.0
308300,285023_43922,Emiliano Martinez,Argentina,GK,0,0,0,0,0,0,0.0,0.0,0,0,0,0,0,0,0,0,0,0,0,119,82,0,0,2,50,0,0,4.0,50.0,43.0,18,0,0,18,11,7,0,0,0,227,2.68,35,5,19793.07,,,,,,,Round of 16,0.0,442.0,1271.0,0.0,False,,,None,1.0,1.0,19.79307,2.68,442.0,,,,,,,,,,,,,,,,,,,,,,,,,,,,,,,,,,,,,,,,,,,,,,,,,,,,,,,,,,,,,,,
430628,285023_43922,Alexis Mac Allister,Argentina,MF,1,4,0,3,1,2,0.44,0.0,0,0,13,107,24,5,6,0,0,0,0,266,93,0,0,1,0,2,100,,,,90,6,23,61,72,18,1,13,102,558,6.21,440,94,39277.88,,,,,,,Round of 16,0.0,377.0,247.0,1.0,False,,,None,1.0,1.0,39.277879999999996,6.21,377.0,0.019943104331343303,0.18260455366706885,0.09170872860359103,0.8486234970208527,0.22798117161935608,0.6115185570231898,0.06620787672753646,0.24706841803202634,51.01660859850415,0.44113823815679043,0.40679088357155385,107.91535104115928,2.7797457785369266,21.641594741606475,4.648794138555282,1.0017574714128594,1.1585248048935728,19.696536509452386,2.3767497366802437,0.31380918742590636,22.194931108422512,91.8553548281486,8.152907848318463,39.277879999999996,109.0,83.76355804994232,None,1.0,1.0,55.63237286177735,57.041835105577654,74.24694753324852,77.53803251831961,87.29493592162886,66.34236843142719,109.0,83.76355804994232,None,1.0,1.0,,,,,,,,,,,,,,,,,,,,,,,
448252,285023_43922,Enzo Fernandez,Argentina,MF,2,6,0,3,3,1,0.5,0.0,0,0,8,80,8,4,4,0,0,0,0,250,92,2,0,10,80,5,80,,,,167,23,66,78,99,68,2,49,70,542,4.89,491,156,37226.27,,,,,,,Round of 16,0.0,342.0,1192.0,0.0,False,,,None,1.0,1.0,37.22627,4.89,342.0,0.020533750131274033,0.01571205981704774,0.1047628606393936,1.218358009813359,0.40703379511232357,0.629629622446329,0.0681687251321648,0.5989869491735047,49.77073441231815,2.0049087122102667,0.9357404513263988,108.35462088705243,2.000569190927463,17.63042750137681,2.02966559799607,0.8591254548851757,0.848235085382354,14.76626032213477,5.376251206435615,0.49540374000926407,33.53490601499883,103.36312394117373,8.040875138046868,37.22627,71.0,86.9612555155483,None,1.0,1.0,59.19741252796398,59.506295235642334,90.89028224624896,64.35876313465813,80.89703878675955,78.95773381280944,71.0,86.9612555155483,None,1.0,1.0,,,,,,,,,,,,,,,,,,,,,,,
389485,285023_43922,Exequiel Palacios,Argentina,MF,0,0,0,0,0,0,0.0,0.0,0,0,1,5,1,1,1,0,0,0,0,94,95,0,0,0,0,0,0,,,,18,3,4,11,7,11,1,4,21,190,1.5,113,37,10029.01,,,,,,,Round of 16,0.0,100.0,800.0,0.0,False,,,None,1.0,1.0,10.02901,1.5,100.0,0.02524558075532909,0.01931746867513036,0.022883534717856806,0.22690360031105503,0.07675883055567671,0.13859517208188762,0.08381123975453383,0.31275901664496775,28.144775072564762,0.346590139033688,0.09127248426926672,58.65151441553865,0.9767688949246075,5.78818819334025,1.0125419850637376,0.42075286533355366,0.40736350873862204,7.774575900820083,2.37316635806411,0.3972448346706966,16.02135659147669,47.0068420893411,4.124581882160439,10.02901,578.0,57.42015003693136,None,1.0,1.0,47.02013995265876,47.036855684499024,60.30739646523169,34.57734288385392,63.128682853887284,35.49758707432093,578.0,57.42015003693136,None,1.0,1.0,,,,,,,,,,,,,,,,,,,,,,,
395414,285023_43922,Giovani Lo Celso,Argentina,MF,1,1,100,0,1,0,0.15,6.61,1,0,8,23,6,1,1,0,0,0,1,51,92,1,100,0,0,0,0,,,,46,4,22,20,31,15,0,7,27,108,1.74,123,23,7525.5,,,,,,,Round of 16,1.0,64.0,85.0,0.0,False,,,None,1.0,1.0,7.5255,1.74,64.0,0.23400459188835707,0.019066592458570224,0.053949377328011555,0.4330436761251774,0.2848488384445444,0.13679523478212288,0.2918096579135462,0.5177840870521562,18.78852285299984,0.3420889683968869,0.09008712733070481,40.744682619026776,2.4276917153280464,9.476580682828985,2.0448264682446298,0.41528854240714386,0.40207307356019834,8.928128637536588,2.551432891569751,0.18299893502564227,12.886070763899342,48.48723237882998,3.5475647992112957,7.5255,481.0,61.80481464875018,None,1.0,1.0,61.14782299523451,49.89876821903075,49.75515558829643,50.11411806206175,60.56803669336036,36.89001568326544,481.0,61.80481464875018,None,1.0,1.0,,,,,,,,,,,,,,,,,,,,,,,
332847,285023_43922,Leandro Paredes,Argentina,MF,1,1,0,0,1,0,0.02,0.0,1,0,4,17,3,1,0,1,0,0,0,215,94,2,50,4,50,2,100,,,,97,1,18,78,68,29,0,5,20,441,4.91,186,41,17335.08,,,,,,,Round of 16,0.0,167.0,931.0,0.0,False,,,None,1.0,1.0,17.33508,4.91,167.0,0.024119265543514515,0.018455632338964544,0.025910340720029262,0.41916744644571013,0.27572128821322905,0.13241183836844403,0.28245905874967636,0.7035794821624727,51.377941561620084,1.1406752571660341,0.49197442777868344,106.83395291752187,1.5403519934802241,7.958595968342625,1.3721420873050898,0.4019812491353516,0.1868022469017946,7.225331236280442,1.8625150739707625,0.17713501091471792,16.11612217055265,59.68391354309833,5.419219948309968,17.33508,410.0,66.26616097873723,None,1.0,1.0,45.306749806818196,58.64675801658241,83.25503991314943,43.00748802941214,58.74360728953866,43.22867505926904,410.0,66.26616097873723,None,1.0,1.0,,,,,,,,,,,,,,,,,,,,,,,
430631,285023_43922,Nico Gonzalez,Argentina,MF,0,4,0,4,0,3,0.36,0.0,0,0,7,38,3,1,2,0,0,0,0,47,77,3,0,5,60,0,0,,,,44,33,9,2,28,16,16,26,32,120,4.48,137,69,14373.63,,,,,,,Round of 16,0.0,145.0,195.0,1.0,False,,,None,1.0,1.0,14.373629999999999,4.48,145.0,0.02457848476116955,0.22504737301968036,0.09652538161513463,1.0458692560072729,0.07473053463821187,0.9598943133609146,0.08159658908566408,0.9232156514865542,17.70777333765732,1.3686335198588098,0.08886067567499761,42.66486627218435,2.1884006176704167,12.44117124914086,1.3982670128218715,0.40963477881712784,0.6028395804863051,9.837782320345013,8.497667803452,3.4803532453957966,22.19769530772081,50.71448919512767,4.911628792883011,14.373629999999999,394.0,66.98767967435141,None,1.0,1.0,62.46422464600136,75.60996937031092,52.49015946433088,50.98679306638405,47.47615153139189,44.90587162982699,394.0,66.98767967435141,None,1.0,1.0,,,,,,,,,,,,,,,,,,,,,,,
428882,285023_43922,Rodrigo De Paul,Argentina,MF,0,0,0,0,0,0,0.0,0.0,1,0,5,74,12,1,1,0,0,0,0,180,92,5,40,5,60,0,0,,,,176,19,83,74,80,96,2,24,60,387,4.41,248,126,27095.94,301.0,305.0,63.0,4.481345653533936,4.914112091064453,6.294098854064941,Round of 16,0.0,275.0,221.0,1.0,True,242.1,4.999448919296265,C,1.0,1.0,27.09594,4.41,275.0,0.021792770693436023,0.19954060809827898,0.019753779071066364,0.19587024671833192,0.06626061048894921,0.11963966421173786,0.2552136376835346,1.184309153918995,40.02184988452964,1.2135132312450165,0.07878924789165333,86.65425001193029,1.5746379699018331,17.614240722047953,2.8855745914290036,0.36320696290120946,0.35164885374801064,13.842997342056808,4.974433719855062,0.5257792676774249,30.105133398830404,65.26456616946605,6.681414420355049,27.09594,181.0,77.74468775507813,C,1.0,1.0,44.87923417423668,76.86544015983905,83.69892435621958,57.670382732136616,67.7418162615724,58.220262039475344,181.0,77.74468775507813,C,1.0,1.0,,,,,,,,,,,,,,,,,,,,,,,
463661,285023_43922,Valentin Barco,Argentina,MF,0,0,0,0,0,0,0.0,0.0,0,0,0,7,2,0,1,0,0,0,0,20,85,0,0,1,100,0,0,,,,19,4,14,1,9,10,0,14,8,41,1.71,41,14,2814.61,,,,,,,Round of 16,0.0,24.0,595.0,0.0,False,,,None,1.0,1.0,2.81461,1.71,24.0,0.020612930370261004,0.01577264712542239,0.018684327856670995,0.18526601385416774,0.0626733227047207,0.1131624841379511,0.06843159070289079,0.25536666774493394,10.180701273924091,0.45595468166379766,0.07452367133863594,22.11697328075115,0.624563444902969,5.071965905947598,0.9997020870098405,0.17057825780086436,0.3326109120798067,4.099369405108854,2.1106472354915753,0.15138403114029741,9.1031874610955,25.927444538670652,2.119868177530358,2.81461,897.0,21.012469379507795,None,1.0,1.0,13.023189222086806,15.620759336931547,26.880103472144075,13.881389725197602,25.524614843051317,12.470324236648977,897.0,21.012469379507795,None,1.0,1.0,,,,,,,,,,,,,,,,,,,,,,,
448014,285023_43976,Alessandro Circati,Australia,DF,0,3,0,2,1,2,0.13,0.0,0,0,12,48,28,5,4,1,0,0,0,221,80,1,0,10,60,4,75,,,,55,4,10,41,16,39,0,9,63,448,6.09,424,142,44568.44,273.0,21.0,147.0,4.5484395027160645,6.81116247177124,5.849121570587158,Round of 16,0.0,438.0,1267.0,0.0,True,203.7,5.213018465042113,C,1.0,1.0,44.56844,6.09,438.0,0.0190126257467279,0.01454812253494564,0.037973524835553774,0.649492848282351,0.0578076191732496,0.4234504322182167,0.06311883851140436,0.39507774456540745,41.45719208654613,1.8563866199750476,0.7068848068117449,85.3313430532419,2.490515419273403,11.21920420217685,5.070043795686548,0.9550188163548706,0.7853984839844673,12.555630146365878,1.9467851125943076,0.1396311866581555,28.81715203980024,85.01710360648705,8.616558973285382,44.56844,328.0,70.25118362884993,C,1.0,1.0,40.41531650383192,45.3620496146406,69.6010254706246,63.51779955350363,58.35535622145079,73.69581882437554,328.0,70.25118362884993,C,1.0,1.0,,,,,,,,,,,,,,,,,,,,,,,
349342,285023_43976,Aziz Behich,Australia,DF,1,1,0,1,0,0,0.02,0.0,0,0,9,55,7,1,4,0,0,0,0,82,73,6,17,1,0,1,100,,,,69,24,30,15,8,61,4,17,45,178,5.04,341,105,26853.33,,,,,,,Round of 16,0.0,245.0,1041.0,0.0,False,,,None,1.0,1.0,26.853330000000003,5.04,245.0,0.022411823925821053,0.017149128429069547,0.02407610600860409,0.38949390843716375,0.2562025345625438,0.31109789276141725,0.07440362598855572,1.406010764473493,22.728874108661557,0.4957459157939915,0.26908706491665957,49.811303993397864,2.3716065047722883,14.54146281042918,2.0272447470262316,0.3735243496884006,0.9258170212336944,11.415330949229533,6.056037769273867,0.9168341444375152,27.01105684546485,84.60804699843443,6.825583901932968,26.853330000000003,502.0,60.94080023693385,None,1.0,1.0,44.13089269466195,47.59270882050748,47.456696844346574,58.682902352782705,44.75435280089973,61.418017184696474,502.0,60.94080023693385,None,1.0,1.0,,,,,,,,,,,,,,,,,,,,,,,
382312,285023_43976,Cameron Burgess,Australia,DF,0,0,0,0,0,0,0.0,0.0,0,1,2,14,9,0,0,0,0,0,0,56,80,0,0,2,50,1,0,,,,9,0,1,8,3,6,0,0,20,113,2.9,147,33,15035.64,,,,,,,Round of 16,0.0,152.0,902.0,0.0,False,,,None,1.0,1.0,15.035639999999999,2.9,152.0,0.02443685966035918,0.018698649699627062,0.02215047979497092,0.21963493297974648,0.07429992552603136,0.13415539149573702,0.08112641668621266,0.30274004275586675,19.451206042511632,0.7455913432080925,0.29340061137150275,40.983660837780796,1.1505308840576882,7.448236102892083,2.620521767480963,0.2022224337885594,0.1892619940496644,7.320471890076748,1.681988061075977,0.17946746325462165,14.687917954107906,52.47278396888224,5.019073665384102,15.035639999999999,776.0,43.004405101336054,None,1.0,1.0,35.33146384443731,42.688445319752724,40.34894884173598,32.897597382018304,33.340510768486645,31.14238324448652,776.0,43.004405101336054,None,1.0,1.0,,,,,,,,,,,,,,,,,,,,,,,
430442,285023_43976,Harry Souttar,Australia,DF,1,1,0,1,0,1,0.05,0.0,0,0,4,18,6,8,1,1,0,0,0,199,86,0,0,8,38,3,33,,,,32,3,2,27,20,12,0,6,46,409,5.87,370,82,43035.91,285.0,60.0,257.0,4.521350860595703,6.307667255401611,5.363766193389893,Round of 16,0.0,438.0,1267.0,0.0,True,244.25,4.999902153015137,C,1.0,1.0,43.03591,5.87,438.0,0.0190126257467279,0.01454812253494564,0.02521058779177458,0.3304194221878712,0.21734433222048946,0.2639137191709769,0.06311883851140436,0.2355410315181675,37.94738439950685,1.537313193880568,0.5473480937645051,79.10941124439952,1.2142217148954844,6.433102810759655,1.560236108647271,1.4336289554965904,0.30678834484274786,9.843506024562801,1.7872483995470678,0.1396311866581555,19.24494925696585,76.4021211019361,8.372064174439094,43.03591,508.0,60.52151446304359,C,1.0,1.0,35.23567288837873,37.352523611948904,70.44257878521036,37.47750641605075,64.03098217860347,58.62379105165402,508.0,60.52151446304359,C,1.0,1.0,,,,,,,,,,,,,,,,,,,,,,,
430450,285023_43976,Jacob Italiano,Australia,DF,0,1,0,0,1,0,0.03,0.0,0,0,6,83,14,0,0,1,0,0,0,43,77,9,33,2,50,2,100,,,,44,19,22,3,17,27,3,25,24,116,3.45,279,121,20985.37,,,,,,,Round of 16,0.0,183.0,960.0,0.0,False,,,None,1.0,1.0,20.98537,3.45,183.0,0.023768504910284885,0.01818723655078479,0.02752797029423229,0.41307159586189834,0.07226780237904433,0.13048620509451944,0.07890758715155305,2.0894536620201616,16.32644167972746,0.7251992174287002,0.48481976291092027,40.46107779439555,1.9168385036878979,21.006142741638648,3.5460684750848674,0.19669159528996882,0.18408562709868412,7.918029947105001,5.425416251999295,0.7728901932729803,31.837248348849354,77.36421248412756,6.068437028261197,20.98537,484.0,61.75139641416859,None,1.0,1.0,43.07546915334753,57.341694825804744,46.42217529316283,59.86498142790887,41.198516903325874,60.2471478034049,484.0,61.75139641416859,None,1.0,1.0,,,,,,,,,,,,,,,,,,,,,,,
339112,285023_43976,Jason Geria,Australia,DF,0,0,0,0,0,0,0.0,0.0,0,0,1,21,3,2,0,0,0,0,0,23,78,1,0,0,0,0,0,,,,3,1,0,2,1,2,0,2,5,46,3.24,78,29,7925.03,,,,,,,Round of 16,0.0,75.0,740.0,0.0,False,,,None,1.0,1.0,7.92503,3.24,75.0,0.025175937641256012,0.019264179004847715,0.022820407605266425,0.22627765815217954,0.07654708165418324,0.13821283984430424,0.08358003589404828,0.5231498685729173,13.068125934152008,0.3456340264838021,0.09102069762607941,28.06919308866344,0.974074354908612,9.152278940268195,1.432256034604863,0.6308458026285898,0.19498610812843215,4.373070560973472,1.9441124056447794,0.18489534769732147,14.287130564979398,39.483290497846845,3.6687302762534175,7.92503,798.0,40.15281001291405,None,1.0,1.0,42.38679807031939,44.959255271705935,28.750592320993928,28.41048078223668,30.743515577269775,25.727918240335395,798.0,40.15281001291405,None,1.0,1.0,,,,,,,,,,,,,,,,,,,,,,,
423522,285023_43976,Jordan Bos,Australia,DF,2,5,0,3,2,0,0.42,0.0,0,0,23,84,21,4,4,1,0,0,0,107,88,8,38,8,38,1,100,,,,76,27,37,12,26,50,7,41,93,286,6.41,396,223,36920.34,,,,,,,Round of 16,0.0,343.0,1194.0,0.0,False,,,None,1.0,1.0,36.920339999999996,6.41,343.0,0.02051625698569483,0.01569867437366932,0.09090130507092581,1.0451662415020162,0.40668703422412555,0.6290932273613583,0.06811065072173993,1.6313995959701821,25.110336989230014,1.6588930415663967,0.24632798265901448,64.19093260976528,4.58117220460573,18.304023050252717,4.265936178240916,0.8583935473399379,0.8475124555782938,18.71321854990586,6.060286352974403,1.3557508087931505,45.04064303047187,86.92045349683997,7.98135792370572,36.920339999999996,69.0,87.21460635343745,None,1.0,1.0,61.02288474967168,64.51033934236398,73.76109650718283,80.29944675119629,75.89663349380314,79.04170054134826,69.0,87.21460635343745,None,1.0,1.0,,,,,,,,,,,,,,,,,,,,,,,
494411,285023_43976,Kai Trewin,Australia,DF,0,1,0,0,1,0,0.0,0.0,0,0,7,22,4,0,1,0,0,0,0,31,87,2,0,1,0,0,0,,,,18,3,10,5,2,16,2,7,14,73,1.6,98,41,8815.94,,,,,,,Round of 16,0.0,81.0,754.0,0.0,False,,,None,1.0,1.0,8.815940000000001,1.6,81.0,0.025245580755329095,0.01931746867513036,0.022883534717856806,0.43874161923208765,0.07675883055567671,0.13859517208188765,0.08381123975453383,0.7364350544870332,14.79897988053971,0.5584281579547208,0.09127248426926672,33.866466201777826,2.2477970084508034,9.389434514997806,1.6480560418268357,0.20891484641252092,0.40736350873862204,6.291709768372855,2.37316635806411,0.6090828535917292,16.868708667160817,43.82927180552561,3.867607536547902,8.815940000000001,636.0,53.948038501102324,None,1.0,1.0,48.259974666048436,56.73092525252075,42.75420639228847,45.940797275945386,41.464135738231164,34.53316586321687,636.0,53.948038501102324,None,1.0,1.0,,,,,,,,,,,,,,,,,,,,,,,
504931,285023_43976,Lucas Herrington,Australia,DF,0,0,0,0,0,0,0.0,0.0,0,0,4,11,4,2,0,0,0,0,0,106,95,0,0,0,0,0,0,,,,34,0,0,34,7,27,0,3,41,232,2.98,210,41,23286.35,,,,,,,Round of 16,0.0,232.0,1026.0,0.0,False,,,None,1.0,1.0,23.28635,2.98,232.0,0.022689612945395433,0.0173616876383795,0.020566710292893052,0.2039309341650926,0.06898744664774077,0.12456321924678627,0.07532584054746663,0.2810939903356681,27.579968607455505,0.3114999088981211,0.08203167757181426,60.70979816919851,1.4490487062584847,6.344511827750803,1.4811999796628914,0.5685447467272933,0.1757296743503703,10.795258535513371,1.5617251404237558,0.16663545701598104,15.160850299144837,60.715567026255066,6.231065669135035,23.28635,638.0,53.89128260606162,None,1.0,1.0,32.38318854723764,34.192663225196625,58.700061877794994,35.00800517137403,72.40203937521473,37.97211290625297,638.0,53.89128260606162,None,1.0,1.0,,,,,,,,,,,,,,,,,,,,,,,
404319,285023_43976,Ajdin Hrustic,Australia,FW,0,3,0,2,1,0,0.11,0.0,1,0,5,40,2,1,0,0,0,0,0,31,87,5,40,0,0,0,0,,,,51,14,32,5,27,24,2,15,30,80,3.74,183,58,11460.39,,,,,,,Round of 16,0.0,90.0,777.0,0.0,False,,,None,1.0,1.0,11.46039,3.74,90.0,0.02528061974617542,0.01934427988674961,0.046249819143412,0.8636146287217771,0.07686536611084105,0.5630516005978147,0.29605959788577735,1.3738532747081484,14.819519765345477,0.34707118040194673,0.09139916369771113,35.39839458175608,1.8266527150202134,13.220842971064659,1.2260793524833382,0.4213368390571082,0.19579686467382013,9.694554743878498,4.709912514605881,0.6099282153498322,20.498365765834325,61.92132649940975,4.4339480467753205,11.46039,449.0,63.66045257536375,None,1.0,1.0,61.72777617004787,62.50974506128442,48.08550008295215,47.22069503578978,54.40705043583405,43.355335577169576,449.0,63.66045257536375,None,1.0,1.0,40.799970143404956,47.17868933328275,57.57445274721022,71.88682836057602,54.463991807176036,45.88915898769479,C,C,B,A,B,C,42.255415282075475,C,43.30251558804558,31.462570681070133,,,None,1.0,35.21284606839623,59.57491349480968,110.0
406606,285023_43976,Awer Mabil,Australia,FW,0,1,0,0,1,0,0.03,0.0,0,0,1,20,0,0,1,0,0,0,0,8,63,1,0,0,0,0,0,,,,17,7,9,1,10,7,0,3,4,20,1.75,55,20,3742.93,,,,,,,Round of 16,0.0,31.0,618.0,0.0,False,,,None,1.0,1.0,3.74293,1.75,31.0,0.022071631835709968,0.01688881950181856,0.025562702736752548,0.38358172800797,0.06710848384055947,0.12117057801304744,0.07327424334122339,0.45864314801605266,8.678690740167841,0.30301580386596155,0.07979743817525912,19.792802867797924,0.8539666267252872,7.838556860844042,0.7000371004087121,0.18264945535300073,0.35614856617168283,3.648646267759547,2.815625351569848,0.16209692368412099,10.858617351335905,30.35510632776859,2.4418130870199426,3.74293,894.0,21.518802231027003,None,1.0,1.0,26.59227966260442,24.451492291825193,14.774582953282579,16.010222074032164,13.427971471429908,13.520227586272501,894.0,21.518802231027003,None,1.0,1.0,41.97557357318131,47.04587712973854,25.17831911546699,51.576409887716466,24.684406701889603,21.118585938530536,C,C,E,C,E,E,37.948803244753606,C,47.74337571581093,60.391260162601625,,,None,1.0,31.62400270396134,48.17231833910034,202.0
448015,285023_43976,Cristian Volpato,Australia,FW,1,4,0,2,2,0,0.28,0.0,7,0,11,64,4,1,2,0,0,0,0,66,79,13,23,9,56,0,0,,,,75,17,52,6,43,32,1,58,70,188,5.16,322,94,20702.13,102.0,287.0,7.0,5.310310363769531,5.022198677062988,7.174224853515625,Round of 16,0.0,180.0,952.0,0.0,True,106.0,5.733072233200073,B,1.1,1.1,20.70213,5.16,180.0,0.023834796873492232,0.018237961980121585,0.07760474765994403,1.0142236804014282,0.27246936215381645,0.5308501399208724,1.4791276657338608,2.895281289201969,20.971977226671815,2.1272218469555146,0.08617195792724115,54.97392646916916,2.9221846955514814,17.26473029045643,1.555958699218373,0.3972401814146483,0.5845990543278973,17.14011386664093,5.040548103830936,0.3750458361478336,26.52604458168484,86.17998649039852,6.028714308404902,20.70213,269.0,73.34741164410546,B,1.1,1.1,62.20196862211568,76.40656277690306,69.42731270646675,68.55416386582213,62.71395686390292,63.203203988523505,269.0,73.34741164410546,B,1.1,1.1,37.05856557721196,36.971122832315125,78.1171456010528,57.96240299422723,74.01338648915548,68.69994535210206,C,C,A,B,A,B,42.57041918903148,C,45.84824624194703,44.90106544901066,92.0,5.840673542022706,BL-B,1.05,37.24911679040255,57.61634948096886,124.0
321697,285023_43976,Mathew Leckie,Australia,FW,0,1,0,1,0,0,0.1,0.0,0,0,2,30,4,1,1,0,0,0,0,10,70,1,0,0,0,0,0,,,,7,3,3,1,6,1,1,9,14,33,1.64,100,31,7358.47,,,,,,,Round of 16,0.0,67.0,722.0,0.0,False,,,None,1.0,1.0,7.3584700000000005,1.64,67.0,0.02500787072515983,0.019135577194555494,0.04365240268482858,0.4346104691288303,0.07603607657730782,0.34713354481086234,0.08302208094992332,0.5196574788824103,10.252923257994981,0.3433266786599877,0.09041307108327015,25.153847842615434,1.1774151021742052,10.979771452067542,1.6325381000840775,0.4167910956566516,0.40352781199270044,6.232467616910743,2.3508208453171697,0.3935044144146,14.6114407628497,43.83626622020061,3.525350085985547,7.3584700000000005,773.0,43.66460646059673,None,1.0,1.0,53.207987863860936,44.89661223854859,28.162564035396226,34.48791173722517,29.999229548691165,27.105695651224003,773.0,43.66460646059673,None,1.0,1.0,46.4633930154228,50.404128562213046,32.6387393772845,51.66099257786894,27.855601477634323,37.75792865622703,B,B,D,B,D,D,41.80087471596666,C,44.02466477439562,46.201688138605064,,,None,1.0,34.83406226330555,54.9205017301038,142.0
498806,285023_43976,Mohamed Toure,Australia,FW,1,4,0,4,0,1,0.26,0.0,0,0,3,86,5,4,2,0,0,0,1,16,75,2,0,2,50,0,0,,,,25,18,7,0,16,9,6,17,25,53,4.76,217,79,19508.03,,,,,,,Round of 16,0.0,182.0,959.0,0.0,False,,,None,1.0,1.0,19.508029999999998,4.76,182.0,0.023790619806724256,0.018204158475590624,0.07346832351212888,1.012343847840464,0.27196434852739515,0.9291248376663354,0.07898100502637201,0.693992606604897,10.95164100257508,0.7258739635118839,0.08601224083969537,27.92207765233425,1.3197340666711517,21.624575375705877,1.7527040834937702,0.9953918272494378,0.583515517866789,8.125026414639802,5.2308349082575685,1.3724972307607204,23.482439777843304,65.05917737965152,5.7791629164488665,19.508029999999998,539.0,59.16019513090549,None,1.0,1.0,60.84403799890369,50.30831404689952,41.84965072792582,49.371814442538884,45.874594371502376,46.33461847991345,539.0,59.16019513090549,None,1.0,1.0,37.48775413093982,35.9086252039616,54.20711543532269,30.853650800363702,57.79232654255515,58.50528577081802,C,C,C,E,B,B,34.576050997488,C,59.070087036188724,58.959440087697104,,,None,1.0,28.813375831239995,49.23840830449827,194.0
486306,285023_43976,Nestory Irankunda,Australia,FW,3,6,17,4,2,1,0.81,1.23,0,0,13,116,3,4,5,0,0,0,0,44,73,1,0,1,100,1,0,,,,55,34,20,1,36,19,6,43,51,124,5.66,263,129,27279.0,73.0,300.0,294.0,5.588837623596191,4.942816257476807,5.164575099945068,Round of 16,1.0,285.0,133.0,0.0,True,162.3,5.385868787765503,C,1.0,1.0,27.279,5.66,285.0,0.202789878869679,0.01652323120640168,0.16634225356346904,1.2812585569764043,0.6092438816464127,0.8433317328541435,0.07168809306481151,0.4487150078834775,15.01388211917394,0.47765251862061486,0.2592661082841524,38.20873947930118,3.009833329776485,25.063696006723884,1.2284716416196564,0.9034797914255953,1.0732232078824708,12.085878124895824,7.646968887223444,1.245764208458949,30.373930303347183,67.38678999602207,6.653598096775756,27.279,307.0,71.45012589476399,C,1.0,1.0,78.06772673026589,47.46595723298508,48.912659015330455,67.7422788711676,53.42186778162288,59.184161952808225,307.0,71.45012589476399,C,1.0,1.0,78.22334599128561,63.950973323720284,73.32256043427041,40.470702670698444,71.69086719578655,79.61068083743193,A,A,A,D,B,A,63.058208998874356,A,80.96339113680153,53.08521057786484,162.0,5.396956729888916,BL-B,1.05,55.17593287401507,78.8259948096886,55.0
491166,285023_43976,Nishan Velupillay,Australia,FW,0,0,0,0,0,0,0.0,0.0,0,0,1,57,4,1,0,0,0,0,0,12,50,0,0,0,0,0,0,,,,12,5,6,1,8,4,0,6,10,35,3.37,140,53,9830.13,,,,,,,Round of 16,0.0,88.0,767.0,0.0,False,,,None,1.0,1.0,9.830129999999999,3.37,88.0,0.025279023898574414,0.019343058772593378,0.0229138488285499,0.22720418240823967,0.0768605139588234,0.1387787708763842,0.08392226557421466,0.3131733325086547,10.788330052636866,0.3470492714172706,0.09139339409484595,25.85082109096848,0.9780628331543167,16.826025339570055,1.650239242713252,0.4213102420278195,0.19578450493106414,5.451569902855721,2.8005474087473288,0.1856524265263724,19.43647858236916,52.796316026548915,4.08785961264662,9.830129999999999,771.0,43.86102628000532,None,1.0,1.0,47.5672528183547,46.46007794110027,28.319612849773467,37.209826493318744,28.781925803100705,30.695287255015675,771.0,43.86102628000532,None,1.0,1.0,30.07958648615868,32.98675672598946,25.175926441096998,35.46340741367279,42.97940821476903,43.31693896395123,D,D,E,D,C,C,28.627205522390664,D,44.08047459375806,62.08163265306123,,,None,1.0,23.85600460199222,44.36922577854671,224.0
518200,285023_43976,Tete Yengi,Australia,FW,1,1,0,1,0,0,0.1,0.0,0,0,1,17,2,3,0,0,0,0,0,5,60,1,0,2,0,0,0,,,,11,6,5,0,6,5,2,8,8,17,3.74,59,20,4138.21,,,,,,,Round of 16,0.0,33.0,630.0,0.0,False,,,None,1.0,1.0,4.13821,3.74,33.0,0.022402207997944994,0.017141770492354668,0.03910409707819426,0.3893267937327072,0.25609260932387645,0.31096441433908584,0.0743717026652425,0.4655124403653945,8.244738120830736,0.6835122263729273,0.08099259814641652,19.525311005016995,0.8667568459642151,7.392021201174543,1.0864798787408205,0.7493221135118296,0.17350374048610837,4.455209639001839,2.6698171496044836,0.5404827445398939,11.02125145460033,31.561663643239182,2.552689498456586,4.13821,828.0,34.86862747307614,None,1.0,1.0,45.203713490841466,38.78369625294586,23.377247594317364,22.173308654227775,25.23405300151359,19.69872475841804,828.0,34.86862747307614,None,1.0,1.0,54.38472088748728,54.046977573710784,37.871175157178705,53.437229071070604,33.4135547346476,34.98115589726195,B,B,D,B,D,D,46.73648315947896,B,48.08000754788187,76.9692077038404,,,None,1.0,38.947069299565804,57.0804714532872,128.0
494557,285023_43976,Patrick Beach,Australia,GK,0,0,0,0,0,0,0.0,0.0,0,0,0,0,0,0,0,0,0,0,0,122,65,0,0,3,0,0,0,14.0,91.0,76.0,16,0,0,16,8,8,0,0,1,208,2.62,23,5,19047.75,,,,,,,Round of 16,0.0,435.0,1266.0,0.0,False,,,None,1.0,1.0,19.04775,2.62,435.0,,,,,,,,,,,,,,,,,,,,,,,,,,,,,,,,,,,,,,,,,,,,,,,,,,,,,,,,,,,,,,,
430440,285023_43976,Aiden Oneill,Australia,MF,0,2,0,1,1,0,0.07,0.0,4,0,25,105,15,2,8,0,0,0,0,172,83,8,50,12,42,3,33,,,,138,6,61,71,103,35,1,23,103,388,6.97,648,186,47323.13,,,,,,,Round of 16,0.0,406.0,1238.0,0.0,False,,,None,1.0,1.0,47.32313,6.97,406.0,0.019485892711391773,0.01491025798563986,0.02910829475914027,0.5021522440751048,0.059246580673098063,0.270483124495052,0.7187217690601766,1.549467698647383,34.47726565608367,2.2296121335542374,0.5609728173771846,77.64495545653406,4.6781131655579795,20.818427989886178,3.070645352248996,0.48826755939006466,1.458980577432944,19.408485594272673,2.322260847725324,0.30661486077771366,36.728825058270736,123.75914890570854,9.281458170144225,47.32313,124.0,82.06328275390837,None,1.0,1.0,46.52052010702723,59.7422142448373,73.90014840592842,81.24414109402251,62.32525851758813,85.60976464038632,124.0,82.06328275390837,None,1.0,1.0,,,,,,,,,,,,,,,,,,,,,,,
430452,285023_43976,Connor Metcalfe,Australia,MF,2,5,20,1,4,0,0.11,9.21,3,0,28,180,11,1,0,0,0,0,0,80,81,8,13,7,71,1,0,,,,140,34,89,17,80,60,2,37,64,199,6.49,513,175,38524.77,,,,,,,Round of 16,1.0,354.0,151.0,0.0,False,,,None,1.0,1.0,38.52477,6.49,354.0,0.19088586681340103,0.015553297477036038,0.03718604153827057,1.0354875246219284,0.4029209264924013,0.28214833719452787,0.5791587142004457,1.6162920904072458,20.27269460407593,1.4729713343966322,0.24404687300475172,48.75781007079631,5.39154645578558,34.508241009684575,2.5208356629367947,0.3387656317141088,0.15742570409296264,13.593697204540439,7.1980825308881276,0.49039793822832356,36.43668531167855,106.07100355749263,8.181097841663263,38.52477,150.0,79.9230658871039,None,1.0,1.0,59.682283330028966,59.47371436485883,63.197358397563875,75.62926548717324,57.93038469549137,81.8265970378864,150.0,79.9230658871039,None,1.0,1.0,,,,,,,,,,,,,,,,,,,,,,,
355775,285023_43976,Jackson Irvine,Australia,MF,1,3,0,3,0,1,0.21,0.0,0,0,7,80,11,3,3,1,0,0,0,124,83,2,50,2,0,2,100,,,,100,19,43,38,69,31,2,25,67,279,7.47,495,125,31483.15,,,,,,,Round of 16,0.0,255.0,1048.0,0.0,False,,,None,1.0,1.0,31.483150000000002,7.47,255.0,0.02220189078011761,0.01698849132567704,0.05924722866900242,0.7584417571841148,0.2538026672337655,0.6807800825524483,0.07370668194209085,0.6476480301575036,30.340492713965784,0.677400361526811,0.45286464019590494,68.16082939761245,1.9767952324473785,19.062705218964457,2.753447933243039,0.7426217864258124,0.730846694554576,15.406961658073742,5.067819768985193,0.5356498280845217,30.48400501687889,112.50542988542,7.624174994731778,31.483150000000002,227.0,74.91847155954467,None,1.0,1.0,54.68577944851827,55.155026371180625,61.79903407156182,62.665890493173,63.960099737594724,74.95531975245811,227.0,74.91847155954467,None,1.0,1.0,,,,,,,,,,,,,,,,,,,,,,,
498421,285023_43976,Paul Okon Engstler,Australia,MF,0,0,0,0,0,0,0.0,0.0,1,0,9,78,5,3,2,0,0,0,0,89,87,1,100,6,83,2,100,,,,52,1,26,25,34,18,0,6,41,204,7.39,365,108,25987.7,187.0,94.0,61.0,4.766956329345703,6.057460308074951,6.313321113586426,Round of 16,0.0,214.0,210.0,1.0,True,141.55,5.347123122215271,B,1.1,1.1,25.9877,7.39,214.0,0.023081937980726466,0.2113445786931618,0.020922328317833392,0.20745709440167107,0.07018030535840314,0.1267170360399396,0.27031098705688006,0.4796370642909986,24.764246807869096,1.4789821848006701,0.4708154653218464,56.336413101554754,2.4425175942406474,19.430954776853596,1.7004940301023463,0.7720581182557326,0.5661335897766684,10.981918845521541,1.7824115476485194,0.16951674290298707,28.399736144060977,91.7862141472042,6.862011471076326,25.9877,242.0,74.29511976427226,B,1.1,1.1,48.83549178154525,79.13414484562846,71.51121296022225,67.13905173776459,70.04175011992191,71.5724955636722,242.0,74.29511976427226,B,1.1,1.1,,,,,,,,,,,,,,,,,,,,,,,
316002,285023_43934,David Alaba,Austria,DF,0,2,0,0,2,0,0.02,0.0,1,0,5,28,9,2,0,0,0,0,0,222,89,1,0,5,80,1,0,,,,40,3,7,30,17,23,0,4,54,441,5.93,297,70,29617.98,,,,,,,Round of 16,0.0,302.0,235.0,1.0,False,,,None,1.0,1.0,29.61798,5.93,302.0,0.021264558546808837,0.19470415226503185,0.02284364572440223,0.5479885346645652,0.06465458894191674,0.11673984368207604,0.24902778158906572,0.44187236112287864,46.54598359397684,1.184100154869671,0.2553124486899444,94.18930450029919,1.5364719691696247,8.979394607607283,2.2803354981892485,0.5328364605583371,0.1646927145750822,12.43687408119016,1.9989373764641494,0.15616967289032885,19.383204709062223,72.42589835007483,6.969485501330989,29.61798,405.0,66.71202144778441,None,1.0,1.0,38.06239834736536,60.39554269222454,76.13461755155255,45.72976990219437,64.85395848576218,49.26080464172974,405.0,66.71202144778441,None,1.0,1.0,,,,,,,,,,,,,,,,,,,,,,,
405263,285023_43934,Kevin Danso,Austria,DF,0,1,0,1,0,1,0.06,0.0,0,0,2,23,8,1,2,0,0,0,0,164,90,1,0,1,0,1,100,,,,25,1,2,22,10,15,1,6,28,349,5.48,266,95,25685.71,,,,,,,Round of 16,0.0,284.0,1086.0,0.0,False,,,None,1.0,1.0,25.68571,5.48,284.0,0.021613571371920926,0.01653831979470872,0.03047303553030758,0.37562111931622566,0.06571575749114417,0.3000173716832715,0.07175355678127593,0.4491247628482644,36.79097120663394,0.47808869857338926,0.25950286340311207,79.04996595995378,1.0176054420985536,8.219964958790417,2.136400900126214,0.36022035590951285,0.5301187776735682,7.925600367312109,1.6690227324674933,0.34009435827574025,24.23537633323871,67.99241034347652,6.370712542469331,25.68571,603.0,55.820450566165825,None,1.0,1.0,37.56576705901854,38.46483436892931,62.69340969432528,39.010797068145166,51.807800941857764,50.07784401370113,603.0,55.820450566165825,None,1.0,1.0,,,,,,,,,,,,,,,,,,,,,,,
463287,285023_43934,Marco Friedl,Austria,DF,0,0,0,0,0,0,0.0,0.0,0,0,0,4,1,0,0,0,0,0,0,31,97,0,0,0,0,0,0,,,,1,0,0,1,0,1,0,1,0,64,1.36,30,12,2757.1,,,,,,,Round of 16,0.0,30.0,614.0,0.0,False,,,None,1.0,1.0,2.7571,1.36,30.0,0.02189365892360242,0.016752637799841527,0.01984522792066942,0.19677701542671,0.06656735972317981,0.12019352834172016,0.07268340209455054,0.27123318342600566,12.834080588674786,0.3005724591495376,0.07915399764687028,27.716521269646382,0.6633690015556295,4.8359635668723495,0.8781041355974076,0.18117667546495284,0.16956505878887215,2.884378765315572,1.506939657328602,0.16078986756038377,9.301365876675822,25.517546986082426,2.2410151788077646,2.7571,841.0,30.376698206201556,None,1.0,1.0,19.926150856331397,21.061588775200963,36.28228533165345,16.955143247503212,43.14424011800334,16.57968166846613,841.0,30.376698206201556,None,1.0,1.0,,,,,,,,,,,,,,,,,,,,,,,
372243,285023_43934,Philipp Lienhart,Austria,DF,0,1,0,1,0,0,0.1,0.0,0,0,1,11,4,0,0,0,0,0,0,140,91,0,0,3,67,1,100,,,,21,0,1,20,10,11,0,1,18,295,3.03,212,58,20886.37,,,,,,,Round of 16,0.0,207.0,997.0,0.0,False,,,None,1.0,1.0,20.88637,3.03,207.0,0.02323633826468828,0.017780032113465932,0.040560110294819235,0.40382309973684577,0.07064975723393076,0.3225429529324301,0.07714088006900562,0.2878671865989722,34.873792617049666,0.9039405956183675,0.2789865779666379,74.45628336836025,0.8990299200822673,6.49738817972437,1.5168907397374076,0.19228775470859452,0.1799640287463509,6.570878979126697,1.5993562220160544,0.1706506785916783,18.840794473809947,62.56851626759932,5.913264472599188,20.88637,647.0,53.32058234399011,None,1.0,1.0,40.24099508597843,40.080962883575424,68.12105240014631,33.08691301401329,46.26261642676428,39.682163533407184,647.0,53.32058234399011,None,1.0,1.0,,,,,,,,,,,,,,,,,,,,,,,
463288,285023_43934,Phillip Mwene,Austria,DF,0,1,0,1,0,0,0.0,0.0,0,0,3,32,8,1,1,0,0,0,0,64,88,6,0,2,50,0,0,,,,33,10,13,10,5,28,8,21,16,149,3.4,189,76,17929.88,,,,,,,Round of 16,0.0,160.0,917.0,0.0,False,,,None,1.0,1.0,17.92988,3.4,160.0,0.0242693949563284,0.018570508691279627,0.02199868354968569,0.42177653760945455,0.0737907514664074,0.3368827835921764,0.08057046098862061,1.5225458967015482,20.947081823128606,0.7404818391493202,0.08774319714980268,48.03408475422491,1.3462931004559535,11.062835228368268,2.3989166962743593,0.40448336549482383,0.39161174306859303,6.4557180123792,3.7069290020947427,1.807411604626193,23.344072688872014,60.666353957323714,5.574080756852052,17.92988,568.0,57.833171979556916,None,1.0,1.0,43.36600847018515,56.19845947068346,54.41909285414742,44.588700831020134,46.63168616378684,44.135723098137916,568.0,57.833171979556916,None,1.0,1.0,,,,,,,,,,,,,,,,,,,,,,,
441067,285023_43934,Stefan Posch,Austria,DF,0,3,0,3,0,1,0.4,0.0,0,0,10,103,29,7,3,2,0,0,0,132,74,2,0,11,36,0,0,,,,96,30,47,19,13,83,4,26,88,274,6.43,479,164,39797.88,,,,,,,Round of 16,0.0,370.0,1206.0,0.0,False,,,None,1.0,1.0,39.79788,6.43,370.0,0.020057739982793886,0.015347825330963741,0.08550362817847434,0.6851951353312479,0.0609852741986972,0.6150336481039851,0.06658844852587444,0.5851013284373543,28.756806174959102,2.1267375994063915,0.07251644455317789,60.73665566942059,2.290805040140144,21.092768089161066,5.517047853388773,1.3441284362072912,0.6602650698465607,17.453465760946937,6.429764348573429,0.8205320966888362,34.103956038096854,98.9472999800432,8.28729117064553,39.79788,196.0,76.73748269423362,None,1.0,1.0,51.157393921194995,55.10613035019711,64.00003657838779,71.55981293346028,60.6380190608815,79.93268082751037,196.0,76.73748269423362,None,1.0,1.0,,,,,,,,,,,,,,,,,,,,,,,
299200,285023_43934,Marko Arnautovic,Austria,FW,3,3,67,3,0,0,1.31,1.53,0,0,5,35,1,3,1,1,0,0,5,32,78,1,0,0,0,0,0,,,,25,17,8,0,19,6,5,25,30,75,5.44,156,57,15762.88,36.0,357.0,329.0,6.069469928741455,4.315974235534668,4.984841346740723,Round of 16,2.0,173.0,38.0,0.0,True,157.39999999999998,5.5352884292602536,C,1.0,1.0,15.76288,5.44,173.0,0.42657109536453724,0.018355707168138412,0.28543571399116474,0.819480348906446,0.6768108577424495,0.7355685447092418,0.07963851787234653,0.49847884979464135,14.263472215253511,0.32933440744527703,0.08672828836586033,32.582934145745625,1.7333032054484987,11.538747158409294,0.962130416041693,0.8023872036070155,0.38708204491710296,9.199122895549747,5.073090132640971,1.1826319904043463,19.24952327506863,53.322027913515875,5.073408378647365,15.76288,530.0,59.5934143944777,C,1.0,1.0,81.9547938424079,43.62739311783012,40.72434284444367,42.55581573450301,47.13535577465957,39.7628174498744,530.0,59.5934143944777,C,1.0,1.0,91.24828557833159,76.92862292718097,59.20006386329385,43.6975323000148,39.63278592589883,44.95637590216142,S,A,B,C,C,C,70.05811668828376,A,65.8007927806359,45.47598830078309,156.0,5.568731784820557,BL-B,1.05,61.30085210224829,81.19826989619378,50.0
401131,285023_43934,Michael Gregoritsch,Austria,FW,0,1,0,1,0,1,0.18,0.0,0,0,9,110,3,1,1,0,0,0,2,29,69,0,0,2,0,0,0,,,,35,23,12,0,25,10,1,21,25,62,4.45,213,86,20132.08,,,,,,,Round of 16,0.0,207.0,207.0,1.0,False,,,None,1.0,1.0,20.132080000000002,4.45,207.0,0.02323633826468828,0.21275831020007696,0.05615837254174812,0.40382309973684577,0.07064975723393076,0.3225429529324301,0.07714088006900562,0.2878671865989722,13.231203749435844,0.7089623175317563,0.08400829988002687,29.026344574179866,2.458856144775156,25.800237710298862,1.3219124616507965,0.38726603279520555,0.374942306832962,7.935726925732974,6.083856618008109,0.3656289566782893,24.30018626023506,62.76349454568593,5.766194307221238,20.132080000000002,596.0,56.361627586208904,None,1.0,1.0,44.81615284824534,52.97495338946254,40.05629827640707,59.50648203627223,38.28471399053052,45.834485331824496,596.0,56.361627586208904,None,1.0,1.0,20.82404202315752,38.18540583614769,40.25395335560486,49.08122052821891,56.43904758421419,71.8845987148322,E,C,C,C,B,B,29.446339637874907,D,36.50190114068441,55.38250114521301,,,None,1.0,24.538616364895756,45.06522491349481,221.0
463286,285023_43934,Patrick Wimmer,Austria,FW,0,1,0,1,0,1,0.12,0.0,0,0,4,15,6,3,1,0,0,0,0,13,54,0,0,2,100,0,0,,,,17,10,6,1,4,13,0,11,14,32,3.34,54,23,4379.3,,,,,,,Round of 16,0.0,39.0,644.0,0.0,False,,,None,1.0,1.0,4.3793,3.34,39.0,0.023221034297854812,0.017768321790666234,0.04443039372969547,0.40355713290271883,0.07060322573963143,0.3223305190025304,0.07709007337749371,0.2876775908965009,10.10489160849419,0.70849537925301,0.0839529701537828,23.16173134872491,1.4829873822999229,7.272508300320466,1.9055914040639592,0.7767106929636312,0.3746953615284621,5.787151808448453,3.546801461356958,0.17053828427655318,12.008640371779858,31.74102920753542,2.6929695694286453,4.3793,814.0,36.72163361129621,None,1.0,1.0,40.08079377999002,34.27572369730378,26.492950250837698,33.210174877835165,28.179068881120156,21.815778296188792,814.0,36.72163361129621,None,1.0,1.0,54.95386223047426,59.3974120593481,44.44377248217754,52.25307140893617,33.71529936725065,41.73403433395519,B,B,C,B,D,C,49.09989025471088,B,49.06666666666667,72.8062015503876,,,None,1.0,40.91657521225906,61.79662629757786,98.0
430100,285023_43934,Sasa Kalajdzic,Austria,FW,1,3,33,2,1,2,0.39,2.58,0,0,8,40,2,2,2,0,0,0,0,24,67,1,0,2,0,1,0,,,,17,9,8,0,13,4,0,28,17,61,4.82,137,62,9643.92,,,,,,,Round of 16,1.0,88.0,90.0,0.0,False,,,None,1.0,1.0,9.64392,4.82,88.0,0.23739766734871742,0.019343058772593378,0.10564011977410569,0.8635601127586686,0.28897915740896646,0.5630160577766703,0.08392226557421466,0.5252919759587977,13.33375377403858,0.7712865583175567,0.30351203754498896,31.365905820672197,2.462893337305318,13.220008400917626,1.2260019558129658,0.6334288854779626,0.6200217918313502,6.936400407006722,3.6490219825479007,0.1856524265263724,21.345546373420444,52.15996009619848,4.048361000049769,9.64392,499.0,61.0780828551749,None,1.0,1.0,71.39826521991213,57.27644166626584,41.91102351444921,52.45251822026985,41.05819385909258,39.70900975637852,499.0,61.0780828551749,None,1.0,1.0,76.41328991686804,73.6652373543809,51.05507483374983,44.55604660506227,46.454043378076875,60.370851941884794,A,A,C,C,C,B,63.25284508000881,A,60.720662230157444,62.29368544350974,,,None,1.0,52.71070423334068,78.15793685121108,56.0
371739,285023_43934,Alexander Schlager,Austria,GK,0,0,0,0,0,0,0.0,0.0,0,0,0,0,0,0,1,0,0,0,0,123,86,0,0,0,0,0,0,15.0,85.0,74.0,64,0,0,64,48,16,0,0,2,247,3.4,81,20,23367.49,,,,,,,Round of 16,0.0,412.0,1252.0,0.0,False,,,None,1.0,1.0,23.36749,3.4,412.0,,,,,,,,,,,,,,,,,,,,,,,,,,,,,,,,,,,,,,,,,,,,,,,,,,,,,,,,,,,,,,,
463282,285023_43934,Alexander Prass,Austria,MF,0,0,0,0,0,0,0.0,0.0,0,0,0,5,0,0,0,0,0,0,0,25,88,3,0,3,33,0,0,,,,21,11,7,3,7,14,1,8,8,54,3.55,61,28,4686.43,,,,,,,Round of 16,0.0,41.0,649.0,0.0,False,,,None,1.0,1.0,4.6864300000000005,3.55,41.0,0.023445505423113012,0.01794008309703789,0.021251879389395836,0.2107247855842546,0.07128572701521405,0.1287129771406528,0.07783528116175169,0.8806587458079267,12.563373748103425,0.9120776214963899,0.08476451960663935,27.713764431444456,0.7103893222128654,5.375475374964829,0.743611698318491,0.19401867645685422,0.18158401568589141,4.662694041672358,3.7778208001527465,0.3689202484917855,13.108391574169943,33.42499463144021,2.7794244743403818,4.6864300000000005,801.0,39.95103627614042,None,1.0,1.0,30.435046481887195,48.871834717657464,42.32900174015821,21.854859414476895,34.63526012231577,22.972601793861568,801.0,39.95103627614042,None,1.0,1.0,,,,,,,,,,,,,,,,,,,,,,,
463800,285023_43934,Carney Chukwuemeka,Austria,MF,1,2,0,2,0,0,0.56,0.0,0,0,7,51,4,2,2,0,0,0,0,30,83,0,0,0,0,0,0,,,,39,11,17,11,24,15,1,18,27,77,4.93,160,58,11569.81,,,,,,,Round of 16,0.0,108.0,834.0,0.0,False,,,None,1.0,1.0,11.56981,4.93,108.0,0.02517593764125601,0.019264179004847712,0.1411224443621475,0.6487849322838977,0.2878007187200423,0.5607201139760224,0.08358003589404829,0.31189623150705825,14.546901393613021,0.3456340264838021,0.09102069762607941,34.61805583770507,2.2415961773037663,15.489888052243964,1.643509671670722,0.6308458026285898,0.6174933822601503,9.020650576422373,4.05664877630337,0.3961489847631805,20.41348603988931,56.80608873724727,4.438703307558318,11.56981,495.0,61.416541353476376,None,1.0,1.0,67.60785697023901,46.54979419573097,44.856330947984986,54.72686892634117,50.46125973897762,41.55193488634055,495.0,61.416541353476376,None,1.0,1.0,,,,,,,,,,,,,,,,,,,,,,,
385248,285023_43934,Florian Grillitsch,Austria,MF,0,0,0,0,0,0,0.0,0.0,0,0,0,49,11,3,1,0,0,0,0,60,92,1,0,5,80,0,0,,,,31,2,10,19,22,9,0,3,16,133,3.44,142,41,11799.4,,,,,,,Round of 16,0.0,102.0,816.0,0.0,False,,,None,1.0,1.0,11.7994,3.44,102.0,0.025231195222369957,0.019306461121570532,0.022870495134965217,0.22677430523749517,0.07671509154655805,0.1385161972531727,0.08376348211475045,0.524298107685571,20.930349018129295,1.4049791865930217,0.09122047503472215,46.550206797511684,0.7644950001790152,15.100451523177842,3.129138100278421,0.8439477274824944,0.4071313833128651,6.711559219503174,2.160096762798702,0.18530116653189918,16.85909647535341,53.11985842024193,4.497053803133355,11.7994,433.0,64.8069019120511,None,1.0,1.0,46.47586266167247,61.995550164117994,63.61987068688326,47.18179052222145,63.74839392855501,41.37935652244923,433.0,64.8069019120511,None,1.0,1.0,,,,,,,,,,,,,,,,,,,,,,,
385259,285023_43934,Konrad Laimer,Austria,MF,0,1,0,0,1,0,0.01,0.0,0,0,19,149,32,6,3,1,0,0,3,150,87,7,14,8,63,0,0,,,,167,57,78,32,76,91,10,42,113,336,6.21,442,194,42644.73,,,,,,,Round of 16,0.0,412.0,254.0,1.0,False,,,None,1.0,1.0,42.64473,6.21,412.0,0.019394735338998666,0.17758353620517964,0.019207540808439255,0.3370600846809136,0.05896941797404047,0.10647474137523152,0.06438738047764739,1.3794760703748838,30.735630155787796,1.5682096163700951,0.07011942776407208,68.81908535472814,3.6797702027758294,27.88173018519221,5.822912014093893,1.1369555053221256,0.638440138033726,20.945120643943845,10.611291570542543,1.7698677511782583,37.858947396182195,89.65512435359938,8.476661389153572,42.64473,55.0,88.32334514533919,None,1.0,1.0,46.94909190378417,75.50607525483197,76.6972924851737,83.41451578933612,77.25561651201215,81.05223720802823,55.0,88.32334514533919,None,1.0,1.0,,,,,,,,,,,,,,,,,,,,,,,
358241,285023_43934,Marcel Sabitzer,Austria,MF,2,5,20,1,4,0,0.46,2.19,9,0,26,137,10,2,3,1,0,0,1,126,75,30,33,16,69,1,100,,,,121,47,66,8,48,73,7,80,76,324,6.03,488,233,41363.96,98.0,351.0,88.0,5.3412275314331055,4.5325117111206055,6.158299922943115,Round of 16,1.0,412.0,159.0,0.0,True,133.45,5.424188256263733,B,1.1,1.1,41.36396,6.03,412.0,0.1821377655560376,0.014840505988140677,0.09244190440610679,0.9880322055490695,0.3844554784081184,0.2692177715922705,1.5290746524309984,5.12256576536678,26.829797430578857,2.8701538581064074,0.23286245798111108,66.86616899212368,4.818971414295102,25.92881382258774,2.242565349319036,0.48598338445396977,0.638440138033726,14.923628525913404,8.983861268372152,1.2816386605271415,44.20592557464672,97.14130374358315,8.268224998342493,41.36396,82.0,85.93418920840347,B,1.1,1.1,76.28108561673994,72.37526443989289,76.19543198630744,86.49087089758487,67.57344727699378,91.18432445939358,82.0,85.93418920840347,B,1.1,1.1,,,,,,,,,,,,,,,,,,,,,,,
441088,285023_43934,Nicolas Seiwald,Austria,MF,0,3,0,2,1,0,0.05,0.0,0,0,16,64,19,1,1,0,0,0,0,153,92,3,33,2,100,1,100,,,,138,14,45,79,96,42,1,10,57,339,6.65,491,132,39640.15,,,,,,,Round of 16,0.0,361.0,1203.0,0.0,False,,,None,1.0,1.0,39.64015,6.65,361.0,0.020207659983755663,0.015462541445059997,0.026795193513682813,0.6903165725139008,0.06144110383724899,0.4500663121564236,0.06708615865052486,0.7590389789363899,32.532598151208326,0.6165545229537628,0.24262281962682503,72.21231020787779,3.325313622007041,14.637414418613979,3.862641027842306,0.33678887890335446,0.3260714559969901,12.327425264066056,3.7647934110788572,0.3179720295257682,28.932803965454323,101.72164607578362,8.322488491151036,39.64015,235.0,74.67608068862003,None,1.0,1.0,44.03647189585386,49.351406092592406,71.11001762091625,67.4419145160126,64.6736578667294,76.21015586228856,235.0,74.67608068862003,None,1.0,1.0,,,,,,,,,,,,,,,,,,,,,,,
520036,285023_43934,Paul Wanner,Austria,MF,0,1,0,1,0,1,0.08,0.0,0,0,18,146,20,4,1,0,0,0,0,80,85,1,0,4,75,1,100,,,,100,31,40,29,76,24,3,23,63,191,6.64,392,115,30227.02,152.0,229.0,87.0,4.892434120178223,5.320657253265381,6.158866882324219,Round of 16,0.0,270.0,1075.0,0.0,True,147.3,5.273275780677796,B,1.1,1.1,30.22702,6.64,270.0,0.02189365892360242,0.016752637799841527,0.03454216637736848,0.38048874613544836,0.06656735972317983,0.30390525905045856,0.07268340209455054,0.454944914134744,21.835955393402966,1.0354193819844912,0.2628657283556087,51.04791106965616,3.9701801543129203,30.923029327513195,4.368627019063436,0.9160235982999063,0.35327678949761054,14.45821779996609,7.202003309299492,0.7119250596865988,28.223674139675875,92.0211935026457,7.287561724438351,30.22702,203.0,76.40514720749015,B,1.1,1.1,54.64488586528503,59.57030299646052,67.36441831980328,88.84630879236494,74.21334531983517,74.70258861087001,203.0,76.40514720749015,B,1.1,1.1,,,,,,,,,,,,,,,,,,,,,,,
463283,285023_43934,Romano Schmid,Austria,MF,1,2,50,0,2,0,0.12,8.48,0,0,14,142,18,3,4,0,0,0,0,91,71,4,50,5,40,1,100,,,,131,45,71,15,81,50,6,46,76,220,6.71,439,161,31408.46,75.0,352.0,215.0,5.577136993408203,4.531900405883789,5.564599514007568,Round of 16,1.0,283.0,132.0,0.0,True,151.55,5.417217135429381,C,1.0,1.0,31.408459999999998,6.71,283.0,0.20316060594556082,0.016553437887442228,0.04139252832000514,0.5574917610642712,0.2473031069787401,0.11876434801783947,0.0718191485063631,0.9941171502519802,23.573111529916112,1.2046348397030708,0.25974008147618344,55.70520877404884,3.196862985538605,29.82922500570893,3.9536266084097997,0.7236041964998423,0.8936579266705186,16.646154656477393,9.657748618902009,1.2480416323856973,36.2383307846858,99.45878284276792,7.415371395346281,31.408459999999998,133.0,81.03203197978915,C,1.0,1.0,60.369757996002306,61.565991050341104,63.18020180138759,81.25867485314292,60.42910649621843,76.64398395973919,133.0,81.03203197978915,C,1.0,1.0,,,,,,,,,,,,,,,,,,,,,,,
385531,285023_43934,Xaver Schlager,Austria,MF,0,1,0,0,1,0,0.02,0.0,0,0,3,76,24,6,0,0,0,0,0,138,94,1,0,1,100,0,0,,,,112,2,48,62,92,20,0,8,61,301,6.62,371,91,28614.03,,,,,,,Round of 16,0.0,265.0,218.0,1.0,False,,,None,1.0,1.0,28.61403,6.62,265.0,0.021995485406328577,0.20139671981762225,0.023628850561481923,0.38225838321945754,0.06687696170102331,0.12075254336429775,0.07302144952708271,0.45706084371061545,32.6423511394604,0.48653657516605986,0.07952213954595715,71.5876110302347,1.2201528013782708,18.14721939603203,5.127209983598933,1.2894163177711546,0.17035369871379175,14.156330027732348,1.8830807024263367,0.16153769444161956,23.925353266781162,88.57329069571617,7.023752485715307,28.61403,263.0,73.53426527840598,None,1.0,1.0,43.6876088343243,53.787891511856714,68.85620242208324,54.653615258345475,86.57854991931302,60.13266282644215,263.0,73.53426527840598,None,1.0,1.0,,,,,,,,,,,,,,,,,,,,,,,
448346,285023_43935,Arthur Theate,Belgium,DF,1,5,0,3,2,2,0.25,0.0,0,0,3,10,6,1,0,0,0,0,0,164,93,0,0,0,0,0,0,,,,22,0,0,22,8,14,0,3,40,353,4.72,249,82,27207.18,,,,,,,Round of 16,0.0,268.0,1069.0,0.0,False,,,None,1.0,1.0,27.20718,4.72,268.0,0.02193427767514019,0.01678371854494532,0.06589518787878956,1.117404923021413,0.25074342689686574,0.6725742196598249,0.07281824977172045,0.271736395489591,37.33688266959812,0.3011301036291513,0.07930085005627606,80.95913473016282,1.216757432587999,5.94925100634956,1.7999960921620302,0.3655653744027615,0.16987964855280638,10.251832737678374,1.5097354443524624,0.1610881769340255,22.202302115946292,65.87240109477564,6.745272851122139,27.20718,546.0,59.03186710154999,None,1.0,1.0,47.214131040667056,35.74745313340615,62.72135399340476,37.22518013862219,62.74694083189198,49.515398593937384,546.0,59.03186710154999,None,1.0,1.0,,,,,,,,,,,,,,,,,,,,,,,
448360,285023_43935,Brandon Mechele,Belgium,DF,1,5,0,5,0,4,0.39,0.0,0,0,11,28,6,7,1,1,0,0,0,328,94,0,0,3,67,2,100,,,,54,5,5,44,26,28,1,9,66,700,6.32,564,162,47071.21,291.0,14.0,205.0,4.503785133361816,6.997425556182861,5.624760150909424,Round of 16,0.0,448.0,1276.0,0.0,True,227.95,5.158074951171875,C,1.0,1.0,47.07121,6.32,448.0,0.018871034041010856,0.014439779084012354,0.07886136364885656,0.9613531228260711,0.21572571545829253,0.8953427041563004,0.06264877697825466,0.2337868994554381,58.09175078142494,0.7341214246690896,0.3849232538681008,124.59970770172959,2.3136193338069444,7.968679948601881,1.5486166461444277,1.2646037637798375,0.30450361649333146,12.937171088473175,2.0906355283328786,0.2969399226874202,31.769515689652582,106.5527648412044,8.948699472101476,47.07121,172.0,78.18040406833295,C,1.0,1.0,49.76583383988352,43.97678361280053,78.5313785879844,51.892145733132125,84.48144764263752,81.39276894043576,172.0,78.18040406833295,C,1.0,1.0,,,,,,,,,,,,,,,,,,,,,,,
448373,285023_43935,Maxim De Cuyper,Belgium,DF,6,9,0,4,5,0,1.0,0.0,2,0,10,39,10,5,1,1,0,0,0,173,86,12,17,6,67,0,0,,,,101,39,35,27,34,67,7,33,56,391,6.62,443,167,36148.19,,,,,,,Round of 16,0.0,326.0,1187.0,0.0,False,,,None,1.0,1.0,36.14819,6.62,326.0,0.02081873974554826,0.015930128793152313,0.19356286493220293,1.759343652650717,1.111450985945938,0.8130602877791768,0.4184988120833854,2.354220176440719,37.01022379458315,1.3339670706756845,0.0752677513877514,83.47999406844816,2.377719223570512,10.712750325568162,2.4072194620763496,1.045741311834078,0.3359318588253325,12.525514695833165,8.245940381710023,1.3757394083999506,35.92195156746322,96.41249405470786,7.964143174422473,36.14819,127.0,81.58095564281408,None,1.0,1.0,60.54787980827817,62.28995724990168,76.01531689009786,60.52654736922908,68.4539845052222,78.59387798914115,127.0,81.58095564281408,None,1.0,1.0,,,,,,,,,,,,,,,,,,,,,,,
514166,285023_43935,Nathan Ngoy,Belgium,DF,0,1,0,1,0,0,0.02,0.0,0,0,2,15,9,4,1,0,1,0,0,144,97,0,0,2,50,3,100,,,,9,0,0,9,7,2,0,0,21,316,3.87,165,55,16948.34,,,,,,,Round of 16,0.0,173.0,942.0,0.0,False,,,None,1.0,1.0,16.94834,3.87,173.0,0.02398867550545073,0.018355707168138412,0.025770053182053877,0.41689792904735945,0.07293722795381982,0.3329861248501554,0.07963851787234653,0.2971876398650981,36.80808772736235,0.7319168273043635,0.6906019181544901,81.09411573876555,1.129429575659869,7.512922959818429,2.572460095478039,1.0036784135365588,0.38708204491710296,7.387502006183858,1.651139563838736,0.17617594075663007,18.846940855209546,55.13364880288176,5.312031056370442,16.94834,458.0,63.15292339129349,None,1.0,1.0,42.761941409854785,44.79176972093266,71.11055501128317,42.28583358827538,73.70343263201691,41.894284566765386,458.0,63.15292339129349,None,1.0,1.0,,,,,,,,,,,,,,,,,,,,,,,
358122,285023_43935,Thomas Meunier,Belgium,DF,1,2,0,1,1,0,0.11,0.0,0,0,17,48,9,9,0,0,0,0,0,116,84,8,38,8,38,2,50,,,,84,38,22,24,29,55,5,23,34,243,5.36,363,157,27147.57,132.0,58.0,71.0,4.96540117263794,6.329032897949219,6.249011516571045,Round of 16,0.0,226.0,212.0,1.0,True,105.65,5.490848517417908,B,1.1,1.1,27.147569999999998,5.36,226.0,0.02281949891468729,0.208941614354076,0.04174730320474994,0.5880594108978443,0.26086290338263574,0.3167568177283273,0.07575704093135051,1.8145474262493526,29.65265466540571,1.8451274025277393,0.4654623458784513,63.16361542544509,3.94659076330929,13.46561077494993,2.4470817633720165,1.912163145088456,0.1767356332947238,9.516691868431533,8.84692571729017,1.124992057830555,37.459380778727265,90.35965402671766,7.006083698588488,27.147569999999998,113.0,83.29285637946269,B,1.1,1.1,64.07777900848878,91.16708847723697,78.32113588305833,71.9972329822826,71.42483930844914,79.73126268669601,113.0,83.29285637946269,B,1.1,1.1,,,,,,,,,,,,,,,,,,,,,,,
411443,285023_43935,Timothy Castagne,Belgium,DF,0,2,0,2,0,1,0.09,0.0,0,0,20,74,17,5,0,1,0,0,0,179,92,15,27,2,100,1,0,,,,118,59,22,37,40,78,8,16,70,399,7.4,541,217,41305.11,288.0,49.0,107.0,4.512385368347168,6.395937919616699,6.025735378265381,Round of 16,0.0,343.0,1193.0,0.0,True,206.89999999999998,5.173255753517151,C,1.0,1.0,41.30511,7.4,343.0,0.02051625698569483,0.01569867437366932,0.03409054355099925,0.5287047731390474,0.06237938864881301,0.456939404573702,0.06811065072173993,2.836476355483776,37.505412229941264,0.6259701048404589,0.24632798265901448,83.64431458477044,4.064710736242762,16.582484822376152,3.5773208870902913,1.030547370127594,0.15889716442766882,14.753680625789766,11.569208682179404,1.5279046315808065,44.00772009374593,111.88275780105013,8.736212841250353,41.30511,87.0,85.15675076050118,C,1.0,1.0,52.08711351188582,58.40700792708221,75.9336335543271,69.73928486420954,82.69667974759456,85.70306100542945,87.0,85.15675076050118,C,1.0,1.0,,,,,,,,,,,,,,,,,,,,,,,
448362,285023_43935,Charles De Ketelaere,Belgium,FW,1,1,0,1,0,0,0.29,0.0,0,0,14,74,9,2,2,0,0,0,0,60,82,4,0,9,67,1,0,,,,118,74,41,3,85,33,8,44,56,147,4.82,241,119,22534.54,198.0,81.0,56.0,4.733177185058594,6.1466064453125,6.34481143951416,Round of 16,0.0,210.0,1006.0,0.0,True,144.95000000000002,5.348100137710571,B,1.1,1.1,22.53454,4.82,210.0,0.02317007072044883,0.01772932536908837,0.07738465919194307,0.40267143957327384,0.26487049265692025,0.3216230950288699,0.07692088255371676,1.064735104070374,19.22055862513281,2.067895979716041,0.27819093817232,45.46945333396218,3.423954855565467,18.72745824558175,2.4846758348211186,0.5805838125627607,0.5682952325450328,13.94018393330142,15.982039380094399,1.7255417687794012,30.646818027051832,68.02832197835369,6.216841348528104,22.53454,253.0,73.93187149910892,B,1.1,1.1,62.490395223911435,68.25069438535506,68.3594830078155,77.58070763950278,65.13990447387458,63.857446763223315,253.0,73.93187149910892,B,1.1,1.1,31.45112382089775,26.801502675217243,81.82073283129692,32.450149076991394,73.77564829377125,77.95239979648369,D,E,A,E,B,A,34.833215514981944,C,53.600370456124104,53.83263408549721,143.7,5.358010387420655,BL-B,1.05,30.4790635756092,51.27130190311418,174.0
448377,285023_43935,Dodi Lukebakio,Belgium,FW,1,5,0,3,2,0,0.21,0.0,0,0,4,30,0,0,1,0,0,0,0,38,74,3,33,3,67,0,0,,,,69,32,21,16,25,44,1,18,16,98,3.11,135,63,12292.4,,,,,,,Round of 16,0.0,121.0,857.0,0.0,False,,,None,1.0,1.0,12.292399999999999,3.11,121.0,0.02500628615101318,0.019134364706645708,0.06673094505438955,1.2739032333530316,0.2858613343157928,0.7667717006094882,0.08301682042036763,0.9392847030440085,16.127515719024977,0.972795151286864,0.09040734223827841,38.79120893381024,1.5970006488281066,10.979075740618523,0.7931143550892193,0.20693461090150178,0.40350224325294787,6.651732860184447,8.435744083013168,0.39347948078756195,21.32507735751431,51.17754126858387,4.560413614139706,12.292399999999999,576.0,57.45159491558525,None,1.0,1.0,62.680556385812714,63.65298041640567,44.2346551762522,40.39386937256285,36.531330839008575,38.74160181857409,576.0,57.45159491558525,None,1.0,1.0,44.78395954431371,45.546996546882724,40.28298212553492,51.78786661309762,44.60700047547639,33.78182297849888,C,C,C,B,C,D,40.41381139629693,C,60.92135225083203,57.7306468716861,,,None,1.0,33.67817616358077,52.61410034602076,165.0
448341,285023_43935,Jeremy Doku,Belgium,FW,1,3,0,3,0,0,0.14,0.0,0,0,9,72,13,1,10,0,0,0,0,61,84,8,38,11,73,0,0,,,,124,42,61,21,51,73,3,63,52,177,4.63,275,95,21630.17,106.0,335.0,9.0,5.278663158416748,4.7487406730651855,7.0913615226745605,Round of 16,0.0,212.0,1009.0,0.0,True,116.1,5.652349376678466,B,1.1,1.1,21.63017,4.63,212.0,0.023125969802864396,0.01769558013255616,0.048129543647941926,0.7900093441401181,0.2643663495359025,0.7091152635341472,0.07677447464918544,1.838917197182587,19.378027205307383,2.4520643674052525,0.08360927544112513,51.20447371053153,2.4471770167019753,18.303708873704192,3.2561552737249286,0.38542658822053266,2.1196308921742797,13.137442121670775,9.741950539198386,0.7519966164479606,25.931234204619145,74.49661343730735,6.029513522276638,21.63017,229.0,74.86671581374924,B,1.1,1.1,61.09381098881567,73.85273476988107,73.26223982861005,77.19168735371332,63.76124681194357,61.92706705940817,229.0,74.86671581374924,B,1.1,1.1,27.26187032907566,24.069365916593945,77.08178614021381,46.342855934533006,65.78398741816322,77.4059208170803,D,E,A,C,B,A,32.510170439519655,D,55.267962624852316,48.47493868310168,99.8,5.769480419158935,BL-B,1.05,28.446399134579703,49.285813148788925,193.0
448355,285023_43935,Leandro Trossard,Belgium,FW,4,13,15,8,5,0,1.53,1.31,0,0,19,119,8,3,7,0,0,0,1,164,87,8,50,9,56,3,67,,,,161,61,73,27,84,77,8,76,73,406,6.72,579,194,44881.63,45.0,192.0,27.0,5.911190509796143,5.435470104217529,6.809418678283691,Round of 16,2.0,401.0,35.0,1.0,True,62.55,6.064389491081238,B,1.1,1.1,44.881629999999994,6.72,401.0,0.347868268286294,0.17912182404177457,0.2688861251872371,2.3098129872610125,0.7160912893046077,1.4206191782244881,0.06494512544846798,1.5555783169613044,33.300011143270964,1.7459467358978138,0.5631851195597147,80.90591275648745,3.711645599928944,23.198668094859254,1.9336856692673852,0.6543458993050644,1.3005815780663197,14.560443681154524,11.359821176858025,1.4568934068286326,38.18689422915069,112.92067570740775,8.917282377339607,44.881629999999994,5.0,96.90697545124502,B,1.1,1.1,90.70468084495242,88.21068490900413,88.90347019887027,85.50563383881688,82.801368206696,93.74484319800295,5.0,96.90697545124502,B,1.1,1.1,88.3372675617425,89.1473456532463,87.18379807587638,78.1882387769343,97.09227899491606,85.20737935063222,S,S,S,S,S,S,87.78739051372983,S,59.98250218722661,49.1351229922498,54.300000000000004,6.133086919784546,BL-A,1.2,87.78739051372982,100.12906574394462,8.0
494025,285023_43935,Matias Fernandez Pardo,Belgium,FW,0,3,0,2,1,0,0.25,0.0,0,0,2,25,4,0,0,0,0,0,0,15,87,3,0,3,67,0,0,,,,21,15,5,1,8,13,2,18,9,43,5.86,83,52,7102.68,,,,,,,Round of 16,0.0,57.0,699.0,0.0,False,,,None,1.0,1.0,7.10268,5.86,57.0,0.024635368323638444,0.018850544992581642,0.07400983283754116,0.8415721086688114,0.07490348830385614,0.548680519117408,0.08178543330114785,0.925352308635841,11.133790145618457,0.9583656969561823,0.0890663316316159,26.846347748435004,1.159877025543547,9.782634944483519,1.6082207813671079,0.20386515325310514,0.1907994315915803,5.10604412999059,4.7964164481124385,0.594360675766098,18.734868473627163,39.66910683005546,3.4199622505035303,7.10268,656.0,52.89362543220031,None,1.0,1.0,57.171001225085675,57.20596825396383,41.691179240053685,36.276040576037325,38.51444550620764,33.05273140708953,656.0,52.89362543220031,None,1.0,1.0,58.741917726420276,65.65855879785984,35.12553733462672,68.11232581252247,35.810687246260194,34.610963498973,B,A,D,A,D,D,53.289653142060445,B,46.591567428387506,46.6788226100547,,,None,1.0,44.408044285050366,65.52906574394464,82.0
358112,285023_43935,Romelu Lukaku,Belgium,FW,2,5,40,5,0,2,0.69,2.88,0,0,1,42,1,1,0,1,0,0,1,36,81,0,0,2,100,0,0,,,,114,72,39,3,97,17,1,43,38,93,5.39,169,58,17718.9,30.0,319.0,168.0,6.123781681060791,4.870811939239502,5.763584136962891,Round of 16,2.0,215.0,25.0,1.0,True,107.85,5.845786833763122,B,1.1,1.1,17.7189,5.39,215.0,0.41005632171510753,0.2111432487570892,0.15441614571641554,1.1747503975550289,0.4571098224993191,1.0940872533535233,0.07655529889494746,0.28568196904699905,14.485252168202456,0.7035805408928085,0.08337058769900983,34.80444756875468,0.8922053285603108,12.44650987053352,0.9248813707715687,0.38432627247675694,0.17859791071467615,10.390962751155941,15.519084799718419,0.36285344473793013,18.69777284198136,53.773132808703544,5.25547681851752,17.7189,523.0,59.95605899870154,B,1.1,1.1,84.37076367145495,57.69802315988092,50.312598050809164,41.74065453763905,49.52445523472327,44.12067141476983,523.0,59.95605899870154,B,1.1,1.1,85.29562694184494,87.32592114749744,61.46430791783891,52.46452813431732,37.968618558209286,41.71142141066953,A,S,B,B,C,C,78.68896250398718,A,59.50558120507276,48.75308919343967,100.30000000000001,5.890425443649292,BL-B,1.05,68.8528421909888,83.01401384083044,46.0
358106,285023_43935,Thibaut Courtois,Belgium,GK,0,0,0,0,0,0,0.0,0.0,0,0,0,0,0,0,0,0,0,0,0,125,77,0,0,3,0,0,0,12.0,79.0,65.0,26,0,0,26,20,6,0,0,2,241,2.76,41,10,20673.97,,,,,,,Round of 16,0.0,448.0,1276.0,0.0,False,,,None,1.0,1.0,20.67397,2.76,448.0,,,,,,,,,,,,,,,,,,,,,,,,,,,,,,,,,,,,,,,,,,,,,,,,,,,,,,,,,,,,,,,
433092,285023_43935,Alexis Saelemaekers,Belgium,MF,1,4,25,3,1,0,0.14,7.01,1,0,3,15,1,0,2,0,0,0,2,38,79,1,100,2,100,0,0,,,,64,20,31,13,32,32,1,27,16,95,3.44,101,45,9893.21,,,,,,,Round of 16,1.0,89.0,91.0,0.0,False,,,None,1.0,1.0,9.89321,3.44,89.0,0.23740894924732012,0.019343978016788888,0.05261295912932486,1.075729875913534,0.2889928906254239,0.7751715381140514,0.2960549778379023,0.5253169395183633,16.304189572904058,0.7713232123287007,0.09139773740207661,38.57977304540981,1.4023667618541695,7.917418557908668,1.0139314953498455,0.20920154003342062,0.6200512572556109,6.724601322994041,5.982611359869635,0.3977899733336068,17.740372474106096,44.525804840500605,4.101434960757628,9.89321,533.0,59.46366433360467,None,1.0,1.0,69.15209736825396,66.4536460238146,45.148785501205964,39.591833094652024,39.20951784760312,36.47903147932033,533.0,59.46366433360467,None,1.0,1.0,,,,,,,,,,,,,,,,,,,,,,,
448364,285023_43935,Amadou Onana,Belgium,MF,0,2,0,0,2,0,0.07,0.0,0,0,15,21,6,1,3,0,0,0,0,52,87,0,0,1,100,0,0,,,,39,2,16,21,31,8,0,6,20,116,4.71,123,36,11340.6,,,,,,,Round of 16,0.0,107.0,833.0,0.0,False,,,None,1.0,1.0,11.3406,4.71,107.0,0.025186314924904054,0.019272119517436705,0.03762366392903522,0.6490523553036407,0.07657863363806859,0.1382698098711332,0.08361448679522802,0.31202479218707047,19.20239319296039,0.5571172073834243,0.09105821549773005,42.874612912221004,3.9332458526247946,9.156051423181943,2.0668685384689685,0.41976511748931183,0.8290886210178537,7.544983806633302,2.156254464230794,0.18497155981285812,15.772404581956536,49.009897259041296,4.392091494112885,11.3406,558.0,58.45547367435814,None,1.0,1.0,49.448284161375334,47.70368771249965,47.78652309006132,60.11689991932917,49.167584489755555,37.9741113838766,558.0,58.45547367435814,None,1.0,1.0,,,,,,,,,,,,,,,,,,,,,,,
497902,285023_43935,Diego Moreira,Belgium,MF,0,0,0,0,0,0,0.0,0.0,0,0,5,36,2,2,1,0,0,0,1,15,67,4,25,3,67,2,50,,,,47,12,21,14,20,27,1,11,5,41,1.57,109,55,8031.47,,,,,,,Round of 16,0.0,76.0,748.0,0.0,False,,,None,1.0,1.0,8.03147,1.57,76.0,0.025190551450433977,0.01927536123130373,0.022833654106225357,0.2264090049391232,0.0765915147339106,0.13829306788173473,0.08362855137391036,1.1575823286761369,11.384701451060506,0.9799634444410121,0.5138260579658965,27.028605023594267,1.8201448248416807,12.328235482634737,1.2217111495345696,0.6312119880041538,0.40647555409250874,4.375608985544208,4.270379791266645,0.39637893630468296,19.791206612827196,46.05887340774949,3.693358743726183,8.03147,681.0,51.59526424202959,None,1.0,1.0,44.81477663947854,66.36229160046017,37.05316024863035,42.581363693799574,33.679916943135005,33.4869144618385,681.0,51.59526424202959,None,1.0,1.0,,,,,,,,,,,,,,,,,,,,,,,
448343,285023_43935,Hans Vanaken,Belgium,MF,0,4,0,4,0,0,0.53,0.0,0,0,6,77,5,0,4,0,0,0,0,109,96,2,0,0,0,1,100,,,,123,14,67,42,92,31,1,30,37,237,7.1,355,93,25295.81,,,,,,,Round of 16,0.0,216.0,211.0,1.0,False,,,None,1.0,1.0,25.295810000000003,7.1,216.0,0.02303798100205642,0.21094209649494247,0.12333882130253986,0.9803173907854809,0.07004665478762902,0.8997310928673563,0.07648236607970146,0.6720374927773963,28.583362936018617,0.31628256509300934,0.27660500590971054,62.60848352707925,1.8579245601966115,19.20063684501024,1.6972556287223506,0.1906462881303778,0.9516831390946656,10.187749629586301,4.2920971132147,0.36250776098215576,25.445944354015488,89.6782790926162,6.715191619516921,25.295810000000003,316.0,70.94196162199331,None,1.0,1.0,53.3709144624994,55.166263445837004,65.8284016188842,57.33806614135592,62.150200275061415,60.20216273692752,316.0,70.94196162199331,None,1.0,1.0,,,,,,,,,,,,,,,,,,,,,,,
358120,285023_43935,Kevin De Bruyne,Belgium,MF,4,18,6,8,10,0,1.32,0.76,13,0,13,100,7,0,3,0,0,0,0,161,83,20,25,17,47,2,100,,,,203,71,82,50,113,90,6,56,71,391,6.78,456,155,36244.83,100.0,253.0,14.0,5.322052001953125,5.211991786956787,7.029524326324463,Round of 16,1.0,322.0,146.0,0.0,True,101.44999999999999,5.732411050796508,B,1.1,1.1,36.24483,6.78,322.0,0.19619405045173594,0.01598580597317559,0.250336199082218,3.3432156377805127,0.7647305086024855,1.5171121935431529,2.348289523164299,3.764868759142814,35.035947163736154,3.266957422619586,0.42613591351350916,83.7717638788774,2.9119372004407116,21.44364770776328,1.8897252603909187,0.17288353126545453,0.6877110645856934,15.198830665785033,13.884442174657263,1.2052451893934544,33.94387133091471,99.02839718911781,8.008919782864341,36.24483,62.0,88.06800902290841,B,1.1,1.1,87.40861363476311,74.973738954085,87.72875784530257,76.66460939947814,69.02307552294015,85.88369147946676,62.0,88.06800902290841,B,1.1,1.1,,,,,,,,,,,,,,,,,,,,,,,
495349,285023_43935,Nicolas Raskin,Belgium,MF,0,1,0,1,0,1,0.05,0.0,0,0,6,32,6,4,0,0,0,0,0,146,89,2,100,4,0,1,100,,,,116,5,33,78,77,39,0,6,28,306,6.96,240,69,22115.12,140.0,68.0,112.0,4.9270429611206055,6.222650051116943,5.994772911071777,Round of 16,0.0,198.0,204.0,1.0,True,122.2,5.388316512107849,B,1.1,1.1,22.115119999999997,6.96,198.0,0.023435761739303358,0.21458428643566183,0.031075630303063304,0.4072888698062089,0.0712561014826592,0.3253111445318846,0.07780293370942816,0.6836410950770386,36.35300329657381,1.1083502315040417,0.28138095147400016,77.25846498406452,1.8900040467296648,10.682836182762156,1.9232126159958842,0.9805446806423345,0.18150855144650738,8.593789460013417,2.5963408268595023,0.17211527042549107,21.165661896915196,68.61175055280339,6.205650180581479,22.115119999999997,306.0,71.4652781597445,B,1.1,1.1,51.94309534309804,76.48121239141557,81.52661500796296,56.20462501282623,70.94125193997186,56.215452899299514,306.0,71.4652781597445,B,1.1,1.1,,,,,,,,,,,,,,,,,,,,,,,
401444,285023_43935,Youri Tielemans,Belgium,MF,3,9,22,6,3,2,1.21,1.65,2,0,15,91,14,6,9,0,0,0,1,214,87,12,17,10,50,2,100,,,,219,56,69,94,149,70,3,37,102,486,6.84,692,211,49842.18,74.0,175.0,180.0,5.583817958831787,5.515690326690674,5.714656352996826,Round of 16,2.0,438.0,48.0,0.0,True,115.65,5.60630841255188,B,1.1,1.1,49.84218,6.84,438.0,0.3380860518412076,0.01454812253494564,0.2102731749265728,1.6067131265657901,0.5364177583149692,1.061597284407176,0.38219226460588407,2.149981588085046,40.34043509521545,1.8563866199750476,0.38781138071726523,91.393738149037,2.9691255584151226,18.079282863208164,2.8365298130251895,1.1145555294021108,1.5830820492206665,18.777561955208235,10.24269419105078,0.6182413257998751,39.8251852400598,127.77294270314734,9.457914118351132,49.84218,12.0,94.48806665011026,B,1.1,1.1,87.39342438494654,74.71772590585869,91.6025187781593,82.2453836505289,85.19867229958837,95.61263642616687,12.0,94.48806665011026,B,1.1,1.1,,,,,,,,,,,,,,,,,,,,,,,
482976,285023_44037,Amar Dedic,Bosnia and Herzegovina,DF,1,2,0,0,2,0,0.06,0.0,0,0,14,95,11,6,3,1,0,0,0,99,81,0,0,1,0,3,100,,,,56,23,19,14,11,45,1,3,40,204,4.44,356,141,30604.3,,,,,,,Round of 16,0.0,310.0,1160.0,0.0,False,,,None,1.0,1.0,30.6043,4.44,310.0,0.02111348005395187,0.016155658826708108,0.029767955363840172,0.544095235787103,0.24136041409043923,0.1159104411059058,0.07009333459206693,0.26156780957527415,24.423971150799918,0.4670267596063621,0.6078288824600847,51.531969946547484,3.120042377980829,20.785665495219455,2.6184647332011584,1.2377115214137713,0.6950181523185095,9.868201234123372,5.5280390521178555,0.3322253100311309,31.824220265807153,82.36407889697736,7.094710895007214,30.6043,423.0,65.37239887375529,None,1.0,1.0,41.08118158273732,39.522129046915175,49.34638314572194,72.3397913395886,56.14811789992093,67.79015891714391,423.0,65.37239887375529,None,1.0,1.0,,,,,,,,,,,,,,,,,,,,,,,
430194,285023_44037,Dennis Hadzikadunic,Bosnia and Herzegovina,DF,0,0,0,0,0,0,0.0,0.0,0,0,1,4,2,1,0,0,0,0,0,10,80,0,0,0,0,0,0,,,,5,0,0,5,1,4,0,2,3,23,1.52,32,11,3338.81,,,,,,,Round of 16,0.0,33.0,180.0,1.0,False,,,None,1.0,1.0,3.33881,1.52,33.0,0.022402207997944994,0.20512078383867363,0.020306195743562364,0.2013477803863882,0.06811359597755745,0.12298540099276684,0.0743717026652425,0.2775334270190756,9.184633187562332,0.3075541996802893,0.08099259814641652,20.653185085094908,0.8667568459642151,4.9482940276723975,1.0864798787408205,0.3733640868191917,0.17350374048610837,3.5153145722702437,1.54194306952657,0.16452471784725595,9.32944033448346,26.486230282888574,2.4024190751875394,3.33881,856.0,27.468274517172496,None,1.0,1.0,22.333527067414284,40.27929866957711,19.38772253080448,17.19134778129046,23.99170919070205,15.62916208384717,856.0,27.468274517172496,None,1.0,1.0,,,,,,,,,,,,,,,,,,,,,,,
489520,285023_44037,Nikola Katic,Bosnia and Herzegovina,DF,0,2,0,1,1,1,0.08,0.0,0,0,14,43,18,4,0,1,0,0,0,165,90,0,0,1,0,0,0,,,,39,0,1,38,10,29,0,4,37,345,6.17,419,139,36234.39,270.0,38.0,319.0,4.559045314788818,6.49147891998291,5.043601512908936,Round of 16,0.0,353.0,1198.0,0.0,True,247.45,4.970049405097961,C,1.0,1.0,36.23439,6.17,353.0,0.020343355721435943,0.015566373406280944,0.03209621472847022,0.5242491005590447,0.06185368480485179,0.282385544236904,0.06753664652460516,0.2520269980064534,34.79949254826362,0.44999173408760085,0.07354905530057611,73.72143847274195,3.0062373326910947,11.150942762971933,3.717875918826703,0.8511594144437555,0.15755805463606057,8.996144874722381,1.4002323506887953,0.1494042399946753,30.322010551916026,90.11409804072223,7.797001114494028,36.23439,396.0,66.95815424210694,C,1.0,1.0,38.53240149075041,37.29324124817419,60.87165635049033,58.750726562011245,65.95952304296934,73.00076090480403,396.0,66.95815424210694,C,1.0,1.0,,,,,,,,,,,,,,,,,,,,,,,
376230,285023_44037,Sead Kolasinac,Bosnia and Herzegovina,DF,0,0,0,0,0,0,0.0,0.0,0,0,10,49,17,6,4,0,0,0,0,173,82,9,11,5,20,0,0,,,,54,25,13,16,14,40,5,23,93,370,6.09,339,142,38026.39,,,,,,,Round of 16,0.0,373.0,246.0,1.0,False,,,None,1.0,1.0,38.02639,6.09,373.0,0.02000840140731409,0.18320243167118036,0.01813636028778766,0.17983259564468537,0.0608352609590805,0.10984369355594295,0.06642465244533423,1.7589085956177073,35.56965613227831,1.114152036259911,0.07233806662644325,76.70492048500797,2.285170055466925,11.974696119015254,3.488768556641638,1.1729297531066605,0.8265332911716137,18.24999504687341,5.57448644229039,0.9864060888132133,30.326434292073227,75.19897640726379,7.969486230309417,38.02639,207.0,76.24155502708993,None,1.0,1.0,41.531807998422835,72.33948101422202,67.7410886439971,61.56753708738879,68.24501748634381,69.50681203393796,207.0,76.24155502708993,None,1.0,1.0,,,,,,,,,,,,,,,,,,,,,,,
489521,285023_44037,Stjepan Radeljic,Bosnia and Herzegovina,DF,0,1,0,1,0,0,0.01,0.0,0,0,1,9,4,1,3,1,0,0,0,153,90,0,0,2,100,2,50,,,,7,0,0,7,3,4,0,1,21,318,2.86,186,63,20111.1,,,,,,,Round of 16,0.0,211.0,1007.0,0.0,False,,,None,1.0,1.0,20.111099999999997,2.86,211.0,0.023148011996609937,0.017712446426555777,0.022924591508351154,0.4022880821726631,0.07038120246742534,0.32131689850840817,0.07684765116283461,0.2867729421442364,37.266312521609485,0.7062674008455537,0.47216321474218687,78.64071304108859,0.8956125159789575,6.084215975857133,1.5111247151341585,0.38579395216698154,0.7619913196033848,7.12861304181916,1.5932767285601839,0.17000199903583166,19.740362224095225,57.28051479045813,5.740200680341407,20.111099999999997,673.0,52.08906758850658,None,1.0,1.0,35.935739400312016,37.93280024168733,64.34319812074811,34.04279820919569,50.79891131229874,38.46981546001496,673.0,52.08906758850658,None,1.0,1.0,,,,,,,,,,,,,,,,,,,,,,,
484022,285023_44037,Tarik Muharemovic,Bosnia and Herzegovina,DF,0,1,0,1,0,1,0.12,0.0,0,0,10,25,11,5,2,0,1,0,0,153,86,0,0,3,67,3,100,,,,11,0,1,10,5,6,0,2,23,324,5.92,279,78,28776.65,361.0,75.0,357.0,3.6079835891723633,6.17921257019043,4.459669589996338,Round of 16,0.0,292.0,1097.0,0.0,True,317.1,4.2065894365310665,D,0.9,0.9,28.77665,5.92,292.0,0.02145690258638069,0.01641843963087429,0.041054959822383344,0.3728983807380475,0.06523940826871212,0.29784265671119364,0.07123344178474561,0.2658223559284409,34.543771518992614,0.8347169456356873,0.6177155583450842,73.97579030137678,2.4506041374971628,8.5204752080161,2.661055522945608,1.0777967222235836,0.5262761427077388,6.967916283302284,1.476877736320073,0.1575822724360104,20.998906303725153,69.84016778546655,6.881047668307219,28.77665,528.0,59.64813309514487,D,0.9,0.9,35.81651275090331,36.436569480159974,54.48220863405273,46.792352727387126,49.743671784390784,45.45234219306404,528.0,59.64813309514487,D,0.9,0.9,,,,,,,,,,,,,,,,,,,,,,,
300409,285023_44037,Edin Dzeko,Bosnia and Herzegovina,FW,0,3,0,3,0,0,0.2,0.0,0,0,4,69,1,1,2,1,0,0,0,48,69,2,50,3,67,1,100,,,,55,16,33,6,40,15,4,22,36,111,4.56,201,57,19815.85,,,,,,,Round of 16,0.0,196.0,974.0,0.0,False,,,None,1.0,1.0,19.815849999999998,4.56,196.0,0.0234801555276837,0.017966596739806558,0.06068812182359739,0.8021087300060304,0.07139108016716786,0.7199757163383436,0.07795031389757343,0.6849360996278001,17.113497097148507,0.913425580706102,0.28191396450566314,38.98510036687657,1.4995358921291249,17.992966760629958,0.9417348532410985,0.39132958803750095,0.5759007215296089,10.186261836059659,4.768524897461484,0.9605379899349281,18.841465433540883,61.05777742191701,5.764393624764023,19.815849999999998,607.0,55.619891407619306,None,1.0,1.0,51.748899320878095,56.939735363045195,43.800142536228655,43.73675020555744,40.421812160210955,40.97781581133793,607.0,55.619891407619306,None,1.0,1.0,25.283870907547186,29.951049216408,56.09882360909859,38.43437440527796,45.97856698730844,46.91616258691842,D,D,C,D,C,C,27.518729337897447,D,59.49403069926095,51.13612674588285,,,None,1.0,22.93227444824787,42.9958910034602,237.0
436743,285023_44037,Ermedin Demirovic,Bosnia and Herzegovina,FW,4,4,0,1,3,0,0.08,0.0,0,0,19,131,15,11,3,1,0,0,1,39,74,0,0,5,80,0,0,,,,106,67,31,8,82,24,3,36,53,112,6.09,375,176,40423.23,,,,,,,Round of 16,0.0,399.0,1219.0,0.0,False,,,None,1.0,1.0,40.423230000000004,6.09,399.0,0.019593704564419934,0.014992753695041973,0.030913471584394,0.8337557589225879,0.7172247791447223,0.27197965777153915,0.06504792608430908,0.242739821729251,12.80114627713117,1.0910599699555943,0.07083877804059513,32.69667321858229,3.717520706413915,25.20834010240881,3.087634667048247,1.9706824494415327,0.6449898504954882,11.295239192235938,12.36427805940982,0.6371365033218948,35.28791288286814,79.55924579958803,8.198380272188267,40.423230000000004,325.0,70.32713820015971,None,1.0,1.0,45.942368538021825,45.22439549696181,50.17621043358117,79.40804285847821,53.64798069738278,76.0375575869587,325.0,70.32713820015971,None,1.0,1.0,17.054646899112694,7.410920957765718,69.33594269720817,6.837241758474126,86.0831717932775,88.95735579550383,E,F,B,G,A,S,17.80520962194888,F,76.92795937797524,63.81942616478021,,,None,1.0,14.837674684957399,37.649524221453284,251.0
464566,285023_44037,Esmir Bajraktarevic,Bosnia and Herzegovina,FW,2,3,0,1,2,0,0.11,0.0,1,0,16,85,8,1,2,0,0,0,0,71,82,8,0,0,0,0,0,,,,106,45,48,13,40,66,5,35,61,180,6.49,318,145,28616.79,,,,,,,Round of 16,0.0,262.0,1061.0,0.0,False,,,None,1.0,1.0,28.61679,6.49,262.0,0.022057025683873206,0.016877643134623622,0.04035239084180521,0.7534930012768636,0.4372291868557894,0.3061729484199501,0.2583083096889539,1.7539175305741572,20.333148572084692,0.30281527973285033,0.0797446313186185,49.39291378182122,3.629639850754804,19.863735773664256,2.1802342941968726,0.36761114141794504,0.540995437239031,14.195937450020445,9.846899223114699,1.0874024362450363,33.98675108937923,79.01173082795985,7.043914786106864,28.61679,354.0,68.93178825539236,None,1.0,1.0,50.26828917042043,49.2465933396311,52.40189099267779,70.58605107239323,53.219156822764766,67.83680709966548,354.0,68.93178825539236,None,1.0,1.0,23.072616837253566,16.29036542329147,68.92470178986558,36.98589583641708,84.98591858381187,79.0453577552905,E,F,B,D,A,A,25.01832299360315,E,46.668707274767876,31.959714645404947,,,None,1.0,20.84860249466929,45.46721453287197,219.0
482984,285023_44037,Haris Tabakovic,Bosnia and Herzegovina,FW,0,0,0,0,0,0,0.0,0.0,0,0,0,0,0,0,0,0,0,0,0,1,100,0,0,0,0,0,0,,,,4,4,0,0,3,1,0,2,1,3,1.34,12,3,2264.93,,,,,,,Round of 16,0.0,25.0,600.0,0.0,False,,,None,1.0,1.0,2.2649299999999997,1.34,25.0,0.0208550449717936,0.01595790890554247,0.01890378954953388,0.18744210460478458,0.06340946871990685,0.11449166389373328,0.06923537197113665,0.25836614418497333,6.975345519359384,0.28631359311478577,0.07539900874417686,15.726882289948053,0.6318994193073008,3.906563646781158,0.6614511024657127,0.17258182964512597,0.16152105680583462,2.922543257634311,2.135438398379031,0.1531621521410267,7.285148478916083,21.15708006034866,2.0485755029610657,2.2649299999999997,864.0,25.530065543446256,None,1.0,1.0,14.32325729078604,15.560482350006568,30.04318317179383,13.0145132169114,44.37622573444273,12.704977002588752,864.0,25.530065543446256,None,1.0,1.0,32.421463159760776,35.45326907752439,14.122448189693337,48.71117125880189,11.2453823927435,11.947538017977275,D,D,E,C,F,F,28.823286218934253,D,30.213128729752775,22.558558558558556,,,None,1.0,24.01940518244521,37.549913494809694,252.0
519954,285023_44037,Jovo Lukic,Bosnia and Herzegovina,FW,2,3,33,3,0,3,0.46,2.18,0,0,5,34,2,1,0,1,0,0,0,13,54,0,0,1,0,0,0,,,,9,2,7,0,7,2,0,14,14,35,3.16,100,42,8269.19,,,,,,,Round of 16,1.0,77.0,87.0,0.0,False,,,None,1.0,1.0,8.26919,3.16,77.0,0.2366922319515048,0.01928558020298086,0.12013038928490226,0.8609940139508567,0.49960877137478776,0.7728313615943727,0.08367288765314447,0.3122427270958806,10.967760481488664,0.557506328026488,0.09112181545641222,25.774004480054643,1.8211097877386215,11.91179473442992,1.2223588485055468,0.4200583040401641,0.19520272448837242,6.2813236761215565,2.1577605084035656,0.18510075390585864,17.05235083151844,44.179896921501644,3.745591809232177,8.26919,678.0,51.75590945688076,None,1.0,1.0,73.04146588188333,47.021255113134686,32.84150129148029,40.088779594255534,32.56006291205152,31.594656579634904,678.0,51.75590945688076,None,1.0,1.0,81.6568544211086,76.47326680074374,44.827919870918734,39.79827028398638,44.35828974799752,44.39105282001996,A,A,C,D,C,C,65.16682144413008,A,59.50594384959109,60.155877206934946,,,None,1.0,54.30568453677507,75.13248269896192,64.0
504990,285023_44037,Kerim Alajbegovic,Bosnia and Herzegovina,FW,1,4,25,1,3,0,0.14,7.25,7,0,9,98,8,4,6,0,0,0,1,90,77,16,6,13,77,1,0,,,,115,33,63,19,27,88,2,50,77,241,6.35,365,130,32990.98,47.0,337.0,19.0,5.88623571395874,4.737607002258301,6.96727466583252,Round of 16,1.0,312.0,143.0,0.0,True,83.5,5.984201145172119,B,1.1,1.1,32.99098,6.35,312.0,0.19792759948122765,0.016127054794771525,0.04386337050514012,0.8968349032537917,0.24093307893395172,0.29255671994367016,1.3079297423556446,3.090728719334901,22.789064334992613,2.5884178930605035,0.2530497021130922,57.984236749108504,2.23026075128498,21.27941841520396,2.083274166155491,0.8818171167782374,1.2243421080860248,16.394234868704796,7.286766523270608,0.5084885975291136,29.82250810548694,83.80991457512468,7.504237458428027,32.99098,192.0,77.13691166371336,B,1.1,1.1,66.87331445029517,68.29750326451294,71.09336673859762,72.31666256870417,68.09694657990323,75.99567623036812,192.0,77.13691166371336,B,1.1,1.1,56.09214491644819,46.267977080408315,83.77291760909375,42.24059546213867,80.9077941552979,74.56046130363502,B,C,S,D,A,A,53.96436334900905,B,61.67278661770707,54.83422912011595,67.6,6.09568452835083,BL-A,1.2,53.96436334900905,73.26855536332181,67.0
485063,285023_44037,Samed Bazdar,Bosnia and Herzegovina,FW,0,0,0,0,0,0,0.0,0.0,0,0,2,6,2,1,1,0,0,0,0,5,40,0,0,3,0,0,0,,,,3,1,2,0,2,1,0,8,8,17,1.57,28,13,3649.89,,,,,,,Round of 16,0.0,35.0,632.0,0.0,False,,,None,1.0,1.0,3.64989,1.57,35.0,0.0227019402277201,0.017371120255219023,0.020577884200745966,0.20404172998193779,0.06902492757497083,0.12463089452950792,0.0753667651284635,0.2812467088940223,8.355049289314447,0.8831514302029025,0.08207624543868038,19.786551549034936,1.068847786624302,5.395488333408865,1.1010165278376705,0.37835954308272296,0.36631924280000505,4.514818491813851,1.753067721163733,0.16672599017443024,9.835252556437469,26.078628655404973,2.4938213465442662,3.64989,863.0,25.672670097775836,None,1.0,1.0,23.292391771194794,34.993792746927426,19.721248139505732,18.786776846268534,17.708264426511068,15.293990148494613,863.0,25.672670097775836,None,1.0,1.0,43.79495983354948,46.9889576139339,24.738075827985178,48.362267661922985,22.809101216621055,21.683909020671983,C,C,E,C,E,E,38.37209685803612,C,43.03425089304475,77.44807121661721,,,None,1.0,31.976747381696768,50.174870242214524,185.0
482978,285023_44037,Nikola Vasilj,Bosnia and Herzegovina,GK,0,0,0,0,0,0,0.0,0.0,0,0,0,0,0,0,0,0,0,0,0,155,61,0,0,4,0,0,0,8.0,92.0,70.0,18,0,0,18,13,5,0,0,11,279,3.31,34,7,22744.03,,,,,,,Round of 16,0.0,411.0,1251.0,0.0,False,,,None,1.0,1.0,22.74403,3.31,411.0,,,,,,,,,,,,,,,,,,,,,,,,,,,,,,,,,,,,,,,,,,,,,,,,,,,,,,,,,,,,,,,
494640,285023_44037,Amar Memic,Bosnia and Herzegovina,MF,1,3,0,2,1,0,0.19,0.0,0,0,13,54,10,3,3,0,0,0,0,52,75,5,0,4,0,0,0,,,,67,38,19,10,22,45,0,20,40,135,6.46,306,152,27462.49,,,,,,,Round of 16,0.0,254.0,1047.0,0.0,False,,,None,1.0,1.0,27.462490000000003,6.46,254.0,0.022222728603618725,0.017004436057019994,0.05557337609229808,0.7591536008567371,0.25404087645820983,0.49494605098877453,0.07377586014156823,1.2076748422930126,16.942914187306815,1.0509821129972134,0.08034371110539078,41.37269263234113,3.0974884850998574,14.23229911514445,2.5695592263941323,0.7433187820946445,0.7315326385842231,10.386651431760175,8.615562941444567,0.16320659792293263,35.54738670378735,77.36762889550434,6.88158627420075,27.462490000000003,395.0,66.96048358857757,None,1.0,1.0,48.33419806543663,50.04679793812152,51.63012072508983,66.03698446770692,50.534531754280344,67.22105109038067,395.0,66.96048358857757,None,1.0,1.0,,,,,,,,,,,,,,,,,,,,,,,
430196,285023_44037,Amir Hadziahmetovic,Bosnia and Herzegovina,MF,0,0,0,0,0,0,0.0,0.0,1,0,0,4,0,0,0,0,0,0,0,3,100,1,0,0,0,0,0,,,,1,0,1,0,1,0,0,0,0,9,1.61,21,5,1349.67,,,,,,,Round of 16,0.0,12.0,538.0,0.0,False,,,None,1.0,1.0,1.3496700000000001,1.61,12.0,0.016290312591400947,0.012465057003136756,0.014766146097525334,0.14641495527493967,0.04953046459976562,0.0894318375463145,0.190774729562293,0.3385087384883582,5.721975595363711,0.22364554654834254,0.05889574552275727,13.10475845232313,0.493589876251193,3.5982728359784986,0.5166733151458907,0.13480728314503454,0.12616748173016196,2.146166243063879,1.1212615561393016,0.11963816615709036,5.963969178199209,17.756480296236564,1.47507512785862,1.3496700000000001,898.0,20.843271812099392,None,1.0,1.0,8.15843779459863,12.472645302216943,26.10411178232175,9.408934738056416,41.830452639707815,8.996318076285501,898.0,20.843271812099392,None,1.0,1.0,,,,,,,,,,,,,,,,,,,,,,,
489523,285023_44037,Armin Gigovic,Bosnia and Herzegovina,MF,0,0,0,0,0,0,0.0,0.0,0,0,4,33,4,0,1,0,0,0,0,24,71,0,0,0,0,1,0,,,,24,3,11,10,14,10,0,4,18,53,3.43,142,62,10900.97,,,,,,,Round of 16,0.0,95.0,788.0,0.0,False,,,None,1.0,1.0,10.90097,3.43,95.0,0.02527138481627964,0.019337213482902234,0.022906924479825296,0.2271355234499627,0.07683728743735226,0.13873683324240965,0.08389690505809434,0.3130786944850838,13.329724439567961,0.34694439640487545,0.30342031907351774,29.65999099454901,1.6139309014004917,11.731631636829656,1.6497405559984588,0.20912838285212781,0.40777988390187897,7.146358835508246,2.3755920233693666,0.18559632411632088,21.339095950887213,53.20447056483651,4.313700787115687,10.90097,732.0,47.06340557028955,None,1.0,1.0,47.063245892624025,45.9615438022232,32.91552805152371,42.69757961480119,32.25839738428205,34.18128910973224,732.0,47.06340557028955,None,1.0,1.0,,,,,,,,,,,,,,,,,,,,,,,
483966,285023_44037,Benjamin Tahirovic,Bosnia and Herzegovina,MF,0,1,0,0,1,0,0.01,0.0,1,0,11,84,10,3,2,0,0,0,0,107,85,2,0,2,0,1,100,,,,99,5,42,52,69,30,2,8,47,238,6.92,429,116,30616.63,,,,,,,Round of 16,0.0,266.0,1064.0,0.0,False,,,None,1.0,1.0,30.61663,6.92,266.0,0.021975045706877253,0.016814913516598383,0.021762946480297512,0.3819031627584667,0.06681481508447293,0.12064033189686459,0.2573482478207009,0.6410307665068501,26.895783350645733,0.6704791071099933,0.2638428969567416,59.90422370677726,2.694176190781705,19.60551300510119,2.5409202647304223,0.7350341401663097,0.5389847040542662,11.56164983706462,2.4345147802550167,0.5301768922122385,28.512986572638408,99.18587235374935,7.386494273373439,30.61663,343.0,69.6481667608309,None,1.0,1.0,41.958774085029695,49.56646432116258,58.306491187856444,66.96230046503928,60.51794408740944,70.3698034105871,343.0,69.6481667608309,None,1.0,1.0,,,,,,,,,,,,,,,,,,,,,,,
389886,285023_44037,Dzenis Burnic,Bosnia and Herzegovina,MF,0,1,0,0,1,0,0.02,0.0,0,0,0,6,0,0,0,0,0,0,0,8,88,0,0,0,0,0,0,,,,7,4,2,1,0,7,0,2,7,21,3.35,37,11,3073.49,,,,,,,Round of 16,0.0,27.0,605.0,0.0,False,,,None,1.0,1.0,3.0734899999999996,3.35,27.0,0.02130271646567816,0.016300459157948064,0.02288463721633998,0.3702187882614172,0.06477060755353967,0.11694932602210358,0.07072156883342547,0.26391219589058773,8.376348858446562,0.2924595608709094,0.07701751337591334,19.28202875247589,0.6454636843284831,5.062939863621799,0.6756497198061647,0.17628644718966058,0.16498824533944254,4.0577966297043915,2.1812774219435327,0.1564499095900412,8.87155508274871,26.08006193535483,2.2370825280547773,3.0734899999999996,875.0,23.676091035223518,None,1.0,1.0,21.097376123433413,16.90546889607718,23.423447253069384,13.490775263328537,31.58291030900275,13.635355273015293,875.0,23.676091035223518,None,1.0,1.0,,,,,,,,,,,,,,,,,,,,,,,
522846,285023_44037,Ermin Mahmic,Bosnia and Herzegovina,MF,2,4,50,2,2,0,0.34,5.88,0,0,1,41,3,1,1,1,0,0,0,16,75,1,0,0,0,1,100,,,,35,13,16,6,26,9,0,6,5,45,5.34,155,57,10657.09,,,,,,,Round of 16,2.0,88.0,36.0,0.0,False,,,None,1.0,1.0,10.65709,5.34,88.0,0.44951631079886045,0.019343058772593378,0.09503418760159853,1.0756787562088117,0.5010978008591094,0.5630160577766703,0.08392226557421466,0.5252919759587977,11.636804626437439,0.3470492714172706,0.30351203754498896,27.972007525469913,0.9780628331543167,13.43212704436777,1.438120599263109,0.4213102420278195,0.40790314838120717,4.390976685605006,4.497496556348473,0.1856524265263724,20.28495315616973,55.97809567830105,4.26327324603415,10.65709,642.0,53.5806229771173,None,1.0,1.0,72.96091682982593,49.34165746633744,35.300640795128544,37.95213522481668,34.46551424763212,36.147257911612925,642.0,53.5806229771173,None,1.0,1.0,,,,,,,,,,,,,,,,,,,,,,,
482974,285023_44037,Ivan Basic,Bosnia and Herzegovina,MF,0,4,0,0,4,0,0.15,0.0,5,0,5,39,8,2,3,0,0,0,0,104,92,12,58,2,50,3,100,,,,77,2,22,53,58,19,0,7,37,234,4.87,270,63,22053.62,121.0,293.0,62.0,5.07711124420166,4.9927592277526855,6.31049394607544,Round of 16,0.0,200.0,205.0,1.0,True,132.04999999999998,5.372804117202759,B,1.1,1.1,22.05362,4.87,200.0,0.023391386592733123,0.2141779753770252,0.05064471952251748,0.9953555856043005,0.07112117947831002,0.1284158713350045,1.059052130633743,2.6451396647730663,28.040438883334332,0.7136929863973902,0.6734067683546829,62.98006780512678,1.6901460587874821,12.036563567224391,2.3121296574261567,0.5861294327924853,0.7700027777659696,10.344031018792627,2.002586798247988,0.17178937360007243,19.947909320766776,74.37021466544965,6.181828728825871,22.05362,301.0,71.76365408057967,B,1.1,1.1,53.37943458930504,77.32532726321058,72.90853943281634,59.880875968009306,74.18605912693195,56.95227463026855,301.0,71.76365408057967,B,1.1,1.1,,,,,,,,,,,,,,,,,,,,,,,
372436,285023_44037,Ivan Sunjic,Bosnia and Herzegovina,MF,1,1,0,0,1,0,0.09,0.0,0,0,20,78,21,7,0,0,0,0,0,102,86,1,0,2,0,1,0,,,,57,0,13,44,41,16,0,5,41,221,7.03,401,113,26105.55,,,,,,,Round of 16,0.0,221.0,1015.0,0.0,False,,,None,1.0,1.0,26.10555,7.03,221.0,0.02292845094025519,0.01754444221744223,0.0380987309664101,0.3984723421301192,0.26210839706439093,0.12587441082990297,0.07611874401218321,0.4764476408743068,27.10070495503615,0.699568388566604,0.27528993566162263,59.23250614387853,4.542618118268535,19.30174553347374,4.767502592956236,1.5365032617542185,0.17757946011622744,10.908892818690417,1.5781643499403986,0.16838951419280535,29.172861388068302,98.1020786350169,6.839055150928647,26.10555,260.0,73.56938786005615,None,1.0,1.0,49.05102154164488,50.17446778075784,58.33051963883577,75.3821915821264,67.19894519230472,66.8991786309818,260.0,73.56938786005615,None,1.0,1.0,,,,,,,,,,,,,,,,,,,,,,,
335658,285023_43924,Alex Sandro,Brazil,DF,0,0,0,0,0,0,0.0,0.0,0,0,0,4,2,1,0,0,0,0,0,13,100,0,0,0,0,0,0,,,,6,2,2,2,1,5,0,2,2,25,1.81,31,8,1822.47,,,,,,,Round of 16,0.0,15.0,554.0,0.0,False,,,None,1.0,1.0,1.82247,1.81,15.0,0.01769274821698816,0.013538175761177173,0.01603736598502623,0.15901984227414462,0.05379455024679396,0.09713103879447751,0.058737058858017374,0.21918951232382095,7.699196370661252,0.24289922754577672,0.06396608970757257,16.608333175461908,0.5360831079187829,3.9080487219503106,0.8580767993560507,0.29487436157916375,0.13702926048217953,2.627853034971947,1.5147141390529353,0.1299378350834677,6.922792735341677,20.769753512769025,1.6722571785212532,1.82247,882.0,23.08558187054909,None,1.0,1.0,9.43237370405025,10.604063198809202,28.794825349454996,11.094262725644358,47.84165006398449,10.376353231996498,882.0,23.08558187054909,None,1.0,1.0,,,,,,,,,,,,,,,,,,,,,,,
335656,285023_43924,Danilo,Brazil,DF,0,0,0,0,0,0,0.0,0.0,0,0,3,32,2,6,1,2,0,0,1,248,91,5,40,5,40,0,0,,,,170,38,34,98,31,139,4,18,39,504,5.73,402,173,34859.48,353.0,82.0,268.0,4.122759819030762,6.133892059326172,5.302017211914063,Round of 16,0.0,364.0,1205.0,0.0,True,291.09999999999997,4.719244003295898,C,1.0,1.0,34.859480000000005,5.73,364.0,0.020157367125809133,0.015424058246064477,0.018271388363552254,0.1811714778109161,0.0612881891153144,0.11066149725747847,0.06691919450673477,1.0954345705657327,48.52015369922222,1.1224470746897925,0.07287663499330994,99.94107494100908,1.1181870966980223,9.188429771398384,0.9776078229696062,1.181662400950874,0.3252599288122464,9.252182545482118,7.814839856251244,0.8246076938705497,35.79563208131419,86.41481240764608,7.493161735541279,34.859480000000005,299.0,71.79449387623677,C,1.0,1.0,37.605198077745925,50.87431774927903,82.2006800132662,42.658551612728715,71.69556875009356,74.09232837580895,299.0,71.79449387623677,C,1.0,1.0,,,,,,,,,,,,,,,,,,,,,,,
367981,285023_43924,Douglas Santos,Brazil,DF,0,2,0,2,0,0,0.2,0.0,0,0,19,65,23,3,2,1,0,0,1,232,94,6,17,4,75,0,0,,,,68,23,23,22,22,46,7,40,72,484,6.23,513,170,41384.97,318.0,72.0,252.0,4.417283535003662,6.19096040725708,5.370577335357666,Round of 16,0.0,397.0,1216.0,0.0,True,264.59999999999997,4.921658515930176,C,1.0,1.0,41.38497,6.23,397.0,0.019624800877354798,0.015016548039757317,0.05072335679397603,0.5057319131357846,0.059668928983374316,0.43708483638260825,0.0651511608074127,1.2311662529357859,44.60345401090333,0.9281180120191594,0.07095120317197505,94.00711842588063,3.723420621197688,14.379894074452684,4.409923169783504,0.6564217809252223,0.4813399541505703,14.441962473017018,5.138265476029299,1.296841801135063,34.35587559908647,102.41045816156395,8.369764685782053,41.38497,84.0,85.63326307414177,C,1.0,1.0,53.04231274838306,58.391340003322256,82.29311115637523,72.214845293582,80.38639686123338,80.90762784221133,84.0,85.63326307414177,C,1.0,1.0,,,,,,,,,,,,,,,,,,,,,,,
430601,285023_43924,Gabriel Magalhaes,Brazil,DF,0,1,0,1,0,0,0.03,0.0,0,0,7,22,8,1,3,0,0,0,0,397,96,0,0,2,50,1,100,,,,44,0,2,42,22,22,0,1,19,802,5.95,419,101,40958.8,,,,,,,Round of 16,0.0,413.0,255.0,1.0,False,,,None,1.0,1.0,40.958800000000004,5.95,413.0,0.019379653486707987,0.17744544261351727,0.022444934063301936,0.3367979779637355,0.058923561815861114,0.2690084208280445,0.06433731117044755,0.24008801485557257,70.8779991443064,0.5912912737106425,0.23268137805741373,144.54484811555344,1.7255109935642887,7.207756046506583,1.9155885180051744,0.3229889941027615,0.6379436703227743,5.642884334515922,1.3339007648887544,0.14232668593072179,22.706174930708187,85.84522721864681,8.19590971901335,40.958800000000004,451.0,63.52181749547419,None,1.0,1.0,34.019377281852556,45.41316612526919,75.4537439566738,44.89752432322097,53.26060766382259,65.05890783050556,451.0,63.52181749547419,None,1.0,1.0,,,,,,,,,,,,,,,,,,,,,,,
332946,285023_43924,Marquinhos,Brazil,DF,0,2,0,2,0,1,0.21,0.0,0,0,9,33,9,0,1,0,0,0,1,358,97,1,100,4,75,5,100,,,,54,2,1,51,28,26,0,3,26,738,5.67,357,101,39058.06,326.0,100.0,287.0,4.351545333862305,6.0133867263793945,5.200976848602295,Round of 16,0.0,413.0,1254.0,0.0,True,282.35,4.8131794214248655,C,1.0,1.0,39.05806,5.67,413.0,0.019379653486707987,0.014828965623432422,0.05171589992151721,0.4994144549538204,0.058923561815861114,0.4316248978181294,0.06433731117044755,0.40270449184565743,64.5359565416931,0.9165242276908124,0.8831472860177534,134.13739358818802,2.050743947544458,8.996537293397518,2.078204994995259,0.16037251711267658,0.3127107163426046,6.781199673446516,1.6591337188689244,0.14232668593072179,22.706174930708187,75.76300564526156,7.886818076539216,39.05806,436.0,64.61826800811158,C,1.0,1.0,39.337250293755396,42.626918588382836,81.00552383725173,47.27313884250616,53.11250055876873,60.254145030783135,436.0,64.61826800811158,C,1.0,1.0,,,,,,,,,,,,,,,,,,,,,,,
430594,285023_43924,Roger Ibanez,Brazil,DF,0,0,0,0,0,0,0.0,0.0,0,0,0,10,1,2,1,1,0,0,0,22,100,0,0,1,100,0,0,,,,6,4,2,0,3,3,0,2,3,42,1.55,65,30,5075.62,,,,,,,Round of 16,0.0,49.0,669.0,0.0,False,,,None,1.0,1.0,5.07562,1.55,49.0,0.02415584345653791,0.018483621106419698,0.021895756240827013,0.2171092002976282,0.07344549974032376,0.132612646668281,0.08019348839822303,0.2992586274372713,12.335929607649676,0.5343233453811357,0.08733266480440628,26.12109246636714,0.7319122770393915,6.5518080021348215,0.968835136787605,0.6052848029198561,0.38977947239019234,3.790491924547617,2.4734214542375823,0.17740364384680068,13.91092971979078,35.2484610438165,2.942520281748817,5.07562,761.0,44.553988728133795,None,1.0,1.0,32.91091187215605,37.14312947208851,43.14637248823283,26.671842462361393,58.203219232428424,25.87450023433332,761.0,44.553988728133795,None,1.0,1.0,,,,,,,,,,,,,,,,,,,,,,,
463746,285023_43924,Endrick,Brazil,FW,0,1,0,1,0,0,0.09,0.0,0,0,3,36,4,1,1,0,0,0,1,18,83,1,0,4,25,0,0,,,,44,30,11,3,37,7,1,13,15,47,4.49,72,41,10030.85,,,,,,,Round of 16,0.0,102.0,815.0,0.0,False,,,None,1.0,1.0,10.030850000000001,4.49,102.0,0.025231195222369957,0.019306461121570532,0.04192505290666382,0.43849161381192414,0.07671509154655805,0.35023350582760177,0.08376348211475045,0.524298107685571,12.03822205800328,1.1932618780185926,0.09122047503472215,28.342518260110793,1.399646925902302,12.348126511710266,1.6471169402574173,0.4205131103336362,0.4071313833128651,6.499841910928745,8.088181402882716,0.39701847510632815,16.85909647535341,38.299646820031896,4.1226211570540485,10.030850000000001,588.0,56.88245872882379,None,1.0,1.0,56.08934252602899,62.31920583543086,44.723527966436954,42.717733382236304,42.43357222066011,35.62671082427511,588.0,56.88245872882379,None,1.0,1.0,34.632717230054396,38.29924486775699,40.16202891749298,44.04855046414751,27.17896199846384,41.54559330657471,C,C,C,C,D,C,32.899736763419426,D,46.02891308227735,54.91727941176471,,,None,1.0,27.416447302849523,47.01033737024221,210.0
430597,285023_43924,Gabriel Martinelli,Brazil,FW,1,2,50,1,1,0,0.49,2.04,0,0,3,11,2,3,3,0,0,0,0,40,95,1,100,1,100,0,0,,,,87,23,35,29,56,31,1,8,20,91,4.71,126,49,10297.16,,,,,,,Round of 16,1.0,98.0,94.0,0.0,False,,,None,1.0,1.0,10.29716,4.71,98.0,0.2371976063640766,0.01932675789050288,0.1267450827618744,0.6508924831990949,0.28873562740541764,0.35060170425067816,0.08385154217043578,0.5248492991999739,16.713555256154727,0.5586966900029182,0.0913163745831697,37.69766955504974,1.401118366476679,7.062610881059292,1.22496877313181,0.8448349647606175,0.831439169608999,7.566374585142749,6.613105260238802,0.39743585829221423,18.57233943011677,49.78466484296155,4.183396955379236,10.29716,322.0,70.39977661333259,None,1.0,1.0,72.49833513086764,61.27515528280871,57.24988355657727,45.79601493140055,70.69659449772922,43.14679415649149,322.0,70.39977661333259,None,1.0,1.0,76.52525214827531,71.69202747315296,56.78099970245511,60.75363176925841,38.24293186057569,43.50537999133171,A,A,B,B,C,C,63.351380612267825,A,50.915431560592864,45.34296028880867,,,None,1.0,52.79281717688985,76.8430795847751,58.0
519836,285023_43924,Igor Thiago,Brazil,FW,1,2,0,2,0,1,0.4,0.0,0,0,5,25,5,2,0,0,0,0,0,5,80,0,0,0,0,0,0,,,,16,15,1,0,12,4,0,9,7,21,1.73,95,43,7498.81,,,,,,,Round of 16,0.0,65.0,716.0,0.0,False,,,None,1.0,1.0,7.498810000000001,1.73,65.0,0.02494962065834856,0.019091005281084525,0.10635710153763135,0.6429527344717418,0.28521355826280564,0.5556795674724984,0.08282870016131909,0.3090924664556542,9.182268487151893,0.3425269783500403,0.09020247468787555,22.583002673519765,1.8027363558281242,9.907423656003244,1.8380900693116142,0.6251748671200441,0.19323329683976023,4.752468389792602,4.857600232631507,0.18323324645443032,17.089661863967144,42.687386797895044,3.546519419266101,7.498810000000001,721.0,48.420921607417824,None,1.0,1.0,62.40668960881749,39.525505562787686,32.480016813230456,40.46424325894133,35.73429365438911,30.51465563321984,721.0,48.420921607417824,None,1.0,1.0,62.940501404192986,63.34383182180399,30.22935147308912,49.546425324057424,32.86639113419407,46.33199540203894,B,A,D,C,D,C,52.90725040660315,B,47.27798053527981,55.43660789252728,,,None,1.0,44.08937533883596,63.38979238754325,90.0
448420,285023_43924,Luiz Henrique,Brazil,FW,0,0,0,0,0,0,0.0,0.0,0,0,2,10,3,0,1,0,0,0,0,12,100,0,0,3,100,0,0,,,,3,0,3,0,0,3,0,3,6,27,1.5,60,26,3896.86,,,,,,,Round of 16,0.0,38.0,642.0,0.0,False,,,None,1.0,1.0,3.89686,1.5,38.0,0.02310046889768329,0.01767606729417871,0.020939125431183446,0.2076236475824166,0.07023664834882651,0.12681876852331392,0.07668981577368542,0.2861839466676553,9.858588046705954,0.8986550022026688,0.08351707986085496,22.07228292615555,1.0876112263357833,6.265557948710098,1.3141828698642348,0.19116339444074754,0.37274991432634214,4.206398985520413,1.5900043389858847,0.16965283635788456,12.527805141958746,32.739256450448615,2.585472169575179,3.89686,792.0,41.149654988026626,None,1.0,1.0,27.391471087918397,36.716583652335224,44.12442295601444,27.314973182691,48.255617061862516,23.5343662490762,792.0,41.149654988026626,None,1.0,1.0,45.6983177674731,49.03806018290137,24.93729235907797,61.88492525004757,26.0343606505049,26.630485989409618,B,B,E,A,E,E,41.070722359512644,C,30.85051355944728,36.3899177884181,,,None,1.0,34.22560196626054,52.61284602076124,166.0
430609,285023_43924,Matheus Cunha,Brazil,FW,4,9,33,4,5,0,1.15,2.61,2,0,6,90,10,1,2,0,0,0,1,81,86,4,0,8,50,0,0,,,,165,47,85,33,131,34,2,37,66,199,6.13,338,109,26580.05,17.0,206.0,158.0,6.457469463348389,5.398113250732422,5.79531192779541,Round of 16,3.0,260.0,15.0,0.0,True,80.6,6.133026647567749,B,1.1,1.1,26.58005,6.13,260.0,0.5783832893689814,0.016909176106103433,0.23327326770122736,1.8674708811277219,0.8089027769615005,0.8630300338090803,0.4442192656191786,1.015481018384743,22.225421073862357,1.7868078484437915,0.07989362043783263,53.008334615364994,1.7821376950430583,20.82798950186821,2.555164389366741,0.3682979595681767,0.5420061941057981,15.149601872509898,10.236153162237215,0.5331490066216485,27.374828837374388,82.86791767493415,6.679405788349464,26.58005,148.0,79.9535458774401,B,1.1,1.1,88.3857887062939,67.47913158521136,76.30237729713942,68.73834417314015,68.68308665954177,67.78528253775087,148.0,79.9535458774401,B,1.1,1.1,91.54685152875098,76.0558570181763,71.67275867657841,52.149598584649645,74.17797447057532,66.00523866056119,S,A,B,B,A,B,80.2332308784375,S,63.424244289847934,44.60703615633193,78.19999999999999,6.152886581420899,BL-A,1.2,80.2332308784375,89.33243944636678,28.0
314197,285023_43924,Neymar Jr,Brazil,FW,1,1,0,1,0,0,0.02,0.0,3,0,0,10,1,0,1,0,0,0,0,14,86,4,25,1,0,0,0,,,,12,0,11,1,7,5,0,6,5,39,1.77,33,8,2431.01,,,,,,,Round of 16,0.0,20.0,580.0,0.0,False,,,None,1.0,1.0,2.43101,1.77,20.0,0.01950119744194819,0.014921968892826754,0.020949338994499665,0.3389102839648048,0.22292947812584984,0.2706955690261683,0.5556499083277043,0.8961392366197926,8.649799549095121,0.4313633293272394,0.07050432921319731,20.596848929320224,0.5908783872693938,5.289324783100717,0.7821480266332143,0.1613783302483486,0.3146719535410069,3.3873658908880375,1.3422666304071302,0.14321932048459116,7.630400112287596,23.21998894668971,1.9427647977858293,2.43101,866.0,25.036301587533604,None,1.0,1.0,20.315667022839516,28.559831216393388,24.10671832222174,14.925925051941203,25.718157484697144,13.36050086358249,866.0,25.036301587533604,None,1.0,1.0,37.41311264333499,34.77023488786856,15.436774129560234,66.72728426127593,13.775160625678161,9.312755573143386,C,D,E,A,E,F,32.06611141249445,D,30.442207442027687,29.287274713271437,,,None,1.0,26.721759510412042,41.49245242214533,239.0
433872,285023_43924,Raphinha,Brazil,FW,2,3,0,1,2,0,0.34,0.0,7,0,10,59,7,1,2,0,0,0,2,44,68,10,30,4,25,0,0,,,,86,39,41,6,40,46,5,28,37,120,3.25,189,108,15809.52,,,,,,,Round of 16,0.0,143.0,889.0,0.0,False,,,None,1.0,1.0,15.809520000000001,3.25,143.0,0.024617903469449417,0.018837181197271003,0.09254876557182395,0.8409754894514988,0.48799262739723964,0.3417204203860496,1.5277252953862932,2.3706941373454398,17.11645951209426,1.164257399141807,0.08900318946647094,42.73329172370118,2.811623712037117,16.79911779287674,2.226794019818351,0.4102917466491314,0.6038064080915725,10.88641565116698,9.750722993459767,1.2136526742813178,30.289569425934406,61.53752280402076,5.216119416093513,15.809520000000001,305.0,71.48277956425518,None,1.0,1.0,65.02568450142711,71.63996714396517,53.794504996613156,64.41404803259516,48.942582591268916,52.23114538729953,305.0,71.48277956425518,None,1.0,1.0,46.388751527817945,43.47892080598035,67.80225601923642,59.91837770400288,69.35006034892652,73.25079616334071,B,C,B,B,B,A,44.26386876810578,B,53.599313599313604,59.34761441090555,,,None,1.0,36.88655730675482,61.668598615916956,100.0
475036,285023_43924,Rayan,Brazil,FW,1,3,0,2,1,1,0.67,0.0,1,0,11,91,6,3,4,0,0,0,0,76,95,10,20,4,100,1,100,,,,45,27,16,2,19,26,6,57,64,192,4.63,292,112,25858.23,157.0,216.0,85.0,4.864964962005615,5.364741802215576,6.164356231689453,Round of 16,0.0,254.0,216.0,1.0,True,147.85,5.2647793054580685,B,1.1,1.1,25.85823,4.63,254.0,0.022222728603618725,0.2034774210928911,0.14508040890951623,0.7591536008567371,0.25404087645820983,0.49494605098877453,0.2602488451774393,2.1400397674723677,21.418265828167726,1.0509821129972134,0.26681669614126186,52.00165277938577,2.724542515028115,21.13179956147168,1.8236672862506482,0.7433187820946445,0.9180056236200942,14.862003072621082,6.564360106049986,1.2820445081381593,28.088467302352516,74.75700710500216,6.582435123227103,25.85823,80.0,86.12260827901778,B,1.1,1.1,69.3804847619695,86.47851845804904,78.57486971867324,75.80378847109016,91.54168748407551,70.59690581342738,80.0,86.12260827901778,B,1.1,1.1,35.005924668078634,47.63404545971996,79.254105756647,91.92235309044004,71.83716762371532,77.12325927600958,C,C,A,S,B,A,48.36806627274437,B,28.774422735346363,42.043977163529476,141.3,5.3047600269317625,BL-B,1.05,42.32205798865133,61.507223183391005,101.0
405742,285023_43924,Vinicius Junior,Brazil,FW,10,15,27,12,3,1,3.07,1.3,1,0,9,120,7,4,9,0,0,0,3,120,81,14,43,10,80,4,100,,,,220,89,104,27,103,117,15,71,90,333,5.72,421,208,37923.91,6.0,320.0,39.0,7.351788997650146,4.862656116485596,6.585500240325928,Round of 16,4.0,398.0,7.0,1.0,True,61.35,6.786846876144408,B,1.1,1.1,37.92391000000001,5.72,398.0,0.6777809484938775,0.1795475663684205,0.5229213312803563,2.644388878743243,1.7050508856095536,2.0821674622646964,0.22964241708405247,2.546533232163072,26.139270812478575,1.9146394844831967,0.7290666435212915,69.0865787012497,2.0750382743181617,23.418350339298136,1.7737387855131432,0.8204440970453682,1.6327586969223042,17.39228117357699,15.994023538530811,2.612156692704342,40.58125902050175,87.19128645383137,7.793633630367058,37.92391000000001,16.0,93.85917036279065,B,1.1,1.1,94.07163122095228,93.59607208791243,82.74486331791203,78.33169279748579,78.29112685612736,85.98667591792771,16.0,93.85917036279065,B,1.1,1.1,98.04066095037275,95.97768754980459,94.94899403216874,87.66150007400985,93.3067554222596,73.4109710366141,S+,S+,S,S,S,A,95.24972431611562,S+,57.32601671880608,54.4351124356543,47.3,6.872989082336425,BL-A,1.2,95.24972431611562,106.42954152249136,2.0
308370,285023_43924,Alisson,Brazil,GK,0,0,0,0,0,0,0.0,0.0,0,0,0,0,0,0,0,0,0,0,0,111,82,0,0,1,0,1,100,12.0,54.0,47.0,16,0,0,16,11,5,0,0,0,222,3.11,10,1,21437.15,,,,,,,Round of 16,0.0,413.0,1253.0,0.0,False,,,None,1.0,1.0,21.437150000000003,3.11,413.0,,,,,,,,,,,,,,,,,,,,,,,,,,,,,,,,,,,,,,,,,,,,,,,,,,,,,,,,,,,,,,,
430605,285023_43924,Bruno Guimaraes,Brazil,MF,1,6,0,4,2,1,0.23,0.0,7,0,35,111,10,3,7,0,0,0,0,173,80,10,20,14,36,3,67,,,,282,41,132,109,213,69,4,43,78,396,7.13,597,122,44520.18,104.0,53.0,73.0,5.297788143157959,6.358667373657227,6.245833396911621,Round of 16,0.0,374.0,164.0,4.0,True,88.60000000000001,5.693931341171265,B,1.1,1.1,44.52018,7.13,374.0,0.01999202504854279,0.6863173165854807,0.05670515321744331,1.1862150700462497,0.22854041266018388,0.7807735644868953,1.2406548921015124,1.925223918237404,35.54054328921124,2.62303462574148,0.575543691154567,81.00376803105834,6.477173297609864,22.365701654974348,2.3116284833456766,0.6687049090933233,1.329121626425631,15.718733741385403,8.254002970001123,0.817843797167999,26.946514014639565,118.41820348836211,9.052328788485926,44.52018,42.0,90.04273442535954,B,1.1,1.1,65.29528976344038,97.06440802372322,84.35129081527525,88.45728850657547,73.81245678476719,84.7804619628315,42.0,90.04273442535954,B,1.1,1.1,,,,,,,,,,,,,,,,,,,,,,,
308386,285023_43924,Casemiro,Brazil,MF,2,3,33,2,1,2,0.65,1.54,0,0,15,63,20,5,4,2,0,0,0,186,89,1,100,7,57,2,100,,,,82,3,25,54,64,18,1,7,67,402,6.45,331,93,34127.27,108.0,4.0,263.0,5.262962341308594,7.482791900634766,5.345147132873535,Round of 16,1.0,317.0,145.0,0.0,True,131.15,5.616482973098755,B,1.1,1.1,34.127269999999996,6.45,317.0,0.1970563051508094,0.016056062111356694,0.13346750297307022,0.7168139729270132,0.41594545666468064,0.4673418459629389,0.06966122185879624,0.4360282772103141,39.59175155694384,1.5205855393841046,0.42800874142559414,86.0767358749443,3.276880866779692,15.023190077693744,4.186979244551989,1.0540082678074205,0.8668064769683431,14.561336176769927,1.9724999732866073,0.33017720106877735,23.17652638000834,77.45449459681043,7.6712731323049415,34.127269999999996,92.0,84.65538365134458,B,1.1,1.1,77.00318164647172,65.96660383402126,85.70353537383076,80.61790593286223,84.65669744451738,70.13851953204303,92.0,84.65538365134458,B,1.1,1.1,,,,,,,,,,,,,,,,,,,,,,,
429392,285023_43924,Danilo Santos,Brazil,MF,1,2,0,2,0,1,0.19,0.0,0,0,1,10,1,0,0,0,0,0,0,10,70,0,0,1,100,0,0,,,,17,4,7,6,9,8,0,3,6,23,5.7,82,26,4885.01,,,,,,,Round of 16,0.0,38.0,641.0,0.0,False,,,None,1.0,1.0,4.88501,5.7,38.0,0.02310046889768329,0.01767606729417871,0.05776838069067451,0.5953000187349541,0.2640748339250953,0.5144951396758514,0.07668981577368542,0.2861839466676553,9.470911675553417,0.5109786310501312,0.08351707986085496,21.296930183850478,0.8937730407595146,6.265557948710098,0.9265064987116973,0.19116339444074754,0.17891172875007338,4.206398985520413,2.3653570812909597,0.16965283635788456,12.527805141958746,37.00369653312652,2.7770133726523687,4.88501,835.0,31.31419090458305,None,1.0,1.0,48.39575735380238,29.564808774618168,21.518923989584234,19.144069536207923,19.110170740271446,18.763501196715048,835.0,31.31419090458305,None,1.0,1.0,,,,,,,,,,,,,,,,,,,,,,,
485069,285023_43924,Ederson Silva,Brazil,MF,0,1,0,1,0,0,0.32,0.0,0,0,0,7,2,1,0,0,0,0,0,2,100,1,100,0,0,0,0,,,,6,4,1,1,3,3,0,3,1,9,2.11,34,17,2090.32,,,,,,,Round of 16,0.0,14.0,553.0,0.0,False,,,None,1.0,1.0,2.09032,2.11,14.0,0.017257172698220462,0.013204881133456144,0.0619806378882216,0.2999114960501261,0.052470189054103514,0.2395463251543266,0.057291018674254165,0.35859985664326455,5.916778860550759,0.23691932234682425,0.062391316678181666,13.882550043857437,0.5228853460464856,4.246256596524642,0.836951915734909,0.28761488716394473,0.13365575454127832,2.41835171217459,1.767036670363453,0.1267389120428013,8.055620268690934,20.692845221019542,1.6698745242233413,2.09032,847.0,28.796591065212755,None,1.0,1.0,23.735812728757303,18.099061406177842,27.767677817848252,14.68860554218851,47.33596582705565,14.086215222411017,847.0,28.796591065212755,None,1.0,1.0,,,,,,,,,,,,,,,,,,,,,,,
394456,285023_43924,Fabinho,Brazil,MF,0,1,0,1,0,1,0.02,0.0,0,0,1,24,5,4,0,1,0,0,0,43,98,0,0,0,0,0,0,,,,34,0,12,22,29,5,0,1,11,93,4.74,117,36,9907.51,,,,,,,Round of 16,0.0,95.0,787.0,0.0,False,,,None,1.0,1.0,9.90751,4.74,95.0,0.02527138481627964,0.019337213482902234,0.027148015343810814,0.4391900666492387,0.07683728743735226,0.3507913764416857,0.08389690505809434,0.3130786944850838,17.358760760354205,0.34694439640487545,0.09136577587424177,38.142172722520044,0.9777672718026639,9.82314074803617,1.8617950991977348,1.0573465556492319,0.19572534070260297,5.661977033113313,1.7394283937715387,0.18559632411632088,15.825677827706036,47.90310698485461,4.103033080628935,9.90751,553.0,58.73119357400884,None,1.0,1.0,51.214974175811825,46.92962367755555,49.91502122144479,39.65726550997622,69.30844169047359,36.57009694778072,553.0,58.73119357400884,None,1.0,1.0,,,,,,,,,,,,,,,,,,,,,,,
411726,285023_43924,Lucas Paqueta,Brazil,MF,1,5,0,2,3,1,0.24,0.0,1,0,9,104,17,3,6,0,0,0,0,190,85,5,0,8,63,1,100,,,,192,22,89,81,110,82,1,20,78,412,6.46,335,123,27561.36,143.0,104.0,47.0,4.923226833343506,5.983496189117432,6.426150798797607,Round of 16,0.0,255.0,217.0,1.0,True,113.14999999999999,5.45799822807312,B,1.1,1.1,27.56136,6.46,255.0,0.02220189078011761,0.20328662424418614,0.06483617265655771,1.131038023021133,0.2538026672337655,0.4944819496339392,0.26000481486059995,1.206542428913031,42.63616948658739,1.795189159037866,0.2665665072773959,92.93848107577415,2.3493914982843966,23.533860409008682,3.871236730754094,0.7426217864258124,1.2897410933101032,17.456241120177342,5.626714167740721,0.3493516951660125,30.111408751041868,82.69772861845856,6.893552840033297,27.56136,94.0,84.55907916338819,B,1.1,1.1,65.34826017600844,81.56507874160664,87.9037190140458,81.66892617997699,75.34197521755787,72.33540344018144,94.0,84.55907916338819,B,1.1,1.1,,,,,,,,,,,,,,,,,,,,,,,
409241,285023_43850,Diney Borges,Cabo Verde,DF,2,4,0,3,1,3,0.18,0.0,0,1,5,29,16,2,0,1,0,0,0,195,81,0,0,8,13,9,44,,,,103,2,2,99,57,46,0,3,42,388,5.88,395,111,43337.98,266.0,50.0,323.0,4.570214748382568,6.376781940460205,5.031055927276611,Round of 16,0.0,445.0,1273.0,0.0,True,247.85,4.956410121917725,C,1.0,1.0,43.33798,5.88,445.0,0.018913207625405114,0.01447204955952051,0.04571008339128173,0.8047990988909226,0.3749103124514514,0.5799386717137378,0.06278878644871333,0.23430937382080827,37.11414538307128,1.529274494141967,1.4967008968794269,75.36299133763791,1.3665749655490083,8.145191093199465,3.1391024069961855,0.47391750864436166,0.14648164448340073,9.157223816047459,1.6192002878070508,0.13890104709508044,23.746688406227065,79.97017214349582,8.376225425971757,43.33798,534.0,59.46313124580986,C,1.0,1.0,40.1198516218591,37.88832355391733,66.82486683515222,41.79666886437959,44.91699269872941,65.65833697590783,534.0,59.46313124580986,C,1.0,1.0,,,,,,,,,,,,,,,,,,,,,,,
477770,285023_43850,Pico Lopes,Cabo Verde,DF,0,2,0,2,0,2,0.29,0.0,0,0,6,36,9,0,3,0,0,0,0,182,84,0,0,7,14,5,60,,,,66,2,6,58,24,42,0,3,38,384,5.66,366,99,41751.06,309.0,31.0,309.0,4.449967861175537,6.624897480010986,5.092410564422607,Round of 16,0.0,445.0,1273.0,0.0,True,267.29999999999995,4.936817979812622,C,1.0,1.0,41.751059999999995,5.66,445.0,0.018913207625405114,0.01447204955952051,0.06316735688798458,0.48739412622359757,0.05750533978412648,0.4212361853800753,0.06278878644871333,0.23430937382080827,35.05101306073367,1.3705720078083046,0.8618909515447771,74.72818139230327,1.5252774518826706,9.256108497535104,2.028185002660548,0.15651253597703663,0.6225891034843882,8.522413870712809,1.6192002878070508,0.13890104709508044,21.842258570223116,75.36780003981961,8.12437727635914,41.751059999999995,599.0,56.10604401071833,C,1.0,1.0,35.3678595396428,35.7085894708,66.89150324064944,41.746905654873046,40.55314640256289,60.60633880882105,599.0,56.10604401071833,C,1.0,1.0,,,,,,,,,,,,,,,,,,,,,,,
477832,285023_43850,Sidny Lopes Cabral,Cabo Verde,DF,2,4,25,0,4,0,0.11,8.93,8,0,22,77,9,2,9,2,0,0,0,105,83,11,9,3,33,0,0,,,,83,18,48,17,12,71,2,16,54,234,5.79,257,117,30954.32,57.0,148.0,68.0,5.713917255401611,5.727325439453125,6.268213748931885,Round of 16,1.0,324.0,147.0,0.0,True,73.39999999999999,5.8545026063919074,B,1.1,1.1,30.95432,5.79,324.0,0.19585166929786407,0.01595790890554247,0.03815341822540163,0.8874286019090665,0.41340271737204776,0.11449166389373329,1.4692083665797009,2.183329011771749,25.17499444927071,0.8113034660929973,0.07539900874417686,56.15110250927033,4.481825154480852,17.381303719888585,2.2364207214003473,0.522575078297267,1.736490675740469,12.197364346916048,4.585391138944018,0.5031554007931677,27.23476365208812,64.03125302023592,7.06912190693519,30.95432,291.0,72.26600827446063,B,1.1,1.1,63.374355323449514,59.978045676304504,64.88829878853247,81.64676898275435,62.526349828475915,63.96771509626221,291.0,72.26600827446063,B,1.1,1.1,,,,,,,,,,,,,,,,,,,,,,,
477847,285023_43850,Steven Moreira,Cabo Verde,DF,0,2,0,1,1,0,0.06,0.0,0,0,9,77,7,0,2,0,0,0,0,109,81,4,75,3,0,0,0,,,,56,10,35,11,14,42,0,11,39,226,6.63,313,113,33908.12,,,,,,,Round of 16,0.0,346.0,1195.0,0.0,False,,,None,1.0,1.0,33.908120000000004,6.63,346.0,0.02046399998613579,0.01565868824850067,0.028852251575594515,0.527358108144743,0.06222050198213756,0.2840602038561343,0.0679371659458759,0.9403829370147195,25.389809058102234,0.7960910245618688,0.07398523071910632,53.724511989512955,2.165488879504557,17.0553935301455,1.851055791458474,0.16934581365045165,0.501923096016226,9.392926283514903,3.1256895849269024,0.15029026710465718,26.03723367952596,72.44668589099888,7.443784241195467,33.908120000000004,575.0,57.50144739759659,None,1.0,1.0,34.89891750454703,41.911418162158796,53.02961775311195,55.688947973979566,41.060277124950105,60.93287608647208,575.0,57.50144739759659,None,1.0,1.0,,,,,,,,,,,,,,,,,,,,,,,
482783,285023_43850,Wagner Pina,Cabo Verde,DF,0,1,0,1,0,0,0.18,0.0,0,0,4,19,2,1,3,1,0,0,0,38,79,3,33,2,0,0,0,,,,46,18,22,6,14,32,2,10,13,87,1.68,134,74,11150.18,,,,,,,Round of 16,0.0,99.0,796.0,0.0,False,,,None,1.0,1.0,11.15018,1.68,99.0,0.025251940644775078,0.01932233514924085,0.06102974892074348,0.43885214741603845,0.07677816770941734,0.3505214724480803,0.08383235355755289,0.9485119632149563,16.285947750301787,0.7704602230249148,0.09129547771572528,36.84147726728973,1.6126891194612956,8.756125753762383,1.2246884508983384,0.4208588617744174,0.8312489028118915,6.081403396219905,5.55213498845472,0.6092362942928892,23.865373963848654,51.46840318760306,4.363187215051676,11.15018,526.0,59.781614945589546,None,1.0,1.0,61.30431829637462,66.40927387532817,45.175027549096924,42.80364955070296,41.17243283412931,41.0466296128084,526.0,59.781614945589546,None,1.0,1.0,,,,,,,,,,,,,,,,,,,,,,,
482782,285023_43850,Dailon Livramento,Cabo Verde,FW,0,1,0,0,1,0,0.0,0.0,0,0,8,93,4,1,1,0,0,0,2,19,79,3,33,0,0,0,0,,,,66,43,23,0,53,13,2,18,23,55,5.22,237,100,23067.28,,,,,,,Round of 16,0.0,198.0,980.0,0.0,False,,,None,1.0,1.0,23.06728,5.22,198.0,0.023435761739303358,0.01793262740375844,0.021243047351468133,0.4072888698062089,0.0712561014826592,0.12865948549998119,0.07780293370942816,0.8802927541089421,11.378242599522084,0.3217435953764279,0.08472929244209677,27.89889856705676,2.2833073647934716,22.67858738370826,1.5299092979320772,0.39058970354662437,0.3781602104784108,7.610531164853902,10.069103870071833,0.5654185884892978,27.2618633269042,68.02179557570769,6.392894024245297,23.06728,634.0,54.08653073476864,None,1.0,1.0,36.33341262285119,44.40452069682912,37.8302323641046,57.81087680555848,39.54506177775451,54.2948397136517,634.0,54.08653073476864,None,1.0,1.0,5.72780115507702,10.256896747998331,44.27443799091883,41.65908946734051,69.24033502797997,68.98260689317279,F,F,C,D,B,B,14.282754603104708,F,52.732240437158474,44.09758114533802,,,None,1.0,11.902295502587258,35.51544117647059,256.0
477862,285023_43850,Gilson Benchimol,Cabo Verde,FW,0,0,0,0,0,0,0.0,0.0,0,0,5,52,4,0,1,0,0,0,0,11,82,0,0,2,0,0,0,,,,35,20,15,0,24,11,1,7,12,26,3.24,123,54,9993.83,,,,,,,Round of 16,0.0,93.0,781.0,0.0,False,,,None,1.0,1.0,9.993829999999999,3.24,93.0,0.0252772224983275,0.019341680373214157,0.022912215972269407,0.22718799168537263,0.07685503682689859,0.1387688814078222,0.08391628521711963,0.31315101556632446,10.575457741247629,0.771231595918606,0.09138688134010711,23.940047194472655,1.826407246670651,15.764308667021707,1.650121645554785,0.2091766914436494,0.40787408092847804,5.8753884757833115,5.981900755849138,0.3977427245425087,19.647197053564387,49.186793754095696,4.12228965651081,9.993829999999999,641.0,53.7045369571738,None,1.0,1.0,49.18513806396503,56.16191770134168,39.79901874745559,49.47818824319378,37.73317454073541,35.92552565522064,641.0,53.7045369571738,None,1.0,1.0,27.280530700976875,30.102834591887078,27.16197811714561,39.45993952337653,40.3094254050693,57.65730114760584,D,D,E,D,C,B,27.22739153831212,D,40.35306533627554,45.56528742575254,,,None,1.0,22.689492948593433,43.951470588235296,230.0
355642,285023_43850,Ryan Mendes,Cabo Verde,FW,0,6,0,3,3,0,0.07,0.0,0,0,24,102,14,1,2,0,0,0,2,82,85,5,0,4,50,1,100,,,,151,52,84,15,50,101,0,35,51,211,6.2,468,170,37830.2,122.0,299.0,100.0,5.060402870178223,4.946753978729248,6.097384929656982,Round of 16,0.0,366.0,243.0,1.0,True,143.05,5.302601051330566,B,1.1,1.1,37.8302,6.2,366.0,0.02012401659297718,0.1842610361403935,0.030061532997344032,1.1940467108503496,0.06118678729281726,0.6170658982667635,0.0668084761386287,1.0936221648887965,20.408702175079124,0.9517274794704601,0.24161855711794789,50.29900993650494,4.662449486462952,20.993602236297683,3.002340328169418,0.3353948449661938,0.49358428066224436,11.263224697461135,10.165985098010687,0.14779338501886885,35.229820416678066,97.41676318679114,7.98240743412376,37.8302,231.0,74.8017108868389,B,1.1,1.1,48.850661593663865,63.71861858449853,65.59490732532016,85.24920341006506,60.713320696070284,86.21722598449605,231.0,74.8017108868389,B,1.1,1.1,13.215337581678002,26.346146548780027,57.30351756119628,65.32109703749128,92.15463955232072,84.30286241920591,F,E,B,A,S,A,28.744698354698606,D,43.96062729396063,43.523090328202144,133.1,5.360132598876953,BL-B,1.05,25.15161106036128,43.48961937716263,235.0
364752,285023_43850,Vozinha,Cabo Verde,GK,0,0,0,0,0,0,0.0,0.0,0,0,0,0,0,0,3,0,0,0,0,166,70,0,0,2,0,0,0,18.0,136.0,102.0,35,0,0,35,19,16,0,0,7,299,2.89,44,9,21320.84,,,,,,,Round of 16,0.0,445.0,1273.0,0.0,False,,,None,1.0,1.0,21.32084,2.89,445.0,,,,,,,,,,,,,,,,,,,,,,,,,,,,,,,,,,,,,,,,,,,,,,,,,,,,,,,,,,,,,,,
477827,285023_43850,Deroy Duarte,Cabo Verde,MF,2,3,33,1,2,0,0.12,8.28,0,0,13,137,26,4,1,0,0,0,0,101,86,1,100,2,50,1,100,,,,56,11,29,16,41,15,1,14,51,228,6.26,323,73,31052.7,89.0,137.0,305.0,5.453007698059082,5.761402606964111,5.100103855133057,Round of 16,1.0,300.0,136.0,0.0,True,150.20000000000002,5.41104097366333,C,1.0,1.0,31.0527,6.26,300.0,0.20005579398294354,0.016300459157948068,0.04075994496806652,0.7277249432959481,0.42227676258807045,0.29570240353936905,0.07072156883342547,0.44266527340785317,25.00038506755224,0.6499657159054403,0.2557705908931787,56.28391579854982,2.9692536920529333,28.479593018383568,5.323229735255065,0.8912987572587222,0.343741322856708,11.92293204046407,3.4325489645643903,0.3352029871073066,19.954245888819166,77.20344210529272,7.238452422056625,31.0527,240.0,74.36980192254225,C,1.0,1.0,60.97921329387954,51.89792256250427,59.437934312257546,76.88401335790147,65.62916728222447,55.96199643591423,240.0,74.36980192254225,C,1.0,1.0,,,,,,,,,,,,,,,,,,,,,,,
373344,285023_43850,Garry Rodrigues,Cabo Verde,MF,0,1,0,1,0,0,0.04,0.0,0,0,3,23,1,0,0,0,0,0,2,14,79,2,50,2,100,0,0,,,,29,18,11,0,16,13,0,13,11,40,3.53,123,50,10160.29,,,,,,,Round of 16,0.0,90.0,775.0,0.0,False,,,None,1.0,1.0,10.160290000000002,3.53,90.0,0.02528061974617542,0.01934427988674961,0.031400576738494494,0.43935056000984857,0.07686536611084105,0.3509195662418504,0.08392756352981313,0.7374571716402555,11.213275181294085,0.7713352491138752,0.09139916369771113,26.913113207517515,1.402388646308285,9.614598387013269,1.013947318127374,0.20920480470114394,0.19579686467382013,5.664046091115178,5.558440652029738,0.18566414663790368,18.80130949098661,49.19340443805189,4.158155188909133,10.160290000000002,661.0,52.6631860858216,None,1.0,1.0,53.516375663166485,65.24254738277291,38.32195169204813,36.32103083240297,35.020276357522704,34.39368091618652,661.0,52.6631860858216,None,1.0,1.0,,,,,,,,,,,,,,,,,,,,,,,
477849,285023_43850,Helio Varela,Cabo Verde,MF,1,3,33,0,3,0,0.26,3.91,0,0,5,39,2,1,2,0,0,0,1,29,93,1,0,3,100,0,0,,,,34,20,12,2,9,25,2,24,17,77,4.81,179,68,13847.35,,,,,,,Round of 16,1.0,130.0,100.0,0.0,False,,,None,1.0,1.0,13.84735,4.81,130.0,0.23345549940252563,0.019021852641437034,0.076768372761367,0.8492200434810444,0.28418043977969104,0.13647424434808791,0.08252867283586439,0.5165691051187287,14.155317964807459,0.9670750140795777,0.08987573761271572,34.182591259775855,1.7962063708556972,12.791883902725198,1.2056432654090081,0.41431406658063324,0.6097258607002849,6.821216228274727,5.882985991798512,0.5997620331261988,22.242664936996505,60.05484709914908,4.857954648577265,13.84735,391.0,67.0816810404435,None,1.0,1.0,67.09464443855893,56.70238997919791,56.44633795121457,49.916922767026236,57.50184820587696,46.55542630279352,391.0,67.0816810404435,None,1.0,1.0,,,,,,,,,,,,,,,,,,,,,,,
401894,285023_43850,Jamiro Monteiro,Cabo Verde,MF,1,5,0,2,3,0,0.19,0.0,4,0,12,110,23,4,2,0,0,0,0,106,82,6,33,3,33,0,0,,,,105,12,73,20,69,36,0,17,65,259,6.17,339,109,32481.15,,,,,,,Round of 16,0.0,314.0,1176.0,0.0,False,,,None,1.0,1.0,32.48115,6.17,314.0,0.02103887075254468,0.016098569118343908,0.05261284956240814,1.07178992177842,0.24050751197119502,0.46857909224250527,0.7760021380728058,1.3198782414296817,25.57343733839456,0.8184546610811796,0.0760636096438154,61.05952176372146,2.7559387488774645,23.360301454932745,4.7276812731785,0.8802595380773188,0.5160230234537093,14.246807781662442,3.5665741049583053,0.1545121924903484,26.062510164657557,79.07186152201749,7.400977568600919,32.48115,293.0,72.07248451662862,None,1.0,1.0,48.47691424329209,52.08315953356867,58.65015834998955,75.12542850433263,62.497801367565444,62.89676457063047,293.0,72.07248451662862,None,1.0,1.0,,,,,,,,,,,,,,,,,,,,,,,
477855,285023_43850,Joao Paulo,Cabo Verde,MF,0,2,0,1,1,1,0.08,0.0,1,0,5,25,4,0,4,0,0,0,0,62,84,5,0,6,67,0,0,,,,32,4,20,8,6,26,1,12,25,144,3.17,122,58,12421.69,,,,,,,Round of 16,0.0,121.0,855.0,0.0,False,,,None,1.0,1.0,12.42169,3.17,121.0,0.02500628615101318,0.019134364706645708,0.039453035224605394,0.6444130065118586,0.07603125870206841,0.3471115493820396,0.292846896034092,1.358944854271457,21.163437533754358,1.6022853781280373,0.09040734223827841,48.44339241204156,1.806830724441831,9.9299253625499,1.632434657544117,0.20693461090150178,1.0329924700941207,8.540203540707966,2.5605019658288852,0.39347948078756195,20.27592697944569,48.44975028560547,4.587542544615805,12.42169,473.0,62.35438191647176,None,1.0,1.0,52.02362203188512,66.78252194789059,57.992318764570605,47.420313555846995,45.93106707475282,41.48341490614783,473.0,62.35438191647176,None,1.0,1.0,,,,,,,,,,,,,,,,,,,,,,,
477856,285023_43850,Jovane Cabral,Cabo Verde,MF,0,2,0,0,2,0,0.05,0.0,0,0,14,86,7,1,2,0,0,0,0,34,79,1,0,2,50,0,0,,,,57,21,32,4,29,28,0,21,24,84,2.92,190,61,14327.66,,,,,,,Round of 16,0.0,148.0,899.0,0.0,False,,,None,1.0,1.0,14.32766,2.92,148.0,0.024518441855533948,0.018761074942088726,0.03251125537054444,0.6318412392665775,0.0745479750344372,0.13460326783847784,0.08139725636250135,0.5094872658611883,14.989940054814038,0.748080491950101,0.08864359747769965,35.15412501968808,3.623210263577859,22.28613202628702,2.217797294027168,0.4086340799291135,0.6013669006040314,8.16785732216859,6.008070463041722,0.18006661346533837,20.49757621514123,61.49463453240193,4.89017244165859,14.32766,560.0,58.41517154574893,None,1.0,1.0,42.45458791879026,47.41065124356422,45.031589365767296,73.05194553648836,42.85306604342887,41.39939891575379,560.0,58.41517154574893,None,1.0,1.0,,,,,,,,,,,,,,,,,,,,,,,
477852,285023_43850,Kevin Pina,Cabo Verde,MF,1,5,20,0,5,0,0.09,11.33,0,0,22,93,23,5,3,1,0,0,0,156,86,1,0,1,0,3,67,,,,71,1,26,44,53,18,0,5,66,359,6.07,388,116,39576.48,110.0,61.0,301.0,5.249795436859131,6.297797203063965,5.1393632888793945,Round of 16,1.0,389.0,156.0,0.0,True,150.4,5.379387664794921,C,1.0,1.0,39.576480000000004,6.07,389.0,0.18547885266665493,0.015112736314018703,0.0328181465023535,1.0061564076153298,0.22577948283737148,0.10842788593549926,0.06556848559521342,0.41041074288535656,32.29380651766807,0.43687802182683905,0.568590716305419,73.89323644183087,4.244455972654443,19.11239794301316,4.438170866804398,0.9920831716826988,0.6501515154604406,13.540100175487849,1.5251549595717837,0.14505028398745992,25.626610994584055,82.35040364472353,8.123659033101404,39.576480000000004,261.0,73.56399786545519,C,1.0,1.0,51.07125476021251,42.80992283034153,58.00255685831118,79.62120465891078,68.4780288504189,66.9178379039904,261.0,73.56399786545519,C,1.0,1.0,,,,,,,,,,,,,,,,,,,,,,,
480966,285023_43850,Laros Duarte,Cabo Verde,MF,3,3,0,2,1,0,0.7,0.0,1,0,13,97,4,0,2,0,0,0,0,41,80,2,100,2,50,0,0,,,,82,7,65,10,62,20,3,16,34,106,6.95,252,66,21530.22,,,,,,,Round of 16,0.0,187.0,969.0,0.0,False,,,None,1.0,1.0,21.53022,6.95,187.0,0.02367990746355534,0.01811944336280145,0.16055456610644028,0.808932482574847,0.6680993487126495,0.5274004329494357,0.27731376651449463,0.6907630334267568,15.86818401453347,0.722496026829335,0.0856119731374693,38.323255454791706,3.300595620136803,23.7096463594873,1.545847368037861,0.1959584245162231,0.5808000623308135,9.875518461037883,3.0207892317840392,0.7700092338695698,20.79005757433698,71.71092792966942,6.154078704344659,21.53022,390.0,67.1570625102942,None,1.0,1.0,64.25701640465064,56.13907336132211,49.82377837202528,68.21220374939396,46.91356947113529,49.147719589573505,390.0,67.1570625102942,None,1.0,1.0,,,,,,,,,,,,,,,,,,,,,,,
401893,285023_43850,Nuno Da Costa,Cabo Verde,MF,0,1,0,1,0,0,0.07,0.0,0,0,6,61,3,0,3,0,0,0,0,23,78,1,0,5,40,0,0,,,,49,32,16,1,32,17,4,31,33,71,5.99,185,86,18105.97,,,,,,,Round of 16,0.0,180.0,954.0,0.0,False,,,None,1.0,1.0,18.105970000000003,5.99,180.0,0.023834796873492232,0.018237961980121585,0.035604747659944036,0.41422368040142815,0.07246936215381646,0.33085013992087237,0.07912766573386085,0.4952812892019685,12.371977226671813,1.3272218469555148,0.08617195792724115,31.573926469169155,1.9221846955514812,16.664730290456433,1.355958699218373,0.19724018141464825,0.7845990543278974,9.740113866640934,8.040548103830938,0.9750458361478338,24.92604458168484,58.77998649039853,5.509482308404903,18.105970000000003,590.0,56.84850538599318,None,1.0,1.0,46.710380839760475,55.457183578321725,45.64924689559128,51.164476285522866,41.436274564176195,43.60141221158082,590.0,56.84850538599318,None,1.0,1.0,,,,,,,,,,,,,,,,,,,,,,,
494314,285023_43850,Telmo Arcanjo,Cabo Verde,MF,0,0,0,0,0,0,0.0,0.0,1,0,6,27,1,0,1,0,0,0,0,14,86,1,100,0,0,1,100,,,,12,3,4,5,7,5,0,5,12,31,3.03,58,27,6515.91,,,,,,,Round of 16,0.0,69.0,728.0,0.0,False,,,None,1.0,1.0,6.51591,3.03,69.0,0.025059153001090552,0.019174817478567266,0.02271454965754722,0.22522801482761548,0.07619199961060326,0.13757170635416513,0.29346601607673894,0.5207231121190177,11.115043113367118,0.344030719946146,0.3008721625102596,24.784882093304525,2.0209243081802564,10.371466011441639,1.005064798059124,0.2073721001385793,0.40435530445808304,5.824700825624336,2.355641545351098,0.18403766616995246,13.800308902040252,35.0946640358204,3.3554111319362887,6.51591,748.0,45.716257786330715,None,1.0,1.0,40.51115585812535,50.71719406941712,33.847061189339655,40.42840764025272,35.65976238125291,27.811977185285684,748.0,45.716257786330715,None,1.0,1.0,,,,,,,,,,,,,,,,,,,,,,,
433724,285023_43850,Willy Semedo,Cabo Verde,MF,0,3,0,2,1,0,0.06,0.0,0,0,6,57,6,4,2,0,0,0,0,33,91,2,0,1,0,0,0,,,,61,29,28,4,23,38,1,28,33,105,5.15,207,90,17802.43,,,,,,,Round of 16,0.0,156.0,912.0,0.0,False,,,None,1.0,1.0,17.80243,5.15,156.0,0.024353767678237978,0.018635069195088977,0.03433644606832252,0.8319523113985278,0.07404728553180859,0.5424086913017115,0.08085056476176171,0.7104201088066407,14.684907797328721,0.5387013971126355,0.08804823699055268,39.20946736371343,1.9640376949126686,16.210163561384324,1.9985470823109819,1.0189537517975,0.5973279163898838,9.952191811274375,7.60255608139793,0.38321195732080854,26.286194774293786,64.55564614492711,5.567414077089304,17.80243,414.0,66.14026089211274,None,1.0,1.0,49.12134659675998,50.74487402048922,53.7985441748886,55.06546319563367,71.76497639045634,49.88994320826422,414.0,66.14026089211274,None,1.0,1.0,,,,,,,,,,,,,,,,,,,,,,,
494313,285023_43850,Yannick Semedo,Cabo Verde,MF,0,1,0,0,1,0,0.01,0.0,2,0,3,12,1,1,1,0,0,0,0,35,77,2,50,0,0,2,100,,,,14,0,8,6,10,4,0,2,13,79,3.45,75,30,5295.67,,,,,,,Round of 16,0.0,46.0,182.0,1.0,False,,,None,1.0,1.0,5.29567,3.45,46.0,0.023920980343141888,0.21902708155485706,0.023690099302097152,0.41572145838449737,0.07273140177206298,0.13132327670162103,0.48086012793428373,0.6977953342850441,14.825390740440673,0.32840503782831637,0.48792989135553627,33.29387899488987,1.3269655403468081,6.8895522462625065,0.9594153193010907,0.39867654931408053,0.38598971358553164,5.760869358363265,1.6464801085577134,0.17567877871441048,13.775676141496081,36.912978051695845,2.958079797218815,5.29567,796.0,40.501473569229994,None,1.0,1.0,34.377814577076634,57.56877582100005,29.388008387401392,28.0532111268328,29.52787881539885,24.31603702569724,796.0,40.501473569229994,None,1.0,1.0,,,,,,,,,,,,,,,,,,,,,,,
441252,285023_43899,Alistair Johnston,Canada,DF,2,5,0,4,1,2,0.18,0.0,2,0,12,52,16,5,4,1,0,0,0,240,77,24,25,17,53,2,100,,,,176,53,50,73,39,137,8,47,88,509,6.28,683,264,53458.13,260.0,20.0,33.0,4.583779335021973,6.848737716674805,6.67397928237915,Round of 16,0.0,511.0,1285.0,0.0,True,167.25,5.446073079109191,C,1.0,1.0,53.45813,6.28,511.0,0.01784635373223212,0.013655711965149276,0.04313167462059037,0.9091525061241974,0.35376241758605226,0.6969759783101372,0.3587478362399956,3.815102462796815,41.759383946759264,2.7907651100332473,0.3640222646709792,89.23172530969406,2.3377422845227396,11.129997721639588,2.9620323039072676,0.8964360759344289,0.7372205897629845,15.529203394323494,9.165135851454114,1.3290692616747508,45.31900176665255,118.5873442939756,9.419237002965401,53.45813,139.0,80.68968517984226,C,1.0,1.0,53.88549411639709,61.68026441480878,75.20170787459165,61.74557408047089,62.12682802243526,87.35440666669328,139.0,80.68968517984226,C,1.0,1.0,,,,,,,,,,,,,,,,,,,,,,,
412144,285023_43899,Alphonso Davies,Canada,DF,0,0,0,0,0,0,0.0,0.0,0,0,1,4,0,0,0,0,0,0,0,18,78,1,0,0,0,0,0,,,,13,6,7,0,3,10,0,14,8,41,1.4,37,17,2589.59,,,,,,,Round of 16,0.0,22.0,584.0,0.0,False,,,None,1.0,1.0,2.5895900000000003,1.4,22.0,0.02008779577654574,0.015370823488935806,0.0182083263012584,0.18054618066369046,0.061076658413707886,0.11027955899998387,0.06668822889379555,0.41741951661011606,9.584220806134441,0.27578022460836676,0.07262510780751151,21.55352172052296,0.7772106442029839,4.437076911316166,0.6371165672609689,0.16623260958404654,0.15557875838272064,3.994933953750301,2.393993559335491,0.1475273746504209,9.376950537648188,24.592683230851716,2.027933410803668,2.5895900000000003,918.0,14.854101885282622,None,1.0,1.0,9.620259223399371,14.617252939292696,17.163897470494128,9.573119669113808,16.178349048125824,9.488156464068636,918.0,14.854101885282622,None,1.0,1.0,,,,,,,,,,,,,,,,,,,,,,,
371958,285023_43899,Derek Cornelius,Canada,DF,1,5,0,5,0,4,0.74,0.0,0,0,4,29,6,4,3,1,0,0,0,170,89,1,0,2,50,1,0,,,,14,2,2,10,6,8,1,8,35,379,4.58,368,106,33569.61,307.0,18.0,302.0,4.456068992614746,6.883890628814697,5.126347064971924,Round of 16,0.0,351.0,1197.0,0.0,True,262.4,4.9878117561340325,C,1.0,1.0,33.56961,4.58,351.0,0.020377642343015447,0.015592608918339756,0.145004167890999,1.0381047514257626,0.23294862720541867,0.9668242535133522,0.06765047255575979,0.42344245785328377,35.713096965067024,0.6217408430179474,0.24466370903824536,79.65937194097683,1.3013970905897283,8.775866801662021,1.6722536811173518,0.8525939555856632,0.670795685678502,8.66932555744433,1.7445736862909846,0.32064673979904385,24.73042224829035,81.54545061571615,7.354489570625492,33.56961,428.0,65.01626691155109,C,1.0,1.0,49.42788955549108,42.00485765032826,63.75314349787769,44.61583261116335,63.421186481130455,61.33405045615766,428.0,65.01626691155109,C,1.0,1.0,,,,,,,,,,,,,,,,,,,,,,,
480322,285023_43899,Luc De Fougerolles,Canada,DF,1,3,0,3,0,1,0.17,0.0,0,0,17,41,22,8,8,2,0,0,0,191,89,1,0,6,67,1,0,,,,43,6,4,33,25,18,2,7,32,404,6.37,528,174,44379.43,267.0,5.0,116.0,4.570196628570557,7.458939075469971,5.986086368560791,Round of 16,0.0,421.0,1262.0,0.0,True,189.95,5.357480430603027,C,1.0,1.0,44.37943,6.37,421.0,0.019260125580360332,0.014737504998737258,0.044932391430859094,0.6579477231658477,0.22017364610811915,0.5905762717430489,0.06394049787811931,0.4002207309868722,37.14846236209746,1.2340983947778577,0.23124626891140318,79.33116286030325,3.331003629825703,10.233957399773926,4.1663628417382546,1.4522914449760935,1.4420765605589794,7.709056305270686,2.2953547071207887,0.46467587189669346,34.3639160604789,102.93163181760386,8.69817981034846,44.37943,173.0,78.17500538836431,C,1.0,1.0,50.296453666925814,50.83301347510968,72.67489836936683,68.25580502675518,65.75208600966083,81.97587122195546,173.0,78.17500538836431,C,1.0,1.0,,,,,,,,,,,,,,,,,,,,,,,
466585,285023_43899,Moise Bombito,Canada,DF,1,1,0,1,0,1,0.2,0.0,0,0,4,11,2,2,0,0,0,0,0,111,86,0,0,4,50,1,100,,,,38,2,1,35,19,19,1,1,22,236,3.44,212,72,21226.71,,,,,,,Round of 16,0.0,221.0,1014.0,0.0,False,,,None,1.0,1.0,21.22671,3.44,221.0,0.02292845094025519,0.01754444221744223,0.05926215532294866,0.3984723421301192,0.26210839706439093,0.3182691777075261,0.07611874401218321,0.2840528739966837,28.832257856934756,1.0843579223218502,0.27528993566162263,62.11842764704287,1.4643018482265648,6.411296152672992,1.1120020222813967,0.574529427366103,0.17757946011622744,7.253392248015579,1.9629538836956446,0.3607842810704284,21.284675946085752,61.73946769514612,5.900391866495423,21.22671,593.0,56.5395806601019,None,1.0,1.0,48.987217536052526,43.45041287026911,61.633138500406005,37.184033776122014,48.84705750626055,42.696352763831584,593.0,56.5395806601019,None,1.0,1.0,,,,,,,,,,,,,,,,,,,,,,,
485064,285023_43899,Niko Sigur,Canada,DF,0,1,0,0,1,0,0.04,0.0,0,0,4,39,9,5,1,1,0,0,0,64,81,4,25,8,63,1,100,,,,44,4,17,23,26,18,2,9,36,149,4.53,265,75,17924.01,,,,,,,Round of 16,0.0,147.0,898.0,0.0,False,,,None,1.0,1.0,17.92401,4.53,147.0,0.02453857213135079,0.018776478270547767,0.03047889351605519,0.4264545535669489,0.07460918085281151,0.13471378060773956,0.08146408561824958,1.1276218992699758,21.179410495526856,1.984127347744582,0.29462181988961084,48.56684130881535,1.5671305758250196,12.626873662961158,2.6314290504936877,1.2325913539824664,0.3959551946830433,10.645428669255226,2.512610701226094,0.5920253402637473,23.397081468236536,76.98803149931025,5.634695442424928,17.92401,382.0,67.6838168390794,None,1.0,1.0,48.75540130450529,69.55708629148396,58.61079045368128,51.90589141035471,58.46054691271703,50.87113739742301,382.0,67.6838168390794,None,1.0,1.0,,,,,,,,,,,,,,,,,,,,,,,
431696,285023_43899,Richie Laryea,Canada,DF,1,2,0,1,1,0,0.34,0.0,0,0,22,79,28,8,13,1,0,0,1,202,83,4,25,15,60,1,100,,,,110,42,39,29,48,62,6,28,76,428,5.81,464,231,46053.79,249.0,106.0,67.0,4.60765552520752,5.96925163269043,6.271140098571777,Round of 16,0.0,475.0,1281.0,0.0,True,182.05,5.227766084671021,C,1.0,1.0,46.05379,5.81,475.0,0.018502794428194868,0.014158008692019556,0.06955957017557338,0.4768177615155707,0.21151615525283818,0.2568367650870807,0.06142628109765097,0.850259586549729,37.3955858132807,2.5829002100573244,0.2221533892965777,79.93797484559512,3.9763179417080865,15.731375463246872,4.934088502198485,1.3951856099847926,2.1616657419252374,14.237308522714644,7.794410772520492,1.0674389452793749,41.86243006460298,88.94768211660296,8.616115894900915,46.05379,99.0,84.28852983720873,C,1.0,1.0,54.47256341768297,60.00831317987774,76.68598006800525,78.55539565674783,68.37642281732926,82.1251454060245,99.0,84.28852983720873,C,1.0,1.0,,,,,,,,,,,,,,,,,,,,,,,
466687,285023_43899,Ali Ahmed,Canada,FW,1,3,0,1,2,0,0.29,0.0,2,0,18,113,12,1,5,0,0,0,0,65,78,15,20,5,40,1,100,,,,124,50,60,14,37,87,5,45,45,188,5.24,341,172,27940.35,160.0,182.0,53.0,4.84665584564209,5.483025074005127,6.3775248527526855,Round of 16,0.0,258.0,1054.0,0.0,True,136.55,5.324828481674194,B,1.1,1.1,27.94035,5.24,258.0,0.022139590090218795,0.016940819947576322,0.07394300407848362,0.7563134949929076,0.2530904719787117,0.3073190226045513,0.445050577797386,3.060910372432719,19.294607946641694,1.2328255955500782,0.2658184954313881,51.064005459632305,4.01477713284604,25.139800339537757,2.931496849468112,0.3689871925724481,1.1003465908806718,11.276670243199376,10.81263519098455,1.0914728280509889,39.129905914911795,83.58032282777185,6.944615856985648,27.94035,191.0,77.34425827529783,B,1.1,1.1,61.12298325259084,69.41865729661116,66.53381847087589,89.30993570830582,59.60435163706315,77.96609546007953,191.0,77.34425827529783,B,1.1,1.1,27.04727605221172,24.259097635942776,69.07710283199842,47.6115962868199,91.16711166380163,93.38571993894512,D,E,B,C,S,S,33.686138522781214,D,49.76027746608182,52.28460504703598,130.1,5.369553470611572,BL-B,1.05,29.475371207433565,51.19491782006921,176.0
390670,285023_43899,Cyle Larin,Canada,FW,4,9,22,9,0,3,1.27,1.58,0,0,8,76,6,5,1,2,0,0,3,23,87,0,0,1,0,0,0,,,,76,44,21,11,48,28,1,29,34,74,4.5,216,96,20615.07,16.0,279.0,313.0,6.463912487030029,5.081690788269043,5.068778038024902,Round of 16,2.0,224.0,40.0,0.0,True,129.7,5.907795619964599,B,1.1,1.1,20.61507,4.5,224.0,0.40655422822728216,0.01749436481375081,0.26436780629436607,1.9320998650970698,0.8368970900901936,1.8521256259484948,0.07590147696971253,0.283242096984537,11.867547662766363,0.505725987282587,0.08265855967555279,30.86213293765658,2.2275047109521195,18.86296100629152,1.8762104604698597,1.1484263716624674,0.36891820318351976,9.53483609971208,10.014866660157114,0.3597544882810789,25.82821739713774,62.330626113524374,5.7662098267120445,20.61507,335.0,69.98532404450954,B,1.1,1.1,87.433929051124,50.64052293302771,55.671361959024125,63.03276447229512,70.51860898704848,55.255821011148264,335.0,69.98532404450954,B,1.1,1.1,91.69613450396068,77.08040830266005,63.92691523357276,41.28269649616206,57.22541238433121,64.68615146889782,S,A,B,D,B,B,78.67120570801353,A,69.2459911293074,49.86696086702576,131.39999999999998,5.907149982452393,BL-B,1.05,68.83730499451184,84.42037197231835,41.0
423933,285023_43899,Jayden Nelson,Canada,FW,0,1,0,0,1,0,0.07,0.0,0,0,1,2,0,0,0,0,0,0,0,8,75,0,0,0,0,0,0,,,,4,0,2,2,1,3,0,2,7,20,1.39,19,5,1462.29,,,,,,,Round of 16,0.0,12.0,540.0,0.0,False,,,None,1.0,1.0,1.4622899999999999,1.39,12.0,0.016290312591400947,0.012465057003136756,0.024334693188155426,0.2831084851410838,0.04953046459976562,0.0894318375463145,0.054081199696148885,0.20181520862221414,6.40544324469443,0.22364554654834254,0.05889574552275727,14.608387280850716,0.6302834061173372,3.324885776246211,0.5166733151458907,0.13480728314503454,0.12616748173016196,3.103020952126888,1.1212615561393016,0.11963816615709036,5.963969178199209,17.483093236504278,1.4904695531921452,1.4622899999999999,934.0,7.580048065581249,None,1.0,1.0,9.769005905190237,3.961146768936267,7.814693993531583,4.398164998377158,10.474910657075407,3.8087318746266927,934.0,7.580048065581249,None,1.0,1.0,20.1709290066151,24.942131825598608,3.5857788056112616,21.338098158211924,6.413079258256829,9.838129157480163,E,E,G,F,F,F,17.668054133838453,F,38.79625218357948,16.229782487451196,,,None,1.0,14.723378444865379,24.81587370242214,272.0
441257,285023_43899,Jonathan David,Canada,FW,9,18,17,13,5,0,2.71,1.11,0,0,45,227,21,5,5,1,0,0,0,103,74,6,0,10,60,1,100,,,,209,64,117,28,133,76,11,93,97,307,6.61,667,256,52214.28,54.0,322.0,195.0,5.797469139099121,4.8513054847717285,5.654051780700684,Round of 16,3.0,475.0,21.0,0.0,True,129.45,5.619690251350402,B,1.1,1.1,52.21428,6.61,475.0,0.48427880736596834,0.014158008692019556,0.43752262039641443,2.960956497183696,1.453585523086901,2.1199408168381746,0.06142628109765097,1.1607769285082445,22.024977386334175,1.806606855161035,0.2221533892965777,61.15167565710491,7.547267374231017,38.709658768177036,3.84727780534368,0.9294095970470191,0.9195963740911748,17.49774061327906,11.210101534064163,1.843732300175664,45.74389683908443,120.4651923253923,9.572585384881924,52.21428,20.0,92.59650398996313,B,1.1,1.1,93.28685331376435,68.65060042757825,76.94698163329757,96.82388917355446,73.63809397840245,96.28483673630281,20.0,92.59650398996313,B,1.1,1.1,95.31624665279578,75.86612529882747,97.30516252482568,48.64998977959161,100.0,99.94346769178584,S,A,S+,C,S+,S+,84.95648073714432,S,88.97466017788219,58.18756073858115,123.10000000000001,5.65982756614685,BL-B,1.05,74.33692064500129,96.33754325259514,14.0
493970,285023_43899,Promise David,Canada,FW,3,5,20,3,2,1,0.75,1.34,0,0,6,23,1,4,2,0,0,0,0,16,50,0,0,1,0,1,100,,,,22,15,7,0,18,4,2,18,18,46,4.43,79,41,9794.61,,,,,,,Round of 16,1.0,105.0,56.0,1.0,False,,,None,1.0,1.0,9.79461,4.43,105.0,0.23670920765488682,0.23079045698926196,0.1814750182535745,1.2840627521647874,0.7111480972173544,0.772886789505338,0.08367888872090326,0.3122651213243463,11.603057576435823,0.5575463127018623,0.3026318443789155,28.102391436267286,2.032743892396225,9.586110625471301,1.0109430231737808,1.0545989117040278,0.618223711767044,7.127788150731593,4.907460681205168,0.608121016665374,16.842070342341252,39.741492163308266,4.0684921044645845,9.79461,544.0,59.04913806139144,None,1.0,1.0,78.54181543666094,57.65752011797293,37.99233883130812,42.757714209202774,40.950205408104864,35.39974314706929,544.0,59.04913806139144,None,1.0,1.0,84.75447615670979,86.98440405266955,53.90715147937869,54.19847328244274,43.25737902783365,42.638551265381494,A,S,C,B,C,C,71.20270756887044,A,59.39436129481378,70.78628189042242,,,None,1.0,59.33558964072536,81.52724913494808,47.0
430138,285023_43899,Tajon Buchanan,Canada,FW,3,6,0,3,3,0,0.68,0.0,1,0,29,136,32,5,8,0,0,0,2,95,80,17,18,9,56,1,100,,,,95,55,34,6,25,70,14,73,97,262,6.58,537,213,43975.29,,,,,,,Round of 16,0.0,401.0,1221.0,0.0,False,,,None,1.0,1.0,43.97529,6.58,401.0,0.019562739007038525,0.014969059402146887,0.12935627524355356,1.1607436347836184,0.5519385246649801,0.5998553550263497,0.22909789008809567,3.032953198717954,21.973470383136657,1.7459467358978138,0.2348795902804593,57.26791464838108,5.353173246325221,25.989265093732925,5.873352020618449,0.9826514285843196,1.4647343427059474,18.50011003250559,10.37490458902026,2.4418099946663987,41.30579675730362,106.02625959254338,8.768504160636127,43.97529,64.0,87.78834528721733,None,1.0,1.0,61.427831508528506,65.21703447012405,68.72849581461027,88.48679772235695,67.87155232688143,85.27856254448312,64.0,87.78834528721733,None,1.0,1.0,32.598736692822285,25.435434295905594,89.64156726328855,40.252902243555845,98.26268241834609,98.34171895905179,D,E,S,D,S+,S+,34.09177783305047,D,54.21184320266889,53.4815317608462,,,None,1.0,28.409814860875393,54.7022491349481,143.0
486929,285023_43899,Tani Oluwaseyi,Canada,FW,4,8,0,8,0,2,0.99,0.0,0,0,11,104,20,5,5,0,0,0,1,41,66,4,0,4,50,1,100,,,,132,94,36,2,107,25,6,49,55,131,6.11,350,172,29357.02,,,,,,,Round of 16,0.0,288.0,1093.0,0.0,False,,,None,1.0,1.0,29.357020000000002,6.11,288.0,0.021534927339341606,0.016478142781925356,0.1984146250262729,1.639165432880541,0.7882829637486768,1.5638367801631678,0.07149247132898832,0.9895953006982307,14.43080764932068,1.0184538470517612,0.2585586255771314,39.369386925506646,2.6402169661795387,22.82688348219707,4.2970462706347785,1.0817159655838515,1.070294607359342,12.775704626490214,18.4681967515262,1.242364779816527,38.06121419769119,82.92394312261227,7.010943324756921,29.357020000000002,219.0,75.35896926232843,None,1.0,1.0,62.1652729236974,55.06484627807324,54.4205636513446,76.52066937989136,55.85334809717223,70.93424641909817,219.0,75.35896926232843,None,1.0,1.0,43.08586570130343,34.50461048078019,83.33264793182111,18.03937324226597,89.85040781244284,86.26264910396293,C,D,A,F,S,S,38.77034874270444,C,82.46689553702794,65.47024693023883,,,None,1.0,32.308623952253704,55.858996539792386,137.0
331732,285023_43899,Maxime Crepeau,Canada,GK,0,0,0,0,0,0,0.0,0.0,0,0,0,0,0,1,1,0,0,0,0,123,75,0,0,2,0,1,0,7.0,49.0,40.0,14,0,0,14,9,5,0,0,6,237,3.3,90,16,28143.54,,,,,,,Round of 16,0.0,511.0,1285.0,0.0,False,,,None,1.0,1.0,28.14354,3.3,511.0,,,,,,,,,,,,,,,,,,,,,,,,,,,,,,,,,,,,,,,,,,,,,,,,,,,,,,,,,,,,,,,
441258,285023_43899,Ismael Kone,Canada,MF,0,2,0,1,1,0,0.04,0.0,0,0,8,25,5,1,3,0,0,0,0,108,86,2,0,0,0,0,0,,,,52,3,24,25,36,16,0,14,38,238,2.51,198,44,16975.03,,,,,,,Round of 16,0.0,160.0,918.0,0.0,False,,,None,1.0,1.0,16.97503,2.51,160.0,0.0242693949563284,0.018570508691279627,0.03014455366895472,0.6254232905911802,0.0737907514664074,0.3368827835921764,0.08057046098862061,0.7079588847746454,29.90753895432453,0.3331883331858688,0.08774319714980268,66.1586457695985,2.364526865364582,9.637307957496189,1.787976437329182,0.40448336549482383,0.7989052490320443,10.935946577977166,2.281401731222663,0.17823758077238755,16.827376593456794,62.49917473415925,5.379628654767451,16.97503,584.0,57.03515988820933,None,1.0,1.0,42.70953164425391,43.31261569171379,54.921670208029894,50.70168543264704,53.23011964295653,40.68738024808799,584.0,57.03515988820933,None,1.0,1.0,,,,,,,,,,,,,,,,,,,,,,,
448411,285023_43899,Jacob Shaffelburg,Canada,MF,0,3,0,2,1,0,0.09,0.0,0,0,5,22,6,2,1,0,0,0,0,41,90,19,16,6,50,0,0,,,,62,30,23,9,12,50,6,25,25,137,7.63,202,106,15826.53,,,,,,,Round of 16,0.0,126.0,865.0,0.0,False,,,None,1.0,1.0,15.82653,7.63,126.0,0.02492702723076289,0.01907371719276998,0.04141963653505517,0.8515355075616644,0.0757902730781495,0.5551763651897684,0.08275369364058935,4.282947690110277,16.70389361283611,1.5972068387465261,0.09012079075737352,46.82569313466226,1.8011038663458514,9.270956850038376,2.0455905714845,0.6246087325369947,0.40222331874869865,8.51313485456775,7.99067647410759,1.4380573571962707,30.25158153404786,65.02938643368161,5.285175435203123,15.82653,267.0,73.40976626467628,None,1.0,1.0,57.244522804618384,75.28892382537961,64.79412004870557,52.98099758361069,61.562512777135524,54.46171299846713,267.0,73.40976626467628,None,1.0,1.0,,,,,,,,,,,,,,,,,,,,,,,
370986,285023_43899,Jonathan Osorio,Canada,MF,0,1,0,1,0,0,0.04,0.0,0,0,1,3,1,0,1,0,0,0,0,9,67,0,0,0,0,0,0,,,,4,1,1,2,2,2,0,1,7,22,2.82,29,11,2036.53,,,,,,,Round of 16,0.0,17.0,563.0,0.0,False,,,None,1.0,1.0,2.03653,2.82,17.0,0.01848330583786322,0.014143096369862948,0.022957762474580597,0.32122039935065444,0.05619822949083108,0.2565662445169953,0.061361582133796916,0.2289834650358763,7.422835759527689,0.25375259148256746,0.06682425956765932,16.885150914308248,0.7151318241705411,3.9275752775098023,0.7413227433739908,0.15295496814814744,0.2982472216493427,3.520747987962729,1.427300332911206,0.13574379267159467,7.697406390217112,21.387609385214006,1.780177607852595,2.03653,931.0,9.11856639607654,None,1.0,1.0,14.309699924592643,5.847713148795183,7.07816886811828,7.163463830473399,7.284207734700857,5.8762504153740025,931.0,9.11856639607654,None,1.0,1.0,,,,,,,,,,,,,,,,,,,,,,,
441259,285023_43899,Liam Millar,Canada,MF,0,1,0,1,0,1,0.04,0.0,0,0,3,44,12,3,1,1,0,0,0,67,75,10,20,8,50,0,0,,,,75,36,35,4,19,56,4,33,26,166,3.93,243,114,19176.61,,,,,,,Round of 16,0.0,176.0,946.0,0.0,False,,,None,1.0,1.0,19.17661,3.93,176.0,0.023922891137155337,0.018305370141386064,0.029714167868552358,0.415754665973089,0.07273721151418484,0.3320729738981813,0.07942012442294483,2.3037647311270315,21.25022961346475,1.9343449279880116,0.08649045257279236,50.760849514349715,1.3270715375832995,13.313757209117819,3.167623235704019,0.8001868097042508,0.3860205462196207,8.370939226464548,8.873223086534539,0.9786496405112243,30.63886993674215,70.64011344341596,5.7447649772820775,19.17661,411.0,66.26148827787694,None,1.0,1.0,47.90780967520494,69.85464069898129,57.94613726738187,50.567738208630345,49.08790927184253,55.522663918204216,411.0,66.26148827787694,None,1.0,1.0,,,,,,,,,,,,,,,,,,,,,,,
448390,285023_43899,Mathieu Choiniere,Canada,MF,0,0,0,0,0,0,0.0,0.0,1,0,2,19,2,1,1,0,0,0,0,29,79,4,50,2,50,1,100,,,,19,0,7,12,12,7,0,5,10,63,1.48,132,43,7597.41,,,,,,,Round of 16,0.0,61.0,710.0,0.0,False,,,None,1.0,1.0,7.59741,1.48,61.0,0.0248100098631477,0.01898417758759075,0.022488717037490436,0.22298875261614534,0.07543448343005636,0.136203940787159,0.2905483179357936,1.1400952872496828,14.127281664842982,0.7569765033629703,0.29788083097227047,31.200325108052485,1.1680994603259809,8.602885986854073,1.2032553447474448,0.4134934680268575,0.40033512271482374,5.350424272794689,1.7076719744266153,0.18220792668724667,16.99403310410687,50.15129545167257,3.547200985668809,7.59741,754.0,45.313104681909735,None,1.0,1.0,37.9024559178719,59.346271886839254,35.08331769959595,31.793213947180753,32.9613804399761,29.948567305286815,754.0,45.313104681909735,None,1.0,1.0,,,,,,,,,,,,,,,,,,,,,,,
423941,285023_43899,Nathan Saliba,Canada,MF,1,3,33,1,2,1,0.3,3.36,0,0,11,43,12,5,2,1,0,0,0,93,85,4,25,4,75,1,100,,,,51,4,13,34,32,19,2,8,40,206,4.12,386,122,23647.54,,,,,,,Round of 16,1.0,206.0,51.0,2.0,False,,,None,1.0,1.0,23.64754,4.12,206.0,0.21842231846516746,0.40812468213990727,0.07963148907416717,0.7945351951825272,0.2658808667090218,0.32284995735888655,0.07721430468246133,1.0687966388631822,25.734284788686544,1.0999648520947611,0.2792521243491553,57.157568884318934,2.8515242719232976,12.748816180606712,3.079645460366872,1.1682900953601194,0.5704630495454723,10.870738297642376,2.3815339822512227,0.561140834711858,31.349214861408942,96.58658275148683,6.457773469551224,23.64754,125.0,81.9967415088783,None,1.0,1.0,68.03274470047371,74.97048840682987,66.10734344107412,66.10576855766365,66.0046417273899,67.0232037787813,125.0,81.9967415088783,None,1.0,1.0,,,,,,,,,,,,,,,,,,,,,,,
433635,285023_43899,Stephen Eustaquio,Canada,MF,1,4,25,0,4,0,0.1,10.34,44,0,16,91,15,2,6,0,0,0,0,281,87,42,38,15,60,3,100,,,,212,22,76,114,133,79,1,31,127,618,7.14,897,210,52496.91,101.0,205.0,25.0,5.31575870513916,5.405862808227539,6.825634956359863,Round of 16,1.0,444.0,162.0,0.0,True,97.6,5.706743383407592,B,1.1,1.1,52.49691000000001,7.14,444.0,0.1777482532461867,0.014482850432630319,0.03303852361919874,0.8053997417307815,0.2163691877332009,0.10390870469125245,7.050956575916505,6.90496331324853,50.8004446474531,2.6421623434766848,0.5448923431552787,111.94805067468344,3.114625108701158,17.99816773663425,2.982624271900899,0.47427120580759563,1.0995165487705787,22.663837160715676,4.796827343660737,0.29782564281196294,39.48768327666223,159.7579629541264,9.837106606588488,52.49691000000001,54.0,88.51429877989567,B,1.1,1.1,66.20324749413481,71.42910194620355,94.67510633233275,80.87686063104218,76.26804098579643,95.73065632794646,54.0,88.51429877989567,B,1.1,1.1,,,,,,,,,,,,,,,,,,,,,,,
431200,285023_43926,Daniel Munoz,Colombia,DF,2,3,67,3,0,0,0.64,3.11,0,0,10,46,15,5,1,0,0,0,2,143,94,6,33,4,25,0,0,,,,268,108,87,73,35,233,7,30,33,308,6.64,439,168,34353.71,27.0,51.0,208.0,6.178657531738281,6.374165058135986,5.598361492156982,Round of 16,2.0,320.0,43.0,0.0,True,75.85000000000001,6.062909650802611,B,1.1,1.1,34.35371,6.64,320.0,0.3721476265230664,0.01601382027522871,0.13136026623799965,0.7149281096207663,0.41485114725700956,0.6417220740768635,0.06947795040046319,1.312929912470021,31.936370247809396,0.989755768058501,0.07566318257026051,69.34295982658755,2.3902109521915444,11.998299767230037,3.2979149554112546,1.0512352812421302,0.3376967306293733,8.55229510241643,20.40633492043692,1.3829670756420005,36.28628304733303,96.21657350376456,7.690855880550647,34.35371,63.0,87.88329859577301,B,1.1,1.1,85.6112190731391,68.97428917991897,86.75115414821205,72.05296308713133,82.0447844939866,85.35516757149733,63.0,87.88329859577301,B,1.1,1.1,,,,,,,,,,,,,,,,,,,,,,,
386013,285023_43926,Davinson Sanchez,Colombia,DF,2,5,0,4,1,4,0.45,0.0,0,0,17,25,14,3,3,0,0,0,1,282,91,0,0,7,29,6,100,,,,44,0,1,43,17,27,0,7,43,587,5.32,323,104,36402.68,303.0,9.0,258.0,4.473987579345703,7.134161949157715,5.360033512115479,Round of 16,0.0,410.0,1247.0,0.0,True,247.64999999999998,5.094525218009949,C,1.0,1.0,36.402680000000004,5.32,410.0,0.019424993884087114,0.014863659287823742,0.09095615759748904,0.9895736762893448,0.38505528362456404,0.758628587058534,0.0644878339471718,0.24064972180286062,52.29917719769669,1.4076593138868507,1.0482104189613097,109.83868296816055,3.3595173025878955,7.713610020781038,2.8980518001059266,0.6497385201277365,0.6394361954361761,9.568012736521917,1.3370215426047165,0.1426596716831337,23.248288813935087,70.39836413078991,7.472451183887054,36.402680000000004,309.0,71.24423171029021,C,1.0,1.0,48.579782780314034,44.59860494952409,80.33539804971126,59.01209718091152,66.19749209564173,57.608490161850604,309.0,71.24423171029021,C,1.0,1.0,,,,,,,,,,,,,,,,,,,,,,,
394376,285023_43926,Deiver Machado,Colombia,DF,0,0,0,0,0,0,0.0,0.0,0,0,4,21,2,1,2,0,0,0,0,23,96,2,0,1,100,0,0,,,,36,16,17,3,7,29,1,9,7,52,1.52,117,56,10069.09,,,,,,,Round of 16,0.0,99.0,795.0,0.0,False,,,None,1.0,1.0,10.069090000000001,1.52,99.0,0.025251940644775078,0.01932233514924085,0.022889299558537215,0.2269607620704481,0.07677816770941734,0.13863008710248992,0.08383235355755289,0.736620577869366,13.10757697011793,0.5585688376793244,0.09129547771572528,29.425278780194077,1.6126891194612956,9.179908524453564,1.2246884508983384,0.4208588617744174,0.6193575174663012,4.810055084146362,5.128352217763539,0.39734490894729885,20.05132902762803,47.86624963672802,4.134113557268412,10.069090000000001,563.0,58.14171025508499,None,1.0,1.0,48.016325430301784,56.06273289884257,49.7084157122279,42.73802926050456,55.34759060035965,38.83482147452654,563.0,58.14171025508499,None,1.0,1.0,,,,,,,,,,,,,,,,,,,,,,,
463902,285023_43926,Gustavo Puerta,Colombia,DF,4,12,0,2,10,0,0.44,0.0,0,0,13,113,23,8,7,1,0,0,0,243,91,2,0,4,50,2,50,,,,210,37,90,83,117,93,3,38,83,538,6.68,559,161,43401.19,149.0,74.0,131.0,4.904052734375,6.179779529571533,5.905455112457275,Round of 16,0.0,389.0,248.0,1.0,True,133.25,5.3457623481750485,B,1.1,1.1,43.40119,6.68,389.0,0.01975050724636307,0.18084108173431054,0.09082306739945566,2.166254825557373,0.7229645190982471,0.439884576776083,0.06556848559521342,0.5761390883056484,46.712172569233466,0.9340630580877146,0.40286237088512705,103.55861027206312,2.7529008638718153,22.426964851418997,4.438170866804398,1.4892682079435742,1.313064897141608,16.35748204763281,7.491375394702292,0.6422353202483355,33.084386538497185,110.68995071159344,8.757521893113848,43.40119,24.0,92.19806640823603,B,1.1,1.1,68.6976566274368,75.88008073236729,91.37778651902813,85.91646463712466,93.46675796642324,90.12214534337727,24.0,92.19806640823603,B,1.1,1.1,,,,,,,,,,,,,,,,,,,,,,,
441622,285023_43926,Jhon Lucumi,Colombia,DF,0,1,0,1,0,1,0.07,0.0,0,0,9,20,7,4,0,1,0,0,0,238,93,0,0,5,20,10,100,,,,17,0,1,16,4,13,0,3,28,499,4.83,263,86,33092.66,314.0,46.0,340.0,4.424666404724121,6.420003414154053,4.832277774810791,Round of 16,0.0,410.0,1247.0,0.0,True,280.29999999999995,4.825869798660278,C,1.0,1.0,33.09266,4.83,410.0,0.019424993884087114,0.014863659287823742,0.029017323252629117,0.33758594634345074,0.0590614186516171,0.2696377895991137,0.0644878339471718,0.24064972180286062,45.127312168291866,1.0816654489139035,1.7001981489072038,95.49495290935089,2.0555418426961074,6.898625358348671,1.757073272700612,0.8127354526142101,0.15044539797675566,7.123058749224815,1.3370215426047165,0.1426596716831337,20.31434402917856,60.618548181601504,6.932928077418178,33.09266,529.0,59.613010368987915,C,1.0,1.0,33.40587854253562,36.23906261899116,75.64129319472647,41.01405491695243,66.13056329957763,46.87513818183518,529.0,59.613010368987915,C,1.0,1.0,,,,,,,,,,,,,,,,,,,,,,,
394500,285023_43926,Johan Mojica,Colombia,DF,2,3,0,1,2,1,0.13,0.0,0,0,8,29,2,1,4,1,0,0,0,157,83,9,11,6,33,0,0,,,,119,24,52,43,13,106,3,24,65,342,4.4,327,139,30487.37,255.0,36.0,275.0,4.595826625823975,6.543267250061035,5.243819236755371,Round of 16,0.0,311.0,1162.0,0.0,True,227.15,5.049940872192383,C,1.0,1.0,30.48737,4.4,311.0,0.021094769711063832,0.016141342005631838,0.04213214798388542,0.7206212464292081,0.4181547022644159,0.2928159005317954,0.0700312192836937,1.8544096058470179,34.66880137932584,1.3516537745308617,0.07626570587846154,75.91343176467936,2.0552283973393073,9.084705977258611,1.0230707098088092,0.3515738015893335,0.8714104180966344,14.284660655354399,5.70014839163327,0.6859472524911842,31.442001925725915,77.15785236978022,7.06772613826823,30.48737,364.0,68.66508933587934,C,1.0,1.0,48.59962447243916,53.717195618411886,70.84132243745978,50.18819086445523,53.72469690107461,65.77029261395961,364.0,68.66508933587934,C,1.0,1.0,,,,,,,,,,,,,,,,,,,,,,,
315614,285023_43926,Santiago Arias,Colombia,DF,0,0,0,0,0,0,0.0,0.0,0,0,5,12,1,1,0,0,0,0,0,43,86,5,80,1,100,0,0,,,,28,17,7,4,5,23,4,9,16,95,1.51,80,50,9047.2,,,,,,,Round of 16,0.0,89.0,772.0,0.0,False,,,None,1.0,1.0,9.0472,1.51,89.0,0.025280225238872255,0.019343978016788888,0.02291493776814214,0.22721497987974254,0.07686416661697597,0.1387853660887076,0.08392625382945444,1.373831835552155,17.364833192946296,0.5591944883202529,0.09139773740207661,38.57977304540981,1.8266242098710652,7.281032385883324,1.0139314953498455,0.42133026404186846,0.19579380923871506,6.724601322994041,5.346225187844291,1.0341761453589506,18.801016094148334,40.0711016363232,3.9219719389592425,9.0472,572.0,57.56184716723936,None,1.0,1.0,51.91460022796763,68.85496229484556,45.67247213886,39.941120155771145,44.82056127693582,36.33379376270531,572.0,57.56184716723936,None,1.0,1.0,,,,,,,,,,,,,,,,,,,,,,,
492189,285023_43926,Andres Gomez,Colombia,FW,0,0,0,0,0,0,0.0,0.0,0,0,0,1,1,0,0,0,0,0,0,0,0,0,0,0,0,0,0,,,,1,1,0,0,0,1,0,0,0,0,1.95,16,6,1042.07,,,,,,,Round of 16,0.0,7.0,519.0,0.0,False,,,None,1.0,1.0,1.0420699999999998,1.95,7.0,0.013083268445958559,0.010011083952575576,0.011859161831439924,0.1175905099191417,0.039779492319493424,0.07182555470736762,0.04343433249265594,0.16208421637503312,4.266151918647564,0.17961685546658085,0.04730104745846555,9.536802229235038,0.3964177370427281,2.560538650359126,0.5247397052094455,0.1082680190426692,0.10132911958347658,1.7236544068823374,1.0103037612584418,0.09608521846546082,4.899636361183134,13.711879768263245,1.1509105488803388,1.0420699999999998,951.0,0.0,None,1.0,1.0,0.0,0.8465418729628703,0.0,1.0749263863222227,0.0,0.8501596665616418,951.0,0.0,None,1.0,1.0,4.06049692570373,4.735703714947065,0.0,7.257194815081093,2.6772978310961557,3.9949497804662046,G,G,G,G,G,G,3.0396397636687795,G,37.48894783377542,58.52842809364548,,,None,1.0,2.5330331363906495,5.493771626297577,287.0
418881,285023_43926,Cucho Hernandez,Colombia,FW,0,0,0,0,0,0,0.0,0.0,0,0,0,4,1,0,0,0,0,0,0,3,33,1,100,0,0,0,0,,,,4,2,2,0,3,1,1,5,6,12,1.67,28,7,2325.55,,,,,,,Round of 16,0.0,20.0,179.0,1.0,False,,,None,1.0,1.0,2.3255500000000002,1.67,20.0,0.01950119744194819,0.1785583325291904,0.01767661172177239,0.17527392032844125,0.0592931144894862,0.10705920538980462,0.06474081741861343,0.40523014571070154,6.8497995490951205,0.2677269656908758,0.07050432921319731,16.178667111138406,0.5908783872693938,4.307506601282535,0.7821480266332143,0.1613783302483486,0.15103558990464327,3.5510022545244007,1.6695393576798574,0.30685568412095476,7.466763748651234,22.401807128507894,1.9255077068767381,2.3255500000000002,908.0,19.211117025898453,None,1.0,1.0,10.657993760406049,47.415384196749564,10.505478196588571,9.891247904197044,10.070745862749037,9.604026390964501,908.0,19.211117025898453,None,1.0,1.0,23.903003386857506,36.2880886426593,11.529985509805675,73.67363769004675,12.708386672031017,13.291750679958042,E,C,F,A,E,E,27.379100175903826,D,31.603941588507663,54.447322970639036,,,None,1.0,22.815916813253185,37.669420415224906,250.0
405755,285023_43926,Jaminton Campaz,Colombia,FW,2,4,25,2,2,1,0.36,2.78,0,0,1,12,0,0,1,0,0,0,0,7,71,3,0,1,0,0,0,,,,16,8,8,0,7,9,1,7,7,29,3.5,56,25,4148.88,,,,,,,Round of 16,1.0,36.0,80.0,0.0,False,,,None,1.0,1.0,4.14888,3.5,36.0,0.214504209230994,0.017477709753689372,0.08970281947900681,0.971945611614692,0.45277440474081426,0.5087215708835766,0.0758292169207687,0.8579613521311074,8.789641957250646,0.505244523863795,0.08257986671981274,22.20791781027597,0.8837432858841687,6.578572961426767,0.7244464455576854,0.18901819437323322,0.3685669840968485,4.350858527742234,3.105465361938867,0.3594119932734874,12.195557472574363,31.60521072409536,2.604761383203992,4.14888,795.0,40.56853000651991,None,1.0,1.0,69.96219069180282,38.46787096077766,25.361417825684363,23.237453609073942,22.934823326253067,21.57181221772684,795.0,40.56853000651991,None,1.0,1.0,80.35062838802376,79.20540355936704,42.572384447352704,62.78361633291747,41.26769320800263,41.541824486027096,A,S,C,A,C,C,66.89573393068363,A,55.44048605357636,55.733082706766915,,,None,1.0,55.74644494223636,72.90908304498271,70.0
369530,285023_43926,Jhon Cordoba,Colombia,FW,1,2,0,2,0,1,0.32,0.0,0,0,2,23,2,1,2,0,0,0,2,12,75,0,0,0,0,0,0,,,,31,22,9,0,25,6,3,13,9,32,3.94,104,33,9864.95,,,,,,,Round of 16,0.0,108.0,836.0,0.0,False,,,None,1.0,1.0,9.86495,3.94,108.0,0.02517593764125601,0.019264179004847712,0.09042157146634133,0.6487849322838977,0.2878007187200423,0.5607201139760224,0.08358003589404829,0.31189623150705825,10.744335926427556,0.3456340264838021,0.09102069762607941,25.111642169741415,1.1853279919744708,9.57478621439991,1.2210023975390039,0.41959216556273066,0.6174933822601503,5.218085109236909,6.38043878402782,0.8186562588948987,15.132145113242832,44.975885061559175,4.078545431870218,9.86495,716.0,48.806628967522585,None,1.0,1.0,67.2672495501105,46.11815138511653,32.305375506403344,34.29443061719897,32.39154818142877,30.378696384912306,716.0,48.806628967522585,None,1.0,1.0,49.21579787085156,47.33047470876181,35.13279452710925,32.09067264384344,26.721773161186498,28.76929165017808,B,C,D,E,D,D,40.3399694998884,C,52.6727254959445,53.73074346952444,,,None,1.0,33.616641249907,50.06169982698961,187.0
428886,285023_43926,Luis Diaz,Colombia,FW,6,16,6,12,4,0,1.32,0.76,3,0,12,68,6,4,5,0,0,0,9,139,88,5,20,10,60,6,100,,,,237,114,100,23,115,122,10,91,85,342,6.02,380,179,39604.64,61.0,304.0,60.0,5.697328090667725,4.919243335723877,6.31362771987915,Round of 16,1.0,394.0,74.0,1.0,True,97.2,5.734690284729004,B,1.1,1.1,39.604639999999996,6.02,394.0,0.18473869132889267,0.18011942762089309,0.23571959345461843,2.817878289844089,1.0502134967570167,2.0887991917663102,0.5605078297268844,1.0690409784910013,29.358797705392693,1.920737635272851,1.0615227285938433,70.79222331553188,2.5768482952597815,14.90945411385027,1.614321166477032,0.8230572217922524,0.9776910565414236,16.622340810758686,20.171639687525644,1.7951414479018974,35.92356785923731,80.7012448229949,8.095889509087124,39.604639999999996,19.0,93.16808402140242,B,1.1,1.1,87.67442550655255,89.39325967559577,88.8057743954122,76.79719727622049,82.89185085660434,84.25554267121784,19.0,93.16808402140242,B,1.1,1.1,81.98341092937982,82.81030622699504,96.63266268811249,84.17246410522088,87.94850224936908,61.369589387001334,A,S,S+,S,S,B,82.53517541509433,S,51.85222468290719,51.08999999999999,85.0,5.804409503936767,BL-B,1.05,72.21827848820755,94.13161764705882,19.0
428905,285023_43926,Luis Suarez,Colombia,FW,0,7,0,7,0,2,0.76,0.0,0,0,8,59,13,5,6,0,0,0,1,48,75,3,33,2,50,0,0,,,,160,63,95,2,142,18,5,52,45,133,5.31,194,112,24943.45,,,,,,,Round of 16,0.0,280.0,225.0,1.0,False,,,None,1.0,1.0,24.943450000000002,5.31,280.0,0.02169283227177373,0.19862554439612737,0.1580033885985865,1.4691580437598593,0.06595674913401647,1.393277043424586,0.072016690133014,0.8148249362391188,15.810807627497503,0.6618685124151464,0.07842793205948964,40.022116248361854,2.113496639893848,14.803065786933772,3.0543683489121154,1.0896476518052496,1.2601691220031273,11.049116771041737,12.960791028099408,1.0694478484752579,27.41870365378593,55.13583744546452,6.258964058836386,24.943450000000002,383.0,67.60358578293298,None,1.0,1.0,52.78958779084688,66.49018779315638,50.904677539789155,62.12255867794488,53.54895747225397,51.46030946455779,383.0,67.60358578293298,None,1.0,1.0,28.45613413075323,50.29028953060375,83.50682055140149,71.19959400308727,55.744120551552626,64.62961916068366,D,B,S,A,B,B,39.861482584946806,C,52.301324503311264,60.208623087621696,,,None,1.0,33.217902154122335,55.919377162629765,136.0
360642,285023_43926,Camilo Vargas,Colombia,GK,0,0,0,0,0,0,0.0,0.0,0,0,0,0,0,0,0,0,0,0,0,152,79,0,0,6,33,0,0,5.0,48.0,46.0,41,0,0,41,22,19,0,0,2,278,2.59,25,8,17743.13,,,,,,,Round of 16,0.0,410.0,1247.0,0.0,False,,,None,1.0,1.0,17.74313,2.59,410.0,,,,,,,,,,,,,,,,,,,,,,,,,,,,,,,,,,,,,,,,,,,,,,,,,,,,,,,,,,,,,,,
269058,285023_43926,James Rodriguez,Colombia,MF,3,6,0,2,4,0,0.24,0.0,7,0,6,92,4,0,3,0,0,0,0,208,86,13,38,12,58,9,67,,,,134,19,74,41,65,69,3,43,59,446,5.93,270,42,26755.98,,,,,,,Round of 16,0.0,270.0,1073.0,0.0,False,,,None,1.0,1.0,26.75598,5.93,270.0,0.02189365892360242,0.016752637799841527,0.06393604329076663,1.29904739967914,0.6177025518493949,0.48761698975919693,1.3586655170557191,2.659485682639604,45.35105692412147,2.505113227654398,1.7325595740255155,97.89440240038445,1.76563938580806,21.002595869241325,1.4292393277236228,0.18117667546495284,0.7207002509150873,13.723370877131135,4.997462540794631,0.7119250596865988,14.812717797937974,69.60836235617963,6.649890958679093,26.75598,257.0,73.7554799367582,None,1.0,1.0,54.61790544945669,66.7459801785488,83.01428902877242,56.92086905929384,56.139403337315066,51.36051429602124,257.0,73.7554799367582,None,1.0,1.0,,,,,,,,,,,,,,,,,,,,,,,
395550,285023_43926,Jefferson Lerma,Colombia,MF,1,5,0,2,3,0,0.24,0.0,0,0,10,59,6,3,5,1,0,0,0,214,88,2,50,2,0,1,100,,,,146,2,37,107,127,19,1,12,74,458,6.51,587,134,40327.08,277.0,54.0,315.0,4.540770053863525,6.3570990562438965,5.059413909912109,Round of 16,0.0,374.0,1207.0,0.0,True,253.04999999999998,4.942880368232727,C,1.0,1.0,40.32708,6.51,374.0,0.01999202504854279,0.015297541433905212,0.05838270265532224,1.018460126258356,0.22854041266018388,0.44526367691110774,0.0663702855862554,0.583184367934253,42.41849598451489,0.6099753002867536,0.24003380357877932,91.40457454590776,2.283299702912519,13.642444578003865,1.640608708194101,0.6687049090933233,0.9936117388498431,15.047713966233825,1.711560162273261,0.31457896580431743,28.95957334009429,116.74065405048316,8.348915533688908,40.32708,228.0,74.91015133967261,C,1.0,1.0,49.5628150343687,49.66842182597848,69.43658401834925,57.12142461867293,70.42392162487545,77.37636042532796,228.0,74.91015133967261,C,1.0,1.0,,,,,,,,,,,,,,,,,,,,,,,
470760,285023_43926,Jhon Arias,Colombia,MF,4,8,13,6,2,0,0.93,1.07,4,0,32,89,21,5,2,1,0,0,0,202,96,6,17,5,80,3,100,,,,138,28,64,46,78,60,2,47,96,448,5.82,317,126,32691.11,78.0,40.0,108.0,5.544551849365234,6.453419208526611,6.024949073791504,Round of 16,1.0,337.0,148.0,0.0,True,79.8,5.800981259346009,B,1.1,1.1,32.69111,5.82,337.0,0.19366100841302877,0.015779414808614608,0.17961883203477214,1.569659375311119,0.754857148415916,1.151446440605763,0.7606178871555688,1.2937116407850187,41.67821007847738,1.1483072554374885,0.5936733482597711,92.553431205914,6.162086902975555,19.263359318215677,4.28787647296145,1.0358476165633939,0.5057928613415292,19.32858089942462,6.264494470193792,0.49752745358463574,28.487487583734882,73.69739786107537,7.290584424417225,32.69111,10.0,94.59819958787628,B,1.1,1.1,83.8499390045336,73.0753258310665,96.42603162580859,88.77965695935924,100.0,76.32865638649834,10.0,94.59819958787628,B,1.1,1.1,,,,,,,,,,,,,,,,,,,,,,,
356704,285023_43926,Juan Quintero,Colombia,MF,0,3,0,0,3,0,0.08,0.0,3,0,2,25,0,0,0,0,0,0,0,60,82,7,29,11,64,5,100,,,,41,6,24,11,23,18,0,16,22,136,4.99,114,30,9236.75,,,,,,,Round of 16,0.0,84.0,190.0,1.0,False,,,None,1.0,1.0,9.23675,4.99,84.0,0.02526558518061959,0.23133865362141398,0.03986213770735665,0.8631010309191578,0.07681965372730896,0.1387049939470452,0.7198952849561316,1.7970479901625955,20.958876950418674,2.6789294317666186,1.1513741975427292,47.24967206638756,1.1895487578237303,10.032892272351056,0.8013384384816755,0.20908038910601798,0.19568042287662052,7.9927422994343695,3.0110644725822935,0.1855537308406637,14.550010659299078,47.2560958669922,3.959886395757687,9.23675,460.0,63.04166124740252,None,1.0,1.0,53.04228695677141,83.4064168720169,59.03485607638178,39.532506950128116,43.2701851952366,36.889885057771046,460.0,63.04166124740252,None,1.0,1.0,,,,,,,,,,,,,,,,,,,,,,,
470759,285023_43926,Kevin Castano,Colombia,MF,0,0,0,0,0,0,0.0,0.0,0,0,1,9,0,0,0,0,0,0,0,14,100,0,0,0,0,0,0,,,,11,1,2,8,7,4,0,2,3,32,3.45,48,15,3167.34,,,,,,,Round of 16,0.0,28.0,608.0,0.0,False,,,None,1.0,1.0,3.1673400000000003,3.45,28.0,0.021509780326406443,0.016458900735590355,0.019497266061858858,0.19332677054502956,0.06540018228798072,0.11808608146804508,0.07140898731843434,0.26647744048098665,9.540710960049559,0.2953022878009888,0.07776612887239252,21.45484765664977,0.8322282051309142,5.653623694262199,0.6822170812836763,0.17799996351082903,0.1665919423660547,3.3752764118021124,1.6610078786791331,0.15797061340931692,9.679749483406402,28.318958186916483,2.275766163161415,3.1673400000000003,842.0,30.158090603007416,None,1.0,1.0,19.001550377046513,20.298582599807524,33.652834266348265,17.388276139897485,45.826349649165124,16.676629439583486,842.0,30.158090603007416,None,1.0,1.0,,,,,,,,,,,,,,,,,,,,,,,
473050,285023_43926,Richard Rios,Colombia,MF,1,4,0,2,2,1,0.35,0.0,0,0,2,43,20,8,3,1,0,0,0,39,85,1,0,1,100,1,100,,,,46,15,19,12,23,23,1,12,15,91,6.71,195,81,14379.91,,,,,,,Round of 16,0.0,129.0,869.0,0.0,False,,,None,1.0,1.0,14.37991,6.71,129.0,0.024876524618029684,0.019035073493148216,0.09560844056637886,1.0585515155681746,0.28437795510716035,0.5540515677275502,0.08258603314487586,0.5169281386821828,16.252568750083128,0.550264695963834,0.2986794388956633,37.12872663724959,1.1712310934736472,13.635739646680625,4.963823450705308,1.8757906708740049,0.8188908759687277,6.408474742693233,4.843368699923269,0.39143765417179816,24.97176041430016,63.43644706674505,4.972498328517004,14.37991,461.0,62.949954117867875,None,1.0,1.0,63.33185300673405,49.7274463279636,48.86017138693059,50.770401520193545,54.419359353699015,46.4748624528538,461.0,62.949954117867875,None,1.0,1.0,,,,,,,,,,,,,,,,,,,,,,,
426357,285023_20014,Aaron Wan Bissaka,Congo DR,DF,0,0,0,0,0,0,0.0,0.0,0,0,12,104,14,1,1,0,0,0,1,137,80,7,29,5,60,0,0,,,,141,58,48,35,39,102,5,19,54,287,6.07,460,194,40401.23,330.0,109.0,98.0,4.334512710571289,5.931458950042725,6.098320484161377,Round of 16,0.0,399.0,1218.0,0.0,True,238.85,5.015006589889526,C,1.0,1.0,40.401230000000005,6.07,399.0,0.019593704564419934,0.014992753695041973,0.017760463623190195,0.17610536086239778,0.059574381084531856,0.10756705825649161,0.06504792608430908,1.393628018334584,28.91358102960583,1.0910599699555943,0.07083877804059513,61.46887813371562,2.566632509808582,20.76919991550252,2.9232220675331995,0.3265564542910571,0.316164651465393,11.459651791750986,10.884564663774391,0.9659617023519901,38.24733967413899,93.53431675836708,8.194763194998934,40.401230000000005,349.0,69.3711695149925,C,1.0,1.0,36.98282841329441,50.396161417882055,62.60312811268389,66.03698446770692,49.2174155831796,81.0335779350196,349.0,69.3711695149925,C,1.0,1.0,,,,,,,,,,,,,,,,,,,,,,,
436572,285023_20014,Arthur Masuaku,Congo DR,DF,0,0,0,0,0,0,0.0,0.0,6,0,9,102,10,0,4,0,0,0,0,169,83,14,21,6,67,5,80,,,,60,6,31,23,11,49,0,12,38,363,5.79,343,114,32800.85,237.0,249.0,65.0,4.622768878936768,5.221038818359375,6.278861045837402,Round of 16,0.0,340.0,240.0,1.0,True,195.79999999999998,5.126532411575317,C,1.0,1.0,32.80085,5.79,340.0,0.020568848038859316,0.18833403532260817,0.01864436998955551,0.18486980828448454,0.06253929100074228,0.11292047749268513,1.1038559597728885,2.6711522155209186,35.875601826559496,1.3179551836915417,0.9373398928153864,77.64530282454581,2.176583841015714,21.4576554432656,2.3783251011733686,0.17021346312319205,0.8496849557882474,9.268456165811473,2.4513236930392144,0.15106028478741212,26.343231518218662,77.99572271340217,7.290813344479643,32.80085,329.0,70.22333100735281,C,1.0,1.0,35.82800463468099,73.11468854954397,67.90609625338112,64.82583787433995,47.41740406834055,62.30899747085862,329.0,70.22333100735281,C,1.0,1.0,,,,,,,,,,,,,,,,,,,,,,,
403063,285023_20014,Axel Tuanzebe,Congo DR,DF,0,0,0,0,0,0,0.0,0.0,0,0,6,20,10,3,3,0,0,0,0,155,90,0,0,0,0,2,100,,,,48,2,5,41,30,18,0,0,49,314,5.59,311,128,38203.61,,,,,,,Round of 16,0.0,409.0,1245.0,0.0,False,,,None,1.0,1.0,38.20361,5.59,409.0,0.019440170746483583,0.014875272352572454,0.017621294851944164,0.17472542128418445,0.0591075636866768,0.10672417624385316,0.06453821867253659,0.2408377428511731,31.623254918674586,0.2668891457543555,0.39653226014143145,65.39157133367695,1.5677750008164144,6.904015295066961,2.2478189332776157,0.6502461646692229,0.6399357907105615,10.554233979069853,1.664314731333162,0.14277113252680654,27.181435630080674,68.49587539285491,7.772064869007277,38.20361,614.0,55.356840171058586,None,1.0,1.0,25.88459847995715,27.714908335849163,55.15113589470172,38.9049085128148,66.51478416587159,63.157994392751306,614.0,55.356840171058586,None,1.0,1.0,,,,,,,,,,,,,,,,,,,,,,,
356532,285023_20014,Chancel Mbemba,Congo DR,DF,0,1,0,1,0,0,0.05,0.0,0,0,9,23,12,1,2,1,0,0,0,162,80,4,0,7,43,3,100,,,,35,2,1,32,12,23,0,11,35,340,5.4,347,135,36904.51,,,,,,,Round of 16,0.0,409.0,253.0,1.0,False,,,None,1.0,1.0,36.90451,5.4,409.0,0.019440170746483583,0.17799955530464479,0.025777508999547782,0.33784970423625676,0.0591075636866768,0.2698484591959255,0.06453821867253659,0.8933348746594625,32.76512489933909,1.408759126418862,0.5596565430935038,69.63280269043085,2.0571478496726314,7.393388143923178,2.5740674991817607,0.3239975987650781,0.47681150775848924,8.27049401774084,1.664314731333162,0.14277113252680654,28.32330561074518,74.36834957912951,7.56015011302424,36.90451,466.0,62.7249356610303,None,1.0,1.0,35.39802860995771,60.58347179169652,62.07702294347611,47.0203287800358,43.538105439956716,65.04724578487516,466.0,62.7249356610303,None,1.0,1.0,,,,,,,,,,,,,,,,,,,,,,,
477853,285023_20014,Gedeon Kalulu,Congo DR,DF,0,0,0,0,0,0,0.0,0.0,0,0,0,3,3,0,0,0,0,0,0,6,83,0,0,1,0,0,0,,,,3,1,2,0,1,2,0,4,0,11,1.7,20,6,1186.84,,,,,,,Round of 16,0.0,10.0,527.0,0.0,False,,,None,1.0,1.0,1.18684,1.7,10.0,0.015168371847705253,0.011606567932049767,0.013749177218553559,0.1363311153923306,0.046119219666504625,0.08327251913153166,0.05035653811788788,0.1879158617569962,5.709731343867823,0.33552192885474663,0.05483949821862667,12.456770526716731,0.45959552594423525,3.22317461993639,0.8629268321035816,0.12552288282068638,0.11747811880429208,1.998356227919743,1.1713176407870074,0.1113984879827422,5.68049998759451,16.40628293963255,1.3527593911305626,1.18684,929.0,9.360418234963264,None,1.0,1.0,3.336981808957723,5.464414403632997,14.165109345213517,5.056835363726302,17.364259411827064,4.267069867117536,929.0,9.360418234963264,None,1.0,1.0,,,,,,,,,,,,,,,,,,,,,,,
477833,285023_20014,Joris Kayembe,Congo DR,DF,0,1,0,0,1,0,0.0,0.0,0,0,4,20,5,0,1,0,0,0,0,24,79,3,67,4,25,0,0,,,,15,4,7,4,2,13,1,7,7,55,6.28,88,34,7372.37,,,,,,,Round of 16,0.0,69.0,727.0,0.0,False,,,None,1.0,1.0,7.37237,6.28,69.0,0.025059153001090552,0.019174817478567266,0.02271454965754722,0.43550170110316305,0.07619199961060326,0.13757170635416513,0.0831923298011913,0.9412704846701131,13.217779976122593,1.1851254650483367,0.090598476234712,29.831450563917663,1.600376935629161,8.899550207512805,1.846159543161315,0.2073721001385793,0.40435530445808304,4.773332394246597,2.5659152316266463,0.39431135244550003,15.272224705969087,41.40287462408684,3.5355021332838446,7.37237,698.0,50.27162546056212,None,1.0,1.0,42.47443530089225,68.36947878787626,38.93046251787223,38.247440449215404,32.82125884930071,30.789949810142463,698.0,50.27162546056212,None,1.0,1.0,,,,,,,,,,,,,,,,,,,,,,,
504329,285023_20014,Steve Kapuadi,Congo DR,DF,0,1,0,1,0,1,0.08,0.0,0,0,6,18,6,2,0,0,0,0,0,55,84,0,0,0,0,1,0,,,,22,3,1,18,7,15,0,2,11,114,2.9,211,60,19496.83,,,,,,,Round of 16,0.0,201.0,985.0,0.0,False,,,None,1.0,1.0,19.496830000000003,2.9,201.0,0.02336920866515228,0.017881702176978865,0.03687017764531381,0.40613224743333054,0.07105374780376258,0.32438732319571295,0.07758198828107234,0.28951327334156257,18.405285985695276,0.32082990519648324,0.2805818834711562,39.389170192619396,1.8846367972727418,7.907194090479225,1.9177510605634436,0.585573709596601,0.1809931019288919,5.235800242291743,2.196781304268978,0.17162649602666488,19.34071661756718,62.73020335032032,5.6745984424689055,19.496830000000003,757.0,45.07179116194048,None,1.0,1.0,39.18732772143157,33.085375738963165,36.88469998122621,37.90478646239728,39.71955941072002,38.7416802577787,757.0,45.07179116194048,None,1.0,1.0,,,,,,,,,,,,,,,,,,,,,,,
510989,285023_20014,Brian Cipenga,Congo DR,FW,1,6,17,2,4,0,0.23,4.32,1,0,10,72,14,2,1,0,0,0,1,47,60,11,18,12,8,0,0,,,,45,29,11,5,15,30,3,49,48,154,3.34,210,112,17763.24,,,,,,,Round of 16,1.0,160.0,104.0,0.0,False,,,None,1.0,1.0,17.763240000000003,3.34,160.0,0.22791614793805406,0.018570508691279627,0.0688374367354826,1.440010302518083,0.27743750444813314,0.540529536573902,0.28421721397034627,2.540779661610176,17.48508702243927,2.7769493689665774,0.08774319714980268,49.05231851913354,2.771820371328033,19.20870534763729,3.620797214164713,0.6081301184765496,0.39161174306859303,12.972414107794421,7.576217308747532,0.7891778397175645,30.675355796214138,64.94293576993996,5.540145061935179,17.763240000000003,195.0,76.96425144065252,None,1.0,1.0,70.35573034614046,74.13263783835058,58.842676589093976,69.52993124297726,54.096491425563364,56.190163906678606,195.0,76.96425144065252,None,1.0,1.0,68.52928278860598,64.59606116950631,73.25482663776694,53.66983146898986,71.72744230276874,78.25390544029246,A,A,A,B,B,A,60.19418726102176,A,67.33712933520668,63.85533239457497,,,None,1.0,50.161822717518135,81.05860726643598,51.0
336425,285023_20014,Cedric Bakambu,Congo DR,FW,0,3,0,1,2,1,0.24,0.0,0,0,7,80,4,2,1,0,0,0,4,23,70,1,0,1,0,0,0,,,,155,91,64,0,128,27,2,29,29,63,4.6,256,117,21517.52,,,,,,,Round of 16,0.0,210.0,1005.0,0.0,False,,,None,1.0,1.0,21.51752,4.6,210.0,0.02317007072044883,0.01772932536908837,0.06766354814433129,0.7915158814777453,0.07044827170468448,0.3216230950288699,0.07692088255371676,0.4814684412136666,12.026936449900083,0.5125182120981547,0.08376871722008424,29.137986773974372,2.062999308899817,19.893991571295164,1.5125647300599396,0.5805838125627607,0.37387301159279696,8.690783967591054,19.287217136282408,0.5590084430659864,30.257973585147354,70.94465529263724,6.01911006137526,21.51752,597.0,56.22482569652887,None,1.0,1.0,47.120814844272815,42.00562150576116,40.172577645919525,53.702667560857755,41.055412025869984,56.22607447004497,597.0,56.22482569652887,None,1.0,1.0,22.43816419261235,28.736766212575425,62.14406494703461,21.073777251485488,72.98928349365423,60.898486818550126,E,D,B,F,B,B,26.333729297564506,E,69.2218350754936,62.13465553235908,,,None,1.0,21.944774414637088,44.122988754325256,228.0
477859,285023_20014,Fiston Mayele,Congo DR,FW,1,5,20,4,1,1,0.72,1.39,0,0,3,23,0,1,1,0,0,0,1,11,64,0,0,0,0,0,0,,,,21,13,8,0,17,4,2,16,18,35,3.03,72,35,5777.74,,,,,,,Round of 16,1.0,55.0,83.0,0.0,False,,,None,1.0,1.0,5.77774,3.03,55.0,0.23039256297562435,0.018772285912395676,0.17045652770364433,1.24979721500357,0.28045199207534616,0.9581215810864211,0.08144589655113468,0.3039322481054538,10.264129721019069,0.3368085795181679,0.0886965678294674,25.088017892879822,1.360921201663826,9.330302854928266,0.7781062848555963,0.4088782655395134,0.39586678694414923,6.937581333078469,4.364784920439394,0.5918931545457582,15.157478645222511,37.239964171690104,3.133012642212278,5.77774,729.0,47.214942491039835,None,1.0,1.0,75.83997009050657,39.151958678729834,29.349066971495002,31.824119240767285,30.86161592170441,27.319980900929675,729.0,47.214942491039835,None,1.0,1.0,83.91475942115527,84.97324782757183,47.828043243190926,51.14292360068513,42.77093010497056,44.46266041042456,A,S,C,C,C,C,69.74017051551829,A,59.21061539503081,55.82959641255605,,,None,1.0,58.1168087629319,79.18540224913495,54.0
426506,285023_20014,Meschack Elia,Congo DR,FW,2,2,0,0,2,0,0.05,0.0,0,0,1,25,3,2,0,0,0,0,0,14,93,2,0,5,60,0,0,,,,14,6,8,0,3,11,3,12,9,41,3.31,86,41,6530.78,,,,,,,Round of 16,0.0,59.0,185.0,1.0,False,,,None,1.0,1.0,6.53078,3.31,59.0,0.024727414229222304,0.22641101222999654,0.032788351045971206,0.6372264657969465,0.4901634232757823,0.13575050078876696,0.08209101080146675,0.7213196963740587,10.967899642415382,1.3769265397114314,0.08939911298257291,26.53167453564976,0.9567206753967038,9.819186112732028,1.406739592170793,0.6196069317712658,0.19151232154049497,5.1251220041153775,2.946927132388361,0.8040714397014886,16.52247776620897,40.43979387420509,3.3140768123750344,6.53078,486.0,61.63392926190047,None,1.0,1.0,52.83516082290949,72.91109869178267,51.358803805953045,38.728937825248934,56.150736153129024,36.0343378407494,486.0,61.63392926190047,None,1.0,1.0,53.591655081685786,58.676431525822494,43.106030001233734,79.61557167325708,30.050107896565585,28.627960879642718,B,B,C,S,D,E,49.757368528601766,B,37.143406628630046,50.09929078014185,,,None,1.0,41.464473773834804,63.43453719723184,89.0
477835,285023_20014,Simon Banza,Congo DR,FW,0,0,0,0,0,0,0.0,0.0,0,0,3,25,3,1,0,0,0,0,0,6,67,0,0,0,0,1,0,,,,24,17,7,0,20,4,1,4,7,14,3.47,70,23,5130.52,,,,,,,Round of 16,0.0,49.0,671.0,0.0,False,,,None,1.0,1.0,5.130520000000001,3.47,49.0,0.02415584345653791,0.018483621106419698,0.021895756240827013,0.2171092002976282,0.07344549974032376,0.132612646668281,0.08019348839822303,0.2992586274372713,9.092826699275882,0.3316294136077735,0.29002659657776847,20.445662376713003,1.3399940723594783,9.592216978735255,1.3742230003343296,0.4025908711464938,0.18708554061683003,4.601267651641066,5.108442567291291,0.38009757562016294,12.492072197377242,36.26193070268331,2.953648178603175,5.130520000000001,834.0,31.886210044688816,None,1.0,1.0,34.09714991286793,34.24207634903947,21.25393639861222,28.94366141408881,21.92165273158273,19.68714396060684,834.0,31.886210044688816,None,1.0,1.0,48.525364110506736,51.99787500474331,36.697880657888696,55.94299126683725,34.54738305109542,38.73782199860554,B,B,D,B,D,C,43.9359154537198,B,46.48843103589241,68.18927789934355,,,None,1.0,36.61326287809983,56.99398788927336,129.0
441316,285023_20014,Yoane Wissa,Congo DR,FW,3,11,27,7,4,2,1.79,1.68,0,0,11,118,5,5,9,0,0,0,1,69,87,2,0,5,40,0,0,,,,127,52,64,11,103,24,3,50,81,195,6.07,384,140,41481.27,26.0,353.0,186.0,6.200076103210449,4.519561290740967,5.6778717041015625,Round of 16,3.0,409.0,19.0,0.0,True,115.05,5.817447781562805,B,1.1,1.1,41.481269999999995,6.07,409.0,0.5088130196027005,0.014875272352572454,0.30961376133615365,1.9690925337569798,0.5484804125428937,1.2485941569083594,0.06453821867253659,0.5670863087553177,17.594566584796368,1.0825105605147174,0.0702836942372868,45.97978166238035,2.383396415576776,22.89019502437005,1.432197518517254,0.9764947305733676,1.6186814884229956,15.774211033536165,9.820528878936779,0.6321439813830235,29.138927025505545,80.40394804835618,8.306730806267966,41.481269999999995,121.0,82.62589281805374,B,1.1,1.1,89.35790069455248,60.312557599037945,70.79456607146668,71.0020465983382,80.79292283617919,79.22326397903603,121.0,82.62589281805374,B,1.1,1.1,90.48321033038191,74.15853982468789,81.81831376713606,40.71176333763296,78.58527486192898,72.92102436542484,S,A,A,D,A,B,79.05639495610637,S,76.58696814605455,47.85447240667372,106.69999999999999,5.875363302230834,BL-B,1.05,69.17434558659308,88.47288062283737,30.0
441313,285023_20014,Lionel Mpasi,Congo DR,GK,0,0,0,0,0,0,0.0,0.0,0,0,0,0,0,0,0,0,0,0,0,139,68,0,0,5,0,0,0,15.0,83.0,70.0,30,0,0,30,17,13,0,0,5,248,2.77,37,7,18909.7,,,,,,,Round of 16,0.0,409.0,1246.0,0.0,False,,,None,1.0,1.0,18.9097,2.77,409.0,,,,,,,,,,,,,,,,,,,,,,,,,,,,,,,,,,,,,,,,,,,,,,,,,,,,,,,,,,,,,,,
448128,285023_20014,Charles Pickel,Congo DR,MF,0,1,0,1,0,0,0.1,0.0,0,0,3,25,3,2,1,1,0,0,0,22,86,0,0,0,0,2,50,,,,24,6,10,8,9,15,0,4,11,46,3.67,77,35,5540.28,,,,,,,Round of 16,0.0,45.0,662.0,0.0,False,,,None,1.0,1.0,5.54028,3.67,45.0,0.023834796873492232,0.018237961980121585,0.04160474765994403,0.41422368040142815,0.07246936215381646,0.33085013992087237,0.07912766573386085,0.29528128920196856,12.171977226671814,0.32722184695551476,0.4861719579272411,26.57392646916916,1.322184695551481,9.46473029045643,1.355958699218373,0.5972401814146483,0.38459905432789737,5.340113866640933,2.840548103830937,0.17504583614783364,14.72604458168484,37.179986490398534,2.9963443084049026,5.54028,791.0,41.21587246822789,None,1.0,1.0,42.84477696630295,31.367903423451303,32.07231361117877,31.518644563528742,42.80711729338411,25.782527001879966,791.0,41.21587246822789,None,1.0,1.0,,,,,,,,,,,,,,,,,,,,,,,
433161,285023_20014,Edo Kayembe,Congo DR,MF,1,2,0,0,2,0,0.1,0.0,0,0,20,116,20,5,3,0,0,0,0,41,85,2,0,1,0,0,0,,,,64,7,37,20,42,22,1,18,37,108,5.34,297,86,20579.44,,,,,,,Round of 16,0.0,177.0,948.0,0.0,False,,,None,1.0,1.0,20.579439999999998,5.34,177.0,0.023900904606507043,0.018288546439796886,0.04172014178581178,0.6159272793576461,0.2732250779228068,0.13121306334584432,0.07934713270176427,0.6972097079789658,16.016276794728704,0.5286841393040965,0.08641096280814085,39.08202380011088,4.735282055967727,27.741460652945992,4.769149734559944,1.2005608236960845,0.7867752031359816,10.56934772322213,3.0489813094224765,0.37608605604716705,24.99517897830115,81.40514573557849,6.0208293760386065,20.579439999999998,295.0,72.02382997858153,None,1.0,1.0,51.147483346443465,51.677197853318056,53.11503973023095,86.32126761341684,63.24201365613283,54.035558443350105,295.0,72.02382997858153,None,1.0,1.0,,,,,,,,,,,,,,,,,,,,,,,
424119,285023_20014,Nathanael Mbuku,Congo DR,MF,2,3,0,0,3,0,0.13,0.0,5,0,6,67,8,4,8,1,0,0,0,45,78,14,21,6,83,0,0,,,,45,12,26,7,11,34,0,27,36,134,5.33,243,74,18838.49,119.0,334.0,89.0,5.090838432312012,4.752577304840088,6.146090984344482,Round of 16,0.0,163.0,923.0,0.0,True,143.75,5.303912401199341,B,1.1,1.1,18.83849,5.33,163.0,0.024205399101705105,0.018521540203329002,0.04834494383824282,0.8268838726330658,0.47981568859015583,0.1328847011413446,1.0959067941472393,3.143409164963293,17.03276116222332,1.5509682972592955,0.08751182752154921,44.860777532565145,1.9520723398636637,18.142505212861085,2.392591004001254,1.0127460586099644,1.812347408530825,10.500890115722951,4.103373733872131,0.17776758692507308,22.8762972966169,71.47431005243153,5.7439300462836815,18.83849,384.0,67.59877451141705,B,1.1,1.1,56.04992625789018,73.08178379207783,59.97349666221502,67.20342606190786,59.42042412385743,55.5488945178082,384.0,67.59877451141705,B,1.1,1.1,,,,,,,,,,,,,,,,,,,,,,,
494458,285023_20014,Ngalayel Mukau,Congo DR,MF,0,1,0,0,1,0,0.06,0.0,0,0,10,125,9,3,4,0,0,0,1,69,87,0,0,1,100,0,0,,,,62,11,35,16,39,23,0,19,41,164,7.25,383,105,26619.43,,,,,,,Round of 16,0.0,220.0,1013.0,0.0,False,,,None,1.0,1.0,26.61943,7.25,220.0,0.02295031302107701,0.017561170692241116,0.03235771136978941,0.3988522820820858,0.06978010153371998,0.12599443099830135,0.07619132258009373,0.28432371596961803,20.77146419427925,0.5076572073763416,0.08297420861466305,48.312025652065756,2.621167329249322,28.37132562265068,2.461109802082896,0.767655449868559,0.948061635138693,10.919294354193196,3.698029466047193,0.16855007214669518,27.66005175149139,94.7292102780634,6.944538223631616,26.61943,363.0,68.66691536180346,None,1.0,1.0,43.500852298818124,44.446818722602394,53.34038136429603,73.05194553648836,63.093979033705914,65.33179969825679,363.0,68.66691536180346,None,1.0,1.0,,,,,,,,,,,,,,,,,,,,,,,
486147,285023_20014,Noah Sadiki,Congo DR,MF,0,0,0,0,0,0,0.0,0.0,0,0,12,135,17,2,3,2,0,0,0,116,89,1,100,3,33,0,0,,,,148,9,96,43,109,39,0,20,47,242,6.86,420,141,33931.45,,,,,,,Round of 16,0.0,297.0,1104.0,0.0,False,,,None,1.0,1.0,33.93145,6.86,297.0,0.021360244835249873,0.01634447884154747,0.019361721522931554,0.19198276734516082,0.06494552174604312,0.1172651497838009,0.0709125537040684,0.4438606989530506,27.7564361091432,0.8309567634532348,0.07722550055821108,58.94521277501137,2.79803641171448,28.198031065526678,3.724482982240925,0.5352341187624636,0.7031412093378527,11.238186919531147,3.0833470180321174,0.15687240538924396,32.19616732208608,94.79780432352727,7.773975062323569,33.93145,233.0,74.7417132265853,None,1.0,1.0,40.235850116636826,50.48158073501744,66.60722373655246,77.35393823612782,63.01618153183405,75.58973503475156,233.0,74.7417132265853,None,1.0,1.0,,,,,,,,,,,,,,,,,,,,,,,
433076,285023_20014,Samuel Moutoussamy,Congo DR,MF,0,3,0,0,3,0,0.13,0.0,0,0,39,114,31,8,1,1,0,0,0,147,83,1,100,6,17,4,100,,,,146,8,79,59,109,37,1,14,62,320,7.17,613,169,42992.72,,,,,,,Round of 16,0.0,360.0,1201.0,0.0,False,,,None,1.0,1.0,42.99272,7.17,360.0,0.020224495796940335,0.015475423909399691,0.040393967864425034,0.6908917029774216,0.06149229288867284,0.11103002550870887,0.0671420508238505,0.42026010982743306,31.541468600509866,1.2958907092301857,0.7519418408972545,69.04806626175001,7.231313506498398,23.13489081072481,5.90232667904504,1.5250088636390864,0.3263431192238275,13.186223874615484,2.749696246776076,0.3182369447950943,35.23601726347709,122.5104810179795,8.89837228612714,42.99272,140.0,80.65794013644934,None,1.0,1.0,46.58480695039557,54.642387018461214,68.23272132660533,82.33417302805279,66.68379703058103,83.77182624903618,140.0,80.65794013644934,None,1.0,1.0,,,,,,,,,,,,,,,,,,,,,,,
441317,285023_20014,Theo Bongonda,Congo DR,MF,0,1,0,1,0,0,0.04,0.0,1,0,1,19,2,0,1,0,0,0,0,13,69,2,0,2,0,0,0,,,,8,5,2,1,6,2,0,6,11,40,3.44,55,24,5477.05,,,,,,,Round of 16,0.0,47.0,668.0,0.0,False,,,None,1.0,1.0,5.47705,3.44,47.0,0.024003099671943733,0.018366744283390142,0.029813793363377746,0.4171486058776747,0.07298108442765078,0.33318634629646265,0.2810986482229329,0.7001908249242468,10.445216063234565,0.7323569220554751,0.08678043727548888,25.55309740379597,0.9286964466595039,8.323089388027666,1.1641211805269163,0.198632938175923,0.38731479373481353,5.3778215975931065,2.65919360090311,0.17628187370407258,12.61449376662295,33.01145326097009,3.0047668653431,5.47705,821.0,36.150810328242564,None,1.0,1.0,39.924298478849906,45.96676405498632,26.128132258617416,24.787117571513274,22.972382484869573,21.40295943073567,821.0,36.150810328242564,None,1.0,1.0,,,,,,,,,,,,,,,,,,,,,,,
433667,285023_43938,Josip Stanisic,Croatia,DF,0,0,0,0,0,0,0.0,0.0,0,0,19,75,17,0,3,0,0,0,0,162,86,5,20,9,67,3,100,,,,163,41,56,66,30,133,3,22,51,322,6.19,418,196,42580.9,,,,,,,Round of 16,0.0,413.0,256.0,1.0,False,,,None,1.0,1.0,42.5809,6.19,413.0,0.019379653486707987,0.17744544261351727,0.017566439753599394,0.17418150097365073,0.058923561815861114,0.10639194383795961,0.06433731117044755,1.053170399805997,32.66312705163645,1.7296066126412366,0.5579143320375834,66.48893916031268,3.676908717445307,15.826429326981078,3.3791368109159383,0.16037251711267658,0.6379436703227743,10.846611598198638,8.001176321482234,0.6301761169009764,38.15474024476625,85.68261074165673,8.459689906338966,42.5809,160.0,78.98957870368903,None,1.0,1.0,40.32964617459364,73.10946829678086,73.44659093625388,72.90660794528434,54.64531289264447,80.04463646556216,160.0,78.98957870368903,None,1.0,1.0,,,,,,,,,,,,,,,,,,,,,,,
448171,285023_43938,Josip Sutalo,Croatia,DF,0,1,0,1,0,0,0.06,0.0,0,0,4,17,9,2,1,0,0,0,0,267,90,0,0,4,0,7,71,,,,41,0,2,39,22,19,0,2,43,570,5.96,410,118,40954.87,,,,,,,Round of 16,0.0,413.0,1255.0,0.0,False,,,None,1.0,1.0,40.95487,5.96,413.0,0.019379653486707987,0.014828965623432422,0.027323428373004485,0.3367979779637355,0.058923561815861114,0.2690084208280445,0.06433731117044755,0.24008801485557257,49.73785713559537,0.9165242276908124,1.2083802399979229,106.81782545385376,1.2376615625940341,6.394673661556159,2.078204994995259,0.48560547109284635,0.3127107163426046,9.54567978227796,1.3339007648887544,0.14232668593072179,25.47065503953963,84.38167892573605,8.195270636258778,40.95487,485.0,61.70227567654168,None,1.0,1.0,33.41838494950843,35.657481862255196,73.2826868743454,38.87162412326219,59.92601602000461,67.74351073462232,485.0,61.70227567654168,None,1.0,1.0,,,,,,,,,,,,,,,,,,,,,,,
448180,285023_43938,Josko Gvardiol,Croatia,DF,0,1,0,1,0,0,0.18,0.0,0,0,2,24,6,2,3,0,0,0,0,89,87,0,0,7,57,2,50,,,,10,2,3,5,2,8,0,8,28,187,6.86,238,88,18796.01,,,,,,,Round of 16,0.0,177.0,949.0,0.0,False,,,None,1.0,1.0,18.79601,6.86,177.0,0.023900904606507043,0.018288546439796886,0.05776451907729243,0.4153725632141381,0.07267036177929874,0.3317677794893524,0.07934713270176427,0.2961002756919496,25.642903169617092,1.7320124361651452,0.48752039509515693,54.92584637544802,1.1252971653845818,9.290426767743252,1.9613837085508308,0.5988966752655602,0.7867752031359816,8.764355277930557,2.046207728704936,0.17553133990365902,25.39628841058817,69.57241748311151,5.663154078626789,18.79601,492.0,61.4371569050842,None,1.0,1.0,46.295408352745056,49.25285783039917,63.37428328920402,44.463862357872706,54.971258845766314,48.91083261448429,492.0,61.4371569050842,None,1.0,1.0,,,,,,,,,,,,,,,,,,,,,,,
499290,285023_43938,Luka Vuskovic,Croatia,DF,0,0,0,0,0,0,0.0,0.0,0,0,0,3,2,1,1,0,0,0,0,43,88,0,0,1,0,0,0,,,,8,0,1,7,5,3,0,0,2,94,1.47,81,21,7008.12,,,,,,,Round of 16,0.0,71.0,732.0,0.0,False,,,None,1.0,1.0,7.00812,1.47,71.0,0.025103961779808774,0.019209104357829382,0.022755166003568365,0.22563074959990073,0.0763282400673538,0.13781770110696637,0.08334108769005341,0.3110045467458091,17.243758893341454,0.5552955691504583,0.09076047720392402,38.10013034000658,0.7606398783809265,5.334419097905616,1.2175116556788874,0.41839258729862666,0.4050783403627766,3.728619281969314,1.7279046729495096,0.184366747646045,12.561087428266616,40.00236017589021,3.465094889940977,7.00812,769.0,43.97005271406234,None,1.0,1.0,41.157849676072,45.262029931966346,41.56043760607403,26.687923715071644,39.22071391661995,26.558545642452263,769.0,43.97005271406234,None,1.0,1.0,,,,,,,,,,,,,,,,,,,,,,,
448174,285023_43938,Marin Pongracic,Croatia,DF,0,1,0,1,0,1,0.05,0.0,0,0,6,13,7,3,0,0,0,0,0,200,91,0,0,1,0,1,100,,,,17,2,1,14,11,6,0,2,28,423,4.19,280,102,28983.18,,,,,,,Round of 16,0.0,311.0,1163.0,0.0,False,,,None,1.0,1.0,28.98318,4.19,311.0,0.021094769711063832,0.016141342005631838,0.02797149382901873,0.3666048925575409,0.06413834839274875,0.2928159005317954,0.0700312192836937,0.26133601342451546,42.28015298756668,0.4666128898516937,0.25327388281429514,90.25109409648188,1.70121204346764,6.252575146285276,1.908111594487977,0.7055901554610007,0.1633777103533,7.735358108728556,1.8059684990449312,0.15492272168368335,24.89269937910007,68.83846805379605,6.8014722086031165,28.98318,579.0,57.36401551301953,None,1.0,1.0,34.46861523218783,33.778580001967654,64.49527959458449,38.52080350151376,62.568464042387674,53.62310588534098,579.0,57.36401551301953,None,1.0,1.0,,,,,,,,,,,,,,,,,,,,,,,
336472,285023_43938,Andrej Kramaric,Croatia,FW,0,1,0,0,1,0,0.01,0.0,0,0,0,24,1,0,0,0,0,0,1,20,85,2,0,2,50,0,0,,,,47,18,22,7,32,15,0,10,9,47,5.44,163,50,10055.36,,,,,,,Round of 16,0.0,81.0,756.0,0.0,False,,,None,1.0,1.0,10.05536,5.44,81.0,0.025245580755329095,0.01931746867513036,0.02500191490706713,0.43874161923208765,0.07675883055567671,0.13859517208188765,0.08381123975453383,0.7364350544870332,12.46876167240835,0.7702661768757535,0.09127248426926672,28.35867770983097,0.7649308760035747,9.813110552839872,1.0125419850637376,0.20891484641252092,0.1955254898175893,5.232519673767691,5.5507366418796,0.18540681574966386,18.775250837450116,57.59874303539274,4.130163813959008,10.05536,711.0,49.33551378267704,None,1.0,1.0,47.08625990749757,56.772687274625646,41.02378658822786,31.71569143032568,36.07151147081187,33.965093116301595,711.0,49.33551378267704,None,1.0,1.0,36.004254564793484,41.06932797025007,31.22116777903301,56.175593664756505,47.075820196774075,25.901767405526805,C,C,D,B,C,E,35.133921540868116,C,42.60635257614109,45.27509039382389,,,None,1.0,29.27826795072343,49.60774221453288,190.0
430070,285023_43938,Ante Budimir,Croatia,FW,1,3,33,3,0,1,0.46,2.18,0,0,13,76,13,6,4,0,0,0,0,10,60,0,0,2,0,0,0,,,,76,65,10,1,68,8,1,14,16,37,4.99,180,94,18722.29,60.0,316.0,288.0,5.6973395347595215,4.881691932678223,5.199741840362549,Round of 16,1.0,168.0,105.0,0.0,True,155.4,5.450592970848083,C,1.0,1.0,18.72229,4.99,168.0,0.22630286305120195,0.018439058939764257,0.11485738594158364,0.823201542444142,0.27547368689057333,0.7389087015766483,0.0800001498973899,0.29853714473904036,9.879725828852418,0.7352404020203779,0.08712211446142584,25.047090833520347,3.3588160495577566,19.881559203572607,3.3929624550017645,1.4126465493344473,0.9954555237354001,6.410021766644207,14.801978954185364,0.37918119828194585,26.81852829902875,58.41708506665822,5.69485457238162,18.72229,404.0,66.73990462336269,C,1.0,1.0,71.56396612700165,47.375448915722096,42.94700343948258,76.94214839438305,45.246339323695295,47.806120813102154,404.0,66.73990462336269,C,1.0,1.0,73.61423413168625,66.09494175236217,48.35781829441462,41.851515087437356,60.02340806846861,86.94103680253265,A,A,C,D,B,S,60.57471852901725,A,75.06860706860708,78.58903527411813,154.0,5.4664954662323,BL-B,1.05,53.00287871289009,75.62789792387542,63.0
485068,285023_43938,Igor Matanovic,Croatia,FW,2,4,0,3,1,2,0.12,0.0,0,0,6,49,10,4,3,0,0,0,1,14,79,0,0,0,0,0,0,,,,36,15,19,2,33,3,0,22,16,44,4.63,164,73,12766.79,,,,,,,Round of 16,0.0,125.0,864.0,0.0,False,,,None,1.0,1.0,12.76679,4.63,125.0,0.024943392076910476,0.01908623928152259,0.04772589871389492,1.0613968748387037,0.4944446813237614,0.7648431696846338,0.08280802227962182,0.3090153026532229,11.063697097679805,0.3424414677441434,0.09017995597036864,27.391318397967723,2.011588634879457,14.928206117919519,2.8841428247634138,1.0436234456664923,0.8210920335989623,6.635002883694001,4.856387550520748,0.1831875029454073,23.36446525990274,57.118590513207764,4.648234508795828,12.76679,583.0,57.109164023572426,None,1.0,1.0,58.70833741863858,42.39915340794312,39.06730072728487,59.09953678090094,44.45334086810903,40.87223959573959,583.0,57.109164023572426,None,1.0,1.0,43.38443165172282,40.500132812203546,51.98641453567273,30.557611384830093,52.03174719286054,66.96628790020164,C,C,C,E,C,B,38.38089574685418,C,53.66972477064219,52.78204144282426,,,None,1.0,31.98407978904515,53.59528546712802,153.0
359381,285023_43938,Ivan Perisic,Croatia,FW,2,2,50,2,0,1,0.32,3.15,2,0,12,88,13,4,1,2,0,0,0,150,88,19,16,9,56,1,100,,,,135,67,47,21,34,101,10,44,57,335,6.04,452,183,41581.7,83.0,184.0,106.0,5.5156073570251465,5.471846103668213,6.049746036529541,Round of 16,1.0,413.0,75.0,1.0,True,103.89999999999999,5.642577838897704,B,1.1,1.1,41.5817,6.04,413.0,0.18199613047679283,0.17744544261351727,0.06960371239042655,0.4994144549538204,0.38415651579603083,0.4316248978181294,0.38957026515061727,3.3298010776671854,30.71172932775543,1.7296066126412366,0.23268137805741373,68.6029533611838,2.538593378514713,17.94044352785218,2.728670902955599,0.8108384250730162,0.3127107163426046,11.822310460139146,12.229204723224441,1.7684914558315707,36.04072604389514,91.21157095931962,8.297203522530474,41.5817,35.0,90.831560641723,B,1.1,1.1,76.76062381690521,90.83690748997022,85.65406719757134,77.0577079723397,79.14993171721333,87.90542370995192,35.0,90.831560641723,B,1.1,1.1,63.948161486858424,63.98891966759004,75.72711021014412,88.97253177137301,92.44724040817822,65.7414212222285,B,A,A,S,S,B,67.3506591462304,A,42.99831284646903,52.08978328173374,100.0,5.671472835540772,BL-B,1.05,58.9318267529516,83.08339100346019,44.0
482931,285023_43938,Marco Pasalic,Croatia,FW,2,3,0,3,0,0,0.52,0.0,1,0,5,40,7,0,2,0,0,0,2,37,62,12,8,9,89,2,50,,,,42,21,17,4,9,33,6,33,32,115,5.44,142,82,12958.46,,,,,,,Round of 16,0.0,114.0,843.0,0.0,False,,,None,1.0,1.0,12.958459999999999,5.44,114.0,0.02510505776279346,0.01920994298448568,0.13229877569424292,0.8576172323518163,0.49764932719914695,0.7698003501370246,0.29400360358160466,2.838924653377071,15.980558452964695,2.2405908313608265,0.5120821944150039,42.52563013224278,1.813967473249291,13.12903045075124,2.2708591965501377,0.20775197598036368,0.6157549025852442,10.04854838733751,6.151816534930087,1.4483280611202498,25.411827339067393,52.85429811145989,4.718738112837266,12.958459999999999,341.0,69.71698424324556,None,1.0,1.0,72.07027445421967,79.28502731554093,52.19977657692637,52.594258628608195,44.12243995070308,46.677789794861404,341.0,69.71698424324556,None,1.0,1.0,55.42037152800455,51.58046522217584,57.74136817430809,58.98796811232582,53.76906477451446,55.52791753820641,B,B,B,B,B,C,49.00235462821543,B,53.95769834672578,58.64697934761628,,,None,1.0,40.835295523512855,62.64176038062284,93.0
389754,285023_43938,Petar Musa,Croatia,FW,1,1,100,1,0,0,0.34,2.91,0,0,9,76,11,1,1,0,0,0,0,11,64,0,0,3,33,0,0,,,,43,33,9,1,38,5,0,10,13,29,3.35,160,61,13217.92,,,,,,,Round of 16,1.0,119.0,97.0,0.0,False,,,None,1.0,1.0,13.21792,3.35,119.0,0.23511606690645198,0.019157154960044588,0.09412082544903938,0.43510054699199674,0.2862018134665709,0.3475249814603645,0.08311569876844742,0.31016346125786476,10.474564712746158,0.9739538125929971,0.09051502317100432,24.341891977098687,2.6493027621834355,20.65583236944795,3.104938968407735,0.4172610799392569,0.40398284025795617,6.0294155098796836,8.655871590962622,0.18386814337312637,20.930316896600335,56.49049691344956,4.760278597239893,13.21792,476.0,62.15664738319302,None,1.0,1.0,68.3742236655281,51.52542967557675,41.18388835470141,69.09876305573862,37.93619978627191,41.199918097411974,476.0,62.15664738319302,None,1.0,1.0,72.88647962753898,65.20320267142262,44.0799452323874,43.422638557019305,48.83142533191911,82.2300111180206,A,A,C,C,C,A,59.36719905327057,A,65.26751936588002,71.95902688860436,,,None,1.0,49.472665877725476,72.510553633218,71.0
369029,285023_43938,Dominik Livakovic,Croatia,GK,0,0,0,0,0,0,0.0,0.0,0,0,0,0,0,0,1,0,0,0,0,129,74,0,0,0,0,0,0,12.0,80.0,68.0,5,0,0,5,2,3,0,0,8,235,2.52,30,5,17297.82,,,,,,,Round of 16,0.0,413.0,1255.0,0.0,False,,,None,1.0,1.0,17.297819999999998,2.52,413.0,,,,,,,,,,,,,,,,,,,,,,,,,,,,,,,,,,,,,,,,,,,,,,,,,,,,,,,,,,,,,,,
241559,285023_43938,Luka Modric,Croatia,MF,0,1,0,1,0,1,0.05,0.0,7,0,16,48,12,4,3,1,0,0,0,248,91,9,44,9,44,2,100,,,,141,14,47,80,114,27,1,13,50,509,6.08,401,122,36541.56,,,,,,,Round of 16,0.0,360.0,241.0,1.0,False,,,None,1.0,1.0,36.54156,6.08,360.0,0.020224495796940335,0.18518105139417107,0.026817517665643314,0.35148044800787887,0.06149229288867284,0.2807356529934803,1.2550814432172503,1.7779051297056043,48.681736976471775,1.8050075916845003,0.41253058592771175,101.12242985637181,3.328084074348656,11.934319396729897,2.6779197568343847,0.8461863537000008,0.6657543741933704,11.149756344798227,3.7679300116847045,0.3182369447950943,27.259852771692834,86.53288799120797,7.80357413032248,36.54156,97.0,84.44616749397017,None,1.0,1.0,49.10075737332173,79.41031338185557,85.30572155328933,65.80839722236982,73.1809142681761,69.18798365718575,97.0,84.44616749397017,None,1.0,1.0,,,,,,,,,,,,,,,,,,,,,,,
448160,285023_43938,Luka Sucic,Croatia,MF,0,1,0,0,1,0,0.04,0.0,0,0,1,7,0,0,0,0,0,0,0,3,33,0,0,1,0,0,0,,,,5,3,1,1,4,1,1,1,3,10,1.76,31,17,2774.75,,,,,,,Round of 16,0.0,23.0,591.0,0.0,False,,,None,1.0,1.0,2.77475,1.76,23.0,0.020357499895611857,0.015577196276399355,0.025285663250908273,0.3537919192384755,0.061896689966010145,0.11176020185607156,0.06758360289231466,0.25220222542741816,7.150575959285061,0.45030460092981756,0.07360019193028902,16.54743307304366,0.7876456821959688,5.009115324516944,0.6456706647053574,0.16846449306328193,0.15766760040609507,3.1944626192471284,1.9136709254098485,0.32032979390398797,9.502847983660448,23.897941110250887,2.0867903289590792,2.77475,917.0,15.089760385719863,None,1.0,1.0,20.65466382522942,17.838377657673835,10.671803775645675,9.686093542399558,8.813824772059702,9.345356790278329,917.0,15.089760385719863,None,1.0,1.0,,,,,,,,,,,,,,,,,,,,,,,
380005,285023_43938,Mario Pasalic,Croatia,MF,1,4,0,1,3,1,0.36,0.0,0,0,7,23,8,2,0,0,0,0,1,50,90,0,0,1,100,0,0,,,,31,3,17,11,23,8,0,9,22,119,6.43,218,78,16317.24,,,,,,,Round of 16,0.0,158.0,915.0,0.0,False,,,None,1.0,1.0,16.317239999999998,6.43,158.0,0.024311728064827565,0.018602901231791133,0.09547776650936204,1.034518164585278,0.27792143872002883,0.3374704082715296,0.0807110000532737,0.30118982946709455,18.12759218391643,0.537771487672032,0.08789624761899198,41.997811392842806,2.1646493358190315,9.246114366834652,2.403101126952033,0.6091908799142947,0.1882928574413568,7.690990566295988,2.2853811805328674,0.1785484806056567,23.792795705704556,66.6882315327984,5.254821883165794,16.317239999999998,498.0,61.09691501352125,None,1.0,1.0,56.95927228824904,45.268972378528225,50.23782986285021,47.91333161190223,58.42879406360745,45.93870302035574,498.0,61.09691501352125,None,1.0,1.0,,,,,,,,,,,,,,,,,,,,,,,
482774,285023_43938,Martin Baturina,Croatia,MF,1,3,33,0,3,0,0.1,10.18,2,0,17,119,8,1,14,0,0,0,0,93,86,10,20,8,50,1,100,,,,119,40,62,17,59,60,3,53,74,240,6.58,489,175,37805.67,67.0,201.0,120.0,5.616047382354736,5.41038179397583,5.951844215393066,Round of 16,1.0,344.0,149.0,0.0,True,100.35,5.6691467523574826,B,1.1,1.1,37.80567,6.58,344.0,0.19250614858898962,0.015685317332005108,0.03578161146928043,0.7002622782221835,0.23433366147433657,0.11253592752486202,0.41206739479826315,1.9740262331167906,22.680869272762983,1.6574815909594685,0.24611839724758908,56.2239784810238,3.5452302796405317,24.308706443875934,2.0262110349070808,0.3416411498885303,2.566864835388988,15.42915701202115,8.2912255452591,0.6665678928423205,36.745968016359264,102.84318152999461,8.126850339583337,37.80567,117.0,82.91427577688276,B,1.1,1.1,65.65622477387952,68.95928633846584,76.83084770591564,83.4373281063881,69.79008698634901,89.50638933409245,117.0,82.91427577688276,B,1.1,1.1,,,,,,,,,,,,,,,,,,,,,,,
339987,285023_43938,Mateo Kovacic,Croatia,MF,4,5,0,1,4,0,0.46,0.0,0,0,7,95,16,3,3,0,0,0,0,208,95,0,0,3,67,2,100,,,,88,4,27,57,60,28,1,15,86,442,6.73,354,108,32503.08,,,,,,,Round of 16,0.0,293.0,231.0,1.0,False,,,None,1.0,1.0,32.503080000000004,6.73,293.0,0.02143749336254147,0.19628759104746477,0.10217838384944535,1.0920970808941675,0.7847164068343421,0.29757323782514045,0.07116900630479354,0.26558190157642475,44.40614449999502,0.8339618875384152,0.4372727897131839,95.13518653622701,1.9087353908003424,21.104648070859906,3.558068432766823,0.7170537759621262,0.7056840932475799,18.294305519943155,2.1950778122647017,0.3373237315905007,26.376431458857716,83.26829284202351,7.545148439273284,32.503080000000004,100.0,84.2668713302924,None,1.0,1.0,59.18236243281718,62.05403618467975,81.18178787759919,66.65444144364346,85.16560866907066,66.32739034098532,100.0,84.2668713302924,None,1.0,1.0,,,,,,,,,,,,,,,,,,,,,,,
409191,285023_43938,Nikola Vlasic,Croatia,MF,1,3,33,2,1,1,0.2,5.07,0,0,14,82,9,5,0,0,0,0,2,40,83,3,67,3,67,0,0,,,,67,30,28,9,38,29,1,22,45,105,5.15,263,96,22011.41,,,,,,,Round of 16,1.0,204.0,112.0,0.0,False,,,None,1.0,1.0,22.01141,5.15,204.0,0.21883806540633202,0.017830830471545423,0.06022952635629267,0.7960475203852166,0.2663869466637865,0.5189998126458502,0.07736127506173145,0.8752956558143075,15.419894637152069,0.9065231948941039,0.08424831540259292,37.51729377137035,3.4435579076380765,20.39896064314347,2.4989012647196414,1.1705138288913441,0.1804781941379174,11.869106454836963,7.469985851357115,0.3666735751889335,26.32496639309782,72.71957968942388,6.150144016132949,22.01141,259.0,73.68161939620725,None,1.0,1.0,65.8265722190265,57.37399231640463,56.44926560175214,67.95544067160016,63.67664993618835,55.702219573673894,259.0,73.68161939620725,None,1.0,1.0,,,,,,,,,,,,,,,,,,,,,,,
485066,285023_43938,Petar Sucic,Croatia,MF,2,3,33,1,2,0,0.14,7.07,0,0,11,152,25,7,6,1,0,0,1,127,87,6,17,5,20,1,100,,,,164,44,73,47,98,66,6,43,62,294,7.0,548,158,39444.7,55.0,275.0,169.0,5.77211332321167,5.098548889160156,5.762997150421143,Round of 16,1.0,338.0,71.0,1.0,True,116.5,5.668799614906311,B,1.1,1.1,39.4447,7.0,338.0,0.19349497662009454,0.18865676803069745,0.04288104272782639,0.7038592488899094,0.40842822233458653,0.28600486154494575,0.06840225936733813,1.292602500307957,28.675661905887072,1.1473227748028887,0.24738261021924138,65.84888644254487,2.526095438435797,30.138969752011274,4.975763864637014,1.3807413140244564,1.196922754583156,13.43371991888627,9.025377820918168,1.1886644330253922,33.99557255253127,113.57200832663985,8.451968100444065,39.4447,37.0,90.72754405660957,B,1.1,1.1,74.84726307923763,81.17121281974417,82.22272938606986,87.26708000520195,81.32537984332996,89.93228724051447,37.0,90.72754405660957,B,1.1,1.1,,,,,,,,,,,,,,,,,,,,,,,
511141,285023_1895293,Armando Obispo,Curaçao,DF,0,0,0,0,0,0,0.0,0.0,0,0,4,24,9,1,0,0,0,0,1,97,90,0,0,1,100,1,100,,,,16,0,4,12,8,8,0,1,21,214,5.34,189,65,26713.78,,,,,,,Round of 16,0.0,300.0,1114.0,0.0,False,,,None,1.0,1.0,26.71378,5.34,300.0,0.02130271646567816,0.016300459157948068,0.019309575665994668,0.19146571074415192,0.06477060755353967,0.11694932602210358,0.07072156883342547,0.26391219589058773,24.285372757483184,0.4712126383881749,0.2557705908931787,53.78137271330811,1.3604759943975449,8.280495258932575,2.2844274174615533,0.35503952470692596,0.1649882453394426,6.560339714946108,1.4662651118744712,0.1564499095900412,18.524221268681046,53.25052971797916,6.462857118955411,26.71378,755.0,45.11796062633152,None,1.0,1.0,26.19005633047305,29.48262924171229,51.201854088258294,33.57018313768941,47.544188748144,38.88369262389425,755.0,45.11796062633152,None,1.0,1.0,,,,,,,,,,,,,,,,,,,,,,,
506471,285023_1895293,Deveron Fonville,Curaçao,DF,0,0,0,0,0,0,0.0,0.0,0,0,9,73,19,2,3,0,0,0,0,66,83,0,0,3,33,0,0,,,,17,5,8,4,3,14,0,9,53,151,5.89,239,132,25516.75,,,,,,,Round of 16,0.0,260.0,1058.0,0.0,False,,,None,1.0,1.0,25.51675,5.89,260.0,0.02209823544025158,0.016909176106103433,0.020030663695214276,0.19861571934153244,0.06718937172319407,0.12131662857077385,0.07336256300002547,0.27376761314643655,19.443995804218705,0.8596660918959084,0.07989362043783263,44.107773752505324,2.338422748971788,17.675707529605408,4.224019551152931,0.5537263108777534,0.7274345454153747,12.7390333054854,2.4481624072349963,0.16229230400249542,31.639680917494648,64.51051089528606,6.48223982240199,25.51675,490.0,61.50318969735056,None,1.0,1.0,35.965612083639414,41.93716794658466,48.37602206494316,68.284872544996,55.03277737442846,57.9100738590739,490.0,61.50318969735056,None,1.0,1.0,,,,,,,,,,,,,,,,,,,,,,,
401023,285023_1895293,Joshua Brenet,Curaçao,DF,0,0,0,0,0,0,0.0,0.0,0,0,17,65,6,0,1,0,0,0,1,63,78,1,0,3,33,0,0,,,,44,18,20,6,8,36,1,10,32,121,3.96,191,97,19154.29,,,,,,,Round of 16,0.0,193.0,972.0,0.0,False,,,None,1.0,1.0,19.15429,3.96,193.0,0.023546761540163556,0.018017562474052274,0.021343661705373353,0.21163486080632832,0.07159359480430294,0.12926886092494647,0.07817143507260775,0.4892959849434958,20.125788879349475,0.9160166894215528,0.08513059941443746,41.0715198477959,4.072369509413015,17.253675023763485,1.9323216101801586,0.194856601571232,0.3799513068602262,9.424824867445494,5.177217880044107,0.3705135360404845,26.798235650295805,59.25514895586827,5.6500323897069435,19.15429,586.0,56.96638995426632,None,1.0,1.0,37.870782306089254,46.95264826992959,46.14510672444234,66.50206475955981,40.609792363180766,46.94818201528604,586.0,56.96638995426632,None,1.0,1.0,,,,,,,,,,,,,,,,,,,,,,,
431698,285023_1895293,Jurien Gaari,Curaçao,DF,0,2,0,1,1,1,0.11,0.0,0,0,8,30,14,4,1,1,0,0,0,54,76,0,0,1,0,0,0,,,,21,0,2,19,11,10,0,3,24,114,3.83,151,71,17250.25,,,,,,,Round of 16,0.0,180.0,953.0,0.0,False,,,None,1.0,1.0,17.25025,3.83,180.0,0.023834796873492232,0.018237961980121585,0.043604747659944036,0.6142236804014282,0.07246936215381646,0.33085013992087237,0.07912766573386085,0.29528128920196856,18.571977226671812,0.5272218469555148,0.08617195792724115,40.17392646916915,2.3221846955514813,10.46473029045643,3.5559586992183734,0.9972401814146484,0.38459905432789737,7.940113866640933,1.6405481038309369,0.17504583614783364,21.926044581684838,51.979986490398524,5.338338308404903,17.25025,665.0,52.520127855344455,None,1.0,1.0,43.766566004886606,39.23480301397819,40.14852986142982,55.4128065506919,44.95931485467592,39.07966609847844,665.0,52.520127855344455,None,1.0,1.0,,,,,,,,,,,,,,,,,,,,,,,
398569,285023_1895293,Riechedly Bazoer,Curaçao,DF,0,0,0,0,0,0,0.0,0.0,0,0,1,11,3,2,0,0,0,0,0,36,86,0,0,0,0,1,100,,,,18,0,3,15,9,9,0,1,4,71,1.69,60,15,8506.82,,,,,,,Round of 16,0.0,100.0,808.0,0.0,False,,,None,1.0,1.0,8.50682,1.69,100.0,0.02524558075532909,0.01931746867513036,0.022883534717856806,0.22690360031105503,0.07675883055567671,0.13859517208188762,0.08381123975453383,0.31275901664496775,15.858169975144873,0.346590139033688,0.3031105031902994,33.442790163935754,0.9767688949246075,7.059216306866446,1.436218022905803,0.6325908842545863,0.1955254898175893,4.173329579162528,1.7376523013010117,0.1854068157496639,11.360920175213968,35.779427086526375,3.8021241681390316,8.50682,764.0,44.38612610007282,None,1.0,1.0,45.14387705217025,44.3928578469084,35.02732564997946,29.50136747234613,41.20104441584793,26.862989351763733,764.0,44.38612610007282,None,1.0,1.0,,,,,,,,,,,,,,,,,,,,,,,
466361,285023_1895293,Roshon Van Eijma,Curaçao,DF,0,0,0,0,0,0,0.0,0.0,0,0,1,5,3,0,0,0,0,0,0,1,100,0,0,0,0,0,0,,,,0,0,0,0,0,0,0,0,0,2,1.82,18,5,1852.02,,,,,,,Round of 16,0.0,20.0,577.0,0.0,False,,,None,1.0,1.0,1.85202,1.82,20.0,0.01950119744194819,0.014921968892826754,0.01767661172177239,0.17527392032844125,0.0592931144894862,0.10705920538980462,0.06474081741861343,0.2415937820743379,6.522526821822393,0.2677269656908758,0.07050432921319731,14.542303474774767,0.7545147509057575,4.471142964918898,1.1094207539059415,0.1613783302483486,0.15103558990464327,2.5691840727062187,1.3422666304071302,0.14321932048459116,7.139491021378506,20.765443492144257,1.8480209796040108,1.85202,878.0,23.562562213191256,None,1.0,1.0,11.652026470068547,12.80671547148976,27.67974033811057,13.45346761890881,43.357420727689025,11.378333084514999,878.0,23.562562213191256,None,1.0,1.0,,,,,,,,,,,,,,,,,,,,,,,
466350,285023_1895293,Sherel Floranus,Curaçao,DF,0,2,0,1,1,0,0.17,0.0,0,0,16,95,25,2,0,0,0,0,1,112,85,0,0,3,33,1,100,,,,33,10,11,12,14,19,0,8,42,232,5.97,320,116,29893.73,,,,,,,Round of 16,0.0,300.0,1114.0,0.0,False,,,None,1.0,1.0,29.893729999999998,5.97,300.0,0.02130271646567816,0.016300459157948068,0.04969759884392978,0.5489718657786827,0.06477060755353967,0.29570240353936905,0.07072156883342547,0.26391219589058773,26.96666892024216,0.8287187934227057,0.2557705908931787,56.998928108618884,3.5055129246047296,20.97196376265842,5.1444766577378,0.5337926022241914,0.1649882453394426,10.314154342808681,3.253795887047125,0.1564499095900412,27.64062822206158,76.66718287274094,7.03128296780644,29.893729999999998,408.0,66.52768673507562,None,1.0,1.0,42.86446922775398,43.039979103017636,57.784828023081744,73.66236341954531,53.53148859159676,61.46466536721804,408.0,66.52768673507562,None,1.0,1.0,,,,,,,,,,,,,,,,,,,,,,,
485379,285023_1895293,Shurandy Sambo,Curaçao,DF,0,0,0,0,0,0,0.0,0.0,0,0,0,0,0,0,0,0,0,0,0,3,100,0,0,0,0,0,0,,,,2,0,1,1,1,1,0,0,0,7,2.18,9,4,726.32,,,,,,,Round of 16,0.0,6.0,515.0,0.0,False,,,None,1.0,1.0,0.7263200000000001,2.18,6.0,0.012238927407342472,0.009365009230719543,0.011093819664898405,0.1100016957259121,0.037212285355927924,0.06719022495690846,0.0406312569798414,0.1516239589735545,4.298925729344713,0.16802511270566123,0.04424842985731509,9.640221581350563,0.3708345454111379,2.292593899930856,0.38817715509765555,0.1012808405692632,0.09478974951516658,1.6124167480256328,0.8424048779442483,0.0898842684895516,4.378037759703267,12.108084849804705,1.044208566731313,0.7263200000000001,914.0,17.44190946401809,None,1.0,1.0,5.434376143238012,6.533586818907026,24.54836667010868,6.594397997719907,40.771986124175385,6.297876435480894,914.0,17.44190946401809,None,1.0,1.0,,,,,,,,,,,,,,,,,,,,,,,
466346,285023_1895293,Brandley Kuwas,Curaçao,FW,0,0,0,0,0,0,0.0,0.0,0,0,0,2,0,0,0,0,0,0,0,4,75,1,0,1,0,0,0,,,,5,3,2,0,2,3,0,6,2,11,2.51,16,7,839.63,,,,,,,Round of 16,0.0,6.0,514.0,0.0,False,,,None,1.0,1.0,0.83963,2.51,6.0,0.012238927407342472,0.009365009230719543,0.011093819664898405,0.1100016957259121,0.037212285355927924,0.06719022495690846,0.0406312569798414,0.2543219385057731,4.401623708876932,0.2707230922378799,0.04424842985731509,10.051013499479437,0.3708345454111379,2.4979898589952936,0.38817715509765555,0.1012808405692632,0.09478974951516658,1.8178127070900703,1.1504988165409042,0.0898842684895516,4.686131698299923,12.826970706530235,1.055845274792109,0.83963,942.0,3.2975084289545036,None,1.0,1.0,0.37720346794399806,2.1543142825076758,6.458219965602104,1.3132665483478805,7.8789850868428335,1.222257808944383,942.0,3.2975084289545036,None,1.0,1.0,0.0,0.0,3.6382724979014616,9.623395572096173,1.111883252258514,0.8442158026645561,G,G,G,F,G,G,0.040447788622656654,G,13.500482160077146,34.347345132743364,,,None,1.0,0.03370649051888055,4.755968858131489,288.0
466372,285023_1895293,Gervane Kastaneer,Curaçao,FW,0,1,0,0,1,0,0.03,0.0,0,0,0,17,3,2,0,2,0,0,0,9,78,0,0,0,0,0,0,,,,12,11,1,0,8,4,0,7,6,19,5.92,44,21,4460.43,,,,,,,Round of 16,0.0,45.0,661.0,0.0,False,,,None,1.0,1.0,4.460430000000001,5.92,45.0,0.023834796873492232,0.018237961980121585,0.027604747659944025,0.41422368040142815,0.07246936215381646,0.13085013992087233,0.07912766573386085,0.29528128920196856,9.571977226671814,0.32722184695551476,0.08617195792724115,21.173926469169157,0.7221846955514812,7.86473029045643,1.355958699218373,0.5972401814146483,0.18459905432789733,4.340113866640934,3.840548103830937,0.17504583614783364,11.926044581684838,30.579986490398532,2.780374308404902,4.460430000000001,836.0,31.278702533799425,None,1.0,1.0,35.42045576809686,30.023572836782787,22.48768214525731,21.111537970504934,29.100208028418923,18.956351966995577,836.0,31.278702533799425,None,1.0,1.0,52.45337239571184,57.87955830455736,29.150448857355045,61.11310820240639,33.17581653926338,34.95053423031263,B,B,D,A,D,D,47.32327491153523,B,44.30716184182171,58.61880267046076,,,None,1.0,39.436062426279356,58.66691176470587,116.0
466363,285023_1895293,Jearl Margaritha,Curaçao,FW,0,1,0,1,0,0,0.05,0.0,0,0,3,23,1,0,0,0,0,0,0,8,100,0,0,0,0,0,0,,,,17,11,6,0,9,8,2,7,9,19,4.54,62,36,5685.6,,,,,,,Round of 16,0.0,50.0,682.0,0.0,False,,,None,1.0,1.0,5.6856,4.54,50.0,0.024226793256759308,0.01853791062966603,0.032124531690096395,0.42103616491483803,0.07366122160253537,0.3362914306077933,0.08042903024511186,0.30013760067078327,9.526112426414276,0.33260346531850526,0.08758917562059133,21.522161137982646,1.3439298617225293,9.2138123870235,0.971680769544177,0.2004840705134252,0.18763504251085245,5.02136090973214,3.903711258711408,0.5845032646788666,15.171524143501903,34.74212390467852,3.0751653556789167,5.6856,739.0,46.75201821444457,None,1.0,1.0,45.629472766002095,37.56927498797738,39.092638258840914,32.410894484232614,51.160822579904675,28.155127112112343,739.0,46.75201821444457,None,1.0,1.0,52.276098862650336,56.72219481652944,36.39065950946217,64.18980355670212,35.594345488460554,32.85846194433451,B,B,D,A,D,D,47.46749627583346,B,38.1525325053367,29.58387516254876,,,None,1.0,39.55624689652789,59.51587370242215,111.0
424047,285023_1895293,Jeremy Antonisse,Curaçao,FW,0,1,0,1,0,0,0.05,0.0,2,0,1,39,3,0,0,0,0,0,0,35,71,6,50,2,0,1,100,,,,33,10,18,5,21,12,0,11,14,82,4.85,145,55,10361.23,,,,,,,Round of 16,0.0,85.0,760.0,0.0,False,,,None,1.0,1.0,10.361229999999999,4.85,85.0,0.025270299019170016,0.019336382650296084,0.03350821188161361,0.43917119663841775,0.07683398608662624,0.3507763045227786,0.507984164736773,1.5853378359572912,15.661651475516535,0.7710203541225468,0.3034072824746988,35.808034171944485,0.9777252615651829,13.00340017472509,1.4376242419334948,0.2091193975513502,0.1957169312699281,6.297870060091726,3.8598079801466687,0.18558834988167777,19.85386108122305,53.838320905890264,4.199066045340687,10.361229999999999,645.0,53.43890905648714,None,1.0,1.0,53.20338506088624,67.31498772972789,39.50195403364226,37.14356063224356,33.69071396534537,35.83085219823518,645.0,53.43890905648714,None,1.0,1.0,37.860961568964065,41.50571092475241,33.717641993018596,70.43834979171513,45.960279433817334,32.68886501969208,C,C,D,A,C,D,37.346728108244776,C,41.40174753671687,51.076426264800865,,,None,1.0,31.12227342353731,52.6601643598616,163.0
407680,285023_1895293,Juergen Locadia,Curaçao,FW,0,1,0,1,0,0,0.08,0.0,0,0,7,76,4,3,4,0,0,0,2,48,77,0,0,1,100,1,100,,,,67,47,20,0,44,23,2,42,42,108,5.71,227,92,23793.05,,,,,,,Round of 16,0.0,250.0,1043.0,0.0,False,,,None,1.0,1.0,23.79305,5.71,250.0,0.022306429187801843,0.017068482253014362,0.03519340421711742,0.3876622588322194,0.0678223818625068,0.309634911389868,0.0740537325263057,0.2763468555249945,16.258027367114884,0.49341460125698033,0.2678216453414783,36.47478665622625,1.9861030444695371,18.403761359893565,1.4561853716428825,0.7461184480315031,0.9214632371450093,10.800122784838297,10.332590866193563,0.5381719547204401,24.450754353473926,62.87217883329899,6.220676736702131,23.79305,624.0,54.66646915054636,None,1.0,1.0,39.828628587255,38.93832213526264,42.45043679317484,55.21417850937971,48.79707885940546,48.061907650722766,624.0,54.66646915054636,None,1.0,1.0,12.37089355190849,14.241262854323992,67.24829032640432,9.380220337907849,57.42657547273326,59.579399626886776,F,F,B,F,B,B,16.296176035853406,F,57.42899850523169,53.316326530612244,,,None,1.0,13.580146696544507,35.38860294117647,257.0
466352,285023_1895293,Kenji Gorre,Curaçao,FW,0,0,0,0,0,0,0.0,0.0,0,0,0,8,1,0,0,0,0,0,0,2,0,0,0,0,0,0,0,,,,2,0,2,0,1,1,0,3,1,5,2.2,32,8,2257.01,,,,,,,Round of 16,0.0,20.0,578.0,0.0,False,,,None,1.0,1.0,2.25701,2.2,20.0,0.01950119744194819,0.014921968892826754,0.01767661172177239,0.17527392032844125,0.0592931144894862,0.10705920538980462,0.06474081741861343,0.2415937820743379,6.686163185458757,0.2677269656908758,0.07050432921319731,15.033212565683858,0.5908783872693938,4.962052055827989,0.7821480266332143,0.1613783302483486,0.15103558990464327,2.7328204363425823,1.3422666304071302,0.14321932048459116,7.630400112287596,23.05635258305335,1.914292070513102,2.25701,935.0,6.504327754721899,None,1.0,1.0,6.970465382372282,7.632417480374876,4.8087696978584935,6.409134942620118,4.337233455453557,4.72504398657154,935.0,6.504327754721899,None,1.0,1.0,23.903003386857506,26.573824611998642,13.503167764518617,29.754075828381723,13.324067639564513,14.6987770177323,E,E,F,E,E,E,21.191114524891663,E,41.19359534206696,73.5910878112713,,,None,1.0,17.659262104076387,30.367214532871973,266.0
424056,285023_1895293,Sontje Hansen,Curaçao,FW,1,1,0,0,1,0,0.03,0.0,0,0,2,31,1,0,0,0,0,0,0,6,83,0,0,0,0,0,0,,,,21,15,6,0,13,8,1,7,7,20,1.96,59,26,4910.75,,,,,,,Round of 16,0.0,50.0,676.0,0.0,False,,,None,1.0,1.0,4.91075,1.96,50.0,0.024226793256759308,0.01853791062966603,0.028058746127022752,0.42103616491483803,0.27695049975621694,0.13300215245411184,0.08042903024511186,0.30013760067078327,9.119533870106912,0.33260346531850526,0.08758917562059133,21.72545041613633,1.1406405835688476,10.840126612252952,0.971680769544177,0.2004840705134252,0.18763504251085245,4.6147823534247765,4.716868371326133,0.38121398652518507,13.138631361965087,34.13225607021748,2.9176466585015364,4.91075,813.0,36.9769192925018,None,1.0,1.0,44.79866682906706,35.16693379489847,27.46319759857048,27.384597319646335,27.804627030398336,22.436168081571527,813.0,36.9769192925018,None,1.0,1.0,53.62897582548819,55.07152885819452,35.655264004567194,60.06639741176969,34.31878863245675,32.22718450260991,B,B,D,B,D,D,47.09561402136144,B,43.29597343295973,41.86827179071652,,,None,1.0,39.246345017801204,58.18749999999999,121.0
506473,285023_1895293,Tyrese Noslin,Curaçao,FW,0,0,0,0,0,0,0.0,0.0,0,0,0,7,2,0,2,0,0,0,0,9,56,3,33,1,0,0,0,,,,12,4,5,3,2,10,2,4,10,25,2.51,42,19,2453.07,,,,,,,Round of 16,0.0,19.0,574.0,0.0,False,,,None,1.0,1.0,2.4530700000000003,2.51,19.0,0.019181796058587344,0.014677568644020275,0.017387094411162426,0.17240318724722226,0.058321979109308066,0.10530573058884385,0.06368045655077578,0.7205055363253509,7.703347169853991,0.42429822245221777,0.06934957036566192,18.006115044291978,0.5812006546658609,4.719824589538121,0.9302938111134795,0.15873518681681184,0.47047431936086564,4.136666925719724,1.9641071936686472,0.46278606911875975,9.275943810284737,24.288285273938037,1.9144958174103215,2.4530700000000003,915.0,15.992105850350793,None,1.0,1.0,10.179207225810817,28.374512243302956,12.023358862225624,11.50268949052699,10.402596530125495,9.654935837731742,915.0,15.992105850350793,None,1.0,1.0,22.074286940538723,24.752400106249763,17.843742969594782,51.851303630711975,9.257159577191763,12.450298679028398,E,E,E,B,F,E,21.460947295382034,E,41.22536945812808,55.14403292181069,,,None,1.0,17.884122746151697,34.21401384083045,261.0
390650,285023_1895293,Eloy Room,Curaçao,GK,0,0,0,0,0,0,0.0,0.0,0,0,0,0,0,0,0,0,0,0,0,89,54,0,0,1,0,0,0,21.0,81.0,72.0,9,0,0,9,3,6,0,0,3,160,3.12,15,1,15611.7,,,,,,,Round of 16,0.0,300.0,1114.0,0.0,False,,,None,1.0,1.0,15.6117,3.12,300.0,,,,,,,,,,,,,,,,,,,,,,,,,,,,,,,,,,,,,,,,,,,,,,,,,,,,,,,,,,,,,,,
466359,285023_1895293,Godfried Roemeratoe,Curaçao,MF,0,0,0,0,0,0,0.0,0.0,0,0,0,4,0,0,0,0,0,0,0,3,33,0,0,0,0,0,0,,,,0,0,0,0,0,0,0,0,1,7,2.36,19,6,1454.14,,,,,,,Round of 16,0.0,12.0,533.0,0.0,False,,,None,1.0,1.0,1.4541400000000002,2.36,12.0,0.016290312591400947,0.012465057003136756,0.014766146097525334,0.14641495527493967,0.04953046459976562,0.0894318375463145,0.054081199696148885,0.20181520862221414,5.721975595363711,0.22364554654834254,0.05889574552275727,12.831371392590842,0.493589876251193,3.5982728359784986,0.5166733151458907,0.13480728314503454,0.12616748173016196,2.282859772930023,1.1212615561393016,0.11963816615709036,6.100662708065353,17.483093236504278,1.4893555009237365,1.4541400000000002,944.0,1.968320820199409,None,1.0,1.0,1.681561337084259,2.511332952447028,1.6831784669218464,2.5967579850321703,1.5912505414946783,2.4405838109847995,944.0,1.968320820199409,None,1.0,1.0,,,,,,,,,,,,,,,,,,,,,,,
466317,285023_1895293,Juninho Bacuna,Curaçao,MF,1,5,0,2,3,1,0.33,0.0,2,0,16,148,21,6,3,2,0,0,0,75,80,5,20,4,25,1,100,,,,45,13,27,5,25,20,4,36,71,201,6.17,305,142,28744.95,,,,,,,Round of 16,0.0,280.0,1082.0,0.0,False,,,None,1.0,1.0,28.74495,6.17,280.0,0.02169283227177373,0.016598968823341033,0.07973196110228842,1.1051048926142868,0.24798332470680287,0.4831441655606544,0.43606984127858667,1.1788780873846914,20.725525167962733,1.0259216635607191,0.26045450763227596,52.399923387311325,3.5697092444761385,31.00343101291176,4.510580953494406,1.271674227378036,0.7140893952847686,15.781807735934184,3.859462249460089,0.8874212729024715,32.87950092096952,75.34078733404381,6.950938085876334,28.74495,162.0,78.93851679468604,None,1.0,1.0,56.84527447329336,60.319207079874836,61.274218361341056,83.36122533922799,66.10982136423968,65.64714829772537,162.0,78.93851679468604,None,1.0,1.0,,,,,,,,,,,,,,,,,,,,,,,
466340,285023_1895293,Leandro Bacuna,Curaçao,MF,1,6,0,3,3,2,0.33,0.0,1,0,18,110,17,3,3,1,0,0,0,125,86,4,0,4,25,1,100,,,,62,5,33,24,41,21,0,24,60,291,5.88,315,88,29455.81,,,,,,,Round of 16,0.0,300.0,1114.0,0.0,False,,,None,1.0,1.0,29.45581,5.88,300.0,0.02130271646567816,0.016300459157948068,0.07829809124669225,1.2639841758477441,0.24352368507080507,0.6532085585738998,0.24947464635069086,0.9789245059596493,29.29045892796661,1.0074718709399713,0.2557705908931787,67.54535968213754,3.8630190796392605,23.653259925417398,3.714452037599677,0.7125456797414568,0.7012474778912388,13.531709738119458,2.3600304994607986,0.1564499095900412,22.63554205157815,75.77341748515461,6.953003420100078,29.45581,234.0,74.74026328120888,None,1.0,1.0,52.09592977676872,53.05612145624534,66.3826252136072,80.80328373403694,64.90810823792683,56.08022927397804,234.0,74.74026328120888,None,1.0,1.0,,,,,,,,,,,,,,,,,,,,,,,
494989,285023_1895293,Livano Comenencia,Curaçao,MF,2,5,20,2,3,0,0.31,3.25,0,0,13,102,19,4,1,1,0,0,0,62,81,1,100,4,50,0,0,,,,69,6,42,21,50,19,1,11,44,160,6.88,342,117,28808.06,,,,,,,Round of 16,1.0,253.0,122.0,0.0,False,,,None,1.0,1.0,28.80806,6.88,253.0,0.20889173357041574,0.01702040767580987,0.0780233498872538,1.133162908913839,0.4409276193772502,0.49541093495325533,0.07384515499557721,0.46221663723207274,18.825309340995673,1.0519692604455315,0.08041917489152496,46.07775572603296,3.1003978379960166,23.20477730756874,4.251805903497787,0.9306650851052357,0.35892347530533236,11.142999745658226,2.650914987247327,0.35000802366562245,29.048090389328525,84.15963011319847,7.139198012928803,28.80806,183.0,77.5766496615236,None,1.0,1.0,68.71022828268188,57.291862013723225,59.06531004885869,74.95586798126126,60.0809638534852,65.88098933384798,183.0,77.5766496615236,None,1.0,1.0,,,,,,,,,,,,,,,,,,,,,,,
485347,285023_1895293,Tahith Chong,Curaçao,MF,2,4,0,2,2,0,0.2,0.0,0,0,5,113,9,3,13,0,0,0,0,61,84,0,0,11,64,0,0,,,,116,31,78,7,73,43,4,38,78,169,6.14,293,107,27318.08,,,,,,,Round of 16,0.0,267.0,1065.0,0.0,False,,,None,1.0,1.0,27.318080000000002,6.14,267.0,0.021954643088940094,0.016799301796800312,0.056745197143361306,0.9342189502914814,0.43519969025128935,0.4889752330399888,0.07288585964749342,0.27198869575771933,18.396533191338847,2.3278676949073094,0.07937447886001417,47.13718757720041,1.586334069669287,24.929790548633957,2.3543377058866066,0.7343517015069039,2.5649422861899853,17.26184257293888,7.222064285041801,0.8981315612465032,26.82850274652904,74.03939392716809,6.771966044929054,27.318080000000002,294.0,72.03430131784232,None,1.0,1.0,54.179271454165864,54.614196281942306,64.03934061285909,62.21124335218789,65.97110384758993,58.488627688520936,294.0,72.03430131784232,None,1.0,1.0,,,,,,,,,,,,,,,,,,,,,,,
483936,285023_43995,David Doudera,Czechia,DF,0,4,0,1,3,0,0.05,0.0,0,0,1,23,0,0,1,0,0,0,0,47,72,4,25,3,0,0,0,,,,23,10,10,3,7,16,0,10,20,107,2.09,114,34,10486.58,,,,,,,Round of 16,0.0,100.0,799.0,0.0,False,,,None,1.0,1.0,10.48658,2.09,100.0,0.02524558075532909,0.01931746867513036,0.03347543566390844,1.0742556759951858,0.07675883055567671,0.35043319100292036,0.08381123975453383,1.1601110923290987,18.18838818327623,0.9821041957967862,0.09127248426926672,41.068958845092936,0.9767688949246075,9.60127253391884,0.8007039661427048,0.20891484641252092,0.40736350873862204,7.562737881899051,3.856032490511338,0.1854068157496639,15.38584253471359,47.218680108262134,4.221512604478135,10.48658,667.0,52.38837721698214,None,1.0,1.0,52.00665628746183,65.94728150579286,42.58549516038605,33.717185608951006,34.54327509478081,32.888699313259764,667.0,52.38837721698214,None,1.0,1.0,,,,,,,,,,,,,,,,,,,,,,,
433755,285023_43995,David Zima,Czechia,DF,0,0,0,0,0,0,0.0,0.0,0,0,0,4,1,0,0,0,0,0,0,7,86,0,0,0,0,0,0,,,,2,0,1,1,1,1,0,0,1,16,2.36,23,9,2311.48,,,,,,,Round of 16,0.0,19.0,571.0,0.0,False,,,None,1.0,1.0,2.31148,2.36,19.0,0.019181796058587344,0.014677568644020275,0.017387094411162426,0.17240318724722226,0.058321979109308066,0.10530573058884385,0.06368045655077578,0.23763682566509015,7.381434696080484,0.26334198556546423,0.06934957036566192,16.5575089123112,0.5812006546658609,4.23695587887786,0.7693375742267261,0.15873518681681184,0.14856184558735863,2.688060793738942,1.3202822461216328,0.1408735953452528,7.666381441417201,21.23011677308972,1.891706023829526,2.31148,920.0,13.838368036368113,None,1.0,1.0,7.116418003490267,8.147262505378043,16.992433515849992,7.842227596777776,24.002604443667458,7.686935639692558,920.0,13.838368036368113,None,1.0,1.0,,,,,,,,,,,,,,,,,,,,,,,
441166,285023_43995,Jaroslav Zeleny,Czechia,DF,0,1,0,1,0,1,0.02,0.0,0,0,6,36,3,0,2,0,0,0,0,47,74,2,50,1,0,0,0,,,,21,8,11,2,6,15,2,15,11,105,4.33,162,69,15481.55,,,,,,,Round of 16,0.0,142.0,887.0,0.0,False,,,None,1.0,1.0,15.481549999999999,4.33,142.0,0.024637415854079837,0.018852111726401173,0.026466968411146766,0.42817235342195586,0.07490971379114962,0.341991271244122,0.08179223077062941,0.7186943672543159,17.75023073264875,0.5449756488273304,0.08907373424167327,39.66613977844565,1.9869128293397924,12.057531369662096,1.401619595539915,0.20388209718922745,0.6042849907983258,5.51993821213942,3.349671140601369,0.5944100751321156,22.250918053438653,56.00445706407211,5.152450933042959,15.481549999999999,680.0,51.62956478801966,None,1.0,1.0,46.19101472891662,55.1779000554953,39.05973605784875,46.24058157743217,32.94122067127987,38.34682631581491,680.0,51.62956478801966,None,1.0,1.0,,,,,,,,,,,,,,,,,,,,,,,
441170,285023_43995,Ladislav Krejci,Czechia,DF,1,5,20,5,0,5,0.54,1.85,0,0,2,30,10,6,2,1,0,0,0,160,84,2,50,2,50,1,100,,,,44,4,3,37,18,26,1,9,43,333,6.46,373,81,32407.75,,,,,,,Round of 16,1.0,301.0,137.0,0.0,False,,,None,1.0,1.0,32.40775,6.46,301.0,0.19987643922279377,0.016285845410031047,0.11573238759333461,1.0842581629334427,0.24330536031620992,1.009808583916158,0.07065816527103418,0.6208612346473847,35.5149480775776,0.6493830062384973,0.2555412864972914,74.98570215470347,1.0020706531340375,9.344628525588504,2.460972195293581,1.2476853290956909,0.5220259717621698,10.483500280166801,2.1793218550436997,0.3349024696858554,21.365099003689917,86.06386844727083,7.473965180221814,32.40775,331.0,70.19633821188457,None,1.0,1.0,69.20733100395047,49.46169296560175,61.11518804730336,47.820472998144965,61.982038832354,59.72700256118231,331.0,70.19633821188457,None,1.0,1.0,,,,,,,,,,,,,,,,,,,,,,,
486080,285023_43995,Robin Hranac,Czechia,DF,0,0,0,0,0,0,0.0,0.0,0,0,15,37,15,6,0,0,0,0,0,116,90,1,0,2,0,0,0,,,,11,2,1,8,6,5,0,1,13,249,5.86,311,94,29418.45,,,,,,,Round of 16,0.0,301.0,1121.0,0.0,False,,,None,1.0,1.0,29.41845,5.86,301.0,0.021283618075543225,0.016285845410031047,0.019292264173819323,0.19129405719719011,0.06471253916895936,0.11684447817990531,0.07065816527103418,0.4422684135001342,27.656863947098582,0.6493830062384973,0.07694846535004088,59.98390517833443,3.323777328048294,10.594778273619257,3.353936301029834,1.2476853290956909,0.16484032946766874,5.125715645749285,1.8221362127491987,0.15630964853860488,23.686805678604177,74.99111353614131,6.940097659966338,29.41845,509.0,60.44751768181271,None,1.0,1.0,33.08779151907052,39.63110025211291,57.13571851971133,59.15767181738255,58.64445351759182,55.06453472525771,509.0,60.44751768181271,None,1.0,1.0,,,,,,,,,,,,,,,,,,,,,,,
514334,285023_43995,Stepan Chaloupek,Czechia,DF,0,0,0,0,0,0,0.0,0.0,0,0,1,22,15,1,0,0,0,0,0,22,68,0,0,1,0,1,100,,,,4,0,0,4,0,4,0,1,9,54,2.18,141,46,10873.66,,,,,,,Round of 16,0.0,99.0,797.0,0.0,False,,,None,1.0,1.0,10.87366,2.18,99.0,0.025251940644775078,0.01932233514924085,0.022889299558537215,0.2269607620704481,0.07677816770941734,0.13863008710248992,0.08383235355755289,0.31283780717818516,12.895685584772341,0.5585688376793244,0.30318686306131565,29.849061550885256,0.9770149634245244,9.391799909799156,3.979276460391014,0.4208588617744174,0.19557474677512032,5.233837854837543,1.7380900522340932,0.1854535236017085,17.932415174172124,52.95164288502219,4.304595009175913,10.87366,756.0,45.08991786094282,None,1.0,1.0,45.90794234597199,49.60789035725608,31.41020431518703,36.781063980059116,30.18917604658763,31.42793953157549,756.0,45.08991786094282,None,1.0,1.0,,,,,,,,,,,,,,,,,,,,,,,
441167,285023_43995,Tomas Holes,Czechia,DF,0,0,0,0,0,0,0.0,0.0,0,0,8,37,7,2,2,0,0,0,0,66,83,0,0,1,0,3,100,,,,12,2,0,10,3,9,0,2,15,146,4.11,203,58,17483.14,,,,,,,Round of 16,0.0,169.0,933.0,0.0,False,,,None,1.0,1.0,17.48314,4.11,169.0,0.024075901338093772,0.018422450821456365,0.021823293727068073,0.21639069218853513,0.07320243686197743,0.1321737741475917,0.07992809351108052,0.29826825139500784,21.18412240951983,0.5325550386672434,0.6931130333397457,47.04505201159947,2.34567510332372,11.984749750219631,2.17776762297959,0.6032816540960728,0.5905126537912537,6.20222510989031,2.061189574395135,0.1768165385720733,19.521540085861538,63.01100060494907,5.439388237423353,17.48314,693.0,50.37880207469897,None,1.0,1.0,35.69948082743649,38.980735749086975,43.50805681025251,54.8411453586227,40.80955505625616,38.61176914770869,693.0,50.37880207469897,None,1.0,1.0,,,,,,,,,,,,,,,,,,,,,,,
472908,285023_43995,Vladimir Coufal,Czechia,DF,0,1,0,1,0,1,0.02,0.0,9,0,5,49,10,4,3,0,0,0,1,110,72,20,30,10,60,1,0,,,,86,42,29,15,11,75,3,27,44,252,6.82,443,154,34224.86,,,,,,,Round of 16,0.0,301.0,234.0,1.0,False,,,None,1.0,1.0,34.22486,6.82,301.0,0.021283618075543225,0.19487866655728156,0.02286412059676433,0.3698868783444406,0.06471253916895936,0.29543729932715584,1.677993555596289,3.835532015297895,26.585307020215076,2.0781255754165016,0.2555412864972914,60.51968364177619,1.537849116575789,12.73789212738626,2.460972195293581,0.8904996868011898,0.7006187929094204,10.662093101314051,8.96584905863922,0.6920881119803565,34.402374947439206,98.56536592757837,7.798487981456693,34.22486,210.0,76.09119725344416,None,1.0,1.0,45.64486336149369,85.04557623963368,61.926614237581646,54.91508823914687,54.414221753827974,77.50231051813621,210.0,76.09119725344416,None,1.0,1.0,,,,,,,,,,,,,,,,,,,,,,,
433754,285023_43995,Adam Hlozek,Czechia,FW,1,3,0,2,1,0,0.31,0.0,0,0,6,92,7,4,4,0,0,0,0,26,69,1,100,1,100,0,0,,,,44,20,20,4,32,12,4,26,31,70,6.77,251,94,19420.45,,,,,,,Round of 16,0.0,172.0,938.0,0.0,False,,,None,1.0,1.0,19.420450000000002,6.77,172.0,0.024010538415679936,0.01837243627758505,0.08422119206960094,0.8202272107037415,0.27447836546766746,0.5347642669325443,0.07971109919375524,0.4989331557583758,13.06762374277762,0.531109221408538,0.08680733119515054,31.605256413008842,1.9363575749999113,23.033319223027515,2.1718552687886814,1.004593150619444,0.9918588164799539,9.408981498441806,5.682137659966555,0.9822351593821714,26.72162954964861,72.51071783665728,5.8149398905905745,19.420450000000002,441.0,64.28677858857438,None,1.0,1.0,60.51723898769933,52.31541616637359,44.19378063714574,62.60217272891821,48.140536088565696,52.3224147938771,441.0,64.28677858857438,None,1.0,1.0,38.01024454417376,36.43987401813836,66.03150105350242,38.571821276775694,67.37500457188837,75.59688695422768,C,C,B,D,B,A,36.89220202033638,C,60.239162929745895,59.54954954954954,,,None,1.0,30.74350168361365,54.217820069204144,150.0
519985,285023_43995,Denis Visinsky,Czechia,FW,0,3,0,2,1,0,0.26,0.0,0,0,4,20,0,0,1,0,0,0,0,14,100,0,0,0,0,0,0,,,,18,3,10,5,7,11,1,5,5,40,2.33,92,46,6956.61,,,,,,,Round of 16,0.0,59.0,705.0,0.0,False,,,None,1.0,1.0,6.9566099999999995,2.33,59.0,0.024727414229222304,0.01892097687985026,0.07636125846950194,0.8447165011470928,0.07518335257548966,0.5507305714890596,0.08209101080146675,0.30633962567376616,10.967899642415382,0.33947636296069966,0.08939911298257291,26.324184500299616,1.5791907814471429,8.781735935981297,0.7842694861203542,0.2046268610709732,0.3990023568906413,4.295161862714791,2.324457026337922,0.3890913690011959,17.559927942959703,41.68473408630596,3.4024322941281873,6.9566099999999995,686.0,51.31355646779756,None,1.0,1.0,56.869517630242214,39.6154535184021,40.89921816437322,36.44224243833793,49.83216203581714,32.41414176264844,686.0,51.31355646779756,None,1.0,1.0,57.90220099086575,64.70990020111562,35.24523262930503,58.06813135691781,33.19556709703376,32.99979271486988,B,A,D,B,D,D,51.7670685123382,B,40.596798629866285,23.919213973799124,,,None,1.0,43.13922376028183,61.686245674740476,99.0
484003,285023_43995,Mojmir Chytil,Czechia,FW,0,0,0,0,0,0,0.0,0.0,0,0,1,4,1,1,0,0,0,0,0,2,100,0,0,1,100,0,0,,,,2,2,0,0,1,1,0,2,2,4,2.6,17,8,1627.26,,,,,,,Round of 16,0.0,12.0,539.0,0.0,False,,,None,1.0,1.0,1.62726,2.6,12.0,0.016290312591400947,0.012465057003136756,0.014766146097525334,0.14641495527493967,0.04953046459976562,0.0894318375463145,0.054081199696148885,0.20181520862221414,5.585282065497566,0.36033907641448665,0.05889574552275727,12.42129080299241,0.6302834061173372,3.5982728359784986,0.6533668450120347,0.2715008130111787,0.12616748173016196,2.4195533027961673,1.3946486158715898,0.11963816615709036,6.374049767797642,17.209706176771988,1.5130198848141632,1.62726,881.0,23.13258521269481,None,1.0,1.0,8.875912150809667,11.707067676723925,29.945915515382588,10.757922473924578,47.36075427004236,9.81083982938427,881.0,23.13258521269481,None,1.0,1.0,10.934044915515166,12.951087162751875,5.748422165401093,28.717937874014087,7.236019165356058,4.036406806489907,F,F,F,E,F,F,10.519033750367944,F,20.35163167214774,32.46573887177308,,,None,1.0,8.765861458639954,20.797923875432524,277.0
401481,285023_43995,Patrik Schick,Czechia,FW,1,2,0,2,0,2,0.27,0.0,0,0,7,74,4,1,3,0,0,0,0,28,86,0,0,3,33,0,0,,,,44,23,21,0,34,10,0,27,32,75,6.81,251,76,22836.75,,,,,,,Round of 16,0.0,199.0,981.0,0.0,False,,,None,1.0,1.0,22.83675,6.81,199.0,0.023413571297600244,0.017915647673062533,0.07426860649028101,0.6033686802570245,0.26765408872835644,0.5214685766087386,0.0777292650365676,0.2900628670876791,13.13565808210282,0.9108353193699645,0.08464906546055471,31.80179128827207,2.0846799299234173,18.92427019951996,1.528460684336135,0.3902198688408954,0.7707330587308828,9.371514151741739,6.130260674788849,0.17195230094674832,22.520879126191254,70.70790469238514,6.341549651445022,22.83675,507.0,60.54427754345022,None,1.0,1.0,52.25209666760544,45.471000807014875,48.858135040960974,56.812892012624104,49.008211147023566,49.66866979495066,507.0,60.54427754345022,None,1.0,1.0,33.30783082506834,30.102834591887078,46.9257323111981,20.09050347846313,62.03503895248893,65.3080068592534,D,D,C,F,B,B,30.207156604226675,D,46.58124503912008,42.04642496700566,,,None,1.0,25.17263050352223,44.94537197231834,222.0
486082,285023_43995,Pavel Sulc,Czechia,FW,0,2,0,0,2,0,0.03,0.0,0,0,6,104,12,2,1,0,0,0,1,51,76,1,100,3,0,0,0,,,,100,39,59,2,55,45,4,36,47,129,6.65,338,102,22856.82,,,,,,,Round of 16,0.0,209.0,1003.0,0.0,False,,,None,1.0,1.0,22.85682,6.65,209.0,0.02319214520444247,0.017746216371010634,0.02686044775038238,0.5976625208717296,0.07051538886047083,0.12732206031264773,0.07699416626576042,0.4819271436288316,17.487403297968022,0.9022213961151694,0.0838485249699074,42.00983868389834,1.8703573101798066,24.583523684189473,3.070865373847497,0.5811369437220054,0.3742292061814814,12.201997911667824,9.186004965583392,0.9487559190435972,27.3676890735542,86.97005626097074,6.285482318221583,22.85682,439.0,64.34587620962814,None,1.0,1.0,44.21503291286821,54.315896806192434,51.00378888914524,62.451990551340685,49.94726919435115,59.30018969821689,439.0,64.34587620962814,None,1.0,1.0,8.35891359314791,14.886350700110047,75.00622909021418,35.18851367067729,76.13474269412241,72.5064541051878,F,F,A,E,A,B,18.13851448009013,F,58.47091694183389,52.50292740046838,,,None,1.0,15.115428733408443,41.388105536332176,240.0
483961,285023_43995,Tomas Chory,Czechia,FW,0,0,0,0,0,0,0.0,0.0,0,0,0,14,1,2,1,0,0,0,0,8,88,0,0,1,0,0,0,,,,13,7,6,0,8,5,0,6,4,18,4.49,55,28,4558.03,,,,,,,Round of 16,0.0,43.0,656.0,0.0,False,,,None,1.0,1.0,4.55803,4.49,43.0,0.023649477687624598,0.018096159040328134,0.021436767447296643,0.21255805856893367,0.07190590179516629,0.12983276009886216,0.0785124360479845,0.2929854320815031,9.299108672396512,0.5231226165753269,0.0855019577937197,20.810850987622395,0.7165695992477024,7.208245902940101,0.9485259743328819,0.5925965477904703,0.38160873794249633,3.909478879572773,3.0169073779550644,0.17368482803785837,13.222432549838235,32.52511708910279,2.778124702542388,4.55803,823.0,35.9551729762049,None,1.0,1.0,29.065906073735498,33.31208265139766,31.244985902547818,23.036208161392597,42.70796352143727,21.629138982630984,823.0,35.9551729762049,None,1.0,1.0,49.262448800604595,52.7188555382689,28.603740357005492,63.967773995051914,34.36450751618449,34.144948838261065,B,B,D,A,D,D,44.555997512303655,B,35.622501427755566,49.702589223233026,,,None,1.0,37.129997926919714,56.76349480968858,130.0
484012,285023_43995,Matej Kovar,Czechia,GK,0,0,0,0,0,0,0.0,0.0,0,0,0,0,0,0,0,0,0,0,0,97,64,0,0,3,33,0,0,11.0,60.0,52.0,13,0,0,13,7,6,0,0,10,181,2.86,19,2,14358.61,,,,,,,Round of 16,0.0,301.0,1121.0,0.0,False,,,None,1.0,1.0,14.35861,2.86,301.0,,,,,,,,,,,,,,,,,,,,,,,,,,,,,,,,,,,,,,,,,,,,,,,,,,,,,,,,,,,,,,,
523097,285023_43995,Alexandr Sojka,Czechia,MF,0,0,0,0,0,0,0.0,0.0,1,0,18,84,9,0,2,0,0,0,0,65,80,5,40,1,0,3,33,,,,66,10,36,20,26,40,0,24,44,155,8.04,321,108,19628.07,,,,,,,Round of 16,0.0,155.0,197.0,1.0,False,,,None,1.0,1.0,19.62807,8.04,155.0,0.024374669258116377,0.22318118216257485,0.022094108097974394,0.21907597470857634,0.07411083648925262,0.1338139737409142,0.2854500740729855,1.324620184014964,21.242474917012675,0.5391637366746747,0.7017141625935785,49.469624795240804,4.420084760349955,21.74638913199099,2.6138526903134887,0.20170778932627478,0.5978405720628365,12.210564577007014,3.723008692716423,0.17901072888349437,29.990297006571915,87.92748453633938,5.9455906680695545,19.62807,321.0,70.40105962423146,None,1.0,1.0,45.445744404364454,65.11465119007667,53.34220951564429,76.82587832141985,50.342325920299494,60.39642198747395,321.0,70.40105962423146,None,1.0,1.0,,,,,,,,,,,,,,,,,,,,,,,
486081,285023_43995,Lukas Cerv,Czechia,MF,2,3,0,1,2,0,0.06,0.0,0,0,6,27,11,3,3,0,0,0,0,42,86,1,0,2,0,1,100,,,,67,2,28,37,54,13,0,4,18,97,4.24,204,53,18226.25,,,,,,,Round of 16,0.0,172.0,939.0,0.0,False,,,None,1.0,1.0,18.22625,4.24,172.0,0.024010538415679936,0.01837243627758505,0.03385252615832743,0.8202272107037415,0.47595302911276144,0.33328960328745033,0.07971109919375524,0.4989331557583758,16.291218361099123,0.7325838850536321,0.2882819948402445,37.04507233142638,1.9363575749999113,9.937466086096403,2.9777539233690575,0.8031184869743501,0.79038415283486,6.7898108710555825,2.0555937143548624,0.17633650480179516,18.46116834019976,63.04140864533787,5.574338847265603,18.22625,580.0,57.25133620909361,None,1.0,1.0,48.393628909931735,45.037340008434725,46.61723932707474,52.30363882192955,51.785039703680106,41.9204837100918,580.0,57.25133620909361,None,1.0,1.0,,,,,,,,,,,,,,,,,,,,,,,
484011,285023_43995,Lukas Provod,Czechia,MF,0,1,0,0,1,0,0.05,0.0,0,0,9,49,5,2,1,0,0,0,1,48,77,2,50,3,100,0,0,,,,50,31,15,4,24,26,2,24,20,109,6.94,228,88,16011.22,,,,,,,Round of 16,0.0,137.0,880.0,0.0,False,,,None,1.0,1.0,16.011219999999998,6.94,137.0,0.02473280612090901,0.01892510265931904,0.03279550065068874,0.42983013584863966,0.07519974654575977,0.13578010161924137,0.08210891100868578,0.7214769824387595,18.026490721301784,0.9621562245125121,0.08941860674482488,40.64985883870667,2.617211525120029,14.802173918808995,1.8221168946647015,0.6197420390426317,0.39908936062953415,7.409127624714252,8.135951699650406,0.5967114908328783,26.280238668404163,69.91862154906306,5.282325219898326,16.011219999999998,478.0,62.08934920150955,None,1.0,1.0,46.80968573539752,62.911704524043934,49.64786602359178,56.82678108792724,46.03105095222137,47.94022164021447,478.0,62.08934920150955,None,1.0,1.0,,,,,,,,,,,,,,,,,,,,,,,
433668,285023_43995,Michal Sadilek,Czechia,MF,3,7,14,5,2,1,0.7,1.42,5,0,10,75,4,0,3,0,0,0,0,84,82,11,18,4,50,2,100,,,,67,15,26,26,35,32,2,16,36,201,7.16,385,125,24212.55,,,,,,,Round of 16,1.0,204.0,111.0,0.0,False,,,None,1.0,1.0,24.21255,7.16,204.0,0.21883806540633202,0.017830830471545423,0.15799719629101497,1.5781888798629953,0.6574576264026758,1.105605832254184,1.0550379744089546,2.4395783747698645,24.023449591407633,1.1020585347635488,0.4753189951414822,56.28868639883703,2.6614165481602985,19.030213264057362,1.521224565372418,0.19283712954412083,0.7670842137462514,10.109288396011962,4.536955753315445,0.5622089150583781,31.995491249311712,96.57489115349613,6.580544674133179,24.21255,178.0,77.92885513338062,None,1.0,1.0,77.18168715763436,63.10528250015511,62.023064145331745,63.27062167871404,53.8487102985289,67.80415337190038,178.0,77.92885513338062,None,1.0,1.0,,,,,,,,,,,,,,,,,,,,,,,
404885,285023_43995,Tomas Soucek,Czechia,MF,0,1,0,1,0,0,0.12,0.0,0,0,4,42,5,3,1,0,0,0,2,44,80,0,0,2,50,0,0,,,,27,3,16,8,20,7,0,5,17,99,7.02,264,57,17938.82,,,,,,,Round of 16,0.0,152.0,903.0,0.0,False,,,None,1.0,1.0,17.93882,7.02,152.0,0.02443685966035918,0.018698649699627062,0.04675671558382619,0.42468689788687364,0.07429992552603136,0.3392073564028643,0.08112641668621266,0.30274004275586675,16.990582463626108,0.7455913432080925,0.0883486464643755,38.112933329081024,1.5606348138719428,13.189691120291647,1.8003139078524537,0.8173783285099413,0.3943139589567917,6.705315995355366,2.297143955797359,0.17946746325462165,19.60916511187896,76.46386386301612,5.614376428863177,17.93882,655.0,52.99969200566327,None,1.0,1.0,47.9078602384832,43.219856153164955,42.93801616697553,43.41214395672724,43.42436376671643,43.73634522191812,655.0,52.99969200566327,None,1.0,1.0,,,,,,,,,,,,,,,,,,,,,,,
358003,285023_43995,Vladimir Darida,Czechia,MF,0,1,0,1,0,0,0.01,0.0,0,0,10,34,1,0,1,0,0,0,0,18,78,0,0,1,0,0,0,,,,26,9,13,4,16,10,0,5,17,42,2.57,135,49,7507.52,,,,,,,Round of 16,0.0,58.0,702.0,0.0,False,,,None,1.0,1.0,7.50752,2.57,58.0,0.024682619487896386,0.018886700741750674,0.02444438724150308,0.428957944994915,0.07504715479923152,0.34261874160405487,0.08194229951447382,0.3057846786759633,11.776487469172936,0.5459755458869259,0.08923716276393308,26.690725460095475,2.819014962565008,11.665425674440758,0.9899629077683981,0.20425617098485915,0.39827954749376454,6.7727509000650805,3.562931126596165,0.18127235526738478,18.14945987724094,50.515129269101365,3.510369907301714,7.50752,747.0,45.90807260525406,None,1.0,1.0,42.46274431940208,41.34702618312176,33.67161552181435,49.07608757419594,32.53009325734229,30.640966836620848,747.0,45.90807260525406,None,1.0,1.0,,,,,,,,,,,,,,,,,,,,,,,
486260,285023_43854,Christopher Operi,Côte d'Ivoire,DF,0,0,0,0,0,0,0.0,0.0,0,0,4,20,3,2,0,0,0,0,0,78,90,1,0,3,33,0,0,,,,15,10,2,3,10,5,0,10,29,157,1.6,142,55,10698.42,,,,,,,Round of 16,0.0,100.0,806.0,0.0,False,,,None,1.0,1.0,10.69842,1.6,100.0,0.02524558075532909,0.01931746867513036,0.022883534717856806,0.22690360031105503,0.07675883055567671,0.13859517208188762,0.08381123975453383,0.5245970355660005,24.755366769828246,0.9821041957967862,0.09127248426926672,51.66085979114457,1.6122829516877055,8.965758477155742,1.436218022905803,0.6325908842545863,0.1955254898175893,9.469280052188344,3.856032490511338,0.1854068157496639,19.834440932055276,53.15014463805105,4.266388370406367,10.69842,459.0,63.077048759865704,None,1.0,1.0,45.8727150827827,58.25523905934911,62.75091046358499,43.91556180731824,63.53521331886931,41.431355675877754,459.0,63.077048759865704,None,1.0,1.0,,,,,,,,,,,,,,,,,,,,,,,
486268,285023_43854,Emmanuel Agbadou,Côte d'Ivoire,DF,1,3,0,1,2,1,0.05,0.0,0,0,4,28,8,0,0,0,0,0,0,154,92,0,0,1,0,0,0,,,,31,0,6,25,17,14,0,5,31,323,4.16,250,72,28516.79,246.0,86.0,324.0,4.612823009490967,6.07985258102417,5.030639171600342,Round of 16,0.0,308.0,1147.0,0.0,True,241.5,4.937331485748291,C,1.0,1.0,28.51679,4.16,308.0,0.02115101693102437,0.016184381376370873,0.028046077187243328,0.7225427152250908,0.24178951986413122,0.29359666659801686,0.07021795094510115,0.26203284133171895,34.228802020618474,0.4678570692483593,0.07646906121216503,72.74372489325543,1.3507878602297605,8.931449338944885,2.0906795472371407,0.1750310874777887,0.16381334165607134,8.288424171582747,1.4558236390459323,0.1553358085541628,19.63466884352966,63.697614778316044,6.736832726357285,28.51679,653.0,53.07936054250217,C,1.0,1.0,35.726312771967585,32.83181029024304,63.03518996768194,37.62081303253254,51.56735304488669,45.42426103185137,653.0,53.07936054250217,C,1.0,1.0,,,,,,,,,,,,,,,,,,,,,,,
407343,285023_43854,Ghislain Konan,Côte d'Ivoire,DF,0,4,0,3,1,0,0.28,0.0,0,0,14,67,12,0,1,0,0,0,0,149,83,9,22,9,44,2,100,,,,62,19,25,18,14,48,5,13,60,313,4.39,323,120,29623.54,170.0,181.0,81.0,4.817397594451904,5.489213466644287,6.1847662925720215,Round of 16,0.0,303.0,1126.0,0.0,True,149.4,5.260012149810791,B,1.1,1.1,29.623540000000002,4.39,303.0,0.021245537872800792,0.01625670711724433,0.06917426711331218,0.9040449443655281,0.064596756852119,0.6514552823523021,0.07053174516476375,1.86766340909827,33.490399325073355,1.8961341501342905,0.4333573640111131,71.28607357786856,3.1395572087950523,15.924020917307407,2.8131156487349167,0.17581327697167942,0.3428186872301005,13.495389294043829,4.849521957423716,1.047396415696742,28.279531195165283,76.99622044921979,6.964242651250602,29.623540000000002,288.0,72.58827250999038,B,1.1,1.1,56.00828545218991,65.36981453852896,77.99047891560222,71.9164994154703,59.327337462488174,68.11972323233508,288.0,72.58827250999038,B,1.1,1.1,,,,,,,,,,,,,,,,,,,,,,,
486317,285023_43854,Guela Doue,Côte d'Ivoire,DF,0,1,0,1,0,0,0.01,0.0,0,0,12,78,19,6,5,1,0,0,0,163,88,11,45,9,56,2,100,,,,85,29,38,18,26,59,3,28,73,343,6.19,353,132,31331.08,252.0,66.0,170.0,4.600255489349365,6.257724285125732,5.754080772399902,Round of 16,0.0,311.0,1161.0,0.0,True,203.6,5.137332129478454,C,1.0,1.0,31.33108,6.19,311.0,0.021094769711063832,0.016141342005631838,0.020891166751585383,0.3666048925575409,0.06413834839274875,0.2928159005317954,0.0700312192836937,2.208425959718685,35.73085044094084,1.8826783053383622,0.4302820597501287,76.0904399416152,2.763261105082642,17.75810664711446,4.03220971771798,1.2366146862685015,1.0484185950324678,15.700726070841068,6.5851892763124384,0.6859472524911842,30.202944687175073,81.7600649701119,7.2170697072307615,31.33108,134.0,81.02543496306474,C,1.0,1.0,46.851217869612604,61.204839667971186,79.33961369982154,72.87754042704354,77.55307782785265,67.15205012665282,134.0,81.02543496306474,C,1.0,1.0,,,,,,,,,,,,,,,,,,,,,,,
477825,285023_43854,Odilon Kossounou,Côte d'Ivoire,DF,0,0,0,0,0,0,0.0,0.0,0,0,2,15,6,0,1,0,0,0,0,149,95,0,0,1,100,0,0,,,,8,1,0,7,3,5,0,0,22,323,5.86,287,79,29901.79,351.0,99.0,317.0,4.178211688995361,6.013503074645996,5.04713773727417,Round of 16,0.0,316.0,1179.0,0.0,True,304.70000000000005,4.670736908912659,D,0.9,0.9,29.901790000000002,5.86,316.0,0.021001797875353265,0.016070201613124564,0.019036811847420412,0.1887610983128917,0.06385566884368543,0.11529731951003655,0.06972256784530233,0.26018421659344526,33.10617982943703,0.4645563679019437,0.0759295769339695,72.23052262170657,0.9888020560812074,6.577474000986649,1.7234738551184638,0.17379625448268046,0.33888569073687436,6.643897500987564,1.621780939090437,0.1542399244772908,20.729743816721765,69.76866976760199,6.933380645066577,29.901790000000002,705.0,49.79608058587817,D,0.9,0.9,23.284108210462616,26.21522113403152,56.21416404757657,28.34088502646154,45.84841585345949,45.23379473298175,705.0,49.79608058587817,D,0.9,0.9,,,,,,,,,,,,,,,,,,,,,,,
477802,285023_43854,Ousmane Diomande,Côte d'Ivoire,DF,0,0,0,0,0,0,0.0,0.0,0,0,1,3,1,0,0,0,0,0,0,74,97,0,0,0,0,0,0,,,,9,0,0,9,2,7,0,0,1,148,1.35,75,24,8979.4,,,,,,,Round of 16,0.0,100.0,806.0,0.0,False,,,None,1.0,1.0,8.9794,1.35,100.0,0.02524558075532909,0.01931746867513036,0.022883534717856806,0.22690360031105503,0.07675883055567671,0.13859517208188762,0.08381123975453383,0.31275901664496775,23.908014694144114,0.346590139033688,0.09127248426926672,49.754317620855275,0.9767688949246075,5.364512155498185,1.0125419850637376,0.20891484641252092,0.1955254898175893,3.5378155223994296,1.7376523013010117,0.1854068157496639,13.267462345503263,38.95699737034186,3.9022345791207336,8.9794,701.0,50.06756984813592,None,1.0,1.0,45.14387705217025,44.47191054697696,54.26551657002916,29.73955199120492,47.34836004854899,29.959264792324237,701.0,50.06756984813592,None,1.0,1.0,,,,,,,,,,,,,,,,,,,,,,,
430854,285023_43854,Wilfried Singo,Côte d'Ivoire,DF,0,2,0,2,0,0,0.14,0.0,0,0,13,24,12,3,1,0,0,0,0,92,86,1,0,0,0,0,0,,,,29,4,7,18,6,23,1,5,43,203,2.88,173,65,18230.23,,,,,,,Round of 16,0.0,190.0,202.0,1.0,False,,,None,1.0,1.0,18.23023,2.88,190.0,0.023613357150783755,0.2162103989158402,0.04914388946068419,0.6085171697820597,0.07179607781473117,0.5259182200724356,0.07839252171515254,0.4906798255551121,25.928823680595137,0.32418175748302713,0.08537136816052589,57.43531352147788,3.2913195842743037,9.178655325464003,3.1266379282907404,0.7898333364710334,0.3810258957901365,11.63104108649544,2.417873931349523,0.3715614328025755,20.53348705374064,55.85618221209875,5.482916985189023,18.23023,456.0,63.41651413743242,None,1.0,1.0,47.575333177556594,50.67065092877091,51.59495749201839,58.891219566841826,63.20800587144474,45.027162443865414,456.0,63.41651413743242,None,1.0,1.0,,,,,,,,,,,,,,,,,,,,,,,
430822,285023_43854,Amad Diallo,Côte d'Ivoire,FW,4,8,25,6,2,0,1.44,1.39,4,0,8,54,12,0,2,0,0,0,1,73,95,7,29,4,100,1,100,,,,95,34,40,21,31,64,3,48,62,193,6.15,270,104,21888.37,10.0,281.0,36.0,6.683857440948486,5.075383186340332,6.664727687835693,Round of 16,2.0,211.0,39.0,0.0,True,57.15,6.437803864479065,B,1.1,1.1,21.88837,6.15,211.0,0.4116222602895148,0.017712446426555777,0.30068367903777815,1.7619479511978302,0.847329699053235,1.29250251924067,0.8537961477486442,1.6464328111694033,21.727342589893297,1.0947416491384587,0.2779260905957345,54.361072522782045,2.2552723850041243,14.82488656244749,3.0650217083057782,0.19155682802052917,0.5677541954569324,15.092335131823711,8.197338949539567,0.7527133714751888,27.70408431409977,73.59643321876013,6.085412493973172,21.88837,101.0,84.2661504100579,B,1.1,1.1,90.21356176755096,72.1372686646062,81.6453709011903,71.8555481117648,77.4812513375009,67.8089018570362,101.0,84.2661504100579,B,1.1,1.1,92.78776626018157,78.33263765036239,69.33594269720817,56.09101097460404,69.84382429318606,64.98765711270659,S,A,B,B,B,B,81.5948414561843,S,57.14453102114946,33.082319624123066,44.9,6.517271089553833,BL-A,1.2,81.5948414561843,90.89848615916955,25.0
464103,285023_43854,Ange Yoan Bonny,Côte d'Ivoire,FW,1,1,0,0,1,0,0.05,0.0,0,0,7,123,7,1,3,0,0,0,1,30,87,3,33,0,0,0,0,,,,71,51,20,0,63,8,7,36,49,92,6.23,314,113,26951.82,,,,,,,Round of 16,0.0,258.0,1055.0,0.0,False,,,None,1.0,1.0,26.95182,6.23,258.0,0.022139590090218795,0.016940819947576322,0.029356917191694167,0.3847627709363287,0.2530904719787117,0.12154366057626188,0.07349985374080734,0.8316060280932467,12.792470275651565,0.3039487854086313,0.08004313340309872,33.22957070491652,1.9712481505348576,26.997553959820657,2.0026200393266658,0.3689871925724481,0.728795866824093,12.019771691312533,10.998410553012837,1.4630235521075676,28.16915955524272,78.56438805300806,6.760971338359825,26.95182,448.0,63.69631618970442,None,1.0,1.0,44.8300014637385,46.81474609788459,47.1375580902116,62.51012558782231,55.90480409396711,60.62499808182969,448.0,63.69631618970442,None,1.0,1.0,14.824732456917863,10.901984593784391,60.69262645053135,36.29866147892834,75.00091437767456,74.61699361184917,E,F,B,D,A,A,18.969488151680537,E,49.285262492093615,32.78701380175658,,,None,1.0,15.807906793067113,39.60724480968858,244.0
506202,285023_43854,Bazoumana Toure,Côte d'Ivoire,FW,0,0,0,0,0,0,0.0,0.0,1,0,2,38,2,0,1,0,0,0,0,23,70,4,0,1,0,1,100,,,,32,16,16,0,8,24,3,13,22,69,4.99,131,53,10594.52,,,,,,,Round of 16,0.0,94.0,783.0,0.0,False,,,None,1.0,1.0,10.594520000000001,4.99,94.0,0.025274645358818883,0.01933970839197072,0.022909879957028177,0.22716482873108473,0.07684720107074082,0.13875473322493279,0.2959896322466376,1.161446699112299,13.119362352916825,0.5590710622770965,0.30345946670491203,33.05712820344687,1.1899753271529414,12.793554778736747,1.2257896019528873,0.2091553648316834,0.40783249612189687,7.995608477637495,5.1329632602278865,0.8218659781091558,19.433112020648984,50.8784341356992,4.249264846563857,10.594520000000001,684.0,51.38857193937545,None,1.0,1.0,50.86516114973391,61.49440589885934,37.06757713036605,37.81111193172119,34.65288368186252,34.66580321123923,684.0,51.38857193937545,None,1.0,1.0,26.907323262952637,29.723371153189404,41.836021316793385,53.564103106299285,41.18722797264182,35.534324533137344,D,D,C,B,C,D,28.082681725647785,D,40.49544477428601,45.66811684275947,,,None,1.0,23.402234771373152,45.51993944636677,218.0
464133,285023_43854,Elye Wahi,Côte d'Ivoire,FW,2,3,0,3,0,0,0.48,0.0,0,0,5,60,3,0,0,0,0,0,0,21,71,1,0,3,33,0,0,,,,56,37,19,0,49,7,3,24,22,55,4.51,154,63,13009.5,,,,,,,Round of 16,0.0,127.0,868.0,0.0,False,,,None,1.0,1.0,13.0095,4.51,127.0,0.02491042248699515,0.019061011538631916,0.12291205862735016,0.850968270691367,0.49379113595475965,0.7638322179433356,0.08269856858030777,0.517632528164985,12.512253085435406,0.9690658607005628,0.09006075822221324,29.65439561803063,1.7999040895765284,17.2077567871298,1.417150909727767,0.2061413099733526,0.1929297093830839,7.880386940782689,9.448533334508552,0.8100223940528244,21.243325911553338,54.95283575472806,4.692823203076189,13.0095,549.0,58.94334127455878,None,1.0,1.0,68.85751797787259,57.2842720454105,42.591190815491245,46.43265698024676,38.006438773842895,40.094003599810804,549.0,58.94334127455878,None,1.0,1.0,52.602655370921546,48.4309186809851,46.906379797911384,35.10393098052483,47.49643392706923,51.28799442214558,B,B,C,E,C,C,44.23312840581945,B,60.4607250755287,56.371191135734065,,,None,1.0,36.86094033818287,55.99606401384083,135.0
485675,285023_43854,Evann Guessand,Côte d'Ivoire,FW,0,1,0,1,0,1,0.14,0.0,0,0,2,9,2,1,0,0,0,0,0,5,80,0,0,0,0,0,0,,,,3,2,1,0,3,0,0,8,7,14,2.82,32,14,2736.85,,,,,,,Round of 16,0.0,27.0,606.0,0.0,False,,,None,1.0,1.0,2.73685,2.82,27.0,0.02130271646567816,0.016300459157948064,0.044335006518411824,0.3702187882614172,0.06477060755353967,0.295702403539369,0.07072156883342547,0.26391219589058773,7.840089625894767,0.2924595608709094,0.07701751337591334,18.030757209855032,1.002969839363014,5.599199096173595,1.0331558748406955,0.3550395247069259,0.16498824533944254,4.0577966297043915,1.8237712669090016,0.1564499095900412,9.407814315300508,25.1862965477685,2.176907092039365,2.73685,872.0,24.160259659367576,None,1.0,1.0,31.82106384187418,17.366836446919116,17.64829136932929,16.967683963955317,23.883411644784722,14.080636341221018,872.0,24.160259659367576,None,1.0,1.0,47.36842105263157,51.42867984669678,20.11040608830068,45.941088156308794,22.8490013333289,26.076503630915976,B,B,E,C,E,E,41.00412804677564,C,39.41284403669725,40.70957789931286,,,None,1.0,34.17010670564637,49.47523788927335,192.0
402261,285023_43854,Nicolas Pepe,Côte d'Ivoire,FW,3,6,33,5,1,0,1.42,1.41,6,0,19,97,15,1,1,1,0,0,1,109,85,10,30,10,60,0,0,,,,136,51,64,21,88,48,8,59,57,267,6.05,289,154,25237.91,22.0,222.0,16.0,6.339755058288574,5.345263957977295,6.988800525665283,Round of 16,2.0,255.0,26.0,1.0,True,50.5,6.35284276008606,B,1.1,1.1,25.23791,6.05,255.0,0.39479815661713585,0.20328662424418614,0.28466796950039847,1.3173361559396422,0.6263989330707838,1.0533763483894665,1.1914954794531456,2.1380330935055767,27.54602072018815,2.167785424874884,0.08026837435888674,65.92525180259034,4.212372827469488,22.229773478579116,3.4986404649170755,0.37002552058879407,0.3582504287175577,13.54398032888865,11.029360022377485,1.6534386255955764,35.886650871515656,74.12801450420713,6.460698443103787,25.23791,26.0,92.07073702049033,B,1.1,1.1,91.02365509109977,95.64319420896634,82.63125606938465,85.4915662949611,73.68534647077585,75.27851681607225,26.0,92.07073702049033,B,1.1,1.1,89.55019173532129,90.36162865707891,79.0412281104932,91.77433338267322,82.37079843458544,85.05662652872785,S,S,A,S,A,S,88.85378276531323,S,50.95159288374017,48.21626959634613,40.2,6.435019588470459,BL-A,1.2,88.85378276531323,99.94476643598618,9.0
477777,285023_43854,Oumar Diakite,Côte d'Ivoire,FW,0,0,0,0,0,0,0.0,0.0,0,0,3,11,1,0,0,0,0,0,0,19,89,1,0,3,33,0,0,,,,9,3,5,1,5,4,2,12,14,46,3.24,46,22,4173.12,,,,,,,Round of 16,0.0,40.0,646.0,0.0,False,,,None,1.0,1.0,4.17312,3.24,40.0,0.02333595668877731,0.01785625835699964,0.02115258033623624,0.20974017752666246,0.07095264564077636,0.12811156789466407,0.07747159710444289,0.48491551133934574,11.329786479760529,0.9078159539721596,0.0843684587978872,26.017758843372274,1.294512596592263,6.525243668992336,0.9359513705791146,0.19311212741644054,0.18073556739121857,5.815792794630527,2.193655510791022,0.563010660322922,11.872257719095028,30.331604116285522,2.6659242800992,4.17312,787.0,41.7213528387329,None,1.0,1.0,31.298122567467075,46.68715893629559,41.131158612309186,27.40394052441256,39.66890041126688,23.674149838444244,787.0,41.7213528387329,None,1.0,1.0,46.82727026749644,50.25234318673396,34.632048245815625,67.42509145503375,33.26954025090523,35.92807205984887,B,B,D,A,D,D,43.298408064665,B,33.5934596804162,37.43379463522979,,,None,1.0,36.08200672055417,56.288148788927344,134.0
477778,285023_43854,Simon Adingra,Côte d'Ivoire,FW,0,0,0,0,0,0,0.0,0.0,1,0,0,11,1,0,0,0,0,0,0,10,90,1,100,0,0,0,0,,,,25,11,8,6,5,20,0,5,4,23,1.82,35,14,2769.08,,,,,,,Round of 16,0.0,22.0,588.0,0.0,False,,,None,1.0,1.0,2.7690799999999998,1.82,22.0,0.02008779577654574,0.015370823488935806,0.0182083263012584,0.18054618066369046,0.061076658413707886,0.11027955899998387,0.23524679377828417,0.41741951661011606,8.235752287058531,0.27578022460836676,0.07262510780751151,18.519467552602162,0.6086520793184951,5.616986865507586,0.8056751321454575,0.16623260958404654,0.15557875838272064,3.320699694212346,3.236786383757934,0.1475273746504209,8.87127484299472,24.25556610108274,2.0581879876147853,2.7690799999999998,871.0,24.44571464788102,None,1.0,1.0,13.498726469092635,23.818301371263615,26.455027691915923,13.89668308006963,33.56846459223806,13.268667624875889,871.0,24.44571464788102,None,1.0,1.0,27.831011672062623,30.65305657799871,14.086936327812225,66.2832251379755,7.867305511868622,7.550831967135885,D,D,E,A,F,F,26.43099904201258,E,30.308652386574465,26.596654048113322,,,None,1.0,22.025832535010483,38.43860294117647,247.0
510922,285023_43854,Yan Diomande,Côte d'Ivoire,FW,0,4,0,3,1,1,0.26,0.0,11,0,20,121,20,2,7,0,0,0,0,142,89,21,24,15,53,1,100,,,,134,24,92,18,45,89,6,88,106,372,5.71,370,178,34347.31,107.0,242.0,29.0,5.268399238586426,5.272173404693604,6.758358478546143,Round of 16,0.0,361.0,242.0,1.0,True,107.75,5.641455173492431,B,1.1,1.1,34.34731,5.71,361.0,0.020207659983755663,0.18502689805369152,0.06240370840149543,0.8598809291225323,0.06144110383724899,0.6196306687650551,1.9322940813454714,3.811197397891757,30.66739022851338,2.8208911588659724,0.24262281962682503,77.80793397596263,4.003571048441566,24.302582745305976,4.032205384450937,0.506353235511986,1.343457595648779,20.636078737889,5.460436977165172,1.1657938125689258,36.732764369451374,81.20435892613922,7.425011481918608,34.34731,27.0,91.83141502556519,B,1.1,1.1,64.63399092558056,95.33885347287696,90.85418718456135,92.15564574408084,79.994163838387,80.98709607028725,27.0,91.83141502556519,B,1.1,1.1,13.285251775067872,34.31487876143133,90.29229552255417,93.39197733183903,88.73486704948614,93.81913430192022,F,D,S,S,S,S,35.66875836263982,C,26.241551572142225,41.91737763807812,97.10000000000001,5.715764427185058,BL-B,1.05,31.210163567309845,55.63310986159169,138.0
405873,285023_43854,Yahia Fofana,Côte d'Ivoire,GK,0,0,0,0,0,0,0.0,0.0,0,0,0,0,0,0,3,0,0,0,0,114,65,0,0,1,100,0,0,11.0,84.0,68.0,17,0,0,17,12,5,0,0,3,216,2.93,16,5,19966.03,,,,,,,Round of 16,0.0,408.0,1244.0,0.0,False,,,None,1.0,1.0,19.96603,2.93,408.0,,,,,,,,,,,,,,,,,,,,,,,,,,,,,,,,,,,,,,,,,,,,,,,,,,,,,,,,,,,,,,,
514208,285023_43854,Christ Inao Oulai,Côte d'Ivoire,MF,0,2,0,1,1,0,0.13,0.0,0,0,21,82,20,3,5,0,0,0,0,125,92,0,0,4,100,3,100,,,,76,1,36,39,37,39,0,22,58,286,6.06,261,70,24246.36,154.0,43.0,64.0,4.881105899810791,6.445094585418701,6.28473424911499,Round of 16,0.0,240.0,1037.0,0.0,True,114.85,5.466611289978027,B,1.1,1.1,24.24636,6.06,240.0,0.02251804318525766,0.017230405514225496,0.04497482270646474,0.5802908845457573,0.06846579122319231,0.31257231929139434,0.07475625672838575,0.2789684702303175,30.961488884228597,1.0649484601792258,0.6482643784685431,70.45408885336718,4.650258532872606,19.712057972341025,4.493215694042951,0.753196636388509,1.11915586292398,13.92579606893053,1.738866997968949,0.165375426469868,20.525788943446177,69.89296109707058,6.36534369448185,24.24636,171.0,78.18720550853332,B,1.1,1.1,54.68066844190156,56.85832944115188,82.87911908340953,91.12181101198281,85.49652989290703,59.11207880410154,171.0,78.18720550853332,B,1.1,1.1,,,,,,,,,,,,,,,,,,,,,,,
371609,285023_43854,Franck Kessie,Côte d'Ivoire,MF,2,4,25,4,0,0,0.71,1.4,1,0,13,135,13,7,2,1,0,0,1,188,88,4,0,13,46,2,50,,,,130,27,59,44,101,29,4,31,83,413,6.8,553,184,44144.95,,,,,,,Round of 16,1.0,389.0,155.0,0.0,False,,,None,1.0,1.0,44.144949999999994,6.8,389.0,0.18547885266665493,0.015112736314018703,0.13556972066293446,0.8404280621950379,0.39150782825766334,0.7713412676166667,0.23129683101550524,0.9075957791462321,37.59711357111741,2.4256181668703416,0.40286237088512705,82.84256709452664,2.7529008638718153,26.07298845066542,2.7808874126014795,1.3235398625232826,0.48442317004014873,16.35748204763281,5.8340919404993725,0.8079636656686274,36.896138483163895,109.69558063907168,8.880784007303644,44.144949999999994,23.0,92.25957501122312,None,1.0,1.0,74.24216542760823,65.78290061749126,82.23376985068828,73.45900391454039,78.86785031102252,84.42956562259039,23.0,92.25957501122312,None,1.0,1.0,,,,,,,,,,,,,,,,,,,,,,,
430831,285023_43854,Ibrahim Sangare,Côte d'Ivoire,MF,0,1,0,0,1,0,0.0,0.0,0,0,23,114,29,2,4,0,0,0,0,190,91,1,0,4,50,1,100,,,,54,2,20,32,38,16,0,9,78,391,6.63,387,110,33681.96,173.0,84.0,140.0,4.811943054199219,6.108033180236816,5.878201484680176,Round of 16,0.0,305.0,238.0,1.0,True,151.4,5.272921180725097,C,1.0,1.0,33.68196,6.63,305.0,0.02120761305073978,0.194182743625721,0.01922337038838109,0.36856599101864607,0.06448144696803877,0.11642721982511393,0.0704058408971928,0.4406890475474778,40.72677383167066,1.0029741339713023,0.25462873385940843,85.03931714023535,4.735548375214137,24.259483015600978,5.833329984208219,0.5314095493669582,0.8760718987931914,16.674490054183234,1.815629259488071,0.15575145778964358,26.44949962709895,88.24790020363992,7.674027332299508,33.68196,130.0,81.46620409026958,C,1.0,1.0,43.19678259660789,59.917383021790315,76.33667632951185,86.22922047232095,74.2140745575431,67.42163827522344,130.0,81.46620409026958,C,1.0,1.0,,,,,,,,,,,,,,,,,,,,,,,
335807,285023_43854,Jean Michael Seri,Côte d'Ivoire,MF,0,0,0,0,0,0,0.0,0.0,2,0,0,5,1,0,0,0,0,0,0,17,94,3,0,2,50,0,0,,,,11,0,6,5,8,3,0,2,8,42,1.77,28,7,2281.37,,,,,,,Round of 16,0.0,19.0,570.0,0.0,False,,,None,1.0,1.0,2.28137,1.77,19.0,0.019181796058587344,0.014677568644020275,0.017387094411162426,0.17240318724722226,0.058321979109308066,0.10530573058884385,0.3855929303242828,0.7205055363253509,8.99099706494802,0.5852544593389714,0.06934957036566192,20.74237107136679,0.5812006546658609,4.397912115764614,0.7693375742267261,0.15873518681681184,0.14856184558735863,3.8147544519462167,1.3202822461216328,0.1408735953452528,7.344468967643693,22.03489795752349,1.8868596315368655,2.28137,852.0,28.215281535313196,None,1.0,1.0,12.984556413335016,26.291232999849072,35.72716108263235,14.054890628247332,40.99260326675708,13.571918201960887,852.0,28.215281535313196,None,1.0,1.0,,,,,,,,,,,,,,,,,,,,,,,
405175,285023_43854,Seko Fofana,Côte d'Ivoire,MF,1,5,0,0,5,0,0.4,0.0,0,0,3,28,1,1,0,1,0,0,0,45,84,0,0,2,0,0,0,,,,24,4,16,4,18,6,1,6,29,106,3.37,168,54,11627.71,,,,,,,Round of 16,0.0,103.0,819.0,0.0,False,,,None,1.0,1.0,11.627709999999999,3.37,103.0,0.025223205026366137,0.019300347165923885,0.10752335736199067,1.2849538009990489,0.28834105956456446,0.1384723320475809,0.08373695595797664,0.31248181125781527,17.74896687944391,0.7695834725493946,0.09119158740301604,40.82090823630624,1.3992036867622006,10.651014019489914,1.0116445462113308,0.42037994255683736,0.19535219115562114,9.460887215201325,2.5827132291653294,0.3968927475930146,19.605210956554306,58.60594327775546,4.459291446004239,11.627709999999999,548.0,58.98683685901837,None,1.0,1.0,63.88649076518653,53.44738626452406,46.95836143627768,40.79256720716307,48.67869522402128,40.132321847165244,548.0,58.98683685901837,None,1.0,1.0,,,,,,,,,,,,,,,,,,,,,,,
402974,285023_43927,Angelo Preciado,Ecuador,DF,0,0,0,0,0,0,0.0,0.0,0,0,4,29,3,0,1,0,0,0,0,47,68,8,13,5,20,1,100,,,,29,11,10,8,4,25,3,16,22,106,6.31,144,61,14040.86,,,,,,,Round of 16,0.0,137.0,879.0,0.0,False,,,None,1.0,1.0,14.04086,6.31,137.0,0.02473280612090901,0.01892510265931904,0.022418736689920317,0.22229485663327128,0.07519974654575977,0.13578010161924137,0.08210891100868578,1.9666886577309703,17.818955442086416,1.377226782943249,0.2969538859601933,40.027253001060565,1.5795351290431865,10.65146833450163,1.4070463362339645,0.2046714806118948,0.39908936062953415,7.824198183144988,3.985246115343037,0.8042467700482469,20.676786129589214,52.48565809497212,4.873406007143535,14.04086,635.0,53.99429461286158,None,1.0,1.0,41.873444192452766,70.18873687582037,44.64611802947693,40.21940276377071,35.34750427489289,37.89360550330574,635.0,53.99429461286158,None,1.0,1.0,,,,,,,,,,,,,,,,,,,,,,,
402979,285023_43927,Felix Torres,Ecuador,DF,0,0,0,0,0,0,0.0,0.0,0,0,0,1,1,0,0,0,0,0,0,0,0,0,0,0,0,0,0,,,,0,0,0,0,0,0,0,0,0,0,1.15,5,0,989.25,,,,,,,Round of 16,0.0,12.0,544.0,0.0,False,,,None,1.0,1.0,0.98925,1.15,12.0,0.016290312591400947,0.012465057003136756,0.014766146097525334,0.14641495527493967,0.04953046459976562,0.0894318375463145,0.054081199696148885,0.20181520862221414,5.311895005765278,0.22364554654834254,0.05889574552275727,11.874516683527833,0.493589876251193,3.1881922463800665,0.6533668450120347,0.13480728314503454,0.12616748173016196,2.146166243063879,1.1212615561393016,0.11963816615709036,5.280501528868489,15.569383818378258,1.4258080458242643,0.98925,946.0,1.4421183536958146,None,1.0,1.0,1.633420928265146,2.460949392408723,1.1958187702553114,2.632767836707751,1.1615869406550545,0.8382340537048774,946.0,1.4421183536958146,None,1.0,1.0,,,,,,,,,,,,,,,,,,,,,,,
419003,285023_43927,Jackson Porozo,Ecuador,DF,0,0,0,0,0,0,0.0,0.0,0,0,2,2,0,2,0,1,0,0,0,12,100,0,0,0,0,0,0,,,,0,0,0,0,0,0,0,1,1,24,1.33,28,13,3226.38,,,,,,,Round of 16,0.0,36.0,635.0,0.0,False,,,None,1.0,1.0,3.2263800000000002,1.33,36.0,0.022841239731012042,0.017477709753689372,0.0207041504590133,0.20529373361476405,0.06944846574085037,0.12539563188361263,0.0758292169207687,0.28297244363116125,9.747956804750556,0.313581554363813,0.08257986671981274,21.24960296277606,1.0754062553841508,4.661943266426947,0.7244464455576854,0.5723441333731972,0.1769040145968665,3.2008807107423403,1.5721616059390107,0.16774902377350542,9.89560183857458,26.23864757809587,2.427952293840259,3.2263800000000002,825.0,35.64681363068642,None,1.0,1.0,24.040973558143467,25.446903289693424,33.55531382671397,21.16925626292862,56.16808806321968,19.530620197931427,825.0,35.64681363068642,None,1.0,1.0,,,,,,,,,,,,,,,,,,,,,,,
463465,285023_43927,Joel Ordonez,Ecuador,DF,0,2,0,2,0,1,0.26,0.0,0,0,7,18,5,1,1,0,0,0,0,113,89,0,0,2,50,1,100,,,,11,0,1,10,6,5,0,1,19,239,4.18,227,82,23576.79,257.0,91.0,303.0,4.589097499847412,6.064785957336426,5.115680694580078,Round of 16,0.0,253.0,1046.0,0.0,True,243.6,4.94209656715393,C,1.0,1.0,23.576790000000003,4.18,253.0,0.022243601565740945,0.01702040767580987,0.06869094328702006,0.5732185128998148,0.0676313553679006,0.49541093495325533,0.07384515499557721,0.27556850522739795,28.344364073234086,0.6786729964361817,0.26706730689619973,60.82295815440227,1.9805090459679677,7.526334219176057,1.63873205543234,0.3707206890912112,0.35892347530533236,6.476796445541356,1.531026195219278,0.16335989166094766,22.515405769164907,62.69509493266087,6.16279123941671,23.576790000000003,630.0,54.324336713725316,C,1.0,1.0,42.77793978512817,38.45906119230572,56.78104087754877,41.24689977932914,46.7620299627255,45.81507628039244,630.0,54.324336713725316,C,1.0,1.0,,,,,,,,,,,,,,,,,,,,,,,
389782,285023_43927,Pervis Estupinan,Ecuador,DF,0,0,0,0,0,0,0.0,0.0,0,0,2,25,3,3,0,0,0,0,0,61,90,3,0,3,0,0,0,,,,48,24,13,11,22,26,3,23,19,130,3.31,144,70,11017.23,,,,,,,Round of 16,0.0,100.0,812.0,0.0,False,,,None,1.0,1.0,11.01723,3.31,100.0,0.02524558075532909,0.01931746867513036,0.022883534717856806,0.22690360031105503,0.07675883055567671,0.13859517208188762,0.08381123975453383,0.9482730734080658,21.15412044817069,0.9821041957967862,0.09127248426926672,45.941233280276684,1.1886069138456403,10.024948571760905,1.436218022905803,0.8444289031756191,0.1955254898175893,7.350899862978017,6.8217647554057965,0.8209208725127619,23.012011215870768,53.57382067589312,4.333924449218582,11.01723,425.0,65.14101022816965,None,1.0,1.0,49.69255026904336,64.92150183784156,61.70622359030615,43.43733326152307,62.16689126600302,43.812360976746675,425.0,65.14101022816965,None,1.0,1.0,,,,,,,,,,,,,,,,,,,,,,,
424031,285023_43927,Piero Hincapie,Ecuador,DF,0,3,0,3,0,3,0.4,0.0,1,0,11,80,29,5,4,1,1,0,0,189,85,15,13,13,31,0,0,,,,111,39,35,37,30,81,7,33,57,419,6.35,420,192,39830.97,364.0,98.0,358.0,3.478523731231689,6.015414714813232,4.42781400680542,Round of 16,0.0,376.0,1208.0,0.0,True,322.59999999999997,4.096379947662353,D,0.9,0.9,39.83097,6.35,376.0,0.019959376592371996,0.015272559416835247,0.08508431739030867,0.681834930409378,0.06068620170393266,0.612017515932417,0.23374288555099276,2.75948482288628,38.162198753106956,2.4512700285598616,0.07216082306472951,84.72354559786208,2.447051893101879,17.137266195157416,5.489992186476914,1.0025748396014547,0.824508109808131,12.175963147519585,7.905561597310015,1.3189511603887214,38.62617749204656,88.58068300325907,8.252192144128063,39.83097,116.0,83.06903309004085,D,0.9,0.9,49.38098928516907,57.321311160081166,70.97230073796075,63.64728218276002,59.294852485402124,72.17451958466809,116.0,83.06903309004085,D,0.9,0.9,,,,,,,,,,,,,,,,,,,,,,,
448290,285023_43927,Willian Pacho,Ecuador,DF,1,1,0,1,0,1,0.11,0.0,0,0,10,51,12,3,2,0,0,0,0,238,91,0,0,2,0,0,0,,,,45,0,0,45,29,16,0,1,37,488,5.2,284,119,35347.02,293.0,19.0,351.0,4.496469020843506,6.878905296325684,4.677525997161865,Round of 16,0.0,407.0,1241.0,0.0,True,266.4,4.899098706245422,C,1.0,1.0,35.34701999999999,5.2,407.0,0.019470620075241866,0.014898571636521103,0.035620671729230745,0.33837888151815065,0.22257993054434386,0.2702711254654828,0.0646393055129487,0.24121496935319878,45.23330897753551,0.5940667490325414,0.07039378027202828,93.92207757095053,2.2237497664881496,11.97960249071478,2.5780992861732805,0.6512646515693653,0.4775583422665192,8.61020774527311,1.3401619914946836,0.1429947563420597,25.753592102469018,64.19190692469346,7.317529266710029,35.34701999999999,444.0,64.08194639446033,C,1.0,1.0,39.41496935549117,36.618148422600136,69.15875319865525,54.579983452484186,64.16483977073167,56.846495297581946,444.0,64.08194639446033,C,1.0,1.0,,,,,,,,,,,,,,,,,,,,,,,
463489,285023_43927,Yaimar Medina,Ecuador,DF,0,1,0,1,0,1,0.04,0.0,0,0,1,10,3,1,0,0,0,0,0,19,89,4,25,1,0,1,100,,,,16,5,7,4,5,11,1,10,5,51,1.52,58,28,5486.23,,,,,,,Round of 16,0.0,53.0,694.0,0.0,False,,,None,1.0,1.0,5.48623,1.52,53.0,0.02441973035127639,0.018685542657454406,0.03033128240238659,0.4243892085258665,0.07424784410448813,0.3389695849489321,0.08106955015403497,1.1221607586199496,11.855966929624312,0.5401604807580311,0.2931949487034221,28.25062251115278,0.944816174392745,6.623382247584658,1.3892354937249618,0.4069889148342688,0.18912932859105966,4.241717048547215,2.705350207823187,0.38424989466911263,13.653081125929138,34.19916995941864,3.0588027727987144,5.48623,736.0,46.83787188738302,None,1.0,1.0,45.09554762093581,52.87054833420033,38.68800057382675,29.15544928583842,41.56961238715527,27.08878963930244,736.0,46.83787188738302,None,1.0,1.0,,,,,,,,,,,,,,,,,,,,,,,
373400,285023_43927,Enner Valencia,Ecuador,FW,6,10,0,9,1,2,1.53,0.0,0,0,8,91,11,4,7,0,0,0,2,40,83,1,0,1,0,0,0,,,,98,56,35,7,64,34,9,42,43,125,5.71,233,108,29489.89,,,,,,,Round of 16,0.0,311.0,1164.0,0.0,False,,,None,1.0,1.0,29.48989,5.71,311.0,0.021094769711063832,0.016141342005631838,0.2899435956940524,1.9596784849800433,1.1261874100077502,1.7088813160184642,0.0700312192836937,0.43834419036034905,13.958844677833312,0.4666128898516937,0.07626570587846154,37.50265736960348,2.0552283973393073,20.059212947280294,2.616144302231312,0.8825983323968344,1.402434948904135,10.39048076276606,11.364410053579945,1.7479963141061858,25.95474844071507,60.51908373781187,6.891164021938274,29.48989,412.0,66.25039030630404,None,1.0,1.0,61.26749587257695,44.209019249934215,48.9639663555753,64.99055381103784,57.18533854386867,53.363800428453466,412.0,66.25039030630404,None,1.0,1.0,45.269129213745224,35.56710810913369,73.25482663776694,24.899721453822657,58.834717091547496,72.3933894887595,B,D,A,E,B,B,38.53428866522791,C,67.9672343177409,50.56442731277533,,,None,1.0,32.11190722102326,50.59234429065744,182.0
419020,285023_43927,Gonzalo Plata,Ecuador,FW,5,8,13,4,4,1,1.16,0.86,4,0,14,135,11,5,4,1,0,0,0,147,80,9,11,8,38,1,100,,,,174,31,119,24,112,62,3,86,108,362,6.52,494,187,44302.06,82.0,208.0,166.0,5.518710136413574,5.39370584487915,5.769846439361572,Round of 16,1.0,407.0,158.0,0.0,True,121.89999999999999,5.56274356842041,B,1.1,1.1,44.30206,6.52,407.0,0.18285040618028753,0.014898571636521103,0.2071694471395287,1.4820373842534704,0.8760990749645268,0.7604104837806198,0.7181584499331315,1.71163304429861,30.365748441976354,1.5743454656628157,0.23377356637707394,73.3362245217148,2.8772689109083323,25.70350452353862,2.4147195000682347,0.9780242237794567,0.8043179144766106,20.210172558731355,6.404935360751101,0.6331341146571968,36.86341755761213,98.50166200675307,8.78060178647216,44.30206,56.0,88.26664703189999,B,1.1,1.1,83.8188875947873,70.64238380822457,79.27540413556211,81.72207492609658,75.8401919694616,91.28695046094106,56.0,88.26664703189999,B,1.1,1.1,78.61521380121106,61.86392441088303,95.51021691748332,37.40880928717937,95.1903734318423,84.8870296040854,A,B,S+,D,S,S,70.78486327969568,A,63.21122369446609,50.10778443113772,119.8,5.58155059814453,BL-B,1.05,61.93675536973373,85.98646193771626,36.0
405920,285023_43927,John Yeboah,Ecuador,FW,3,8,0,4,4,0,0.72,0.0,3,0,44,73,20,0,4,0,0,0,0,104,82,9,44,9,67,1,0,,,,114,39,55,20,43,71,3,52,86,262,5.74,395,169,31500.85,,,,,,,Round of 16,0.0,330.0,1188.0,0.0,False,,,None,1.0,1.0,31.50085,5.74,330.0,0.020746586267887286,0.015874918237371242,0.14414778535493922,1.579159591519414,0.5853393132941414,0.810242387751206,0.5911349183649276,1.823801320927708,24.86998288777134,1.8516034264122043,0.24909342605686854,60.73350624404741,8.288420803146108,16.594564398610128,4.139741906069201,0.17168430093749643,0.8570271996994377,17.704699950777794,8.217361645321684,0.6746252290948062,36.1456265329535,87.72219435714547,7.127501761311626,31.50085,144.0,80.41013109378449,None,1.0,1.0,58.59725096433601,62.36543652200599,68.75452485582628,80.26069006020855,58.80369065726566,71.9698360710772,144.0,80.41013109378449,None,1.0,1.0,36.14420735405257,29.457746746101023,68.99727371469075,45.0741155822461,90.34417175670242,82.9649311248045,C,D,B,C,S,A,35.53945780537002,C,51.16058739933681,39.43524149017963,,,None,1.0,29.616214837808354,52.79511245674741,160.0
402985,285023_43927,Jordy Caicedo,Ecuador,FW,0,1,0,1,0,0,0.05,0.0,0,0,1,12,1,2,0,0,0,0,0,6,100,0,0,0,0,0,0,,,,5,4,1,0,3,2,0,9,9,20,4.6,44,22,4108.67,,,,,,,Round of 16,0.0,40.0,645.0,0.0,False,,,None,1.0,1.0,4.10867,4.6,40.0,0.02333595668877731,0.01785625835699964,0.030943289614203822,0.405554363086014,0.07095264564077636,0.32392575345401575,0.07747159710444289,0.2891013257799942,8.784202067488957,0.3203733972941047,0.0843684587978872,20.926590018829135,0.9028842254735598,6.721057854551687,0.9359513705791146,0.5847404985351439,0.18073556739121857,4.836721866833769,2.389469696350374,0.17138228920421877,11.872257719095028,29.939975745166823,2.6533040558399,4.10867,784.0,41.95318564904526,None,1.0,1.0,36.76677563819932,29.480663858124423,35.749939091009665,25.04232081532665,60.41186950254408,23.194198624829163,784.0,41.95318564904526,None,1.0,1.0,51.41772175519458,55.79250939172012,31.78239066434758,63.343976655177535,33.1369554880948,34.175570505210395,B,B,D,A,D,D,46.48765974352152,B,36.10774410774411,37.60415807276627,,,None,1.0,38.739716452934594,57.48006055363321,125.0
448310,285023_43927,Kevin Rodriguez,Ecuador,FW,1,6,0,6,0,2,0.68,0.0,0,0,2,26,6,3,1,0,0,0,0,27,85,1,0,3,67,0,0,,,,49,33,15,1,38,11,3,35,35,79,6.3,187,89,15137.76,,,,,,,Round of 16,0.0,146.0,196.0,1.0,False,,,None,1.0,1.0,15.13776,6.3,146.0,0.024558587902703304,0.2248651919058858,0.16239072939592467,1.4571693962220995,0.2807434364456399,1.3712640523033315,0.08153053473771947,0.5103214909692915,13.571970522366334,0.9553787831558523,0.08878874087900425,34.1813187498559,1.156262066551082,9.958219054850167,2.015355276731315,0.82144996572694,0.3962781698178716,10.448038599157362,8.490788742548881,0.7985816450078235,26.301193712492534,60.977104525762215,5.065119580015341,15.13776,368.0,68.44624747596365,None,1.0,1.0,67.68380321932169,66.02297517085796,52.45232833993367,46.61170281311113,59.286366291030745,48.75427827649743,368.0,68.44624747596365,None,1.0,1.0,50.531354089886996,62.54695860053884,70.36162590140378,66.97045949546423,60.24285871036174,31.878568601956015,B,B,B,A,B,D,51.25570244418598,B,46.10306500505221,51.23177476118652,,,None,1.0,42.71308537015498,64.09537197231833,86.0
448312,285023_43927,Nilson Angulo,Ecuador,FW,2,2,50,0,2,0,0.04,25.98,7,0,7,83,18,4,3,0,0,0,0,78,81,8,38,14,50,0,0,,,,65,28,26,11,22,43,2,43,55,193,6.36,274,136,25147.24,29.0,255.0,38.0,6.159590721130371,5.204077243804932,6.601485729217529,Round of 16,1.0,240.0,116.0,0.0,True,65.15,6.126737451553345,B,1.1,1.1,25.14724,6.36,240.0,0.21146904037458972,0.017230405514225496,0.027969232959424845,0.5802908845457573,0.4463677856018564,0.12362132210206228,1.3974132370537105,1.790576447744974,22.080792016329994,2.954458432072547,0.08141138690054692,52.881646114759306,2.0049445722219574,19.901008969530352,4.115313699664287,0.9421476335778411,0.7412538685453156,13.358943077362532,6.840543922080916,0.5432774208485321,32.99655475794209,72.3493240605319,6.535565868829776,25.14724,194.0,77.02288646895559,B,1.1,1.1,64.35911697810232,74.87548296406263,71.437927684994,74.0463854871246,68.73894457504795,68.99788419823906,194.0,77.02288646895559,B,1.1,1.1,53.92754177590759,42.435396349561735,76.33187625035379,52.623120678353175,79.38992721553711,72.61951872161607,B,C,A,B,A,B,51.9713009774818,B,54.4890199425778,54.86757125081472,54.3,6.196607875823974,BL-A,1.2,51.9713009774818,72.0731401384083,72.0
441236,285023_43927,Hernan Galindez,Ecuador,GK,0,0,0,0,0,0,0.0,0.0,0,0,0,0,0,0,0,0,0,0,0,105,67,0,0,5,60,0,0,12.0,68.0,63.0,29,0,0,29,21,8,0,0,2,191,2.51,25,3,17029.0,,,,,,,Round of 16,0.0,407.0,1241.0,0.0,False,,,None,1.0,1.0,17.029,2.51,407.0,,,,,,,,,,,,,,,,,,,,,,,,,,,,,,,,,,,,,,,,,,,,,,,,,,,,,,,,,,,,,,,
389784,285023_43927,Alan Franco,Ecuador,MF,0,0,0,0,0,0,0.0,0.0,0,0,9,40,14,7,0,2,0,0,0,148,95,4,0,3,33,0,0,,,,48,11,11,26,14,34,2,7,31,300,6.1,307,134,27468.83,341.0,55.0,293.0,4.260932445526123,6.352930545806885,5.170042991638184,Round of 16,0.0,270.0,1074.0,0.0,True,286.1,4.802009797096252,C,1.0,1.0,27.46883,6.1,270.0,0.02189365892360242,0.016752637799841527,0.019845227920669416,0.19677701542671003,0.06656735972317983,0.12019352834172016,0.07268340209455054,1.0060801062609592,34.32835308159717,0.8517076512757529,0.0791539976468703,71.07248971690863,2.3167745779342748,11.44958587238693,3.2663566348110065,1.4671587904261214,0.16956505878887218,8.579442417286462,3.527768695124724,0.5282133289778604,31.714197023141903,76.40569639240296,6.780849865914816,27.46883,278.0,72.94780513988594,C,1.0,1.0,42.45156882836544,51.87552915257461,74.28706947010578,55.272057344623306,77.35724912825766,63.587157671949804,278.0,72.94780513988594,C,1.0,1.0,,,,,,,,,,,,,,,,,,,,,,,
463468,285023_43927,Alan Minda,Ecuador,MF,0,2,0,1,1,0,0.44,0.0,0,0,1,28,1,0,1,0,0,0,0,16,75,2,0,1,0,0,0,,,,32,16,16,0,12,20,2,10,14,43,1.55,80,31,6170.77,,,,,,,Round of 16,0.0,59.0,706.0,0.0,False,,,None,1.0,1.0,6.17077,1.55,59.0,0.024727414229222304,0.01892097687985026,0.11370946483252828,0.6372264657969465,0.07518335257548966,0.34324053613891325,0.08209101080146675,0.7213196963740587,11.382879713115676,0.5469663983108459,0.08939911298257291,26.946654606350045,0.9567206753967038,10.441656218782466,0.9917595214705004,0.2046268610709732,0.3990023568906413,6.162572180866108,5.0218274858898235,0.5965814043513423,14.447577412707506,39.19485366210421,3.2393783247486283,6.17077,745.0,45.96679164335783,None,1.0,1.0,59.028232225380876,50.26042195264493,32.27194272802331,30.739061205449698,29.666444015084288,27.164842872191038,745.0,45.96679164335783,None,1.0,1.0,,,,,,,,,,,,,,,,,,,,,,,
419005,285023_43927,Jordy Alcivar,Ecuador,MF,0,1,0,1,0,0,0.04,0.0,0,0,1,12,7,1,0,1,0,0,0,33,94,1,0,1,100,0,0,,,,17,4,3,10,10,7,0,1,19,77,1.54,63,23,5065.44,,,,,,,Round of 16,0.0,49.0,674.0,0.0,False,,,None,1.0,1.0,5.06544,1.54,49.0,0.02415584345653791,0.018483621106419698,0.030003513511761504,0.41980313207099035,0.07344549974032376,0.3353065784416432,0.08019348839822303,0.5019525592106335,14.565562857156664,0.5343233453811357,0.08733266480440628,33.215380078434826,0.9346062088127538,6.957195865681546,2.1849987274277787,0.4025908711464938,0.18708554061683003,7.033594832921413,2.4734214542375823,0.17740364384680068,12.492072197377242,34.84307318026978,2.9404568575233645,5.06544,713.0,49.14192732357037,None,1.0,1.0,41.01183535932894,40.82602507096432,46.32503650852307,32.394526108768225,58.007390532833426,27.872983378770144,713.0,49.14192732357037,None,1.0,1.0,,,,,,,,,,,,,,,,,,,,,,,
463495,285023_43927,Kendry Paez,Ecuador,MF,0,0,0,0,0,0,0.0,0.0,0,0,2,7,3,1,0,1,0,0,0,10,90,0,0,0,0,0,0,,,,8,1,1,6,1,7,0,1,4,22,1.69,33,15,2319.6,,,,,,,Round of 16,0.0,20.0,579.0,0.0,False,,,None,1.0,1.0,2.3196,1.69,20.0,0.01950119744194819,0.014921968892826754,0.01767661172177239,0.17527392032844125,0.0592931144894862,0.10705920538980462,0.06474081741861343,0.2415937820743379,7.995254094549665,0.2677269656908758,0.07050432921319731,17.81503074750204,0.9181511145421212,4.798415692191625,1.1094207539059415,0.3250146938847122,0.15103558990464327,3.2237295272516735,1.5059029940434938,0.14321932048459116,8.775854657742142,23.21998894668971,1.9245340705131022,2.3196,895.0,21.383783142402446,None,1.0,1.0,11.067130650999953,12.194565837968248,23.1341511060904,13.6915099996992,37.79737296577043,11.45284694926294,895.0,21.383783142402446,None,1.0,1.0,,,,,,,,,,,,,,,,,,,,,,,
428885,285023_43927,Moises Caicedo,Ecuador,MF,1,4,0,1,3,1,0.19,0.0,8,0,16,83,28,5,4,1,0,0,0,295,89,16,44,13,54,3,100,,,,148,7,58,83,110,38,0,24,64,640,6.23,505,134,42353.4,286.0,95.0,181.0,4.518790721893311,6.039599895477295,5.7077484130859375,Round of 16,0.0,407.0,1241.0,0.0,True,231.1,5.0441515207290655,C,1.0,1.0,42.3534,6.23,407.0,0.019470620075241866,0.014898571636521103,0.0486910546176344,0.8285182398332878,0.22257993054434386,0.2702711254654828,1.3716775943533144,2.85529154703393,54.54595678552311,2.391244396188044,0.5605331385871654,118.7558050589175,3.204028483118424,17.20775564607624,5.192175863854012,0.9780242237794567,0.8043179144766106,13.021461970109343,2.4838204942300037,0.1429947563420597,28.20428889404471,100.29883965390856,8.4622301324807,42.3534,91.0,84.76806870968771,C,1.0,1.0,51.511959907459826,61.06793786542867,86.13007837613384,75.36281323663252,73.43978365358466,75.7623333100814,91.0,84.76806870968771,C,1.0,1.0,,,,,,,,,,,,,,,,,,,,,,,
424036,285023_43927,Pedro Vite,Ecuador,MF,1,4,0,1,3,0,0.23,0.0,2,0,34,119,29,2,5,0,0,0,0,297,91,7,43,9,56,2,100,,,,261,11,108,142,153,108,1,27,83,640,6.38,648,177,43374.6,202.0,37.0,105.0,4.726470947265625,6.541030406951904,6.0500335693359375,Round of 16,0.0,407.0,252.0,1.0,True,153.0,5.329545521736145,C,1.0,1.0,43.3746,6.38,407.0,0.019470620075241866,0.17827835774156675,0.05522624606183622,0.8285182398332878,0.22257993054434386,0.2702711254654828,0.39139887772304005,1.3848734720885187,54.8727163577332,1.7377252517678614,0.3971533524821196,118.7558050589175,6.144864633009246,23.08942794585789,5.355555649959056,0.4878848654643197,0.9676977005816563,16.12567790610521,3.137339638650186,0.3063745424471053,35.22961969656167,123.66214906693008,8.629073570051174,43.3746,15.0,93.99470928573436,C,1.0,1.0,58.200652223330366,77.60037175838238,88.79445981528838,86.77181414614934,74.2418865754631,83.2073832405251,15.0,93.99470928573436,C,1.0,1.0,,,,,,,,,,,,,,,,,,,,,,,
430477,285023_43855,Ahmed Fatouh,Egypt,DF,1,1,0,1,0,0,0.13,0.0,0,0,24,49,9,2,3,1,0,0,0,182,90,7,14,11,64,0,0,,,,77,19,25,33,21,56,2,23,57,370,4.91,408,166,32856.27,,,,,,,Round of 16,0.0,301.0,1123.0,0.0,False,,,None,1.0,1.0,32.856269999999995,4.91,301.0,0.021283618075543225,0.016285845410031047,0.04250933092296189,0.3698868783444406,0.24330536031620992,0.29543729932715584,0.07065816527103418,1.5138253403836375,39.443990142817114,2.2567183965637523,0.07694846535004088,81.59363653715174,4.93111271837355,12.73789212738626,2.2823793741463305,0.5333140445066887,0.7006187929094204,12.983799776228308,4.858214172252458,0.513495290833106,36.54548880120621,92.3146171874246,7.554067632362777,32.856269999999995,115.0,83.09770862665407,None,1.0,1.0,54.95348425019788,62.32457124904628,83.13036534802566,69.36726056337872,68.42479430703415,76.40607822887917,115.0,83.09770862665407,None,1.0,1.0,,,,,,,,,,,,,,,,,,,,,,,
483182,285023_43855,Hossam Abdelmaguid,Egypt,DF,0,0,0,0,0,0,0.0,0.0,0,0,4,11,3,1,0,0,0,0,0,32,88,0,0,0,0,0,0,,,,5,0,0,5,4,1,0,0,7,71,2.69,62,26,6751.69,,,,,,,Round of 16,0.0,73.0,735.0,0.0,False,,,None,1.0,1.0,6.75169,2.69,73.0,0.02514275088342768,0.019238785088938587,0.022790325891864867,0.22597938040975488,0.0764461777872639,0.13803064857460698,0.08346986123243195,0.31148509191614854,14.9496760902587,0.3451784139502156,0.09090071473239236,33.30657155752253,1.6057158280791157,7.030462826580348,1.4303680439827895,0.4190390618895481,0.1947290787044419,4.789256335484071,1.73057452538119,0.1846516198483312,13.63537187039447,36.05564125796131,3.416348580981583,6.75169,768.0,43.98293353249041,None,1.0,1.0,41.806844895506,41.313858734434184,35.42319959542518,32.85016608846011,41.686167248709594,27.228898200886466,768.0,43.98293353249041,None,1.0,1.0,,,,,,,,,,,,,,,,,,,,,,,
407022,285023_43855,Karim Hafez,Egypt,DF,0,0,0,0,0,0,0.0,0.0,0,0,1,26,10,0,1,0,0,0,0,63,87,1,0,1,100,0,0,,,,23,4,10,9,5,18,3,2,24,128,3.64,109,42,9528.82,,,,,,,Round of 16,0.0,91.0,191.0,1.0,False,,,None,1.0,1.0,9.52882,3.64,91.0,0.025280233909163938,0.2314727814128144,0.022914945627217465,0.22721505780706053,0.07686419297887498,0.13878541368755587,0.08392628261341874,0.5253171196849183,21.607415083750457,0.5591946801057007,0.09139776874851578,45.58003657014727,0.9781096492968264,10.250838037703074,2.9230910139502915,0.20920161178271696,0.4079226731512704,8.421634003406073,2.5885526635231932,0.8220477032859227,17.10399216818949,46.22285048549098,4.024138755163895,9.52882,562.0,58.141949665512435,None,1.0,1.0,51.597006822712686,63.03438046397704,50.32298287252719,42.79545666728197,45.79163509923745,37.020552428805686,562.0,58.141949665512435,None,1.0,1.0,,,,,,,,,,,,,,,,,,,,,,,
416902,285023_43855,Mohamed Abdelmoneim,Egypt,DF,0,0,0,0,0,0,0.0,0.0,0,0,0,0,0,1,0,0,0,0,0,14,100,0,0,0,0,1,100,,,,6,0,1,5,1,5,0,0,3,32,4.11,26,10,1530.7,,,,,,,Round of 16,0.0,15.0,557.0,0.0,False,,,None,1.0,1.0,1.5307,4.11,15.0,0.01769274821698816,0.013538175761177173,0.01603736598502623,0.15901984227414462,0.05379455024679396,0.09713103879447751,0.058737058858017374,0.21918951232382095,7.84765786845287,0.24289922754577672,0.2124275874991906,17.647563660003236,0.5360831079187829,3.3142027307838386,0.5611538037728148,0.29487436157916375,0.13702926048217953,2.7763145327635654,1.217791143469699,0.1299378350834677,7.219715730924913,20.027446023810935,1.6289405673105928,1.5307,884.0,22.81304586091143,None,1.0,1.0,9.227780358107886,10.38993661821747,28.808797498994732,10.133719415374424,48.119280625435614,10.122344688460458,884.0,22.81304586091143,None,1.0,1.0,,,,,,,,,,,,,,,,,,,,,,,
408950,285023_43855,Mohamed Hany,Egypt,DF,0,4,0,0,4,0,0.09,0.0,0,2,9,58,9,2,1,0,0,0,0,237,87,15,20,7,71,1,100,,,,138,41,66,31,28,110,9,35,68,517,5.75,423,158,42176.04,,,,,,,Round of 16,0.0,439.0,258.0,1.0,False,,,None,1.0,1.0,42.17604,5.75,439.0,0.018998335587254327,0.17395399094791247,0.03156831127555979,0.8084214832237971,0.05776417014586234,0.10429855488387395,0.06307139749614797,2.626616040360923,43.97670112013366,1.376740924467136,0.22810309318850777,96.26696621037607,2.010393103555875,12.804939718880142,2.037313821999353,0.4760506016867793,0.30655775836664306,13.34327717141129,7.843743591833145,1.5742774647715352,31.34616150696421,84.79378674126092,8.228693885744077,42.17604,165.0,78.88760711588176,None,1.0,1.0,45.19364081029866,76.29643260866,79.76845121261806,56.63682016940022,61.17464404129137,74.96464938896246,165.0,78.88760711588176,None,1.0,1.0,,,,,,,,,,,,,,,,,,,,,,,
344661,285023_43855,Ramy Rabia,Egypt,DF,1,1,0,1,0,1,0.1,0.0,0,0,11,25,9,3,1,0,0,0,0,211,92,0,0,1,100,7,57,,,,76,4,2,70,44,32,1,1,21,456,5.96,341,103,31577.73,276.0,65.0,306.0,4.544260025024414,6.266149044036865,5.097377777099609,Round of 16,0.0,324.0,1186.0,0.0,True,251.85,4.94082281589508,C,1.0,1.0,31.57773,5.96,324.0,0.0208550449717936,0.01595790890554247,0.036403451982140934,0.362438728930855,0.23840609304597737,0.28948828821980377,0.06923537197113665,0.25836614418497333,43.72463662783419,0.46131021744085626,1.3003753790266703,95.000353109658,2.5568622868940762,8.281479254932922,2.2364207214003473,0.6975717026233375,0.33651768113190517,6.422475744155721,2.135438398379031,0.3281587764670972,24.78481091152313,78.73096946362584,7.178216552506304,31.57773,455.0,63.45174732626768,C,1.0,1.0,42.273269681499855,38.42863562611943,68.51925866202885,48.65444258829923,60.124323563898294,59.34217306248629,455.0,63.45174732626768,C,1.0,1.0,,,,,,,,,,,,,,,,,,,,,,,
369267,285023_43855,Yasser Ibrahim,Egypt,DF,0,0,0,0,0,0,0.0,0.0,0,0,20,38,22,5,3,2,0,0,0,224,95,0,0,1,0,1,100,,,,84,0,3,81,48,36,0,2,23,458,5.83,434,153,41444.93,355.0,25.0,362.0,4.090831279754639,6.739145755767822,4.328176498413086,Round of 16,0.0,425.0,1263.0,0.0,True,307.25,4.547414755821228,D,0.9,0.9,41.44493,5.83,425.0,0.019201104122828782,0.014692342830828499,0.017404595959757636,0.1725767253144935,0.05838068500503812,0.10541172951642035,0.06374455619724534,0.2378760267848424,42.35152554603699,0.42472531370642647,0.23053762909579364,87.78844308654799,3.804150734229754,9.719241315563114,4.153595281812507,0.9644862301697841,0.6320661433275152,6.235368107592691,1.3216112194016685,0.14101539627049153,30.875126670264983,87.47108848140208,8.19872326663722,41.44493,352.0,69.0441148286333,D,0.9,0.9,28.4579457218209,31.736360816999877,62.14759856673607,60.07858492588214,60.66645130205377,67.7494729906713,352.0,69.0441148286333,D,0.9,0.9,,,,,,,,,,,,,,,,,,,,,,,
424106,285023_43855,Haissem Hassan,Egypt,FW,0,1,0,1,0,0,0.09,0.0,0,0,0,17,0,1,0,1,0,0,0,29,86,6,17,9,100,4,100,,,,49,3,20,26,8,41,2,3,4,75,1.62,79,27,6544.52,,,,,,,Round of 16,0.0,59.0,707.0,0.0,False,,,None,1.0,1.0,6.54452,1.62,59.0,0.024727414229222304,0.01892097687985026,0.041087952459977053,0.42973643044680016,0.07518335257548966,0.34324053613891325,0.08209101080146675,1.5512798377746442,14.080250172667576,2.206886681112017,0.9193592543831582,33.586335737554734,0.7492306400465575,8.159265829930856,0.7842694861203542,0.41211689642111954,0.19151232154049497,4.0876718273646455,2.324457026337922,0.5965814043513423,13.617617271306921,38.98736362675406,3.316927725460746,6.54452,621.0,55.02500210704915,None,1.0,1.0,51.73739231344133,71.70522030350405,50.661776769510745,31.280998567355102,38.76284834227633,31.015275763916208,621.0,55.02500210704915,None,1.0,1.0,50.428722044430344,54.521306872082874,32.56616745245935,77.09923664122137,35.51205149775063,32.927148698814705,B,B,D,A,D,D,46.76935369718774,B,38.15279714861305,55.45870371968585,,,None,1.0,38.974461414323116,58.124264705882354,123.0
495488,285023_43855,Hamza Abdelkarim,Egypt,FW,0,0,0,0,0,0,0.0,0.0,0,0,8,36,6,2,0,0,0,0,0,10,70,1,0,2,0,0,0,,,,21,17,4,0,17,4,1,6,6,30,6.65,120,56,9335.75,,,,,,,Round of 16,0.0,83.0,758.0,0.0,False,,,None,1.0,1.0,9.33575,6.65,83.0,0.025259916451610614,0.01932843809455225,0.022896529126927533,0.22703244745982012,0.07680241803708328,0.1386738733132955,0.08385883194461823,0.524894927852375,10.356258944555677,0.7707035723183316,0.09132431332505377,24.77148988896733,2.46103173046445,12.36218265804459,2.072908512176383,0.6329501008190626,0.19563651891470082,4.59961602541502,5.341930315114052,0.3974704100438454,20.057662225118463,48.51724308963646,3.9799818061376544,9.33575,652.0,53.12031781989659,None,1.0,1.0,48.20013822737724,58.26828969125688,36.07574430712076,52.69014900880297,35.18492198091812,34.93685541247687,652.0,53.12031781989659,None,1.0,1.0,31.34849177544109,34.390771449170884,30.139846099138083,46.744623712757175,42.15646830766979,59.29673808581604,D,D,D,C,C,B,31.066048085122244,D,45.50567649203208,72.61153427638737,,,None,1.0,25.88837340426854,48.170869377162624,203.0
430465,285023_43855,Ibrahim Adel,Egypt,FW,0,0,0,0,0,0,0.0,0.0,0,0,2,4,2,0,0,0,0,0,0,6,67,0,0,2,100,0,0,,,,10,3,6,1,2,8,0,4,1,12,2.13,18,8,1006.49,,,,,,,Round of 16,0.0,7.0,516.0,0.0,False,,,None,1.0,1.0,1.00649,2.13,7.0,0.013083268445958559,0.010011083952575576,0.011859161831439924,0.1175905099191417,0.039779492319493424,0.07182555470736762,0.04343433249265594,0.16208421637503312,4.924849461508139,0.39918270308677284,0.04730104745846555,10.854197314956188,0.6159835846629201,2.889887421789414,0.6345226290195415,0.1082680190426692,0.10132911958347658,1.8334373306924336,1.2298696088786336,0.09608521846546082,5.119202208803326,13.931445615883437,1.1470044724511754,1.00649,940.0,3.8705595771122514,None,1.0,1.0,0.7687733273007058,5.705011949952215,7.294700343637023,2.5431787849259457,4.296303395386625,1.6361020012421519,940.0,3.8705595771122514,None,1.0,1.0,4.06049692570373,4.735703714947065,6.583725020138709,1.4294474635765804,3.3063896711897875,3.68779090583602,G,G,F,G,G,G,2.928604899244588,G,27.12820512820513,61.205610265592355,,,None,1.0,2.4405040827038236,6.768576989619376,285.0
344654,285023_43855,Mohamed Salah,Egypt,FW,4,9,11,7,2,1,0.95,1.05,14,0,17,100,8,3,9,0,0,0,1,112,80,16,19,9,44,0,0,,,,154,57,82,15,84,70,5,77,74,283,6.35,387,147,38075.5,52.0,290.0,24.0,5.831484794616699,5.002398014068604,6.850352764129639,Round of 16,1.0,361.0,52.0,2.0,True,80.7,5.9618387699127195,B,1.1,1.1,38.0755,6.35,361.0,0.18977201659238713,0.35459125466232294,0.17940311446145116,1.7077027121656898,0.739698530271775,1.297888095199581,2.4409871511713663,2.9633756148485992,25.58045953025444,1.8035050192141833,0.07305846301819355,62.716706237794426,3.494877978615672,20.741731256524716,1.9974331051473593,0.6759175921206175,1.682586308866042,15.210019326412791,11.056060745250013,0.9962294559602942,31.4762693145838,84.08695298848596,8.05717962058334,38.0755,31.0,91.37270666807174,B,1.1,1.1,85.52008357423986,95.7637820477942,80.37492241315039,80.90523553274922,75.31598464582986,82.03597589664813,31.0,91.37270666807174,B,1.1,1.1,79.2869871896547,83.53128676052064,87.88048855419794,95.08363113488825,83.9801031418017,81.81544085778356,A,S,S,S+,A,A,82.46343321477264,S,49.96007877787832,53.346195586639325,67.4,6.054236507415772,BL-A,1.2,82.46343321477264,94.67370242214531,16.0
430476,285023_43855,Omar Marmoush,Egypt,FW,1,11,0,8,3,0,0.91,0.0,3,0,27,104,11,3,7,0,0,0,0,72,86,5,0,12,75,3,100,,,,163,73,76,14,92,71,5,56,81,206,5.74,307,153,33451.08,174.0,315.0,54.0,4.803040504455566,4.883936405181885,6.3582963943481445,Round of 16,0.0,348.0,1196.0,0.0,True,165.14999999999998,5.203988862037659,C,1.0,1.0,33.451080000000005,5.74,348.0,0.020429346672539067,0.01563217215024244,0.17451426148908436,2.069286043164315,0.23353968933028868,1.4835510339918974,0.5820957733279166,1.1102150622894407,19.004106121964735,2.337563892828476,0.5881335964335659,50.205045008849744,5.247463790129162,21.654975137042516,2.5336194529604055,0.6833326977294868,1.3581959011299534,16.576851607550427,13.920143273140335,1.0071585199656203,32.85012477774504,71.29545887254238,7.3528312147346595,33.451080000000005,132.0,81.33773863045674,C,1.0,1.0,58.834067595007966,61.2631098809697,68.94128522325111,80.17348750548611,68.87114555224952,67.48539005860619,132.0,81.33773863045674,C,1.0,1.0,33.75567975069743,31.658634690547572,86.83061470839394,32.2492651878793,79.7922533923412,88.9950440009799,D,D,S,E,A,S,34.91587712061063,C,53.76896923459656,50.72317880794701,152.1,5.277706861495971,BL-B,1.05,30.5513924805343,53.105579584775086,158.0
363863,285023_43855,Trezeguet,Egypt,FW,3,6,17,4,2,2,0.58,1.73,0,0,6,34,3,3,2,0,0,0,0,78,83,2,0,5,40,1,100,,,,72,30,25,17,33,39,7,37,50,192,5.2,286,115,20212.14,40.0,274.0,111.0,5.950538635253906,5.107747077941895,5.995814800262451,Round of 16,1.0,176.0,58.0,1.0,True,92.85,5.83543894290924,B,1.1,1.1,20.212139999999998,5.2,176.0,0.22466209830666195,0.2190445773108927,0.13811333974008597,1.4194507018206224,0.6749548330227048,0.9342905954067011,0.07942012442294483,0.6978510737709782,23.458360892329324,1.3321273064794918,0.287229659742299,55.98006890075688,1.9292891590918193,11.306365137422754,1.3609703711784589,0.8001868097042508,0.5867597533891273,13.188680198532708,7.6687878435174985,1.5808672620197441,30.839609143911655,79.27189935170473,5.952636448482317,20.212139999999998,149.0,79.93727501796752,B,1.1,1.1,87.0997655551601,80.06152274899509,71.44100275869937,62.445962569713956,69.28384084913357,66.91285494890764,149.0,79.93727501796752,B,1.1,1.1,80.74249619794922,83.11387697795318,81.17968082867465,68.83127867881839,80.04827914121648,53.350418653149156,A,S,A,A,A,C,79.50030289611925,S,54.30000602663774,51.281437125748496,84.7,5.8798423290252675,BL-B,1.05,69.56276503410434,89.28966262975779,29.0
433461,285023_43855,Zizo,Egypt,FW,1,3,0,2,1,0,0.14,0.0,4,0,4,12,1,2,0,0,0,0,0,24,88,6,33,1,0,0,0,,,,42,12,21,9,18,24,3,13,11,63,5.05,90,46,8554.4,,,,,,,Round of 16,0.0,78.0,749.0,0.0,False,,,None,1.0,1.0,8.5544,5.05,78.0,0.025216045899345615,0.01929486912945879,0.052479389711506924,0.8614087129129491,0.2882592194388351,0.5616134076982999,0.9300739455927054,1.581934254404453,13.300535199687467,0.5577748517233388,0.09116570440532645,31.710943862532606,1.6103967386017712,7.262547904626426,1.0113574101476002,0.6318508148997162,0.19529674415161197,5.649578516807394,4.2747016886906035,0.8199604755237413,17.906924876746388,42.08527433824387,3.807743516586999,8.5544,506.0,60.549312679722625,None,1.0,1.0,64.34216825968275,65.48528913625753,45.612321093760876,39.65602105626745,49.78470475966171,36.87616897526476,506.0,60.549312679722625,None,1.0,1.0,52.173466817193656,53.59162144727356,50.85187344423938,77.99792772409127,32.72009070626532,36.06233629185746,B,B,C,S,D,D,48.07911063147939,B,41.88355245505769,46.35847526358475,,,None,1.0,40.06592552623282,61.21200259515571,104.0
416906,285023_43855,Mostafa Shoubir,Egypt,GK,0,0,0,0,0,0,0.0,0.0,0,0,0,0,0,0,4,0,0,0,0,116,78,0,0,3,0,0,0,10.0,92.0,79.0,15,0,0,15,9,6,0,0,2,196,3.22,45,10,23577.35,,,,,,,Round of 16,0.0,439.0,1269.0,0.0,False,,,None,1.0,1.0,23.57735,3.22,439.0,,,,,,,,,,,,,,,,,,,,,,,,,,,,,,,,,,,,,,,,,,,,,,,,,,,,,,,,,,,,,,,
430482,285023_43855,Emam Ashour,Egypt,MF,2,10,20,5,5,1,1.06,1.89,4,0,18,63,12,2,11,0,0,0,0,182,87,3,0,6,67,3,100,,,,214,49,104,61,105,109,5,45,71,413,6.57,461,166,37645.06,31.0,146.0,165.0,6.123448371887207,5.738740921020508,5.771111011505127,Round of 16,2.0,344.0,44.0,0.0,True,81.75,5.977657914161682,B,1.1,1.1,37.64506,6.57,344.0,0.36451349622027945,0.015685317332005108,0.2009086651953187,1.9043137116412125,0.40634100910562637,0.9725726656813113,0.7560820900608428,0.7699747996977617,37.98952321194778,1.313466895696889,0.5901330925101689,85.98124962123693,3.717237627271821,14.676294976523705,2.71424042543224,0.5136484975198201,2.0508427924951182,14.913134969127285,9.839291673940709,1.0105825881049004,35.19790188767765,98.0269757963185,8.099224239480275,37.64506,48.0,89.22780718148306,B,1.1,1.1,87.66176779837213,69.36726632386974,87.88299782391515,80.19396347860987,75.82371143900318,87.09980959780431,48.0,89.22780718148306,B,1.1,1.1,,,,,,,,,,,,,,,,,,,,,,,
429095,285023_43855,Hamdy Fathy,Egypt,MF,0,0,0,0,0,0,0.0,0.0,0,0,5,44,15,2,2,0,0,0,1,112,93,1,0,3,0,3,100,,,,36,3,4,29,17,19,0,8,27,237,4.63,255,78,21237.73,,,,,,,Round of 16,0.0,204.0,993.0,0.0,False,,,None,1.0,1.0,21.23773,4.63,204.0,0.023302725536887406,0.017830830471545423,0.021122458382403727,0.20944150077688273,0.07085160679434185,0.12792913290696079,0.07736127506173145,0.48422497607541815,29.498439107752084,0.9065231948941039,0.670854335010927,63.32795863413705,1.6837398488130748,12.968617728104576,3.6721133039363094,0.5839078092830102,0.5715488738768066,8.34947033718696,2.1905316748821098,0.17113823531948885,22.80533027544781,71.15529697046833,5.998862234382758,21.23773,430.0,64.93388528347222,None,1.0,1.0,40.233122308324084,47.72274739038522,69.55857163163849,54.770655930100276,64.59120099010306,48.43267716468376,430.0,64.93388528347222,None,1.0,1.0,,,,,,,,,,,,,,,,,,,,,,,
483183,285023_43855,Mahmoud Saber,Egypt,MF,1,3,33,1,2,0,0.16,6.15,0,0,3,10,1,2,1,1,0,0,0,34,88,1,100,1,0,0,0,,,,50,2,14,34,26,24,0,3,10,80,3.42,123,30,6589.64,,,,,,,Round of 16,1.0,51.0,81.0,0.0,False,,,None,1.0,1.0,6.58964,3.42,51.0,0.22815032350872913,0.01858958921501544,0.054638245219451674,0.8299218829548003,0.27772256141543705,0.3372289184264653,0.08065324421329449,0.504830294206287,14.852924410613504,0.5373866647362875,0.0878333501005756,34.01737454163994,1.3476763677581933,6.58937005222616,0.9743895477114916,0.6087549501035638,0.39201410992256897,5.239215072572631,2.0798897960770337,0.1784207134181905,13.99068221540445,47.27419092079533,3.268032040679418,6.58964,646.0,53.431360170202865,None,1.0,1.0,62.793325058693085,48.007882885362626,41.87799451563311,34.70482690307646,46.99528206236713,31.969294165752725,646.0,53.431360170202865,None,1.0,1.0,,,,,,,,,,,,,,,,,,,,,,,
461788,285023_43855,Marawan Attia,Egypt,MF,1,4,0,1,3,0,0.05,0.0,0,0,15,114,20,4,1,1,0,0,0,307,88,7,43,14,50,8,100,,,,174,4,47,123,105,69,0,17,106,648,6.9,658,205,44690.71,,,,,,,Round of 16,0.0,388.0,1211.0,0.0,False,,,None,1.0,1.0,44.690709999999996,6.9,388.0,0.019766370563501817,0.015124874641707867,0.026210047315619902,0.8411030816624675,0.22596082559961025,0.27437642961142644,0.06562114923915582,1.4059091147113874,57.364824283152046,2.5934278437231932,1.3983546799697086,121.88654718486005,3.0868348653682416,22.610839315960657,3.944151172440286,0.8270185423135756,0.3189507956189994,20.185433624606407,2.023964309594129,0.1451667862436935,40.408863495138114,127.19913939631199,8.978437470715637,44.690709999999996,76.0,86.50053239444505,None,1.0,1.0,50.05205431288854,59.7578268227433,85.98928210000261,73.47825939698726,75.73112726832963,86.60803574634805,76.0,86.50053239444505,None,1.0,1.0,,,,,,,,,,,,,,,,,,,,,,,
433469,285023_43855,Mohanad Lashin,Egypt,MF,0,2,0,1,1,1,0.12,0.0,0,0,11,93,31,4,3,2,0,0,0,156,90,2,0,5,40,5,100,,,,97,2,20,75,48,49,1,11,47,333,6.57,412,125,33745.3,283.0,12.0,291.0,4.5272393226623535,7.033745765686035,5.1827239990234375,Round of 16,0.0,308.0,1146.0,0.0,True,244.35,5.067086458206176,C,1.0,1.0,33.7453,6.57,308.0,0.02115101693102437,0.016184381376370873,0.04046968786897158,0.5450625626289729,0.06430936726801337,0.29359666659801686,0.07021795094510115,0.6169931465239546,34.58376232581072,1.177777679632831,0.9638698241927544,74.5185264192166,2.5931489284025857,20.467659257692546,6.17272305694785,0.8849516978622602,0.6962537994444249,11.128106613120634,1.8107839442381681,0.33281596115028067,29.041116931123906,92.44939949888713,7.664789479007613,33.7453,161.0,78.98011232928715,C,1.0,1.0,48.60260844484603,53.77136850764555,75.06198637919425,74.20495709337371,71.37331899126634,71.36807451654886,161.0,78.98011232928715,C,1.0,1.0,,,,,,,,,,,,,,,,,,,,,,,
483161,285023_43855,Mostafa Zico,Egypt,MF,2,7,14,6,1,2,0.61,1.63,0,0,12,142,27,6,5,0,0,0,2,71,68,2,50,6,33,1,100,,,,141,75,51,15,85,56,6,53,49,184,7.43,567,184,38737.42,76.0,219.0,171.0,5.565308094024658,5.355421543121338,5.749885082244873,Round of 16,1.0,312.0,67.0,1.0,True,121.19999999999999,5.579969358444213,B,1.1,1.1,38.73742,7.43,312.0,0.19792759948122765,0.19297855621087448,0.1269835761707085,1.4273894075021007,0.41778458035005467,1.1768142270241848,0.06996923244292408,0.6148076995094592,19.42888580808666,1.350457383147783,0.2530497021130922,47.90370116839063,2.7608152555332888,29.060884477512488,5.443452693061447,1.235520119610443,1.0474906066699219,11.442392829053913,14.714529582746934,1.2158946031935256,39.3724891819565,119.53391786117747,8.520504000225577,38.73742,46.0,89.43634115036846,B,1.1,1.1,83.33030005902191,81.95356742908884,71.95200363305422,88.52123704670524,69.5158642306563,93.48827819413428,46.0,89.43634115036846,B,1.1,1.1,,,,,,,,,,,,,,,,,,,,,,,
506329,285023_43942,Djed Spence,England,DF,1,1,0,1,0,0,0.6,0.0,0,0,8,37,8,1,2,0,0,0,0,114,91,7,0,5,80,0,0,,,,108,29,36,43,26,82,7,12,37,249,6.3,187,107,20212.2,223.0,56.0,125.0,4.648728370666504,6.346854209899902,5.924130916595459,Round of 16,0.0,198.0,978.0,0.0,True,173.45,5.222297883033752,C,1.0,1.0,20.2122,6.3,198.0,0.023435761739303358,0.01793262740375844,0.13923404277061016,0.4072888698062089,0.2679077605145626,0.3253111445318846,0.07780293370942816,1.6668993902365556,30.060150207552905,1.305001890535945,0.08472929244209677,66.04932041924603,2.2833073647934716,11.66609447792167,2.316515934059691,0.39058970354662437,0.5748118695103143,10.36365439130055,7.315980643625184,1.548676883648815,28.638424940127525,58.18921262411251,5.83143780557649,20.2122,239.0,74.39484282866601,C,1.0,1.0,60.69303832660737,60.357500388595675,75.89601622864319,58.37742877001487,60.76954410736707,55.245536349923455,239.0,74.39484282866601,C,1.0,1.0,,,,,,,,,,,,,,,,,,,,,,,
403049,285023_43942,Ezri Konsa,England,DF,1,2,0,2,0,1,0.26,0.0,0,0,7,26,13,7,8,0,0,0,0,335,97,0,0,2,100,3,67,,,,87,2,3,82,55,32,0,2,42,683,5.88,397,119,39817.07,311.0,79.0,269.0,4.442561149597168,6.159645080566406,5.300755977630615,Round of 16,0.0,406.0,1236.0,0.0,True,265.7,4.914672446250915,C,1.0,1.0,39.81707,5.88,406.0,0.019485892711391773,0.01491025798563986,0.06017480340039457,0.5021522440751048,0.222754520890226,0.43399106471217985,0.064690008191665,0.24140417691035965,61.129059911475515,0.5945327313829583,0.5609728173771846,125.8797978205868,1.7349702416496768,7.901300712733076,2.7436294718147405,1.305807260475704,1.458980577432944,9.434501241027874,1.6682290868568124,0.14310692056058574,25.77379306372317,82.71865591120947,8.054157760398049,39.81707,286.0,72.69235594588237,C,1.0,1.0,45.52538929151885,40.511918171435994,78.38144667561568,51.54962108580907,80.41366414851873,66.98781017777279,286.0,72.69235594588237,C,1.0,1.0,,,,,,,,,,,,,,,,,,,,,,,
463809,285023_43942,Jarell Quansah,England,DF,0,0,0,0,0,0,0.0,0.0,0,0,12,8,4,0,0,1,0,0,0,47,91,0,0,1,0,1,0,,,,6,4,0,2,2,4,0,2,10,93,1.54,78,34,6593.19,,,,,,,Round of 16,0.0,65.0,717.0,0.0,False,,,None,1.0,1.0,6.59319,1.54,65.0,0.02494962065834856,0.019091005281084525,0.022615265462338698,0.22424355409527857,0.07585896807457396,0.13697038709603498,0.08282870016131909,0.3090924664556542,17.975161275057623,0.551881568538272,0.29955706487610717,37.65653316707244,3.268218487145746,6.348395622803307,1.6287354791233826,0.2064656867435808,0.19323329683976023,5.380532160357298,2.554699740560958,0.18323324645443032,15.205470552273063,39.1283587646951,3.3569237152998346,6.59319,704.0,49.907810006722556,None,1.0,1.0,39.606953171675634,43.84612284864312,46.926051208282544,44.531735071353076,44.20911821152153,31.10804738019336,704.0,49.907810006722556,None,1.0,1.0,,,,,,,,,,,,,,,,,,,,,,,
369434,285023_43942,John Stones,England,DF,0,0,0,0,0,0,0.0,0.0,0,0,2,6,1,1,1,0,0,0,0,64,94,0,0,0,0,0,0,,,,5,0,0,5,3,2,0,0,5,131,2.76,126,38,9936.5,,,,,,,Round of 16,0.0,98.0,792.0,0.0,False,,,None,1.0,1.0,9.9365,2.76,98.0,0.025257720629387366,0.01932675789050288,0.022894538751876668,0.22701271172971638,0.07679574167072838,0.1386618185159889,0.08385154217043578,0.3129094134652847,21.80011251378727,0.3467568042682289,0.0913163745831697,46.17526498443731,1.18917848074199,6.002911452385846,1.0130288873971207,0.42095519329123887,0.4075593981396205,4.3872762991224095,1.7384878883409494,0.185495972557525,16.241000687035193,49.78466484296155,4.106958716190163,9.9365,666.0,52.4351189262404,None,1.0,1.0,46.22553575122693,45.633370036853385,50.40651634522709,34.0456746880766,52.2713448257092,33.89047300017262,666.0,52.4351189262404,None,1.0,1.0,,,,,,,,,,,,,,,,,,,,,,,
405841,285023_43942,Marc Guehi,England,DF,0,1,0,1,0,1,0.15,0.0,0,0,4,13,4,2,10,0,0,0,0,281,99,0,0,5,100,4,75,,,,50,1,2,47,24,26,0,1,19,569,6.37,353,107,31854.51,282.0,24.0,193.0,4.528501987457275,6.757166862487793,5.657615661621094,Round of 16,0.0,313.0,1175.0,0.0,True,221.04999999999998,5.145080137252807,C,1.0,1.0,31.854509999999998,6.37,313.0,0.021057465088698157,0.016112797173133405,0.0455915432394089,0.36595657748884897,0.06402492421705391,0.29229807612595343,0.06990737397867404,0.2608738589935885,56.51769067953723,1.1725683191496132,0.7829114368240918,115.88898331430492,1.3448132684014584,6.241517905185229,1.3746517816850385,0.5276472183278164,1.9300402920770752,6.131422316458327,1.6260796199019962,0.15464875170404233,25.732154136073067,81.61547802320139,7.2967943676319775,31.854509999999998,413.0,66.24414766770246,C,1.0,1.0,40.37718409415186,42.19174721050688,83.1249914443565,42.534535580162455,61.319126515857604,62.12706955902445,413.0,66.24414766770246,C,1.0,1.0,,,,,,,,,,,,,,,,,,,,,,,
463780,285023_43942,Nico Oreilly,England,DF,1,6,0,6,0,5,0.85,0.0,0,0,6,78,18,6,2,0,0,0,0,159,93,3,33,3,67,1,100,,,,158,39,54,65,72,86,4,21,65,347,6.46,408,170,36333.24,279.0,63.0,212.0,4.534195423126221,6.27913761138916,5.580386161804199,Round of 16,0.0,334.0,1190.0,0.0,True,229.85,5.057484436035156,C,1.0,1.0,36.333239999999996,6.46,334.0,0.020675039289273327,0.01582017176385692,0.1662038785942555,1.2267413190602192,0.23634834387527193,1.1544205338540163,0.06863778225588715,0.7765946539191096,34.32595579723918,0.804300880658986,0.2482343988512914,75.27038508265353,1.667362399298012,17.404767042307828,3.7784931722640867,1.2120093072589557,0.5070992834909946,14.000433487950835,8.189023132647385,0.8457848866175441,36.19446038039195,89.67499466255654,7.941274636058331,36.333239999999996,96.0,84.47007849017011,C,1.0,1.0,59.23246821107663,58.18777727009795,77.94508569768237,63.54986946836756,84.60291101327239,77.55828833716211,96.0,84.47007849017011,C,1.0,1.0,,,,,,,,,,,,,,,,,,,,,,,
439641,285023_43942,Reece James,England,DF,0,1,0,0,1,0,0.04,0.0,0,0,3,26,12,1,0,0,0,0,0,118,93,7,29,6,50,2,50,,,,104,20,34,50,46,58,3,12,25,256,2.95,187,79,20103.63,,,,,,,Round of 16,0.0,204.0,992.0,0.0,False,,,None,1.0,1.0,20.103630000000003,2.95,204.0,0.023302725536887406,0.017830830471545423,0.028943871977181512,0.40497684064632733,0.07085160679434185,0.12792913290696079,0.07736127506173145,1.657437015292086,30.671651146968752,1.493129214502438,0.4753189951414822,67.0431300916565,1.2926691690741854,9.448981610454574,3.085507284327975,0.38837246941356546,0.1804781941379174,7.958399657448069,5.514632452662669,0.7577442549278228,23.00086561531726,57.8588938593461,5.777105605436821,20.103630000000003,370.0,68.39991057167147,None,1.0,1.0,45.531708588226785,63.41284878930258,79.11122279388354,47.55482434568172,58.88941766732596,48.05895717046423,370.0,68.39991057167147,None,1.0,1.0,,,,,,,,,,,,,,,,,,,,,,,
448189,285023_43942,Anthony Gordon,England,FW,2,4,0,4,0,2,0.33,0.0,0,0,10,55,5,2,3,0,0,0,0,56,91,5,20,8,88,0,0,,,,106,41,47,18,39,67,3,45,62,144,4.58,211,116,18873.96,84.0,306.0,15.0,5.496654510498047,4.911612510681152,7.012998104095459,Round of 16,0.0,185.0,170.0,2.0,True,100.05,5.787984108924865,B,1.1,1.1,18.87396,4.58,185.0,0.023724230619165988,0.41629781518052317,0.08719836161598625,1.009518840079685,0.47027764355287655,0.9265320576709424,0.078760603674964,1.28927266235249,18.88396890546607,1.9182817371654217,0.08577221839236934,45.95973214964846,2.7095568654521154,15.392991592138298,1.7478130549674638,0.5944696686159601,0.7809594101956064,15.468025474566204,9.79489919185855,0.7714505080446047,30.78258303138624,63.68319237481894,5.636810079169367,18.87396,108.0,83.80460883522807,B,1.1,1.1,69.44819596539602,90.3861386638756,78.99752856107386,71.77237014018137,82.31568007562252,66.82719320966619,108.0,83.80460883522807,B,1.1,1.1,40.548055122738596,50.973323720259565,82.72304376328975,87.50290752997401,69.84382429318606,66.41980892079825,C,B,A,S,B,B,51.476644942607564,B,40.61401136056262,45.9132083421108,85.5,5.893053388595581,BL-B,1.05,45.04206432478162,64.26790657439447,85.0
448196,285023_43942,Bukayo Saka,England,FW,1,5,0,4,1,1,0.29,0.0,3,0,3,25,7,1,5,0,0,0,2,51,80,11,9,5,60,0,0,,,,45,26,11,8,21,24,10,35,32,147,6.46,212,85,16814.25,71.0,151.0,13.0,5.593658924102783,5.687984466552734,7.0522637367248535,Round of 16,0.0,157.0,169.0,2.0,True,68.5,5.9724589586257935,B,1.1,1.1,16.81425,6.46,157.0,0.024332786169081754,0.42697636361957136,0.08126795932577723,1.2395929083625734,0.27816216610129246,0.9502987388721869,0.6933169332014718,2.5474161313029042,18.347472445991876,1.3549519877309733,0.08797238076514172,47.7511915500494,1.349809593245038,9.662480428429333,2.2010039479629895,0.4055398685977406,1.2093493239337956,9.739439021770574,6.983470225204732,2.2204898795591204,25.242655047857617,65.52092287147772,5.360852298464285,16.81425,297.0,71.88565227853358,B,1.1,1.1,70.94852991690514,93.40083463457208,61.98525752028141,55.90803356579247,56.00995264304854,55.75382759220797,297.0,71.88565227853358,B,1.1,1.1,42.115526362440406,55.564831328501505,61.8949013384682,93.81489078260134,61.010935956987666,40.678764580624495,C,B,B,S,B,C,52.13269929990611,B,40.132090132090134,50.78686019862489,61.6,6.0406729221344,BL-A,1.2,52.13269929990611,62.096669550173004,96.0
369419,285023_43942,Harry Kane,England,FW,9,18,28,16,2,4,2.66,1.88,0,0,18,152,12,5,6,0,0,0,1,59,75,1,0,6,67,1,100,,,,87,24,46,17,74,13,4,44,52,169,6.63,514,168,43443.8,4.0,259.0,326.0,7.4719929695129395,5.18643856048584,5.012503623962402,Round of 16,5.0,394.0,4.0,0.0,True,122.75,6.51428747177124,B,1.1,1.1,43.4438,6.63,394.0,0.8450066886530226,0.015052428289860628,0.456909372558202,3.148012288506154,1.5454144947501143,2.7490671890904403,0.06530683173378686,0.4087729811668713,16.153437758910094,1.260469637948721,0.23618773193868087,42.235632431263255,3.5672502912459763,28.775082057657,2.604723162463227,0.9881242211232848,1.1427580558724562,11.175129832834616,5.31560974773272,0.8047394519157024,34.10783086659595,102.82022273335325,8.729608130238853,43.4438,95.0,84.5577557535894,B,1.1,1.1,92.37043524149975,60.32144969231579,65.56942127990477,87.46608613456395,65.6824648593871,89.9836002412882,95.0,84.5577557535894,B,1.1,1.1,98.61913247931031,78.9018328084089,72.2726865884664,47.47288067496987,92.5021030686515,91.89703582263931,S+,A,B,C,S,S,85.62393393104131,S,85.48071796694508,57.70603986908658,126.10000000000001,6.505590724945068,BL-B,1.05,74.92094218966116,93.32430795847749,21.0
401470,285023_43942,Marcus Rashford,England,FW,3,9,11,7,2,2,0.94,1.06,0,0,1,47,3,5,1,0,0,0,1,83,87,15,13,15,73,1,100,,,,120,70,37,13,30,90,13,58,63,226,6.86,232,117,22644.71,68.0,340.0,5.0,5.615632057189941,4.720715522766113,7.270668983459473,Round of 16,1.0,203.0,108.0,0.0,True,93.05,5.895153808593749,B,1.1,1.1,22.64471,6.86,203.0,0.21904609340894501,0.01784778050279816,0.20512048071251313,1.9711315425772864,0.6580826072375652,1.4980992563623838,0.07743481487986503,3.224782308942087,23.85056512536573,3.2560395329972516,0.280049618302107,61.235224968514686,0.9024555510742907,13.568109376709735,1.3269494289376678,1.1716265222127873,0.37637097339657327,15.40337114898318,15.305935488016056,2.7156767309172962,30.460136511948004,66.72134939697162,6.279940604391527,22.64471,111.0,83.55209869410338,B,1.1,1.1,89.25663902910888,78.2017423418543,82.42572283084507,58.23507513013002,82.27626326450381,66.91239691249953,111.0,83.55209869410338,B,1.1,1.1,83.07504268560069,71.4264030660646,94.05877842098008,48.36226766192297,73.30017190300283,43.56944994064108,A,A,S,C,B,C,74.86240114076624,A,68.36653386454184,54.41921018371184,76.3,6.022651481628418,BL-A,1.2,74.86240114076624,85.07798442906574,38.0
489732,285023_43942,Noni Madueke,England,FW,1,6,0,4,2,0,0.61,0.0,0,0,8,66,13,1,3,0,0,0,0,77,84,19,42,12,75,0,0,,,,143,64,62,17,32,111,15,56,39,232,5.94,302,124,26039.3,139.0,221.0,44.0,4.935810089111328,5.350631237030029,6.532773494720459,Round of 16,0.0,266.0,1063.0,0.0,True,127.54999999999998,5.397274112701416,B,1.1,1.1,26.0393,5.94,266.0,0.021975045706877253,0.016814913516598383,0.13239973935173183,1.3038764366870859,0.2512094698701968,0.85821895103976,0.07295359303497712,3.775739897864156,21.363943707074018,2.514425654967232,0.07944824217101776,58.797855778062925,2.140992226424533,16.286409218958163,3.094104229087594,0.3662448305948619,0.72337935883999,10.086492598778829,13.313799412612722,2.927307404426649,29.988143810924203,75.76775119596243,6.542459088183102,26.0393,218.0,75.39721859164506,B,1.1,1.1,65.40222476471446,74.06013794209379,75.64136032541732,69.84801915764595,61.476256465298064,67.18382898637705,218.0,75.39721859164506,B,1.1,1.1,34.240849420128946,32.34166888020339,70.88414376014495,43.223869235161025,75.00091437767455,66.36327661258407,D,D,B,C,A,B,38.07199717273411,C,63.906298160895915,52.68893934479403,118.69999999999999,5.456381225585937,BL-B,1.05,33.31299752614235,51.15402249134948,178.0
448203,285023_43942,Ollie Watkins,England,FW,0,0,0,0,0,0,0.0,0.0,0,0,0,4,1,0,0,0,0,0,0,1,100,1,0,1,100,0,0,,,,5,4,1,0,4,1,1,1,2,4,1.91,26,9,1546.81,,,,,,,Round of 16,0.0,12.0,531.0,0.0,False,,,None,1.0,1.0,1.54681,1.91,12.0,0.016290312591400947,0.012465057003136756,0.014766146097525334,0.14641495527493967,0.04953046459976562,0.0894318375463145,0.054081199696148885,0.3385087384883582,5.448588535631422,0.36033907641448665,0.05889574552275727,12.42129080299241,0.493589876251193,3.5982728359784986,0.6533668450120347,0.13480728314503454,0.12616748173016196,2.4195533027961673,1.6680356756038779,0.25633169602323447,6.510743297663786,18.439947945567287,1.502022890336432,1.54681,877.0,23.578122616386686,None,1.0,1.0,10.808603089450292,15.651023093185826,30.166782956183813,11.069789820308209,42.22954657179381,10.612047759831167,877.0,23.578122616386686,None,1.0,1.0,10.934044915515166,12.951087162751875,9.91676000222554,36.8801674737265,8.20525950038404,8.961878380160927,F,F,F,D,F,F,11.479986903143475,F,21.444610778443117,23.593749999999996,,,None,1.0,9.566655752619562,20.863970588235293,276.0
336022,285023_43942,Jordan Pickford,England,GK,0,0,0,0,0,0,0.0,0.0,0,0,0,0,0,0,3,0,0,0,0,148,80,0,0,5,60,2,50,6.0,53.0,43.0,38,0,0,38,26,12,0,0,5,296,3.5,82,18,23685.82,,,,,,,Round of 16,0.0,406.0,1236.0,0.0,False,,,None,1.0,1.0,23.68582,3.5,406.0,,,,,,,,,,,,,,,,,,,,,,,,,,,,,,,,,,,,,,,,,,,,,,,,,,,,,,,,,,,,,,,
433097,285023_43942,Declan Rice,England,MF,1,4,0,3,1,1,0.21,0.0,22,0,6,37,7,2,0,1,0,0,0,141,91,31,35,8,50,1,100,,,,103,25,35,43,65,38,3,23,71,330,5.05,368,131,31053.39,169.0,134.0,49.0,4.817442417144775,5.777356147766113,6.401393890380859,Round of 16,0.0,277.0,222.0,1.0,True,133.75,5.357417345046996,B,1.1,1.1,31.05339,5.05,277.0,0.021752680797965107,0.19917353397845294,0.0580484818236742,0.9256250050968925,0.24866748785884327,0.6670058859418143,4.087848320385853,5.927878526799635,32.82960381146363,1.7588671674526295,0.26117307762933323,76.09070129621475,1.7542700421989705,10.828273139146402,1.9676224490862184,0.5450675789261767,0.16847319176723582,15.82534828987376,6.06045539187355,0.7073408163283245,30.962395964182434,87.04795814506438,7.391471797946686,31.05339,81.0,86.0496481683089,B,1.1,1.1,64.75232218983233,93.73675789987827,90.2670543696557,63.90741534579855,81.65155010032396,77.90988004250447,81.0,86.0496481683089,B,1.1,1.1,,,,,,,,,,,,,,,,,,,,,,,
473113,285023_43942,Eberechi Eze,England,MF,0,1,0,0,1,0,0.05,0.0,0,0,1,12,0,0,2,0,0,0,0,24,79,1,100,3,100,0,0,,,,38,15,17,6,31,7,1,13,19,54,4.84,96,37,8163.72,,,,,,,Round of 16,0.0,75.0,742.0,0.0,False,,,None,1.0,1.0,8.16372,4.84,75.0,0.025175937641256012,0.019264179004847715,0.03338308945855938,0.4375312952180386,0.07654708165418324,0.13821283984430424,0.08358003589404828,0.5231498685729173,13.279379571217866,0.9793949376813794,0.09102069762607941,29.759222185190314,0.974074354908612,7.250996206675462,0.7984951234072857,0.2083385284968716,0.6174933822601504,7.3306214798955,4.901663324566806,0.3961489847631805,15.977159661506272,43.28585596503231,3.719154406884667,8.16372,699.0,50.22516983324198,None,1.0,1.0,49.507334272194676,64.60567654567336,38.87361304407855,31.70718513661175,35.38303376101796,30.916765054590545,699.0,50.22516983324198,None,1.0,1.0,,,,,,,,,,,,,,,,,,,,,,,
481610,285023_43942,Elliot Anderson,England,MF,1,7,0,3,4,2,0.38,0.0,3,0,25,95,35,6,9,0,0,0,0,265,90,5,40,14,71,3,67,,,,228,7,48,173,170,58,2,9,118,586,6.91,592,175,42763.51,199.0,13.0,124.0,4.732633113861084,6.997947692871094,5.928210735321045,Round of 16,0.0,371.0,245.0,1.0,True,152.34999999999997,5.3713247060775755,C,1.0,1.0,42.763510000000004,6.91,371.0,0.02004125879340751,0.18350328294400978,0.08207000956209815,1.3573043941209695,0.22910323210147954,0.6145282827915376,0.5710379398228476,1.0891247643073239,51.09953021421935,2.6294942923946336,0.5769610648913445,113.15518657568688,4.811443745709602,19.730091880562494,6.521522977814285,1.1748559142713497,1.6687309508045998,22.48416653227453,2.5566155124422503,0.48352173846831586,35.92578200792325,117.86898801033581,8.77920587873436,42.763510000000004,4.0,97.51383102318043,C,1.0,1.0,63.90310989450615,81.36189223766502,87.95398128143647,84.7857398255849,84.13513594667813,83.9117707966009,4.0,97.51383102318043,C,1.0,1.0,,,,,,,,,,,,,,,,,,,,,,,
356189,285023_43942,Jordan Henderson,England,MF,0,0,0,0,0,0,0.0,0.0,1,0,0,4,0,0,1,0,0,0,0,13,92,1,0,0,0,0,0,,,,22,1,4,17,20,2,1,0,5,27,2.19,35,6,1790.68,,,,,,,Round of 16,0.0,12.0,534.0,0.0,False,,,None,1.0,1.0,1.79068,2.19,12.0,0.016290312591400947,0.012465057003136756,0.014766146097525334,0.14641495527493967,0.04953046459976562,0.0894318375463145,0.190774729562293,0.3385087384883582,7.088910894025151,0.22364554654834254,0.05889574552275727,15.565241989913723,0.493589876251193,3.5982728359784986,0.5166733151458907,0.13480728314503454,0.2628610115963061,2.8296338923946,1.2579550860054456,0.25633169602323447,6.100662708065353,19.670189714362582,1.5353583414648884,1.79068,901.0,20.336042917707374,None,1.0,1.0,9.613162206169386,15.424721447310244,23.821814894042344,10.579620954201788,35.33835942148901,9.482896614243012,901.0,20.336042917707374,None,1.0,1.0,,,,,,,,,,,,,,,,,,,,,,,
448202,285023_43942,Jude Bellingham,England,MF,6,9,22,8,1,2,1.1,1.83,0,0,14,91,13,4,6,1,0,0,1,131,86,9,11,12,50,3,100,,,,310,75,168,67,238,72,7,53,104,327,6.43,483,219,36539.14,19.0,130.0,113.0,6.400023460388184,5.8106536865234375,5.99330997467041,Round of 16,2.0,340.0,33.0,1.0,True,59.15,6.209939622879028,B,1.1,1.1,36.539139999999996,6.43,340.0,0.3657590864626635,0.18833403532260817,0.20849900112264785,1.7382258811916034,1.0981100062721547,1.4936814311879019,0.06828524450147626,1.8081766194614084,29.316987296507218,2.353525898962954,0.5921496543915822,71.43187853291734,3.039559437075225,19.55910913193468,2.8961104588090745,0.8605939399708004,1.1948751942120515,20.659734033797008,14.360386918660458,1.359226119270727,44.46571903546838,102.15903940306845,7.936023952678305,36.539139999999996,6.0,96.48139708601043,B,1.1,1.1,90.86669950966221,89.03000476496625,88.1707066094214,84.89570566216057,84.59691595028525,90.08015440702307,6.0,96.48139708601043,B,1.1,1.1,,,,,,,,,,,,,,,,,,,,,,,
492716,285023_43942,Morgan Rogers,England,MF,0,0,0,0,0,0,0.0,0.0,0,0,12,59,11,3,2,0,0,0,1,52,77,2,0,7,71,0,0,,,,96,45,35,16,72,24,3,31,41,113,5.58,222,105,17754.82,,,,,,,Round of 16,0.0,146.0,895.0,0.0,False,,,None,1.0,1.0,17.75482,5.58,146.0,0.024558587902703304,0.018791793982230465,0.02226081880783904,0.22072900868016737,0.07467003852198455,0.1348236647613995,0.08153053473771947,0.7163948888929468,18.723805470457716,1.779672374850474,0.08878874087900425,41.187814279260174,3.216996045787636,16.758641186330788,3.045722266349592,0.82144996572694,0.602351567741527,11.684478986699295,10.963669517632747,0.7985816450078235,29.598368079271015,68.18967345309015,5.60442602678542,17.75482,351.0,69.16372293856168,None,1.0,1.0,47.87408842881744,63.355426008908346,56.34402990645613,70.17426123064847,54.53990615680361,53.20072559367964,351.0,69.16372293856168,None,1.0,1.0,,,,,,,,,,,,,,,,,,,,,,,
389876,285023_43946,Dayot Upamecano,France,DF,0,2,0,2,0,1,0.14,0.0,0,0,13,37,21,5,3,0,0,0,0,310,93,0,0,6,67,3,100,,,,83,2,3,78,39,44,0,5,67,689,5.97,396,148,48068.01,325.0,1.0,325.0,4.359023571014404,7.731297016143799,5.016387939453125,Round of 16,0.0,483.0,1282.0,0.0,True,276.4,5.029205679893494,C,1.0,1.0,48.06801,5.97,483.0,0.018397461811835523,0.01407741005035188,0.03828861876202955,0.47410333572751195,0.055937221946107195,0.4097494612116177,0.06107659386925154,0.2279199722437923,53.85518044802526,1.1788229518671907,0.5296383459578948,119.77473110266251,2.5643082419656316,9.158077729169179,3.8253760413333437,0.9241186587021998,0.6056116700391591,12.766885106680284,1.5750461820463006,0.135113343022954,28.811006169812696,77.94383376024871,8.878010953310728,48.06801,211.0,76.02941785208169,C,1.0,1.0,42.01200953125609,43.713671275362046,82.91164746869207,58.98470344316243,80.14099127566496,72.41299380503219,211.0,76.02941785208169,C,1.0,1.0,,,,,,,,,,,,,,,,,,,,,,,
419166,285023_43946,Ibrahima Konate,France,DF,0,0,0,0,0,0,0.0,0.0,0,0,1,2,2,0,0,0,0,0,0,11,91,0,0,0,0,0,0,,,,3,0,0,3,2,1,0,0,0,24,1.19,18,3,1968.45,,,,,,,Round of 16,0.0,19.0,575.0,0.0,False,,,None,1.0,1.0,1.96845,1.19,19.0,0.019181796058587344,0.014677568644020275,0.017387094411162426,0.17240318724722226,0.058321979109308066,0.10530573058884385,0.06368045655077578,0.23763682566509015,8.0252596436275,0.26334198556546423,0.06934957036566192,17.845158807405227,0.7421568915526144,3.9150434051043534,0.9302938111134795,0.15873518681681184,0.14856184558735863,2.5271045568521884,1.3202822461216328,0.1408735953452528,6.7006440200966795,20.425335588655955,1.836493205890263,1.96845,910.0,18.644108883359518,None,1.0,1.0,8.924260108924562,10.039342848965827,23.534311047743902,10.591989454622954,33.647787609795515,9.111404047461825,910.0,18.644108883359518,None,1.0,1.0,,,,,,,,,,,,,,,,,,,,,,,
430707,285023_43946,Jules Kounde,France,DF,0,1,0,1,0,0,0.0,0.0,0,0,27,81,20,2,4,0,0,0,1,267,90,12,8,5,20,0,0,,,,195,92,42,61,82,113,8,48,57,571,6.31,575,216,48793.78,354.0,70.0,226.0,4.110227584838867,6.215023040771484,5.503429412841797,Round of 16,0.0,464.0,1280.0,0.0,True,279.4,4.774247360229492,C,1.0,1.0,48.79378,6.31,464.0,0.01865040178603709,0.01427095521279761,0.01690541884969977,0.32412435103944454,0.05670628235349738,0.258885698638084,0.0619163136216616,2.109020657352871,47.866233531554315,1.0385328994540652,0.06742837568798023,102.95479362551677,4.790525591067588,16.169868145414338,3.721472479460016,0.46733225398437545,0.7704352614722705,11.377439760318378,15.681454141718786,1.3889490314728545,39.84893170532389,107.02846421870467,9.1136524940605,48.79378,123.0,82.14737083635383,C,1.0,1.0,42.966871646565615,55.714407176287786,83.17765570031395,77.35393823612782,64.97927575580503,86.00160937356755,123.0,82.14737083635383,C,1.0,1.0,,,,,,,,,,,,,,,,,,,,,,,
368860,285023_43946,Lucas Digne,France,DF,1,1,0,0,1,0,0.02,0.0,0,0,12,26,3,3,1,0,0,0,0,170,88,10,10,4,50,0,0,,,,60,32,16,12,13,47,5,25,31,357,3.79,326,119,29520.76,,,,,,,Round of 16,0.0,280.0,1083.0,0.0,False,,,None,1.0,1.0,29.52076,3.79,280.0,0.02169283227177373,0.016598968823341033,0.023303722674724633,0.3769985903231413,0.24798332470680287,0.11909101441508167,0.072016690133014,2.089010965248623,38.01804984737743,1.0259216635607191,0.07842793205948964,80.796069176666,2.841602942184993,8.796188793031826,1.2341025931842513,0.7255945006596769,0.3500362441391958,8.500744713022728,7.317967185343031,1.0694478484752579,28.692889682795432,79.16334542107232,7.092156123471458,29.52076,330.0,70.21918171623116,None,1.0,1.0,46.6188885424716,55.115319620827584,73.78729642887669,52.12187017706032,59.34891335826502,63.890370858340084,330.0,70.21918171623116,None,1.0,1.0,,,,,,,,,,,,,,,,,,,,,,,
464055,285023_43946,Malo Gusto,France,DF,0,0,0,0,0,0,0.0,0.0,0,0,0,7,5,2,0,0,0,0,0,27,96,0,0,0,0,1,100,,,,19,6,7,6,4,15,0,5,4,56,3.96,39,16,4211.0,,,,,,,Round of 16,0.0,38.0,637.0,0.0,False,,,None,1.0,1.0,4.211,3.96,38.0,0.02310046889768329,0.01767606729417871,0.020939125431183446,0.2076236475824166,0.07023664834882651,0.12681876852331392,0.07668981577368542,0.2861839466676553,12.766160830349985,0.31714044547386244,0.2773552654371237,27.693590307867343,0.6999348551832458,5.684043391981292,1.7018592410167726,0.578839765593285,0.17891172875007338,3.8187226143678754,2.753033452443497,0.16965283635788456,10.589423286196059,28.66865455334697,2.646364497192108,4.211,809.0,38.06375659267173,None,1.0,1.0,25.669205838195104,27.069196993169044,39.46202413267749,23.520562397998866,55.050129284519166,21.21999293934173,809.0,38.06375659267173,None,1.0,1.0,,,,,,,,,,,,,,,,,,,,,,,
405881,285023_43946,Maxence Lacroix,France,DF,0,0,0,0,0,0,0.0,0.0,0,0,1,6,3,2,0,0,0,0,1,46,93,0,0,0,0,0,0,,,,7,0,2,5,4,3,0,0,3,91,1.12,90,26,9363.51,,,,,,,Round of 16,0.0,100.0,803.0,0.0,False,,,None,1.0,1.0,9.36351,1.12,100.0,0.02524558075532909,0.01931746867513036,0.022883534717856806,0.22690360031105503,0.07675883055567671,0.13859517208188762,0.08381123975453383,0.31275901664496775,17.9765501643552,0.346590139033688,0.09127248426926672,37.67955054235641,0.9767688949246075,6.000026212261283,1.436218022905803,0.6325908842545863,0.1955254898175893,3.961491560241494,1.7376523013010117,0.1854068157496639,13.691138383345326,42.13456765415735,3.9836036805684913,9.36351,702.0,50.04583434390547,None,1.0,1.0,45.14387705217025,44.531120118832995,44.81836956868897,31.364900120446297,54.05363387645351,30.654249691122427,702.0,50.04583434390547,None,1.0,1.0,,,,,,,,,,,,,,,,,,,,,,,
408042,285023_43946,Theo Hernandez,France,DF,0,3,0,1,2,0,0.12,0.0,0,0,25,41,7,2,3,0,0,0,0,109,95,3,33,2,50,1,100,,,,42,19,15,8,18,24,1,10,26,238,3.78,221,92,22364.76,,,,,,,Round of 16,0.0,222.0,1018.0,0.0,False,,,None,1.0,1.0,22.364759999999997,3.78,222.0,0.022906612013668528,0.017527731459851627,0.043828788060258195,0.7825158333964871,0.06964722923993953,0.3179660321864936,0.07604624231258376,0.8604168621069389,28.42037263433838,0.6989020625806022,0.2750277270758517,62.4436840193561,5.499348930358422,12.171534943680651,2.0720004329222066,0.5739821986841995,0.7540448621892148,8.015329583338266,5.228679951317559,0.3604406406976684,25.108632973081274,63.41056562070065,6.113518166055611,22.364759999999997,308.0,71.4314258595584,None,1.0,1.0,49.037024724480105,53.42377233248058,68.59180636156208,67.48067120700034,66.11816907808428,52.48067291206724,308.0,71.4314258595584,None,1.0,1.0,,,,,,,,,,,,,,,,,,,,,,,
419177,285023_43946,William Saliba,France,DF,0,1,0,1,0,1,0.06,0.0,0,0,12,23,12,3,0,0,0,0,0,248,98,0,0,1,0,2,100,,,,46,1,0,45,23,23,1,2,22,519,4.57,315,131,38298.57,315.0,17.0,356.0,4.421422481536865,6.890011787414551,4.469353199005127,Round of 16,0.0,402.0,1226.0,0.0,True,280.55,4.803693556785584,C,1.0,1.0,38.29857,4.57,402.0,0.019547305049451007,0.014957249612737812,0.027559800786441765,0.3397115856488801,0.05943330401675185,0.27133558741922154,0.06489388720870375,0.24216499373004077,47.051692787327475,0.4323832221383826,0.39871753967669654,99.37671033256635,2.56055451148177,7.434132924187525,2.588253121875729,0.6538296552937422,0.15139269052469542,6.183770167672115,1.5094634720291848,0.3075811975918878,27.823301624063834,69.52944750534986,7.8304721758640765,38.29857,443.0,64.15273012625359,C,1.0,1.0,37.032175625804825,36.31234956608772,70.88538844754663,47.08590676583806,65.07209678404521,64.63207696043312,443.0,64.15273012625359,C,1.0,1.0,,,,,,,,,,,,,,,,,,,,,,,
484860,285023_43946,Bradley Barcola,France,FW,3,6,33,5,1,1,1.28,1.56,0,0,14,87,13,3,0,1,0,0,1,85,89,5,20,8,75,0,0,,,,87,49,24,14,41,46,10,70,64,226,6.03,219,108,29556.14,35.0,144.0,94.0,6.093977928161621,5.742942333221436,6.13118314743042,Round of 16,2.0,297.0,31.0,1.0,True,66.1,6.050623893737793,B,1.1,1.1,29.55614,6.03,297.0,0.37983185168171857,0.19558028226478177,0.24878354990467152,1.267397587884567,0.6026529320157462,1.0134441668999725,0.0709125537040684,1.1608039126459881,22.200126203022936,1.7271357805694065,0.07722550055821108,56.07743992023961,3.1565080185609493,19.594712501211433,3.007539768547988,0.7144699221856979,0.1654337990681498,14.285195577726132,10.252779154961491,1.9492304396215874,26.28138580911935,58.771407835457175,6.989762859247858,29.55614,53.0,88.66163789004437,B,1.1,1.1,90.6110138044171,86.567174777586,80.46376539102847,77.21410385877473,80.33483104294858,69.98919126310939,53.0,88.66163789004437,B,1.1,1.1,87.39491878073129,88.17971388456724,83.26491413531762,77.18381933137383,58.907867305511864,72.78911564625848,S,S,A,A,B,B,84.8228645315208,S,55.69388718432854,47.80993992353905,63.6,6.070035934448242,BL-A,1.2,84.8228645315208,94.65337370242213,17.0
464114,285023_43946,Desire Doue,France,FW,5,8,13,2,6,1,0.41,2.41,1,0,9,110,15,1,4,0,0,0,0,120,84,3,33,9,56,1,100,,,,126,40,54,32,41,85,10,50,48,294,6.66,359,165,30522.06,69.0,113.0,82.0,5.614284992218018,5.89695930480957,6.181582450866699,Round of 16,1.0,277.0,130.0,0.0,True,78.85,5.79851050376892,B,1.1,1.1,30.52206,6.66,277.0,0.20428145092696295,0.01664476384945508,0.09455423584947378,1.655740085612884,0.9787825683748349,0.4844771158128164,0.25474414767689824,0.817072963187695,28.996499638754678,1.9413959375816277,0.26117307762933323,69.51966557157083,2.3018563525859643,24.152873358563248,3.427852610118202,0.36253880879717876,0.8985882722832272,11.627186576906807,8.798386943808518,1.9850422072313099,37.16837414856836,85.4051992139034,7.294488786514044,30.52206,89.0,85.11562601383584,B,1.1,1.1,82.798676315443,72.83542221282836,81.37933530207235,79.85908210933205,68.19499271342455,80.67542190093275,89.0,85.11562601383584,B,1.1,1.1,73.3903096688717,59.283573027738775,72.96453893846628,41.04586496373518,91.34998719871257,83.09683984397081,A,B,B,D,S,A,66.44949039580517,A,62.80280419240647,47.29156853509184,77.3,5.812741661071777,BL-A,1.2,66.44949039580517,81.30289792387542,49.0
403094,285023_43946,Jean Philippe Mateta,France,FW,0,1,0,1,0,0,0.15,0.0,0,0,0,13,2,1,0,0,0,0,0,2,100,0,0,0,0,0,0,,,,7,6,1,0,4,3,1,0,3,6,3.04,22,14,2380.43,,,,,,,Round of 16,0.0,18.0,567.0,0.0,False,,,None,1.0,1.0,2.38043,3.04,18.0,0.018843061421923903,0.014418374934184686,0.04079713517091686,0.3274725727115407,0.0572920612464164,0.26156000158383924,0.06255591241286479,0.23344035607727587,6.460515255827256,0.2586915841366152,0.06812491437157103,14.683978183765944,0.5709371323144878,5.585159693156309,0.91386559265389,0.3140459378521941,0.14593836639732966,2.9568196317411504,2.245650452844555,0.29649976729736616,8.321568907649594,20.69709660552431,1.8692020139362209,2.38043,845.0,29.097288345793643,None,1.0,1.0,24.43516207340692,15.851537856287592,28.60082742699941,15.517633354582895,48.463839982950866,14.32608684623914,845.0,29.097288345793643,None,1.0,1.0,35.30449061849802,39.1340644328919,11.063106126763804,38.63525829439005,13.939748607098009,9.209113008084122,C,C,F,D,E,F,30.3383777745027,D,33.397986515193494,29.096809085992426,,,None,1.0,25.281981478752254,38.02688148788927,249.0
389867,285023_43946,Kylian Mbappe,France,FW,17,26,27,17,9,0,3.87,1.81,4,0,15,102,10,5,6,0,0,0,2,153,88,6,17,19,84,9,89,,,,271,124,89,58,182,89,19,104,119,411,5.33,336,160,42709.27,1.0,341.0,3.0,8.85826301574707,4.696123600006104,7.499510765075684,Round of 16,7.0,482.0,1.0,2.0,True,52.5,7.894254040718079,B,1.1,1.1,42.70927,5.33,482.0,1.0998022512218169,0.32305647617420286,0.6145431299196691,4.182069019101958,2.682213997144554,2.7273086323910567,0.6790581238838674,1.1549891403730743,29.639384449933175,3.187959648507482,1.4569219477392457,76.91315645203888,2.8750997774600915,19.206080936858154,2.1287649299836735,0.9247754371956383,1.0694956748726796,20.809154224748383,20.423278312895246,3.0704154505178374,30.685296748620743,68.73015722801024,8.056478192931,42.70927,3.0,97.53063202734042,B,1.1,1.1,94.4766778827267,96.03654025466672,92.01521701840456,83.37630585131485,86.57888148045423,81.14718759165793,3.0,97.53063202734042,B,1.1,1.1,99.53349070246969,100.0,100.0,90.78048677338184,73.90366116820893,73.82554129685116,S+,S+,S+,S,A,A,97.08351020895816,S+,53.13452128150678,51.7228177641654,35.6,8.034423398971558,BL-A,1.2,97.08351020895816,107.25151384083044,1.0
485655,285023_43946,Michael Olise,France,FW,5,14,0,7,7,0,1.61,0.0,17,0,26,154,14,3,9,1,0,0,0,275,88,15,20,21,81,1,100,,,,231,39,132,60,157,74,5,77,159,623,7.24,632,241,52521.25,72.0,228.0,1.0,5.590426445007324,5.321447372436523,8.186074256896973,Round of 16,0.0,437.0,163.0,5.0,True,77.64999999999999,6.198991537094115,B,1.1,1.1,52.52125,7.24,437.0,0.019026945315098,0.8128434290077492,0.2742942924344672,2.406207589637761,0.8561355070121421,1.2220537079667109,2.77733316509962,2.6305714800213824,50.1098870005795,3.614010346659966,0.2284465952488041,113.33556352237675,4.727587356680438,28.151282276477968,2.838666176678086,0.6364243595314842,1.5842743648924347,27.892146065789753,7.536241800991067,0.9380207008176046,44.64488611307976,118.28976410872501,9.892769380867364,52.52125,1.0,100.0,B,1.1,1.1,75.50633987472956,99.20627773242761,98.08512012666316,92.8693031435657,86.08760958537488,96.14629163421371,1.0,100.0,B,1.1,1.1,41.25714925498465,54.54028004401778,92.11385083566573,100.0,99.78054935810688,96.11811483596207,C,B,S,S+,S+,S+,56.64649970447561,A,33.88214904679376,45.31485063399956,66.3,6.342222881317139,BL-A,1.2,56.64649970447561,69.71578719723183,77.0
398680,285023_43946,Ousmane Dembele,France,FW,5,12,33,8,4,0,1.14,3.52,13,0,18,150,6,0,2,0,0,0,2,200,82,26,8,19,63,3,100,,,,122,37,54,31,42,80,10,111,101,499,6.18,477,147,40236.93,7.0,328.0,21.0,7.075489044189453,4.82135820388794,6.872978687286377,Round of 16,4.0,391.0,5.0,2.0,True,58.64999999999999,6.686741828918457,B,1.1,1.1,40.23693,6.18,391.0,0.6815707521509832,0.3460144720843338,0.20650171156726277,2.1627860426678747,0.8872698174392702,1.4319580044488667,2.2164820728289016,4.546327753788429,39.522465637151576,3.4145118768944185,0.5676802427431314,96.93972808524043,3.5758075345473164,28.513182783604,1.6181936558905017,0.16317972888661764,0.4836474723781346,19.309622540523584,7.479379596940472,1.7994476952565372,30.71492758737592,96.94474163072677,8.219930788559074,40.23693,8.0,95.1548734036303,B,1.1,1.1,92.20335349351777,99.76327870225153,88.57242614021449,81.5525399475461,73.05989767287676,85.26762399990307,8.0,95.1548734036303,B,1.1,1.1,92.49853049571276,94.23215573179525,77.74460972028363,95.53826309445775,86.28433488167953,82.5692049673055,S,S+,A,S+,A,A,91.87952586938314,S+,50.6104101752056,40.42827132886087,43.300000000000004,6.789322853088378,BL-A,1.2,91.87952586938314,103.01656574394462,5.0
448332,285023_43946,Mike Maignan,France,GK,0,0,0,0,0,0,0.0,0.0,0,0,0,0,0,0,2,0,0,0,0,148,77,0,0,3,33,1,100,10.0,59.0,47.0,27,0,0,27,17,10,0,0,5,279,3.1,61,5,26002.36,,,,,,,Round of 16,0.0,502.0,1284.0,0.0,False,,,None,1.0,1.0,26.00236,3.1,502.0,,,,,,,,,,,,,,,,,,,,,,,,,,,,,,,,,,,,,,,,,,,,,,,,,,,,,,,,,,,,,,,
402047,285023_43946,Adrien Rabiot,France,MF,1,6,0,2,4,1,0.77,0.0,0,0,7,68,18,7,2,0,0,0,0,244,92,1,0,10,80,1,100,,,,130,38,31,61,90,40,6,20,73,532,5.32,519,158,44604.05,228.0,48.0,90.0,4.641147136688232,6.401098251342773,6.144330024719238,Round of 16,0.0,402.0,250.0,1.0,True,166.49999999999997,5.280935525894165,C,1.0,1.0,44.60405,5.32,402.0,0.019547305049451007,0.1789805064770785,0.14401631316012364,1.1598278699705835,0.22345656088109256,0.43535884428356225,0.06489388720870375,0.40618825059438146,46.39559975987011,1.908592533917449,0.23469428281235585,101.50901267180276,1.7404382271600665,14.815179483082856,3.572392663061773,1.309922682751105,0.4794392042533768,14.548956267753491,7.578323976009791,1.1276974819135912,32.25192955940103,102.99019190567536,8.86471754155704,44.60405,40.0,90.32879479212161,C,1.0,1.0,60.75386882569755,69.78232015013731,88.45267954193172,65.9934105885683,84.24347858996514,81.18285211908865,40.0,90.32879479212161,C,1.0,1.0,,,,,,,,,,,,,,,,,,,,,,,
405893,285023_43946,Aurelien Tchouameni,France,MF,0,2,0,0,2,0,0.06,0.0,0,0,7,47,14,4,2,1,0,0,0,195,96,1,0,1,100,2,100,,,,128,1,25,102,98,30,1,7,48,411,3.97,462,114,33560.45,,,,,,,Round of 16,0.0,304.0,236.0,1.0,False,,,None,1.0,1.0,33.560449999999996,3.97,304.0,0.02122655604452812,0.1943561908919223,0.029927381523411907,0.5470092086422284,0.06453904287222922,0.11653121456024346,0.07046872856887879,0.4410826783568625,41.65372170716879,0.4695279822060075,0.432970180824055,88.67755584366593,1.8899541127225563,12.347513432344167,3.1668302868958667,0.8881122299051475,0.5206264041658311,11.345963736937899,1.6391370015016662,0.33400458592171256,27.18558079475502,101.68527532522663,7.659239268387891,33.560449999999996,198.0,76.6025209601148,None,1.0,1.0,45.21631744222198,55.41477682482437,73.15048884408482,57.35958335081614,80.84498305648746,70.67301659697736,198.0,76.6025209601148,None,1.0,1.0,,,,,,,,,,,,,,,,,,,,,,,
485666,285023_43946,Maghnes Akliouche,France,MF,0,0,0,0,0,0,0.0,0.0,0,0,0,8,2,0,0,0,0,0,0,7,71,2,0,0,0,0,0,,,,11,3,5,3,7,4,0,2,4,20,1.66,24,5,1369.75,,,,,,,Round of 16,0.0,10.0,525.0,0.0,False,,,None,1.0,1.0,1.36975,1.66,10.0,0.015168371847705253,0.011606567932049767,0.013749177218553559,0.1363311153923306,0.046119219666504625,0.08327251913153166,0.05035653811788788,0.4424743029841533,5.8370105644814005,0.208242708241168,0.05483949821862667,13.60228351223894,0.45959552594423525,3.8595707230042824,0.735647611490003,0.12552288282068638,0.11747811880429208,2.507473110374057,1.4258760820141647,0.1113984879827422,5.553220766980933,16.915399822086865,1.3760400333729923,1.36975,939.0,4.87990431445181,None,1.0,1.0,1.5099723982985316,7.293372909245507,5.918845274322883,2.9720047639955163,7.08933931297496,2.4052727646739407,939.0,4.87990431445181,None,1.0,1.0,,,,,,,,,,,,,,,,,,,,,,,
485677,285023_43946,Manu Kone,France,MF,2,5,0,1,4,0,0.16,0.0,0,0,18,51,14,4,4,1,0,0,0,198,93,0,0,2,100,0,0,,,,57,2,11,44,41,16,1,5,66,438,3.79,386,82,31433.26,,,,,,,Round of 16,0.0,299.0,1107.0,0.0,False,,,None,1.0,1.0,31.433259999999997,3.79,299.0,0.021321853721513098,0.016315102645206372,0.04795310798956621,1.0862060136753007,0.42265611413470605,0.2959680472452624,0.07078510142364672,0.26414928092238893,42.377469138378856,0.6505496114010809,0.07708670191623965,93.90634695266668,3.866489415666189,13.118602846844443,3.1810479286609157,0.8920994538445545,0.8807911022756545,14.617347884548536,1.825409648444778,0.33550411608920155,21.582394688728765,88.54435825516654,7.3130424548221304,31.433259999999997,176.0,78.10266897952125,None,1.0,1.0,52.3864455249106,48.982962700431514,74.26611124579613,71.36118489214807,82.95447955465632,60.24560613445643,176.0,78.10266897952125,None,1.0,1.0,,,,,,,,,,,,,,,,,,,,,,,
431861,285023_43946,Rayan Cherki,France,MF,0,0,0,0,0,0,0.0,0.0,1,0,6,63,9,2,1,0,0,0,0,57,88,2,0,5,60,1,100,,,,32,4,20,8,23,9,2,15,28,125,7.52,179,62,11740.08,,,,,,,Round of 16,0.0,94.0,784.0,0.0,False,,,None,1.0,1.0,11.74008,7.52,94.0,0.025274645358818883,0.01933970839197072,0.022909879957028177,0.22716482873108473,0.07684720107074082,0.13875473322493279,0.2959896322466376,0.7372828936816268,20.330147045238252,1.407398673138441,0.30345946670491203,44.93371475550569,2.0383029380142856,18.095602346620147,2.71036292096024,0.6333191702623556,0.40783249612189687,9.268099893929511,2.5879804276438536,0.6097840753938197,21.341849145087007,61.058365466035326,4.492217391038438,11.74008,337.0,69.83146604558851,None,1.0,1.0,51.733187340027655,69.14207619681665,60.700651207891035,60.14660632426949,59.777002125088366,47.42541914118771,337.0,69.83146604558851,None,1.0,1.0,,,,,,,,,,,,,,,,,,,,,,,
379955,285023_43948,Antonio Ruediger,Germany,DF,0,1,0,0,1,0,0.04,0.0,0,0,5,14,4,1,0,0,0,0,0,246,93,1,0,4,25,0,0,,,,11,0,1,10,5,6,0,2,19,514,5.87,258,72,28802.14,290.0,92.0,331.0,4.505339622497559,6.062807559967041,4.97088098526001,Round of 16,0.0,300.0,1119.0,0.0,True,270.55,4.855345153808594,C,1.0,1.0,28.802139999999998,5.87,300.0,0.02130271646567816,0.016300459157948068,0.026459698766685285,0.3702187882614173,0.06477060755353967,0.11694932602210358,0.07072156883342547,0.44266527340785317,50.919581307555724,1.0074718709399713,0.07701751337591335,107.40729596848774,1.5392290719148105,6.4929644837599225,1.3906620298752264,0.35503952470692596,0.1649882453394426,6.202833559911577,1.4662651118744712,0.1564499095900412,19.775492811301902,65.58449206667048,6.836157895919367,28.802139999999998,587.0,56.94996004419849,C,1.0,1.0,34.20735368617703,40.093448093075,75.92664747955725,36.88885348035118,51.66650681683353,47.12248576649313,587.0,56.94996004419849,C,1.0,1.0,,,,,,,,,,,,,,,,,,,,,,,
430657,285023_43948,David Raum,Germany,DF,1,1,0,1,0,0,0.04,0.0,2,0,18,29,8,2,0,0,0,0,0,52,85,14,21,4,50,1,0,,,,54,27,14,13,18,36,4,13,15,134,3.53,198,85,13697.63,,,,,,,Round of 16,0.0,123.0,860.0,0.0,False,,,None,1.0,1.0,13.697629999999998,3.53,123.0,0.02497536931857842,0.01911070769721182,0.031021430990785203,0.43404562889445225,0.2855079061050122,0.3466823937071982,0.5020554807311965,3.2434005522690232,19.041565358993026,1.18116307351434,0.29986621559180626,46.2877923262779,4.529015271557013,10.755930974384086,2.4686989750576047,0.6258200639131399,0.19343271864955666,6.433938258061313,7.377461198083658,1.0217049463264931,25.909266124353273,64.31721820427859,4.849270254061083,13.697629999999998,324.0,70.33245060651238,None,1.0,1.0,56.20663921665485,73.30000752263442,57.22051801848765,61.445578654427756,52.46309108896805,50.32420582757658,324.0,70.33245060651238,None,1.0,1.0,,,,,,,,,,,,,,,,,,,,,,,
401378,285023_43948,Jonathan Tah,Germany,DF,1,1,0,1,0,1,0.03,0.0,0,0,5,27,9,5,1,0,0,0,0,375,97,1,0,3,100,1,100,,,,52,2,1,49,37,15,0,4,59,794,6.1,392,119,42610.17,,,,,,,Round of 16,0.0,419.0,1261.0,0.0,False,,,None,1.0,1.0,42.61017,6.1,419.0,0.019289820921577563,0.014760227344850848,0.02234089267770789,0.3352367825423637,0.220513110745613,0.2677614575373313,0.06403908160199838,0.4008377929639231,66.9884717919753,0.7504130820698564,0.23160280536449562,142.5799225677867,1.3937871821352017,7.9836585875919654,2.0685716707619175,0.9689425432146269,0.3112611751621034,12.09123461656151,1.6514429602099736,0.14166694393417692,25.5144508918682,81.07700726726215,8.425213528392522,42.61017,312.0,71.03724435695665,None,1.0,1.0,38.37872948831905,40.631021029068236,79.90656053691471,44.90089938441122,83.82951159208709,67.86013119092628,312.0,71.03724435695665,None,1.0,1.0,,,,,,,,,,,,,,,,,,,,,,,
386413,285023_43948,Joshua Kimmich,Germany,DF,1,5,0,1,4,0,0.15,0.0,15,0,26,55,9,0,7,0,0,0,0,368,91,25,20,9,56,2,100,,,,100,6,21,73,45,55,1,10,73,778,6.79,518,157,44638.55,159.0,28.0,77.0,4.856651782989502,6.664299488067627,6.231894016265869,Round of 16,0.0,392.0,176.0,2.0,True,118.85,5.471609497070312,B,1.1,1.1,44.63855,6.79,392.0,0.01970311816732292,0.34573787352555063,0.04265924507498361,1.0037422506049567,0.22523775083908099,0.2734984248926452,2.5453716502069113,4.377362791222046,67.26642946929861,1.7584753770353578,0.4018957487878799,142.98950107177956,4.895594683877228,12.783973362807037,2.1128921949196324,0.16304928556278564,1.3099143483775026,14.664927151316515,2.348149021231651,0.31003295169683104,32.343681546967154,103.64580418913042,8.941082816823783,44.63855,50.0,89.02870475297479,B,1.1,1.1,60.77076493715594,91.33361454038021,95.51746573246882,77.01812290511528,74.01552848906034,89.87584293966334,50.0,89.02870475297479,B,1.1,1.1,,,,,,,,,,,,,,,,,,,,,,,
514188,285023_43948,Malick Thiaw,Germany,DF,0,0,0,0,0,0,0.0,0.0,0,0,3,7,3,1,1,0,0,0,0,38,87,0,0,0,0,0,0,,,,1,0,0,1,0,1,0,2,12,80,3.0,69,20,5108.07,,,,,,,Round of 16,0.0,50.0,678.0,0.0,False,,,None,1.0,1.0,5.10807,3.0,50.0,0.024226793256759308,0.01853791062966603,0.021960067782412312,0.21774688676115656,0.07366122160253537,0.13300215245411184,0.08042903024511186,0.30013760067078327,15.624790771024724,0.33260346531850526,0.08758917562059133,33.92280710535722,1.3439298617225293,5.961183936564595,1.37825932585154,0.40377334866710674,0.390924320664534,5.631228744193185,1.6675291990209105,0.17792470837150356,11.918895693043,36.16514885175429,2.9577596988668207,5.10807,808.0,38.399284240858464,None,1.0,1.0,33.17116021428897,33.41285805986645,34.298836225658604,27.91647859136319,40.94302638078367,23.26076501809554,808.0,38.399284240858464,None,1.0,1.0,,,,,,,,,,,,,,,,,,,,,,,
511015,285023_43948,Nathaniel Brown,Germany,DF,2,3,33,3,0,0,0.21,4.87,11,0,3,64,21,4,1,0,0,0,0,131,88,19,32,6,67,0,0,,,,152,60,55,37,62,90,8,41,65,304,4.93,354,129,34794.69,94.0,209.0,141.0,5.3863911628723145,5.383767604827881,5.875782489776611,Round of 16,1.0,319.0,69.0,1.0,True,123.0,5.508345460891723,B,1.1,1.1,34.79469,4.93,319.0,0.19671032098366473,0.19179171492354552,0.055897074552461144,0.7155554174840345,0.4152151550268233,0.6422851478988103,2.0029411912333095,3.599011897031447,29.855226435080507,1.3421519081221198,0.07572957261528396,68.70074886968915,1.1619613192162348,15.172576760044743,4.355391744814471,0.8763938356499333,0.3379930398829515,14.18424223475072,11.987575807590922,1.5599443923220886,29.463332257062874,81.36107126133052,7.775112499264643,34.79469,68.0,87.37430666482553,B,1.1,1.1,77.19305707340439,91.296289733124,83.91346429717518,68.43816472861188,80.30636048748421,77.51048566185248,68.0,87.37430666482553,B,1.1,1.1,,,,,,,,,,,,,,,,,,,,,,,
430667,285023_43948,Nico Schlotterbeck,Germany,DF,2,2,50,2,0,2,0.25,4.01,0,0,18,7,6,2,1,0,0,0,0,123,89,0,0,3,67,4,75,,,,22,0,1,21,5,17,0,6,33,272,3.07,158,40,15443.46,,,,,,,Round of 16,1.0,152.0,103.0,0.0,False,,,None,1.0,1.0,15.44346,3.07,152.0,0.22948882456748645,0.018698649699627062,0.07341347102175275,0.629738862794001,0.4844038553402859,0.5442593213099916,0.08112641668621266,0.30274004275586675,33.18968769128916,0.9506433081152198,0.9085565060928847,73.58692325801404,4.431362322571725,6.012872348542192,2.005365872759581,0.6123263636028139,0.3943139589567917,9.986147433869403,1.681988061075977,0.17946746325462165,16.123281708457792,54.72835558286064,5.102697957712527,15.44346,338.0,69.75143336352735,None,1.0,1.0,68.43866290717403,51.62051632596021,67.63363933735624,53.7550290190714,61.71156044857978,44.70547732370782,338.0,69.75143336352735,None,1.0,1.0,,,,,,,,,,,,,,,,,,,,,,,
430658,285023_43948,Waldemar Anton,Germany,DF,1,1,0,1,0,1,0.11,0.0,0,0,1,13,3,3,1,0,0,0,1,30,97,2,0,0,0,0,0,,,,15,4,3,8,2,13,0,2,7,70,3.37,98,35,7334.85,,,,,,,Round of 16,0.0,66.0,721.0,0.0,False,,,None,1.0,1.0,7.33485,3.37,66.0,0.02497964925941673,0.01911398263169944,0.04569920643217892,0.4341200097610212,0.2855568325865955,0.346741803444681,0.08292839025393407,0.7286776066556657,14.433484059330755,0.3429392333549884,0.09031103963019894,32.88090447131839,0.9664798223179836,7.404069172674355,1.4210892124027206,0.8355338714633569,0.40307242950741423,4.75818831553097,2.557774499107742,0.18345378039102003,15.433377954990078,43.367583721224655,3.5164208096067653,7.33485,610.0,55.52250250229943,None,1.0,1.0,55.408127685772,44.89516914754502,45.09186755401513,35.26508948541579,63.39887688244242,33.23832874079299,610.0,55.52250250229943,None,1.0,1.0,,,,,,,,,,,,,,,,,,,,,,,
484851,285023_43948,Deniz Undav,Germany,FW,4,6,50,5,1,0,1.43,2.1,0,0,6,53,7,3,0,0,0,0,0,31,74,2,0,4,50,0,0,,,,19,12,7,0,13,6,5,27,30,85,6.03,205,59,17404.37,,,,,,,Round of 16,3.0,174.0,9.0,2.0,False,,,None,1.0,1.0,17.40437,6.03,174.0,0.6272891914811872,0.4205538939669845,0.30930806428630625,1.422054738688233,0.8773005345653394,1.1371120583727312,0.07956582369362912,0.6991313083869957,14.049345021851792,1.1334636742619015,0.0866491226322083,34.56426709594327,1.9328285142044082,15.148149047060809,2.1678970074729276,0.8016547831610062,0.18562124478769815,9.190725920044947,4.06292205227363,1.1815524818503924,19.63416721839993,63.12762155001764,5.39889326509239,17.40437,296.0,71.88923485678887,None,1.0,1.0,83.70155757131008,71.86443801277895,50.39392937830678,53.00111868013418,50.660885404935165,47.47026561814469,296.0,71.88923485678887,None,1.0,1.0,95.85739743793094,97.07813152202785,59.05975814196521,69.06388107673763,48.52053692257049,51.721408785120694,S,S+,B,A,C,C,80.79362760708612,S,56.72491909385112,59.051866534522624,,,None,1.0,67.3280230059051,93.70817474048442,20.0
411367,285023_43948,Kai Havertz,Germany,FW,7,12,25,11,1,7,2.0,1.5,0,0,19,99,14,3,4,1,0,0,1,117,86,3,67,2,0,0,0,,,,204,95,88,21,127,77,8,80,78,290,6.93,577,202,44897.03,44.0,147.0,273.0,5.918576240539551,5.732943534851074,5.265091896057129,Round of 16,3.0,392.0,18.0,0.0,True,116.7,5.727360248565673,B,1.1,1.1,44.89703,6.93,392.0,0.5156952159032763,0.01507647503491511,0.3485210386788215,2.161057145322181,1.2172219463109877,1.9268054173458227,0.06541116152714492,0.7400874078250551,25.768423958723858,0.6011604823181336,0.07123435029724441,62.30811984006451,3.738279789160004,20.05852412960102,2.939545691146221,0.659041383298739,0.8139222506415492,15.491580647543104,17.062581254064934,1.4673478464140555,39.78356301300645,113.40031544460416,8.983817495964713,44.89703,43.0,89.858963274935,B,1.1,1.1,92.89699590180646,65.85795074689239,76.47257107618597,84.37145488234336,76.52426565885183,94.51966950968634,43.0,89.858963274935,B,1.1,1.1,95.18562404948732,75.86612529882747,90.42534405140027,51.09760137587843,98.11638199041732,83.17221625492304,S,A,S,C,S+,A,84.16420109197105,S,78.19099765341677,44.94067538789169,122.99999999999999,5.703967666625976,BL-B,1.05,73.64367595547468,95.56617647058822,15.0
484850,285023_43948,Maximilian Beier,Germany,FW,0,0,0,0,0,0,0.0,0.0,0,0,1,9,1,1,1,0,0,0,0,13,46,0,0,1,0,0,0,,,,12,4,8,0,1,11,0,7,7,26,1.62,46,16,3573.92,,,,,,,Round of 16,0.0,33.0,628.0,0.0,False,,,None,1.0,1.0,3.57392,1.62,33.0,0.022402207997944994,0.017141770492354668,0.020306195743562364,0.2013477803863882,0.06811359597755745,0.12298540099276684,0.0743717026652425,0.2775334270190756,9.748570227601286,0.4955332130266083,0.08099259814641652,21.217122125133862,0.8667568459642151,5.888189094403991,0.8985008653945014,0.3733640868191917,0.3614827538324274,4.267230625655521,2.293859122911846,0.16452471784725595,10.269335401215054,29.117936469737035,2.4466148210153924,3.57392,892.0,21.668770982126922,None,1.0,1.0,21.813015965261503,26.432578215425735,16.64187795299712,15.701769106799574,15.583481053302483,13.670829553692126,892.0,21.668770982126922,None,1.0,1.0,41.53705483350283,44.63628429400828,25.693606171516482,45.845932629887294,24.006104717856296,25.846948197561577,C,C,E,C,E,E,36.702921989531376,C,44.68716861081654,77.04452723079652,,,None,1.0,30.58576832460948,48.36286764705882,200.0
498416,285023_43948,Nick Woltemade,Germany,FW,0,2,0,2,0,0,0.09,0.0,0,0,0,6,1,0,0,0,0,0,0,1,100,0,0,0,0,0,0,,,,12,5,7,0,11,1,0,3,3,7,1.4,37,13,4199.08,,,,,,,Round of 16,0.0,44.0,660.0,0.0,False,,,None,1.0,1.0,4.19908,1.4,44.0,0.023744362098818358,0.018168762901524974,0.039454478016378226,0.6118931725967554,0.07219439650288495,0.5288359707612127,0.07882743692725121,0.2941609231675472,7.94172968699166,0.3259802910003767,0.08584500143418944,18.702693816380265,0.7194445584921318,5.643236983417785,0.9523315691018376,0.19649180619427012,0.18389864249003848,3.725923002897493,2.6305292488747587,0.17438167144638256,10.286865161781513,29.06927082047894,2.717753244801259,4.19908,803.0,39.59975544899923,None,1.0,1.0,42.89540779902475,29.120997505615136,34.65422631735092,22.44441889901265,47.53923105954666,21.86749237132655,803.0,39.59975544899923,None,1.0,1.0,57.333059647878784,62.50901225666908,33.29425738358858,66.48410902708758,32.416883069382976,32.324137411197164,B,B,D,A,D,D,51.3066307769256,B,38.93340010015022,29.685521317011393,,,None,1.0,42.755525647438006,58.36552768166091,119.0
228912,285023_43948,Manuel Neuer,Germany,GK,0,0,0,0,0,0,0.0,0.0,0,0,0,0,0,0,2,0,0,0,0,129,91,0,0,1,0,0,0,7.0,61.0,45.0,28,0,0,28,19,9,0,0,5,256,3.47,82,19,25681.69,,,,,,,Round of 16,0.0,442.0,1272.0,0.0,False,,,None,1.0,1.0,25.68169,3.47,442.0,,,,,,,,,,,,,,,,,,,,,,,,,,,,,,,,,,,,,,,,,,,,,,,,,,,,,,,,,,,,,,,
484849,285023_43948,Aleksandar Pavlovic,Germany,MF,1,4,0,1,3,0,0.37,0.0,0,0,27,76,20,13,4,1,0,0,0,260,92,1,0,1,0,1,100,,,,158,4,54,100,119,39,0,20,67,548,7.64,597,165,38018.1,,,,,,,Round of 16,0.0,300.0,1112.0,0.0,False,,,None,1.0,1.0,38.0181,7.64,300.0,0.02130271646567816,0.016300459157948068,0.08544821434738287,0.9064780208132134,0.24352368507080507,0.29570240353936905,0.07072156883342547,0.44266527340785317,53.42212439279744,0.4712126383881749,0.2557705908931787,113.48490060407475,5.471796777294649,17.575655289830376,4.250711270151473,2.500076454914111,0.8800005554085041,14.782981280740318,2.1812774219435327,0.1564499095900412,36.399529020407584,126.18178534502346,8.483539108195385,38.0181,73.0,86.9115213514447,None,1.0,1.0,55.60366593773827,51.706770837151424,75.58701676766826,80.69185824744719,85.64154677441546,83.99107270688758,73.0,86.9115213514447,None,1.0,1.0,,,,,,,,,,,,,,,,,,,,,,,
429640,285023_43948,Angelo Stiller,Germany,MF,0,0,0,0,0,0,0.0,0.0,0,0,1,7,1,0,0,0,0,0,0,34,91,0,0,1,0,0,0,,,,28,0,13,15,25,3,0,3,10,72,1.71,85,18,5947.34,,,,,,,Round of 16,0.0,52.0,689.0,0.0,False,,,None,1.0,1.0,5.9473400000000005,1.71,52.0,0.024358598337350892,0.018638765529389954,0.022079540816799557,0.2189315316150566,0.07406197308239076,0.13372574633784537,0.0808666017677236,0.30177048952345636,14.892215869491318,0.5388082505099203,0.0880657016811917,32.47220089900488,0.9424509346993017,5.993615563848199,0.9769671671611349,0.20157479757710617,0.18865586485567712,5.253074727269918,1.6766013373817912,0.17889270195933005,11.574949523610854,39.63222843732617,3.1453941099057676,5.9473400000000005,789.0,41.49452621139517,None,1.0,1.0,34.2801157959632,38.52970937202453,43.09693257447683,25.302161169419435,42.66830201265854,24.705824125637523,789.0,41.49452621139517,None,1.0,1.0,,,,,,,,,,,,,,,,,,,,,,,
492363,285023_43948,Felix Nmecha,Germany,MF,3,8,13,3,5,0,0.49,2.04,0,0,9,74,21,3,3,0,0,0,0,131,92,2,0,4,75,1,0,,,,113,38,47,28,73,40,3,26,66,313,6.64,442,141,33325.14,56.0,42.0,86.0,5.7498650550842285,6.4479146003723145,6.163877010345459,Round of 16,1.0,299.0,65.0,1.0,True,61.4,5.958075475692748,B,1.1,1.1,33.32514,6.64,299.0,0.2002355137345011,0.19522876265819436,0.10699461579385225,1.6229469937142649,0.6015697741476941,0.6537953672712384,0.07078510142364672,0.621976600948365,30.390253917508655,1.008376931427057,0.25600036192922765,71.54213945104317,2.256266475549297,17.23361702714317,4.433443548751832,0.7131857938315663,0.7018774422626667,14.617347884548536,8.266301408912348,0.6933314361151777,32.138300629495056,98.56352321589388,7.6515256299275025,33.32514,41.0,90.08879452886421,B,1.1,1.1,81.68439709999554,77.14026127799514,86.02243938912106,78.51534803572495,86.5530779764613,83.29496808553708,41.0,90.08879452886421,B,1.1,1.1,,,,,,,,,,,,,,,,,,,,,,,
430669,285023_43948,Florian Wirtz,Germany,MF,1,10,0,5,5,0,0.97,0.0,5,0,17,123,18,1,3,0,0,0,1,271,82,12,42,15,67,2,100,,,,218,71,100,47,96,122,4,117,99,599,6.85,653,229,46415.88,103.0,199.0,2.0,5.301777362823486,5.41827917098999,7.539622783660889,Round of 16,0.0,405.0,168.0,3.0,True,92.14999999999999,5.878713989257813,B,1.1,1.1,46.415879999999994,6.85,405.0,0.01950119744194819,0.5058310598019177,0.17640388444904512,1.8116375566920775,0.22292947812584987,0.9252410235716227,0.8829226356004316,2.2052301457107015,50.704345003640576,2.7222724202363304,0.39777705648592454,112.23321256568389,3.3726965690875756,23.780233874009806,3.5639662084513963,0.3250146938847122,0.6419446808137342,18.76918407270622,12.960448448588949,0.7977647750300457,43.79403647592397,124.67453440123515,9.14028897960401,46.415879999999994,14.0,94.10868116101557,B,1.1,1.1,69.22682041315483,98.67224587476136,91.40999330309678,87.14603446891147,73.45689738975484,95.75631282833334,14.0,94.10868116101557,B,1.1,1.1,,,,,,,,,,,,,,,,,,,,,,,
429642,285023_43948,Jamal Musiala,Germany,MF,1,6,17,4,2,0,0.34,2.92,0,0,13,107,19,5,11,1,0,0,0,104,83,8,0,9,67,0,0,,,,180,32,113,35,121,59,6,65,131,288,6.61,412,140,33546.51,87.0,218.0,121.0,5.469120025634766,5.360443592071533,5.947033882141113,Round of 16,1.0,305.0,140.0,0.0,True,115.14999999999998,5.5722970247268675,B,1.1,1.1,33.546510000000005,6.61,305.0,0.19916266895747364,0.01622768771898712,0.07972808939667062,1.2583412705523156,0.24243650287477267,0.8282474434520495,0.0704058408971928,1.6863744388946151,25.42263902369155,1.892749413504972,0.0766736779526746,66.70994638184176,2.9559978161467977,23.013797624253836,4.053779425140881,1.06527471708716,2.1217572901403283,26.106108017240125,7.154280936690088,1.223481793230047,31.788151304300968,92.69677660130826,7.649923319976941,33.546510000000005,74.0,86.80943586463243,B,1.1,1.1,78.10787537688417,71.17868597571052,79.34799150489864,87.1250272538718,77.88844645025488,81.62139011136375,74.0,86.80943586463243,B,1.1,1.1,,,,,,,,,,,,,,,,,,,,,,,
491218,285023_43948,Jamie Leweling,Germany,MF,0,1,0,0,1,0,0.08,0.0,0,0,2,15,4,0,0,0,0,0,0,14,79,3,0,1,0,0,0,,,,11,7,4,0,2,9,2,7,8,36,1.71,55,20,4276.01,,,,,,,Round of 16,0.0,37.0,636.0,0.0,False,,,None,1.0,1.0,4.27601,1.71,37.0,0.022973973077232594,0.017579274945736682,0.036246604697374035,0.39926346895274745,0.06985203959919707,0.12612432183290442,0.07626987013494221,0.8629470745584963,10.190156915026728,0.5081805639869149,0.08305974881768707,23.686408073922355,1.0816555777722805,7.195132126864298,1.4997632853705634,0.19011660311685596,0.17793202630261515,4.568918666822688,2.9307348683608794,0.5542773294001799,11.302543669741187,31.59609587191431,2.6444056904483237,4.27601,830.0,34.20064825470634,None,1.0,1.0,37.305303586240306,40.72041002805996,25.56628280495688,24.23857716470863,23.86098148044707,19.935563557270086,830.0,34.20064825470634,None,1.0,1.0,,,,,,,,,,,,,,,,,,,,,,,
379953,285023_43948,Leon Goretzka,Germany,MF,0,2,0,2,0,1,0.19,0.0,0,0,3,20,2,0,0,0,0,0,0,30,77,1,0,1,100,1,0,,,,27,12,9,6,19,8,2,11,19,80,5.06,140,49,12494.96,,,,,,,Round of 16,0.0,122.0,858.0,0.0,False,,,None,1.0,1.0,12.494959999999999,5.06,122.0,0.02499096470326478,0.01912264100776131,0.062496028509195965,0.6440181721830809,0.07598467405729493,0.5566003847190292,0.08296595569504907,0.5193061758541571,14.44002223273379,0.5527960921164269,0.3000534612307774,34.99281419628719,1.38632064846637,8.875333699475249,1.2120314347099166,0.2068078212691223,0.1935535039568644,7.276761853622204,4.236545231773455,0.6029399063145565,18.37619023369327,52.19469215171337,4.600096569424253,12.494959999999999,695.0,50.34755431228961,None,1.0,1.0,58.54263651154903,50.73807508046957,37.65877352533386,34.7945829978452,34.88784982664417,34.327470031877624,695.0,50.34755431228961,None,1.0,1.0,,,,,,,,,,,,,,,,,,,,,,,
404353,285023_43948,Leroy Sane,Germany,MF,2,6,17,5,1,0,1.57,0.64,1,0,10,84,15,3,2,0,0,0,1,189,85,11,18,9,44,0,0,,,,148,55,73,20,36,112,2,94,122,439,6.38,477,221,38060.03,97.0,237.0,164.0,5.3518805503845215,5.285000324249268,5.775258541107178,Round of 16,1.0,360.0,152.0,0.0,True,134.75,5.447693014144897,B,1.1,1.1,38.06003,6.38,360.0,0.18993012328171174,0.015475423909399691,0.28477007144249583,1.2000085854317357,0.40090354785821564,0.9595581629325657,0.23684767830862188,2.1173163846751475,38.66910495487026,1.8050075916845003,0.0731193309581689,89.2430359324378,2.309850309440028,18.04372198618167,3.187036639288699,0.6764807262152294,0.49604874670859894,23.36856152370177,10.725860738560334,0.48794257227986576,44.0607098926852,99.43051568005059,8.061267034489282,38.06003,51.0,88.97712335258258,B,1.1,1.1,82.3607196123994,72.17922210750278,88.18300203713825,76.0708381146354,77.65638521301831,90.38384164732331,51.0,88.97712335258258,B,1.1,1.1,,,,,,,,,,,,,,,,,,,,,,,
395471,285023_43948,Nadiem Amiri,Germany,MF,1,2,0,1,1,0,0.26,0.0,0,0,1,11,0,0,0,0,0,0,0,20,85,2,50,2,50,1,100,,,,17,2,8,7,9,8,0,4,5,48,3.08,80,26,5438.68,,,,,,,Round of 16,0.0,50.0,183.0,1.0,False,,,None,1.0,1.0,5.438680000000001,3.08,50.0,0.024226793256759308,0.22182718878334753,0.07481528010236951,0.6243254430685196,0.27695049975621694,0.3362914306077933,0.08042903024511186,0.7067161569781465,11.965583764258454,0.7391820216258683,0.2908784537742728,27.417550204439408,0.937351305415166,6.774341049179322,0.7683914913904956,0.2004840705134252,0.18763504251085245,4.208203797117414,2.074107755328274,0.17792470837150356,13.138631361965087,38.40133091144479,3.02496916711721,5.438680000000001,718.0,48.8001886369723,None,1.0,1.0,54.80976329905979,64.67876008435695,35.885032229923894,27.86777053411211,33.00707546744412,27.36331577070158,718.0,48.8001886369723,None,1.0,1.0,,,,,,,,,,,,,,,,,,,,,,,
484848,285023_43948,Pascal Gross,Germany,MF,0,1,0,0,1,0,0.04,0.0,0,0,1,15,1,1,0,0,0,0,0,14,100,1,0,1,100,0,0,,,,9,4,4,1,4,5,0,6,9,34,1.99,58,15,3218.51,,,,,,,Round of 16,0.0,24.0,594.0,0.0,False,,,None,1.0,1.0,3.21851,1.99,24.0,0.020612930370261004,0.01577264712542239,0.02560292858305204,0.3582310320136939,0.0626733227047207,0.1131624841379511,0.06843159070289079,0.4283316859044601,9.142911164966936,0.45595468166379766,0.07452367133863594,20.906218153634466,0.7975284630624953,6.4556860512238075,0.8267370688503144,0.3435432759603905,0.15964589392028056,4.27233442326838,2.1106472354915753,0.15138403114029741,9.276152479255028,28.867849847382598,2.1897287483649905,3.21851,832.0,33.755490488290846,None,1.0,1.0,21.059656767464176,22.7948290079378,36.998626690748424,19.792919850449707,52.05320652742618,18.061681691259658,832.0,33.755490488290846,None,1.0,1.0,,,,,,,,,,,,,,,,,,,,,,,
448522,285023_43860,Alidu Seidu,Ghana,DF,0,0,0,0,0,0,0.0,0.0,0,0,0,16,6,1,0,1,0,0,0,27,93,1,0,0,0,0,0,,,,4,2,2,0,0,4,0,2,15,65,1.36,73,34,8378.97,,,,,,,Round of 16,0.0,92.0,780.0,0.0,False,,,None,1.0,1.0,8.378969999999999,1.36,92.0,0.02527909327696857,0.019343111859704696,0.022913911715710496,0.22720480597113454,0.07686072490284776,0.1387791517553416,0.0839224958992479,0.5252934176249753,13.970148045417579,0.34705022389554824,0.09139364492442482,32.21446880698385,0.7659462918414283,8.129183268632804,2.0744822230236526,0.4213113983156632,0.19578504226251364,6.512180992767247,2.164197418030092,0.18565293605028738,15.406266639268098,38.584472810356914,3.780051896358375,8.378969999999999,663.0,52.5582550979107,None,1.0,1.0,47.6892270971845,49.58439921982208,41.44915687091989,34.64490568531264,57.286046841920225,32.190621268160804,663.0,52.5582550979107,None,1.0,1.0,,,,,,,,,,,,,,,,,,,,,,,
520037,285023_43860,Derrick Luckassen,Ghana,DF,1,1,100,1,0,0,0.62,1.62,0,0,2,8,4,1,2,0,0,0,0,125,87,0,0,3,0,1,100,,,,4,0,0,4,1,3,1,1,12,256,2.64,147,39,18059.74,,,,,,,Round of 16,1.0,205.0,113.0,0.0,False,,,None,1.0,1.0,18.05974,2.64,205.0,0.21863013758260422,0.017813888602824707,0.1422191118549175,0.404592054055478,0.26613384052347017,0.3231571347282794,0.077287770657758,0.2884153392838287,32.009955511835535,0.9056618667027623,0.27951782032030137,66.97942941823857,1.09609139333317,5.923711756725977,1.5197791819438453,0.3880034593777154,0.5710058197546701,5.411293837265041,1.6024016938445653,0.3663251822420027,15.165029344949872,49.98993741887135,5.372343521383058,18.05974,565.0,57.93291265611544,None,1.0,1.0,69.33160668426763,42.70159728209201,59.502923085962976,36.87636631899003,42.616316958747554,37.69442263747666,565.0,57.93291265611544,None,1.0,1.0,,,,,,,,,,,,,,,,,,,,,,,
441333,285023_43860,Gideon Mensah,Ghana,DF,0,0,0,0,0,0,0.0,0.0,0,0,10,63,18,2,2,0,0,0,0,182,86,3,0,6,33,2,100,,,,61,15,23,23,4,57,2,7,35,378,5.74,365,158,39697.98,346.0,89.0,255.0,4.2083048820495605,6.075423717498779,5.365420341491699,Round of 16,0.0,414.0,1259.0,0.0,True,284.70000000000005,4.777651572227478,C,1.0,1.0,39.69798,5.74,414.0,0.019364603134924385,0.014817449362351045,0.017552797554162836,0.17404623060539323,0.05887780143452717,0.1063093192346456,0.06428734643982993,0.7273721253651881,35.887564438642926,1.2407928258105032,0.39499086443067216,75.53675399572685,2.2116415159361007,13.864256172735507,3.539002741672043,0.4852283470553603,0.47495805146558256,8.23834504706123,3.7702176710870994,0.46719653037101777,31.95048190394298,77.00408915845506,7.984673848841045,39.69798,419.0,65.89818226336708,C,1.0,1.0,33.793806773863444,45.280969544270405,69.25279651286503,59.76808970043951,49.62011977260143,71.88120452428622,419.0,65.89818226336708,C,1.0,1.0,,,,,,,,,,,,,,,,,,,,,,,
486150,285023_43860,Jerome Opoku,Ghana,DF,0,0,0,0,0,0,0.0,0.0,0,0,8,10,7,2,4,0,0,0,0,115,83,0,0,7,43,7,57,,,,16,0,2,14,9,7,0,0,14,246,4.21,230,74,29365.82,,,,,,,Round of 16,0.0,313.0,1174.0,0.0,False,,,None,1.0,1.0,29.36582,4.21,313.0,0.021057465088698157,0.016112797173133405,0.01908727068303089,0.1892614271129956,0.06402492421705391,0.1156029257501,0.06990737397867404,0.2608738589935885,27.186295717145562,1.52595861990132,1.312996887951652,58.81644974290426,2.051593869904872,5.711432454057668,1.904737232812599,0.5276472183278164,0.8698693898219544,5.24794656457906,1.4493844695261429,0.15464875170404233,19.901214173669906,59.88197452697141,6.857054913843096,29.36582,720.0,48.45459184759124,None,1.0,1.0,26.900268956954182,35.35021023487603,57.36572159675008,41.46056724492668,37.14714699329987,45.19844412194418,720.0,48.45459184759124,None,1.0,1.0,,,,,,,,,,,,,,,,,,,,,,,
494351,285023_43860,Jonas Adjetey,Ghana,DF,1,2,0,2,0,2,0.1,0.0,0,0,3,19,6,1,0,0,0,0,0,120,88,0,0,0,0,4,75,,,,33,0,0,33,18,15,0,2,11,251,4.59,260,87,26258.63,,,,,,,Round of 16,0.0,257.0,1052.0,0.0,False,,,None,1.0,1.0,26.25863,4.59,257.0,0.02216032133564426,0.01695668312727435,0.03868187264721871,0.5710723779985539,0.25332746284747015,0.4935561122738712,0.07356867811833318,0.2745367744415847,29.53988777621408,0.3042333993893509,0.8239153641852449,62.82662832899488,1.2292967241972896,7.684104880819667,1.8185459487650804,0.3693327077340613,0.1716303429760626,4.964952706825987,1.5252940203533927,0.16274827086177604,23.360854501055282,68.59669152813585,6.638404021446463,26.25863,697.0,50.31123135445243,None,1.0,1.0,42.08037055481056,32.50939563202917,50.95572930021215,34.7562281957799,40.310270151730684,50.852203843559295,697.0,50.31123135445243,None,1.0,1.0,,,,,,,,,,,,,,,,,,,,,,,
511022,285023_43860,Kojo Peprah Oppong,Ghana,DF,0,0,0,0,0,0,0.0,0.0,0,0,1,5,0,1,0,1,0,0,0,22,95,0,0,0,0,0,0,,,,3,0,0,3,2,1,0,0,0,44,2.83,63,16,5660.9,,,,,,,Round of 16,0.0,61.0,709.0,0.0,False,,,None,1.0,1.0,5.6609,2.83,61.0,0.0248100098631477,0.01898417758759075,0.022488717037490436,0.22298875261614534,0.07543448343005636,0.136203940787159,0.0823652149302879,0.3073628752276597,12.669999943804442,0.34061029735195886,0.08969772796676476,27.24484615094788,0.9599163573204749,5.688322544776994,0.7868891387364334,0.4134934680268575,0.19215201970931797,3.268593242739632,1.7076719744266153,0.18220792668724667,11.373089322958213,35.78666134429267,3.1440523248676175,5.6609,782.0,42.18356135335291,None,1.0,1.0,37.61138998405847,37.63033159132596,37.62007606403561,25.000400036062143,49.393406594952424,24.464334403738285,782.0,42.18356135335291,None,1.0,1.0,,,,,,,,,,,,,,,,,,,,,,,
520039,285023_43860,Marvin Senaya,Ghana,DF,0,2,0,1,1,0,0.1,0.0,0,0,34,89,24,6,4,0,0,0,0,91,82,8,25,4,75,1,100,,,,55,17,11,27,12,43,3,10,25,201,5.77,285,171,31108.53,208.0,52.0,244.0,4.708521366119385,6.363735198974609,5.413160800933838,Round of 16,0.0,312.0,1166.0,0.0,True,193.60000000000002,5.132963299751282,C,1.0,1.0,31.10853,5.77,312.0,0.02107609806512469,0.016127054794771525,0.03678931044849599,0.5431319004215858,0.06408157751784875,0.29255671994367016,0.06996923244292408,1.6759167080060768,22.96591583640872,0.9967543803155772,0.2530497021130922,50.9101766924644,6.651548286687554,19.68775490245903,4.912898188813139,1.235520119610443,0.8706391052538188,7.197956795067443,4.45714250061296,0.6853400989452165,37.07341966354716,69.66179446183644,7.171323349587282,31.10853,283.0,72.81461183339115,C,1.0,1.0,46.06199186588566,53.85867923149278,56.871420128904596,83.9425757040441,54.84478391378702,67.76683482588311,283.0,72.81461183339115,C,1.0,1.0,,,,,,,,,,,,,,,,,,,,,,,
441342,285023_43860,Abdul Fatawu,Ghana,FW,0,3,0,1,2,0,0.1,0.0,2,0,11,50,5,1,8,1,0,0,0,22,82,7,14,8,50,1,100,,,,45,19,23,3,4,41,3,24,38,90,6.21,211,93,16816.62,99.0,238.0,42.0,5.3341383934021,5.284966468811035,6.5536041259765625,Round of 16,0.0,163.0,921.0,0.0,True,105.6,5.631629037857055,B,1.1,1.1,16.81662,6.21,163.0,0.024205399101705105,0.018521540203329002,0.0422516511040492,0.8268838726330658,0.0735961729772491,0.335994458947798,0.48657752072787924,1.7216408603181195,12.361236732674891,1.9571878128722022,0.2906215853280026,35.923948189081194,2.96762112889593,14.68963933015138,1.7832617305818939,0.4034167851906041,1.812347408530825,10.90710963133586,5.525142038517305,0.7870968603444332,26.735382694939517,64.97479780262503,5.333268520267547,16.81662,366.0,68.57291522615846,B,1.1,1.1,56.011944207951316,77.98281809872437,59.51215130170707,69.84293428379993,57.421809216980826,55.83792928409853,366.0,68.57291522615846,B,1.1,1.1,24.92932384142416,31.506849315068486,55.39729500245536,57.708654923769856,63.47975567828536,70.27342793072908,D,D,C,B,B,B,33.59187114485736,D,43.55315816947972,47.62987705209296,95.8,5.695060920715332,BL-B,1.05,29.39288725175019,49.693166089965395,188.0
486213,285023_43860,Brandon Thomas Asante,Ghana,FW,0,0,0,0,0,0,0.0,0.0,0,0,3,28,0,0,1,0,0,0,1,6,50,2,50,0,0,0,0,,,,34,26,8,0,23,11,2,8,8,18,3.14,102,49,7440.82,,,,,,,Round of 16,0.0,70.0,188.0,1.0,False,,,None,1.0,1.0,7.4408199999999995,3.14,70.0,0.025082337314238375,0.22966078570802229,0.022735564782529673,0.22543639205509794,0.07626249118620655,0.1376989854174382,0.08326929796629744,0.7316731045204466,9.44158074304055,0.34434901146794467,0.0906822964437849,22.071725691474455,1.3913893498470906,10.591529747955116,0.7955264393511878,0.20756395736964872,0.4047294072859452,4.9882168302937435,7.198590190016675,0.6051443907814142,18.443377735309827,44.38773506976321,3.5531796714843176,7.4408199999999995,772.0,43.80944092187535,None,1.0,1.0,43.91953146089758,62.95346654614882,27.315326454808968,31.59266012436795,25.189300587431973,28.05454560634089,772.0,43.80944092187535,None,1.0,1.0,36.498754420175594,46.07824536105947,26.624945873439408,79.28781374891629,36.0850005486266,33.876043492189105,C,C,E,S,D,D,38.24660096331331,C,45.372303409881695,69.56521739130434,,,None,1.0,31.872167469427758,53.458347750865045,154.0
448525,285023_43860,Ernest Nuamah,Ghana,FW,0,0,0,0,0,0,0.0,0.0,0,0,2,58,6,2,2,0,0,0,0,29,69,0,0,2,50,1,100,,,,22,7,12,3,12,10,2,15,27,74,4.98,148,60,12051.38,,,,,,,Round of 16,0.0,109.0,192.0,1.0,False,,,None,1.0,1.0,12.05138,4.98,109.0,0.025165127741410536,0.23041883765171686,0.022810609109410542,0.22618050034790035,0.07651421430687981,0.13815349480709588,0.08354414877715238,0.31176231129034915,14.329492398257177,0.7678114805053362,0.3021445458701501,33.96970294468305,1.1848190426332446,16.96137760419731,2.065129851284595,0.6305749336726238,0.6172282464899325,9.016777341166486,3.2102552349378652,0.6071418187717151,20.827046874602765,54.24774250209,4.538487174857469,12.05138,632.0,54.27347447596852,None,1.0,1.0,45.35522374668187,60.43730471432941,40.19579766012232,46.262366029390385,40.78902180262476,38.22826420720731,632.0,54.27347447596852,None,1.0,1.0,21.27189094878661,34.08720069821273,53.365281107350825,55.551796324882105,47.148970410738464,53.26662520964065,E,D,C,B,C,C,28.538718777360067,D,30.652831820146996,54.552699740984266,,,None,1.0,23.782265647800056,47.67257785467128,208.0
411376,285023_43860,Inaki Williams,Ghana,FW,0,3,0,1,2,0,0.06,0.0,0,0,3,43,3,2,1,1,0,0,1,23,65,4,25,3,67,0,0,,,,38,26,12,0,17,21,0,23,25,67,2.75,117,64,12856.69,,,,,,,Round of 16,0.0,140.0,881.0,0.0,False,,,None,1.0,1.0,12.85669,2.75,140.0,0.024676021986652287,0.018881652451325028,0.03479079333102718,0.8429608838824885,0.07502709519018569,0.3425271618762592,0.08192039687876468,1.1339381374789397,12.808633683102343,0.9599472067422855,0.08921331025943519,31.860061161812457,1.3688498706749486,13.525836767483625,1.403815893732958,0.6183191711732321,0.39817309000000545,8.42741097451838,7.081978348999997,0.18122390236351113,21.25049062028983,46.774568539898766,4.617024320473205,12.85669,677.0,51.938845500841154,None,1.0,1.0,45.97698439059264,59.00956558361862,39.53099986246722,39.888878298184075,38.451011744834894,36.729225286179236,677.0,51.938845500841154,None,1.0,1.0,26.16090838690414,33.10059575759877,50.530137910847806,48.203675117887116,40.23627519110493,39.529274313603565,D,D,C,C,C,C,28.939000229895818,D,61.48721255104233,65.01272264631042,,,None,1.0,24.11583352491318,45.10865051903114,220.0
353235,285023_43860,Jordan Ayew,Ghana,FW,0,0,0,0,0,0,0.0,0.0,6,0,23,212,19,7,7,0,0,0,1,47,70,9,11,3,0,1,0,,,,86,51,28,7,58,28,4,37,45,124,6.47,416,167,34883.48,,,,,,,Round of 16,0.0,323.0,1184.0,0.0,False,,,None,1.0,1.0,34.883480000000006,6.47,323.0,0.02087325487895575,0.015971842802115933,0.0189202956876494,0.18760577259628242,0.06346483568459824,0.11459163407232383,1.1201923780303067,1.8349365687802335,15.03830971710845,0.8120118683437652,0.2506142699151059,36.93369492971579,4.660887955234613,41.04165289842001,3.989867740494288,1.398778499625309,1.3877080689000325,10.631669837294188,10.369325981236576,0.8538935894693135,36.01601537756375,91.93592153665195,7.763484536890323,34.883480000000006,302.0,71.74216100550464,None,1.0,1.0,38.94381193741075,52.13357010262034,49.91093203395765,87.49850210216954,52.233676366453594,77.14311951272009,302.0,71.74216100550464,None,1.0,1.0,3.829668125285736,3.8788752703677,71.35828033566935,37.620266012560535,92.26436487326728,100.0,G,G,B,D,S,S+,14.09577956102884,F,37.73822649236101,63.61811287084541,,,None,1.0,11.746482967524033,34.78334775086505,259.0
448523,285023_43860,Kamaldeen Sulemana,Ghana,FW,0,1,0,0,1,0,0.01,0.0,0,0,3,62,8,2,1,0,0,0,1,31,87,4,75,4,75,3,100,,,,64,19,34,11,21,43,1,12,19,85,3.32,172,75,14795.98,,,,,,,Round of 16,0.0,136.0,878.0,0.0,False,,,None,1.0,1.0,14.79598,3.32,136.0,0.02475141214064928,0.01893933965418103,0.02451251591982617,0.4301534888864417,0.07525631788513203,0.135882246407775,0.08217067998110286,1.1374025439725732,14.509297838477872,1.1705714404039698,0.7125600868410078,35.695845257107955,1.3730319792257017,17.513297565552882,2.4465618507349154,0.6202082591939535,0.3993895879666874,7.20700996647916,5.649775372690943,0.3894689814811639,23.600020539450654,58.34050137118807,5.033904110846338,14.79598,468.0,62.52288717124179,None,1.0,1.0,45.53920538868897,66.56066120545839,53.141787142356876,49.757412018893646,52.33295764185206,45.26421409661629,468.0,62.52288717124179,None,1.0,1.0,18.491495535506022,23.462224414677653,49.39317775525361,58.6919286967922,53.586189239603534,55.113347277969346,E,E,C,B,C,C,24.316452307961196,E,41.0659242318783,51.118748684856556,,,None,1.0,20.26371025663433,44.11500865051902,229.0
514401,285023_43860,Prince Adu,Ghana,FW,0,1,0,1,0,0,0.25,0.0,0,0,0,25,4,4,0,0,0,0,0,5,80,0,0,0,0,0,0,,,,17,10,7,0,12,5,1,8,9,17,4.51,70,31,6266.52,,,,,,,Round of 16,0.0,62.0,712.0,0.0,False,,,None,1.0,1.0,6.266520000000001,4.51,62.0,0.02484798770643279,0.019013237556744122,0.07464858622543072,0.43183187056126876,0.07554995452441711,0.34491421315901,0.08249129521973639,0.3078333699663333,9.14486426909136,0.3411316854757635,0.08983503247710317,21.657003089224258,0.7528839675908622,9.867065498826102,1.6221007812696553,1.039631757705907,0.19244615579921426,5.150112639021064,3.795303774091457,0.39098861951344804,14.518025322455351,37.30095411211661,3.2751379200837842,6.266520000000001,760.0,44.82708293876196,None,1.0,1.0,56.16759017659905,39.993865307711154,30.076809347648002,29.896988294531653,40.52204406564462,26.92205825141933,760.0,44.82708293876196,None,1.0,1.0,54.88855092882001,59.017948620650415,40.10880950595453,50.889175530227746,35.448045060531804,36.21308911376185,B,B,C,C,D,D,48.56401196061002,B,42.723501179533066,55.510829978915076,,,None,1.0,40.47000996717502,59.405795847750866,112.0
494349,285023_43860,Benjamin Asare,Ghana,GK,0,0,0,0,0,0,0.0,0.0,0,0,0,0,0,0,1,0,0,0,0,59,69,0,0,4,25,0,0,8.0,55.0,47.0,10,1,0,9,7,3,0,0,0,87,1.85,8,2,10835.06,,,,,,,Round of 16,0.0,259.0,1056.0,0.0,False,,,None,1.0,1.0,10.83506,1.85,259.0,,,,,,,,,,,,,,,,,,,,,,,,,,,,,,,,,,,,,,,,,,,,,,,,,,,,,,,,,,,,,,,
386473,285023_43860,Lawrence Ati Zigi,Ghana,GK,0,0,0,0,0,0,0.0,0.0,0,0,0,0,0,0,1,0,0,0,0,52,75,0,0,2,0,0,0,8.0,31.0,30.0,2,0,0,2,1,1,0,0,0,87,1.36,7,1,7025.37,,,,,,,Round of 16,0.0,155.0,909.0,0.0,False,,,None,1.0,1.0,7.02537,1.36,155.0,,,,,,,,,,,,,,,,,,,,,,,,,,,,,,,,,,,,,,,,,,,,,,,,,,,,,,,,,,,,,,,
448531,285023_43860,Antoine Semenyo,Ghana,MF,0,6,0,3,3,1,0.26,0.0,0,0,26,123,20,6,4,0,0,0,4,68,76,5,0,5,60,0,0,,,,92,45,33,14,54,38,3,44,50,176,5.78,285,167,39933.84,,,,,,,Round of 16,0.0,414.0,1259.0,0.0,False,,,None,1.0,1.0,39.93384,5.78,414.0,0.019364603134924385,0.014817449362351045,0.05980024645673576,1.148987359126307,0.05887780143452717,0.5937798834951025,0.06428734643982993,1.052352501538826,17.36368299674557,1.078302637723684,0.0700104882570343,42.71373600218942,4.811484525325204,23.613667457944644,3.8639831178456805,1.1351890994026361,0.7999384276392204,10.675697868363516,8.644923313691669,0.6296867184578367,33.412893596724345,64.00487411150955,8.022998784603203,39.93384,311.0,71.05877345188159,None,1.0,1.0,45.43711737857771,48.812420142357524,53.587940272764016,83.97164322228491,53.915342974825755,68.7604411135927,311.0,71.05877345188159,None,1.0,1.0,,,,,,,,,,,,,,,,,,,,,,,
506279,285023_43860,Caleb Yirenkyi,Ghana,MF,1,2,50,2,0,0,0.75,1.33,0,0,12,128,14,7,3,2,0,0,0,70,89,1,0,4,25,0,0,,,,64,29,18,17,44,20,2,20,61,165,6.84,460,136,34220.54,85.0,324.0,276.0,5.481296062469482,4.849970817565918,5.235024929046631,Round of 16,1.0,307.0,142.0,0.0,True,168.6,5.325029492378235,C,1.0,1.0,34.22054,6.84,307.0,0.19880797168942124,0.016198787139722632,0.15241773080452034,0.5455477243479497,0.24200473739534828,0.4714961259949319,0.07028045214059554,0.4399042056790496,19.337666406484868,1.0011878946770159,0.07653712653847783,44.74165003499316,2.773095225730972,26.70321206498251,3.158369236050978,1.418653780392153,0.6968735369082368,13.624945566597093,6.608625188943434,0.5107503297515085,31.02098592089531,101.05831912180545,7.756032673701609,34.22054,98.0,84.40618384569821,C,1.0,1.0,69.78332547217134,56.49638484329134,65.52832558131303,75.59050879618553,77.22339153612944,75.30051630311777,98.0,84.40618384569821,C,1.0,1.0,,,,,,,,,,,,,,,,,,,,,,,
441341,285023_43860,Elisha Owusu,Ghana,MF,0,0,0,0,0,0,0.0,0.0,0,0,5,55,10,2,0,0,0,0,0,58,86,4,25,1,0,0,0,,,,36,8,9,19,23,13,2,7,41,134,5.07,262,74,18829.07,,,,,,,Round of 16,0.0,166.0,927.0,0.0,False,,,None,1.0,1.0,18.829069999999998,5.07,166.0,0.02414087711889948,0.018472169131465592,0.021882190194940903,0.21697468503626252,0.07339999480280772,0.1325304832924198,0.08014380258096183,1.1093466058718893,19.620747106064307,0.533992292416272,0.08727855573755965,44.74119651246128,1.744300542271251,15.6633243236921,2.791350002088134,0.6049097840659621,0.18696962724070726,11.485740651449316,3.282162377455297,0.5824304248054484,22.81531817147929,75.13258653099457,5.726710815676844,18.829069999999998,510.0,60.435286972756344,None,1.0,1.0,42.19670489894185,52.63224156568184,49.39144152067044,51.74926440364007,59.078251269859216,47.16454937561412,510.0,60.435286972756344,None,1.0,1.0,,,,,,,,,,,,,,,,,,,,,,,
507253,285023_43860,Kwasi Sibo,Ghana,MF,0,0,0,0,0,0,0.0,0.0,0,0,5,114,15,7,1,0,0,0,0,93,95,0,0,1,100,2,100,,,,46,2,12,32,42,4,0,7,28,204,6.63,447,96,31122.82,,,,,,,Round of 16,0.0,282.0,1084.0,0.0,False,,,None,1.0,1.0,31.12282,6.63,282.0,0.021653124899128216,0.016568585449130497,0.019627198921723953,0.19461513067232653,0.06583601943014288,0.11887302576201562,0.07188486808617463,0.2682532882240176,23.958069362074767,0.47896361618978517,0.4416711492582501,52.8490887669587,1.5645478545536085,24.769106003033368,3.4121642933148486,1.4510398945560732,0.34939552468811913,7.940104469589713,1.8537704847852023,0.15902335452234248,24.461421234729883,101.00334173342003,7.370258083358835,31.12282,387.0,67.27837241537775,None,1.0,1.0,36.91293494505319,40.576260215309055,58.82077372330262,59.08015843540707,75.69642344814822,65.26649224272657,387.0,67.27837241537775,None,1.0,1.0,,,,,,,,,,,,,,,,,,,,,,,
369089,285023_43860,Thomas Partey,Ghana,MF,0,2,0,0,2,0,0.09,0.0,0,0,5,52,14,2,5,0,0,0,0,152,88,0,0,4,50,0,0,,,,40,0,8,32,33,7,0,8,31,324,4.54,359,77,31028.86,,,,,,,Round of 16,0.0,307.0,1145.0,0.0,False,,,None,1.0,1.0,31.02886,4.54,307.0,0.021169843510642807,0.016198787139722632,0.03517656620652656,0.5455477243479497,0.06436660921656982,0.11621986963737507,0.07028045214059554,0.2622660775002712,33.90399291714469,1.0011878946770159,0.07653712653847783,72.98611241541892,1.529628328479523,13.202714323395348,3.158369236050978,0.530463139498261,1.0521497932657937,8.29580172123374,1.4571194717588594,0.1554740733939516,20.540336358347382,83.11686817574885,7.189068612755966,31.02886,489.0,61.50936351423979,None,1.0,1.0,37.33252486865643,40.695714091782314,66.8033712204757,53.34038940648074,53.88715454509786,55.92752610190688,489.0,61.50936351423979,None,1.0,1.0,,,,,,,,,,,,,,,,,,,,,,,
397775,285023_43908,Carlens Arcus,Haiti,DF,0,0,0,0,0,0,0.0,0.0,0,0,12,34,11,5,3,1,0,0,2,61,89,2,50,1,0,0,0,,,,41,11,25,5,10,31,0,11,10,124,6.07,247,86,18006.56,,,,,,,Round of 16,0.0,171.0,937.0,0.0,False,,,None,1.0,1.0,18.00656,6.07,171.0,0.024032365176850812,0.018389137726416205,0.02178383092892764,0.21599939551663483,0.07307006578062736,0.1319347659101607,0.07978356050614438,0.7010445245839896,20.137526346990853,0.5315920258309396,0.08688624333169138,42.52350910428487,3.1480647035224423,11.35810443008472,2.9804608482445345,1.2071641892679674,0.7911026509309252,5.182720631074137,3.872382676488224,0.17649680336359255,25.132658313850545,71.77000239188222,5.5351039904712875,18.00656,480.0,61.91719003709917,None,1.0,1.0,41.21411961137021,48.769438508512195,50.810139759075234,64.57391938291961,56.58854563987544,47.75247323741322,480.0,61.91719003709917,None,1.0,1.0,,,,,,,,,,,,,,,,,,,,,,,
448363,285023_43908,Hannes Delcroix,Haiti,DF,0,0,0,0,0,0,0.0,0.0,0,0,9,21,9,1,2,0,0,0,0,151,97,1,0,2,50,1,100,,,,11,0,2,9,3,8,0,0,16,302,5.87,298,89,30006.24,,,,,,,Round of 16,0.0,306.0,1141.0,0.0,False,,,None,1.0,1.0,30.006240000000002,5.87,306.0,0.021188708877980068,0.01621322258274588,0.01920623494206865,0.19044102716241193,0.06442396909863574,0.11632343821271646,0.07034308210503504,0.4402962234296376,33.756409809057146,0.6464872382438598,0.25440176133011205,69.13963206816294,2.2421771636733445,7.702790529542155,2.272201649937689,0.35313942901656975,0.5196981219618576,5.636248032090578,1.458417974228903,0.15561262309577262,22.692197895304073,72.34535504503161,7.013656919684573,30.006240000000002,564.0,57.99116751069553,None,1.0,1.0,31.472578419074864,38.01330661708247,66.52339083931406,46.8482312278679,54.30399715061925,53.64176515834962,564.0,57.99116751069553,None,1.0,1.0,,,,,,,,,,,,,,,,,,,,,,,
431781,285023_43908,Jean Kevin Duverne,Haiti,DF,0,1,0,1,0,0,0.03,0.0,0,0,3,56,9,2,1,0,0,0,1,69,86,2,50,1,100,0,0,,,,53,5,20,28,10,43,0,6,21,154,4.12,209,82,19174.4,,,,,,,Round of 16,0.0,186.0,200.0,1.0,False,,,None,1.0,1.0,19.174400000000002,4.12,186.0,0.023702074385344368,0.21702271833965514,0.027451032450472434,0.41191710326530045,0.0720658213092859,0.3290078228242579,0.0786870485667303,0.6914096613817134,21.451855099892658,0.5242860470112044,0.08569211508547578,47.90567314950478,1.314822197623933,15.577502277088007,2.5417260124468437,0.5939144890112281,0.38245743996043935,7.2992409286066815,2.6258443865609844,0.17407110500005943,23.991700299959124,63.22594554563183,5.691299224644205,19.174400000000002,554.0,58.68875320024102,None,1.0,1.0,42.22167780518729,59.703859201112344,49.09644893882191,47.03869539463902,49.92941606449162,45.510647640508026,554.0,58.68875320024102,None,1.0,1.0,,,,,,,,,,,,,,,,,,,,,,,
489300,285023_43908,Martin Experience,Haiti,DF,0,1,0,0,1,0,0.01,0.0,0,0,26,91,26,7,6,0,0,0,0,111,84,6,0,6,33,3,100,,,,116,41,45,30,32,84,1,25,47,243,6.65,447,187,33997.02,,,,,,,Round of 16,0.0,306.0,1141.0,0.0,False,,,None,1.0,1.0,33.99702,6.65,306.0,0.021188708877980068,0.01621322258274588,0.020984199234396646,0.36823745639521144,0.06442396909863574,0.11632343821271646,0.07034308210503504,1.3292783695936352,26.644552639745164,1.3576729551750581,0.6099946197957111,58.64964274342776,5.264716460630936,20.148540575838123,5.294740946895281,1.4199180044133668,1.2308838388930556,11.147937338307361,8.748071572773684,0.33340905232857215,40.11624796011843,98.83702300071874,7.723203353538244,33.99702,163.0,78.91008914265684,None,1.0,1.0,43.2520085114211,54.95073735553711,66.77806604683498,84.6692636600643,64.56070452845799,79.60614354985935,163.0,78.91008914265684,None,1.0,1.0,,,,,,,,,,,,,,,,,,,,,,,
275917,285023_43908,Ricardo Ade,Haiti,DF,1,4,0,2,2,2,0.17,0.0,0,0,3,24,5,6,4,0,0,0,0,136,89,0,0,5,40,1,100,,,,13,1,0,12,10,3,0,2,22,293,5.64,310,95,28826.94,,,,,,,Round of 16,0.0,306.0,1141.0,0.0,False,,,None,1.0,1.0,28.82694,5.64,306.0,0.021188708877980068,0.01621322258274588,0.049431627911644564,0.90162674409361,0.24222039833143524,0.4719162966783155,0.07034308210503504,0.26249979419683805,31.089463370565156,1.1798765259422583,0.25440176133011205,67.53946420506774,1.1753985882765476,8.236179817240556,1.561015933006491,1.2421215751805676,0.8752909804274566,6.703026607487375,1.6362144034617025,0.15561262309577262,23.75897647070087,74.4789121958252,6.803981590690333,28.82694,487.0,61.57613298314563,None,1.0,1.0,42.891803957879425,41.70890254816403,65.75653478572924,42.04305036537282,61.527349436945954,54.115244210943615,487.0,61.57613298314563,None,1.0,1.0,,,,,,,,,,,,,,,,,,,,,,,
466865,285023_43908,Derrick Etienne,Haiti,FW,0,0,0,0,0,0,0.0,0.0,1,0,0,2,0,0,0,0,0,0,0,8,50,2,50,2,0,0,0,,,,10,7,1,2,4,6,2,5,1,19,2.56,26,8,1841.93,,,,,,,Round of 16,0.0,14.0,551.0,0.0,False,,,None,1.0,1.0,1.84193,2.56,14.0,0.017257172698220462,0.013204881133456144,0.015642544110949716,0.15510495299615154,0.052470189054103514,0.09473978210035201,0.20209756172822874,0.5034063996972392,6.785618118874608,0.5265324084547734,0.062391316678181666,15.330615474397183,0.5228853460464856,3.5222238812547686,0.5473388296269598,0.14280834410997015,0.13365575454127832,2.41835171217459,2.2014562995253772,0.4163519981507505,6.752361381205162,19.53439287658774,1.6339060269941643,1.84193,919.0,13.908039458947435,None,1.0,1.0,7.762194771947146,31.639780346628747,11.651613347673464,6.840934466424999,7.196226971408411,6.843443670726609,919.0,13.908039458947435,None,1.0,1.0,15.095307849485431,17.39080939551475,7.969123065051055,50.297096699160505,9.576826012216086,7.605102983021464,E,E,F,C,F,F,15.530021291435888,F,34.526315789473685,82.94573643410853,,,None,1.0,12.941684409529907,26.027551903114183,271.0
394993,285023_43908,Duckens Nazon,Haiti,FW,1,1,0,0,1,0,0.12,0.0,0,0,1,6,0,0,1,1,0,0,0,3,33,0,0,0,0,0,0,,,,0,0,0,0,0,0,0,2,4,8,1.63,27,8,2597.09,,,,,,,Round of 16,0.0,31.0,621.0,0.0,False,,,None,1.0,1.0,2.59709,1.63,31.0,0.022071631835709968,0.01688881950181856,0.04223116335554738,0.38358172800797,0.2523136018271687,0.12117057801304744,0.07327424334122339,0.27343803002944334,7.752665150234794,0.30301580386596155,0.07979743817525912,17.570341451958612,0.8539666267252872,5.245685209031513,0.7000371004087121,0.18264945535300073,0.35614856617168283,3.648646267759547,1.5191895256635835,0.16209692368412099,8.636155935496594,25.16936302414353,2.2295976546261667,2.59709,893.0,21.548424905455832,None,1.0,1.0,37.915174980389295,20.503201625019685,12.395425851505642,13.587777645935073,12.043180795822392,11.833736886566216,893.0,21.548424905455832,None,1.0,1.0,51.85624049487306,52.396311615375865,22.51822819823923,43.09699519993233,21.79829826002241,24.527861005898203,B,B,E,D,E,E,42.98720581763351,B,47.03171881697386,66.78174146528578,,,None,1.0,35.82267151469459,48.97802768166089,196.0
431693,285023_43908,Frantzdy Pierrot,Haiti,FW,1,3,0,3,0,1,0.25,0.0,0,0,3,41,3,5,4,1,0,0,2,17,76,0,0,0,0,0,0,,,,28,19,8,1,22,6,1,23,25,48,5.98,210,61,17982.57,,,,,,,Round of 16,0.0,168.0,932.0,0.0,False,,,None,1.0,1.0,17.98257,5.98,168.0,0.024097606127628422,0.018439058939764257,0.07239428198763317,0.823201542444142,0.27547368689057333,0.7389087015766483,0.0800001498973899,0.29853714473904036,11.295162627317433,0.3308298881732307,0.08712211446142584,27.271348659679653,1.336763480322021,12.804375211247534,1.3709098857660285,1.2104412924108738,0.9954555237354001,8.229869078956368,5.500537135700977,0.37918119828194585,20.14575482055082,64.48324277436542,5.545279299730113,17.98257,676.0,52.039836066920664,None,1.0,1.0,57.93966932186212,38.38326413860385,36.05461858145744,40.612313356316164,46.83068215592315,39.43731430701429,676.0,52.039836066920664,None,1.0,1.0,39.3164705772586,37.33161309907791,54.54578441784012,23.230635850373222,50.806481108957236,41.225243560027884,C,C,C,F,C,C,34.51206747917679,D,54.466446644664465,52.63543191800878,,,None,1.0,28.76005623264733,48.11306228373702,204.0
510757,285023_43908,Josue Casimir,Haiti,FW,0,1,0,0,1,0,0.01,0.0,0,0,9,81,13,4,4,1,0,0,0,52,83,2,0,3,33,0,0,,,,71,39,29,3,35,36,2,20,46,121,6.05,246,113,20980.8,,,,,,,Round of 16,0.0,208.0,1000.0,0.0,False,,,None,1.0,1.0,20.9808,6.05,208.0,0.023214234657072664,0.017763118826666934,0.022990174999491842,0.4034389623034417,0.07058255152818449,0.127443328724658,0.07706749967125337,0.6771789617455057,17.698852050721566,0.9030807205379748,0.08392838683710883,40.49150868764133,2.4565171535456316,20.126703853779716,3.2685830366669695,0.9712760592714644,0.9589640562752031,12.018826949341078,9.194754213216985,0.5600739561474793,29.5364763910795,69.1319532148601,5.92603375391993,20.9808,386.0,67.41192271590387,None,1.0,1.0,44.507085505257514,51.33449667868638,53.60762970130351,70.8331249774401,61.383576467623044,55.14018274530393,386.0,67.41192271590387,None,1.0,1.0,5.373254088953992,9.763594277691345,68.7263385286768,29.96553255376287,70.26443802348123,80.28906853600168,F,F,B,E,B,A,14.590011207123412,F,47.94554455445545,51.4863698038732,,,None,1.0,12.158342672602844,38.10307093425606,248.0
485676,285023_43908,Lenny Joseph,Haiti,FW,0,2,0,2,0,0,0.33,0.0,0,0,4,43,5,6,1,0,0,0,0,20,65,0,0,3,33,1,100,,,,50,31,17,2,39,11,1,28,28,61,5.97,120,60,12922.53,,,,,,,Round of 16,0.0,134.0,876.0,0.0,False,,,None,1.0,1.0,12.92253,5.97,134.0,0.024788106167224447,0.01896741726965757,0.09110863403928089,0.6387904994964253,0.07536788555297796,0.552082306263705,0.08229249820697994,0.30709151769921783,12.242815528980616,0.9643075082575963,0.2976178447349021,30.7567810621767,1.583066809409981,13.587274236272405,1.8261909632590416,1.4531249476070571,0.3999816839679747,9.08968813914556,8.154142862578356,0.39004637016005883,20.51501801947445,47.61102733458416,4.651690583703018,12.92253,602.0,55.82625934703142,None,1.0,1.0,58.28948234794004,50.88477502533132,41.782925383553604,44.39201007258807,44.21589406083458,38.76384364399664,602.0,55.82625934703142,None,1.0,1.0,38.50474439955588,42.92869881986871,65.90570971713883,25.12317354253452,39.66936103288103,48.894793374413474,C,C,B,E,C,C,36.43566671114014,C,59.440327397411785,68.31943157244362,,,None,1.0,30.36305559261679,51.36825259515571,172.0
481027,285023_43908,Louicius Deedson,Haiti,FW,0,2,0,1,1,0,0.05,0.0,1,0,3,30,4,3,1,0,0,0,1,15,87,5,20,5,60,0,0,,,,41,21,16,4,15,26,0,14,14,54,5.91,145,67,13276.69,,,,,,,Round of 16,0.0,129.0,870.0,0.0,False,,,None,1.0,1.0,13.27669,5.91,129.0,0.024876524618029684,0.019035073493148216,0.032986070214158225,0.6410690465533706,0.07563672059975826,0.34531033322014804,0.29132726765227795,1.3518930767117912,11.242779121905482,1.3852296339934422,0.08993820438826115,29.405300960475714,1.3799723279810492,10.9221035980844,1.6239636985868735,0.8320844983369944,0.4014084069539235,6.199733508185831,6.095816106967682,0.18269641966439612,22.049383131196535,52.99938534137495,4.742210823783747,13.27669,519.0,60.091702511125554,None,1.0,1.0,47.494805508551366,66.26571692434263,48.72776776872497,43.674748393211225,52.172027024289356,41.99389922149066,519.0,60.091702511125554,None,1.0,1.0,26.81402140344657,32.03809812924525,44.94209969931033,61.620604343321126,46.89294466186314,36.00542710158855,D,D,C,A,C,D,29.74278055221421,D,40.70709550699729,56.31695977360016,,,None,1.0,24.785650460178505,46.19459342560553,216.0
485664,285023_43908,Ruben Providence,Haiti,FW,1,4,0,4,0,0,0.19,0.0,1,0,7,100,9,3,4,0,0,0,0,48,88,7,29,3,67,0,0,,,,100,31,61,8,44,56,4,27,47,144,6.09,312,115,24005.38,,,,,,,Round of 16,0.0,237.0,1031.0,0.0,False,,,None,1.0,1.0,24.005380000000002,6.09,237.0,0.022582155158996944,0.017279462854455155,0.056472210231699876,0.9609209861664838,0.2581496895017967,0.8819291559746887,0.2644580648296136,1.6061854990457092,16.458990073775514,0.8784915485496756,0.08164317634406588,43.747248082761544,2.0106529258611037,23.17898232044606,2.421629864608971,0.7553410910631618,0.9328532872441678,11.881066096389318,7.428486793994965,0.9238021400346913,29.111232197558113,79.75589329744183,6.337803654431679,24.005380000000002,258.0,73.74275939797424,None,1.0,1.0,55.69731171122552,59.192428645363734,60.113622535164225,65.1037899999585,67.1521155577837,60.52461347468932,258.0,73.74275939797424,None,1.0,1.0,27.989624833222926,25.131863544947453,72.97421519510962,51.66099257786894,75.58611608938959,75.59688695422768,D,E,B,B,A,A,30.707601532619517,D,43.52753674517442,45.32704480575897,,,None,1.0,25.589667943849598,50.236721453287196,184.0
405879,285023_43908,Wilson Isidor,Haiti,FW,2,5,20,2,3,1,0.15,6.67,0,0,7,88,1,3,2,0,0,0,1,21,86,0,0,1,100,0,0,,,,55,34,18,3,44,11,1,18,22,64,6.78,287,110,22699.6,,,,,,,Round of 16,1.0,201.0,107.0,0.0,False,,,None,1.0,1.0,22.6996,6.78,201.0,0.2194624146546041,0.017881702176978865,0.050596702064575436,1.1905050713911378,0.46324015978266625,0.5204805291851649,0.07758198828107234,0.28951327334156257,11.738116982053912,0.5169231111859351,0.08448867748170438,29.584509893146805,2.080730003262194,21.633718509740852,0.9372850306161843,0.7816669155860528,0.5731795139077955,7.392825508175714,8.275670689941984,0.36771970201611676,29.145376917039773,77.63328700551867,6.302639879815741,22.6996,420.0,65.82352322946097,None,1.0,1.0,66.51929406672025,45.46792713090241,47.79191926167224,54.373809590677844,54.04298715451746,59.08560805861763,420.0,65.82352322946097,None,1.0,1.0,66.15008537120146,56.551436269115484,49.62056978637245,34.62995073058298,76.33590578252442,62.51907965402227,A,B,C,E,A,B,53.88625142964458,B,65.18817204301077,49.92098728271503,,,None,1.0,44.905209524703814,71.0666089965398,75.0
506483,285023_43908,Yassin Fortune,Haiti,FW,0,0,0,0,0,0,0.0,0.0,0,0,0,0,0,0,1,0,0,0,0,5,100,0,0,0,0,0,0,,,,4,0,4,0,0,4,0,1,3,9,2.25,24,5,1501.22,,,,,,,Round of 16,0.0,13.0,548.0,0.0,False,,,None,1.0,1.0,1.50122,2.25,13.0,0.016790878465552557,0.012848081093074629,0.015219877650415232,0.15091396839484486,0.0510524280470849,0.09217988339793226,0.05574299733503278,0.20801655103073205,6.179587109443682,0.23051768775987333,0.060705483683151554,13.507439176430013,0.5087568195797382,3.145264634996703,0.5325495623446911,0.13894961774732562,0.2709381587542764,2.634794737937888,1.1557154849913318,0.12331438678749933,6.147228979283347,18.724779789193956,1.541753437354876,1.50122,899.0,20.70116993854145,None,1.0,1.0,8.217923082149117,9.373357245884545,26.770475837293827,10.069391057368076,42.836863424968165,9.011682413975814,899.0,20.70116993854145,None,1.0,1.0,13.798412002351204,16.024741016203095,10.516687914113547,31.741769046964542,7.784645770088878,9.61199992462359,F,F,F,E,F,F,13.30147195191599,F,20.742622157716497,10.033167495854062,,,None,1.0,11.084559959929992,22.46431660899654,274.0
295922,285023_43908,Johny Placide,Haiti,GK,0,0,0,0,0,0,0.0,0.0,0,0,0,0,0,0,0,1,0,0,0,105,64,0,0,2,0,0,0,13.0,56.0,48.0,12,0,0,12,9,3,0,0,2,187,2.51,16,4,12868.53,,,,,,,Round of 16,0.0,306.0,1141.0,0.0,False,,,None,1.0,1.0,12.86853,2.51,306.0,,,,,,,,,,,,,,,,,,,,,,,,,,,,,,,,,,,,,,,,,,,,,,,,,,,,,,,,,,,,,,,
466838,285023_43908,Danley Jean Jacques,Haiti,MF,0,0,0,0,0,0,0.0,0.0,0,0,11,78,25,5,3,1,0,0,0,116,88,2,0,1,0,3,100,,,,73,2,27,44,36,37,0,11,30,243,6.87,470,138,33149.8,,,,,,,Round of 16,0.0,288.0,1092.0,0.0,False,,,None,1.0,1.0,33.149800000000006,6.87,288.0,0.021534927339341606,0.016478142781925356,0.019520060251033165,0.19355278823213914,0.06547664142447589,0.11822413551476607,0.07149247132898832,0.6281921395361301,27.983426192899444,0.4763491053086105,0.6199617867392319,59.60796395058427,2.6402169661795387,18.12864238708976,5.20055417354003,1.0817159655838515,0.7088914461972418,8.258165111963956,1.8436513380695767,0.1581552963302254,31.917360457935484,104.60813279233828,7.696304665553118,33.149800000000006,323.0,70.37069372216797,None,1.0,1.0,38.20530060709728,44.22710693590155,57.5152718706625,72.5190410354069,62.630435149854456,76.1914965892799,323.0,70.37069372216797,None,1.0,1.0,,,,,,,,,,,,,,,,,,,,,,,
523215,285023_43908,Dominique Simon,Haiti,MF,1,1,0,0,1,0,0.01,0.0,1,0,2,26,6,1,1,0,0,0,0,30,73,1,100,2,0,0,0,,,,47,2,24,21,34,13,1,2,11,64,4.37,150,36,7878.3,,,,,,,Round of 16,0.0,68.0,723.0,0.0,False,,,None,1.0,1.0,7.8783,4.37,68.0,0.02503435094495398,0.01915583938702956,0.024792723849193777,0.435070667474937,0.28618215922336865,0.13743554607837083,0.29317556090434765,0.5202077314172907,14.46509122474853,0.7638213586694824,0.09050880726252593,31.692515301295252,1.1786618380933556,10.151135382600941,2.0543978943880132,0.417232425506063,0.40395509767695775,5.608870313981276,2.143244501830712,0.3939210865694661,15.677240307992545,54.385961860965686,3.638281377771284,7.8783,707.0,49.6336083586342,None,1.0,1.0,48.688035342696416,60.57564141255186,36.64591051327692,36.964389748647186,33.339904728808264,31.78617153545999,707.0,49.6336083586342,None,1.0,1.0,,,,,,,,,,,,,,,,,,,,,,,
430697,285023_43908,Jean Ricner Bellegarde,Haiti,MF,0,6,0,1,5,1,0.29,0.0,5,0,13,89,17,4,5,1,0,0,0,130,86,12,25,5,60,4,100,,,,109,8,53,48,82,27,0,17,58,299,6.64,431,112,32370.02,,,,,,,Round of 16,0.0,292.0,1095.0,0.0,False,,,None,1.0,1.0,32.370020000000004,6.64,292.0,0.02145690258638069,0.01641843963087429,0.07166292731667705,1.2731327188055095,0.06523940826871212,0.29784265671119364,0.9714677798522072,2.426384767290349,30.40269356388229,1.1948106808626722,0.7977624259585767,69.47461861103946,2.99074474033764,20.04347473527961,3.7413367286265617,0.8977498546100915,1.0664167455482156,13.269556649774517,2.917252677228012,0.1575822724360104,27.12049980258389,97.2072916627174,7.528022680983514,32.370020000000004,168.0,78.72624596606799,None,1.0,1.0,51.16068841881991,58.99720006829807,69.82967866994619,75.95869736056909,67.77699017126486,69.18027475628689,168.0,78.72624596606799,None,1.0,1.0,,,,,,,,,,,,,,,,,,,,,,,
489603,285023_43817,Ali Nemati,IR Iran,DF,0,1,0,1,0,0,0.06,0.0,0,0,5,24,10,3,0,1,0,0,1,129,88,3,33,3,0,2,100,,,,28,3,1,24,12,16,1,4,22,265,6.14,369,108,31613.92,,,,,,,Round of 16,0.0,309.0,1153.0,0.0,False,,,None,1.0,1.0,31.613919999999997,6.14,309.0,0.02113222911937548,0.01617000527757881,0.029794389724315928,0.36725589764304123,0.06425224319291897,0.29333587351696666,0.07015557845298742,0.793767592403813,29.76533504816637,0.8220864905354459,0.43104614068517216,62.39440369766698,1.5269104983542274,8.214225792076467,2.4434674641674645,0.7068431195888921,0.16366783119581088,6.685159293018563,1.9864979816880781,0.3325203307504645,26.000838041729153,84.74241188051604,7.280039442247116,31.613919999999997,501.0,60.95918500914064,None,1.0,1.0,38.79717422704109,45.37304885515926,60.930769290850726,42.97677306584764,53.52052157506393,63.116011028481886,501.0,60.95918500914064,None,1.0,1.0,,,,,,,,,,,,,,,,,,,,,,,
481181,285023_43817,Arya Yousefi,IR Iran,DF,1,1,0,1,0,0,0.06,0.0,0,0,1,12,2,0,1,0,0,0,0,18,89,0,0,0,0,0,0,,,,19,6,12,1,8,11,1,7,21,42,2.27,84,31,5813.32,,,,,,,Round of 16,0.0,51.0,687.0,0.0,False,,,None,1.0,1.0,5.81332,2.27,51.0,0.024294330878882612,0.01858958921501544,0.034252645956467015,0.42220989769510725,0.27772256141543705,0.3372289184264653,0.08065324421329449,0.3009743015764404,11.59122852853596,0.333530672106441,0.0878333501005756,26.27084682170577,0.9399643824985001,6.997082037485853,1.178245540341338,0.2010429648438707,0.39201410992256897,7.481630991500944,2.89531376659642,0.38227670604803704,14.194538208034297,39.323807208231315,3.109774556481015,5.81332,762.0,44.50811717687169,None,1.0,1.0,50.131014075267785,36.56283735159017,34.59565303526524,28.721774819988504,45.588380596492726,26.86000684366755,762.0,44.50811717687169,None,1.0,1.0,,,,,,,,,,,,,,,,,,,,,,,
288961,285023_43817,Ehsan Hajisafi,IR Iran,DF,0,1,0,0,1,0,0.08,0.0,0,0,1,27,2,2,1,1,0,0,0,20,55,2,0,2,0,1,100,,,,15,1,8,6,3,12,1,2,7,47,4.41,134,48,11464.24,,,,,,,Round of 16,0.0,104.0,822.0,0.0,False,,,None,1.0,1.0,11.46424,4.41,104.0,0.02521470586767737,0.019293843761097256,0.03978186415879407,0.43820504618458245,0.07666495589727006,0.13842567269866604,0.08370874012751192,0.7355344077643278,12.453512602897025,0.7693241553036041,0.3027398045392065,28.3239955610332,0.9755743242714395,10.435846131101602,1.2228826094335252,0.6318172370697521,0.40686531055147745,4.802962507326017,1.9471061288976963,0.3967590114385217,18.32913115627651,51.39251141567059,4.423202042319278,11.46424,724.0,48.02411528599813,None,1.0,1.0,52.50836181170515,57.594877084815586,32.8071270097241,32.918468204186254,31.37828053369578,32.39987295865119,724.0,48.02411528599813,None,1.0,1.0,,,,,,,,,,,,,,,,,,,,,,,
390534,285023_43817,Hossein Kanani,IR Iran,DF,1,1,0,1,0,0,0.02,0.0,0,0,2,17,5,1,0,1,0,0,0,34,97,0,0,0,0,3,67,,,,4,0,0,4,1,3,0,2,8,75,3.94,123,27,14749.2,,,,,,,Round of 16,0.0,154.0,907.0,0.0,False,,,None,1.0,1.0,14.7492,3.94,154.0,0.024395487481006915,0.018666992444980997,0.026207074652572212,0.42396789295939374,0.2788789410986685,0.3386330703537664,0.0809890677507112,0.30222749672826377,14.914768936090548,0.3349194252959289,0.702313491416777,33.135491864333964,1.1485830081543547,8.049740484917091,1.797265933975234,0.4065848735397289,0.1889415690330616,4.851620473459617,1.6791404156461476,0.17916362060950017,13.43482212024883,47.471030938557654,4.951940610430032,14.7492,709.0,49.45471529687839,None,1.0,1.0,45.829694695401926,36.91863247582829,43.27050923623545,34.21143371311037,54.5890642449664,32.65079898111548,709.0,49.45471529687839,None,1.0,1.0,,,,,,,,,,,,,,,,,,,,,,,
390537,285023_43817,Milad Mohammadi,IR Iran,DF,1,1,0,1,0,0,0.06,0.0,0,0,23,62,22,1,1,0,0,0,2,80,83,4,0,4,75,0,0,,,,57,31,18,8,20,37,4,12,26,174,6.7,299,142,26000.62,,,,,,,Round of 16,0.0,235.0,1029.0,0.0,False,,,None,1.0,1.0,26.000619999999998,6.7,235.0,0.022625049438745125,0.017312284793209832,0.03189912132326006,0.3931995434038758,0.25864003884712844,0.31405767006348795,0.07511150016101621,1.0396897212531688,22.56541823556851,1.070009119488896,0.08179825566315545,49.52581186421705,5.052054460464214,16.008752187732526,4.894265350491816,0.37707805068638933,0.3650785305387148,7.916807076605371,7.442597032296127,0.9255568807646003,34.29244851656136,77.4393521100308,6.728636277921524,26.000619999999998,313.0,70.96701571626504,None,1.0,1.0,50.202214803091664,54.63950234325231,57.45877891385231,75.57113045069165,50.67696909507872,65.40643679029131,313.0,70.96701571626504,None,1.0,1.0,,,,,,,,,,,,,,,,,,,,,,,
384797,285023_43817,Ramin Rezaeian,IR Iran,DF,2,4,50,4,0,0,0.97,2.06,7,0,9,82,10,2,3,0,0,0,1,98,69,17,29,12,50,0,0,,,,151,29,67,55,19,132,3,19,43,223,6.79,458,170,34994.84,,,,,,,Round of 16,2.0,309.0,32.0,1.0,False,,,None,1.0,1.0,34.994839999999996,6.79,309.0,0.3757772337575748,0.19349250759667846,0.19115786683469663,0.8992234046003402,0.41889724783111826,0.8253033804742655,1.3114130946866849,3.2762826248712082,24.26833747627428,2.417989011407343,0.07640113604697289,54.94685860026479,2.236200507630626,18.498930926584247,2.4434674641674645,0.5295206172697924,0.6956353381531099,10.408931841719657,6.59688304198467,0.6871653353886639,36.99483318551333,100.5241145869159,7.879552636787806,34.994839999999996,72.0,86.93469903424297,None,1.0,1.0,78.3715117265967,85.01164459667345,65.55627535396424,66.0143681547864,57.15702425708707,79.71809918791112,72.0,86.93469903424297,None,1.0,1.0,,,,,,,,,,,,,,,,,,,,,,,
448505,285023_43817,Saleh Hardani,IR Iran,DF,0,0,0,0,0,0,0.0,0.0,0,0,5,46,6,0,2,0,0,0,0,29,72,1,0,0,0,0,0,,,,17,3,4,10,1,16,0,3,12,70,3.78,105,37,10101.64,,,,,,,Round of 16,0.0,107.0,832.0,0.0,False,,,None,1.0,1.0,10.10164,3.78,107.0,0.025186314924904054,0.019272119517436705,0.022829813961687324,0.2263709276651296,0.07657863363806859,0.1382698098711332,0.08361448679522802,0.523365506006326,14.341556775117512,0.3457764935641686,0.09105821549773005,33.152940076535245,1.8198387144322374,14.43956926866333,2.0668685384689685,0.20842440367005619,0.6177479071985982,5.854258096079256,2.367595178050049,0.18497155981285812,15.983745295775789,45.20576441029469,4.13024880331938,10.10164,743.0,46.31418640328793,None,1.0,1.0,42.72280268747316,45.25680967920323,32.15357081268023,51.60980624751964,29.890713977717958,30.086146544525505,743.0,46.31418640328793,None,1.0,1.0,,,,,,,,,,,,,,,,,,,,,,,
346743,285023_43817,Shoja Khalilzadeh,IR Iran,DF,0,2,0,2,0,2,0.18,0.0,0,0,8,26,12,4,0,1,0,0,1,141,84,0,0,1,0,2,100,,,,32,0,1,31,22,10,0,3,17,297,5.59,255,78,28814.55,,,,,,,Round of 16,0.0,309.0,1153.0,0.0,False,,,None,1.0,1.0,28.81455,5.59,309.0,0.02113222911937548,0.01617000527757881,0.05107309000260789,0.5445783999621409,0.06425224319291897,0.47065837583606634,0.07015557845298742,0.261800085446514,31.893205075995564,0.46744148589724643,0.43104614068517216,68.06872377187817,2.0588780053115263,8.568870796714668,2.7981124688056638,0.8841656219079916,0.16366783119581088,5.798546781423064,1.4545304747307792,0.15519782843136487,20.681162972156162,64.52764661613868,6.783648148930098,28.81455,679.0,51.69687152215475,None,1.0,1.0,36.11115133177191,32.62778660842818,51.63982723729236,44.39532273190134,46.64025488298769,47.48653747462753,679.0,51.69687152215475,None,1.0,1.0,,,,,,,,,,,,,,,,,,,,,,,
416989,285023_43817,Ali Alipour,IR Iran,FW,0,1,0,1,0,0,0.04,0.0,0,0,2,13,4,1,1,0,0,0,0,8,50,0,0,1,100,0,0,,,,17,10,7,0,13,4,0,5,7,21,2.2,51,27,4655.69,,,,,,,Round of 16,0.0,42.0,654.0,0.0,False,,,None,1.0,1.0,4.65569,2.2,42.0,0.023549933261091414,0.01801998941840598,0.029250923987462665,0.40927305067433606,0.07160323837684068,0.32689595619019446,0.07818196467244923,0.2917522096313349,9.259967239664244,0.5209207099809677,0.08514206640548434,21.316083842680825,1.1087728092303009,6.980295562446852,1.5373625258102932,0.39249253142756646,0.3800024858518459,4.485852307642681,3.5970377819481607,0.17295376087295475,12.969167537759562,31.597774947982753,2.785729693855468,4.65569,838.0,31.040940159001256,None,1.0,1.0,37.199439117822,32.71776254221113,21.43880760315934,24.98994077318775,20.46480140077301,18.956982392987854,838.0,31.040940159001256,None,1.0,1.0,52.472032767613065,57.00679239555271,36.57571791776633,54.853989131124315,34.18163198127355,31.746659882789675,B,B,D,B,D,D,46.880894202291046,B,49.49327130752617,76.60536629484474,,,None,1.0,39.06741183524254,58.48711072664361,117.0
405639,285023_43817,Amirhossein Hosseinzadeh,IR Iran,FW,0,1,0,1,0,0,0.09,0.0,0,0,3,13,3,0,0,0,0,0,0,14,71,0,0,3,67,1,100,,,,15,4,9,2,8,7,0,3,8,33,4.82,47,17,3200.06,,,,,,,Round of 16,0.0,26.0,604.0,0.0,False,,,None,1.0,1.0,3.20006,4.82,26.0,0.021084710941075044,0.016133645214020984,0.03503510689586956,0.36643008172331465,0.06410776484513099,0.2926762750306473,0.06999782579628151,0.2612113987031968,9.35217048767504,0.8202379372089146,0.2531531124164054,21.20778760599343,1.1696295237749879,6.249593686136833,1.1995066445416933,0.17448238527756024,0.16329980579059333,4.193194145365587,2.1589548918830173,0.1548488487737252,9.842308922012954,27.582404238058594,2.2365821474331526,3.20006,870.0,24.539524620935307,None,1.0,1.0,26.649814699788283,24.92450812426216,22.904217410096837,18.467513185096802,16.4636192867128,14.643363738234255,870.0,24.539524620935307,None,1.0,1.0,43.5150542550313,47.36842105263159,26.20752095844202,41.82825484764543,23.87310432883016,27.16754291744399,C,C,E,D,E,E,38.156303390290105,C,44.192122186495176,58.39909808342727,,,None,1.0,31.796919491908422,47.5511678200692,209.0
403236,285023_43817,Mehdi Ghayedi,IR Iran,FW,0,1,0,0,1,0,0.05,0.0,1,0,3,13,2,2,1,0,0,0,0,9,67,3,33,1,100,0,0,,,,6,3,3,0,4,2,5,7,11,29,1.86,50,24,4683.23,,,,,,,Round of 16,0.0,50.0,679.0,0.0,False,,,None,1.0,1.0,4.68323,1.86,50.0,0.024226793256759308,0.01853791062966603,0.032124531690096395,0.42103616491483803,0.07366122160253537,0.13300215245411184,0.28371830839879336,0.9100054351318281,9.729401704567959,0.5358927434721868,0.08758917562059133,23.555053919519466,1.3439298617225293,7.180919605486684,1.1749700476978586,0.6070626268207883,0.390924320664534,5.427939466039502,2.2773970334819555,1.1943710991399112,12.732052805657725,32.30265256683435,2.8713942819360105,4.68323,786.0,41.895147923719136,None,1.0,1.0,44.69050095916139,56.19845947068346,27.15057709081346,28.905722701417396,28.927662677308145,23.70512131915216,786.0,41.895147923719136,None,1.0,1.0,51.16580673452822,56.72219481652944,38.71300948515057,76.09481719566091,33.83874035331553,31.586485009516274,B,B,D,A,D,D,47.8897790790762,B,43.965800723446236,64.34241055073879,,,None,1.0,39.9081492325635,61.240419550173,103.0
388475,285023_43817,Mehdi Taremi,IR Iran,FW,2,5,0,4,1,1,1.34,0.0,0,0,17,100,7,3,5,0,0,0,2,71,82,2,0,4,25,0,0,,,,94,53,29,12,63,31,3,55,69,185,6.23,345,156,30405.34,,,,,,,Round of 16,0.0,293.0,1099.0,0.0,False,,,None,1.0,1.0,30.40534,6.23,293.0,0.02143749336254147,0.01640358803854388,0.26047630649729575,1.0920970808941675,0.4249484008165002,0.837225246851903,0.07116900630479354,0.6253499075942665,19.76203608777287,1.013845890547336,0.07750478369534225,48.90499776293434,3.707575420889551,22.00406808590451,1.939112405686535,0.7170537759621262,1.0654520992654215,15.2362774687915,11.009393959701823,0.6970917376083424,35.01086360328591,81.64933681494323,7.16779857080135,30.40534,202.0,76.48209665875564,None,1.0,1.0,59.747457752053755,55.086623628205835,60.92533641106584,73.85614687448403,61.40676333998984,69.90332158537134,202.0,76.48209665875564,None,1.0,1.0,40.006904337603444,33.78362994725458,80.3354274365419,19.11780254170984,87.34501298416296,84.5666798575386,C,D,A,F,S,S,37.071549689392484,C,65.30278232405891,49.417828987265004,,,None,1.0,30.892958074493738,53.89513408304497,151.0
481180,285023_43817,Shahriyar Moghanloo,IR Iran,FW,0,3,0,2,1,1,0.51,0.0,0,0,6,52,4,1,1,0,0,0,1,25,60,2,0,2,50,1,0,,,,19,13,6,0,15,4,4,22,17,66,7.1,168,47,12254.16,,,,,,,Round of 16,0.0,108.0,835.0,0.0,False,,,None,1.0,1.0,12.25416,7.1,108.0,0.02517593764125601,0.019264179004847712,0.13055976250885457,0.8600385693497568,0.07654708165418324,0.5607201139760224,0.08358003589404829,0.7344035056387764,13.490633208283725,0.7681413006155202,0.3022743346919385,32.29426582998062,2.0303425402379074,15.701141689309825,1.643509671670722,0.41959216556273066,0.4062397451942913,6.9081142057637805,4.479156050435089,1.0299098959607578,18.08969603216486,58.49611783377415,4.583274734084339,12.25416,552.0,58.757418955404574,None,1.0,1.0,66.03369835288844,59.3384415076946,40.208780716808214,51.1014133883762,37.39982890602553,38.41928613817147,552.0,58.757418955404574,None,1.0,1.0,46.19281762285523,52.75680188213866,45.965363839345116,40.40092195132266,44.84473867086059,59.748996551529196,B,B,C,D,C,B,43.45743892600144,B,58.69797225186766,63.039040571574375,,,None,1.0,36.21453243833453,56.71641435986158,131.0
380007,285023_43817,Alireza Beiranvand,IR Iran,GK,0,0,0,0,0,0,0.0,0.0,0,0,0,0,0,0,1,0,0,0,0,93,67,0,0,2,0,1,100,15.0,75.0,65.0,32,0,0,32,18,14,0,0,4,185,2.59,19,0,13335.74,,,,,,,Round of 16,0.0,309.0,1153.0,0.0,False,,,None,1.0,1.0,13.33574,2.59,309.0,,,,,,,,,,,,,,,,,,,,,,,,,,,,,,,,,,,,,,,,,,,,,,,,,,,,,,,,,,,,,,,
379886,285023_43817,Alireza Jahanbakhsh,IR Iran,MF,0,1,0,1,0,0,0.04,0.0,0,0,2,20,0,2,0,0,0,0,0,11,64,2,50,1,100,0,0,,,,35,16,13,6,20,15,1,6,10,30,4.37,84,30,6517.05,,,,,,,Round of 16,0.0,58.0,703.0,0.0,False,,,None,1.0,1.0,6.51705,4.37,58.0,0.024682619487896386,0.018886700741750674,0.030657811996638393,0.428957944994915,0.07504715479923152,0.34261874160405487,0.08194229951447382,0.7200129956849839,10.326688359641366,0.5459755458869259,0.08923716276393308,24.20535555804135,1.1621016945289255,8.765827455377615,0.7828487492638876,0.6184844879938798,0.19116538898925414,5.322951790533509,5.012730236127737,0.38838651377189504,14.214290865655244,39.95230718537134,3.3052295467277513,6.51705,780.0,42.45199614897892,None,1.0,1.0,46.80779032752766,54.22259379984602,28.686522576064338,27.816106019990784,29.006331279454596,25.66929972741887,780.0,42.45199614897892,None,1.0,1.0,,,,,,,,,,,,,,,,,,,,,,,
390535,285023_43817,Mehdi Torabi,IR Iran,MF,0,0,0,0,0,0,0.0,0.0,0,0,1,13,1,0,0,0,0,0,0,20,85,2,0,1,100,0,0,,,,15,5,6,4,6,9,1,6,11,45,2.34,65,18,3461.66,,,,,,,Round of 16,0.0,29.0,613.0,0.0,False,,,None,1.0,1.0,3.4616599999999997,2.34,29.0,0.02170656006190031,0.01660947308380226,0.019675634543558137,0.19509539812720117,0.065998488285373,0.11916637831553367,0.07206226417311033,0.6331988119757251,10.720843650329572,0.48014559333683615,0.07847756330071651,24.018967814567443,0.8398417485326175,6.433912283157219,0.8706000320211401,0.1796283755729726,0.16811598946726838,4.863288871261289,2.4047704839426722,0.34155755601854954,10.314728851309113,31.674440932430844,2.350193711264605,3.4616599999999997,846.0,28.960256353739073,None,1.0,1.0,21.631784100712544,32.28187143649138,28.57588571873444,18.42757075867016,28.430568494891595,17.163079521619906,846.0,28.960256353739073,None,1.0,1.0,,,,,,,,,,,,,,,,,,,,,,,
482670,285023_43817,Mohammad Ghorbani,IR Iran,MF,0,2,0,1,1,0,0.18,0.0,0,0,5,23,3,2,1,0,0,0,0,19,84,0,0,0,0,0,0,,,,9,1,2,6,7,2,0,4,14,53,2.39,191,53,12481.86,,,,,,,Round of 16,0.0,104.0,823.0,0.0,False,,,None,1.0,1.0,12.481860000000001,2.39,104.0,0.02521470586767737,0.019293843761097256,0.060939758645169824,0.6497839910483401,0.07666495589727006,0.3500046175624237,0.08370874012751192,0.31237651803681277,12.241933658033268,0.3461662655760889,0.09116085967544896,29.59346923021575,1.8218901037264699,9.589530351646571,1.434461554297283,0.6318172370697521,0.40686531055147745,6.284015121372319,1.9471061288976963,0.18518006657476416,19.3870258805953,63.452511272904765,4.6385090081915346,12.481860000000001,664.0,52.54452000225559,None,1.0,1.0,56.75214615438713,43.84624805931562,38.0246777817259,40.84338137616012,44.48384283140513,37.993097584101385,664.0,52.54452000225559,None,1.0,1.0,,,,,,,,,,,,,,,,,,,,,,,
448497,285023_43817,Mohammad Mohebbi,IR Iran,MF,1,2,50,2,0,1,0.24,4.15,0,0,8,133,15,1,1,0,0,0,0,69,71,1,0,3,33,1,0,,,,95,41,41,13,36,59,3,43,61,159,6.83,470,170,30775.81,,,,,,,Round of 16,1.0,271.0,129.0,0.0,False,,,None,1.0,1.0,30.77581,6.83,271.0,0.20541519070631317,0.016737140474001204,0.06387689811568097,0.5636785531487432,0.25004756530364974,0.48716591098188056,0.07261616501947613,0.45452405924263795,19.79679602020719,0.8509197639501734,0.2626225597338517,45.12735117387296,2.131089619464255,28.50838022499613,3.446876818357402,0.3645508596575309,0.35294998451417564,14.07775939839038,9.030758816939182,0.7112664807358883,38.29236349704465,106.25232688169267,7.3815461318624624,30.77581,236.0,74.64180812919015,None,1.0,1.0,66.96116315229234,51.56411680055151,55.086679702612095,67.43706992963914,51.60746358827154,78.17404434644695,236.0,74.64180812919015,None,1.0,1.0,,,,,,,,,,,,,,,,,,,,,,,
371736,285023_43817,Saeid Ezatolahi,IR Iran,MF,2,6,0,2,4,2,0.49,0.0,0,0,22,96,22,7,4,2,0,0,0,99,79,0,0,4,50,0,0,,,,60,1,22,37,50,10,0,6,40,227,6.6,406,65,32836.4,,,,,,,Round of 16,0.0,298.0,1105.0,0.0,False,,,None,1.0,1.0,32.836400000000005,6.6,298.0,0.021341029844913435,0.016329775873233355,0.10709084297852543,1.2662574777130093,0.42303623614034475,0.4753087991208007,0.07084876304789076,0.2643868474713972,24.687199643479204,1.009283830082477,0.07715603097776395,56.206069024688766,4.586265074509388,21.188756844918796,4.616505400200561,1.430125482586948,0.8815832547351808,9.97455542690701,1.6479767888661572,0.15673128801082173,18.55753746643679,92.20548330179136,7.570886237594101,32.836400000000005,334.0,70.00986504309185,None,1.0,1.0,50.85076866639149,46.62265560325158,55.39554364818966,83.38060368472183,54.99246097792647,58.1350472475043,334.0,70.00986504309185,None,1.0,1.0,,,,,,,,,,,,,,,,,,,,,,,
411644,285023_43817,Saman Ghoddos,IR Iran,MF,0,4,0,2,2,0,0.16,0.0,0,0,9,102,18,3,0,0,0,0,1,64,70,1,100,6,50,2,100,,,,41,7,15,19,30,11,1,20,38,162,6.9,338,99,26206.79,,,,,,,Round of 16,0.0,228.0,1022.0,0.0,False,,,None,1.0,1.0,26.20679,6.9,228.0,0.022776095242609123,0.017427862351632083,0.05122371483336365,0.9691735685745706,0.06925039484696134,0.507270668617981,0.07561294776898575,0.47328172648670275,19.658204562446187,1.4593852184885732,0.46457701640207805,47.56305228349608,2.4101534890452294,23.760280747643193,4.162474332500283,0.7618281120461056,0.17639947449032894,10.263056053778731,2.9054920656616168,0.3583869302426097,26.30338392948516,85.40987766304225,6.812959398321659,26.20679,398.0,66.94850987305986,None,1.0,1.0,47.78553510463478,55.514676557686705,52.77505457133878,67.82948142589002,49.66521175536064,60.48038871601279,398.0,66.94850987305986,None,1.0,1.0,,,,,,,,,,,,,,,,,,,,,,,
484276,285023_43818,Ahmed Maknazi,Iraq,DF,0,0,0,0,0,0,0.0,0.0,0,0,2,23,5,0,0,0,0,0,0,5,60,0,0,0,0,0,0,,,,1,0,1,0,1,0,0,1,9,16,2.2,55,16,4276.36,,,,,,,Round of 16,0.0,38.0,643.0,0.0,False,,,None,1.0,1.0,4.2763599999999995,2.2,38.0,0.02310046889768329,0.01767606729417871,0.020939125431183446,0.2076236475824166,0.07023664834882651,0.12681876852331392,0.07668981577368542,0.2861839466676553,8.50172074767207,0.31714044547386244,0.08351707986085496,19.940062884816598,1.0876112263357833,8.785454361201591,1.7018592410167726,0.19116339444074754,0.17891172875007338,4.787913542249219,1.5900043389858847,0.16965283635788456,10.589423286196059,31.77006552256727,2.6590337610013726,4.2763599999999995,874.0,23.961243874825993,None,1.0,1.0,24.686719231074765,24.952934462830232,15.204335884703694,25.749404185948205,15.496325629667462,14.980946273431798,874.0,23.961243874825993,None,1.0,1.0,,,,,,,,,,,,,,,,,,,,,,,
481183,285023_43818,Akam Hashim,Iraq,DF,0,1,0,0,1,0,0.03,0.0,0,0,3,16,7,0,3,0,0,0,0,148,85,0,0,3,33,1,100,,,,20,1,2,17,6,14,1,1,25,313,5.56,270,79,28097.87,,,,,,,Round of 16,0.0,303.0,1131.0,0.0,False,,,None,1.0,1.0,28.09787,5.56,303.0,0.021245537872800792,0.01625670711724433,0.024605945458284924,0.3692250845052011,0.064596756852119,0.1166354224919752,0.07053174516476375,0.26320382951728916,33.31212603845324,0.8264944304136367,0.2550840773910041,71.28607357786856,1.1785510559738537,6.832083299681852,1.9217492156343718,0.17581327697167942,0.6993652604703184,7.255824262340012,1.6406027982617535,0.3343032692163058,20.970326443740817,67.547736258354,6.692256446052901,28.09787,712.0,49.324985892046534,None,1.0,1.0,31.56575650009704,35.23925423238976,59.22939138920427,35.65069807791521,37.452788645638975,48.295883441376894,712.0,49.324985892046534,None,1.0,1.0,,,,,,,,,,,,,,,,,,,,,,,
436863,285023_43818,Frans Putros,Iraq,DF,0,0,0,0,0,0,0.0,0.0,0,0,1,26,5,2,0,0,0,0,0,28,93,1,0,2,100,1,100,,,,8,5,2,1,1,7,0,6,9,55,1.95,106,32,10283.22,,,,,,,Round of 16,0.0,105.0,829.0,0.0,False,,,None,1.0,1.0,10.28322,1.95,105.0,0.025205714041540372,0.019286963375915508,0.02284739804356467,0.22654528409805522,0.07663761637731506,0.13837630866529857,0.08367888872090326,0.5237686149376928,14.141099499795981,0.7690498063152087,0.3026318443789155,30.005922878787405,0.9752264243294928,10.22062110631134,1.8569569976271667,0.6315919244773348,0.19521672454035116,5.224256708211475,2.7924257450717036,0.1851140294386811,14.938538899821133,45.452086490868616,4.171834826479001,10.28322,622.0,54.913567922102736,None,1.0,1.0,43.75893111559335,53.57528245722028,48.07831692810181,37.85784749938402,57.08278160942921,34.57344589431026,622.0,54.913567922102736,None,1.0,1.0,,,,,,,,,,,,,,,,,,,,,,,
479553,285023_43818,Hussein Ali,Iraq,DF,0,1,0,1,0,0,0.01,0.0,0,0,9,20,3,1,0,0,0,0,1,40,80,2,0,2,100,0,0,,,,44,24,18,2,3,41,2,10,8,82,4.18,179,71,18211.32,,,,,,,Round of 16,0.0,174.0,944.0,0.0,False,,,None,1.0,1.0,18.21132,4.18,174.0,0.02396677860039804,0.01833895204645842,0.02373545552273266,0.4165173838869175,0.07287065072428715,0.3326821745316791,0.07956582369362912,0.6991313083869957,15.859312260494159,0.7312487323413753,0.0866491226322083,33.96094468306248,2.5361509270851976,8.511602505372128,1.3634671236318752,0.3994398412404801,0.18562124478769815,4.766361558919159,6.476211703796788,0.5782300689696033,22.04745686992309,57.898827305050816,5.561176938783775,18.21132,710.0,49.42640585621781,None,1.0,1.0,41.316060709140665,48.08096642404618,40.08355185827158,41.6875695762475,35.56516390185316,40.44152544951203,710.0,49.42640585621781,None,1.0,1.0,,,,,,,,,,,,,,,,,,,,,,,
479072,285023_43818,Merchas Doski,Iraq,DF,0,1,0,0,1,0,0.02,0.0,0,0,4,65,25,3,8,1,0,0,0,141,82,3,67,13,23,1,100,,,,88,15,45,28,22,66,1,11,58,298,6.21,307,128,31441.23,,,,,,,Round of 16,0.0,303.0,1131.0,0.0,False,,,None,1.0,1.0,31.44123,6.21,303.0,0.021245537872800792,0.01625670711724433,0.022823212592083832,0.3692250845052011,0.064596756852119,0.1166354224919752,0.07053174516476375,0.7980236893776161,32.064213032112484,2.6092272966147263,0.2550840773910041,68.61197427856693,1.3568243425939626,15.56747434406719,5.1306683747963335,0.7106331368320065,1.5907316935708633,13.138842720803611,4.136428810943279,0.3343032692163058,29.705717488126158,74.14384786329805,7.288288221607108,31.44123,345.0,69.5966651512082,None,1.0,1.0,41.11199596695621,55.745678685459886,70.61454370262248,57.62527641158939,58.322706348418905,64.56210468665078,345.0,69.5966651512082,None,1.0,1.0,,,,,,,,,,,,,,,,,,,,,,,
434024,285023_43818,Munaf Younus,Iraq,DF,0,0,0,0,0,0,0.0,0.0,0,0,2,11,5,0,0,0,0,0,0,19,89,0,0,0,0,0,0,,,,2,0,0,2,1,1,0,0,8,40,1.95,63,22,8749.67,,,,,,,Round of 16,0.0,89.0,770.0,0.0,False,,,None,1.0,1.0,8.74967,1.95,89.0,0.025280225238872255,0.019343978016788888,0.02291493776814214,0.22721497987974254,0.07686416661697597,0.1387853660887076,0.08392625382945444,0.3131882155099154,12.273743816743547,0.3470657643118049,0.09139773740207661,26.91269322494518,1.1902380378457216,7.068903661874875,1.862446391383637,0.20920154003342062,0.19579380923871506,5.0275715309264575,1.7400368797006767,0.185661249325159,12.861411821911792,36.46491332817959,3.8588572797050085,8.74967,744.0,46.286731378684166,None,1.0,1.0,47.864133610223455,46.85159689833359,35.21592773747712,32.935092457733695,40.217143653752636,28.343015734178227,744.0,46.286731378684166,None,1.0,1.0,,,,,,,,,,,,,,,,,,,,,,,
479056,285023_43818,Mustafa Saadoon,Iraq,DF,0,0,0,0,0,0,0.0,0.0,0,0,0,6,2,2,0,0,0,0,0,1,100,0,0,0,0,0,0,,,,3,1,2,0,0,3,0,0,0,2,2.01,26,15,2482.84,,,,,,,Round of 16,0.0,24.0,597.0,0.0,False,,,None,1.0,1.0,2.48284,2.01,24.0,0.020612930370261004,0.01577264712542239,0.018684327856670995,0.18526601385416774,0.0626733227047207,0.1131624841379511,0.06843159070289079,0.25536666774493394,6.894365928893095,0.2829896635042715,0.07452367133863594,15.37133757252963,0.624563444902969,4.899000887788072,0.9997020870098405,0.5165082941199166,0.15964589392028056,2.715649259832645,1.591752181012997,0.15138403114029741,9.276152479255028,23.33296926627776,2.0624835734555718,2.48284,850.0,28.553935536401575,None,1.0,1.0,15.402672486376678,16.644878544640836,28.841578311376427,15.4686742161717,53.99166276898673,14.648540022257622,850.0,28.553935536401575,None,1.0,1.0,,,,,,,,,,,,,,,,,,,,,,,
396158,285023_43818,Rebin Sulaka,Iraq,DF,0,1,0,1,0,0,0.07,0.0,0,0,2,1,1,1,0,0,1,0,0,29,79,0,0,0,0,3,33,,,,7,0,0,7,2,5,0,1,4,65,3.63,41,15,4423.46,,,,,,,Round of 16,0.0,41.0,653.0,0.0,False,,,None,1.0,1.0,4.42346,3.63,41.0,0.023445505423113012,0.01794008309703789,0.03502321873269981,0.4074582047743113,0.07128572701521405,0.3254463963307096,0.07783528116175169,0.2904584882377563,13.35030742486365,0.3218773639262195,0.6749647771768097,29.877832042535083,1.103856160592979,4.588541698204602,0.9403451175085478,0.390752095646911,0.18158401568589141,3.8757603649121313,1.6137531890621224,0.17218682930172874,10.550857124699204,29.490326247639068,2.7276894870959727,4.42346,840.0,30.46649749691731,None,1.0,1.0,38.79431034855879,28.110690808931267,23.496958563318334,19.784456637483377,24.567251607997473,18.140295421363966,840.0,30.46649749691731,None,1.0,1.0,,,,,,,,,,,,,,,,,,,,,,,
434025,285023_43818,Zaid Tahseen,Iraq,DF,0,2,0,1,1,1,0.21,0.0,0,0,1,6,2,3,2,1,0,0,0,64,83,0,0,3,0,1,100,,,,15,0,1,14,4,11,0,2,18,134,4.12,179,49,16808.01,,,,,,,Round of 16,0.0,165.0,925.0,0.0,False,,,None,1.0,1.0,16.80801,4.12,165.0,0.024162438318932628,0.018488667377644798,0.06447908074408086,0.6226670137152629,0.07346555132598542,0.3353981215396453,0.08021538227337957,0.299340328971392,20.85476681325351,0.9399677624249384,0.2901057776462615,44.78115669630117,0.9348613685777794,5.742599652223858,1.1718489113771564,0.8081993234953747,0.5926351571812049,6.832765826773855,1.663099651255763,0.1774520773706226,17.766963713912986,58.37150110251313,5.322057134838496,16.80801,685.0,51.34966475936438,None,1.0,1.0,48.674226933772275,44.28191966171036,47.35525403018482,32.564126368345164,47.02157949421281,36.8107866123405,685.0,51.34966475936438,None,1.0,1.0,,,,,,,,,,,,,,,,,,,,,,,
523236,285023_43818,Ahmed Qasem,Iraq,FW,0,0,0,0,0,0,0.0,0.0,0,0,3,81,6,0,1,0,0,0,0,16,81,1,0,1,100,0,0,,,,52,37,14,1,31,21,2,11,21,47,6.29,215,78,15459.21,,,,,,,Round of 16,0.0,135.0,877.0,0.0,False,,,None,1.0,1.0,15.459209999999999,6.29,135.0,0.024769847503783426,0.01895344606564805,0.022452312379036728,0.2226277791838025,0.07531237034551155,0.13598345431226852,0.08223188240122432,0.5147114141616147,11.402413209650549,0.5479050154723527,0.08955252559060162,27.82428057762851,1.3740546418110922,21.47541767266686,2.0326919067315323,0.20497800930256407,0.3996870615833167,7.628070090217768,9.395213186463396,0.5976051629333854,24.24113661305692,67.32133674899745,5.175503233482573,15.459209999999999,660.0,52.669764425438736,None,1.0,1.0,41.364649320922105,48.872920762401925,40.02047568193872,49.720417561867166,39.13387586081885,44.153351540379816,660.0,52.669764425438736,None,1.0,1.0,16.737420576792093,19.136341213524084,35.86577096784338,37.45110063225561,60.02340806846861,60.87964271581209,E,E,D,D,B,B,20.420521203245784,E,43.931384183838595,42.40439264040073,,,None,1.0,17.01710100270482,39.82590830449827,243.0
436628,285023_43818,Ali Alhamadi,Iraq,FW,0,6,0,4,2,2,0.95,0.0,0,0,13,71,11,1,5,0,0,0,0,35,74,0,0,0,0,0,0,,,,100,53,45,2,79,21,5,23,33,90,6.76,258,112,22671.28,,,,,,,Round of 16,0.0,201.0,984.0,0.0,False,,,None,1.0,1.0,22.67128,6.76,201.0,0.02336920866515228,0.017881702176978865,0.20747126685613693,1.3865982773805898,0.07105374780376258,0.9126669411640684,0.07758198828107234,0.28951327334156257,14.483421865906239,0.32082990519648324,0.08448867748170438,34.68293324887255,3.2572892391989052,18.30013400792017,2.898217090510703,0.38948050360714925,1.1614591318761511,9.549850774059685,12.001441603741572,1.152092525973924,29.537563329018678,71.94658403182456,6.297086520222121,22.67128,440.0,64.29614859674824,None,1.0,1.0,58.5288281026249,43.33870455436098,43.50882966680093,73.6332959013045,43.71211218961653,57.34096603231067,440.0,64.29614859674824,None,1.0,1.0,36.050905494546505,42.966645163738484,57.801844778329055,25.211139540293075,73.84879850773565,80.98630033730946,C,C,B,E,A,A,37.206700865462146,C,68.28270430602434,46.99771452316642,,,None,1.0,31.00558405455179,51.80281141868512,170.0
464457,285023_43818,Ali Jasim,Iraq,FW,1,4,0,0,4,0,0.11,0.0,3,0,27,58,8,1,0,0,0,0,0,36,81,5,0,4,75,1,100,,,,55,16,32,7,21,34,4,23,39,96,4.46,252,92,15703.59,,,,,,,Round of 16,0.0,144.0,893.0,0.0,False,,,None,1.0,1.0,15.70359,4.46,144.0,0.02459825817185912,0.018822148965511633,0.045001467650473734,1.046710658661976,0.28119693025935794,0.1350414497208136,0.700881058145385,1.3367709289103844,15.451550232192439,1.1633283117763367,0.29533843900593276,37.7454395949882,6.318286684643985,16.579305678304856,2.4314232939850444,0.40996433032500096,0.19051201571970236,11.290540748029477,4.9955975116263165,1.0062778942175437,26.962897692848014,74.49201064963735,5.190092291477831,15.70359,336.0,69.93762065312238,None,1.0,1.0,55.53946921409742,64.26636011607118,54.518217230423986,69.25378981968957,52.932576267935694,52.387953780919496,336.0,69.93762065312238,None,1.0,1.0,33.774340122598645,36.819337456836045,61.91425385175491,51.06891374680171,69.86211184667717,74.01398232423163,D,C,B,C,B,A,36.04173517591622,C,45.96202428489935,44.56546403449058,,,None,1.0,30.03477931326352,55.00999134948096,141.0
434029,285023_43818,Ali Yousif,Iraq,FW,0,0,0,0,0,0,0.0,0.0,0,0,2,17,1,1,0,0,0,0,0,4,100,0,0,0,0,0,0,,,,5,3,2,0,4,1,0,2,3,8,2.35,69,22,4539.67,,,,,,,Round of 16,0.0,38.0,640.0,0.0,False,,,None,1.0,1.0,4.53967,2.35,38.0,0.02310046889768329,0.01767606729417871,0.020939125431183446,0.2076236475824166,0.07023664834882651,0.12681876852331392,0.07668981577368542,0.2861839466676553,8.307882562095802,0.31714044547386244,0.08351707986085496,18.389357400206446,1.0876112263357833,7.622425247743979,0.9265064987116973,0.3850015800170163,0.17891172875007338,3.624884428791607,2.171518895714691,0.16965283635788456,11.752452399653672,34.48380012063503,2.7100732936454603,4.53967,819.0,36.30030798982621,None,1.0,1.0,25.255842519064576,26.63657259055331,33.25735712256231,24.3487602769648,52.06312190462084,21.462874477293223,819.0,36.30030798982621,None,1.0,1.0,45.6983177674731,49.03806018290137,25.558332103642385,61.88492525004757,26.134110942274507,23.502364934893617,B,B,E,A,E,E,41.01680113654346,C,32.10476674163825,35.20093869169844,,,None,1.0,34.18066761378621,52.638062283737014,164.0
395186,285023_43818,Aymen Hussein,Iraq,FW,1,3,33,3,0,3,0.18,5.42,0,1,5,60,3,2,1,0,0,0,0,16,75,0,0,3,67,0,0,,,,78,47,28,3,59,19,1,20,18,43,3.97,126,54,12557.87,,,,,,,Round of 16,1.0,128.0,99.0,0.0,False,,,None,1.0,1.0,12.557870000000001,3.97,128.0,0.2337779816327465,0.019048128353418306,0.060163664579893555,0.8503931080448304,0.28457299057519536,0.7633159498577753,0.082642673279381,0.3083982685791535,11.459374174166031,0.9684108768377027,0.08999988687620394,27.12773969845093,1.798687548801357,17.196126201976952,1.4161930687648854,0.6237707725131036,0.4016837056369524,7.039523066687253,11.530991105424969,0.3917061145946856,19.34900815440399,49.06693048742736,4.59531290169436,12.557870000000001,555.0,58.68416063639986,None,1.0,1.0,68.69641987375775,51.62508957189096,42.971841368658076,48.294473703425865,41.774946855519055,38.69433340638378,555.0,58.68416063639986,None,1.0,1.0,69.60225417292565,63.11615375858537,52.62504747413417,43.48184644012603,38.46238250246882,54.340739065709386,A,A,C,C,C,C,56.59068465867726,B,66.80035650623886,65.43851361990238,,,None,1.0,47.15890388223105,70.97884948096885,76.0
484262,285023_43818,Marko Farji,Iraq,FW,0,0,0,0,0,0,0.0,0.0,0,0,2,34,2,0,2,0,0,0,0,11,64,2,50,1,100,0,0,,,,40,19,19,2,9,31,2,5,17,36,4.55,96,30,6975.47,,,,,,,Round of 16,0.0,62.0,713.0,0.0,False,,,None,1.0,1.0,6.9754700000000005,4.55,62.0,0.02484798770643279,0.019013237556744122,0.02252314156920339,0.2233300919363595,0.07554995452441711,0.13641243453410065,0.08249129521973639,0.7248369272161519,10.395874940840818,0.5496334641006728,0.08983503247710317,25.618536883097537,1.169887524840681,11.743581506450287,1.2050972240198368,0.20562464320626975,0.609449713049033,6.818126868020338,5.67181978171564,0.5994903981383574,14.309523543830442,42.72200035636425,3.4229552560399132,6.9754700000000005,775.0,43.23008788615388,None,1.0,1.0,41.12563005524903,56.88753283541409,29.854719342011045,34.163361440505696,27.772372265800094,26.617602871975066,775.0,43.23008788615388,None,1.0,1.0,40.8559512591086,43.915303760482686,35.217461772738595,67.24535323845974,26.35602209136461,39.43505379991332,C,C,D,A,E,C,38.657004483986064,C,48.10455093150431,55.927835051546396,,,None,1.0,32.21417040332172,54.33568339100347,149.0
422968,285023_43818,Mohanad Ali,Iraq,FW,0,0,0,0,0,0,0.0,0.0,0,0,1,14,1,0,0,0,0,0,0,2,50,0,0,0,0,0,0,,,,4,4,0,0,3,1,1,0,1,4,2.36,36,16,2367.96,,,,,,,Round of 16,0.0,20.0,576.0,0.0,False,,,None,1.0,1.0,2.36796,2.36,20.0,0.01950119744194819,0.014921968892826754,0.01767661172177239,0.17527392032844125,0.0592931144894862,0.10705920538980462,0.06474081741861343,0.2415937820743379,6.686163185458757,0.2677269656908758,0.07050432921319731,14.869576202047496,0.7545147509057575,5.943870237646172,0.7821480266332143,0.1613783302483486,0.15103558990464327,2.7328204363425823,1.9968120849525848,0.30685568412095476,8.939491021378506,23.710898037598803,1.9324475250585564,2.36796,928.0,9.501434471889395,None,1.0,1.0,9.930013895922562,10.961077508388325,6.644479876870521,9.411618976123478,6.155001708587722,6.579590618643263,928.0,9.501434471889395,None,1.0,1.0,23.903003386857506,26.573824611998642,13.769264822210877,30.38844600452517,7.757580190922056,11.913241750994029,E,E,E,E,F,F,20.96904311841117,E,42.6654740608229,67.1888988361683,,,None,1.0,17.474202598675976,31.32368079584775,262.0
433571,285023_43818,Ahmed Basil,Iraq,GK,0,0,0,0,0,0,0.0,0.0,0,0,0,0,0,0,1,0,0,0,0,71,59,0,0,3,0,0,0,3.0,43.0,36.0,12,0,0,12,8,4,0,0,2,124,1.87,10,2,7048.26,,,,,,,Round of 16,0.0,149.0,900.0,0.0,False,,,None,1.0,1.0,7.04826,1.87,149.0,,,,,,,,,,,,,,,,,,,,,,,,,,,,,,,,,,,,,,,,,,,,,,,,,,,,,,,,,,,,,,,
347085,285023_43818,Jalal Hassan,Iraq,GK,0,0,0,0,0,0,0.0,0.0,0,0,0,0,0,0,1,0,0,0,0,51,65,0,0,0,0,0,0,7.0,51.0,45.0,5,0,0,5,4,1,0,0,0,79,1.8,9,2,7078.62,,,,,,,Round of 16,0.0,154.0,908.0,0.0,False,,,None,1.0,1.0,7.07862,1.8,154.0,,,,,,,,,,,,,,,,,,,,,,,,,,,,,,,,,,,,,,,,,,,,,,,,,,,,,,,,,,,,,,,
493983,285023_43818,Aimar Sher,Iraq,MF,0,0,0,0,0,0,0.0,0.0,0,0,0,4,2,0,0,0,0,0,0,22,91,1,0,0,0,0,0,,,,27,1,8,18,23,4,0,2,2,49,2.56,41,6,3139.09,,,,,,,Round of 16,0.0,24.0,596.0,0.0,False,,,None,1.0,1.0,3.13909,2.56,24.0,0.020612930370261004,0.01577264712542239,0.018684327856670995,0.18526601385416774,0.0626733227047207,0.1131624841379511,0.06843159070289079,0.4283316859044601,10.526631310243143,0.2829896635042715,0.07452367133863594,23.50069342602736,0.624563444902969,4.55307085146902,0.9997020870098405,0.17057825780086436,0.15964589392028056,3.061579296151697,1.591752181012997,0.15138403114029741,7.719467315819292,25.927444538670652,2.175991866622761,3.13909,873.0,24.028688759046958,None,1.0,1.0,13.958787625244442,16.769872124906563,29.64712647137897,13.782085249828842,35.16236147628337,13.170473339007186,873.0,24.028688759046958,None,1.0,1.0,,,,,,,,,,,,,,,,,,,,,,,
433074,285023_43818,Amir Alammari,Iraq,MF,0,0,0,0,0,0,0.0,0.0,3,0,19,64,19,3,0,2,0,0,0,125,79,7,43,7,57,0,0,,,,80,5,35,40,49,31,1,6,40,261,6.6,383,104,30575.01,,,,,,,Round of 16,0.0,279.0,224.0,1.0,False,,,None,1.0,1.0,30.57501,6.6,279.0,0.0217127435131781,0.1988078572040631,0.019681239454111113,0.19515097408605417,0.06601728898136337,0.11920032471202227,0.6186637501904648,1.544347451774152,29.85423117802224,1.5734442861986941,0.0784999188553362,63.379638964317564,4.119566738281258,15.727621368478346,4.150333783745276,0.7262605034703434,0.16816387992190165,10.148290181695732,2.4054555202210746,0.3416548540012875,25.98632129046781,89.62104543343533,7.2907434726729745,30.57501,230.0,74.86314079222362,None,1.0,1.0,42.68664394344617,78.88045772639984,63.1901884072444,69.98047777570974,54.689361235936694,64.59009359616373,230.0,74.86314079222362,None,1.0,1.0,,,,,,,,,,,,,,,,,,,,,,,
433585,285023_43818,Ibrahim Bayesh,Iraq,MF,0,1,0,1,0,0,0.45,0.0,0,0,14,120,14,3,5,0,0,0,0,48,83,1,0,3,33,0,0,,,,90,50,35,5,42,48,2,24,42,128,6.37,331,112,27586.07,,,,,,,Round of 16,0.0,259.0,1057.0,0.0,False,,,None,1.0,1.0,27.58607,6.37,259.0,0.022118894734843107,0.016924984230305046,0.10357015746773336,0.38440310744448386,0.06725218601565656,0.3070317509630894,0.0734311485124346,0.45962525957917294,16.121342994963232,0.8604697802759533,0.07996831173366355,39.88017019652367,3.268617430686912,26.415512424631654,3.2999599940763655,0.7398456863171124,1.0993180233398134,10.70932406930702,10.802527897809146,0.5336474392869516,27.957226252704555,81.64617765710021,6.8723692879638865,27.58607,310.0,71.13682053802174,None,1.0,1.0,50.511788227791,50.87428501126461,55.0500515132857,80.16379833273919,56.22749913856673,62.04310283048561,310.0,71.13682053802174,None,1.0,1.0,,,,,,,,,,,,,,,,,,,,,,,
506069,285023_43818,Kevin Yakob,Iraq,MF,0,1,0,1,0,0,0.07,0.0,0,0,1,18,2,1,0,0,0,0,0,12,75,0,0,1,0,0,0,,,,6,2,3,1,6,0,0,4,5,28,2.45,47,15,3609.05,,,,,,,Round of 16,0.0,29.0,612.0,0.0,False,,,None,1.0,1.0,3.6090500000000003,2.45,29.0,0.02170656006190031,0.01660947308380226,0.03242555821522057,0.3772371648652359,0.065998488285373,0.30130814505356845,0.07206226417311033,0.26891527849965563,9.263709516425294,0.48014559333683615,0.07847756330071651,20.922557780020856,0.8398417485326175,7.344621116847392,1.052741798759175,0.3617701423110073,0.16811598946726838,3.7704382708330795,1.8583451837285678,0.15941578928051484,9.768303551095006,28.395889131146223,2.377039586264124,3.6090500000000003,869.0,24.641505817242898,None,1.0,1.0,30.493155183670538,23.4567764012555,18.91094865941868,17.614137341963517,18.850255748101585,14.910754571248832,869.0,24.641505817242898,None,1.0,1.0,,,,,,,,,,,,,,,,,,,,,,,
464458,285023_43818,Youssef Amyn,Iraq,MF,0,0,0,0,0,0,0.0,0.0,0,0,2,25,4,0,0,0,0,0,0,6,83,0,0,0,0,0,0,,,,26,15,10,1,18,8,0,5,8,16,2.41,52,18,3954.85,,,,,,,Round of 16,0.0,32.0,627.0,0.0,False,,,None,1.0,1.0,3.95485,2.41,32.0,0.02224099053079543,0.017018409758381925,0.020160062226476875,0.1998987812889306,0.06762341655314723,0.12210033667918462,0.07383648678239778,0.27553615799285025,8.37203109386864,0.30534088619403765,0.08040973499595269,19.1981709015936,1.0471454537681222,8.831834308631612,1.4519134725293836,0.1840509499795379,0.17225512099356943,4.423147727350716,4.3302398162994,0.16334071588203608,10.568684584544188,30.028146604851404,2.5000992868984953,3.95485,861.0,25.846920070119754,None,1.0,1.0,21.822438747246764,22.195270057508836,21.105389141087468,24.35648950248638,25.08860435859855,16.2199031990951,861.0,25.846920070119754,None,1.0,1.0,,,,,,,,,,,,,,,,,,,,,,,
484270,285023_43818,Zaid Ismael,Iraq,MF,0,0,0,0,0,0,0.0,0.0,0,0,3,52,17,2,0,0,0,0,0,71,89,0,0,0,0,1,0,,,,73,2,28,43,60,13,0,7,32,150,5.13,243,58,16240.49,,,,,,,Round of 16,0.0,126.0,867.0,0.0,False,,,None,1.0,1.0,16.24049,5.13,126.0,0.02492702723076289,0.01907371719276998,0.022594785938038472,0.22404048766110776,0.0757902730781495,0.13684635192273065,0.08275369364058935,0.3088125640734188,22.978843811841678,0.34221679894541274,0.2992857973908924,49.54483822089801,1.3827738530788134,15.54590704904394,4.346405644453207,0.6246087325369947,0.19305831211517976,9.977289901002383,2.1340562883690617,0.1830673173951574,20.211661215638955,73.60515170565589,5.371761381349136,16.24049,542.0,59.059366058143745,None,1.0,1.0,42.36907388324555,44.16698720220355,52.305366285370184,50.58800425182989,61.876866483058535,44.214454595086536,542.0,59.059366058143745,None,1.0,1.0,,,,,,,,,,,,,,,,,,,,,,,
434026,285023_43818,Zidane Iqbal,Iraq,MF,0,0,0,0,0,0,0.0,0.0,1,0,6,59,10,1,2,0,0,0,0,128,92,1,100,2,50,5,100,,,,114,0,61,53,92,22,0,8,28,268,6.85,352,61,24227.99,,,,,,,Round of 16,0.0,210.0,1004.0,0.0,False,,,None,1.0,1.0,24.227990000000002,6.85,210.0,0.02317007072044883,0.01772932536908837,0.02100221511579469,0.20824921862103807,0.07044827170468448,0.12720087407663405,0.2713431035059526,0.4814684412136666,32.44126964988484,0.7069404330503904,1.0558798219812633,68.99454206918271,1.868577087947581,15.811124931298211,2.679098055773354,0.38616159161052493,0.5682952325450328,8.496361746638819,1.5947950296289495,0.17016400116151487,19.370329211822156,89.60918850405186,6.546085658599667,24.227990000000002,432.0,64.86148801888237,None,1.0,1.0,40.11878171887705,49.36064443190901,68.69498531200936,56.50067844746166,58.12983898015208,51.98209384521697,432.0,64.86148801888237,None,1.0,1.0,,,,,,,,,,,,,,,,,,,,,,,
405527,285023_43819,Ayumu Seko,Japan,DF,0,0,0,0,0,0,0.0,0.0,0,0,1,3,2,1,0,0,0,0,0,50,84,0,0,2,0,0,0,,,,7,1,0,6,4,3,0,2,9,107,3.05,105,26,9712.91,,,,,,,Round of 16,0.0,97.0,791.0,0.0,False,,,None,1.0,1.0,9.712909999999999,3.05,97.0,0.025262901415384682,0.01933072213565872,0.022899234809273177,0.2270592758791659,0.07681149377714125,0.1386902604018689,0.08386874154095318,0.31297359648209355,18.836817071144985,0.7707946463425991,0.09133510511715998,41.09713571620105,0.97743904318326,5.368192676548976,1.2252200349602271,0.4210415383262047,0.19565963727785782,5.236109636517284,1.9508278398238104,0.1855340209210842,13.700531692852053,45.343225998303936,4.060403763876401,9.712909999999999,723.0,48.07709894872947,None,1.0,1.0,46.61217120110251,53.46826727557652,44.010991351198136,29.56759259562475,36.77605098406087,30.155681187539418,723.0,48.07709894872947,None,1.0,1.0,,,,,,,,,,,,,,,,,,,,,,,
403274,285023_43819,Hiroki Ito,Japan,DF,0,1,0,0,1,0,0.04,0.0,0,0,23,34,14,7,0,0,0,0,0,199,89,10,20,11,27,2,50,,,,81,9,19,53,16,65,1,11,46,417,5.85,358,119,39533.62,,,,,,,Round of 16,0.0,405.0,1234.0,0.0,False,,,None,1.0,1.0,39.53362,5.85,405.0,0.01950119744194819,0.014921968892826754,0.024222066267226935,0.3389102839648048,0.05929311448948621,0.10705920538980464,0.06474081741861343,1.8779574184379741,38.922526821822395,2.0677269656908757,0.39777705648592454,82.45139438386568,4.354514750905758,9.216597510373443,2.909420753905942,1.306832875702894,0.15103558990464327,10.096456799978945,2.814993903134403,0.30685568412095476,25.794036475923964,76.4018071285079,8.014100979604011,39.53362,266.0,73.4123763035533,None,1.0,1.0,40.56953380488951,53.6104242251206,79.342838042023,59.04274464899828,70.12398146473629,64.65073623344179,266.0,73.4123763035533,None,1.0,1.0,,,,,,,,,,,,,,,,,,,,,,,
498455,285023_43819,Junnosuke Suzuki,Japan,DF,0,0,0,0,0,0,0.0,0.0,0,0,0,22,4,2,0,1,0,0,0,7,86,1,0,1,0,0,0,,,,10,4,5,1,3,7,0,2,4,19,3.0,68,34,5757.46,,,,,,,Round of 16,0.0,58.0,700.0,0.0,False,,,None,1.0,1.0,5.75746,3.0,58.0,0.024682619487896386,0.018886700741750674,0.02237324565645798,0.22184378649040476,0.07504715479923152,0.1355045830995445,0.08194229951447382,0.5128988371804737,9.498231725623326,0.5459755458869259,0.08923716276393308,21.927099814491736,0.747873377519905,9.180055772386634,1.6113053832819288,0.6184844879938798,0.19116538898925414,4.0802668395064465,2.5273603340736135,0.18127235526738478,15.042747499673286,36.63848064929917,3.147907703069311,5.75746,793.0,41.10309581887919,None,1.0,1.0,36.49751166417883,44.4816021438813,31.38107925171047,28.169704043066467,39.95396750561402,25.670322549057627,793.0,41.10309581887919,None,1.0,1.0,,,,,,,,,,,,,,,,,,,,,,,
400511,285023_43819,Kou Itakura,Japan,DF,0,0,0,0,0,0,0.0,0.0,0,0,4,4,2,1,0,0,0,0,0,110,97,0,0,1,100,0,0,,,,29,0,0,29,24,5,0,0,3,222,2.86,116,34,13382.22,,,,,,,Round of 16,0.0,138.0,194.0,1.0,False,,,None,1.0,1.0,13.38222,2.86,138.0,0.024714035314386963,0.22628851120250024,0.022401722131733186,0.2221261473600772,0.07514267417451259,0.1356770521712904,0.08204659497083931,0.3061738787936199,30.870231471424557,0.5466704588813143,0.08935074305970672,64.0526960800444,1.5783363508634243,5.458940179337853,1.198600695700827,0.41189391811824044,0.19140870265758,3.878082396531423,1.7010660501210235,0.1815030771671982,15.061893779735783,46.63924683162122,4.733120071021302,13.38222,604.0,55.734314881534196,None,1.0,1.0,38.84364075972176,51.77690538032862,64.89187368536626,36.16990241931939,52.43742739372015,35.576844287099256,604.0,55.734314881534196,None,1.0,1.0,,,,,,,,,,,,,,,,,,,,,,,
390541,285023_43819,Shogo Taniguchi,Japan,DF,0,0,0,0,0,0,0.0,0.0,0,0,3,11,4,2,1,1,0,0,0,127,96,1,0,1,0,0,0,,,,28,1,2,25,17,11,1,0,20,245,4.15,189,56,24756.98,,,,,,,Round of 16,0.0,267.0,1066.0,0.0,False,,,None,1.0,1.0,24.75698,4.15,267.0,0.021954643088940094,0.016799301796800312,0.019900506239606465,0.19732513221638465,0.06675278121374091,0.12052832400244033,0.07288585964749342,0.4562121502764936,30.555281189577943,0.4856331497195671,0.07937447886001417,61.13817012062725,1.2178871606317383,6.138998187718987,1.4332204332927352,0.5501282469881297,0.3542608319646949,6.576882210849977,1.6953606494785736,0.3454611976901804,17.433106566071555,54.88015465721557,6.300151355561021,24.75698,654.0,53.05060341368918,None,1.0,1.0,32.0836818709607,36.97876911638688,62.51714565397785,34.37660597630862,62.3800718756887,38.20169950056336,654.0,53.05060341368918,None,1.0,1.0,,,,,,,,,,,,,,,,,,,,,,,
403289,285023_43819,Takehiro Tomiyasu,Japan,DF,0,1,0,1,0,0,0.2,0.0,0,0,4,24,11,5,2,0,0,0,0,127,86,1,0,6,33,2,0,,,,37,0,7,30,8,29,1,0,10,258,4.81,202,53,21029.22,,,,,,,Round of 16,0.0,208.0,998.0,0.0,False,,,None,1.0,1.0,21.029220000000002,4.81,208.0,0.023214234657072664,0.017763118826666934,0.06000080788429862,0.4034389623034417,0.07058255152818449,0.3222361333815357,0.07706749967125337,0.4823861570886281,32.30831239998739,1.487459134508608,0.4735139961508643,67.17812292563357,1.482553130261243,9.023513988337687,2.8789974273532146,1.166068863928342,0.5693784469614478,5.006285981693479,1.597834831598754,0.3652811514906016,17.848908111666834,60.56106980995747,5.935465621521417,21.029220000000002,511.0,60.430305718207876,None,1.0,1.0,45.291672009986776,50.966190705288724,65.37015111191882,46.5357408440337,50.73072008183982,43.637300358932684,511.0,60.430305718207876,None,1.0,1.0,,,,,,,,,,,,,,,,,,,,,,,
430401,285023_43819,Tsuyoshi Watanabe,Japan,DF,0,0,0,0,0,0,0.0,0.0,0,0,4,8,3,0,1,0,0,0,0,34,91,2,50,0,0,0,0,,,,13,6,0,7,5,8,2,3,4,74,2.85,100,28,9543.84,,,,,,,Round of 16,0.0,99.0,798.0,0.0,False,,,None,1.0,1.0,9.54384,2.85,99.0,0.025251940644775078,0.01932233514924085,0.022889299558537215,0.2269607620704481,0.07677816770941734,0.13863008710248992,0.08383235355755289,0.736620577869366,15.438382208919425,0.346677452333734,0.09129547771572528,34.08688925779706,1.6126891194612956,6.425320514960889,1.4365798362439286,0.20896747642882696,0.40746613212071076,4.174380928109591,3.0094383643076354,0.6092362942928892,14.118370237951495,44.264096085852984,4.022817607115639,9.54384,668.0,52.30918602097453,None,1.0,1.0,48.7294605694688,58.48754030730754,41.77474245381026,37.55462741826873,42.28121886521251,32.66759521484497,668.0,52.30918602097453,None,1.0,1.0,,,,,,,,,,,,,,,,,,,,,,,
405528,285023_43819,Yukinari Sugawara,Japan,DF,2,2,0,1,1,0,0.09,0.0,0,0,5,36,4,3,1,0,0,0,0,73,71,5,20,4,25,2,50,,,,40,13,20,7,12,28,4,18,32,153,6.28,195,72,18767.61,,,,,,,Round of 16,0.0,181.0,956.0,0.0,False,,,None,1.0,1.0,18.76761,6.28,181.0,0.023812717691190033,0.01822106738313731,0.03956806010400395,0.6136546989796064,0.4720316937635815,0.3305436594170613,0.07905436642419363,1.294081415258477,22.35125311619291,1.1261776535946042,0.48572159624191746,47.929486188268626,1.7205893628933946,11.653924756515615,1.554517348744229,0.7965016640529304,0.38424278392715383,9.531276454920445,4.236619904436468,0.9741426098739294,22.105548289035962,60.72368341346568,5.6365840604542745,18.76761,504.0,60.71567335530287,None,1.0,1.0,53.96975175617534,61.878094476948,49.725130629461376,46.138701659324774,46.39944734731792,44.88278226339549,504.0,60.71567335530287,None,1.0,1.0,,,,,,,,,,,,,,,,,,,,,,,
430413,285023_43819,Ayase Ueda,Japan,FW,4,9,22,5,4,2,0.63,3.15,0,0,11,173,9,6,4,0,0,0,1,35,74,1,0,4,50,0,0,,,,165,82,80,3,141,24,2,45,59,117,6.28,385,141,36607.93,48.0,348.0,149.0,5.853370189666748,4.60254430770874,5.840290069580078,Round of 16,2.0,349.0,34.0,1.0,True,118.25,5.662476277351379,B,1.1,1.1,36.60793,6.28,349.0,0.36297132290063217,0.1868985801812462,0.12640842828328583,1.7249773715755328,0.7471811208218605,0.9684579329430598,0.06776478411240798,0.424157964555299,12.650693514019071,0.9653506696715642,0.07379750269802479,34.918713941236206,2.5025534772712272,33.454961548415945,2.188918222803653,1.1965938634561253,0.84320877830798,12.794685416259876,15.449891465741397,0.4924681725398312,30.76699701061472,84.59499464653075,7.887319035931067,36.60793,147.0,80.30831244261063,B,1.1,1.1,84.85175658231208,67.51443408106277,62.38887553224946,78.08696691553017,66.28095105651445,79.61324278491642,147.0,80.30831244261063,B,1.1,1.1,82.81379747898376,83.49334041665087,78.93962741573797,53.373792053456256,83.21202589517573,84.03904498087323,A,S,A,B,A,A,80.27045202361246,S,66.09289963295785,61.471305687508014,108.30000000000001,5.724363565444946,BL-B,1.05,70.23664552066091,92.46678200692043,23.0
464339,285023_43819,Keisuke Goto,Japan,FW,0,0,0,0,0,0,0.0,0.0,0,0,1,6,3,0,1,0,0,0,0,1,100,0,0,1,100,0,0,,,,15,9,6,0,14,1,0,1,1,2,1.75,15,10,1396.31,,,,,,,Round of 16,0.0,11.0,530.0,0.0,False,,,None,1.0,1.0,1.39631,1.75,11.0,0.015751210501196333,0.012052545687150232,0.014277483883047965,0.14156958426176464,0.04789133233359695,0.08647223254907785,0.0522914680606518,0.19513645398243232,5.268276128994468,0.3484142254831429,0.05694668411970983,11.745888112016008,0.6094251752053964,3.743533444445462,0.8960844523105694,0.13034604965362473,0.25416204280796806,2.207312144956313,2.273684047343541,0.1156789305634419,6.427450435733116,16.37583846418912,1.4324242560501539,1.39631,889.0,22.179298905188773,None,1.0,1.0,8.412240415688583,11.276250204860201,30.868614775372155,11.913906831839679,41.79574881952643,9.478841661160404,889.0,22.179298905188773,None,1.0,1.0,7.145989419569131,8.928774712556445,9.065249417610305,24.446512021314838,7.0714311839362125,11.376184822959656,F,F,F,E,F,F,7.699529828736475,F,22.831649389843854,26.189078097475043,,,None,1.0,6.4162748572803965,17.468468858131487,281.0
520218,285023_43819,Kento Shiogai,Japan,FW,0,0,0,0,0,0,0.0,0.0,0,0,0,6,2,0,0,0,0,0,0,1,100,0,0,0,0,0,0,,,,11,6,5,0,9,2,0,1,0,2,2.04,20,11,1755.39,,,,,,,Round of 16,0.0,12.0,543.0,0.0,False,,,None,1.0,1.0,1.75539,2.04,12.0,0.016290312591400947,0.012465057003136756,0.014766146097525334,0.14641495527493967,0.04953046459976562,0.0894318375463145,0.054081199696148885,0.20181520862221414,5.448588535631422,0.22364554654834254,0.05889574552275727,12.14790374326012,0.493589876251193,3.8716598957107875,0.7900603748781789,0.13480728314503454,0.12616748173016196,2.146166243063879,1.9414227353361662,0.11963816615709036,6.784130357396074,17.61978676637042,1.530534426795912,1.75539,903.0,19.972132470353394,None,1.0,1.0,7.531553668913609,8.664823268579184,26.7360828538114,9.296055859988131,41.830452639707815,8.625962173204329,903.0,19.972132470353394,None,1.0,1.0,10.934044915515166,12.951087162751875,8.970905915337593,28.717937874014087,8.607585677188105,3.339175005182128,F,F,F,E,F,G,10.697913260267994,F,22.981898238747558,14.420319541171652,,,None,1.0,8.914927716889995,20.17934688581315,279.0
403293,285023_43819,Koki Ogawa,Japan,FW,0,3,0,3,0,2,0.22,0.0,0,0,3,18,0,1,0,0,0,0,0,3,100,0,0,0,0,0,0,,,,24,12,10,2,22,2,1,5,4,12,4.72,78,29,5939.74,,,,,,,Round of 16,0.0,56.0,184.0,1.0,False,,,None,1.0,1.0,5.93974,4.72,56.0,0.024585561104314087,0.22511216596565478,0.06767120948785903,0.8398706375950663,0.07475205015927075,0.7538709420722834,0.08162008139893745,0.30458225497652264,8.635683314724554,0.33752889758999616,0.08888625937713554,20.39677871224676,1.3638317455023916,8.318758510853558,0.7797703874137512,0.40975271595959256,0.19041367770264309,4.0642221849177735,4.167819966283645,0.3868592784940369,13.952096899660514,38.55740608220575,3.1731336387309845,5.93974,659.0,52.68546174527421,None,1.0,1.0,55.744132302925784,48.92142711890701,39.55825022640687,33.99197769770739,54.294081773424566,30.518361566277218,659.0,52.68546174527421,None,1.0,1.0,58.947181817333615,69.71881759192503,36.36284027161253,72.02427523207373,35.48462016751399,36.316731678821114,B,A,D,A,D,D,55.05617604010267,B,40.674222609706476,38.62961963852171,,,None,1.0,45.88014670008556,63.96980968858131,87.0
448569,285023_43819,Shuto Machino,Japan,FW,0,0,0,0,0,0,0.0,0.0,0,0,1,4,1,1,0,0,0,0,0,4,75,1,0,0,0,1,100,,,,7,2,5,0,2,5,0,3,2,10,1.59,27,8,2487.67,,,,,,,Round of 16,0.0,23.0,590.0,0.0,False,,,None,1.0,1.0,2.48767,1.59,23.0,0.020357499895611857,0.015577196276399355,0.018452796160439426,0.18297024197675435,0.061896689966010145,0.11176020185607156,0.06758360289231466,0.42302390268913936,7.321397636546783,0.27948292366809635,0.2444218691920102,16.54743307304366,0.7876456821959688,4.496650292731781,0.8164923419670785,0.33928617032500313,0.15766760040609507,3.0236409419854073,1.7428492481481273,0.14950811664226685,7.965452888304957,23.214654401204005,2.0377508418507846,2.48767,921.0,13.824973068463208,None,1.0,1.0,10.795065698160698,15.31938529808431,10.8528471198017,9.619600711206058,16.094043651421437,8.616665788455219,921.0,13.824973068463208,None,1.0,1.0,29.48245458531989,32.3416688802034,13.89583025910596,45.835359793618245,13.695914560550088,8.408238641717073,D,D,E,C,E,F,26.382989989209875,E,36.21032907834641,49.748556528217534,,,None,1.0,21.98582499100823,37.227854671280284,253.0
405530,285023_43819,Zion Suzuki,Japan,GK,0,0,0,0,0,0,0.0,0.0,0,0,0,0,0,0,1,0,0,0,0,109,70,0,0,6,17,0,0,17.0,78.0,64.0,20,0,0,20,14,6,0,0,1,204,3.02,38,5,20433.26,,,,,,,Round of 16,0.0,405.0,1234.0,0.0,False,,,None,1.0,1.0,20.433259999999997,3.02,405.0,,,,,,,,,,,,,,,,,,,,,,,,,,,,,,,,,,,,,,,,,,,,,,,,,,,,,,,,,,,,,,,
400514,285023_43819,Ao Tanaka,Japan,MF,0,2,0,0,2,0,0.16,0.0,0,0,12,89,34,6,2,0,0,0,0,160,91,0,0,1,0,0,0,,,,119,2,33,84,103,16,0,7,38,331,4.57,285,67,23492.09,,,,,,,Round of 16,0.0,225.0,1019.0,0.0,False,,,None,1.0,1.0,23.49209,4.57,225.0,0.02284123973101204,0.017477709753689372,0.051370225579010415,0.588619672614728,0.06944846574085037,0.12539563188361263,0.0758292169207687,0.28297244363116125,38.11407629074788,0.5052445238637949,0.08257986671981274,80.09013459927051,2.9920359503839706,21.336621612925377,7.240987408557071,1.3389960113731252,0.5602299535968305,10.292410582241674,1.9554875449389748,0.1677490237735054,20.245402191573607,75.49603073959122,6.312138451465738,23.49209,285.0,72.73238131553997,None,1.0,1.0,46.80399576734416,46.042268263504944,68.15114626069344,76.65631779834844,74.71480110587457,51.459198653630565,285.0,72.73238131553997,None,1.0,1.0,,,,,,,,,,,,,,,,,,,,,,,
448557,285023_43819,Daichi Kamada,Japan,MF,0,1,200,0,1,0,0.09,23.09,1,0,13,116,22,2,4,1,0,0,1,200,85,4,50,6,50,3,100,,,,212,19,92,101,134,78,0,34,52,436,6.49,423,128,38789.21,90.0,346.0,235.0,5.447715759277344,4.659204483032227,5.46958589553833,Round of 16,2.0,359.0,45.0,0.0,True,164.65,5.334906601905823,C,1.0,1.0,38.78921,6.49,359.0,0.3599357665737444,0.015488333837811959,0.03363377739179965,0.35177366048778624,0.06154359106982424,0.11112264912207945,0.2370452616891792,0.9301522983740788,40.56968274116945,1.2969717688757394,0.5827219272693823,88.80794277620785,2.821318834399061,23.49388482872368,4.378625729920096,0.5071978613173851,0.8361569602155055,11.498752108217937,4.62030929687499,0.14865522530048092,28.30167671900685,90.3417139602039,8.191841096195505,38.78921,153.0,79.67441009784497,C,1.0,1.0,53.74552130234278,56.54587710358366,76.19695483411446,77.97404529193172,60.08405647661359,72.9634423587868,153.0,79.67441009784497,C,1.0,1.0,,,,,,,,,,,,,,,,,,,,,,,
430407,285023_43819,Daizen Maeda,Japan,MF,1,2,50,2,0,1,0.79,1.27,0,0,18,125,22,2,1,0,0,0,1,30,93,3,0,1,100,0,0,,,,102,73,25,4,71,31,8,31,33,92,5.36,432,239,32326.01,77.0,327.0,84.0,5.563324451446533,4.825092315673828,6.165918827056885,Round of 16,1.0,271.0,128.0,0.0,True,116.24999999999999,5.603238224983215,B,1.1,1.1,32.32601,5.36,271.0,0.20541519070631317,0.016737140474001204,0.16482487981159732,0.5636785531487432,0.25004756530364974,0.48716591098188056,0.07261616501947613,0.8216076290459703,12.63866640904221,0.4838361941468411,0.07908077483218558,32.83005158546133,3.966507468480916,27.0400459457828,4.731669312669064,0.5480926445591972,0.35294998451417564,8.938589421143728,14.904095933792496,1.6289754052442187,50.95674665525961,99.27773905542936,7.666072606817025,32.32601,104.0,84.00670374299197,B,1.1,1.1,81.34303987469119,61.808873183044376,67.25637038454362,88.45195946156466,72.11468231843739,88.14146351351111,104.0,84.00670374299197,B,1.1,1.1,,,,,,,,,,,,,,,,,,,,,,,
395321,285023_43819,Junya Ito,Japan,MF,1,3,33,2,1,0,0.67,1.49,11,0,6,77,5,2,5,0,0,0,0,85,76,17,35,10,60,1,100,,,,143,36,86,21,80,63,4,45,54,215,5.88,233,108,24421.93,91.0,246.0,41.0,5.428849220275879,5.230613708496094,6.555665493011475,Round of 16,1.0,242.0,119.0,0.0,True,101.75,5.68081796169281,B,1.1,1.1,24.42193,5.88,242.0,0.21106912648920412,0.01719782070462993,0.1467303503517371,0.7677871510133673,0.2569299817015507,0.5005748743931755,2.1491452280125527,3.4845332572869805,23.359190204904543,2.194496518166984,0.2698510956701085,56.930701126747294,1.8125593085076526,18.731811715226712,1.6558134569425973,0.5631785815084421,1.1170394019578676,13.14508601026363,8.336356956224282,0.9194373519992733,27.653531531730806,64.4801622422864,6.386417439281475,24.42193,205.0,76.25828407943104,B,1.1,1.1,80.5177573013258,76.32617088435116,70.6854090225714,65.1265521137358,62.1739602071086,62.68775425534836,205.0,76.25828407943104,B,1.1,1.1,,,,,,,,,,,,,,,,,,,,,,,
479294,285023_43819,Kaishu Sano,Japan,MF,1,1,100,0,1,0,0.09,11.52,0,0,10,108,14,4,1,1,0,0,0,131,95,1,100,1,100,1,100,,,,124,6,39,79,93,31,2,6,42,287,5.11,411,114,34501.68,41.0,258.0,122.0,5.938204288482666,5.194927215576172,5.937811374664307,Round of 16,1.0,303.0,66.0,1.0,True,93.79999999999998,5.826614499092102,B,1.1,1.1,34.50168,5.11,303.0,0.19951882449290975,0.1945299937373533,0.03530234265549146,0.3692250845052011,0.24287004347222801,0.1166354224919752,0.07053174516476375,0.4414771161373981,30.281480165911397,0.4699478571734186,0.2550840773910041,66.65096812574573,2.4264640623146168,23.233225668731876,3.1696622219751345,0.8889064234521155,0.3428186872301005,10.286470134881867,2.531969231362299,0.5125765558364148,27.209891475444635,92.68426967178938,7.833884701643622,34.50168,128.0,81.5623762534459,B,1.1,1.1,65.59363577578472,69.2049187653808,74.52427836654975,75.2941501283086,84.9757247057563,77.55986435786731,128.0,81.5623762534459,B,1.1,1.1,,,,,,,,,,,,,,,,,,,,,,,
405522,285023_43819,Keito Nakamura,Japan,MF,2,5,20,2,3,0,0.17,5.98,0,0,9,80,11,3,1,0,0,0,1,117,85,9,33,10,80,0,0,,,,155,52,85,18,32,123,4,56,72,272,6.72,497,180,36946.02,59.0,261.0,57.0,5.704461097717285,5.182394027709961,6.340290546417236,Round of 16,1.0,330.0,70.0,1.0,True,88.8,5.785108399391174,B,1.1,1.1,36.94602,6.72,330.0,0.19483312351008641,0.18996145547957038,0.048400189871729664,1.0568999797928167,0.4112527760519422,0.4620693132668079,0.06887530663833026,1.823801320927708,27.133107871919925,2.0256899636544037,0.07500688881466942,62.4743716164694,2.1953919996691384,17.81317015930552,2.572963070889409,0.6939439126640939,0.33476758797284034,15.267488429387004,10.480486629470274,0.8487117663370054,38.06057844261769,105.47902115584975,8.07543255130673,36.94602,58.0,88.12415178845909,B,1.1,1.1,73.69966797231253,88.03467580673235,80.52935882763383,73.72003572657867,76.38015705630767,90.06570104252617,58.0,88.12415178845909,B,1.1,1.1,,,,,,,,,,,,,,,,,,,,,,,
391646,285023_43819,Ritsu Doan,Japan,MF,0,1,0,0,1,0,0.02,0.0,1,0,9,114,19,6,5,0,0,0,0,105,85,5,0,5,80,0,0,,,,97,42,41,14,45,52,2,44,65,222,6.63,346,152,32576.29,161.0,186.0,83.0,4.845883369445801,5.447380542755127,6.168525695800781,Round of 16,0.0,295.0,232.0,1.0,True,145.25,5.266768527030944,B,1.1,1.1,32.57629,6.63,295.0,0.02139879140136665,0.19593322523615708,0.022987846591179875,0.3718884695121719,0.06506272203411478,0.11747676575001285,0.25059977331009375,1.1628986922289253,25.83137343885459,1.1915748054024164,0.07736486122032557,55.46039991753585,2.2644079772229984,24.478172782284606,4.090322663762283,1.2544370039482935,1.0635285961262224,14.49053380482828,9.014366498261053,0.5162739988624458,34.229420090843085,81.68149126424431,7.544672414862226,32.57629,141.0,80.60584610406993,B,1.1,1.1,52.99210692515173,77.78990108455521,73.87512707176016,80.86872841117544,77.54324947890919,79.43877858228574,141.0,80.60584610406993,B,1.1,1.1,,,,,,,,,,,,,,,,,,,,,,,
403304,285023_43819,Takefusa Kubo,Japan,MF,0,1,0,0,1,0,0.01,0.0,0,0,0,49,3,1,1,0,0,0,0,16,75,0,0,2,50,0,0,,,,20,7,9,4,15,5,1,4,10,36,1.57,85,32,7808.85,,,,,,,Round of 16,0.0,77.0,189.0,1.0,False,,,None,1.0,1.0,7.8088500000000005,1.57,77.0,0.02520390640283742,0.23077390575164822,0.024960642788001936,0.43801736285352194,0.07663212027745306,0.13836638494837064,0.08367288765314447,0.3122427270958806,11.602225458134669,0.7689946535751554,0.09112181545641222,25.985492805603304,0.7636681599952845,15.084119617659931,1.4338471740542142,0.4200583040401641,0.40669105003703987,5.435370373926887,3.2152021361469023,0.396589079454526,14.93746757603176,41.00757203827164,3.6482352734491044,7.8088500000000005,728.0,47.32361774092138,None,1.0,1.0,47.113876725345825,59.63860604157345,33.921749174636126,34.30800322754675,32.48849101523991,29.095202098914896,728.0,47.32361774092138,None,1.0,1.0,,,,,,,,,,,,,,,,,,,,,,,
485503,285023_43819,Yuito Suzuki,Japan,MF,0,0,0,0,0,0,0.0,0.0,0,0,0,7,2,0,0,0,0,0,0,4,100,0,0,0,0,0,0,,,,12,5,5,2,7,5,0,3,6,11,1.86,32,14,2226.64,,,,,,,Round of 16,0.0,17.0,562.0,0.0,False,,,None,1.0,1.0,2.2266399999999997,1.86,17.0,0.01848330583786322,0.014143096369862948,0.01675395685845828,0.16612525894759653,0.05619822949083108,0.10147110411393734,0.061361582133796916,0.2289834650358763,6.647360057512399,0.25375259148256746,0.06682425956765932,15.179104369874615,0.5600366837674831,4.547955839122034,0.8964178837770488,0.15295496814814744,0.14315208124628476,3.365652847559671,2.0476808945234377,0.13574379267159467,8.162691811426287,21.85289480642318,1.8096627449946199,2.2266399999999997,883.0,22.8568929128843,None,1.0,1.0,9.780830863232211,10.940232628072579,29.196793343905902,11.547076443471353,44.502646793674934,10.993662348208447,883.0,22.8568929128843,None,1.0,1.0,,,,,,,,,,,,,,,,,,,,,,,
433527,285023_43820,Abdallah Nasib,Jordan,DF,0,0,0,0,0,0,0.0,0.0,0,0,12,38,6,1,1,0,0,0,0,97,72,0,0,1,0,0,0,,,,29,0,2,27,1,28,0,1,13,190,5.62,269,86,26869.89,,,,,,,Round of 16,0.0,287.0,1088.0,0.0,False,,,None,1.0,1.0,26.869889999999998,5.62,287.0,0.021554530369342947,0.016493142671278608,0.019537829167579724,0.1937289774086694,0.06553624415941924,0.11833175376853858,0.07155755021401301,0.26703183372546324,24.572443870027396,0.47678272115766035,0.07792791748916296,50.076322700986864,2.8234864008346756,10.910501852557758,1.7688328290462905,0.35923635513537316,0.34780460016215886,5.190959223134782,1.4835974526688234,0.15829926352221904,22.541378799038295,68.34927617669825,6.567487884440878,26.869889999999998,763.0,44.4985394673138,None,1.0,1.0,26.165705706226916,29.331435526412402,37.241466557311895,52.13786616222762,28.634106426857635,49.499406550433584,763.0,44.4985394673138,None,1.0,1.0,,,,,,,,,,,,,,,,,,,,,,,
389437,285023_43820,Ehsan Haddad,Jordan,DF,0,1,0,1,0,0,0.03,0.0,0,0,13,80,18,3,1,0,0,0,0,73,74,7,29,9,78,0,0,,,,57,11,30,16,3,54,0,23,48,167,6.44,384,118,30918.71,,,,,,,Round of 16,0.0,287.0,229.0,1.0,False,,,None,1.0,1.0,30.91871,6.44,287.0,0.021554530369342947,0.19735921410245347,0.02496381131051497,0.37459504883984424,0.06553624415941924,0.29919782519971344,0.07155755021401301,1.5330943337436873,20.231658155679206,1.9237112926070594,0.07792791748916296,45.91640305806984,3.0043524722658503,18.506876852667098,3.939225686220389,0.7209684979977229,0.34780460016215886,11.521271723225901,3.4731242384117462,0.15829926352221904,28.32909308483589,89.14887439128336,7.299782051772847,30.91871,273.0,73.21432553421764,None,1.0,1.0,44.277141552826535,73.53230877059285,56.19118896509051,70.30506506273208,53.49918733378486,67.58957173230112,273.0,73.21432553421764,None,1.0,1.0,,,,,,,,,,,,,,,,,,,,,,,
489550,285023_43820,Husam Abudahab,Jordan,DF,0,0,0,0,0,0,0.0,0.0,0,0,4,42,14,2,1,1,0,0,0,58,74,0,0,1,100,0,0,,,,22,1,4,17,8,14,0,0,15,112,4.16,206,75,19848.59,,,,,,,Round of 16,0.0,190.0,971.0,0.0,False,,,None,1.0,1.0,19.84859,4.16,190.0,0.023613357150783755,0.018068520248980282,0.021404026447323785,0.21223341244833985,0.07179607781473117,0.12963446273871568,0.07839252171515254,0.29253794688825213,19.191999805921906,0.5223236361498872,0.08537136816052589,39.40440256279362,1.5080426762725638,12.745209141467479,3.52292168562446,0.5916914578041733,0.3810258957901365,6.083068483823361,1.8234482953489433,0.1734195541357155,22.514905840409238,62.39486420810512,5.803581875948323,19.84859,750.0,45.60433377837698,None,1.0,1.0,31.803605870301798,34.98717977613593,35.62524571969626,48.70789900981239,34.094073843683205,43.19257227351637,750.0,45.60433377837698,None,1.0,1.0,,,,,,,,,,,,,,,,,,,,,,,
489551,285023_43820,Mohammad Abualnadi,Jordan,DF,0,0,0,0,0,0,0.0,0.0,0,0,2,6,3,0,0,0,0,0,0,31,77,0,0,0,0,0,0,,,,26,0,2,24,4,22,0,1,10,60,2.24,115,31,8415.95,,,,,,,Round of 16,0.0,75.0,738.0,0.0,False,,,None,1.0,1.0,8.41595,2.24,75.0,0.025175937641256012,0.019264179004847715,0.022820407605266425,0.22627765815217954,0.07654708165418324,0.13821283984430424,0.08358003589404828,0.3118962315070582,14.758155030678878,0.3456340264838021,0.09102069762607941,31.026744007585467,1.1853279919744713,5.983474384280308,1.432256034604863,0.2083385284968716,0.19498610812843215,5.429338746302768,1.7328587685789205,0.18489534769732147,14.709637839111117,47.29967506928362,3.7724389117617885,8.41595,806.0,38.60810947605594,None,1.0,1.0,42.38679807031939,41.80361247640545,29.104338329260333,26.84708105542087,27.248909956757768,25.86285965075698,806.0,38.60810947605594,None,1.0,1.0,,,,,,,,,,,,,,,,,,,,,,,
433526,285023_43820,Mohammad Abuhasheesh,Jordan,DF,0,0,0,0,0,0,0.0,0.0,0,0,0,7,2,0,0,0,0,0,0,3,100,0,0,0,0,0,0,,,,0,0,0,0,0,0,0,0,1,6,2.5,25,12,1660.43,,,,,,,Round of 16,0.0,13.0,546.0,0.0,False,,,None,1.0,1.0,1.66043,2.5,13.0,0.016790878465552557,0.012848081093074629,0.015219877650415232,0.15091396839484486,0.0510524280470849,0.09217988339793226,0.05574299733503278,0.20801655103073205,5.897799459988588,0.23051768775987333,0.060705483683151554,13.084757702247371,0.5087568195797382,4.131521408089536,0.814337211799786,0.13894961774732562,0.13004433402672888,2.353007088482793,1.1557154849913318,0.12331438678749933,7.1334857523761785,18.8656736139215,1.5641851431897489,1.66043,900.0,20.48216029210166,None,1.0,1.0,8.15541851058558,9.307940210356804,26.37388174651205,9.915695491804929,42.26425039197521,9.154264756344359,900.0,20.48216029210166,None,1.0,1.0,,,,,,,,,,,,,,,,,,,,,,,
431219,285023_43820,Saed Alrosan,Jordan,DF,0,0,0,0,0,0,0.0,0.0,0,0,1,3,1,0,0,0,0,0,0,13,92,0,0,0,0,0,0,,,,4,0,1,3,1,3,0,0,2,28,2.24,36,12,2425.08,,,,,,,Round of 16,0.0,22.0,585.0,0.0,False,,,None,1.0,1.0,2.42508,2.24,22.0,0.02008779577654574,0.015370823488935806,0.0182083263012584,0.18054618066369046,0.061076658413707886,0.11027955899998387,0.06668822889379555,0.24886095172562733,8.741427981711999,0.27578022460836676,0.07262510780751151,19.362260377024608,0.7772106442029839,4.268518346431677,0.8056751321454575,0.16623260958404654,0.15557875838272064,2.983582564443369,1.382642170028559,0.1475273746504209,8.534157713225744,24.42412466596723,2.0002038412945207,2.42508,890.0,22.09887222803539,None,1.0,1.0,12.26617316431842,13.380458691965355,25.979437217197937,12.699540474335013,36.70172378575794,11.870187592032071,890.0,22.09887222803539,None,1.0,1.0,,,,,,,,,,,,,,,,,,,,,,,
499102,285023_43820,Saleem Obaid,Jordan,DF,0,0,0,0,0,0,0.0,0.0,0,0,2,6,3,1,0,0,0,0,0,18,67,0,0,0,0,0,0,,,,2,0,0,2,0,2,0,0,5,36,6.56,43,19,4204.95,,,,,,,Round of 16,0.0,43.0,657.0,0.0,False,,,None,1.0,1.0,4.20495,6.56,43.0,0.023649477687624598,0.018096159040328134,0.021436767447296643,0.21255805856893367,0.07190590179516629,0.12983276009886216,0.0785124360479845,0.2929854320815031,11.283558366945934,0.32467764712038466,0.0855019577937197,24.38286043781136,1.113459538157587,5.620686147300564,1.3454159132427665,0.39415157833552805,0.18316376848755403,4.107923849027715,1.6277925917704685,0.17368482803785837,11.436427824743754,30.143777455643477,2.7080577527272367,4.20495,865.0,25.364704577368784,None,1.0,1.0,28.500141495621413,28.57288184830116,17.812390233401118,18.738655631783015,18.33371532848754,15.936569086280253,865.0,25.364704577368784,None,1.0,1.0,,,,,,,,,,,,,,,,,,,,,,,
431225,285023_43820,Yazan Alarab,Jordan,DF,0,0,0,0,0,0,0.0,0.0,0,1,10,28,16,4,0,1,0,0,0,106,89,0,0,1,0,0,0,,,,17,1,5,11,9,8,0,0,24,212,5.49,258,78,28270.79,,,,,,,Round of 16,0.0,309.0,1152.0,0.0,False,,,None,1.0,1.0,28.27079,5.49,309.0,0.02113222911937548,0.01617000527757881,0.019155039585169942,0.18993339532394157,0.06425224319291897,0.11601337119786699,0.07015557845298742,0.261800085446514,25.686917494827078,0.46744148589724643,0.07640113604697289,52.9963110747547,2.413523009949726,8.923515801352865,3.5074024780820627,0.8841656219079916,0.16366783119581088,7.039804297656761,1.631852977049879,0.15519782843136487,20.681162972156162,65.05961412309598,6.687227265069065,28.27079,643.0,53.53366092781919,None,1.0,1.0,28.900806504534653,32.333153744755556,50.673061967215936,50.13220740361193,59.35588183131034,47.12268165095924,643.0,53.53366092781919,None,1.0,1.0,,,,,,,,,,,,,,,,,,,,,,,
498514,285023_43820,Ali Azaizeh,Jordan,FW,0,2,0,1,1,1,0.06,0.0,1,0,3,47,3,1,1,0,0,0,0,13,92,1,0,0,0,0,0,,,,30,11,19,0,18,12,0,12,16,35,7.27,129,40,9229.12,,,,,,,Round of 16,0.0,78.0,750.0,0.0,False,,,None,1.0,1.0,9.22912,7.27,78.0,0.025216045899345615,0.01929486912945879,0.035552174575965635,0.6498185237186829,0.07666903024456906,0.35002321850403384,0.2953033780099073,0.5239833084331226,10.97304311855054,0.34618466252907276,0.09116570440532645,25.786418565093157,1.398806549407505,14.668204526425738,1.4345377885361323,0.42026062570545,0.40688693334587794,6.707529462778724,4.063111499496338,0.1851899079409431,16.637383741580788,50.33729171682024,3.9505076490401536,9.22912,616.0,55.31086393612896,None,1.0,1.0,52.00895768894917,47.49967361235631,42.806346049619016,42.55266417121008,55.684713424978895,35.72134782696446,616.0,55.31086393612896,None,1.0,1.0,41.369111486391915,47.02690395780367,40.372487499485956,59.79150366877417,35.993562781171136,48.31062618953398,C,C,C,B,D,C,40.154647141841394,C,38.5225756618215,31.483598628089,,,None,1.0,33.46220595153449,55.517106401384076,139.0
431212,285023_43820,Ali Olwan,Jordan,FW,3,6,17,4,2,1,0.25,3.93,0,0,11,154,7,1,4,0,0,0,1,48,75,8,38,4,50,1,100,,,,63,22,36,5,30,33,12,40,47,147,6.79,411,138,33572.53,,,,,,,Round of 16,1.0,297.0,135.0,0.0,False,,,None,1.0,1.0,33.57253,6.79,297.0,0.20059604825848418,0.01634447884154747,0.06417067237874015,1.267397587884567,0.6026529320157462,0.8342083634767382,0.0709125537040684,1.6985113229156912,15.568401476363267,1.010192566876469,0.2564613039814454,41.9178114498041,2.618800608291246,31.603511330568136,1.9321249480085818,0.3559983153392292,0.882377012761087,11.238186919531147,5.413412462534164,2.307702046468056,31.658459911816383,93.18468209271815,7.709643747758902,33.57253,185.0,77.5262057845296,None,1.0,1.0,73.35215508267622,58.30006714350384,56.00040203002313,70.68778738623604,52.36289161615629,74.34889337967762,185.0,77.5262057845296,None,1.0,1.0,68.21205646628536,53.420862899859614,62.16583652448215,44.35516271595018,87.63761384002048,84.39708293289613,A,B,B,C,S,S,56.03742384886354,B,79.74515800203874,45.9716523685192,,,None,1.0,46.69785320738628,75.85999134948096,62.0
396950,285023_43820,Mahmoud Almardi,Jordan,FW,1,1,0,1,0,0,0.02,0.0,1,0,6,90,16,4,2,0,0,0,0,39,82,7,14,5,60,0,0,,,,80,28,48,4,49,31,4,17,37,105,7.38,328,87,18861.43,,,,,,,Round of 16,0.0,152.0,904.0,0.0,False,,,None,1.0,1.0,18.86143,7.38,152.0,0.02443685966035918,0.018698649699627062,0.026251519093113462,0.42468689788687364,0.2793518904331586,0.3392073564028643,0.2861783815933399,1.7381037971057578,15.965322639090472,1.3607472379294743,0.0883486464643755,39.34324511852378,1.9707387436861972,23.032185435833757,4.055885521830853,1.0224302934170686,0.5993659238639188,10.80635529349791,7.423443078475541,0.9996753228831309,25.760724059092777,89.58718961707227,5.803559422206142,18.86143,277.0,73.06893524854478,None,1.0,1.0,54.22222547588154,69.74762551733751,58.05923666613857,67.02528008789434,59.06691037391094,56.451905994208396,277.0,73.06893524854478,None,1.0,1.0,27.037945866261115,23.310439039198574,72.63070808427055,58.45932629887294,73.61106031235141,79.64836904290802,D,E,B,B,B,A,30.252291137050612,D,40.35691049354029,55.196431844565275,,,None,1.0,25.210242614208845,52.780276816608996,161.0
431208,285023_43820,Mohammad Abuzraiq,Jordan,FW,0,0,0,0,0,0,0.0,0.0,0,0,0,10,3,1,0,1,0,0,0,5,80,0,0,0,0,0,0,,,,2,1,1,0,0,2,0,0,2,10,5.37,24,15,1643.16,,,,,,,Round of 16,0.0,12.0,532.0,0.0,False,,,None,1.0,1.0,1.6431600000000002,5.37,12.0,0.016290312591400947,0.012465057003136756,0.014766146097525334,0.14641495527493967,0.04953046459976562,0.0894318375463145,0.054081199696148885,0.20181520862221414,5.995362655095999,0.22364554654834254,0.05889574552275727,13.241451982189274,0.493589876251193,4.418434015175364,0.926753904744323,0.2715008130111787,0.12616748173016196,2.4195533027961673,1.2579550860054456,0.11963816615709036,7.330904476860651,18.166560885834997,1.5151933119390346,1.6431600000000002,932.0,9.076547866913842,None,1.0,1.0,3.617838515362446,4.568744584397367,10.174397904100104,5.6544783742141576,19.295279120491614,4.791887395423716,932.0,9.076547866913842,None,1.0,1.0,10.934044915515166,12.951087162751875,5.310571552289281,23.241208686642278,10.71065432866391,6.589782727495431,F,F,F,F,F,F,10.29487791319367,F,25.428238815898887,34.66194822127025,,,None,1.0,8.57906492766139,20.71775519031142,278.0
431211,285023_43820,Mousa Altamari,Jordan,FW,3,8,13,4,4,0,1.13,0.89,0,0,10,82,7,2,3,0,0,0,1,36,78,1,100,4,75,0,0,,,,81,47,25,9,50,31,6,33,45,102,6.07,243,120,23119.95,,,,,,,Round of 16,1.0,230.0,63.0,1.0,False,,,None,1.0,1.0,23.11995,6.07,230.0,0.21348582948307132,0.20814776338977153,0.23615678025256,1.7303433277053488,0.6413778446721966,0.8878124269380492,0.0754692102845829,0.47238203500810994,14.279750163439445,1.0751049183150323,0.08218781071235674,36.027454791405255,2.5963249050342476,19.900052696079086,2.0562782805124487,0.569626873528464,0.7483232377827885,11.578817570100982,10.530090061136633,1.3114708035014542,30.259195792358913,67.12597864487547,6.211184122905591,23.11995,166.0,78.84085389896543,None,1.0,1.0,79.88123110230137,72.67879744382421,57.428895183262384,66.31195663468046,56.975159820637735,58.5882344617135,166.0,78.84085389896543,None,1.0,1.0,82.92575971039103,86.03574545592532,68.213496926579,71.28417669323971,71.54456676785782,75.20116079672869,A,S,B,A,B,A,73.98634681788697,A,60.10582010582011,54.69754580020739,,,None,1.0,61.65528901490581,90.34710207612457,27.0
511875,285023_43820,Odeh Fakhoury,Jordan,FW,1,2,0,0,2,0,0.08,0.0,2,0,7,99,5,2,4,0,0,0,1,21,81,1,0,0,0,1,100,,,,84,48,33,3,49,35,3,9,19,53,7.01,275,98,18713.27,,,,,,,Round of 16,0.0,163.0,924.0,0.0,False,,,None,1.0,1.0,18.71327,7.01,163.0,0.024205399101705105,0.018521540203329002,0.03818945594792014,0.6237741148266126,0.2767059307837025,0.1328847011413446,0.48657752072787924,0.5029823134793991,12.158126974868438,0.33230975042057487,0.2906215853280026,28.408887150242418,2.155182097670117,24.642017462667592,1.7832617305818939,0.6065265429970575,0.9999083773050114,7.048024233013243,11.415325014904454,0.7870968603444332,27.75093148397178,77.97382230223803,5.718496642411157,18.71327,505.0,60.66179548601167,None,1.0,1.0,50.27593489530423,45.80767893371788,42.802909212975926,63.827853081405586,45.46510765291155,54.266850804138755,505.0,60.66179548601167,None,1.0,1.0,29.277190494406565,29.07828330740334,47.9562536437154,39.956862828022246,73.44647233093158,79.26206493677806,D,D,C,D,B,A,30.522176910697386,D,47.11762745751416,50.66083150984683,,,None,1.0,25.435147425581157,49.21124567474048,195.0
397894,285023_43820,Yazeed Abulaila,Jordan,GK,0,0,0,0,0,0,0.0,0.0,0,0,0,0,0,0,0,0,0,0,0,66,64,0,0,3,33,0,0,8.0,70.0,56.0,9,0,0,9,7,2,0,0,0,122,2.64,9,2,13586.57,,,,,,,Round of 16,0.0,309.0,1151.0,0.0,False,,,None,1.0,1.0,13.58657,2.64,309.0,,,,,,,,,,,,,,,,,,,,,,,,,,,,,,,,,,,,,,,,,,,,,,,,,,,,,,,,,,,,,,,
491167,285023_43820,Amer Jamous,Jordan,MF,0,0,0,0,0,0,0.0,0.0,0,0,2,26,2,1,0,0,0,0,0,4,100,0,0,0,0,0,0,,,,4,1,3,0,4,0,0,2,2,8,2.19,48,10,2136.97,,,,,,,Round of 16,0.0,19.0,572.0,0.0,False,,,None,1.0,1.0,2.13697,2.19,19.0,0.019181796058587344,0.014677568644020275,0.017387094411162426,0.17240318724722226,0.058321979109308066,0.10530573058884385,0.06368045655077578,0.23763682566509015,6.898565985420224,0.26334198556546423,0.06934957036566192,15.26985901721717,0.903113128439368,7.777993090386437,0.9302938111134795,0.31969142370356535,0.14856184558735863,2.8490170306256957,1.4812384830083865,0.1408735953452528,7.827337678303954,25.254022695258563,1.8636175509304185,2.13697,862.0,25.832257153259075,None,1.0,1.0,12.006336451822794,13.265031667865063,28.43208685178874,16.702094945896484,48.28784203774524,12.937290520932493,862.0,25.832257153259075,None,1.0,1.0,,,,,,,,,,,,,,,,,,,,,,,
45191,285023_43820,Mohammad Aldaoud,Jordan,MF,0,0,0,0,0,0,0.0,0.0,0,0,0,1,0,0,0,0,0,0,0,5,40,0,0,1,0,0,0,,,,7,3,2,2,0,7,0,1,4,9,2.14,28,7,1620.24,,,,,,,Round of 16,0.0,15.0,556.0,0.0,False,,,None,1.0,1.0,1.62024,2.14,15.0,0.01769274821698816,0.013538175761177173,0.01603736598502623,0.15901984227414462,0.05379455024679396,0.09713103879447751,0.058737058858017374,0.21918951232382095,6.511504388328308,0.39136072533739474,0.06396608970757257,14.232949210796022,0.5360831079187829,3.462664228575457,0.5611538037728148,0.14641286378754573,0.13702926048217953,2.9247760305551838,1.6631756368445534,0.1299378350834677,6.77433123755006,20.32436901939417,1.6422338098228544,1.62024,938.0,5.371860657270084,None,1.0,1.0,2.801609216938536,7.933294766815041,7.885589135304974,3.4327152488015558,3.9331237548377205,3.588791118576567,938.0,5.371860657270084,None,1.0,1.0,,,,,,,,,,,,,,,,,,,,,,,
479389,285023_43820,Mohannad Abutaha,Jordan,MF,0,1,0,0,1,0,0.04,0.0,2,0,21,98,21,2,2,1,0,0,0,87,68,6,50,6,50,2,0,,,,76,25,36,15,19,57,2,25,64,213,6.46,423,170,31861.4,,,,,,,Round of 16,0.0,296.0,1103.0,0.0,False,,,None,1.0,1.0,31.8614,6.46,296.0,0.021379498689336366,0.016359211547710823,0.02655506850565288,0.3715531824852036,0.06500406281656522,0.11737085110421097,0.4297712019930887,1.341247610892634,22.57893184414556,1.3698978702698417,0.43608983925754846,53.79582167817694,4.4151348050400125,21.585745934182317,4.4454296412394765,0.5357165720163589,0.5243776476102736,14.298072072044057,5.9564841368638515,0.515808536799568,37.427712104290976,95.42144595629028,7.409620910976952,31.8614,244.0,74.26965750397467,None,1.0,1.0,44.639272880903775,58.737283669757446,57.1410592681778,80.53198689712276,52.74440553040285,76.57401168595685,244.0,74.26965750397467,None,1.0,1.0,,,,,,,,,,,,,,,,,,,,,,,
433534,285023_43820,Nizar Alrashdan,Jordan,MF,1,2,50,2,0,1,0.23,4.3,0,0,15,149,17,5,4,0,0,0,0,80,78,0,0,7,43,2,100,,,,63,7,41,15,36,27,0,12,42,204,6.62,407,103,31944.15,,,,,,,Round of 16,1.0,289.0,134.0,0.0,False,,,None,1.0,1.0,31.94415,6.62,289.0,0.20205277756059328,0.01646317251205041,0.0610259317665205,0.55445177605134,0.24595457092606107,0.47919155885339537,0.07142752095175312,0.2665466025760543,21.45865653529686,1.5591408329507552,0.43886114153551525,52.51285139255909,3.3599680069170397,30.930329083123944,3.751530192505236,1.080733234693172,0.8887848381452654,10.417111605029689,2.7446634672841204,0.15801161342253678,25.569554264922278,93.13923996737805,7.47164769629662,31.94415,212.0,75.79306394543566,None,1.0,1.0,61.471132585078514,51.454627351409385,59.3265954545367,82.00474115465697,57.27064381704764,65.96621498055022,212.0,75.79306394543566,None,1.0,1.0,,,,,,,,,,,,,,,,,,,,,,,
431230,285023_43820,Noor Alrawabdeh,Jordan,MF,0,1,0,0,1,0,0.03,0.0,0,0,20,182,22,1,0,0,0,0,0,111,76,0,0,10,40,5,80,,,,85,4,35,46,63,22,0,10,69,253,7.46,635,142,38422.0,,,,,,,Round of 16,0.0,309.0,239.0,1.0,False,,,None,1.0,1.0,38.422,7.46,309.0,0.02113222911937548,0.19349250759667846,0.02447471465474293,0.36725589764304123,0.06425224319291897,0.11601337119786699,0.07015557845298742,0.261800085446514,26.573530006422573,2.0633440067691438,0.9630136476424712,60.26653366983779,4.186748033140722,36.231181158494216,4.571337491996661,0.35219811495069264,0.16366783119581088,15.019316902016248,2.1638204840071777,0.15519782843136487,32.02980312057854,131.91019749739658,8.487265223835733,38.422,220.0,75.33919192285762,None,1.0,1.0,42.325765622115185,57.56907482256112,61.880268731613555,79.34506323562312,53.15683852202092,81.50938939673968,220.0,75.33919192285762,None,1.0,1.0,,,,,,,,,,,,,,,,,,,,,,,
511828,285023_43822,Castrop Jens,Korea Republic,DF,0,0,0,0,0,0,0.0,0.0,0,0,2,13,5,3,0,0,0,0,0,30,90,4,25,2,100,1,100,,,,19,4,15,0,3,16,3,13,12,65,2.16,40,32,5519.79,,,,,,,Round of 16,0.0,51.0,684.0,0.0,False,,,None,1.0,1.0,5.5197899999999995,2.16,51.0,0.024294330878882612,0.01858958921501544,0.022021286398676225,0.21835390506526073,0.07386656878559043,0.13337292579661872,0.08065324421329449,1.1163982720958268,14.037500440094119,0.7412426573661342,0.2916893427304221,30.959534652192247,1.1438203751283469,7.200938030115699,1.789813518230878,0.8126109427334104,0.1881581172927224,5.646927057832324,2.487601781336727,0.7899886913077302,14.398394200664143,30.354143532518066,3.049936706964376,5.5197899999999995,670.0,52.251170957861014,None,1.0,1.0,38.68469416636097,57.87677073402357,45.29800180896939,34.34983084542308,55.979695896520724,29.809781221979925,670.0,52.251170957861014,None,1.0,1.0,,,,,,,,,,,,,,,,,,,,,,,
395088,285023_43822,Kim Minjae,Korea Republic,DF,1,1,0,1,0,1,0.1,0.0,0,0,3,13,4,2,0,0,0,0,0,226,98,0,0,0,0,0,0,,,,33,0,0,33,20,13,0,2,43,459,5.97,264,91,26815.14,,,,,,,Round of 16,0.0,268.0,1070.0,0.0,False,,,None,1.0,1.0,26.81514,5.97,268.0,0.02193427767514019,0.01678371854494532,0.03828730291350887,0.38119465728059415,0.25074342689686574,0.3044690867894156,0.07281824977172045,0.271736395489591,48.7481417885808,0.3011301036291513,0.07930085005627606,100.46870677229452,1.216757432587999,6.501408705655174,1.4318909592916211,0.5496179408379661,0.16987964855280638,10.80399043698399,1.5097354443524624,0.1610881769340255,23.85877521386313,68.6331895913037,6.67311688297688,26.81514,472.0,62.37120554056327,None,1.0,1.0,42.05690681723544,36.93586156850471,69.35758763441304,37.88989583818717,74.28843988650321,51.74280677716842,472.0,62.37120554056327,None,1.0,1.0,,,,,,,,,,,,,,,,,,,,,,,
448580,285023_43822,Kim Moonhwan,Korea Republic,DF,0,0,0,0,0,0,0.0,0.0,0,0,11,19,2,0,0,0,0,0,0,25,88,0,0,0,0,0,0,,,,27,14,9,4,10,17,0,7,1,49,2.29,109,52,8571.36,,,,,,,Round of 16,0.0,74.0,736.0,0.0,False,,,None,1.0,1.0,8.57136,2.29,74.0,0.02516001979903609,0.01925199895553774,0.022805979080187003,0.2261345909063163,0.07649868368047004,0.13812545282385805,0.08352719123566636,0.3116990307087062,13.482103564863241,0.34541549448798126,0.0909631485042074,28.684806151724203,3.084659172333159,8.724252144680015,1.2202304015247492,0.20820680351914886,0.19486282540710945,3.525825349457148,4.68744410971726,0.18477844500182777,19.13385891115344,46.00304876772793,3.8028639038872756,8.57136,734.0,46.88474689504354,None,1.0,1.0,41.917093009012326,41.865550024479106,37.68977948870491,44.777835813957154,36.17652506504498,32.2603061050994,734.0,46.88474689504354,None,1.0,1.0,,,,,,,,,,,,,,,,,,,,,,,
423874,285023_43822,Lee Hanbeom,Korea Republic,DF,0,2,0,2,0,2,0.22,0.0,0,0,5,41,22,7,3,0,0,0,0,200,92,2,50,3,33,1,100,,,,53,6,8,39,3,50,1,10,33,403,6.23,365,107,31151.94,,,,,,,Round of 16,0.0,300.0,1109.0,0.0,False,,,None,1.0,1.0,31.15194,6.23,300.0,0.02130271646567816,0.016300459157948068,0.05863525271979305,0.5489718657786827,0.06477060755353967,0.4744554810566344,0.07072156883342547,0.6214183509251185,42.69693974176152,0.8287187934227057,0.2557705908931787,87.56570436407128,1.5392290719148105,11.31929757672609,4.6082174251860035,1.4275579898105184,0.7012474778912388,8.705376645153294,2.5387835769780636,0.3352029871073066,26.031850524406195,84.71107136101789,7.256191877469438,31.15194,256.0,73.81889293305396,None,1.0,1.0,48.8550637633605,52.703350045161265,74.94268571773956,55.87198929119478,73.42580207056577,63.05070357295168,256.0,73.81889293305396,None,1.0,1.0,,,,,,,,,,,,,,,,,,,,,,,
423880,285023_43822,Lee Taeseok,Korea Republic,DF,0,0,0,0,0,0,0.0,0.0,0,0,4,25,5,3,1,0,0,0,0,45,87,9,33,4,75,1,100,,,,56,32,20,4,18,38,3,14,20,103,4.44,151,68,13302.6,,,,,,,Round of 16,0.0,120.0,851.0,0.0,False,,,None,1.0,1.0,13.3026,4.44,120.0,0.02502132448411705,0.019145871771247457,0.022680260480765043,0.22488801763052574,0.07607698254077694,0.13736403239053732,0.08306674525091491,2.199587154062458,17.606908364110996,1.183336436553704,0.3004179752635527,39.864318591185345,1.5979610564463804,9.93589704200669,1.8433726382084128,0.8369278486756205,0.40374490228298343,7.495558147988958,8.440817188580834,0.8136286396418272,22.38768319584591,54.56761874495972,4.775253982853446,13.3026,434.0,64.71904153929188,None,1.0,1.0,46.542174341830645,72.09673926073737,56.67793626708494,47.20049993332619,56.63576811014024,44.48577343749578,434.0,64.71904153929188,None,1.0,1.0,,,,,,,,,,,,,,,,,,,,,,,
479316,285023_43822,Park Jinseob,Korea Republic,DF,1,1,0,1,0,1,0.24,0.0,0,0,1,1,0,0,1,0,0,0,0,52,94,0,0,1,0,0,0,,,,8,2,2,4,4,4,1,1,6,108,4.68,64,13,4973.55,,,,,,,Round of 16,0.0,44.0,659.0,0.0,False,,,None,1.0,1.0,4.97355,4.68,44.0,0.023744362098818358,0.018168762901524974,0.06934065102407717,0.41265201921209577,0.2714355498875446,0.32959481737655305,0.07882743692725121,0.2941609231675472,18.103028509609302,0.5252214443850364,0.08584500143418944,38.82605030823089,0.9186857118767914,4.647031216494487,0.7530904157171779,0.19649180619427012,0.3831397958746981,4.323646463051472,2.03280578872078,0.37362282483104214,10.286865161781513,34.44878196186475,2.8720595408630767,4.97355,730.0,47.147415334265595,None,1.0,1.0,53.705090585129554,36.84794527667329,48.4552519229661,26.645608230558494,44.445633374805496,25.74532835230175,730.0,47.147415334265595,None,1.0,1.0,,,,,,,,,,,,,,,,,,,,,,,
429608,285023_43822,Seol Youngwoo,Korea Republic,DF,0,2,0,1,1,0,0.03,0.0,0,0,6,41,6,1,2,0,0,0,4,123,92,11,27,6,83,0,0,,,,86,42,38,6,42,44,9,40,58,258,6.66,309,155,30578.14,,,,,,,Round of 16,0.0,274.0,1079.0,0.0,False,,,None,1.0,1.0,30.578139999999998,6.66,274.0,0.021812872682262573,0.016690821607075412,0.025263015637528294,0.5621186121341608,0.06632173030113034,0.3027838675239088,0.07241520485609439,2.283604654014393,29.625837445412024,1.3976664404578822,0.07886192431279546,63.12281511997999,1.759124286160314,11.590371457629468,1.7900332150623057,0.3635419906226806,0.5350070659258426,13.489698645289216,9.18880066867999,1.8075011754532027,35.44088436882693,76.48983181089594,7.324937918346137,30.578139999999998,206.0,76.24497430675804,None,1.0,1.0,48.98339197135359,61.302383712963845,78.66680096044647,54.59895321742761,67.13698652857543,70.0945791337098,206.0,76.24497430675804,None,1.0,1.0,,,,,,,,,,,,,,,,,,,,,,,
430387,285023_43822,Cho Guesung,Korea Republic,FW,1,2,0,2,0,2,0.51,0.0,0,0,4,13,1,1,0,1,0,0,0,7,57,0,0,0,0,0,0,,,,16,11,5,0,10,6,2,8,7,19,4.22,37,22,4408.36,,,,,,,Round of 16,0.0,41.0,651.0,0.0,False,,,None,1.0,1.0,4.40836,4.22,41.0,0.023445505423113012,0.01794008309703789,0.12158592317632477,0.6041916239643681,0.2680191462052708,0.5221798155207663,0.07783528116175169,0.2904584882377563,9.022172202682402,0.3218773639262195,0.08476451960663935,20.828094759792474,1.4973229989730925,6.9493427284852824,0.9403451175085478,0.390752095646911,0.18158401568589141,4.465960622482301,3.7778208001527465,0.5656536676818422,11.927991059029601,28.70339257087884,2.7247188124662025,4.40836,820.0,36.20679426526499,None,1.0,1.0,58.648500979967366,32.04992859350643,21.98627609321911,25.119750439006776,22.35118165759848,20.189818506872832,820.0,36.20679426526499,None,1.0,1.0,71.76685731346625,73.0960421963344,44.189286932457314,54.38878433528578,40.667861453494744,43.7352780447359,A,A,C,B,C,C,60.88945744228737,A,51.475124574863564,71.80911913711391,,,None,1.0,50.74121453523948,67.31535467128028,80.0
448586,285023_43822,Oh Hyeongyu,Korea Republic,FW,2,4,25,4,0,2,0.6,1.67,0,0,4,51,5,0,1,0,0,0,0,22,68,1,0,2,50,0,0,,,,65,35,27,3,52,13,3,22,26,62,6.26,158,64,15016.21,,,,,,,Round of 16,1.0,145.0,102.0,0.0,False,,,None,1.0,1.0,15.01621,6.26,145.0,0.23081883907695902,0.018807018703890867,0.1460230666509241,1.0458692560072729,0.4872112432697909,0.9598943133609146,0.08159658908566408,0.510734942854975,12.551764479762578,0.7499124569114411,0.08886067567499761,30.702925721868553,1.5696795547230484,15.122295855246122,1.8107477214534506,0.2033944245013383,0.39659922617051563,8.600340194450277,8.910148512083577,0.7992286392905327,21.166493536141864,55.045536635759255,5.044154719759251,15.01621,531.0,59.54206791068006,None,1.0,1.0,77.828380975581,51.847121693580476,41.75173056928426,45.304441457829206,38.20032720547258,40.773459928363636,531.0,59.54206791068006,None,1.0,1.0,80.89177917315892,71.84381284863204,47.990120541967144,44.171195364868574,45.813979005888584,50.7038272372661,A,A,C,C,C,C,64.0581311024523,A,71.25119388729705,53.36332958380202,,,None,1.0,53.38177591871024,76.15004325259515,61.0
307849,285023_43822,Son Heungmin,Korea Republic,FW,1,7,0,4,3,0,0.81,0.0,3,0,9,54,0,0,4,0,0,0,2,58,84,3,33,2,50,0,0,,,,97,51,34,12,70,27,6,35,50,142,6.14,169,96,18757.38,,,,,,,Round of 16,0.0,183.0,963.0,0.0,False,,,None,1.0,1.0,18.75738,6.14,183.0,0.023768504910284885,0.01818723655078479,0.1830940859059895,1.6097340236446462,0.2717115403428357,0.9282611569496847,0.677238801042927,0.8927912342374136,19.31809774918433,0.7251992174287002,0.08593228698333766,45.64661498145412,2.5151697175792718,15.2222743406887,0.7538561435917885,0.19669159528996882,0.9818605789538494,13.103567134163574,11.807615866840617,1.3712214071643545,26.85115489975457,55.42540130811053,5.624078374515251,18.75738,393.0,66.99021887591879,None,1.0,1.0,65.22360502933958,58.15634864246672,54.70765695258637,53.72472326602817,52.10127839574855,49.781471597440735,393.0,66.99021887591879,None,1.0,1.0,44.77462935836312,45.0916404204455,64.7348826632929,53.10947114672982,56.14644672835668,56.865848832607824,C,C,B,B,B,B,42.540200693288845,C,52.23519048667694,38.359550561797754,,,None,1.0,35.45016724440737,56.549653979238755,132.0
274281,285023_43822,Kim Seunggyu,Korea Republic,GK,0,0,0,0,0,0,0.0,0.0,0,0,0,0,0,0,0,0,0,0,0,116,73,0,0,9,11,2,50,11.0,42.0,34.0,38,0,0,38,27,11,0,0,7,230,3.14,37,14,15687.05,,,,,,,Round of 16,0.0,300.0,1109.0,0.0,False,,,None,1.0,1.0,15.68705,3.14,300.0,,,,,,,,,,,,,,,,,,,,,,,,,,,,,,,,,,,,,,,,,,,,,,,,,,,,,,,,,,,,,,,
423855,285023_43822,Eom Jisung,Korea Republic,MF,0,0,0,0,0,0,0.0,0.0,0,0,0,2,0,0,1,0,0,0,0,9,100,3,67,2,100,0,0,,,,15,7,6,2,4,11,2,5,3,23,4.64,72,36,6234.99,,,,,,,Round of 16,0.0,53.0,693.0,0.0,False,,,None,1.0,1.0,6.23499,4.64,53.0,0.02441973035127639,0.018685542657454406,0.022134953151203524,0.21948097724628984,0.07424784410448813,0.13406135366935543,0.08106955015403497,0.9172525273403729,9.806884616828546,0.7450687120376078,0.0882867174238454,22.513192035324632,0.7399079431131681,4.984116397348044,0.7745107998862317,0.20208068355469208,0.3940375598706364,3.8319005859880617,3.11516667038234,0.5891581259486893,15.292346976165751,37.067885197332714,3.21222986005161,6.23499,714.0,49.14036077777005,None,1.0,1.0,38.273955149803754,58.82424661052818,44.62410791898259,27.382905995799163,48.33989776801732,29.010406588287395,714.0,49.14036077777005,None,1.0,1.0,,,,,,,,,,,,,,,,,,,,,,,
395083,285023_43822,Hwang Heechan,Korea Republic,MF,0,1,0,0,1,0,0.01,0.0,0,0,3,25,3,1,2,0,0,0,0,47,85,1,0,3,100,1,100,,,,57,15,28,14,28,29,1,18,29,105,6.27,144,62,12925.63,,,,,,,Round of 16,0.0,123.0,859.0,0.0,False,,,None,1.0,1.0,12.92563,6.27,123.0,0.02497536931857842,0.01911070769721182,0.024734311502969144,0.43404562889445225,0.07593725651114328,0.13711174411332927,0.08291418154345871,0.518982107548727,17.99371211102368,0.9715924239204707,0.29986621559180626,40.21024348805571,1.3854555276489788,9.91764837600861,1.4208457270882597,0.41624941431927087,0.6125740178372945,9.36792735237548,4.862613402957231,0.39299299754488604,21.089141183694288,53.00040312620967,4.687481712574615,12.92563,594.0,56.49301369831492,None,1.0,1.0,44.57897694134377,55.52243673786062,52.307373456667236,41.63461155714046,48.729575101965395,39.90098145345954,594.0,56.49301369831492,None,1.0,1.0,,,,,,,,,,,,,,,,,,,,,,,
395084,285023_43822,Hwang Inbeom,Korea Republic,MF,2,4,25,2,2,0,0.37,2.74,0,0,20,62,10,1,1,0,0,0,0,218,89,3,67,5,80,2,100,,,,177,12,64,101,135,42,3,11,68,459,6.78,372,97,32488.04,,,,,,,Round of 16,1.0,286.0,64.0,1.0,False,,,None,1.0,1.0,32.48804,6.78,286.0,0.20260505889579683,0.1975390589751397,0.08653706126535976,0.9180290614840415,0.4276577381296777,0.4805013579917044,0.07162275749894526,0.8103678286874564,46.49957297517925,1.2013407398054794,0.44006070345266574,98.81926363161851,4.2743064158151025,15.265185402298368,2.4945682367925324,0.35956371160994877,0.3481215393753612,15.15238829372015,3.6573200323747987,0.7015361752195468,24.553259532692078,87.05774124341185,7.590531227451117,32.48804,75.0,86.75019889832774,None,1.0,1.0,71.341626149703,74.87079891922536,80.81636242809837,69.75465273083667,68.56523330166921,66.86791441912804,75.0,86.75019889832774,None,1.0,1.0,,,,,,,,,,,,,,,,,,,,,,,
430385,285023_43822,Kim Jingyu,Korea Republic,MF,0,1,0,0,1,0,0.01,0.0,0,0,3,16,3,0,1,0,0,0,0,56,96,1,0,2,100,0,0,,,,14,1,6,7,11,3,0,5,19,122,5.21,99,26,7803.84,,,,,,,Round of 16,0.0,64.0,714.0,0.0,False,,,None,1.0,1.0,7.80384,5.21,64.0,0.024917716070194953,0.019066592458570224,0.024677214713468856,0.4330436761251774,0.07576196262638221,0.13679523478212288,0.08272278209538404,0.5177840870521562,19.83395723209065,0.7602627200332113,0.09008712733070481,43.671898880481045,1.3822573362372355,8.012972552101848,1.4175658407901433,0.20620166658898167,0.40207307356019834,7.25543363099129,1.9241722641152643,0.18299893502564227,13.51333139135383,43.469147359194096,3.6057620402265225,7.80384,617.0,55.19140294600477,None,1.0,1.0,42.08013017468512,49.49838714533408,57.80154518431648,37.97916845420786,56.4977743549429,32.87139225354182,617.0,55.19140294600477,None,1.0,1.0,,,,,,,,,,,,,,,,,,,,,,,
492315,285023_43822,Lee Gihyuk,Korea Republic,MF,0,0,0,0,0,0,0.0,0.0,0,0,6,19,4,2,2,1,0,0,0,236,92,4,0,3,0,4,100,,,,70,0,7,63,21,49,0,2,71,500,6.18,388,125,30898.48,,,,,,,Round of 16,0.0,300.0,1109.0,0.0,False,,,None,1.0,1.0,30.89848,6.18,300.0,0.02130271646567816,0.016300459157948068,0.019309575665994668,0.19146571074415192,0.06477060755353967,0.11694932602210358,0.07072156883342547,0.9789245059596493,49.132050532383076,0.8287187934227057,0.7920298234449751,104.90475288324603,1.7179821494320755,7.386729871346249,1.3906620298752264,0.5337926022241914,0.5224944003739733,15.497993590809376,1.4662651118744712,0.1564499095900412,29.249405919716967,88.82239214391498,7.210885122441912,30.89848,344.0,69.61548788271227,None,1.0,1.0,36.69640622624375,46.06394262040336,77.23949214592562,45.318279448473064,75.32211795904894,67.76683482588311,344.0,69.61548788271227,None,1.0,1.0,,,,,,,,,,,,,,,,,,,,,,,
390525,285023_43822,Lee Jaesung,Korea Republic,MF,1,2,0,2,0,1,0.14,0.0,0,0,10,46,6,1,4,0,0,0,1,59,78,1,0,2,100,1,0,,,,66,18,38,10,43,23,4,28,40,137,4.63,205,85,14542.7,,,,,,,Round of 16,0.0,125.0,863.0,0.0,False,,,None,1.0,1.0,14.5427,4.63,125.0,0.024943392076910476,0.01908623928152259,0.05191194522552283,0.6427922236759132,0.28514235574236607,0.5555408441032386,0.08280802227962182,0.5183176282346182,20.4823017488426,0.7610461189069341,0.299482281551764,46.85643467703749,2.8487979372050387,14.300299141175334,2.0469335224378327,0.41571646892230635,1.0303943591803577,11.658258697647488,5.484294527264933,1.0203968052709886,25.876093166879485,65.69998586204497,5.019936601819083,14.5427,400.0,66.8730603060125,None,1.0,1.0,61.97632753068218,55.93366911400693,52.70780620293504,63.29494858032412,50.383264186908995,48.9882234146079,400.0,66.8730603060125,None,1.0,1.0,,,,,,,,,,,,,,,,,,,,,,,
418490,285023_43822,Lee Kangin,Korea Republic,MF,1,4,0,1,3,0,0.15,0.0,9,0,11,81,4,1,7,1,0,0,0,159,88,20,25,12,75,7,86,,,,161,12,71,78,62,99,0,42,108,376,5.68,264,69,28433.53,,,,,,,Round of 16,0.0,300.0,233.0,1.0,False,,,None,1.0,1.0,28.433529999999998,5.68,300.0,0.02130271646567816,0.19505353667521347,0.04612253729358448,0.9064780208132134,0.24352368507080507,0.29570240353936905,1.6794992664888142,3.8389737462358964,35.36806356355363,2.437496491078094,1.3282890559967715,82.73937127110511,2.611747537018403,18.469420677416704,1.3906620298752264,0.35503952470692596,1.4162597879603003,22.111857458948197,3.6113020420816557,0.1564499095900412,19.239233578750106,66.65701053177406,6.770267724015729,28.433529999999998,157.0,79.24950507531801,None,1.0,1.0,51.651881364286865,79.65827538810333,82.275914664634,62.21134875045612,65.4064398266031,55.08809697976016,157.0,79.24950507531801,None,1.0,1.0,,,,,,,,,,,,,,,,,,,,,,,
402817,285023_43822,Paik Seungho,Korea Republic,MF,0,0,0,0,0,0,0.0,0.0,0,0,2,31,5,1,2,1,0,0,0,152,89,1,0,7,43,1,100,,,,134,4,43,87,92,42,1,10,67,317,6.66,269,63,23909.61,,,,,,,Round of 16,0.0,216.0,1011.0,0.0,False,,,None,1.0,1.0,23.90961,6.66,216.0,0.02303798100205642,0.017628252669589728,0.020882484075102882,0.20706201548406983,0.07004665478762902,0.12647571756594533,0.07648236607970146,0.47872364895204356,36.89585822050878,1.6694794718704786,0.27660500590971054,78.07359103310746,1.0846691848952004,10.308200029044016,1.6972556287223506,0.38396013195573053,0.5650554514439602,15.987164944346883,2.3589586749611726,0.36250776098215576,19.6465290392549,73.05328852363586,6.447219969206217,23.90961,424.0,65.3085866607302,None,1.0,1.0,40.05091259202773,50.26154801888102,79.46106392274388,44.22327799718423,65.6496675056355,47.80988416119751,424.0,65.3085866607302,None,1.0,1.0,,,,,,,,,,,,,,,,,,,,,,,
448585,285023_43822,Yang Hyunjun,Korea Republic,MF,1,1,0,1,0,0,0.19,0.0,0,0,2,10,1,1,0,0,0,0,1,13,69,0,0,0,0,0,0,,,,9,1,6,2,2,7,1,1,10,28,2.31,37,21,2936.45,,,,,,,Round of 16,0.0,25.0,599.0,0.0,False,,,None,1.0,1.0,2.93645,2.31,25.0,0.0208550449717936,0.01595790890554247,0.05215314817148728,0.36243872893085505,0.23840609304597732,0.28948828821980377,0.06923537197113665,0.25836614418497333,9.07530501127223,0.28631359311478577,0.07539900874417686,20.101797898099814,0.9818926679594419,5.656529890041864,0.8364477267917831,0.34757845397119647,0.16152105680583462,4.497512876568945,1.6104485254008192,0.3281587764670971,10.435087716785352,25.53199566850042,2.166089236128509,2.93645,880.0,23.239441369209533,None,1.0,1.0,39.11190375381372,16.34049737148417,15.140206496087957,15.6018208632246,16.92354680279251,13.569876500978856,880.0,23.239441369209533,None,1.0,1.0,,,,,,,,,,,,,,,,,,,,,,,
395516,285023_43911,Cesar Montes,Mexico,DF,1,1,0,1,0,1,0.06,0.0,0,0,8,13,4,3,4,0,1,0,0,131,91,2,0,4,25,1,100,,,,13,2,0,11,6,7,0,3,20,282,5.34,237,78,26780.16,,,,,,,Round of 16,0.0,299.0,1108.0,0.0,False,,,None,1.0,1.0,26.78016,5.34,299.0,0.021321853721513098,0.016315102645206372,0.030061741988267412,0.3705513736233486,0.2437424541217181,0.2959680472452624,0.07078510142364672,0.621976600948365,30.390253917508655,1.008376931427057,0.25600036192922765,65.99581599064054,2.077352815536309,6.3198837663509,1.3919113285310354,0.7131857938315663,0.8807911022756545,6.387319523951086,1.825409648444778,0.15659045607621358,20.86674004867681,61.88622291323133,6.4805393034156955,26.78016,532.0,59.507488945146555,None,1.0,1.0,40.56429767724832,43.53284418257555,66.33207986869304,44.18674644642239,58.4511036622955,45.11032305925748,532.0,59.507488945146555,None,1.0,1.0,,,,,,,,,,,,,,,,,,,,,,,
400634,285023_43911,Edson Alvarez,Mexico,DF,0,0,0,0,0,0,0.0,0.0,0,0,3,29,9,4,2,1,0,0,0,126,88,1,100,3,0,3,67,,,,93,2,27,64,66,27,0,2,35,265,4.54,288,87,22977.48,328.0,76.0,320.0,4.340903282165527,6.1707024574279785,5.042739868164063,Round of 16,0.0,221.0,1017.0,0.0,True,288.19999999999993,4.790832304954529,C,1.0,1.0,22.97748,4.54,221.0,0.02292845094025519,0.01754444221744223,0.020783201947424026,0.20607757525249606,0.06971363018676781,0.12587441082990297,0.07611874401218321,0.4764476408743068,31.718179360099107,0.891963155444227,0.6600794694168688,67.69787588649395,1.2719070813489415,9.874401956470209,2.4587653904247584,0.9593189611213491,0.5623689938714735,9.754524217424681,1.9629538836956446,0.16838951419280535,24.170597449250096,76.36146997784547,6.237230852501759,22.97748,462.0,62.87119059748784,C,1.0,1.0,38.208579446222444,48.04122862938486,66.12196023523006,45.599374370509985,64.67052400766053,52.227566689236696,462.0,62.87119059748784,C,1.0,1.0,,,,,,,,,,,,,,,,,,,,,,,
441261,285023_43911,Israel Reyes,Mexico,DF,0,2,0,2,0,1,0.06,0.0,0,0,3,11,2,1,0,0,0,0,0,102,91,2,50,2,0,6,67,,,,51,7,12,32,9,42,1,2,28,206,6.45,272,65,24823.63,243.0,22.0,297.0,4.616825580596924,6.808748245239258,5.153513431549072,Round of 16,0.0,237.0,1032.0,0.0,True,223.35,5.079785943031311,C,1.0,1.0,24.82363,6.45,237.0,0.022582155158996944,0.017279462854455155,0.03183864455668037,0.5819430527046451,0.06866072277087736,0.5029512225128503,0.07496909809869431,0.6587406653911125,26.691394277245156,0.6890025818187562,1.2185769767295818,55.49556402007855,1.2526970589374267,6.314464281394245,1.0952070974925352,0.3763631576013232,0.1748974203204905,8.280775728501853,2.880751592452901,0.3553352398419334,19.636783861012145,72.17633462820504,6.492853001459253,24.82363,582.0,57.24288099437585,C,1.0,1.0,40.46029815570287,46.6623749760166,61.15163673165199,35.98408032685273,55.37981557624237,46.9984927985856,582.0,57.24288099437585,C,1.0,1.0,,,,,,,,,,,,,,,,,,,,,,,
402772,285023_43911,Jesus Gallardo,Mexico,DF,0,3,0,2,1,0,0.11,0.0,0,0,6,57,16,5,1,0,0,0,0,128,82,5,20,7,14,2,100,,,,85,16,34,35,12,73,2,23,37,260,6.22,308,100,32678.44,220.0,15.0,311.0,4.659085750579834,6.921806335449219,5.078948974609375,Round of 16,0.0,324.0,1185.0,0.0,True,212.0,5.103459644317627,C,1.0,1.0,32.67844,6.22,324.0,0.0208550449717936,0.01595790890554247,0.03815341822540163,0.712431977582996,0.06340946871990685,0.46448491254587426,0.06923537197113665,1.133349265815326,29.199916808770336,1.5112899633972794,0.4253922573963178,60.70101474174817,1.6818791652637237,13.881371233367174,3.461397091682841,1.0475649512754783,0.33651768113190517,9.22242173337285,4.2353978902918765,0.5031554007931677,24.259821038544924,72.95608086086551,7.370837086868255,32.67844,429.0,64.95414324099784,C,1.0,1.0,43.399623344340974,51.207706581361045,64.3469598533165,52.27019963427216,55.15199635931328,58.32524268351593,429.0,64.95414324099784,C,1.0,1.0,,,,,,,,,,,,,,,,,,,,,,,
425701,285023_43911,Johan Vasquez,Mexico,DF,0,1,0,1,0,1,0.22,0.0,0,0,6,9,2,0,2,0,0,0,0,174,93,0,0,3,67,0,0,,,,41,1,4,36,12,29,0,5,24,360,4.6,336,100,31238.83,274.0,96.0,228.0,4.547868251800537,6.030199527740479,5.496882915496826,Round of 16,0.0,305.0,1133.0,0.0,True,235.8,5.0074716091156,C,1.0,1.0,31.23883,4.6,305.0,0.02120761305073978,0.01622768771898712,0.05837348268786255,0.36856599101864607,0.06448144696803877,0.2943822757318479,0.0704058408971928,0.26273399164074385,37.87949293716292,0.8250190780645685,0.0766736779526746,79.52271040712661,1.7103124247996608,5.574202145393917,1.0285434747264048,0.17549943755349035,0.5201617869797237,7.064917035219602,1.6376742035813372,0.15575145778964358,24.669949068031613,79.1721923523965,7.239259996562087,31.23883,521.0,60.04133345850465,C,1.0,1.0,39.180599813071105,38.77623959336724,72.5357142643364,39.58813497820436,50.525690022340605,59.911280889249554,521.0,60.04133345850465,C,1.0,1.0,,,,,,,,,,,,,,,,,,,,,,,
403596,285023_43911,Jorge Sanchez,Mexico,DF,1,1,0,1,0,0,0.04,0.0,0,0,14,72,18,3,1,0,0,0,1,101,91,4,25,1,0,0,0,,,,95,32,30,33,23,72,2,16,25,207,5.04,411,184,34115.76,142.0,73.0,197.0,4.924066066741943,6.181884765625,5.646827220916748,Round of 16,0.0,304.0,237.0,1.0,True,145.39999999999998,5.293429160118103,B,1.1,1.1,34.11576,5.04,304.0,0.02122655604452812,0.1943561908919223,0.026365101356781218,0.368895200310694,0.24265305120376363,0.2946452228917778,0.07046872856887879,0.9754247033514657,24.911004924004565,0.4695279822060075,0.0767421641609863,52.34229814403292,3.136752171043297,16.800363640632526,3.8792863202220045,0.7099982215736131,0.3425123958342967,7.249341545312608,7.160671259779233,0.5121185942532469,39.65356137796242,92.60146090031837,7.758147758354475,34.11576,199.0,76.57711107151393,B,1.1,1.1,54.80920348625019,66.27557694709955,67.65203594217,75.89140037107454,68.61994507353288,86.56102308968008,199.0,76.57711107151393,B,1.1,1.1,,,,,,,,,,,,,,,,,,,,,,,
500038,285023_43911,Mateo Chavez,Mexico,DF,1,1,100,1,0,0,0.49,2.04,0,0,5,18,3,1,1,0,0,0,0,26,88,1,0,2,50,0,0,,,,50,9,27,14,14,36,0,6,5,49,1.56,96,41,8450.23,,,,,,,Round of 16,1.0,81.0,89.0,0.0,False,,,None,1.0,1.0,8.45023,1.56,81.0,0.23708359967636178,0.01931746867513036,0.12668416398916282,0.43874161923208765,0.28859684947670944,0.35043319100292036,0.08381123975453383,0.5245970355660005,13.739789785934544,0.7702661768757535,0.09127248426926672,28.782353747673035,1.8241209706087382,8.542082439313676,1.4362180229058028,0.42075286533355366,0.40736350873862204,4.3851675980835605,3.644194471590306,0.18540681574966386,16.868708667160817,43.40559576768355,3.7901362546482904,8.45023,537.0,59.26175704724093,None,1.0,1.0,70.50762284430586,55.21444182483708,45.86297877618372,42.83628192305377,44.23981758620491,36.33657830028818,537.0,59.26175704724093,None,1.0,1.0,,,,,,,,,,,,,,,,,,,,,,,
430766,285023_43911,Alexis Vega,Mexico,FW,0,0,0,0,0,0,0.0,0.0,0,0,1,3,0,0,0,0,0,0,0,10,100,1,0,1,0,0,0,,,,12,5,4,3,7,5,2,3,6,25,1.53,28,10,1915.42,,,,,,,Round of 16,0.0,18.0,568.0,0.0,False,,,None,1.0,1.0,1.9154200000000001,1.53,18.0,0.018843061421923903,0.014418374934184686,0.01708005271965402,0.16935868970312176,0.0572920612464164,0.10344611857542028,0.06255591241286479,0.39155423908569487,7.725426319894607,0.41680546714503414,0.06812491437157103,17.688141960925904,0.7290510153229068,4.004020863072119,0.597637826637052,0.15593205484377512,0.14593836639732966,3.4311612807664074,2.087536569836136,0.45461365030578516,7.68911337561592,21.645779903574823,1.795677477198476,1.9154200000000001,857.0,27.4313055587897,None,1.0,1.0,14.270660681329394,19.02938960316256,34.148308184642026,14.011794018793008,44.73813700204865,13.411165613217712,857.0,27.4313055587897,None,1.0,1.0,20.59078737439237,23.310439039198574,13.00077651959563,46.28999175318771,13.098521146507686,13.637225896822258,E,E,F,C,E,E,19.929505882518956,E,26.969819728580113,26.526046660274844,,,None,1.0,16.607921568765796,30.846756055363322,265.0
514336,285023_43911,Armando Gonzalez,Mexico,FW,0,0,0,0,0,0,0.0,0.0,0,0,0,7,0,1,0,0,0,0,0,1,100,0,0,0,0,0,0,,,,7,4,3,0,5,2,0,4,4,5,1.47,25,14,2086.01,,,,,,,Round of 16,0.0,21.0,583.0,0.0,False,,,None,1.0,1.0,2.0860100000000004,1.47,21.0,0.01980275595237752,0.015152716093114778,0.01794995558776438,0.17798428426833235,0.060209998867350255,0.1087147249855219,0.06574194283785248,0.24532968912662023,6.623388498572207,0.2718669855648265,0.07159457921244178,15.265679992454453,0.6000154880469365,4.8726164223193775,0.6280760734045564,0.3300405876662238,0.1533711422546485,3.273579957060353,2.027689967182027,0.14543400525349318,8.745394101796245,22.249719168662995,1.9154793795909766,2.0860100000000004,860.0,26.07629323670306,None,1.0,1.0,13.22155600562761,14.448158954457016,29.699253336969527,13.05900242169519,49.45537770241918,12.927380756345164,860.0,26.07629323670306,None,1.0,1.0,25.675738717472647,28.471141805487044,14.096612584455576,42.927829819627405,14.36645818855687,13.316876150275439,D,D,E,D,E,E,23.525437986467992,E,28.353859170818847,29.12157861234882,,,None,1.0,19.60453165538999,34.22951989619377,260.0
406135,285023_43911,Cesar Huerta,Mexico,FW,0,0,0,0,0,0,0.0,0.0,0,0,0,4,1,0,0,0,0,0,0,2,100,0,0,0,0,0,0,,,,3,3,0,0,0,3,0,1,3,5,1.86,21,7,1580.4,,,,,,,Round of 16,0.0,12.0,541.0,0.0,False,,,None,1.0,1.0,1.5804,1.86,12.0,0.016290312591400947,0.012465057003136756,0.014766146097525334,0.14641495527493967,0.04953046459976562,0.0894318375463145,0.054081199696148885,0.20181520862221414,5.585282065497566,0.22364554654834254,0.05889574552275727,12.557984332858553,0.493589876251193,3.5982728359784986,0.6533668450120347,0.13480728314503454,0.12616748173016196,2.5562468326623113,1.5313421457377336,0.11963816615709036,6.237356237931497,17.756480296236564,1.5066144260046355,1.5804,904.0,19.8190382211949,None,1.0,1.0,7.406457785973837,8.53389841598137,26.2970349240435,8.7834055658349,42.54188095342633,8.363272958415616,904.0,19.8190382211949,None,1.0,1.0,10.934044915515166,12.951087162751875,8.26695824453352,28.717937874014087,7.14458139790059,8.961878380160927,F,F,F,E,F,F,10.766654992755827,F,20.552611657834976,10.469464063149147,,,None,1.0,8.97221249396319,19.74100346020761,280.0
386339,285023_43911,Guillermo Martinez,Mexico,FW,0,0,0,0,0,0,0.0,0.0,0,0,2,37,2,3,1,0,0,0,0,12,92,1,0,0,0,0,0,,,,32,18,14,0,29,3,0,13,14,32,1.61,76,37,7134.93,,,,,,,Round of 16,0.0,66.0,720.0,0.0,False,,,None,1.0,1.0,7.134930000000001,1.61,66.0,0.02497964925941673,0.01911398263169944,0.0226424845048211,0.22451344678504107,0.07595026961061524,0.13713524046870074,0.08292839025393407,0.5190710436796854,10.660565925763109,0.3429392333549884,0.09031103963019894,24.91585507823114,1.1760863852939638,12.434626684097879,1.2114826494267403,0.8355338714633569,0.40307242950741423,6.22543425636283,5.492266380771465,0.18345378039102003,15.85259108094204,38.75623933575309,3.474516265536607,7.134930000000001,696.0,50.339836462349155,None,1.0,1.0,39.91615319164802,42.96923101654265,39.50594111463041,36.915649197867914,61.661207029074184,31.23204900925005,696.0,50.339836462349155,None,1.0,1.0,37.860961568964065,40.917542594771,48.461838053330695,59.802076505043246,26.849786035624156,38.4928486630109,C,C,C,B,D,D,36.51239261021799,C,37.26529376135675,44.3836216334574,,,None,1.0,30.426993841848322,53.34894031141869,155.0
429157,285023_43911,Julian Quinones,Mexico,FW,5,11,27,7,4,2,1.7,1.76,0,0,11,145,7,5,7,0,0,0,1,106,80,3,33,5,100,1,100,,,,202,83,97,22,100,102,5,66,120,278,6.6,486,205,39050.0,9.0,193.0,30.0,6.815557956695557,5.4334893226623535,6.740291118621826,Round of 16,3.0,354.0,11.0,1.0,True,41.849999999999994,6.589430952072143,A,1.2,1.2,39.05,6.6,354.0,0.5320050662938761,0.18611289721727356,0.3083758051252482,2.0588451230633535,0.9145997257131139,1.3055059356359529,0.06747991497973307,0.763494091706058,24.707244197322105,1.131852134916157,0.24404687300475172,62.232018450275085,2.492033260201543,28.538655018776257,1.8385972639758446,1.021004030675059,1.3513429022746253,23.14503478999374,15.555502918159766,1.0020767374490362,41.55347330388568,101.46589436450621,8.270680860234828,39.05,29.0,91.62534974694219,A,1.2,1.2,100.0,87.5144037525654,86.25045929885495,86.78319226453739,85.54273716553091,100.0,29.0,91.62534974694219,A,1.2,1.2,94.08466210731581,93.35938982279058,96.18755488251816,70.60751517202006,97.75063092059546,82.380763939925,S,S,S+,A,S,A,100.0,S+,64.01929638781033,53.526100871868444,33.7,6.654771041870117,BL-A,1.2,100.0,104.04372837370242,4.0
356731,285023_43911,Raul Jimenez,Mexico,FW,4,10,20,7,3,5,1.87,1.07,0,0,9,59,3,4,2,0,0,0,1,53,74,0,0,7,57,0,0,,,,114,50,62,2,84,30,6,57,59,144,4.26,220,104,22902.77,66.0,179.0,163.0,5.65869665145874,5.503309726715088,5.775893688201904,Round of 16,2.0,241.0,41.0,0.0,True,107.19999999999999,5.664687871932983,B,1.1,1.1,22.90277,4.26,241.0,0.40004113295662097,0.017214100935476838,0.37339589062608197,2.0899193654256694,0.8234897999895253,1.4449097357703262,0.0746855172861958,0.27870449133629166,17.340592699387898,1.6302573304988732,0.08133434992264982,43.581768165428784,2.380591755507578,15.351644510137197,1.2798365265880076,0.9412561095639781,0.5517802449063798,14.101390734786454,10.987059311891569,1.2978521306358242,26.92462081312889,62.08716347880413,6.1056879356331795,22.90277,287.0,72.62864021053419,B,1.1,1.1,91.81855916483207,59.68839475502804,62.62566516699732,61.482023738789714,62.19042220406884,59.04571243056667,287.0,72.62864021053419,B,1.1,1.1,92.68513421472491,78.06701324327399,88.52879774930271,39.808843120255446,60.754910208112356,56.017864209395675,S,A,S,D,B,B,80.47040665899883,S,80.26103646833013,60.11719237002867,106.4,5.678317070007324,BL-B,1.05,70.41160582662397,87.14126297577856,33.0
403585,285023_43911,Roberto Alvarado,Mexico,FW,0,5,0,2,3,0,0.28,0.0,5,0,6,60,9,3,4,0,0,0,1,146,81,12,42,12,58,1,100,,,,143,45,73,25,59,84,3,54,75,329,6.34,452,156,38909.71,111.0,145.0,11.0,5.24617862701416,5.739736080169678,7.087615966796875,Round of 16,0.0,369.0,167.0,3.0,True,91.1,5.780571579933166,B,1.1,1.1,38.90971,6.34,369.0,0.02007425627730591,0.5206953243621194,0.06536064062681135,1.022649258045912,0.06103549175812445,0.4470951361648391,0.9088680483769714,2.2700326596465055,31.138714958059722,2.2969337885039476,0.24102111099586396,70.05114095974523,1.618911560086732,13.867003656109487,2.1526917235607796,0.6714554271734655,0.8292537105257616,15.27805320058959,8.961733162696227,0.652762799870711,32.784478883628324,94.4807631441344,8.144507482141947,38.90971,112.0,83.36585971511205,B,1.1,1.1,58.03136310085697,97.35726420373376,80.55506764788628,66.15548463315235,69.54377343573657,85.64252037583022,112.0,83.36585971511205,B,1.1,1.1,13.061327312253326,39.02022540128259,81.84734253706613,98.28720052441267,89.33835631469222,49.780466203101724,F,C,A,S+,S,C,35.88911448491985,C,32.685100063644725,51.7069658606828,84.39999999999999,5.847965574264526,BL-B,1.05,31.40297517430487,52.71033737024222,162.0
430759,285023_43911,Santiago Gimenez,Mexico,FW,1,1,0,1,0,0,0.3,0.0,0,0,3,24,3,1,3,0,0,0,0,11,45,0,0,0,0,0,0,,,,29,20,9,0,19,10,3,15,16,33,4.84,111,34,8054.44,,,,,,,Round of 16,0.0,76.0,745.0,0.0,False,,,None,1.0,1.0,8.05444,4.84,76.0,0.025190551450433977,0.01927536123130373,0.08624653297606681,0.43778526783859467,0.28796777763338216,0.3496693307812062,0.08362855137391036,0.31207727707825095,10.539196399462618,0.34583465574259764,0.09107353216695362,25.337594920398498,1.397392299042738,9.791720327841078,1.4330874124340411,0.41983572510468226,0.8292280798914518,6.700747877438395,5.961389894462418,0.819131462103626,15.352305091938291,46.48162593354843,3.6982140564849844,8.05444,717.0,48.80376530070585,None,1.0,1.0,66.1257544123826,46.715870326492706,30.891883391170584,37.65423867719171,31.49786075356656,29.90400142482682,717.0,48.80376530070585,None,1.0,1.0,56.85722016439787,55.811482563655005,45.64604737011441,39.66082341248863,30.123258110529978,40.744718940207676,B,B,C,D,D,C,47.70678843645887,B,54.229785559708844,63.72620258683332,,,None,1.0,39.75565703038239,59.60300605536332,109.0
215285,285023_43911,Guillermo Ochoa,Mexico,GK,0,0,0,0,0,0,0.0,0.0,0,0,0,0,0,0,0,0,0,0,0,9,44,0,0,2,50,0,0,0.0,3.0,3.0,2,0,0,2,1,1,0,0,0,14,0.92,5,0,1147.02,,,,,,,Round of 16,0.0,18.0,566.0,0.0,False,,,None,1.0,1.0,1.14702,0.92,18.0,,,,,,,,,,,,,,,,,,,,,,,,,,,,,,,,,,,,,,,,,,,,,,,,,,,,,,,,,,,,,,,
485070,285023_43911,Raul Rangel,Mexico,GK,0,0,0,0,0,0,0.0,0.0,0,0,0,0,0,0,0,0,0,0,0,132,73,0,0,4,0,1,100,6.0,48.0,38.0,59,1,0,58,40,19,0,0,7,261,3.18,60,8,20544.93,,,,,,,Round of 16,0.0,386.0,1210.0,0.0,False,,,None,1.0,1.0,20.54493,3.18,386.0,,,,,,,,,,,,,,,,,,,,,,,,,,,,,,,,,,,,,,,,,,,,,,,,,,,,,,,,,,,,,,,
416576,285023_43911,Alvaro Fidalgo,Mexico,MF,1,1,100,1,0,0,0.33,3.04,0,0,5,33,4,0,2,0,0,0,0,47,89,1,0,3,0,0,0,,,,60,5,39,16,31,29,0,15,12,104,3.92,189,71,11902.43,,,,,,,Round of 16,1.0,93.0,93.0,0.0,False,,,None,1.0,1.0,11.90243,3.92,93.0,0.23738075023125688,0.019341680373214157,0.09290638012413611,0.4392915194183021,0.28895856455982805,0.3508724091407517,0.08391628521711963,0.5252545432992539,18.211184739633087,0.9833351236515355,0.09138688134010711,40.48412235764114,1.826407246670651,11.73434164009605,1.650121645554785,0.2091766914436494,0.6199776086614074,5.8753884757833115,2.800347839855197,0.18563919680957927,23.25295702502419,63.18562658446902,4.52711044954188,11.90243,402.0,66.76524067168505,None,1.0,1.0,69.54793842407896,59.925719943544564,56.86352118397734,50.52099029586879,49.219096249887784,46.415152732896594,402.0,66.76524067168505,None,1.0,1.0,,,,,,,,,,,,,,,,,,,,,,,
464533,285023_43911,Brian Gutierrez,Mexico,MF,0,5,0,2,3,0,0.35,0.0,1,0,14,61,8,4,2,1,0,0,0,48,85,1,0,2,50,0,0,,,,102,24,60,18,69,33,3,22,33,117,4.84,274,94,20049.76,,,,,,,Round of 16,0.0,184.0,966.0,0.0,False,,,None,1.0,1.0,20.04976,4.84,184.0,0.02374637464720655,0.018170302867700553,0.09126491276353513,1.2097191586469633,0.07220051562774135,0.528880794369282,0.2780921591275694,0.4934438968188353,17.307530740741196,0.7245240024950526,0.08585227757066982,40.62266353322098,3.5091181100117317,16.602907546148867,2.347218573832463,0.9935406241056329,0.5824303112862619,9.703980034373107,6.416654986349657,0.7721705744592451,26.427638376298866,76.29589038795012,5.876359042036018,20.04976,356.0,68.92156953140852,None,1.0,1.0,54.95920218542408,52.85164962106994,54.582731621709634,68.21220374939398,59.78675962363823,53.44519457726838,356.0,68.92156953140852,None,1.0,1.0,,,,,,,,,,,,,,,,,,,,,,,
419518,285023_43911,Erik Lira,Mexico,MF,0,0,0,0,0,0,0.0,0.0,0,0,16,62,17,2,3,0,0,0,0,126,90,1,100,1,0,1,100,,,,113,2,53,58,85,28,1,11,36,270,5.12,383,103,32360.9,294.0,87.0,221.0,4.492576122283936,6.079370498657227,5.541401386260986,Round of 16,0.0,283.0,226.0,1.0,True,244.70000000000002,4.992801594734192,C,1.0,1.0,32.3609,5.12,283.0,0.021633328879355717,0.1980807149536473,0.01960925507206053,0.19443720693186112,0.06577582991253499,0.11876434801783947,0.0718191485063631,0.4495353190533649,29.926566227233295,0.4785257314382505,0.25974008147618344,64.78157262735908,3.5599175396710154,15.30704284041253,3.7720993313435947,0.5420769194336372,0.7121306496043136,9.38506357382919,1.8520757050551895,0.3404052470546717,25.709748714845905,89.29325532706044,7.588265235115219,32.3609,292.0,72.20359650369623,C,1.0,1.0,41.78477017071453,56.62813227679403,62.496221845896194,72.9744321545129,61.066386569207886,65.79828152347257,292.0,72.20359650369623,C,1.0,1.0,,,,,,,,,,,,,,,,,,,,,,,
500037,285023_43911,Gilberto Mora,Mexico,MF,0,4,0,2,2,0,0.11,0.0,1,0,13,68,3,1,3,0,0,0,0,63,90,4,25,4,75,1,100,,,,118,27,69,22,72,46,2,31,39,154,4.88,278,94,18888.04,128.0,159.0,40.0,4.998045444488525,5.635547637939453,6.57443904876709,Round of 16,0.0,170.0,935.0,0.0,True,110.64999999999999,5.4877691745758055,B,1.1,1.1,18.88804,4.88,170.0,0.024054153575666953,0.018405809821056898,0.04400605142169263,1.0235577965250604,0.07313631309848535,0.5357356666010488,0.2816965369756041,1.1053613957297577,20.559464863547422,1.1375959092258947,0.28880565928744095,48.617281354766554,3.352759467499379,18.230983843328,1.3684378753625783,0.40089606724530596,0.7918198862066108,11.040798060088841,7.105343764635433,0.5803381052150384,26.77016940859491,78.09213095468535,5.718040756527213,18.88804,264.0,73.465052272113,B,1.1,1.1,59.40596106332821,69.68665398044529,73.35174074420699,71.19972430666208,68.15372167128488,61.694353918606296,264.0,73.465052272113,B,1.1,1.1,,,,,,,,,,,,,,,,,,,,,,,
448051,285023_43911,Luis Chavez,Mexico,MF,0,0,0,0,0,0,0.0,0.0,0,0,1,4,3,1,0,0,0,0,0,28,100,1,0,1,100,0,0,,,,16,0,6,10,2,14,0,4,4,61,1.36,42,16,2876.74,,,,,,,Round of 16,0.0,31.0,619.0,0.0,False,,,None,1.0,1.0,2.87674,1.36,31.0,0.022071631835709968,0.01688881950181856,0.020006549197154274,0.19837661002136087,0.06710848384055947,0.12117057801304744,0.07327424334122339,0.45864314801605266,12.382793099900026,0.4882209218525708,0.07979743817525912,27.3862127052489,0.8539666267252872,4.8752749730582945,1.25565245436854,0.36785457333960997,0.17094344818507357,3.648646267759547,1.5191895256635835,0.16209692368412099,10.117796879389468,27.947439793942667,2.2813902658711216,2.87674,811.0,37.50493262902192,None,1.0,1.0,23.540586331604736,29.83840171022466,42.33759998602882,22.03533091158051,51.500424248822576,20.167453000385777,811.0,37.50493262902192,None,1.0,1.0,,,,,,,,,,,,,,,,,,,,,,,
430763,285023_43911,Luis Romo,Mexico,MF,1,2,50,1,1,0,0.07,14.19,0,0,13,54,8,1,2,0,0,0,0,81,86,2,50,3,33,0,0,,,,116,30,55,31,88,28,2,11,56,188,5.25,385,118,25531.12,46.0,142.0,126.0,5.9065842628479,5.747804164886475,5.922398567199707,Round of 16,1.0,218.0,62.0,1.0,True,80.39999999999999,5.886720824241638,B,1.1,1.1,25.531119999999998,5.25,218.0,0.2159397746571075,0.21054034935528299,0.03434890952525534,0.592558998813339,0.26285891865916927,0.31918051016958054,0.07633670254303682,0.6707575721501083,23.126446078616194,0.8945172041408929,0.08313253094016082,53.03490547306689,3.2050057656233695,14.72631809336454,2.2728601527411407,0.38322886547398216,0.5639792821295434,13.83431441479519,7.371053378847698,0.554763021700567,30.22112335684222,95.29585355499687,6.747804330740271,25.531119999999998,184.0,77.57055073706826,B,1.1,1.1,65.86113311904317,76.23473058297449,70.08451822696023,71.76268101974459,67.45547487886475,73.76441899588913,184.0,77.57055073706826,B,1.1,1.1,,,,,,,,,,,,,,,,,,,,,,,
461177,285023_43911,Obed Vargas,Mexico,MF,1,1,0,0,1,0,0.02,0.0,0,0,3,20,2,1,0,0,0,0,0,22,91,0,0,3,33,0,0,,,,24,1,14,9,20,4,0,9,17,53,5.27,181,47,10044.8,,,,,,,Round of 16,0.0,85.0,764.0,0.0,False,,,None,1.0,1.0,10.044799999999999,5.27,85.0,0.025270299019170016,0.019336382650296084,0.027146848916374942,0.43917119663841775,0.2888794182612488,0.13873087234815604,0.08389330038752797,0.3130652429095556,12.905060857246442,0.9830657862971693,0.09136185030007621,29.658716638880435,1.4018161259144282,8.974536963407262,1.225578809758872,0.42116482972597274,0.1957169312699281,6.934006356615592,1.9513990905750653,0.18558834988167777,18.157497623826075,61.471956464176664,4.13196850923767,10.044799999999999,559.0,58.42199386314185,None,1.0,1.0,52.00665628746181,56.563877164101214,49.33956408503003,40.06010800777175,54.81711792044411,39.07089714921474,559.0,58.42199386314185,None,1.0,1.0,,,,,,,,,,,,,,,,,,,,,,,
372090,285023_43911,Orbelin Pineda,Mexico,MF,0,1,0,1,0,0,0.09,0.0,0,0,3,33,1,0,2,0,0,0,0,5,100,0,0,1,0,0,0,,,,19,7,9,3,14,5,0,6,11,20,3.76,87,32,5754.74,,,,,,,Round of 16,0.0,45.0,664.0,0.0,False,,,None,1.0,1.0,5.75474,3.76,45.0,0.023834796873492232,0.018237961980121585,0.039604747659944026,0.41422368040142815,0.07246936215381646,0.33085013992087237,0.07912766573386085,0.29528128920196856,8.771977226671813,0.5272218469555148,0.08617195792724115,21.37392646916916,1.322184695551481,11.06473029045643,0.9559586992183731,0.19724018141464825,0.5845990543278973,5.340113866640933,3.0405481038309365,0.17504583614783364,14.12604458168484,39.17998649039853,3.0392363084049023,5.75474,735.0,46.86335117313772,None,1.0,1.0,42.26482379148958,35.76621349714329,41.351277514933855,35.10959474445477,51.91439124670061,28.415948038006196,735.0,46.86335117313772,None,1.0,1.0,,,,,,,,,,,,,,,,,,,,,,,
400721,285023_43872,Achraf Hakimi,Morocco,DF,4,13,8,6,7,0,0.91,1.1,17,0,16,65,26,6,14,1,0,0,0,385,90,33,30,7,86,6,83,,,,226,69,103,54,90,136,11,83,145,841,5.89,546,252,53833.04,63.0,39.0,32.0,5.685664176940918,6.490420818328857,6.689000129699707,Round of 16,1.0,549.0,55.0,2.0,True,51.65,6.057211661338806,B,1.1,1.1,53.833040000000004,5.89,549.0,0.15763013864330436,0.29453377604233916,0.14338362511263664,1.981847662254527,0.6144150437702933,0.9372184083949804,2.4500899054463807,4.855831893804202,59.698575511740714,1.2163534133489542,0.9057548999487615,130.6858637106825,2.762101898275691,12.2991058383496,4.1943371121256146,0.98397195874271,2.1018303199492236,22.633883004676715,10.873625425233055,1.6725674902449534,40.933834212454116,92.23942710591446,8.911898808735849,53.833040000000004,2.0,99.35796146975653,B,1.1,1.1,84.46347113426368,94.50542955931361,96.65936158450425,84.5675463832489,91.49303631353887,92.28156953482946,2.0,99.35796146975653,B,1.1,1.1,,,,,,,,,,,,,,,,,,,,,,,
424071,285023_43872,Anass Salah Eddine,Morocco,DF,0,1,0,0,1,0,0.01,0.0,0,0,0,18,8,3,2,0,0,0,0,124,92,3,0,1,100,0,0,,,,32,11,5,16,5,27,3,8,52,255,3.44,142,59,15424.64,,,,,,,Round of 16,0.0,162.0,919.0,0.0,False,,,None,1.0,1.0,15.42464,3.44,162.0,0.02422679325675931,0.01853791062966603,0.02399296056394913,0.4210361649148381,0.07366122160253538,0.13300215245411182,0.08042903024511187,0.9100054351318281,33.10766869224133,0.5358927434721868,0.08758917562059133,69.49843078225149,0.7340620272614844,8.197365996255092,2.3947057166199484,0.81035190497447,0.5942135988182156,13.762799870340448,3.9037112587114082,0.7877925428325483,19.84717754103658,51.00526615697304,5.055007767188747,15.42464,435.0,64.68361227628884,None,1.0,1.0,44.55806425929011,49.28922108602134,67.18115664841552,42.16301620063271,78.25211192007781,42.53424948447954,435.0,64.68361227628884,None,1.0,1.0,,,,,,,,,,,,,,,,,,,,,,,
448607,285023_43872,Chadi Riad,Morocco,DF,0,1,0,1,0,1,0.12,0.0,0,0,7,30,12,0,1,0,0,0,0,226,94,0,0,1,0,1,100,,,,77,0,3,74,48,29,0,2,22,464,4.73,393,99,38595.32,,,,,,,Round of 16,0.0,390.0,249.0,1.0,False,,,None,1.0,1.0,38.59532,4.73,390.0,0.019734677464142064,0.18069613989029834,0.037759708659548454,0.34296792098209,0.0600030071885453,0.2739364985973987,0.06551593328176718,0.2444862876124482,43.85960957648719,0.43652786960763795,0.23694396553708383,91.22154115125844,1.7571213511210733,8.664562073993322,2.613063050203478,0.1633104483267465,0.31843939474123323,6.24304524141144,1.358337050882102,0.1449340280160069,22.790947813248735,83.11237841703934,7.954672326224523,38.59532,493.0,61.42547666721521,None,1.0,1.0,37.152784741925586,43.975408942077756,68.81482336383097,45.51458345167457,49.026054615788894,62.86411084286539,493.0,61.42547666721521,None,1.0,1.0,,,,,,,,,,,,,,,,,,,,,,,
403083,285023_43872,Issa Diop,Morocco,DF,1,1,100,1,0,1,0.12,8.02,0,0,4,11,2,3,1,2,0,0,0,275,92,0,0,3,0,0,0,,,,30,1,1,28,8,22,0,4,20,567,4.33,346,80,39019.12,93.0,35.0,359.0,5.412150859832764,6.564397811889648,4.400058269500732,Round of 16,1.0,433.0,161.0,0.0,True,150.8,5.331964755058289,C,1.0,1.0,39.01912,4.33,433.0,0.1792244980902058,0.014603134221007456,0.03651571660908237,0.3316688569158551,0.21816618934622573,0.26491167190553533,0.06335751355146092,0.2364316969115493,50.261515500373946,0.7424264344064364,0.06899787756274953,104.71066903850985,1.2188131241050795,5.336448835918697,0.9255760077264156,0.6383501286090975,0.3079484219642716,5.717088414894205,1.4737266713111525,0.14015918241750014,18.997441377363845,72.84766552276132,7.760473296247745,39.01912,503.0,60.8660594731303,C,1.0,1.0,50.52455372960543,34.550523838729006,71.79250338689577,35.611676832144646,57.64547926522749,54.080258074052445,503.0,60.8660594731303,C,1.0,1.0,,,,,,,,,,,,,,,,,,,,,,,
411680,285023_43872,Noussair Mazraoui,Morocco,DF,0,0,0,0,0,0,0.0,0.0,0,0,28,57,19,3,6,0,0,0,0,222,90,4,0,5,40,0,0,,,,31,7,12,12,12,19,3,7,36,452,5.33,331,128,39362.24,347.0,3.0,264.0,4.203802108764648,7.489504337310791,5.333625793457031,Round of 16,0.0,440.0,1270.0,0.0,True,274.65,4.979113364219666,C,1.0,1.0,39.36224,5.33,440.0,0.0189840747545012,0.01452627582429444,0.017207872456620543,0.17062609698377598,0.057720810285953036,0.10422026464414423,0.06302405384085419,0.8723758789210139,41.55423354426745,1.0571132152769616,0.0686347318047351,85.840390733611,5.035529671561555,12.636030732402732,3.628755931231445,0.6349904000272795,1.1028133401718052,8.23575278011609,2.421753069856394,0.6173129215109422,26.543717782388967,70.07480069155773,7.774286842939775,39.36224,314.0,70.95202893377997,C,1.0,1.0,35.89317370494817,47.210121394931335,73.28322426471233,74.87351001291228,60.91755373947293,63.04137393644736,314.0,70.95202893377997,C,1.0,1.0,,,,,,,,,,,,,,,,,,,,,,,
485767,285023_43872,Redouane Halhal,Morocco,DF,0,0,0,0,0,0,0.0,0.0,0,0,4,12,9,3,5,1,0,0,1,119,95,0,0,0,0,1,100,,,,13,0,0,13,1,12,0,0,37,260,2.23,154,62,19377.5,,,,,,,Round of 16,0.0,208.0,999.0,0.0,False,,,None,1.0,1.0,19.3775,2.23,208.0,0.023214234657072664,0.017763118826666934,0.02104224695292307,0.208646157646564,0.07058255152818449,0.127443328724658,0.07706749967125337,0.2875933524317504,30.749969962732372,0.31870230656734166,0.27872119149398655,67.56770853494733,1.482553130261243,6.686000332455156,2.4894118180394593,0.7764832546145868,1.1537568609320807,10.265691707429177,1.597834831598754,0.17048834683372394,19.602043353578736,51.21101518642735,5.613722450213558,19.3775,569.0,57.754066285635574,None,1.0,1.0,35.534741406753795,37.34877636204353,59.882858075370436,42.1919779462802,75.30724489325694,39.511337307537936,569.0,57.754066285635574,None,1.0,1.0,,,,,,,,,,,,,,,,,,,,,,,
411678,285023_43872,Ayoub El Kaabi,Morocco,FW,2,3,0,3,0,0,0.31,0.0,0,0,2,25,7,1,1,0,0,0,3,10,70,0,0,0,0,0,0,,,,59,45,12,2,39,20,2,10,14,31,1.4,108,59,8709.76,,,,,,,Round of 16,0.0,74.0,737.0,0.0,False,,,None,1.0,1.0,8.709760000000001,1.4,74.0,0.02516001979903609,0.01925199895553774,0.0882532004607517,0.8594947978150069,0.4987388216195971,0.7714856597325488,0.08352719123566636,0.3116990307087062,10.315302530319789,0.34541549448798126,0.0909631485042074,24.884644910272065,1.184578551607087,9.990972558497395,2.2758307463725673,0.4193268724887124,0.40598289437667306,6.270386246061473,11.23216624777373,0.6070185829409548,20.61169939394038,45.79192869875837,3.8320829214326637,8.709760000000001,691.0,50.56406226848807,None,1.0,1.0,68.18320734207767,44.902526670601496,33.47464264287392,37.64484534802931,33.712860068697495,33.49458421345951,691.0,50.56406226848807,None,1.0,1.0,62.455331734761465,60.6875877509202,42.91008580420579,43.245014907699144,41.991880326249955,37.90868147813141,B,B,C,C,C,D,52.07665944939399,B,58.60719296950003,61.30177514792899,,,None,1.0,43.39721620782833,63.35289792387543,91.0
523288,285023_43872,Ayoube Amaimouni,Morocco,FW,1,2,0,2,0,0,0.29,0.0,0,0,4,10,3,1,0,0,0,0,0,9,89,1,0,0,0,1,0,,,,12,8,3,1,6,6,1,11,12,30,3.33,73,35,4598.41,,,,,,,Round of 16,0.0,33.0,631.0,0.0,False,,,None,1.0,1.0,4.598409999999999,3.33,33.0,0.022402207997944994,0.017141770492354668,0.07482010961399486,0.5773058070790261,0.25609260932387645,0.49894342768540484,0.0743717026652425,0.4655124403653945,8.99665417421601,0.3075541996802893,0.26897161149273546,21.969038178519142,1.4306938860031722,6.076168107750311,1.2744588920871394,0.3733640868191917,0.17350374048610837,5.207125692387115,3.045775176297122,0.3525037311935749,13.840936654795115,34.19336983008765,2.6391974403985627,4.598409999999999,788.0,41.559545653875915,None,1.0,1.0,50.98483402707635,30.56524562638705,31.071118653326636,28.65562564685737,42.09816782396427,24.297292334164624,788.0,41.559545653875915,None,1.0,1.0,62.11011485458906,62.69874397601792,34.42400872798349,62.08580913915965,35.544054716360044,28.976576780296604,B,B,D,A,D,D,53.09053424596335,B,40.83451202263084,34.96819397068313,,,None,1.0,44.242111871636126,62.982223183391,92.0
430740,285023_43872,Brahim Diaz,Morocco,FW,1,5,0,4,1,0,0.29,0.0,1,0,14,123,17,3,8,0,0,0,0,140,90,5,60,10,50,0,0,,,,172,59,85,28,91,81,5,73,117,345,5.91,454,200,41478.47,58.0,323.0,18.0,5.713639259338379,4.850802898406982,6.974554538726807,Round of 16,0.0,422.0,165.0,4.0,True,87.75,5.8994426250457765,B,1.1,1.1,41.47847,5.91,422.0,0.019245324189027038,0.6606834086171491,0.06427657780482883,0.980420705548693,0.22000444283456172,0.7516117216883821,0.22538066700072712,1.0458703910498377,28.883959123454524,1.8791072205132187,0.06957924899109776,69.74232779080477,2.843975834126164,23.46821581385315,3.355714458452851,0.6437288234206622,1.4409683258584138,21.42972302588619,10.852524018113836,0.9487866908898066,38.53622940902808,90.90232019613397,8.223021244982466,41.47847,17.0,93.37956447466463,B,1.1,1.1,67.26263767309578,94.27366089656418,89.78975508778959,85.95121428967654,85.99300865885043,88.74695692264117,17.0,93.37956447466463,B,1.1,1.1,20.432174213232067,37.65415702197094,89.67543416154028,95.92945803641285,94.01997000841229,86.69606346693801,E,C,S,S+,S,S,40.26312509703059,C,32.003181757921254,45.17978113600834,72.5,6.005630207061768,BL-A,1.2,40.26312509703059,58.16215397923875,122.0
433426,285023_43872,Soufiane Rahimi,Morocco,FW,4,6,33,5,1,2,1.59,1.26,0,0,4,57,10,5,6,0,0,0,2,32,75,5,40,4,25,0,0,,,,90,64,21,5,70,20,10,29,30,101,7.34,270,123,21306.98,,,,,,,Round of 16,2.0,180.0,24.0,1.0,False,,,None,1.0,1.0,21.30698,7.34,180.0,0.42383479687349224,0.21823796198012158,0.3396047476599441,1.414223680401428,0.8724693621538164,1.1308501399208724,0.07912766573386085,1.2952812892019685,14.171977226671812,1.1272218469555149,0.08617195792724115,37.57392646916916,1.5221846955514813,15.86473029045643,2.755958699218373,1.1972401814146483,1.3845990543278974,9.140113866640933,14.440548103830938,2.1750458361478335,32.32604458168484,75.77998649039853,6.149684308404901,21.30698,146.0,80.34424281618362,None,1.0,1.0,83.96852014384322,79.05533619396405,57.30322993909507,59.801285859799435,57.43833455948945,61.456807556476846,146.0,80.34424281618362,None,1.0,1.0,93.37556797506974,93.51117519826964,72.50491674790692,80.334524539553,80.9809443692623,59.183673469387756,S,S,B,S,A,B,81.46389718338729,S,61.79629411070459,66.13071895424835,,,None,1.0,67.88658098615608,98.00666089965398,13.0
356956,285023_43872,Yassine Bounou,Morocco,GK,0,0,0,0,0,0,0.0,0.0,0,1,0,0,0,0,4,0,0,0,0,174,67,0,0,8,0,0,0,12.0,85.0,67.0,30,0,0,30,16,14,0,0,7,321,2.58,28,3,23478.08,,,,,,,Round of 16,0.0,549.0,1288.0,0.0,False,,,None,1.0,1.0,23.478080000000002,2.58,549.0,,,,,,,,,,,,,,,,,,,,,,,,,,,,,,,,,,,,,,,,,,,,,,,,,,,,,,,,,,,,,,,
485760,285023_43872,Ayyoub Bouaddi,Morocco,MF,0,3,0,0,3,0,0.14,0.0,0,0,19,84,28,2,6,0,0,0,0,226,90,0,0,1,100,1,100,,,,144,18,39,87,95,49,0,14,98,494,5.32,491,141,39895.09,217.0,44.0,278.0,4.67138671875,6.424352169036865,5.226677894592285,Round of 16,0.0,358.0,1200.0,0.0,True,206.29999999999998,5.073154330253601,C,1.0,1.0,39.895089999999996,5.32,358.0,0.020258275176410427,0.015501271288832268,0.042161325455605206,0.692045644872534,0.061594998613296474,0.11121547019924102,0.06725419289334635,0.250972963723951,45.02328662552735,0.44810976620986237,0.24323052981037555,98.7414905706168,3.843609930778107,18.073858991234538,5.402217649350568,0.5076215251896332,1.176833551401792,19.327854426385183,4.454179581479603,0.14877939744942717,30.535175147440825,101.97643365224843,8.386671281764055,39.895089999999996,182.0,77.72404778516349,C,1.0,1.0,42.978554839032235,41.997552764185635,71.81614856303993,80.03783908702904,72.97465240820767,78.29999443925519,182.0,77.72404778516349,C,1.0,1.0,,,,,,,,,,,,,,,,,,,,,,,
441307,285023_43872,Azzedine Ounahi,Morocco,MF,2,4,50,1,3,0,0.28,7.03,2,0,18,153,13,2,6,1,0,0,0,245,90,3,67,14,64,3,100,,,,241,50,94,97,137,104,2,62,101,528,6.59,517,224,42341.55,25.0,307.0,46.0,6.245397090911865,4.899636745452881,6.440932750701904,Round of 16,2.0,376.0,47.0,0.0,True,72.55,6.092416954040527,B,1.1,1.1,42.341550000000005,6.59,376.0,0.3549213516964221,0.015272559416835247,0.06498659888406567,0.8493159179614032,0.39564817680798275,0.27705554082836686,0.4012238731030178,0.7497129722619793,47.54113405602036,2.618751016111887,0.5746037857208047,102.97897324103283,3.6194188059660544,29.363378286455248,2.8102963856445133,0.5001318769453794,1.1594700849121813,19.545126599808693,9.74785246038229,0.48154622262859587,43.98556909371137,104.8263387958055,8.672666561856428,42.341550000000005,11.0,94.5856911044946,B,1.1,1.1,77.4635745873269,75.57548134833671,99.57734247642298,89.21797740683492,82.68455343648372,93.6370858963781,11.0,94.5856911044946,B,1.1,1.1,,,,,,,,,,,,,,,,,,,,,,,
448612,285023_43872,Bilal El Khannouss,Morocco,MF,4,6,0,2,4,1,0.28,0.0,2,0,14,104,16,5,4,1,0,0,0,212,78,14,14,21,67,1,100,,,,136,38,78,20,51,85,8,67,113,489,6.0,469,199,43579.91,185.0,139.0,79.0,4.778095245361328,5.755778789520264,6.214325428009033,Round of 16,0.0,435.0,1265.0,0.0,True,151.6,5.283805322647094,C,1.0,1.0,43.579910000000005,6.0,435.0,0.019055673007923275,0.014581061532378538,0.06204419123516616,1.1306571713964386,0.6975302102584514,0.42440918360804664,0.3830576016961159,2.4746453023131587,40.11197566595209,3.6194669334839076,0.22879151365302536,92.08036021804456,2.815950150034019,20.198889950840726,3.1627479690834797,0.9571811133979922,0.7871767367167787,20.578954191756647,7.38772241337705,1.419130744316385,37.996579946346195,92.40500099544269,8.478004178392078,43.579910000000005,107.0,83.84665699865327,C,1.0,1.0,57.27746147792383,63.71551557583034,76.53658554600344,73.1205761020603,65.3970417091914,81.79860812837344,107.0,83.84665699865327,C,1.0,1.0,,,,,,,,,,,,,,,,,,,,,,,
494293,285023_43872,Chemsdine Talbi,Morocco,MF,0,2,0,1,1,0,0.05,0.0,0,0,5,31,4,0,0,0,0,0,0,35,86,7,14,1,100,0,0,,,,53,25,17,11,11,42,0,16,24,98,5.66,187,87,14533.76,,,,,,,Round of 16,0.0,128.0,193.0,1.0,False,,,None,1.0,1.0,14.533760000000001,5.66,128.0,0.024893585731715986,0.22793252425444885,0.03300869311275959,0.6415087121437999,0.07568859467416479,0.3455471580557143,0.082642673279381,1.7705890398863675,15.428177696285612,0.5506420850356415,0.08999988687620394,38.616381473007614,1.798687548801357,11.138478720847068,1.6250774646659158,0.2060019807110424,0.19279930973592177,8.292829442093437,6.935534395602296,0.18282171869365504,26.242193219138,61.80887863739023,5.008045490711247,14.533760000000001,541.0,59.082085942937155,None,1.0,1.0,47.55586854648876,64.49083098488494,47.576968799225774,44.833313608315535,45.79170100684091,44.882477942804464,541.0,59.082085942937155,None,1.0,1.0,,,,,,,,,,,,,,,,,,,,,,,
505112,285023_43872,Gessime Yassine,Morocco,MF,1,1,100,1,0,0,0.42,2.35,1,0,1,11,5,1,2,0,0,0,0,30,87,0,0,2,50,1,0,,,,37,19,9,9,16,21,0,14,27,68,2.49,83,31,8431.83,,,,,,,Round of 16,1.0,78.0,88.0,0.0,False,,,None,1.0,1.0,8.43183,2.49,78.0,0.2368062350936116,0.01929486912945879,0.1117246426859014,0.43822833452441684,0.2882592194388351,0.35002321850403384,0.2953033780099073,0.3123931192388566,14.570076334853063,0.7693650409176049,0.3027558935995925,32.76889480850394,0.9756261710189728,7.05095771543216,1.8577181669246645,0.42026062570545,0.6184771225401441,9.035021543915652,5.7558330130504665,0.1851899079409431,14.733072038832395,40.604143013884006,3.781808907097458,8.43183,543.0,59.05645443492686,None,1.0,1.0,69.81259959512475,51.87530065907602,46.40606628380726,38.911596761685836,51.9931416476217,35.086305117084606,543.0,59.05645443492686,None,1.0,1.0,,,,,,,,,,,,,,,,,,,,,,,
448598,285023_43872,Ismael Saibari,Morocco,MF,3,10,30,7,3,1,1.01,2.97,0,0,32,181,17,8,3,0,0,0,3,95,84,7,29,8,75,1,100,,,,298,151,117,30,182,116,9,67,94,246,6.64,615,315,45216.86,12.0,270.0,91.0,6.589122295379639,5.148232460021973,6.137832164764404,Round of 16,3.0,411.0,20.0,0.0,True,70.45,6.26016628742218,B,1.1,1.1,45.216860000000004,6.64,411.0,0.5080193942126431,0.014852070521313814,0.18209235685246938,1.8031513766246918,0.5476249156028132,1.2466466516625747,0.06443755464273718,1.3805510335055309,21.80173937191673,1.5694316509924615,0.23304391713231878,54.21442658332973,5.799945711009063,33.11529230416997,3.384401818127236,1.4635811801342093,0.6389376454745945,17.866915105326584,25.92932622574911,1.6083770803594624,57.59570082258529,117.90147231219994,8.902189290252833,45.216860000000004,13.0,94.1998318917517,B,1.1,1.1,90.18824635119005,72.8472662624691,81.06781898536109,93.70106879721709,81.6989260427189,95.27397062106023,13.0,94.1998318917517,B,1.1,1.1,,,,,,,,,,,,,,,,,,,,,,,
485740,285023_43872,Neil El Aynaoui,Morocco,MF,2,6,0,4,2,3,0.56,0.0,1,0,38,106,42,11,7,0,0,0,0,376,93,0,0,3,0,3,67,,,,310,34,90,186,230,80,1,22,144,796,6.76,713,239,59775.75,317.0,10.0,349.0,4.417823314666748,7.098959922790527,4.688016414642334,Round of 16,0.0,533.0,1287.0,0.0,True,278.95,4.887542080879212,C,1.0,1.0,59.77575,6.76,533.0,0.017216145414239974,0.013173487786604677,0.09650423185710244,1.0215098815098598,0.34127000476599906,0.6723636644693299,0.20161709402927347,0.21328504035455192,59.931604738366474,0.669742907110725,0.4956298251480875,127.54135940790711,6.011208849114231,18.537927176092126,6.613453314042163,1.7315539031084939,1.1445739557745647,23.070708250382697,6.096704087839361,0.2708998816477129,40.107094802180065,118.73353759338578,9.99927325647224,59.77575,34.0,90.92197802765803,C,1.0,1.0,57.319095649751596,51.46107034654425,82.40865008526153,84.11698081348895,90.968583172259,86.98122120652066,34.0,90.92197802765803,C,1.0,1.0,,,,,,,,,,,,,,,,,,,,,,,
505097,285023_43872,Samir El Mourabet,Morocco,MF,0,0,0,0,0,0,0.0,0.0,1,0,6,33,5,0,1,0,0,0,0,110,91,1,0,4,50,1,100,,,,50,10,21,19,34,16,0,13,35,231,7.58,216,85,14604.02,,,,,,,Round of 16,0.0,121.0,856.0,0.0,False,,,None,1.0,1.0,14.60402,7.58,121.0,0.02500628615101318,0.019134364706645708,0.02266662917550745,0.22475285528440994,0.07603125870206841,0.13728147376831526,0.292846896034092,0.5196245518165596,31.235281163213124,1.1826252269005884,0.3002374178520027,66.69860899043557,2.016660800055555,11.608565967459693,1.8422647331578414,0.20693461090150178,0.40350224325294787,10.638504296845207,3.819482419511231,0.18364940517383768,25.941339021016248,68.17377739329555,5.045461013529903,14.60402,385.0,67.566213782224,None,1.0,1.0,46.76806893511105,57.9794147457976,73.98720564536833,51.56648316309911,58.2508348566728,49.58893760492711,385.0,67.566213782224,None,1.0,1.0,,,,,,,,,,,,,,,,,,,,,,,
372266,285023_43872,Sofyan Amrabat,Morocco,MF,0,0,0,0,0,0,0.0,0.0,0,0,10,39,16,4,2,0,0,0,0,81,93,0,0,3,67,2,100,,,,50,1,9,40,44,6,0,2,18,167,2.55,212,65,14953.16,,,,,,,Round of 16,0.0,140.0,882.0,0.0,False,,,None,1.0,1.0,14.95316,2.55,140.0,0.024676021986652287,0.018881652451325028,0.02236726543559344,0.22178448911080195,0.07502709519018569,0.13546836361903036,0.08192039687876468,0.30570294445002427,24.818043982021614,0.9599472067422855,0.5033309067738928,52.56594098753534,2.8182614584755505,12.69760157445471,4.0955802710769325,1.0324367676876898,0.6052318882572343,6.977999386717779,1.905508392569275,0.18122390236351113,21.45754941854706,66.4451543743355,5.051116879255536,14.95316,360.0,68.90277270404802,None,1.0,1.0,45.74626627300653,51.77956118274294,64.76666172987554,66.3082813046211,68.33673472539462,47.81891503711033,360.0,68.90277270404802,None,1.0,1.0,,,,,,,,,,,,,,,,,,,,,,,
436612,285023_43960,Denzel Dumfries,Netherlands,DF,2,5,0,4,1,2,0.44,0.0,0,0,24,74,8,6,3,0,0,0,1,179,82,17,29,13,54,0,0,,,,82,40,29,13,18,64,13,44,56,379,6.05,470,183,43452.06,,,,,,,Round of 16,0.0,432.0,178.0,2.0,False,,,None,1.0,1.0,43.452059999999996,6.05,432.0,0.019098987176125248,0.33513696444842933,0.08782704048666819,0.9729658122962912,0.3785929595617183,0.745896639254148,0.06340554447134697,2.9610543915788474,34.91452596418526,2.345603061499288,0.06905018440599128,74.66091010672687,4.424964695286696,15.436961293265236,1.8878459599500514,1.1196181972284336,0.6287046353507657,11.490832176872768,7.725037707816976,2.223663374144027,35.51876533823025,92.77530196581377,8.476785541856161,43.452059999999996,65.0,87.70510375334439,None,1.0,1.0,60.19323723785583,85.64590530739142,74.11581473448507,69.42275308008404,66.85443164362461,80.69304620261207,65.0,87.70510375334439,None,1.0,1.0,,,,,,,,,,,,,,,,,,,,,,,
489517,285023_43960,Jan Paul Van Hecke,Netherlands,DF,2,3,33,3,0,3,0.15,6.86,0,0,11,56,17,4,2,0,0,0,0,360,93,1,0,5,60,4,75,,,,43,2,3,38,13,30,0,5,48,739,5.92,374,114,42651.39,133.0,59.0,200.0,4.9573893547058105,6.310612201690674,5.641765117645264,Round of 16,1.0,432.0,160.0,0.0,True,138.65,5.331466722488402,B,1.1,1.1,42.65139,5.92,432.0,0.17936036701919075,0.014614204762298263,0.041351240332179184,0.6524430526101602,0.3785929595617183,0.5856352594110825,0.06340554447134697,0.3968723140897993,63.92183571578012,1.0635120227547639,0.7100957037782534,132.35500685023047,2.3415667573268433,12.55225645609006,3.3301983785376406,0.7990954375423027,0.4684432555077003,10.208741138128245,1.6351052737804843,0.14026543618417486,24.46073012905873,77.39020950087948,8.348469062857214,42.65139,186.0,77.5154947617835,B,1.1,1.1,64.8853452975896,53.18472309800427,88.5474589345709,66.41567934880777,80.30211166504239,72.15789883528016,186.0,77.5154947617835,B,1.1,1.1,,,,,,,,,,,,,,,,,,,,,,,
483512,285023_43960,Jorrel Hato,Netherlands,DF,0,0,0,0,0,0,0.0,0.0,0,0,1,23,4,0,0,0,0,0,0,4,50,1,100,0,0,0,0,,,,3,2,1,0,2,1,0,0,5,11,1.55,45,17,4437.91,,,,,,,Round of 16,0.0,43.0,655.0,0.0,False,,,None,1.0,1.0,4.43791,1.55,43.0,0.023649477687624598,0.018096159040328134,0.021436767447296643,0.21255805856893367,0.07190590179516629,0.12983276009886216,0.0785124360479845,0.4914304015364454,8.505328794576744,0.32467764712038466,0.0855019577937197,19.4217362014378,0.9150145687026447,8.994250628034582,1.5438608826977085,0.19570660888058572,0.18316376848755403,4.107923849027715,2.024682530680353,0.17368482803785837,11.03953788583387,30.540667394553363,2.75428749281146,4.43791,855.0,27.721702157503287,None,1.0,1.0,28.500141495621413,38.898541813734305,16.61425852297175,23.176173085971598,16.092608866731023,16.342126674562657,855.0,27.721702157503287,None,1.0,1.0,,,,,,,,,,,,,,,,,,,,,,,
448140,285023_43960,Micky Van De Ven,Netherlands,DF,1,3,0,2,1,2,0.13,0.0,0,0,8,87,13,5,1,1,0,0,0,117,90,3,0,3,67,0,0,,,,18,8,2,8,5,13,3,11,24,242,4.22,245,92,27342.03,,,,,,,Round of 16,0.0,291.0,1094.0,0.0,False,,,None,1.0,1.0,27.342029999999998,4.22,291.0,0.021476350617415596,0.016433320917779545,0.042894271649345755,0.7336564827515356,0.2455085975843509,0.478322672131687,0.0712980060983028,0.8066934646083338,28.087519097032263,0.8354735134114291,0.07764526761681023,59.265615471092524,2.092405191651752,19.701221552901288,3.0238875566897008,1.078773611782491,0.3465430891529215,7.154441896328154,2.9198968063316886,0.6983552748540833,23.54088002765867,63.776327301295616,6.628751534617138,27.342029999999998,375.0,68.1141766561145,None,1.0,1.0,49.477346767448736,50.50655970484702,63.09209299646747,61.637645452568755,64.0012360470194,51.68533802447025,375.0,68.1141766561145,None,1.0,1.0,,,,,,,,,,,,,,,,,,,,,,,
336088,285023_43960,Nathan Ake,Netherlands,DF,0,1,0,1,0,1,0.14,0.0,0,0,8,19,4,2,2,0,0,0,0,123,91,1,0,3,0,0,0,,,,28,1,5,22,5,23,0,3,17,253,4.51,136,49,18580.35,,,,,,,Round of 16,0.0,189.0,970.0,0.0,False,,,None,1.0,1.0,18.58035,4.51,189.0,0.023635547427031226,0.018085499853072475,0.0491900716479964,0.4107609347581953,0.07186354703522449,0.32808436400129254,0.07846618983872715,0.49114093410518406,32.101360339206906,0.9194706401492214,0.08545159454388213,67.40569140953558,2.302772152720733,8.19564042389439,1.5429515017506974,0.5922474904266465,0.5797120381475327,6.485441109216707,1.8251618518389583,0.17358252239933053,17.379533801664923,48.57053323398194,5.5575080962279015,18.58035,513.0,60.23462132765034,None,1.0,1.0,44.2557321327758,46.48257462551066,67.50412825893022,46.47236603789446,56.03918815968881,41.02569342934521,513.0,60.23462132765034,None,1.0,1.0,,,,,,,,,,,,,,,,,,,,,,,
397786,285023_43960,Virgil Van Dijk,Netherlands,DF,2,2,50,2,0,2,0.14,7.26,0,0,10,11,4,2,2,0,0,0,0,347,95,0,0,1,100,1,100,,,,35,0,1,34,17,18,1,4,40,718,5.3,292,100,38197.13,88.0,111.0,220.0,5.453144550323486,5.900674343109131,5.543290615081787,Round of 16,1.0,432.0,76.0,1.0,True,124.44999999999999,5.542810535430909,B,1.1,1.1,38.197129999999994,5.3,432.0,0.17936036701919075,0.1748755846053638,0.039748626533748534,0.49218167276709485,0.3785929595617183,0.42537387956801703,0.06340554447134697,0.23661093424673377,61.83843777782027,0.4224665033825016,0.22931156424905677,128.9895178735261,2.181305377483778,5.3404943631521125,1.246800440577789,0.47857267785617164,0.4684432555077003,8.926650099383721,1.3145825140943532,0.3005268160272404,22.217070811255816,64.2487763537481,7.63462320907744,38.197129999999994,326.0,70.27608349106228,B,1.1,1.1,65.72595952165126,54.49830695343848,78.79559716331124,52.582952620367486,72.88268279469081,61.263733038370994,326.0,70.27608349106228,B,1.1,1.1,,,,,,,,,,,,,,,,,,,,,,,
424051,285023_43960,Brian Brobbey,Netherlands,FW,3,4,75,4,0,0,1.4,2.14,0,0,18,53,2,4,3,0,0,0,2,21,86,1,0,0,0,0,0,,,,91,75,13,3,77,14,5,25,28,61,5.72,226,77,22528.72,15.0,257.0,219.0,6.4913506507873535,5.1998724937438965,5.556449890136719,Round of 16,3.0,245.0,13.0,0.0,True,102.3,6.063903737068175,B,1.1,1.1,22.52872,5.72,245.0,0.586590928403433,0.017149128429069547,0.28359849406830556,0.9536730129147756,0.6323219375476185,0.8752769972390291,0.07440362598855572,0.4657122570108062,11.257232317616777,0.3076862143014542,0.08102736342412227,27.808318918770997,4.064143818205125,14.165343407444103,1.0869462395635447,0.9377034541660124,0.7377573197411572,8.2183160238564,15.647082545393268,1.1048938459300526,21.745385203673802,62.981181326792644,6.012299036261326,22.52872,357.0,68.91477177193865,B,1.1,1.1,90.71987009476896,50.36983339274042,51.98183407787854,66.88531430279778,63.37546732451208,53.12099858220621,357.0,68.91477177193865,B,1.1,1.1,92.44254938000915,75.79023261108793,59.2097401199372,42.44993762026601,52.28777294173585,62.462547345808126,S,A,B,D,C,B,78.1442919129226,A,70.67421365622984,49.82430978845464,100.4,6.081732606887817,BL-B,1.05,68.37625542380728,84.31859861591695,42.0
448152,285023_43960,Cody Gakpo,Netherlands,FW,6,10,30,8,2,2,1.35,2.23,1,0,15,127,7,3,3,0,0,0,3,100,79,10,10,18,67,1,0,,,,103,56,39,8,54,49,5,86,72,257,5.98,418,177,39227.0,13.0,297.0,58.0,6.587228298187256,4.967573642730713,6.3269877433776855,Round of 16,3.0,394.0,12.0,1.0,True,66.85,6.2792199611663815,B,1.1,1.1,39.227,5.98,394.0,0.5148726899909577,0.18011942762089309,0.24067160343454944,1.8274762938578943,1.0502134967570167,1.4285311944421806,0.23037383106481932,1.8943759751461637,22.921184731482427,3.2412736299211105,0.23618773193868087,56.76152837239412,3.072049293252879,24.648407074381186,1.7793881658080644,0.65799022246122,0.6475570578793589,14.476469819455266,10.59775372632576,0.969806451246735,35.593433860575246,86.97379079757413,8.033553607459753,39.227,30.0,91.44640789209166,B,1.1,1.1,91.10213288181859,91.42836212803067,79.16857405937024,79.35698808979058,73.9572099755857,84.85346039847357,30.0,91.44640789209166,B,1.1,1.1,92.22795510314519,90.58930672029751,82.48597547552757,81.79357594468291,89.86869536593396,80.47750956338213,S,S,A,S,S,A,89.68192737560368,S,55.915632209161814,55.68375030361914,54.900000000000006,6.347190666198729,BL-A,1.2,89.68192737560368,101.1155276816609,7.0
489518,285023_43960,Crysencio Summerville,Netherlands,FW,2,2,100,1,1,0,0.16,12.33,3,0,17,75,13,2,5,1,0,0,1,67,84,8,13,6,83,0,0,,,,80,39,28,13,40,40,6,46,62,182,6.16,285,131,28089.07,8.0,276.0,10.0,6.909579277038574,5.092770099639893,7.089201927185059,Round of 16,2.0,282.0,22.0,2.0,True,48.699999999999996,6.681963562965392,A,1.2,1.2,28.08907,6.16,282.0,0.3850398995220687,0.3799553600720709,0.04869814089155918,0.5580019052952669,0.4292227940530833,0.30056641307348586,0.6169650300205852,1.7218003867157792,19.234041291976546,1.3874305527471362,0.0782843746353097,48.85183424610635,3.7448685022912507,17.68306389788603,3.048777518691908,0.5425729579987221,1.0761690739339997,14.1176796381797,8.576425815309602,1.2491836783911638,30.820689790631345,71.56901298896184,6.8190457696026625,28.08907,85.0,85.5220761633418,A,1.2,1.2,83.30330719062687,100.0,80.7747070486634,90.85598339416579,78.46435193919149,77.69361758467646,85.0,85.5220761633418,A,1.2,1.2,68.27736776793961,71.65408112928321,74.98687657692746,92.461567740162,75.56782853589849,81.08052085099968,A,A,A,S,A,A,78.59918427059281,A,44.49276191566058,47.670720299345184,35.4,6.781785154342652,BL-A,1.2,78.5991842705928,88.2474480968858,32.0
433066,285023_43960,Donyell Malen,Netherlands,FW,2,4,0,2,2,1,0.22,0.0,0,0,8,47,7,0,2,0,0,0,0,34,79,8,25,5,60,0,0,,,,82,40,30,12,46,36,4,42,38,107,4.34,178,81,18907.07,,,,,,,Round of 16,0.0,197.0,975.0,0.0,False,,,None,1.0,1.0,18.90707,4.34,197.0,0.02345795684879596,0.01794961070616371,0.06456750388314217,0.9981882982331378,0.46499938592337964,0.5224571344801472,0.07787661787859386,1.8653159468657154,14.341586999848456,1.3062378076855854,0.08480953629949309,38.16089135560109,2.285469797469251,13.645521990390172,2.121871917033073,0.19412171578517787,0.5753562517464602,10.570307310443805,9.488126230684049,0.9596298752347123,23.54776188521791,56.472780289276606,5.580061487496711,18.90707,431.0,64.92434121497864,None,1.0,1.0,58.61397995765702,64.25852973692652,51.62797598445442,56.4156338697815,46.23207768966613,46.61883180355333,431.0,64.92434121497864,None,1.0,1.0,35.82698103173196,31.924259097635943,59.70322920874832,46.19483622676619,50.14812918327786,58.97638833926923,C,D,B,C,C,B,33.72194573632549,D,60.03337505214853,47.70672365609074,,,None,1.0,28.10162144693791,48.851903114186854,198.0
336098,285023_43960,Memphis Depay,Netherlands,FW,0,0,0,0,0,0,0.0,0.0,1,0,0,31,2,1,1,1,0,0,0,17,88,1,100,2,100,1,100,,,,35,19,14,2,31,4,0,17,18,39,5.39,137,50,8184.41,,,,,,,Round of 16,0.0,68.0,187.0,1.0,False,,,None,1.0,1.0,8.18441,5.39,68.0,0.02503435094495398,0.22922140930003204,0.022692068150063752,0.22500509756193457,0.07611658931036615,0.13743554607837083,0.29317556090434765,0.5202077314172907,11.734238815879499,0.7638213586694824,0.30057437717552843,26.440876053470188,0.7585306982673506,11.201463232165954,1.2141356147360027,0.417232425506063,0.40395509767695775,7.079329303372292,5.714359190351755,0.18385551665646363,18.61815828677458,51.65510945209665,3.7025845493773533,8.18441,637.0,53.9082703559866,None,1.0,1.0,41.09132245999966,66.97828142650724,42.567056129987115,35.7783074861755,48.54758282170204,34.902154646086856,637.0,53.9082703559866,None,1.0,1.0,36.87196185819984,46.45770879975715,45.769419642317175,89.1734156604851,42.010167879741054,26.71528445173083,C,C,C,S,C,E,40.145722767249644,C,33.00525819064312,44.836234877544996,,,None,1.0,33.45476897270804,57.27301038062284,127.0
448153,285023_43960,Noa Lang,Netherlands,FW,0,0,0,0,0,0,0.0,0.0,0,0,2,6,1,0,1,0,0,0,0,13,85,1,0,2,100,0,0,,,,8,1,5,2,1,7,0,5,2,26,3.65,35,12,2122.19,,,,,,,Round of 16,0.0,17.0,561.0,0.0,False,,,None,1.0,1.0,2.1221900000000002,3.65,17.0,0.01848330583786322,0.014143096369862948,0.01675395685845828,0.16612525894759653,0.05619822949083108,0.10147110411393734,0.061361582133796916,0.38407860543893424,8.043216321139921,0.5639428722886833,0.06682425956765932,17.50553147592048,0.8702269645735989,4.392860698718976,0.7413227433739908,0.15295496814814744,0.2982472216493427,2.7452722859474394,1.427300332911206,0.13574379267159467,7.852501530620171,22.318180227632354,1.7934630575795205,2.1221900000000002,912.0,18.489713007674812,None,1.0,1.0,8.82731175893008,17.79714048997158,24.25333935867347,12.132884848549498,22.04927513631486,9.979895230557633,912.0,18.489713007674812,None,1.0,1.0,19.163268923949655,21.71669259666831,8.065885631484605,41.32075870673068,14.14700754666374,14.315864850095158,E,E,F,D,E,E,18.295243817200536,E,27.26825670027047,36.477987421383645,,,None,1.0,15.24603651433378,29.573399653979237,267.0
448159,285023_43960,Wout Weghorst,Netherlands,FW,0,0,0,0,0,0,0.0,0.0,0,0,2,53,2,1,2,0,0,0,0,7,57,0,0,1,0,0,0,,,,8,5,3,0,7,1,1,8,10,21,1.8,109,30,7013.96,,,,,,,Round of 16,0.0,58.0,701.0,0.0,False,,,None,1.0,1.0,7.01396,1.8,58.0,0.024682619487896386,0.018886700741750674,0.02237324565645798,0.22184378649040476,0.07504715479923152,0.1355045830995445,0.08194229951447382,0.3057846786759633,9.498231725623326,0.5459755458869259,0.08923716276393308,22.34132813150076,1.1621016945289255,15.600594686026453,1.1970770662729084,0.41137032948936947,0.6053937059982748,5.322951790533509,2.734474492578124,0.38838651377189504,14.214290865655244,45.1301611479841,3.4081466432302276,7.01396,805.0,39.03991360422045,None,1.0,1.0,38.439894519506154,43.29399464027359,25.95048768156166,37.31827644578945,25.71162663114963,24.88788927773727,805.0,39.03991360422045,None,1.0,1.0,43.319120350068566,46.45770879975715,29.431060300012334,48.46799602461357,28.8431293661534,50.100815949648556,C,C,D,C,D,C,39.23124622476291,C,43.97884864810934,67.21705193635546,,,None,1.0,32.69270518730243,54.518555363321795,146.0
424081,285023_43960,Bart Verbruggen,Netherlands,GK,0,0,0,0,0,0,0.0,0.0,0,0,0,0,0,0,0,0,0,0,0,123,72,0,0,2,0,0,0,17.0,57.0,54.0,28,0,0,28,22,6,0,0,0,237,2.99,35,6,21588.04,,,,,,,Round of 16,0.0,432.0,1264.0,0.0,False,,,None,1.0,1.0,21.58804,2.99,432.0,,,,,,,,,,,,,,,,,,,,,,,,,,,,,,,,,,,,,,,,,,,,,,,,,,,,,,,,,,,,,,,
422657,285023_43960,Frenkie De Jong,Netherlands,MF,0,1,0,1,0,0,0.04,0.0,0,0,7,85,22,6,6,0,0,0,0,243,92,0,0,5,80,2,100,,,,143,2,32,109,106,37,0,8,69,519,6.5,424,109,38652.6,,,,,,,Round of 16,0.0,360.0,1202.0,0.0,False,,,None,1.0,1.0,38.6526,6.5,360.0,0.020224495796940335,0.015475423909399691,0.025120461390795594,0.35148044800787887,0.06149229288867284,0.2807356529934803,0.0671420508238505,0.2505544823426616,47.83320883904791,1.1261850817454147,0.41253058592771175,102.81948613121952,1.8007334269857134,18.21342761366644,4.3749760316821,1.1855976086695434,1.1748712566476844,14.374163267008885,1.7314624818674478,0.14853131731032296,25.053679614390802,90.4361174233577,8.161829498167933,38.6526,187.0,77.50606210700806,None,1.0,1.0,42.58635424080571,46.45637187150881,81.98733603760175,64.60895172481408,83.37092539683302,68.64382065728877,187.0,77.50606210700806,None,1.0,1.0,,,,,,,,,,,,,,,,,,,,,,,
448157,285023_43960,Guus Til,Netherlands,MF,0,0,0,0,0,0,0.0,0.0,0,0,1,20,1,0,0,0,0,0,0,8,88,0,0,1,0,0,0,,,,20,11,8,1,9,11,0,6,5,19,1.75,56,28,4267.29,,,,,,,Round of 16,0.0,36.0,633.0,0.0,False,,,None,1.0,1.0,4.26729,1.75,36.0,0.022841239731012042,0.017477709753689372,0.0207041504590133,0.20529373361476405,0.06944846574085037,0.12539563188361263,0.0758292169207687,0.28297244363116125,8.981304926750626,0.505244523863795,0.08257986671981274,20.291288115276153,0.8837432858841687,8.111876717426624,0.9161094150576675,0.18901819437323322,0.1769040145968665,3.967532588742269,3.680454270438813,0.16774902377350542,12.77054638107431,31.60521072409536,2.6274561954224853,4.26729,839.0,30.81972618594498,None,1.0,1.0,24.29260958833211,28.785910462257597,30.50241077346713,21.027125055769567,32.02910228276349,19.01388255859896,839.0,30.81972618594498,None,1.0,1.0,,,,,,,,,,,,,,,,,,,,,,,
478364,285023_43960,Justin Kluivert,Netherlands,MF,0,0,0,0,0,0,0.0,0.0,0,0,2,12,0,0,2,0,0,0,0,7,100,1,0,0,0,0,0,,,,29,13,14,2,15,14,2,3,5,18,3.51,60,20,3868.51,,,,,,,Round of 16,0.0,32.0,625.0,0.0,False,,,None,1.0,1.0,3.86851,3.51,32.0,0.02224099053079543,0.017018409758381925,0.020160062226476875,0.1998987812889306,0.06762341655314723,0.12210033667918462,0.07383648678239778,0.46216238056016445,8.558657316435955,0.30534088619403765,0.08040973499595269,19.57142334672823,1.0471454537681222,6.4056934152565255,0.7054085822601269,0.1840509499795379,0.5455075661281977,3.8632690596487733,3.9569873711647725,0.5365931610166643,10.941937029678817,31.521156385389915,2.483985978842033,3.86851,816.0,36.56973036925727,None,1.0,1.0,25.518902257590444,30.682428547492112,35.62302760229458,24.5055285199951,47.10791215157794,20.983702414307036,816.0,36.56973036925727,None,1.0,1.0,,,,,,,,,,,,,,,,,,,,,,,
402044,285023_43960,Marten De Roon,Netherlands,MF,0,0,0,0,0,0,0.0,0.0,0,0,0,1,0,0,0,0,0,0,0,1,100,0,0,0,0,0,0,,,,1,0,0,1,1,0,0,0,0,2,1.75,23,4,1374.64,,,,,,,Round of 16,0.0,11.0,528.0,0.0,False,,,None,1.0,1.0,1.37464,1.75,11.0,0.015751210501196333,0.012052545687150232,0.014277483883047965,0.14156958426176464,0.04789133233359695,0.08647223254907785,0.0522914680606518,0.19513645398243232,5.268276128994468,0.21624435145569543,0.05694668411970983,11.745888112016008,0.4772553011779489,3.0826840743082244,0.499574830228227,0.13034604965362473,0.12199216878052059,2.075142270928866,1.0841551810965135,0.1156789305634419,5.634431191568431,17.4331974564087,1.4295601348799793,1.37464,909.0,18.728279123974154,None,1.0,1.0,6.623455558524816,7.73232915398606,25.293727109016977,7.76490127730525,41.535470168165986,7.568306626493657,909.0,18.728279123974154,None,1.0,1.0,,,,,,,,,,,,,,,,,,,,,,,
484859,285023_43960,Quinten Timber,Netherlands,MF,0,0,0,0,0,0,0.0,0.0,0,0,5,27,7,0,2,0,0,0,0,12,83,2,50,2,50,0,0,,,,19,7,6,6,8,11,1,5,14,32,3.41,96,29,7777.13,,,,,,,Round of 16,0.0,68.0,724.0,0.0,False,,,None,1.0,1.0,7.7771300000000005,3.41,68.0,0.02503435094495398,0.01915583938702956,0.022692068150063752,0.22500509756193457,0.07611658931036615,0.13743554607837083,0.0831099909913452,0.7302733013302931,10.683910966314485,0.7638213586694824,0.09050880726252593,24.97041706407917,1.8088585478323633,10.361200952513943,2.264463464301015,0.20716685559306047,0.6140206675899604,6.239067023720283,3.193572351395724,0.3939210865694661,14.206781318601529,43.042421085663555,3.6170290440631856,7.7771300000000005,687.0,51.132379919364176,None,1.0,1.0,42.37244566433965,60.75313000649763,37.86104402560764,47.08496257470065,36.7466031215108,31.112264325628942,687.0,51.132379919364176,None,1.0,1.0,,,,,,,,,,,,,,,,,,,,,,,
430176,285023_43960,Ryan Gravenberch,Netherlands,MF,0,5,0,2,3,0,0.25,0.0,0,0,11,54,15,5,3,0,0,0,0,126,88,5,20,3,67,0,0,,,,130,29,62,39,89,41,3,32,87,308,5.99,443,129,37432.87,123.0,164.0,92.0,5.035660743713379,5.623404502868652,6.136937618255615,Round of 16,0.0,374.0,175.0,2.0,True,121.39999999999999,5.399141526222229,B,1.1,1.1,37.43287,5.99,374.0,0.01999202504854279,0.3508074290096929,0.06006025209320119,1.018460126258356,0.06078546887229001,0.44526367691110774,0.0663702855862554,1.0864491992979348,27.65606093118023,0.7777302440746477,0.07227885979088547,66.24133297772367,2.4510546467004124,12.803669859064396,3.150403202285146,1.004214796669111,0.6581018512740556,17.228528235476446,6.240943644546396,0.6500888533801051,28.120798621154822,92.58394214502646,7.863397497828547,37.43287,142.0,80.58797518121611,B,1.1,1.1,57.148711533069,76.74906631108878,75.59201569048797,69.97141739449937,84.25859505015084,78.53053846859062,142.0,80.58797518121611,B,1.1,1.1,,,,,,,,,,,,,,,,,,,,,,,
448149,285023_43960,Teun Koopmeiners,Netherlands,MF,0,2,0,2,0,1,0.11,0.0,3,0,8,44,9,3,0,0,0,0,0,63,86,4,50,2,50,2,100,,,,44,8,13,23,29,15,0,4,7,127,7.14,228,57,16774.64,,,,,,,Round of 16,0.0,145.0,894.0,0.0,False,,,None,1.0,1.0,16.774639999999998,7.14,145.0,0.02457848476116955,0.018807018703890867,0.04496529303618725,0.6333885473756939,0.07473053463821187,0.5474136047293358,0.7003176520330325,1.1294560058023437,21.007619006709948,0.7499124569114411,0.5013413843065765,44.10854875239487,2.3946409719862065,13.678613375035598,2.6357091387166087,0.8221154874487069,0.1903588718547261,4.681773462450276,3.341658945557261,0.18050757634316422,19.722811055931338,69.48236143786451,5.406813945998764,16.774639999999998,479.0,61.98911983407748,None,1.0,1.0,50.20293162804202,58.1038517292189,51.02252153807868,56.10399876008154,48.76076401743238,45.41721127464234,479.0,61.98911983407748,None,1.0,1.0,,,,,,,,,,,,,,,,,,,,,,,
483526,285023_43960,Tijjani Reijnders,Netherlands,MF,2,4,0,3,1,0,0.48,0.0,10,0,7,34,5,0,3,0,0,0,1,67,79,15,40,4,50,0,0,,,,165,51,68,46,118,47,3,26,35,166,4.97,286,95,23300.38,153.0,314.0,76.0,4.886405944824219,4.885438919067383,6.238072872161865,Round of 16,0.0,211.0,209.0,1.0,True,157.9,5.2241776227951044,C,1.0,1.0,23.30038,4.97,211.0,0.023148011996609937,0.2119495705730082,0.11421603985718379,0.9849994546120204,0.45885545076033013,0.7097911468013129,2.019218892627359,3.2003298043410227,20.561919845014582,1.0947416491384587,0.08368896644928206,49.11667017082783,2.061035260857672,10.940144079518443,1.7053618392806111,0.19155682802052917,0.7619913196033848,9.847932779869494,11.499370060029257,0.7527133714751888,25.9559501967817,76.70422720510336,6.3596772556392045,23.30038,303.0,71.71992694857673,C,1.0,1.0,60.664528682890015,81.0651335077617,57.21611308406842,53.83976894011377,48.79393978957135,55.832906158813536,303.0,71.71992694857673,C,1.0,1.0,,,,,,,,,,,,,,,,,,,,,,,
419567,285023_43978,Callan Elliot,New Zealand,DF,0,0,0,0,0,0,0.0,0.0,0,0,0,4,1,0,0,0,0,0,0,6,67,0,0,0,0,0,0,,,,1,0,1,0,0,1,0,0,3,11,2.07,19,8,1875.73,,,,,,,Round of 16,0.0,18.0,564.0,0.0,False,,,None,1.0,1.0,1.8757300000000001,2.07,18.0,0.018843061421923903,0.014418374934184686,0.01708005271965402,0.16935868970312176,0.0572920612464164,0.10344611857542028,0.06255591241286479,0.23344035607727587,7.092970787860931,0.2586915841366152,0.06812491437157103,15.47454759880804,0.5709371323144878,4.162134746080538,0.755751709645471,0.15593205484377512,0.14593836639732966,2.9568196317411504,1.2969671547940416,0.13838588428894721,7.3728856095990825,20.222754956499056,1.7894019371818723,1.8757300000000001,937.0,5.467996251926202,None,1.0,1.0,4.458833765313288,4.230158357377483,6.30569532316754,4.180785102885807,6.7531250907096965,3.987570143627849,937.0,5.467996251926202,None,1.0,1.0,,,,,,,,,,,,,,,,,,,,,,,
463580,285023_43978,Finn Surman,New Zealand,DF,1,2,50,2,0,2,0.24,4.18,0,0,5,28,11,4,1,0,0,0,0,145,93,0,0,1,100,0,0,,,,60,0,0,60,21,39,0,4,24,310,6.05,310,103,30931.08,,,,,,,Round of 16,1.0,306.0,141.0,0.0,False,,,None,1.0,1.0,30.93108,6.05,306.0,0.19898513811077959,0.01621322258274588,0.06187737795794054,0.5460338856280109,0.24222039833143524,0.4719162966783155,0.07034308210503504,0.26249979419683805,32.68963123366035,0.4686908090110602,0.07660533209731255,70.56200350202532,1.5309914467421468,8.947365534171754,2.627794508403288,0.8865287167149685,0.3419016927290581,7.058619465952975,1.458417974228903,0.15561262309577262,25.181347904563268,74.4789121958252,7.178090169296236,30.93108,379.0,67.87833259140496,None,1.0,1.0,60.42058012523044,40.42387818210308,64.42756840835344,47.71997999465564,67.05269337868316,58.33690472914632,379.0,67.87833259140496,None,1.0,1.0,,,,,,,,,,,,,,,,,,,,,,,
440748,285023_43978,Francis De Vries,New Zealand,DF,0,0,0,0,0,0,0.0,0.0,2,0,1,5,1,0,0,0,0,0,0,16,44,2,50,0,0,0,0,,,,13,4,4,5,4,9,0,3,4,33,4.92,56,24,3921.77,,,,,,,Round of 16,0.0,32.0,622.0,0.0,False,,,None,1.0,1.0,3.92177,4.92,32.0,0.02224099053079543,0.017018409758381925,0.020160062226476875,0.1998987812889306,0.06762341655314723,0.12210033667918462,0.4470889319170261,0.6487886031274785,10.238293319541782,0.30534088619403765,0.08040973499595269,22.37081668523794,0.8605192312008082,5.099309857285327,0.8920348048274411,0.1840509499795379,0.17225512099356943,3.676642837081459,2.277351368058945,0.16334071588203608,11.688441919948074,30.77465149512066,2.4939256914559684,3.92177,887.0,22.270342293640834,None,1.0,1.0,21.207423972543303,35.96214963448448,14.999101363033713,13.961435567792632,12.927010505870765,13.765466180683578,887.0,22.270342293640834,None,1.0,1.0,,,,,,,,,,,,,,,,,,,,,,,
405469,285023_43978,Liberato Cacace,New Zealand,DF,1,1,0,1,0,0,0.02,0.0,2,0,9,59,8,1,5,0,0,0,0,88,85,6,17,4,25,0,0,,,,74,31,34,9,13,61,1,25,42,197,6.67,350,111,26344.8,,,,,,,Round of 16,0.0,237.0,1034.0,0.0,False,,,None,1.0,1.0,26.3448,6.67,237.0,0.022582155158996944,0.017279462854455155,0.024259085887443594,0.3924540859737259,0.2581496895017967,0.31346225578193093,0.45394703156053295,1.4166965323147898,24.03854874301229,1.067980515280595,0.08164317634406588,53.790163319500266,2.3896308593229425,15.40993468447837,2.2321408978780513,0.3763631576013232,1.1223422539750871,10.933621262734722,7.428486793994965,0.3553352398419334,28.353276330634433,86.95647403321676,6.781097932981325,26.3448,358.0,68.90603428995296,None,1.0,1.0,47.67170765798044,55.54137447492501,61.936621969493764,61.83873996555115,53.795509012056556,63.19531293876855,358.0,68.90603428995296,None,1.0,1.0,,,,,,,,,,,,,,,,,,,,,,,
261367,285023_43978,Michael Boxall,New Zealand,DF,0,0,0,0,0,0,0.0,0.0,0,0,4,21,12,2,2,0,0,0,0,115,90,1,100,0,0,0,0,,,,26,0,0,26,9,17,0,3,18,240,5.59,181,75,22180.78,,,,,,,Round of 16,0.0,237.0,1030.0,0.0,False,,,None,1.0,1.0,22.18078,5.59,237.0,0.022582155158996944,0.017279462854455155,0.02046930655282521,0.2029651192428066,0.06866072277087736,0.12397328905101158,0.07496909809869431,0.46925169866019323,29.15475084474711,0.3100246483569176,0.08164317634406588,61.9381888889298,1.4421860256683459,8.209353948703438,2.9900967648017285,0.5658521243322425,0.5538753537823291,6.385886061192659,1.5543288253364658,0.16584627311101402,21.531673528321342,54.93283865569139,5.992062085734443,22.18078,674.0,52.05793153656501,None,1.0,1.0,32.754524701789194,38.30423178632433,53.39279461416248,42.18351130294175,52.94559047494766,41.58532984374763,674.0,52.05793153656501,None,1.0,1.0,,,,,,,,,,,,,,,,,,,,,,,
331463,285023_43978,Tim Payne,New Zealand,DF,0,1,0,0,1,0,0.02,0.0,3,0,5,57,9,2,2,0,0,0,0,87,83,9,11,3,0,0,0,,,,31,10,12,9,5,26,2,11,41,191,6.23,309,105,25040.85,,,,,,,Round of 16,0.0,241.0,214.0,1.0,False,,,None,1.0,1.0,25.04085,6.23,241.0,0.02249673508498825,0.2059862998712932,0.02416732259482167,0.390969575003322,0.06840100424625982,0.12350434321961158,0.6410021140936449,1.977654281758639,23.758847463205655,0.8751685347556076,0.08133434992264982,52.45406151541216,1.625502959764313,14.974100112265564,2.412469720202906,0.5637117116923452,0.5517802449063798,10.70349115394176,3.436171354458913,0.5427633348925587,27.1133930120647,78.88788918409178,6.50929799873387,25.04085,388.0,67.24367095766506,None,1.0,1.0,43.73379841400739,73.31566828092375,54.755560258194,52.844709133188715,53.09338645061879,58.12127902903812,388.0,67.24367095766506,None,1.0,1.0,,,,,,,,,,,,,,,,,,,,,,,
482775,285023_43978,Tyler Bindon,New Zealand,DF,1,2,0,2,0,1,0.33,0.0,0,0,4,13,4,2,1,0,0,0,0,68,72,0,0,6,33,2,50,,,,22,11,7,4,6,16,1,6,26,147,7.1,152,48,13159.9,,,,,,,Round of 16,0.0,120.0,849.0,0.0,False,,,None,1.0,1.0,13.1599,7.1,120.0,0.02502132448411705,0.019145871771247457,0.09196582749091779,0.6448005449647848,0.2860332462079065,0.5572765597247964,0.08306674525091491,0.30998078105829224,22.43590242845498,1.6032489638879632,0.5103742389306822,49.10239419253905,1.5979610564463804,7.4164218780011355,1.633416374541283,0.6269715850084909,0.40374490228298343,8.755295729991737,4.031735651571113,0.3937161123075681,18.188557922503318,54.77757500862686,4.7452932240281465,13.1599,515.0,60.19048292776862,None,1.0,1.0,64.23400238977709,58.748552945463075,51.58270926511514,42.096278819516925,43.60004373107002,39.7518452734396,515.0,60.19048292776862,None,1.0,1.0,,,,,,,,,,,,,,,,,,,,,,,
274078,285023_43978,Chris Wood,New Zealand,FW,2,5,0,3,2,2,0.47,0.0,0,0,8,88,5,2,1,0,0,0,4,47,77,0,0,8,13,0,0,,,,108,48,59,1,77,31,0,54,55,119,6.11,333,144,31195.3,,,,,,,Round of 16,0.0,306.0,174.0,2.0,False,,,None,1.0,1.0,31.1953,6.11,306.0,0.021188708877980068,0.3718060810483449,0.10277055668148442,1.0794231733264095,0.42001682756423475,0.6497127259111152,0.07034308210503504,0.26249979419683805,15.265581168846003,1.7132658136406569,0.07660533209731255,36.602885518560626,2.064380734440545,19.615151288139725,1.561015933006491,0.5309358582493693,0.3419016927290581,12.57030877216976,9.99264657740328,0.15561262309577262,32.47100150310805,78.5682300681796,7.2250675418281265,31.1953,371.0,68.2777204925814,None,1.0,1.0,50.54192088523628,59.92669358215685,54.507272119471594,54.55700327343273,52.35234879205284,68.38725565342007,371.0,68.2777204925814,None,1.0,1.0,31.833661444872586,45.85056729784086,70.1052051003549,52.52796515193165,82.51709886251419,58.919856031055076,D,C,B,B,A,B,38.67103010405385,C,45.250965250965244,55.20417146339812,,,None,1.0,32.22585842004487,53.86271626297577,152.0
416652,285023_43978,Jesse Randall,New Zealand,FW,0,1,0,0,1,0,0.01,0.0,3,0,3,15,2,0,1,0,0,0,0,16,75,5,40,1,0,0,0,,,,46,23,21,2,20,26,2,6,16,50,7.8,113,69,9324.27,,,,,,,Round of 16,0.0,79.0,752.0,0.0,False,,,None,1.0,1.0,9.32427,7.8,79.0,0.025227011649092974,0.019303259925824177,0.024983525026536543,0.4384189077121316,0.07670237145129079,0.1384932299440084,0.7187962047934677,1.3709399893351217,11.612861598105908,0.5580174123319206,0.09120534980825921,28.97286541120687,1.3994148510669722,7.900752794084556,1.223479424885889,0.20876118142002445,0.4070638770389675,6.710446378848972,6.605064878365028,0.6086348494707484,22.783402783054356,46.97226672927943,3.9723671754942775,9.32427,690.0,50.77265857888706,None,1.0,1.0,49.07467079257199,64.60306641929185,36.203513649783886,35.21792443689867,33.703510398023944,34.74323186284274,690.0,50.77265857888706,None,1.0,1.0,36.704018511088925,41.75236215990589,35.95769540595525,71.41105072846842,45.94199188032624,28.844668061130264,C,C,D,A,C,D,37.01611664222642,C,44.81481481481481,49.42189979596463,,,None,1.0,30.84676386852202,52.99948096885813,159.0
368535,285023_43978,Max Crocombe,New Zealand,GK,0,0,0,0,0,0,0.0,0.0,0,0,0,0,0,0,1,0,0,0,0,107,73,0,0,4,0,0,0,11.0,97.0,88.0,21,0,0,21,13,8,0,0,0,185,2.56,19,2,13059.58,,,,,,,Round of 16,0.0,306.0,1136.0,0.0,False,,,None,1.0,1.0,13.05958,2.56,306.0,,,,,,,,,,,,,,,,,,,,,,,,,,,,,,,,,,,,,,,,,,,,,,,,,,,,,,,,,,,,,,,
423575,285023_43978,Ben Old,New Zealand,MF,0,0,0,0,0,0,0.0,0.0,0,0,2,28,4,0,1,0,0,0,0,33,76,1,0,2,0,0,0,,,,35,17,13,5,17,18,1,12,24,75,6.37,160,74,12151.2,,,,,,,Round of 16,0.0,112.0,838.0,0.0,False,,,None,1.0,1.0,12.151200000000001,6.37,112.0,0.025130238401148117,0.019229210760392693,0.022778984111874706,0.2258669200427078,0.0764081337621953,0.1379619565666269,0.08342832181757676,0.5222002494645054,15.153106440097641,0.7667469742458803,0.0908554772964586,34.133476969391026,1.1831763903426387,10.611756961256962,1.640526380872359,0.20796035340869135,0.405502340775773,8.371665823712677,5.314506190006689,0.3954298970441387,23.750354306656572,56.702974600018905,4.55324400322532,12.151200000000001,703.0,50.00156846418336,None,1.0,1.0,43.69244792974495,54.392252014647134,39.86614991578558,37.667791208869275,36.5215044289485,37.85545671573543,703.0,50.00156846418336,None,1.0,1.0,,,,,,,,,,,,,,,,,,,,,,,
390196,285023_43978,Callum Mccowatt,New Zealand,MF,3,4,0,3,1,1,0.21,0.0,0,0,9,55,11,4,1,1,0,0,0,93,84,2,0,3,33,0,0,,,,110,32,55,23,59,51,3,22,53,205,7.24,334,110,20963.57,,,,,,,Round of 16,0.0,173.0,943.0,0.0,False,,,None,1.0,1.0,20.96357,7.24,173.0,0.02398867550545073,0.018355707168138412,0.06401538306866708,1.0207715588359891,0.6768108577424495,0.7355685447092418,0.07963851787234653,0.6997700597241845,26.542236020955645,0.9332080372339068,0.08672828836586033,58.750791436586255,2.5384680451666717,15.564571357000156,2.975042515337126,1.0036784135365588,0.38708204491710296,13.828820723929242,8.092458281584122,0.7800495705452598,29.917957401334423,89.15186328097457,6.120261561215841,20.96357,216.0,75.44873205456099,None,1.0,1.0,61.87734187463864,58.62701924398297,63.43475945663961,63.22286612680384,66.4224444693595,62.3892739719624,216.0,75.44873205456099,None,1.0,1.0,,,,,,,,,,,,,,,,,,,,,,,
405454,285023_43978,Elijah Just,New Zealand,MF,5,7,43,5,2,0,0.86,3.48,0,0,19,152,18,3,2,1,0,0,0,99,86,1,0,5,20,2,50,,,,162,36,101,25,100,62,2,35,72,236,6.88,460,178,33430.3,,,,,,,Round of 16,3.0,291.0,16.0,0.0,False,,,None,1.0,1.0,33.4303,6.88,291.0,0.5621065241759852,0.016433320917779545,0.174447613881931,1.4544967141629617,0.9663488289957771,1.0189528456902563,0.0712980060983028,0.4462733489026206,24.843738055680852,1.195893629117142,0.4380653833225233,58.18435512397539,4.074715828033174,31.414875313336967,3.924937845953983,0.7183534960767781,0.5267531470057779,15.804524673265268,7.9657784262116715,0.5181452170012268,39.03894500300433,102.52148973965976,7.725919023540951,33.4303,45.0,89.47715306297914,None,1.0,1.0,79.92725913204843,61.03060741734049,71.31137555953806,82.34386220079972,70.2158270614718,79.83938446246724,45.0,89.47715306297914,None,1.0,1.0,,,,,,,,,,,,,,,,,,,,,,,
390181,285023_43978,Joe Bell,New Zealand,MF,0,1,0,0,1,0,0.01,0.0,0,0,27,98,22,3,0,0,0,0,0,143,84,0,0,0,0,1,100,,,,94,0,49,45,69,25,0,8,47,309,7.04,472,112,32154.28,,,,,,,Round of 16,0.0,275.0,1080.0,0.0,False,,,None,1.0,1.0,32.15428,7.04,275.0,0.021792770693436023,0.016675439923317444,0.02158243075281598,0.37873541489329343,0.06626061048894921,0.11963966421173786,0.07234846950857304,0.26998331304418716,33.255838662056064,0.29918739037020875,0.2616544160666149,72.39076689428329,5.597671669750987,22.00300475824703,4.714226273178619,0.7289372992511327,0.16878368557304907,11.46575015578231,1.4999955245307928,0.16004893132750184,27.545021044380942,106.22636384065746,7.606408615141184,32.15428,373.0,68.13717357000012,None,1.0,1.0,37.99962596300773,39.348060510563684,54.31153565040844,78.53601731125397,58.68163618207187,71.35874488004454,373.0,68.13717357000012,None,1.0,1.0,,,,,,,,,,,,,,,,,,,,,,,
423595,285023_43978,Marko Stamenic,New Zealand,MF,0,3,0,1,2,0,0.09,0.0,0,0,10,67,18,4,0,1,0,0,0,171,91,2,50,9,44,1,100,,,,98,6,26,66,66,32,0,9,53,364,6.52,415,133,32898.29,,,,,,,Round of 16,0.0,302.0,1125.0,0.0,False,,,None,1.0,1.0,32.89829,6.52,302.0,0.021264558546808837,0.016271261398165465,0.03533394808508287,0.7264214255314314,0.06465458894191674,0.29517273454894244,0.07059489072219938,0.6203052519897451,37.44590615976666,1.8978317183371363,0.2553124486899444,80.44997190355046,2.4286364235039564,15.938277351415069,3.886231515991046,0.8897022422920697,0.1646927145750822,12.258441190323294,2.5342360490647486,0.15616967289032885,30.6244768336748,93.48097947236505,7.55480069757048,32.89829,155.0,79.40357010356152,None,1.0,1.0,47.86912675634456,57.050082797933364,81.8449275903698,61.476888195163525,75.7162542025376,72.6975477184138,155.0,79.40357010356152,None,1.0,1.0,,,,,,,,,,,,,,,,,,,,,,,
336641,285023_43978,Ryan Thomas,New Zealand,MF,0,0,0,0,0,0,0.0,0.0,0,0,2,50,7,3,3,0,0,0,0,25,72,1,0,2,0,0,0,,,,22,6,12,4,15,7,1,15,22,62,7.4,216,78,13002.61,,,,,,,Round of 16,0.0,103.0,820.0,0.0,False,,,None,1.0,1.0,13.00261,7.4,103.0,0.025223205026366137,0.019300347165923885,0.02286325252369682,0.22670249052037583,0.07669079746882983,0.1384723320475809,0.08373695595797664,0.5241320733535499,13.515961637529218,0.7695834725493946,0.09119158740301604,31.508296704093915,1.187553424666466,15.307319785596075,2.281546118785739,0.8436804667483068,0.830302977442825,7.979335380531182,3.0060137533567985,0.3968927475930146,24.684817246851935,68.76515585835072,4.750289391359664,13.00261,612.0,55.48578544120781,None,1.0,1.0,46.30566535552274,56.4229303394972,41.205224255902316,47.33783458291439,43.00137188795516,42.8655856329998,612.0,55.48578544120781,None,1.0,1.0,,,,,,,,,,,,,,,,,,,,,,,
390209,285023_43978,Sarpreet Singh,New Zealand,MF,2,4,0,2,2,0,0.22,0.0,0,0,10,104,7,2,2,1,0,0,0,76,76,7,0,6,17,2,100,,,,139,39,77,23,65,74,1,54,63,196,7.24,381,118,27406.52,,,,,,,Round of 16,0.0,227.0,1021.0,0.0,False,,,None,1.0,1.0,27.40652,7.24,227.0,0.022797783922218345,0.01744445814291201,0.06275039260294415,0.9700964701865736,0.45191299449378725,0.5077537202951723,0.07568495067295158,1.621522378551888,21.97250414423404,1.4607749272201653,0.4650194127810545,54.11248764238426,2.6037469005902003,24.16550327959891,2.062156469420999,0.5712552398841854,0.5591641075205797,15.055287307351662,9.029805327093255,0.35872820644572395,29.96309971935547,93.71703784873483,7.048953424424157,27.40652,270.0,73.3183997282892,None,1.0,1.0,54.8881262665436,57.50106068726911,60.7567276537923,67.18999602459226,56.57176265444548,68.50387610972403,270.0,73.3183997282892,None,1.0,1.0,,,,,,,,,,,,,,,,,,,,,,,
483505,285023_43961,David Moller Wolfe,Norway,DF,0,0,0,0,0,0,0.0,0.0,0,0,10,38,18,7,1,0,0,0,0,115,88,5,20,6,33,0,0,,,,88,21,42,25,38,50,1,18,59,237,4.64,326,137,29161.86,,,,,,,Round of 16,0.0,284.0,227.0,1.0,False,,,None,1.0,1.0,29.16186,4.64,284.0,0.021613571371920926,0.19789980977626054,0.019591346131414472,0.19425962933467386,0.06571575749114417,0.11865588170171971,0.07175355678127593,1.1745707227744717,27.904258197537903,1.3848961484811486,0.07814137342156025,58.73747908201999,2.4684973619509685,10.940387308513694,3.9500157999417325,1.4483892957988238,0.3487572876920163,13.547806556740216,5.29625253209853,0.34009435827574025,31.852558912463888,78.87409974236962,7.001152285868703,29.16186,180.0,77.75181650986642,None,1.0,1.0,44.2441210414373,72.46998733329978,70.7585643209552,59.770908382234886,75.11141619366192,66.18546143840165,180.0,77.75181650986642,None,1.0,1.0,,,,,,,,,,,,,,,,,,,,,,,
483530,285023_43961,Fredrik Andre Bjorkan,Norway,DF,0,0,0,0,0,0,0.0,0.0,0,0,2,21,2,0,0,0,0,0,0,21,90,0,0,0,0,0,0,,,,18,7,5,6,3,15,1,2,7,46,1.72,70,29,5776.79,,,,,,,Round of 16,0.0,50.0,677.0,0.0,False,,,None,1.0,1.0,5.77679,1.72,50.0,0.024226793256759308,0.01853791062966603,0.021960067782412312,0.21774688676115656,0.07366122160253537,0.13300215245411184,0.08042903024511186,0.30013760067078327,12.168873042412134,0.33260346531850526,0.08758917562059133,27.01097164813205,1.1406405835688476,8.807233830716138,1.1749700476978586,0.2004840705134252,0.18763504251085245,4.6147823534247765,3.0905541460966814,0.38121398652518507,13.748499196426133,36.36843812990797,3.093703304953751,5.77679,804.0,39.053968760161844,None,1.0,1.0,34.986915029049506,35.464960995349934,34.81841716771112,27.85409789977088,38.7244607334733,24.292398675791564,804.0,39.053968760161844,None,1.0,1.0,,,,,,,,,,,,,,,,,,,,,,,
520112,285023_43961,Henrik Falchener,Norway,DF,0,0,0,0,0,0,0.0,0.0,0,0,0,2,1,0,0,0,0,0,0,23,78,0,0,0,0,0,0,,,,0,0,0,0,0,0,0,0,8,52,1.45,64,23,6891.96,,,,,,,Round of 16,0.0,71.0,731.0,0.0,False,,,None,1.0,1.0,6.89196,1.45,71.0,0.025103961779808774,0.019209104357829382,0.022755166003568365,0.22563074959990073,0.0763282400673538,0.13781770110696637,0.08334108769005341,0.3110045467458091,13.030765275136464,0.34464588824020864,0.09076047720392402,29.252843741776093,0.7606398783809265,5.1237694169953665,1.0068619747686378,0.20774290638837703,0.19442865945252705,4.992517367430811,1.7279046729495096,0.184366747646045,12.982386790087116,36.421315600415966,3.4406258230064424,6.89196,829.0,34.65538766098183,None,1.0,1.0,41.157849676072,40.62905560470552,25.171916758257662,20.564532210838237,24.424732523250114,21.655071461222956,829.0,34.65538766098183,None,1.0,1.0,,,,,,,,,,,,,,,,,,,,,,,
483516,285023_43961,Kristoffer Ajer,Norway,DF,1,1,0,1,0,1,0.1,0.0,0,0,8,12,4,0,1,0,0,0,0,149,93,1,100,0,0,0,0,,,,43,2,2,39,26,17,0,2,25,325,4.49,285,91,30856.04,254.0,45.0,348.0,4.597104549407959,6.420419216156006,4.707738399505615,Round of 16,0.0,309.0,1148.0,0.0,True,246.15,4.89826021194458,C,1.0,1.0,30.85604,4.49,309.0,0.02113222911937548,0.01617000527757881,0.03688728981707991,0.36725589764304123,0.24157474551201863,0.29333587351696666,0.07015557845298742,0.4391225877656137,33.31178509454836,0.29011898357814675,0.07640113604697289,73.03375383681296,2.0588780053115263,6.086355764247272,1.3795324502528663,0.174875612631593,0.3409903335149106,7.217126799975861,1.8091754793689785,0.15519782843136487,22.98635550230446,69.84732168571168,7.145650264189517,30.85604,598.0,56.15241108840466,C,1.0,1.0,38.448001135329456,36.887058166251826,60.766327838575364,40.011784865093645,50.654763927355994,54.257521167634415,598.0,56.15241108840466,C,1.0,1.0,,,,,,,,,,,,,,,,,,,,,,,
419672,285023_43961,Leo Ostigard,Norway,DF,1,3,33,3,0,3,0.32,3.16,0,0,1,7,3,1,1,0,0,0,0,84,82,0,0,0,0,4,25,,,,17,1,1,15,11,6,0,3,12,187,4.61,127,36,14322.48,,,,,,,Round of 16,1.0,141.0,101.0,0.0,False,,,None,1.0,1.0,14.322479999999999,4.61,141.0,0.23155421450167082,0.01886693677393335,0.0885570089141021,0.8423039106407131,0.2818660458988265,0.7560550568170179,0.08185655108267378,0.3054646906255875,25.419393968001714,0.33850678624554487,0.9167334770885689,56.66292147556058,0.9539881903374151,6.066987951110729,1.4027218103701407,0.41093985144748163,0.39786276828671296,5.731176441547174,1.9040233082079103,0.18108266300484174,15.440800880849347,48.807088373118994,4.916694153905678,14.322479999999999,689.0,50.866732866478046,None,1.0,1.0,68.99560206711386,37.68515465109507,43.946356016472826,31.841190802291813,37.043057250242775,33.638865135249404,689.0,50.866732866478046,None,1.0,1.0,,,,,,,,,,,,,,,,,,,,,,,
494625,285023_43961,Marcus Holmgren Pedersen,Norway,DF,1,1,100,1,0,0,0.16,6.1,0,0,7,43,11,2,1,0,0,0,0,94,79,6,50,4,0,0,0,,,,41,17,13,11,11,30,4,12,29,185,4.85,268,118,24813.76,50.0,343.0,299.0,5.834283351898193,4.673741340637207,5.142811298370361,Round of 16,1.0,228.0,115.0,0.0,True,156.2,5.487334036827087,C,1.0,1.0,24.81376,4.85,228.0,0.21389243127431629,0.017427862351632083,0.05122371483336365,0.39582456047944903,0.2603667308786685,0.31615433258627385,0.07561294776898575,1.4288634066452386,25.391694643397404,1.0771525464251588,0.08234434433866376,51.95872801222534,2.027920816981815,12.484416921772471,2.824659980278333,0.5707117760143984,0.36751581052203613,8.543009029493366,4.816655425978688,0.9317359383377313,29.934594314087597,72.03173414082275,6.546728608739409,24.81376,342.0,69.70871527020202,C,1.0,1.0,65.29034567247288,59.824475404575836,56.503907992945244,54.9069337603338,51.01031559989848,59.432321618042074,342.0,69.70871527020202,C,1.0,1.0,,,,,,,,,,,,,,,,,,,,,,,
489696,285023_43961,Sondre Langas,Norway,DF,0,0,0,0,0,0,0.0,0.0,0,0,1,1,1,0,0,0,0,0,0,10,90,0,0,0,0,1,100,,,,4,0,0,4,1,3,0,0,1,20,1.48,26,11,2880.7,,,,,,,Round of 16,0.0,29.0,611.0,0.0,False,,,None,1.0,1.0,2.8807,1.48,29.0,0.02170656006190031,0.01660947308380226,0.019675634543558137,0.19509539812720117,0.065998488285373,0.11916637831553367,0.07206226417311033,0.26891527849965563,8.899425982949225,0.2980038265988014,0.2606193300387512,19.46542364611658,0.8398417485326175,4.248211082300802,0.8706000320211401,0.1796283755729726,0.16811598946726838,3.041871203880941,1.4940616502524984,0.15941578928051484,9.039736484142868,24.57091202964749,2.2443766304604758,2.8807,868.0,24.652998128214097,None,1.0,1.0,18.974561923987036,18.42659185249373,24.879694403573403,14.984480521803945,33.74694138174235,14.151577247601502,868.0,24.652998128214097,None,1.0,1.0,,,,,,,,,,,,,,,,,,,,,,,
491244,285023_43961,Torbjorn Heggem,Norway,DF,1,1,0,1,0,0,0.61,0.0,0,0,0,16,6,1,0,0,0,0,0,180,94,0,0,2,0,0,0,,,,58,0,7,51,20,38,1,3,36,362,4.7,292,99,30554.15,,,,,,,Round of 16,0.0,292.0,1096.0,0.0,False,,,None,1.0,1.0,30.55415,4.7,292.0,0.02145690258638069,0.01641843963087429,0.12927792495299456,0.3728983807380475,0.24528627588220447,0.29784265671119364,0.07123344178474561,0.2658223559284409,39.40503694455691,0.6546700780221949,0.0775749555046071,80.81757127068947,0.650135461362239,6.900053399494669,1.7608211848781459,0.35760925176961433,0.16618240748075405,9.308525562277683,1.476877736320073,0.33762914004950273,24.779890523608497,72.18077706444195,7.201080975490202,30.55415,447.0,63.78580033590081,None,1.0,1.0,49.2515124871143,41.15944945621157,72.15524188456199,37.118908176990786,61.77027617821569,57.31297712279771,447.0,63.78580033590081,None,1.0,1.0,,,,,,,,,,,,,,,,,,,,,,,
398588,285023_43961,Alexander Sorloth,Norway,FW,1,3,0,3,0,1,0.47,0.0,0,0,8,44,6,5,2,0,0,0,1,64,75,1,100,5,100,0,0,,,,79,37,41,1,25,54,3,48,57,161,4.94,345,125,26064.69,,,,,,,Round of 16,0.0,240.0,1038.0,0.0,False,,,None,1.0,1.0,26.06469,4.94,240.0,0.02251804318525766,0.017230405514225496,0.10921816175083764,0.7692418817350893,0.25741678841252436,0.6904743136700584,0.07475625672838575,0.4679194674196496,19.435478055679344,1.253899457368558,0.08141138690054692,46.83521420470068,2.193895569411289,12.531920079146404,1.8479017333923022,1.1310986307671733,0.5523028713559835,13.736845071741195,8.541102896784905,0.7322284180378642,30.91809378885944,85.76484486097448,6.708918961201128,26.06469,340.0,69.74246618527674,None,1.0,1.0,57.389502319672026,56.22014964021941,56.60535201151414,55.1120460053259,56.80018578861985,65.26182742447443,340.0,69.74246618527674,None,1.0,1.0,34.71668890360985,31.1463590483057,83.02300771923376,31.445729631430925,83.44976409055998,52.66361392202309,C,D,A,E,A,C,34.04917436100684,D,62.21166892808684,58.461045206797046,,,None,1.0,28.3743119675057,51.84930795847751,169.0
483448,285023_43961,Antonio Nusa,Norway,FW,1,3,33,2,1,0,0.21,4.68,0,0,4,78,11,1,3,1,0,0,1,52,75,4,0,5,40,1,100,,,,104,17,80,7,27,77,1,33,46,145,6.2,300,132,24220.61,28.0,294.0,72.0,6.1674017906188965,4.986365795135498,6.248663902282715,Round of 16,1.0,240.0,117.0,0.0,True,78.9,6.010561919212341,B,1.1,1.1,24.22061,6.2,240.0,0.21146904037458972,0.017230405514225496,0.0600909024816113,0.7692418817350893,0.25741678841252436,0.5015233164807265,0.07475625672838575,1.034772458987646,17.16806608940736,1.253899457368558,0.27036238408987895,43.81199824967137,1.4380915806539611,18.956253983583697,2.792656719338962,0.37529464200984486,0.7412538685453156,11.658384102658545,4.762082952998263,0.35432642365920003,32.24075076918477,77.26204998745453,6.360478206304225,24.22061,376.0,68.0877092972374,B,1.1,1.1,71.33079270395476,57.935947912949324,58.88052119436959,62.016802868608124,54.13893546842273,68.28846351415318,376.0,68.0877092972374,B,1.1,1.1,63.1177749372545,53.34497021212006,61.02403824056627,36.414116850986446,79.97512892725211,60.46507245557503,B,B,B,D,A,B,57.57022266181422,A,70.82547663943014,47.68909391591957,67.8,6.073676824569701,BL-A,1.2,57.57022266181422,71.68196366782007,73.0
419652,285023_43961,Erling Haaland,Norway,FW,8,13,38,13,0,4,3.63,1.38,0,0,9,70,4,4,3,0,0,0,0,26,65,0,0,4,25,0,0,,,,49,36,13,0,38,11,7,36,40,99,4.29,240,112,29515.46,5.0,312.0,327.0,7.463855266571045,4.887267589569092,5.0074076652526855,Round of 16,5.0,309.0,3.0,0.0,True,131.55,6.463255214691162,B,1.1,1.1,29.515459999999997,4.29,309.0,0.9077447407148738,0.01617000527757881,0.6628357230035018,2.495125925472237,1.4828322617457164,2.421205901346163,0.07015557845298742,0.261800085446514,11.501117309299104,0.9994089928545454,0.07640113604697289,32.95886831269644,2.236200507630626,16.37106089875505,1.3795324502528663,0.8841656219079916,0.6956353381531099,9.876964334762357,7.8381405582183685,1.3964553446650625,26.710128051005547,61.86780908135218,6.907935264030579,29.515459999999997,381.0,67.80025809546345,B,1.1,1.1,93.81847705734327,50.857760388986115,51.620958166493146,59.992940048591294,53.171789370137446,60.37581823341702,381.0,67.80025809546345,B,1.1,1.1,99.36554735535877,80.26790118772057,63.58340812273365,46.05259633615981,62.437365129293035,58.12840371605705,S+,S,B,C,B,B,83.65724221697096,S,89.73363908978656,65.19428761208901,132.3,6.469262218475342,BL-B,1.05,73.20008693984958,86.56877162629758,34.0
419662,285023_43961,Jorgen Strand Larsen,Norway,FW,1,2,0,2,0,0,0.85,0.0,0,0,5,50,4,0,2,0,0,0,1,21,76,0,0,1,0,0,0,,,,38,24,13,1,34,4,1,19,23,48,1.47,101,41,9811.95,,,,,,,Round of 16,0.0,100.0,803.0,0.0,False,,,None,1.0,1.0,9.811950000000001,1.47,100.0,0.02524558075532909,0.01931746867513036,0.2029458508007346,0.6505796381531204,0.28859684947670944,0.5622712099239531,0.08381123975453383,0.31275901664496775,12.680599691329382,0.5584281579547208,0.09127248426926672,28.570515728752007,1.824120970608738,15.320899044786719,1.648056041826836,0.20891484641252092,0.6192015276596546,8.19825193866215,6.8217647554057965,0.3972448346706966,16.868708667160817,44.464785862288714,4.078600321773441,9.811950000000001,573.0,57.55050321689843,None,1.0,1.0,70.49151303389436,51.004307971388215,40.1754444956887,50.37717055602528,38.77238376275402,35.509670291782705,573.0,57.55050321689843,None,1.0,1.0,57.64095578424878,56.096080142678254,42.12630901609404,35.04049396291048,30.58044694780732,58.88216782557899,B,B,C,E,D,B,48.13694306957776,B,51.961143695014655,43.417426330294674,,,None,1.0,40.11411922464813,58.700735294117635,115.0
483496,285023_43961,Julian Ryerson,Norway,FW,0,0,0,0,0,0,0.0,0.0,6,0,18,18,4,2,0,0,0,0,0,70,83,10,40,11,45,0,0,,,,10,2,8,0,2,8,1,14,34,146,3.32,140,43,12119.18,,,,,,,Round of 16,0.0,115.0,844.0,0.0,False,,,None,1.0,1.0,12.11918,3.32,115.0,0.025091927604362085,0.019199896021151554,0.02274425777870699,0.22552258818495483,0.0762916503274329,0.13775163494540482,1.3465933423173362,2.4163424696249254,22.92030761894327,2.6605163853732847,0.09071696903115523,49.030398598234406,4.550151866159762,8.490092433801783,1.6380254148331013,0.6287407219794244,0.19433545549451284,10.464390313233912,2.1481737631876983,0.3948270681259663,17.187137397626262,52.40555746260028,4.539560858932235,12.11918,403.0,66.74222528600049,None,1.0,1.0,47.17370821881591,78.4784982636403,60.035633663395224,52.56972188089244,52.87516649072762,42.73059272423566,403.0,66.74222528600049,None,1.0,1.0,19.536476361973897,22.172048723105537,52.716971912246045,69.5713772176524,37.07252843714567,50.72267134000414,E,E,C,A,C,C,24.557586052442648,E,23.941908713692943,47.76119402985074,,,None,1.0,20.46465504370221,44.311591695501725,225.0
483535,285023_43961,Egil Selvik,Norway,GK,0,0,0,0,0,0,0.0,0.0,0,0,0,0,0,0,0,0,0,0,0,30,63,0,0,0,0,0,0,5.0,25.0,22.0,6,0,0,6,6,0,0,0,1,49,0.75,5,0,4989.63,,,,,,,Round of 16,0.0,100.0,803.0,0.0,False,,,None,1.0,1.0,4.98963,0.75,100.0,,,,,,,,,,,,,,,,,,,,,,,,,,,,,,,,,,,,,,,,,,,,,,,,,,,,,,,,,,,,,,,
373235,285023_43961,Orjan Nyland,Norway,GK,0,0,0,0,0,0,0.0,0.0,0,0,0,0,0,0,0,0,0,0,0,115,73,0,0,1,0,2,50,7.0,60.0,53.0,29,0,0,29,18,11,0,0,1,206,2.65,37,2,18219.94,,,,,,,Round of 16,0.0,309.0,1148.0,0.0,False,,,None,1.0,1.0,18.219939999999998,2.65,309.0,,,,,,,,,,,,,,,,,,,,,,,,,,,,,,,,,,,,,,,,,,,,,,,,,,,,,,,,,,,,,,,
494626,285023_43961,Andreas Schjelderup,Norway,MF,0,1,0,1,0,0,0.08,0.0,0,0,17,37,8,2,3,0,0,0,0,58,86,4,0,5,60,1,100,,,,67,17,43,7,15,52,2,42,37,141,6.56,224,82,18345.5,114.0,167.0,35.0,5.1895904541015625,5.586208343505859,6.670098304748535,Round of 16,0.0,169.0,198.0,1.0,True,102.19999999999999,5.61921010017395,B,1.1,1.1,18.3455,6.56,169.0,0.024075901338093772,0.2204455808349509,0.03798514412814764,0.41841382220202955,0.07320243686197743,0.3341969041610863,0.07992809351108052,1.106360771448986,19.567937369411872,1.3406475587212214,0.2890667733127566,46.034936361532,4.163883273445172,11.984749750219631,2.379790752993084,0.6032816540960728,0.7925357838047483,10.646733970187189,5.091536524597553,0.5808627985990623,24.370095206185407,67.25348633523245,5.61360490382179,18.3455,289.0,72.57911277120746,B,1.1,1.1,57.28804250041818,79.65669214721584,66.2340817581662,73.51997534126203,64.00522578890177,57.976024337154385,289.0,72.57911277120746,B,1.1,1.1,,,,,,,,,,,,,,,,,,,,,,,
483497,285023_43961,Fredrik Aursnes,Norway,MF,0,1,0,0,1,0,0.0,0.0,0,0,8,46,12,5,1,0,0,0,0,114,89,2,50,5,20,1,100,,,,126,30,54,42,67,59,1,17,41,238,7.12,424,131,28509.5,,,,,,,Round of 16,0.0,242.0,1040.0,0.0,False,,,None,1.0,1.0,28.5095,7.12,242.0,0.022475458804463454,0.01719782070462993,0.02037259300296082,0.39059981564388585,0.06833631401680992,0.1233875390236941,0.07461488348040497,0.6556282420158708,28.82840656776202,1.251528179743281,0.2698510956701085,61.26835548349633,2.189746643877134,12.88540801699975,2.975969130735782,1.1289595845626643,0.36266473121890497,10.693368330362,7.204794950115836,0.3536563489450512,31.99118588847984,100.50155277007185,7.15730725749959,28.5095,226.0,74.9190976922575,None,1.0,1.0,44.368858931155565,56.68154646957625,72.5577472693798,57.577349051553526,70.8428463113508,72.17042325591999,226.0,74.9190976922575,None,1.0,1.0,,,,,,,,,,,,,,,,,,,,,,,
419654,285023_43961,Jens Petter Hauge,Norway,MF,0,0,0,0,0,0,0.0,0.0,0,0,0,11,2,0,0,0,0,0,0,3,67,0,0,0,0,0,0,,,,3,0,2,1,2,1,0,0,0,7,2.08,26,14,1718.66,,,,,,,Round of 16,0.0,12.0,537.0,0.0,False,,,None,1.0,1.0,1.71866,2.08,12.0,0.016290312591400947,0.012465057003136756,0.014766146097525334,0.14641495527493967,0.04953046459976562,0.0894318375463145,0.054081199696148885,0.20181520862221414,5.721975595363711,0.22364554654834254,0.05889574552275727,12.831371392590842,0.493589876251193,4.5551275450415085,0.7900603748781789,0.13480728314503454,0.12616748173016196,2.146166243063879,1.1212615561393016,0.11963816615709036,7.194210946994505,18.439947945567287,1.5255136734439285,1.71866,941.0,3.4550287421965233,None,1.0,1.0,1.34072074444801,2.1855221993060496,4.382240982486863,4.729338089366588,4.9204867927124205,2.477066545672799,941.0,3.4550287421965233,None,1.0,1.0,,,,,,,,,,,,,,,,,,,,,,,
419681,285023_43961,Kristian Thorstvedt,Norway,MF,1,3,0,2,1,0,0.17,0.0,0,0,0,38,5,2,1,0,0,0,0,24,79,0,0,1,0,0,0,,,,46,16,22,8,31,15,1,12,25,62,3.78,137,44,9451.89,,,,,,,Round of 16,0.0,75.0,739.0,0.0,False,,,None,1.0,1.0,9.451889999999999,3.78,75.0,0.025175937641256012,0.019264179004847715,0.058733525906462476,0.8600385693497569,0.28780071872004237,0.5607201139760225,0.08358003589404828,0.3118962315070582,13.279379571217866,0.5568876635496612,0.09102069762607941,31.449251281717185,0.7628207178427528,12.7435907703878,1.8547633087365814,0.6308458026285898,0.4062397451942913,8.598143302290655,5.112916961632666,0.3961489847631805,17.455935120967283,51.94725508473253,3.991285004543795,9.451889999999999,639.0,53.87682191329165,None,1.0,1.0,62.43430642666576,48.55532994351296,40.00725238857748,38.28203798174974,44.16920104224756,34.98639501050398,639.0,53.87682191329165,None,1.0,1.0,,,,,,,,,,,,,,,,,,,,,,,
400716,285023_43961,Martin Odegaard,Norway,MF,1,5,0,2,3,0,0.31,0.0,5,0,11,123,11,3,3,0,0,0,0,162,86,8,38,14,57,0,0,,,,171,15,108,48,111,60,4,55,64,356,5.36,505,180,34879.88,92.0,283.0,12.0,5.422641754150391,5.050694465637207,7.072849273681641,Round of 16,0.0,292.0,166.0,3.0,True,100.64999999999999,5.779401540756225,B,1.1,1.1,34.87988,5.36,292.0,0.02145690258638069,0.5565590424713514,0.0752638646689469,1.0930858511920167,0.24528627588220447,0.47788952432468595,0.9714677798522072,1.7061972968363799,36.16419332751405,2.8152324893841034,0.0775749555046071,79.73729006500854,2.6306510051106553,26.165068234138353,2.661055522945608,0.7177029869965991,0.7063230103212311,14.349837855455469,4.177580750522458,0.8777697428899798,39.36368680030138,110.53075986611582,7.979915112131914,34.87988,21.0,92.41967086097941,B,1.1,1.1,69.5451596102649,98.14682743415428,89.18284438699227,81.05666792205447,78.65379423114402,89.93741854059184,21.0,92.41967086097941,B,1.1,1.1,,,,,,,,,,,,,,,,,,,,,,,
433067,285023_43961,Morten Thorsby,Norway,MF,0,0,0,0,0,0,0.0,0.0,0,0,0,33,3,1,0,0,0,0,0,18,94,0,0,0,0,0,0,,,,33,9,16,8,23,10,0,5,18,39,1.84,107,30,6152.57,,,,,,,Round of 16,0.0,50.0,675.0,0.0,False,,,None,1.0,1.0,6.15257,1.84,50.0,0.024226793256759308,0.01853791062966603,0.021960067782412312,0.21774688676115656,0.07366122160253537,0.13300215245411184,0.08042903024511186,0.30013760067078327,11.559005207951092,0.33260346531850526,0.08758917562059133,25.58794670105628,0.7340620272614844,11.246705168560315,1.37825932585154,0.40377334866710674,0.18763504251085245,6.850964413115275,3.497132702404045,0.17792470837150356,13.951788474579816,43.8901414215942,3.170095349898341,6.15257,766.0,44.21159884369986,None,1.0,1.0,33.765987247797526,33.52348045222093,39.75821749489496,30.0692063369944,57.667788863915526,27.27258576925783,766.0,44.21159884369986,None,1.0,1.0,,,,,,,,,,,,,,,,,,,,,,,
477470,285023_43961,Oscar Bobb,Norway,MF,3,3,0,3,0,0,0.48,0.0,0,0,9,66,9,1,3,0,0,0,0,64,89,1,0,3,0,0,0,,,,75,15,54,6,27,48,3,41,35,153,6.59,198,75,16697.79,,,,,,,Round of 16,0.0,156.0,913.0,0.0,False,,,None,1.0,1.0,16.69779,6.59,156.0,0.024353767678237978,0.018635069195088977,0.12016543365441454,0.8319523113985278,0.6871114825753231,0.7467634236495496,0.08085056476176171,0.5060653764588025,21.0199045001117,0.9474108618083121,0.08804823699055268,49.01849451640966,2.577101891956183,18.049356152514868,2.6116112793544963,0.40588955475398564,0.801682648737722,10.36090127597005,4.741589828528195,0.7919214220164849,23.220873789076215,62.71645355379657,5.341675665548587,16.69779,281.0,72.86211645547809,None,1.0,1.0,66.67578936786036,56.77015418158254,63.09231354733933,66.95745587866581,58.42136473823714,51.24684120969874,281.0,72.86211645547809,None,1.0,1.0,,,,,,,,,,,,,,,,,,,,,,,
483442,285023_43961,Patrick Berg,Norway,MF,0,1,0,0,1,0,0.08,0.0,6,0,5,90,13,3,0,1,0,0,0,111,91,9,56,0,0,2,100,,,,101,19,43,39,69,32,0,19,46,242,7.02,451,144,31666.04,118.0,280.0,59.0,5.12795877456665,5.081413269042969,6.316282749176025,Round of 16,0.0,274.0,172.0,2.0,True,127.55,5.418057942390441,B,1.1,1.1,31.666040000000002,7.02,274.0,0.021812872682262573,0.38275851327717586,0.034414707929280815,0.37908476629911064,0.06632173030113034,0.1197500216888585,1.1706182798663958,1.9175369623442922,27.429431295391424,0.2994633654475805,0.44492961598289593,60.1942735866192,1.5760904403252638,20.55902990354693,3.0712701359076573,0.7296096822927811,0.1689393742557421,11.293292495268611,4.979022214473833,0.16019656293775023,33.42751206464138,102.48063791947305,7.524060439230088,31.666040000000002,232.0,74.76590616174407,B,1.1,1.1,50.58571638669511,68.54888348659219,66.23086902729783,62.77538987454815,78.54882509259251,83.47711174317864,232.0,74.76590616174407,B,1.1,1.1,,,,,,,,,,,,,,,,,,,,,,,
404645,285023_43961,Sander Berge,Norway,MF,0,0,0,0,0,0,0.0,0.0,0,0,6,47,11,2,1,0,0,0,0,198,96,1,0,2,100,1,100,,,,71,2,21,48,61,10,1,18,80,427,5.19,470,115,35688.36,,,,,,,Round of 16,0.0,309.0,1148.0,0.0,False,,,None,1.0,1.0,35.68836,5.19,309.0,0.02113222911937548,0.01617000527757881,0.019155039585169942,0.18993339532394157,0.06425224319291897,0.11601337119786699,0.07015557845298742,0.4391225877656137,42.00058770818424,0.6447639882163461,0.25372363836607253,91.12064907336114,1.7042330006733273,12.292643345415758,2.620789966486564,0.5295206172697924,0.3409903335149106,16.969864427526343,1.8091754793689785,0.3325203307504645,27.24209555796285,102.65198461474509,8.00252933859615,35.68836,265.0,73.45736770376814,None,1.0,1.0,38.76790343173165,45.729192358310534,76.94768917669188,52.0162277495037,81.14492321662664,72.7208718096746,265.0,73.45736770376814,None,1.0,1.0,,,,,,,,,,,,,,,,,,,,,,,
494627,285023_43961,Thelo Aasgaard,Norway,MF,1,2,50,1,1,0,0.18,5.48,0,0,3,19,3,0,3,0,0,0,0,43,88,0,0,1,100,1,100,,,,59,9,31,19,44,15,0,14,34,99,1.67,127,39,11184.96,,,,,,,Round of 16,1.0,100.0,95.0,0.0,False,,,None,1.0,1.0,11.184959999999998,1.67,100.0,0.23708359967636178,0.01931746867513036,0.06101437812364269,0.6505796381531204,0.28859684947670944,0.35043319100292036,0.08381123975453383,0.31275901664496775,17.3410361075921,0.5584281579547208,0.3031105031902994,39.374254693724666,1.4004449327666728,8.753920458234708,1.436218022905803,0.20891484641252092,0.8310395465806875,10.528470146793508,3.6441944715903056,0.1854068157496639,16.44503262931875,49.97257435423556,4.3694560401322065,11.184959999999998,518.0,60.127559072427886,None,1.0,1.0,66.21781047187679,49.753846661641894,50.15405251372618,42.78034897456186,52.334217577403116,38.386943280067776,518.0,60.127559072427886,None,1.0,1.0,,,,,,,,,,,,,,,,,,,,,,,
385031,285023_43914,Amir Murillo,Panama,DF,1,5,0,4,1,0,0.37,0.0,0,0,11,68,15,1,7,0,0,0,1,112,79,8,50,12,58,1,100,,,,101,35,46,20,15,86,5,26,67,260,6.27,332,156,31781.32,,,,,,,Round of 16,0.0,303.0,1127.0,0.0,False,,,None,1.0,1.0,31.78132,6.27,303.0,0.021245537872800792,0.01625670711724433,0.08521886290912199,1.082318230985637,0.24287004347222801,0.829728568972411,0.07053174516476375,1.689390122478161,26.894287720129324,2.4309540099946174,0.2550840773910041,61.83758938700279,2.6047373489347256,16.102294203927517,3.347935508595244,0.35408656359178836,1.4124584069507542,14.743302300384588,7.701894543345459,1.047396415696742,34.69736951348921,78.60068002880077,7.348917183653742,31.78132,204.0,76.29379532754797,None,1.0,1.0,55.80345160690396,61.24860873950134,66.9225675567094,69.43788410188137,56.56136643096011,70.35114413757846,204.0,76.29379532754797,None,1.0,1.0,,,,,,,,,,,,,,,,,,,,,,,
441240,285023_43914,Andres Andrade,Panama,DF,0,0,0,0,0,0,0.0,0.0,0,0,10,38,19,4,0,1,0,0,0,178,83,8,0,7,29,5,80,,,,91,3,24,64,21,70,1,2,71,380,6.0,322,117,30384.6,,,,,,,Round of 16,0.0,303.0,1127.0,0.0,False,,,None,1.0,1.0,30.3846,6.0,303.0,0.021245537872800792,0.01625670711724433,0.019257746859681655,0.19095179788509212,0.064596756852119,0.1166354224919752,0.07053174516476375,1.689390122478161,38.66032463705651,1.5395875768940726,0.9681772238714401,83.23038378141587,2.4264640623146168,10.75409560532425,4.061028655075679,0.8889064234521155,0.16454540060999154,15.456395446865027,1.9971493715019712,0.3343032692163058,27.744711335304956,76.81794716259968,7.099919318765703,30.3846,361.0,68.8362653575788,None,1.0,1.0,38.58766562974353,51.44400821431046,71.18740183375172,55.44014966139389,65.65958288283016,62.12706955902445,361.0,68.8362653575788,None,1.0,1.0,,,,,,,,,,,,,,,,,,,,,,,
418729,285023_43914,Carlos Harvey,Panama,DF,0,5,0,4,1,2,0.29,0.0,0,0,28,53,19,8,3,1,0,0,0,107,79,1,0,3,33,6,67,,,,94,10,45,39,63,31,3,23,57,255,6.82,446,118,33573.58,,,,,,,Round of 16,0.0,295.0,1102.0,0.0,False,,,None,1.0,1.0,33.57358,6.82,295.0,0.02139879140136665,0.016373973987280552,0.07146884442837655,1.090125474507678,0.06506272203411478,0.835713770745519,0.0710405220612172,0.4446616872334188,26.190491941352345,0.8324563029046632,1.154720368713585,61.38585520874878,5.676033750951652,13.525058456103135,4.090322663762283,1.6135555064460467,0.7044100936284694,13.054059794837269,3.268470458297002,0.6958332501113224,28.124405548381283,99.63741638913199,7.723745060540217,33.57358,238.0,74.48139311549377,None,1.0,1.0,51.54172900409863,51.575425430943625,59.01926520365781,75.86180563309975,61.482020332228075,71.79723779574736,238.0,74.48139311549377,None,1.0,1.0,,,,,,,,,,,,,,,,,,,,,,,
441242,285023_43914,Cesar Blackman,Panama,DF,1,2,0,2,0,0,0.08,0.0,0,0,7,41,12,2,2,1,0,0,1,79,87,0,0,2,100,0,0,,,,68,10,47,11,7,61,1,23,51,172,3.91,180,64,18333.59,,,,,,,Round of 16,0.0,187.0,968.0,0.0,False,,,None,1.0,1.0,18.33359,3.91,187.0,0.02367990746355534,0.01811944336280145,0.03736037481268254,0.6102321740365281,0.27069873163601155,0.5274004329494357,0.07861345797617562,0.2933624163501188,23.418795738989594,0.722496026829335,0.0856119731374693,51.43747581832076,2.1083937689068892,12.582429081341436,3.1354498363444128,0.5933590415928611,0.5808000623308135,13.253423706189306,3.616890157398996,0.3726086167929319,20.392656957260346,57.40450571491046,5.518907337061814,18.33359,442.0,64.18466218222451,None,1.0,1.0,50.11970700449918,46.872652863135336,57.80014579454878,57.677458715891916,63.349299996469014,45.00666238606629,442.0,64.18466218222451,None,1.0,1.0,,,,,,,,,,,,,,,,,,,,,,,
337232,285023_43914,Eric Davis,Panama,DF,0,1,0,0,1,0,0.0,0.0,2,0,1,1,1,0,1,0,0,0,0,7,43,3,33,2,0,0,0,,,,5,1,4,0,2,3,0,2,4,18,4.82,30,18,1809.13,,,,,,,Round of 16,0.0,14.0,552.0,0.0,False,,,None,1.0,1.0,1.8091300000000001,4.82,14.0,0.017257172698220462,0.013204881133456144,0.015642544110949716,0.2999114960501261,0.052470189054103514,0.09473978210035201,0.3469041047822033,0.6482129427512139,6.640811575820633,0.5265324084547734,0.062391316678181666,15.185808931343209,0.6676918891004603,3.377417338200793,0.6921453726809346,0.14280834410997015,0.27846229759525293,2.8527713413365134,1.3326170412015295,0.1267389120428013,8.200426811744908,20.113619048803642,1.629156372381994,1.8091300000000001,924.0,11.904983578240051,None,1.0,1.0,5.364603227443995,26.696200979962832,8.937990576462255,7.680734915314777,6.690186185202174,6.629583988798378,924.0,11.904983578240051,None,1.0,1.0,,,,,,,,,,,,,,,,,,,,,,,
385030,285023_43914,Fidel Escobar,Panama,DF,0,0,0,0,0,0,0.0,0.0,0,0,2,16,5,1,0,0,0,0,0,27,74,1,100,1,100,1,0,,,,8,2,3,3,1,7,0,1,20,52,1.93,106,45,9536.99,,,,,,,Round of 16,0.0,98.0,794.0,0.0,False,,,None,1.0,1.0,9.53699,1.93,98.0,0.025257720629387366,0.01932675789050288,0.022894538751876668,0.22701271172971638,0.07679574167072838,0.1386618185159889,0.08385154217043578,0.5248492991999739,13.958336741603766,0.5586966900029182,0.30325626031785896,29.432014011396863,1.18917848074199,8.122310309732738,1.8607884303358782,0.42095519329123887,0.19561951240493125,7.566374585142749,2.162367659810328,0.185495972557525,17.724579887178017,45.54586712826776,4.022286612440297,9.53699,722.0,48.20059870115618,None,1.0,1.0,46.22553575122693,59.2914592328266,34.276756301174984,34.17668179757853,35.36011147293666,31.592961396954784,722.0,48.20059870115618,None,1.0,1.0,,,,,,,,,,,,,,,,,,,,,,,
480310,285023_43914,Jiovany Ramos,Panama,DF,0,2,0,1,1,0,0.15,0.0,0,0,3,29,18,2,1,0,0,0,0,121,89,0,0,2,0,2,50,,,,24,2,3,19,8,16,0,1,16,258,3.98,205,63,18498.83,,,,,,,Round of 16,0.0,186.0,967.0,0.0,False,,,None,1.0,1.0,18.49883,3.98,186.0,0.023702074385344368,0.018136405096478077,0.05131739003965368,0.6108034165084775,0.0720658213092859,0.3290078228242579,0.0786870485667303,0.29363703489535936,31.793943388537862,0.7231723602543813,0.4834647415718299,68.58984972679518,1.314822197623933,10.207571819522228,4.331702831635438,0.5939144890112281,0.38245743996043935,6.304809362390796,2.029185446831453,0.17407110500005943,20.212860348338765,62.43040029265912,5.556937598006512,18.49883,567.0,57.84992012428104,None,1.0,1.0,44.785850759757054,43.029423095602795,61.8529311604734,45.431120243593114,51.87058862325292,42.644535094497634,567.0,57.84992012428104,None,1.0,1.0,,,,,,,,,,,,,,,,,,,,,,,
441239,285023_43914,Jorge Gutierrez,Panama,DF,0,0,0,0,0,0,0.0,0.0,0,0,6,28,10,1,2,0,0,0,0,23,83,0,0,1,0,0,0,,,,16,10,2,4,4,12,0,6,15,50,2.1,117,43,9490.21,,,,,,,Round of 16,0.0,90.0,776.0,0.0,False,,,None,1.0,1.0,9.49021,2.1,90.0,0.02528061974617542,0.01934427988674961,0.02291529536425593,0.22721852565388434,0.07686536611084105,0.1387875318858861,0.08392756352981313,0.313193102928327,13.122463490497763,0.559203214757911,0.09139916369771113,29.034433551077154,2.0387847493761777,10.67525855879309,2.9231356273310527,0.4213368390571082,0.6200609333857487,6.512574228539036,3.861384377182024,0.18566414663790368,17.316385250494864,47.92061223191612,4.016009755327887,9.49021,633.0,54.164008736645606,None,1.0,1.0,48.31520830174497,51.75863449565773,40.54976163114601,53.40230320570274,41.48580178103666,35.18240322181392,633.0,54.164008736645606,None,1.0,1.0,,,,,,,,,,,,,,,,,,,,,,,
418715,285023_43914,Jose Cordoba,Panama,DF,0,0,0,0,0,0,0.0,0.0,0,0,7,21,12,5,1,0,0,0,0,183,92,1,0,1,100,2,100,,,,35,0,2,33,23,12,0,4,29,387,6.07,315,114,30753.8,,,,,,,Round of 16,0.0,303.0,1127.0,0.0,False,,,None,1.0,1.0,30.7538,6.07,303.0,0.021245537872800792,0.01625670711724433,0.019257746859681655,0.19095179788509212,0.064596756852119,0.1166354224919752,0.07053174516476375,0.4414771161373981,39.55169107015706,0.4699478571734186,0.4333573640111131,84.47829678775663,1.8916442024542897,7.723449732782397,2.8131156487349167,1.0671797100722242,0.3428186872301005,7.968917408820449,1.4623295116416444,0.1560299825961969,27.209891475444635,75.57003415625891,7.165737816185846,30.7538,463.0,62.84886368706233,None,1.0,1.0,33.47675021412248,38.67013881395142,66.0574733912005,45.349844655231216,69.79181632871439,61.359706956544514,463.0,62.84886368706233,None,1.0,1.0,,,,,,,,,,,,,,,,,,,,,,,
466669,285023_43914,Azarias Londono,Panama,FW,0,1,0,0,1,0,0.01,0.0,0,0,1,24,3,1,0,0,0,0,0,21,95,1,0,2,50,0,0,,,,30,14,16,0,13,17,0,14,10,56,6.8,100,41,8536.29,,,,,,,Round of 16,0.0,76.0,747.0,0.0,False,,,None,1.0,1.0,8.536290000000001,6.8,76.0,0.025190551450433977,0.01927536123130373,0.024947416735220076,0.43778526783859467,0.0765915147339106,0.13829306788173473,0.08362855137391036,0.5234535399777224,12.652959028457335,0.7685871815415406,0.09107353216695362,30.199248967086337,0.974639773243795,9.791720327841078,1.4330874124340411,0.41983572510468226,0.19509929119303723,5.432490300041565,4.693132317065588,0.18500267340521145,16.831938932234593,44.15648704165424,3.8000657087630945,8.536290000000001,620.0,55.09465100493489,None,1.0,1.0,45.28863882079618,53.235966027618076,50.76122402383124,36.39667738503842,55.7937825741204,34.341964710797285,620.0,55.09465100493489,None,1.0,1.0,37.84230119706285,43.0615110234129,38.46142681242334,57.65579074242457,31.988588566621555,25.254866489532102,C,C,D,B,D,E,36.40114282378287,C,38.88513766974267,43.46303501945525,,,None,1.0,30.334285686485725,51.24958910034602,175.0
337251,285023_43914,Cecilio Waterman,Panama,FW,1,2,0,2,0,0,0.05,0.0,0,0,7,19,2,1,1,0,0,0,0,10,70,0,0,1,0,0,0,,,,19,14,5,0,17,2,1,12,13,26,3.89,82,34,8772.9,,,,,,,Round of 16,0.0,85.0,763.0,0.0,False,,,None,1.0,1.0,8.7729,3.89,85.0,0.025270299019170016,0.019336382650296084,0.03350821188161361,0.6512166288130403,0.2888794182612488,0.5628217366974011,0.08389330038752797,0.3130652429095556,10.36051567115097,0.5589749219479243,0.09136185030007621,23.93348997016563,2.2499978546129182,8.762491531232639,1.225578809758872,0.42116482972597274,0.40776236344455064,6.085824627917102,4.707989708845159,0.3976337820563003,15.40090700555598,40.47945867888904,3.862267924054769,8.7729,694.0,50.352708965755234,None,1.0,1.0,59.28368779047722,52.37462432170481,33.48154155750393,41.677933738065164,33.394457479435026,30.75066394001409,694.0,50.352708965755234,None,1.0,1.0,44.28012950298099,43.440974462110574,34.003091563997565,38.41322873273983,26.08170878899821,43.22271845026099,C,C,D,D,E,C,37.8410870599939,C,51.77152472655885,58.231522922462794,,,None,1.0,31.534239216661586,50.673875432525946,181.0
411174,285023_43914,Jose Fajardo,Panama,FW,0,1,0,1,0,1,0.25,0.0,0,0,18,99,19,4,3,1,0,0,1,18,61,0,0,1,100,0,0,,,,56,47,9,0,44,12,1,19,16,50,6.5,236,110,19207.38,,,,,,,Round of 16,0.0,176.0,945.0,0.0,False,,,None,1.0,1.0,19.20738,6.5,176.0,0.023922891137155337,0.018305370141386064,0.07186940137414875,0.415754665973089,0.07273721151418484,0.3320729738981813,0.07942012442294483,0.2963726594319649,11.414008462158924,0.5291704778014651,0.08649045257279236,27.47510148268695,4.3381596451258995,24.354413603440683,4.572797685890565,1.0009260168737575,0.787498960558634,6.363547154769482,11.081354365399111,0.3764320190027041,29.83591310806412,69.23493899322939,5.750941722686685,19.20738,452.0,63.5111977702127,None,1.0,1.0,50.44456104695981,44.249339647604685,41.063390816557686,84.24294005919913,42.79658679825567,53.87967088920964,452.0,63.5111977702127,None,1.0,1.0,28.28819078364232,31.393010283459198,49.30125331714174,16.474593474445456,72.1297684795728,95.51510354834456,D,D,C,F,B,S+,29.59480899048273,D,63.20183115659081,75.58649628075528,,,None,1.0,24.662340825402275,47.81098615916955,206.0
418747,285023_43914,Tomas Rodriguez,Panama,FW,1,1,0,0,1,0,0.06,0.0,0,0,3,26,3,3,1,0,0,0,0,9,78,0,0,1,100,0,0,,,,16,12,4,0,13,3,1,8,10,21,4.09,75,32,6034.0,,,,,,,Round of 16,0.0,53.0,692.0,0.0,False,,,None,1.0,1.0,6.034,4.09,53.0,0.02441973035127639,0.018685542657454406,0.034429447027978136,0.4243892085258665,0.27915607538406484,0.13406135366935543,0.08106955015403497,0.30252783350164275,9.806884616828546,0.5401604807580311,0.0882867174238454,22.10337557276548,1.3546326369518984,9.901913948057885,1.3892354937249618,0.8168053773934223,0.3940375598706364,5.266258204945099,4.139707826780224,0.38424989466911263,14.472714051047443,37.682609891171445,3.171045354646728,6.034,774.0,43.31584545098803,None,1.0,1.0,48.16791860655426,41.30246821114682,30.903660480800422,32.990050275017936,36.431145351395166,26.70839813935707,774.0,43.31584545098803,None,1.0,1.0,54.487352932943956,55.64072401624104,39.862064961548974,56.05929246579687,35.77264913499872,41.545593306574695,B,B,C,B,D,C,47.84110589376327,B,44.424173318129995,60.25768087215063,,,None,1.0,39.867588244802725,61.28256920415224,102.0
441241,285023_43914,Orlando Mosquera,Panama,GK,0,0,0,0,0,0,0.0,0.0,0,0,0,0,0,0,0,0,0,0,0,103,72,0,0,2,0,2,100,9.0,48.0,42.0,27,0,0,27,20,7,0,0,2,185,2.98,31,11,15112.23,,,,,,,Round of 16,0.0,303.0,1127.0,0.0,False,,,None,1.0,1.0,15.11223,2.98,303.0,,,,,,,,,,,,,,,,,,,,,,,,,,,,,,,,,,,,,,,,,,,,,,,,,,,,,,,,,,,,,,,
271116,285023_43914,Alberto Quintero,Panama,MF,0,0,0,0,0,0,0.0,0.0,0,0,0,1,0,1,0,0,0,0,0,3,100,1,0,0,0,0,0,,,,5,2,2,1,3,2,0,2,1,8,2.86,17,8,1246.31,,,,,,,Round of 16,0.0,8.0,522.0,0.0,False,,,None,1.0,1.0,1.24631,2.86,8.0,0.013843881861005318,0.010593091788380585,0.012548610161378463,0.12442679243494659,0.04209212663002022,0.07600122997377817,0.045959445854349634,0.28767250218540846,4.862666306083352,0.19005912303914585,0.05005095749748076,11.020559473309799,0.41946401557799107,2.7093990100814316,0.43908085222314025,0.2307276278097753,0.10722002429191567,1.9400266768586782,1.1852044316161563,0.10167126192657346,5.416813917256468,14.6252036501502,1.241545883465177,1.24631,902.0,20.166008071353875,None,1.0,1.0,6.89380795051606,9.037598419091491,25.126061314540127,8.065911793644753,46.71625475238796,7.846263928556595,902.0,20.166008071353875,None,1.0,1.0,,,,,,,,,,,,,,,,,,,,,,,
269514,285023_43914,Anibal Godoy,Panama,MF,0,0,0,0,0,0,0.0,0.0,0,0,0,2,1,0,1,0,0,0,0,8,100,1,0,1,100,1,0,,,,4,1,2,1,1,3,0,1,3,18,2.1,18,4,1239.04,,,,,,,Round of 16,0.0,11.0,529.0,0.0,False,,,None,1.0,1.0,1.23904,2.1,11.0,0.015751210501196333,0.012052545687150232,0.014277483883047965,0.14156958426176464,0.04789133233359695,0.08647223254907785,0.0522914680606518,0.32730632800987974,6.1934652471866,0.3484142254831429,0.18911655814715728,13.860606096455168,0.4772553011779489,3.2148539483356715,0.6317447042556745,0.13034604965362473,0.25416204280796806,2.471651893011208,1.216325055123961,0.1156789305634419,5.634431191568431,16.77234808627146,1.4116378999618573,1.23904,886.0,22.363078637701484,None,1.0,1.0,8.547408314162002,13.253940298204391,30.361318269006304,10.892419343516577,42.12543511124964,9.46108648601409,886.0,22.363078637701484,None,1.0,1.0,,,,,,,,,,,,,,,,,,,,,,,
395581,285023_43914,Cristian Martinez,Panama,MF,0,1,0,1,0,0,0.24,0.0,4,0,11,105,17,5,5,0,0,0,1,78,73,12,17,9,22,1,0,,,,73,28,34,11,30,43,4,37,42,188,6.73,319,147,29553.99,,,,,,,Round of 16,0.0,264.0,1062.0,0.0,False,,,None,1.0,1.0,29.553990000000002,6.73,264.0,0.022015962059146948,0.01684622198048086,0.06429320508798186,0.3826142458910696,0.06693922067376258,0.30560294540887134,0.8120413795289568,2.489604208366175,21.588460208021118,1.9648934170714938,0.2643341582291749,50.77886276151137,2.6991926018312684,23.521515156883993,3.8388172354483907,1.1058787095863813,1.0942022276845662,10.659487068201598,6.688021433010609,0.9006400284633377,34.2929538378236,79.04937246141773,7.20393755286478,29.553990000000002,201.0,76.50057753252837,None,1.0,1.0,52.67335683401697,65.47358940792782,60.532918470250664,76.61756110736071,56.87691202891484,69.24558221181711,201.0,76.50057753252837,None,1.0,1.0,,,,,,,,,,,,,,,,,,,,,,,
400416,285023_43914,Edgar Yoel Barcenas,Panama,MF,0,2,0,0,2,0,0.05,0.0,3,0,9,74,6,3,3,1,0,0,0,109,88,5,40,3,67,4,100,,,,120,9,66,45,86,34,1,13,49,239,6.75,426,101,30790.0,,,,,,,Round of 16,0.0,272.0,1076.0,0.0,False,,,None,1.0,1.0,30.79,6.75,272.0,0.021853190327639386,0.01672167195110868,0.028977153425540293,0.5631575994878146,0.06644431553059586,0.11997136066509718,0.6226655177646172,1.1875926063477875,27.113385951184334,0.8501333409725561,0.8124963079143463,59.75541671656999,2.3124922140471322,17.663075539619665,1.793341808360807,0.7309582504003687,0.7193680968257907,11.864282825230434,3.1545036000720064,0.34386481590041795,25.604294871101423,98.08575329723088,7.3773261323736445,30.79,304.0,71.48561457412517,None,1.0,1.0,44.82070654624624,54.59380698562693,64.96008031704933,59.99153936252427,66.61393793781843,66.05484652734124,304.0,71.48561457412517,None,1.0,1.0,,,,,,,,,,,,,,,,,,,,,,,
372342,285023_43914,Ismael Diaz,Panama,MF,2,6,0,4,2,2,0.39,0.0,0,0,3,20,1,0,0,0,0,0,2,15,87,0,0,0,0,0,0,,,,21,8,13,0,13,8,1,11,11,48,4.67,83,37,6159.12,,,,,,,Round of 16,0.0,52.0,690.0,0.0,False,,,None,1.0,1.0,6.15912,4.67,52.0,0.024358598337350892,0.018638765529389954,0.10179369489152607,1.4453031327646952,0.482852506798937,0.9513068137709377,0.0808666017677236,0.30177048952345636,11.00870579918413,0.33441298365164723,0.0880657016811917,27.56671449440633,1.351241468415848,8.650754033005748,0.9769671671611349,0.20157479757710617,0.18865586485567712,5.457469994128191,3.3117634722479763,0.3832879688176031,15.458459593918043,39.22343790360962,3.1886809395210127,6.15912,741.0,46.58642066127815,None,1.0,1.0,63.71848845660965,37.221596021376776,34.90231236005905,31.877297237747605,35.680121113696195,28.602811776314223,741.0,46.58642066127815,None,1.0,1.0,,,,,,,,,,,,,,,,,,,,,,,
411176,285023_43914,Jose Luis Rodriguez,Panama,MF,1,3,0,1,2,0,0.24,0.0,3,0,20,88,12,4,2,0,0,0,0,48,73,16,13,3,33,2,50,,,,76,31,39,6,34,42,9,43,45,154,6.2,305,109,25899.78,,,,,,,Round of 16,0.0,251.0,1044.0,0.0,False,,,None,1.0,1.0,25.89978,6.2,251.0,0.022285452075042806,0.01705243094001251,0.06508019667229727,0.7612963057441142,0.25475790477364724,0.3093437286821529,0.6349820024847621,3.268075833527816,16.2427382112196,0.8669491979703292,0.45456908762947634,45.04245348905323,4.415226245928319,20.630445983937843,2.9508103935412553,0.9324160968596048,0.546598080004147,11.350964188894677,7.330885173362542,1.8466609789503283,27.60674886315092,77.39899909766555,6.608783814089712,25.89978,300.0,71.7894561343783,None,1.0,1.0,53.495434417675646,59.81822977237994,53.98722039601774,76.55942607087908,54.69930074079562,59.45556583331606,300.0,71.7894561343783,None,1.0,1.0,,,,,,,,,,,,,,,,,,,,,,,
505495,285023_43928,Alexandro Maidana,Paraguay,DF,0,0,0,0,0,0,0.0,0.0,0,0,2,30,6,0,0,0,0,0,0,19,68,1,0,0,0,0,0,,,,9,4,3,2,2,7,1,4,8,38,2.91,101,38,8335.08,,,,,,,Round of 16,0.0,69.0,726.0,0.0,False,,,None,1.0,1.0,8.33508,2.91,69.0,0.025059153001090552,0.019174817478567266,0.02271454965754722,0.22522801482761548,0.07619199961060326,0.13757170635416513,0.0831923298011913,0.5207231121190177,12.166411544744854,0.344030719946146,0.090598476234712,26.25679789723336,1.1798295630780657,11.002287070268283,2.0564332294368626,0.2073721001385793,0.1940816181825353,4.983606080522145,2.5659152316266463,0.39431135244550003,16.113319451071277,44.13643254566896,3.737934713798177,8.33508,800.0,39.96459298898852,None,1.0,1.0,42.42131909262971,45.556974213082114,26.543610967576775,34.6529217423025,24.707721576042648,26.07882267696638,800.0,39.96459298898852,None,1.0,1.0,,,,,,,,,,,,,,,,,,,,,,,
369744,285023_43928,Gustavo Gomez,Paraguay,DF,0,2,0,2,0,2,0.07,0.0,0,0,9,31,10,3,2,0,0,0,1,91,88,0,0,0,0,0,0,,,,9,2,1,6,6,3,1,3,7,188,5.32,342,109,49082.71,,,,,,,Round of 16,0.0,554.0,1289.0,0.0,False,,,None,1.0,1.0,49.08271,5.32,554.0,0.016654749368123455,0.012743917532693654,0.02487909386176214,0.42919356549789234,0.05063852945530654,0.3709356567770071,0.05529107077676613,0.2063300933864687,18.148120732922848,0.228648806102456,0.060213324638600185,38.413457936531245,1.7623961381959108,7.452063091157444,1.925747538273708,0.5570777665164468,0.4084931280241519,3.1724398136466156,1.4258488303166483,0.2620661898548527,20.631552890928848,63.01396571534059,8.178841054009636,49.08271,770.0,43.90263356902698,None,1.0,1.0,26.59250753355843,23.30293759991689,35.24520722201913,38.681678449312884,40.2384361709611,55.67562591629036,770.0,43.90263356902698,None,1.0,1.0,,,,,,,,,,,,,,,,,,,,,,,
486875,285023_43928,Gustavo Velazquez,Paraguay,DF,0,0,0,0,0,0,0.0,0.0,0,0,3,24,3,2,0,0,0,0,0,80,71,4,0,6,17,3,100,,,,20,2,3,15,6,14,0,5,11,177,5.35,197,66,25381.16,,,,,,,Round of 16,0.0,293.0,1100.0,0.0,False,,,None,1.0,1.0,25.38116,5.35,293.0,0.02143749336254147,0.01640358803854388,0.01943174246534174,0.19267706584956304,0.06518039479865849,0.11768923481621958,0.07116900630479354,0.9851179136121083,21.380992114853157,1.3736138965651778,0.6171567927221049,47.465925738862964,1.189199378764659,8.332883857226525,1.2195763936508512,0.5371697729532052,0.16603208422081717,4.803005294274089,1.83530980624686,0.1574397285815799,18.82130333248304,55.026504369622934,6.264028960563991,25.38116,785.0,41.90096985076705,None,1.0,1.0,25.067087741071408,43.445381970403794,45.308293934323714,28.991435873028543,29.234507462624432,38.60705593164535,785.0,41.90096985076705,None,1.0,1.0,,,,,,,,,,,,,,,,,,,,,,,
520066,285023_43928,Jose Canale,Paraguay,DF,0,0,0,0,0,0,0.0,0.0,0,0,2,17,4,1,2,0,0,0,0,27,67,1,0,1,0,0,0,,,,14,2,2,10,4,10,0,1,12,62,4.87,123,37,17328.15,,,,,,,Round of 16,0.0,198.0,979.0,0.0,False,,,None,1.0,1.0,17.32815,4.87,198.0,0.023435761739303358,0.01793262740375844,0.021243047351468133,0.2106372107743055,0.0712561014826592,0.12865948549998119,0.07780293370942816,0.48698943604513534,12.951455871777311,0.5183952544083313,0.08472929244209677,29.275460180280085,1.1033974106020512,7.733061297283603,1.5299092979320772,0.39058970354662437,0.5748118695103143,5.447362915502964,2.006385849763792,0.17211527042549107,14.872808807894287,45.60350644607069,5.26428458834553,17.32815,831.0,33.858238818700045,None,1.0,1.0,27.91525073899,35.96214963448448,25.780915132747772,28.17739425525313,24.4076005495013,27.92702898999359,831.0,33.858238818700045,None,1.0,1.0,,,,,,,,,,,,,,,,,,,,,,,
479601,285023_43928,Juan Jose Caceres,Paraguay,DF,1,2,0,1,1,0,0.07,0.0,0,0,17,154,41,9,6,1,0,0,0,129,62,9,11,13,31,2,50,,,,55,19,17,19,8,47,0,15,66,270,5.99,521,193,48658.8,178.0,32.0,175.0,4.791272640228272,6.5837178230285645,5.736011028289795,Round of 16,0.0,488.0,1283.0,0.0,True,155.35000000000002,5.296324014663696,C,1.0,1.0,48.6588,5.99,488.0,0.018332472377481434,0.014027681292890648,0.02738529958730396,0.47242855537305584,0.20956910528362982,0.25447252952806815,0.060860839471800696,1.6115801851060942,25.821799465380586,2.2514651136697315,0.3739379041790564,54.89707096785176,3.17056769844424,27.12377610686147,6.888452473026226,1.5361721205898144,1.0649607820061944,12.56795632432029,4.184583504580381,0.13463605219737373,35.631557388946064,96.89718081966298,8.937530106486735,48.6588,246.0,74.25849569678881,C,1.0,1.0,42.56713760152147,50.97157300908668,56.95547145702673,82.81863166539958,54.43761055536114,82.47034195668415,246.0,74.25849569678881,C,1.0,1.0,,,,,,,,,,,,,,,,,,,,,,,
369749,285023_43928,Junior Alonso,Paraguay,DF,1,3,0,1,2,0,0.2,0.0,0,0,31,140,16,3,3,1,0,0,1,116,59,1,0,7,29,2,100,,,,21,2,6,13,2,19,1,8,48,233,5.96,457,123,43140.24,,,,,,,Round of 16,0.0,456.0,1278.0,0.0,False,,,None,1.0,1.0,43.14024,5.96,456.0,0.01875982338318632,0.014354682669725564,0.04848768763587035,0.6408568329661924,0.21445440204358257,0.26040457672709566,0.06227957560410033,0.3898245728604943,24.37733477169343,1.3594568044547715,0.38265482659582717,50.35241408015908,5.448293224548652,25.55224656053498,3.1136445971164095,0.6274895094218977,0.617539967465633,10.027452186331498,1.6060687337066173,0.2951899982230443,25.4430902116835,89.08137830335943,8.277167740551413,43.14024,406.0,66.67393541471019,None,1.0,1.0,42.136508984736416,43.5030911095984,49.7437226146549,82.47951061925681,45.47706017386799,69.2782359395822,406.0,66.67393541471019,None,1.0,1.0,,,,,,,,,,,,,,,,,,,,,,,
431202,285023_43928,Omar Alderete,Paraguay,DF,0,1,0,0,1,0,0.01,0.0,0,0,6,9,3,2,3,0,0,0,0,97,72,0,0,3,33,2,50,,,,18,2,2,14,6,12,0,1,17,216,4.35,271,94,33031.77,,,,,,,Round of 16,0.0,363.0,1204.0,0.0,False,,,None,1.0,1.0,33.031769999999995,4.35,363.0,0.020174095725774683,0.015436858672758763,0.019979378947595543,0.35060454782372624,0.061339052186464724,0.11075333523947557,0.06697473074953537,0.24993009279704664,22.99873049218606,0.7848131619830923,0.41150254690525506,51.27059389518542,1.6269632276078598,5.3025527864425435,1.1477018555442942,0.5055121994573468,0.6640952936321003,5.5356411847511096,1.7271476236290546,0.1481611726581185,22.452004330367476,64.31049229561904,7.189980598348057,33.031769999999995,799.0,40.09955764889494,None,1.0,1.0,21.988647242317224,27.007605419980766,41.28162791504482,29.912593673303274,28.805962157223718,52.23299004619798,799.0,40.09955764889494,None,1.0,1.0,,,,,,,,,,,,,,,,,,,,,,,
386458,285023_43928,Alejandro Romero Gamarra,Paraguay,FW,0,0,0,0,0,0,0.0,0.0,0,0,3,13,5,1,1,0,0,0,0,10,60,0,0,0,0,1,100,,,,6,0,1,5,5,1,0,0,9,24,1.41,35,11,2181.02,,,,,,,Round of 16,0.0,18.0,565.0,0.0,False,,,None,1.0,1.0,2.18102,1.41,18.0,0.018843061421923903,0.014418374934184686,0.01708005271965402,0.16935868970312176,0.0572920612464164,0.10344611857542028,0.06255591241286479,0.23344035607727587,7.725426319894607,0.2586915841366152,0.22623879737998998,17.530028077917482,1.0452787813397446,5.585159693156309,1.388207241679147,0.3140459378521941,0.30405224940574865,3.905502929791664,1.2969671547940416,0.13838588428894721,7.847227258624339,22.75257708463376,1.8376725245255123,2.18102,927.0,10.730257581125803,None,1.0,1.0,5.573717208016346,6.518448363016829,7.4118866136055335,18.177315684217945,11.867302442436452,6.5732249953281325,927.0,10.730257581125803,None,1.0,1.0,20.59078737439237,23.310439039198574,13.666019163826288,28.316170095789893,14.122624142008949,30.408728588388257,E,E,F,E,E,D,19.14039399760002,E,37.35556289204357,53.23099777172566,,,None,1.0,15.950328331333353,31.245999134948093,263.0
485802,285023_43928,Alex Arce,Paraguay,FW,0,0,0,0,0,0,0.0,0.0,0,0,1,32,4,1,0,1,0,0,0,10,70,0,0,0,0,0,0,,,,11,6,2,3,7,4,0,8,10,22,2.85,122,46,7712.6,,,,,,,Round of 16,0.0,64.0,715.0,0.0,False,,,None,1.0,1.0,7.7126,2.85,64.0,0.024917716070194953,0.019066592458570224,0.02258634595528724,0.22395680030701537,0.07576196262638221,0.13679523478212288,0.08272278209538404,0.30869721123399413,10.21596094445519,0.3420889683968869,0.09008712733070481,22.76321129866483,0.9640835846009111,11.358362565192442,1.6266527166083053,0.41528854240714386,0.19298619774203615,5.3736517486278315,2.9696066432060757,0.18299893502564227,17.695068907717072,48.27814550301182,3.586684953676874,7.7126,817.0,36.55126800184182,None,1.0,1.0,38.34553705852461,38.136384910320125,25.023926980027795,29.450141564608973,26.282113257482216,25.862437899471903,817.0,36.55126800184182,None,1.0,1.0,39.633696899579206,42.73896710051987,27.084568063998766,46.71290520395001,37.767455469807246,33.423785026475954,C,C,E,C,C,D,36.14913793091478,C,41.57203515354992,53.246174416877125,,,None,1.0,30.124281609095654,51.07742214532872,179.0
369768,285023_43928,Antonio Sanabria,Paraguay,FW,0,0,0,0,0,0,0.0,0.0,0,0,4,38,2,1,2,0,0,0,0,10,70,0,0,0,0,0,0,,,,5,3,2,0,4,1,2,12,9,26,2.48,113,45,9967.8,,,,,,,Round of 16,0.0,95.0,786.0,0.0,False,,,None,1.0,1.0,9.967799999999999,2.48,95.0,0.02527138481627964,0.019337213482902234,0.022906924479825296,0.2271355234499627,0.07683728743735226,0.13873683324240965,0.08389690505809434,0.3130786944850838,10.360960834778098,0.34694439640487545,0.09136577587424177,23.934518328168558,1.6139309014004917,12.791904352826034,1.2256314695999069,0.42118292605140384,0.6198344271011551,5.237867946714761,2.3755920233693666,0.6097054105148729,17.73416871649952,47.054888812057506,4.115817849038418,9.967799999999999,740.0,46.745068862092964,None,1.0,1.0,49.83873608637374,49.109356218379006,29.88799313740961,42.64732145660409,31.029565072756508,30.85466131911242,740.0,46.745068862092964,None,1.0,1.0,26.534115824928396,29.343907714491714,28.236042604557998,34.85018291006745,35.060897553125336,45.74782821715944,D,D,D,E,D,C,25.86673119488025,E,37.94924642535102,47.98981262506822,,,None,1.0,21.555609329066876,41.78719723183391,238.0
463127,285023_43928,Gabriel Avalos,Paraguay,FW,0,1,0,1,0,0,0.05,0.0,0,0,5,46,5,1,2,0,0,0,0,23,52,0,0,4,25,0,0,,,,25,24,1,0,17,8,1,20,26,52,5.35,185,69,18764.8,,,,,,,Round of 16,0.0,170.0,934.0,0.0,False,,,None,1.0,1.0,18.7648,5.35,170.0,0.024054153575666953,0.018405809821056898,0.03189561287086008,0.418035868983433,0.07313631309848535,0.3338950240871729,0.07985589446172835,0.29799882567425456,12.48583916299239,1.1375959092258947,0.08696501677356513,28.029535818351224,1.7380343273883732,13.790489708022733,1.7721191603903304,0.40089606724530596,0.5899792436927349,8.416869707408456,6.499821837093805,0.37849746270116263,21.724153345748014,59.320951200894896,5.693165915743803,18.7648,688.0,50.87662860660627,None,1.0,1.0,43.196349477295584,47.780801890167304,38.55457723564489,47.86978556720244,35.59120500930543,41.264392276690636,688.0,50.87662860660627,None,1.0,1.0,20.00298565950419,23.082760975979973,38.8702486556051,16.770632889979062,51.50140814161881,50.25156877155295,E,E,D,F,C,C,21.050332443058867,E,58.90581286913273,65.82925271449861,,,None,1.0,17.541943702549055,37.069982698961944,254.0
489417,285023_43928,Isidro Pitta,Paraguay,FW,0,0,0,0,0,0,0.0,0.0,0,0,2,26,3,2,0,0,0,0,2,4,75,1,0,1,0,0,0,,,,5,5,0,0,3,2,0,5,8,15,1.31,77,23,6037.06,,,,,,,Round of 16,0.0,55.0,695.0,0.0,False,,,None,1.0,1.0,6.03706,1.31,55.0,0.024533093229427153,0.018772285912395676,0.02223770948638237,0.22049986627258414,0.07459252232914895,0.13468370210163244,0.08144589655113468,0.509791717851651,8.823113432795688,0.5426680492643652,0.0886965678294674,20.970828497955875,1.1550617319176286,9.947881264166858,1.395684694094188,0.6147377352857107,0.19000731719795197,4.878986635616496,2.717909162469816,0.1801742150533638,12.687165008268142,38.26926152042109,3.1863961199068624,6.03706,818.0,36.51957561133637,None,1.0,1.0,35.00390209888567,43.08518452974916,25.902466814897647,27.908522874497443,28.38395381790677,22.975695476066797,818.0,36.51957561133637,None,1.0,1.0,44.951902891424616,48.20324061776648,26.53302143532753,59.68577530608361,20.54058008119674,33.48031733469011,C,B,E,B,E,D,40.39353886950285,C,39.89978902953587,60.1877724376886,,,None,1.0,33.66128239125237,54.36262975778546,148.0
441234,285023_43928,Julio Enciso,Paraguay,FW,1,8,13,6,2,1,0.74,1.36,2,0,20,209,17,3,10,0,0,0,0,68,81,7,43,3,33,2,50,,,,90,38,41,11,43,47,5,50,81,201,6.43,538,237,46088.56,21.0,333.0,17.0,6.3416924476623535,4.761114120483398,6.978664875030518,Round of 16,1.0,431.0,54.0,2.0,True,66.8,6.263848805427552,B,1.1,1.1,46.08856,6.43,431.0,0.17949651678669126,0.33539136189725705,0.13600861823397292,1.454853471634431,0.21849731194986274,1.0672289019293548,0.38421973838130696,1.3594717650508497,17.13851252180525,0.7435532550870665,0.38986866307756,46.16940441476462,3.7867914922717394,37.10038855980978,3.332726282235117,0.6393189870616858,1.7518630986092019,15.509130491815627,7.410135604496553,0.9422870688530522,44.20641082106971,103.75177247379065,8.906070006252364,46.08856,39.0,90.48893688499169,B,1.1,1.1,79.09191234895512,82.97038694302732,71.47154796801148,92.65657597509741,74.27944179877598,94.29389230628192,39.0,90.48893688499169,B,1.1,1.1,68.74387706546993,78.78799377679961,74.85140898392049,92.27125668731898,98.61014593467688,97.5691107467918,A,A,A,S,S+,S+,76.1860926464811,A,47.43419915913149,43.51289037937539,51.0,6.374726343154907,BL-A,1.2,76.1860926464811,90.8663062283737,26.0
494531,285023_43928,Orlando Gill,Paraguay,GK,0,0,0,0,0,0,0.0,0.0,0,0,1,0,0,0,3,0,0,0,0,159,43,0,0,10,0,1,100,28.0,141.0,124.0,16,0,0,16,12,4,0,0,7,238,3.4,49,5,31439.42,,,,,,,Round of 16,0.0,554.0,1289.0,0.0,False,,,None,1.0,1.0,31.43942,3.4,554.0,,,,,,,,,,,,,,,,,,,,,,,,,,,,,,,,,,,,,,,,,,,,,,,,,,,,,,,,,,,,,,,
385306,285023_43928,Andres Cubas,Paraguay,MF,0,1,0,0,1,0,0.02,0.0,0,0,43,231,57,14,3,1,0,0,0,117,83,0,0,1,0,1,100,,,,57,0,20,37,48,9,0,7,56,285,6.6,756,205,60748.96,297.0,23.0,347.0,4.488586902618408,6.787336826324463,4.711148262023926,Round of 16,0.0,554.0,1289.0,0.0,True,268.4,4.8890397310256954,C,1.0,1.0,60.74896,6.6,554.0,0.016654749368123455,0.012743917532693654,0.017891516222010583,0.28944201270286124,0.05063852945530654,0.09143255118694496,0.05529107077676613,0.2063300933864687,21.781661105593656,0.36840035889748707,0.19996487743363123,51.96935855764925,6.513948933226966,35.40237365016365,8.494070519640166,2.0943448472617887,0.5482446808191829,10.020265900603137,1.1463457247265862,0.12231463705982165,34.047701959251825,120.87110857248345,9.809217606804667,60.74896,367.0,68.5523324982497,C,1.0,1.0,29.929967136954943,33.282617502991634,47.08305303607269,87.46943458392875,60.33750417358398,84.033056071157,367.0,68.5523324982497,C,1.0,1.0,,,,,,,,,,,,,,,,,,,,,,,
406205,285023_43928,Braian Ojeda,Paraguay,MF,0,0,0,0,0,0,0.0,0.0,0,0,1,4,1,0,0,0,0,0,0,7,86,0,0,0,0,0,0,,,,4,1,2,1,0,4,0,1,2,16,1.14,31,13,2756.42,,,,,,,Round of 16,0.0,28.0,610.0,0.0,False,,,None,1.0,1.0,2.75642,1.14,28.0,0.021509780326406443,0.016458900735590355,0.019497266061858858,0.19332677054502956,0.06540018228798072,0.11808608146804508,0.07140898731843434,0.26647744048098665,8.277276972472354,0.2953022878009888,0.07776612887239252,18.566998542187587,0.8322282051309142,4.751170845992766,0.862707650937563,0.17799996351082903,0.1665919423660547,3.1947858421482267,1.6610078786791331,0.15797061340931692,9.318768344098629,25.250618502800414,2.2015989782792396,2.75642,896.0,21.2778633943561,None,1.0,1.0,17.588727110114103,18.259453577858977,20.130645300180905,13.548875251042428,26.055087522966875,12.699630442412793,896.0,21.2778633943561,None,1.0,1.0,,,,,,,,,,,,,,,,,,,,,,,
476348,285023_43928,Damian Bobadilla,Paraguay,MF,0,0,0,0,0,0,0.0,0.0,0,1,5,95,22,1,1,0,0,0,0,32,75,1,100,1,0,1,100,,,,26,4,10,12,18,8,1,4,13,72,6.04,336,98,25835.61,,,,,,,Round of 16,0.0,216.0,1012.0,0.0,False,,,None,1.0,1.0,25.83561,6.04,216.0,0.02303798100205642,0.017628252669589728,0.020882484075102882,0.20706201548406983,0.07004665478762902,0.12647571756594533,0.07648236607970146,0.47872364895204356,13.698196961466452,0.5095964089183621,0.27660500590971054,30.711699295896043,1.6646107163712585,22.68028603386659,4.983590973753348,0.38396013195573053,0.3717416076186075,5.548217377777835,2.3589586749611726,0.36250776098215576,26.41251357314225,86.00531605993449,6.819542432413845,25.83561,625.0,54.66042133333837,None,1.0,1.0,34.22375263618046,43.31763072594895,36.91509298394751,62.364787996618254,35.14378653800662,60.97019463248935,625.0,54.66042133333837,None,1.0,1.0,,,,,,,,,,,,,,,,,,,,,,,
463128,285023_43928,Diego Gomez,Paraguay,MF,0,6,0,2,4,0,0.25,0.0,1,0,23,147,37,5,1,2,0,0,0,101,79,2,0,4,25,2,100,,,,84,10,43,31,58,26,0,21,63,247,6.73,492,179,37311.9,,,,,,,Round of 16,0.0,332.0,1189.0,0.0,False,,,None,1.0,1.0,37.3119,6.73,332.0,0.020710737185443775,0.015847487158092602,0.062219414660270034,1.2288594327732378,0.06297070294035739,0.4612708801804182,0.2425420177433792,0.6041498120184594,24.305651605661758,0.9794753253362061,0.4224487291000114,58.021775863386424,4.624598609629671,29.42603340083836,7.086945947615971,1.0403162601611373,0.33418912601742795,13.677035440713457,3.1633764445151304,0.15210233706232798,37.821025907534995,104.42782996489372,8.125063321139914,37.3119,200.0,76.54644031415786,None,1.0,1.0,47.257483417023586,50.41259189594278,58.785873130335084,82.90583422012199,60.258510935795165,81.85458594739936,200.0,76.54644031415786,None,1.0,1.0,,,,,,,,,,,,,,,,,,,,,,,
485804,285023_43928,Gustavo Caballero,Paraguay,MF,1,1,0,1,0,1,0.07,0.0,0,0,2,36,8,2,2,0,0,0,1,8,63,0,0,1,0,0,0,,,,13,9,3,1,8,5,1,11,11,27,2.52,169,57,12413.4,,,,,,,Round of 16,0.0,117.0,847.0,0.0,False,,,None,1.0,1.0,12.4134,2.52,117.0,0.02506464466596976,0.019179019602705603,0.037441911221425886,0.4355971404580638,0.2865284642867701,0.3479216222742668,0.08321056123925183,0.3105174602342812,9.855560349471181,0.5544258809594832,0.09061833071542913,23.949034582857454,1.1800881204433016,12.266616804266759,2.477523427492787,0.6280570800268017,0.6147636854873603,5.615657530189878,3.6180763837180243,0.3943977650152148,20.112926233433754,58.447849139027504,4.596505188522368,12.4134,706.0,49.706285229849385,None,1.0,1.0,56.041013094794536,47.12043991563381,32.67835401739788,42.679680059832215,33.719340176680745,35.48758085427989,706.0,49.706285229849385,None,1.0,1.0,,,,,,,,,,,,,,,,,,,,,,,
424422,285023_43928,Matias Galarza,Paraguay,MF,1,2,50,0,2,0,0.07,13.75,0,0,42,197,61,10,9,2,0,0,0,113,73,4,25,6,33,0,0,,,,87,24,47,16,35,52,3,35,80,280,5.32,560,237,48496.58,51.0,77.0,130.0,5.832286357879639,6.160738468170166,5.908360958099365,Round of 16,1.0,439.0,77.0,1.0,True,74.64999999999999,5.900572824478149,B,1.1,1.1,48.49658,5.32,439.0,0.1784151385756888,0.17395399094791247,0.028379975215791112,0.48958787724692804,0.21718097313429682,0.10429855488387395,0.06307139749614797,0.8730312074881439,24.209017549567793,1.2173241214787018,0.06868629020007333,58.48518390211709,7.271147602174213,34.96387533427254,10.326987577397947,1.7513850255942551,1.5818921822741188,15.256278807272505,5.133657941029759,0.6177766468409283,43.94008894305055,106.63388875067646,9.236294165704594,48.49658,57.0,88.14332890405787,B,1.1,1.1,66.10639069756876,76.22466414080445,72.72534845478316,100.0,72.4583457732768,95.10463771850691,57.0,88.14332890405787,B,1.1,1.1,,,,,,,,,,,,,,,,,,,,,,,
495046,285023_43928,Mauricio,Paraguay,MF,3,4,25,2,2,0,0.32,3.12,5,0,10,75,4,3,3,0,0,0,0,69,78,12,17,4,25,1,100,,,,72,16,34,22,43,29,2,21,48,173,5.19,321,110,22291.21,,,,,,,Round of 16,1.0,208.0,114.0,0.0,False,,,None,1.0,1.0,22.29121,5.19,208.0,0.21800703931395035,0.017763118826666934,0.08337594444312395,0.9878173762740748,0.6549609654988175,0.5170289380384134,1.051031522955642,2.6251070083142833,21.010329729888486,1.0978735251948526,0.27872119149398655,50.620734529798966,2.6513099582025093,18.95794702583845,1.5154477947550704,0.7764832546145868,0.7641712516183254,12.408412558654831,4.714519706108797,0.5600739561474793,28.952097977108863,83.74141356412592,6.181292193070351,22.29121,214.0,75.57812684850903,None,1.0,1.0,72.01043801554846,62.60072583081848,59.536227361860384,62.98588649009822,58.231375675892934,60.62255019073588,214.0,75.57812684850903,None,1.0,1.0,,,,,,,,,,,,,,,,,,,,,,,
369761,285023_43928,Miguel Almiron,Paraguay,MF,0,4,0,1,3,0,0.11,0.0,2,0,17,123,21,2,7,1,1,0,0,67,73,4,0,6,67,0,0,,,,82,13,53,16,32,50,2,26,54,183,6.51,357,129,33177.48,,,,,,,Round of 16,0.0,306.0,1134.0,0.0,False,,,None,1.0,1.0,33.17748,6.51,306.0,0.021188708877980068,0.01621322258274588,0.0387638421576766,0.90162674409361,0.06442396909863574,0.294119867445516,0.4259359405706341,0.9736855111280363,18.821509753501992,1.3576729551750581,0.07660533209731255,47.98185698945979,3.6645485975357412,25.83802631128771,4.405758800731284,0.5309358582493693,1.4086802681258552,12.392512342936959,3.7697715542552968,0.5112054815613717,29.80405506461605,82.83534436976679,7.577492067924798,33.17748,298.0,71.81900047311854,None,1.0,1.0,45.51158687633563,53.18769647292332,54.908284495467875,84.11698081348895,51.371331506121834,69.19426921104336,298.0,71.81900047311854,None,1.0,1.0,,,,,,,,,,,,,,,,,,,,,,,
463125,285023_43928,Ramon Sosa,Paraguay,MF,0,0,0,0,0,0,0.0,0.0,0,0,0,12,1,0,1,0,0,0,0,3,100,0,0,0,0,0,0,,,,5,1,3,1,4,1,0,0,0,9,1.41,36,16,2289.64,,,,,,,Round of 16,0.0,19.0,573.0,0.0,False,,,None,1.0,1.0,2.28964,1.41,19.0,0.019181796058587344,0.014677568644020275,0.017387094411162426,0.17240318724722226,0.058321979109308066,0.10530573058884385,0.06368045655077578,0.23763682566509015,6.737609748533471,0.26334198556546423,0.06934957036566192,15.430815254103925,0.5812006546658609,5.524605773971889,0.7693375742267261,0.15873518681681184,0.3095180824741122,2.5271045568521884,1.4812384830083865,0.1408735953452528,8.793075099624476,23.322547852617518,1.8881907396159192,2.28964,879.0,23.274699808102937,None,1.0,1.0,10.787349979608834,11.989245283510781,28.174139475670508,13.12667558983667,43.062438256147196,11.79496833396329,879.0,23.274699808102937,None,1.0,1.0,,,,,,,,,,,,,,,,,,,,,,,
403002,285023_43963,Diogo Dalot,Portugal,DF,0,1,0,0,1,0,0.04,0.0,0,0,2,12,2,0,1,0,0,0,0,29,93,1,0,1,0,0,0,,,,21,5,6,10,5,16,0,4,20,63,1.46,53,20,4952.68,,,,,,,Round of 16,0.0,50.0,683.0,0.0,False,,,None,1.0,1.0,4.95268,1.46,50.0,0.024226793256759308,0.01853791062966603,0.030091638908559575,0.42103616491483803,0.07366122160253537,0.13300215245411184,0.08042903024511186,0.5034268788244648,13.795187267641587,0.5358927434721868,0.08758917562059133,30.466889376744636,1.1406405835688476,6.977630327333003,1.1749700476978586,0.2004840705134252,0.390924320664534,7.257542969422637,2.683975589789318,0.17792470837150356,11.918895693043,32.91252040129538,2.92617057793452,4.95268,737.0,46.79779496234581,None,1.0,1.0,39.05087590872666,41.22182475597203,44.79078701098654,30.792391355869785,52.407681262136094,26.561389540405873,737.0,46.79779496234581,None,1.0,1.0,,,,,,,,,,,,,,,,,,,,,,,
368649,285023_43963,Joao Cancelo,Portugal,DF,0,2,0,0,2,0,0.04,0.0,1,0,10,49,10,5,2,0,0,0,1,155,88,12,33,9,56,4,75,,,,92,37,27,28,34,58,7,36,53,349,6.48,320,118,28676.34,148.0,30.0,118.0,4.907160758972168,6.628729820251465,5.955078125,Round of 16,0.0,266.0,219.0,1.0,True,122.8,5.42737545967102,B,1.1,1.1,28.67634,6.48,266.0,0.021975045706877253,0.20120956830232223,0.02729478612386923,0.5662978175441906,0.06681481508447293,0.12064033189686459,0.2573482478207009,2.4849773143640888,35.746726780360476,1.9612416906100603,0.8170268613139133,80.37203038799261,2.5097815359959808,13.151700087600858,2.5409202647304223,1.1038234497377573,0.5389847040542662,12.668017765778961,8.33514373339818,1.452150166140858,28.881775882209855,79.08685498210546,7.028715168639246,28.67634,105.0,83.94325316911792,B,1.1,1.1,57.51512311287582,94.81056389325015,88.86253090669197,70.28718384215449,79.6608466946923,70.17189760578808,105.0,83.94325316911792,B,1.1,1.1,,,,,,,,,,,,,,,,,,,,,,,
395212,285023_43963,Nelson Semedo,Portugal,DF,0,0,0,0,0,0,0.0,0.0,0,0,4,12,2,1,1,1,0,0,0,73,93,4,0,3,0,0,0,,,,42,17,19,6,25,17,3,6,18,158,4.92,162,66,12693.36,,,,,,,Round of 16,0.0,120.0,852.0,0.0,False,,,None,1.0,1.0,12.69336,4.92,120.0,0.02502132448411705,0.019145871771247457,0.022680260480765043,0.22488801763052574,0.07607698254077694,0.13736403239053732,0.08306674525091491,1.1498058357268106,23.48568374679062,0.9733801728865746,0.09046171159642319,51.41191309287747,1.5979610564463804,7.206465614334007,1.213503847207024,0.41701532134136127,0.40374490228298343,7.0756456206547,5.291473233573891,0.8136286396418272,21.96777066851165,56.87713764529815,4.647340228776884,12.69336,450.0,63.634653003046694,None,1.0,1.0,45.69844712141315,62.30093495075996,66.08380551917924,42.98584457464013,57.950377113964,43.53066162005716,450.0,63.634653003046694,None,1.0,1.0,,,,,,,,,,,,,,,,,,,,,,,
433195,285023_43963,Nuno Mendes,Portugal,DF,1,2,50,0,2,0,0.11,9.02,5,0,6,64,13,3,11,0,0,0,1,251,85,18,33,15,53,1,100,,,,105,36,48,21,33,72,8,50,68,554,5.23,334,141,33707.66,112.0,64.0,70.0,5.237975120544434,6.270987510681152,6.257235050201416,Round of 16,1.0,386.0,154.0,0.0,True,94.3,5.647741961479187,B,1.1,1.1,33.707660000000004,5.23,386.0,0.1859267222805418,0.015149228535533027,0.03621996187154773,0.5102003675892848,0.22632466504196322,0.10868970314382424,0.8963694323432053,3.235586658455844,48.15399509116163,2.7637322746305752,0.237706625105697,106.46672618872871,1.596648532996845,14.340820814273915,2.787602328905082,0.6622216736236336,1.9807496078236924,13.905052053129582,7.343336045457375,1.4744287252138777,29.841703822987316,73.57831212062484,7.168296557208768,33.707660000000004,164.0,78.90969711563793,B,1.1,1.1,64.64329235017205,69.68919126732051,90.9291193016925,66.96590864319163,70.24833157042416,70.77549044334455,164.0,78.90969711563793,B,1.1,1.1,,,,,,,,,,,,,,,,,,,,,,,
489704,285023_43963,Renato Veiga,Portugal,DF,0,2,0,2,0,2,0.28,0.0,0,0,6,33,8,4,3,1,0,0,0,275,96,0,0,4,50,0,0,,,,36,2,0,34,9,27,0,2,21,581,5.79,398,111,39962.18,320.0,41.0,342.0,4.400928974151611,6.451122283935547,4.811850547790527,Round of 16,0.0,413.0,1258.0,0.0,True,283.65,4.811188364028931,C,1.0,1.0,39.962180000000004,5.79,413.0,0.019379653486707987,0.014828965623432422,0.06309905331082316,0.4994144549538204,0.058923561815861114,0.4316248978181294,0.06433731117044755,0.24008801485557257,51.03878895151604,0.9165242276908124,0.07006490106732886,108.60660670074469,1.5628945165742036,8.996537293397518,1.9155885180051744,0.8108384250730162,0.6379436703227743,5.968117288496092,1.6591337188689244,0.14232668593072179,24.332339700609037,82.43028120185502,8.033842885715492,39.962180000000004,401.0,66.80335610445411,C,1.0,1.0,40.15491260272263,38.932847108978066,78.14821925637548,46.24045386965584,65.67693479292086,65.10788842215322,401.0,66.80335610445411,C,1.0,1.0,,,,,,,,,,,,,,,,,,,,,,,
384752,285023_43963,Ruben Dias,Portugal,DF,0,0,0,0,0,0,0.0,0.0,0,0,10,17,5,5,3,1,0,0,0,201,96,0,0,4,25,0,0,,,,23,0,1,22,14,9,0,0,33,413,4.64,313,83,32274.28,349.0,11.0,253.0,4.194595813751221,7.083716869354248,5.368853092193604,Round of 16,0.0,313.0,1171.0,0.0,True,274.29999999999995,4.921528291702271,C,1.0,1.0,32.27428,4.64,313.0,0.021057465088698157,0.016112797173133405,0.01908727068303089,0.1892614271129956,0.06402492421705391,0.1156029257501,0.06990737397867404,0.2608738589935885,42.38207864946896,0.9958731687737598,0.07613083532067794,88.3245398556718,2.4049841706565793,6.948298506688643,1.5513469320608921,1.0577326694553768,0.6931742394461011,8.605154421720275,1.4493844695261429,0.15464875170404233,21.491470527052584,74.54767200816725,7.370965690905249,32.27428,417.0,65.9919785127698,C,1.0,1.0,33.943670957780036,41.05458847589878,76.68168094506994,46.92019013816868,76.42272482765877,55.86221864637667,417.0,65.9919785127698,C,1.0,1.0,,,,,,,,,,,,,,,,,,,,,,,
491216,285023_43963,Samu Costa,Portugal,DF,0,0,0,0,0,0,0.0,0.0,0,0,2,10,1,0,0,0,0,0,0,11,100,0,0,0,0,0,0,,,,3,0,2,1,3,0,0,1,1,23,1.65,33,7,2859.94,,,,,,,Round of 16,0.0,26.0,603.0,0.0,False,,,None,1.0,1.0,2.85994,1.65,26.0,0.021084710941075044,0.016133645214020984,0.01911196733845057,0.18950630886310363,0.06410776484513099,0.11575250217043626,0.06999782579628151,0.2612113987031968,8.821399169094406,0.28946661862828127,0.07622933955619439,19.438549877391317,0.992705750914777,5.718822367556199,0.8456590988212712,0.17448238527756024,0.16329980579059333,2.9547277353441093,1.451259800442173,0.1548488487737252,8.073071193410843,25.105471418015643,2.176406833807938,2.85994,853.0,28.046414821422,None,1.0,1.0,16.35609445245145,17.70842919994863,31.129249103324945,17.71474053899839,44.59436403272575,14.9346804076183,853.0,28.046414821422,None,1.0,1.0,,,,,,,,,,,,,,,,,,,,,,,
492358,285023_43963,Tomas Araujo,Portugal,DF,0,0,0,0,0,0,0.0,0.0,0,0,1,4,1,1,0,1,0,0,0,102,96,0,0,0,0,2,50,,,,11,1,0,10,5,6,0,0,9,215,1.52,113,39,10213.3,,,,,,,Round of 16,0.0,100.0,809.0,0.0,False,,,None,1.0,1.0,10.213299999999998,1.52,100.0,0.02524558075532909,0.01931746867513036,0.022883534717856806,0.22690360031105503,0.07675883055567671,0.13859517208188762,0.08381123975453383,0.31275901664496775,29.839479223933026,0.346590139033688,0.514948522111332,63.94746488856446,0.9767688949246075,5.576350174419217,1.0125419850637376,0.42075286533355366,0.1955254898175893,5.2325196737676904,1.9494903202220442,0.1854068157496639,16.44503262931875,47.0068420893411,4.1636215106673955,10.213299999999998,627.0,54.59065523090976,None,1.0,1.0,45.213529807992394,45.01453284648319,60.48849701888136,32.191412903229676,56.244932236478476,34.40174878954764,627.0,54.59065523090976,None,1.0,1.0,,,,,,,,,,,,,,,,,,,,,,,
201200,285023_43963,Cristiano Ronaldo,Portugal,FW,7,15,20,12,3,0,2.5,1.2,0,0,6,58,5,2,3,0,0,0,5,87,87,1,0,4,25,0,0,,,,168,83,72,13,135,33,6,54,59,206,5.04,256,123,32444.66,39.0,344.0,335.0,5.975358486175537,4.671862602233887,4.926413536071777,Round of 16,3.0,385.0,17.0,0.0,True,158.75,5.51759786605835,C,1.0,1.0,32.44466,5.04,385.0,0.5186016119539794,0.015161444230185325,0.43361650279048386,2.672024052186471,1.22408206241928,2.1039271434598756,0.0657798109457776,0.411733484951583,20.925777194932802,0.9370735165634225,0.07163581850558463,48.693232307054295,1.597936002579892,13.354809744487707,1.4597502680247745,0.4964931779336668,0.6522469351682055,12.419902148528596,15.16359410693331,1.1430926756743325,26.87304220953485,60.66916886326786,6.964087250992838,32.44466,268.0,73.39253819834289,C,1.0,1.0,84.19405748960399,49.421908161310625,62.10234582835308,52.92559292630988,60.880602716446774,55.11636916455007,268.0,73.39253819834289,C,1.0,1.0,96.09998227264668,77.08040830266003,77.33820694126273,40.5552853608509,60.20628360337954,41.88478715585957,S,A,A,D,B,C,73.38014770583834,A,77.1806908148252,47.56625038074931,158.3,5.530325412750244,BL-B,1.05,64.20762924260856,86.16102941176469,35.0
485081,285023_43963,Francisco Conceicao,Portugal,FW,0,2,0,2,0,0,0.17,0.0,0,0,6,29,4,1,0,0,0,0,1,66,91,4,25,7,86,0,0,,,,64,32,28,4,16,48,6,48,48,153,4.8,177,75,15699.2,,,,,,,Round of 16,0.0,146.0,896.0,0.0,False,,,None,1.0,1.0,15.699200000000001,4.8,146.0,0.024558587902703304,0.018791793982230465,0.05729329645486045,0.632875804527478,0.07467003852198455,0.5469704606087102,0.08153053473771947,1.1285416847402576,21.60883304138889,1.779672374850474,0.08878874087900425,49.43075019620639,1.9805556582457036,10.576439248621133,1.6032084808840046,0.40930316987962917,0.19020477189421625,13.126992772164883,8.284715344625226,1.4168018387787895,23.41616614156136,58.916370546525656,5.180817428545597,15.699200000000001,250.0,74.04502865674948,None,1.0,1.0,57.384723961274986,71.10228110936475,71.8204476859752,52.23039807534977,66.86678005628285,50.4407430805512,250.0,74.04502865674948,None,1.0,1.0,31.32983140353987,35.56710810913369,74.62885508112332,55.01258167516018,53.604476793094626,40.43379124502987,D,D,A,B,C,C,33.98325167849272,D,45.58374749324266,43.29175894626413,,,None,1.0,28.319376398743934,52.00255190311418,168.0
418561,285023_43963,Francisco Trincao,Portugal,FW,0,1,0,1,0,0,0.11,0.0,1,0,2,12,1,0,0,0,0,0,0,16,81,0,0,1,0,0,0,,,,24,6,18,0,19,5,0,8,15,35,1.9,56,32,4066.95,,,,,,,Round of 16,0.0,32.0,623.0,0.0,False,,,None,1.0,1.0,4.066949999999999,1.9,32.0,0.02224099053079543,0.017018409758381925,0.04068894670888143,0.3865250038562447,0.06762341655314723,0.30872655924649883,0.26046270934971194,0.27553615799285025,10.238293319541782,0.4919671087613518,0.08040973499595269,22.74406913037257,1.0471454537681222,6.4056934152565255,0.8920348048274411,0.1840509499795379,0.17225512099356943,5.729531285321915,2.6506038131935736,0.16334071588203608,13.181451700486587,30.77465149512066,2.521020086448291,4.066949999999999,837.0,31.166663440180276,None,1.0,1.0,35.63448610642083,28.429512665855196,26.382111531626894,20.82941942865866,26.352422350856763,18.994143992780067,837.0,31.166663440180276,None,1.0,1.0,49.23445824275278,53.26907752438053,31.540484248263724,53.595821615106466,34.46051717201273,34.3946331995402,B,B,D,B,D,D,44.10519363550353,B,38.90451633067667,36.29421673217294,,,None,1.0,36.754328029586276,54.62755190311419,145.0
448081,285023_43963,Goncalo Ramos,Portugal,FW,1,2,50,2,0,2,0.13,7.42,0,0,5,32,3,0,0,0,0,0,0,11,91,0,0,0,0,0,0,,,,12,8,4,0,11,1,1,10,11,31,3.54,101,40,6429.87,,,,,,,Round of 16,1.0,58.0,84.0,0.0,False,,,None,1.0,1.0,6.42987,3.54,58.0,0.23179677799240667,0.018886700741750674,0.04929808626204432,0.6360721034994253,0.28216131330374183,0.549732900108565,0.08194229951447382,0.3057846786759633,10.326688359641366,0.3388613873824155,0.08923716276393308,24.412469716545864,1.7834441700424566,11.251197357431737,1.4041912247774186,0.20425617098485915,0.19116538898925414,5.530065949038018,3.355816968091655,0.38838651377189504,16.28543245070035,43.47324787994801,3.287173334389328,6.42987,662.0,52.645614273314756,None,1.0,1.0,66.07972638263553,39.98075564129017,39.26231009723044,39.887624235945374,44.51462170079385,32.43315442285063,662.0,52.645614273314756,None,1.0,1.0,70.80584816055384,69.1685956058134,43.35906411245745,57.83552895899855,44.239420650305405,47.80183541560668,A,A,C,B,C,C,59.69004348886375,A,44.57586163042097,27.18229801055622,,,None,1.0,49.74170290738646,71.53326124567474,74.0
418535,285023_43963,Joao Felix,Portugal,FW,1,6,0,4,2,1,0.62,0.0,0,0,13,61,10,1,2,0,0,0,0,38,82,4,0,7,29,0,0,,,,105,41,44,20,74,31,4,36,49,110,3.28,170,57,15531.47,,,,,,,Round of 16,0.0,142.0,886.0,0.0,False,,,None,1.0,1.0,15.531469999999999,3.28,142.0,0.024637415854079837,0.018852111726401173,0.150507878773493,1.4618466064415079,0.28164456439506,0.962195823055853,0.08179223077062941,1.1321640684621368,15.889617077213552,1.7853847524507926,0.08907373424167327,40.699814031465195,3.4340567835671654,17.22590263475985,2.8487635497672885,0.4106169477931379,0.6042849907983258,13.375862535088014,10.171921210530414,1.0078797763399365,19.770099846191727,57.6583358689034,5.162771136785108,15.531469999999999,243.0,74.27416706877683,None,1.0,1.0,68.24534518223628,66.68333714539148,59.018404465372555,71.03659760512575,56.20492723907722,48.91832030746404,243.0,74.27416706877683,None,1.0,1.0,50.88590115601003,51.39073350282701,75.54809946224206,44.619483622676626,45.92370432683515,79.19611057719487,B,B,A,C,C,A,47.196017597995734,B,58.390695466413476,49.58299870266262,,,None,1.0,39.33001466499644,62.5580017301038,94.0
418548,285023_43963,Pedro Neto,Portugal,FW,0,0,0,0,0,0,0.0,0.0,0,0,7,61,6,3,2,0,0,0,0,128,89,11,18,10,70,2,50,,,,146,70,61,15,42,104,8,63,61,300,5.94,286,172,28899.48,253.0,203.0,96.0,4.5997090339660645,5.407835483551025,6.126350402832031,Round of 16,0.0,293.0,230.0,1.0,True,206.24999999999997,5.102588343620299,C,1.0,1.0,28.89948,5.94,293.0,0.02143749336254147,0.19628759104746477,0.01943174246534174,0.19267706584956304,0.06518039479865849,0.11768923481621958,0.07116900630479354,2.2443059346745544,30.015424259281357,2.093149908600861,0.4372727897131839,69.59165810896023,1.9087353908003424,14.988591968556594,1.759228402677614,0.7170537759621262,0.5258000902386589,13.797205444720133,14.06742201085348,1.5965117526529469,37.88900765142865,71.03618063741689,6.8969184460303365,28.89948,135.0,80.99008368440961,C,1.0,1.0,46.43052531576684,82.07264229104209,80.43374048685634,58.28454132852098,71.08577305262054,66.51625748252064,135.0,80.99008368440961,C,1.0,1.0,4.6693848608402755,13.899745759496074,86.19923896241501,80.8525935167368,83.76065249990856,51.683720579644586,F,F,S,S,A,C,19.869385002117497,E,28.012594218108962,50.56356487549147,200.89999999999998,5.13851408958435,BL-C,1.0,16.557820835097914,41.28423442906575,241.0
418550,285023_43963,Rafael Leao,Portugal,FW,1,4,25,3,1,0,0.33,3.07,3,0,4,32,4,1,2,0,0,0,0,73,90,7,57,6,50,2,50,,,,67,18,42,7,8,59,3,37,59,183,5.8,165,68,15989.45,32.0,298.0,37.0,6.121883869171143,4.957186222076416,6.628959655761719,Round of 16,1.0,175.0,57.0,1.0,True,73.14999999999999,6.073948168754577,B,1.1,1.1,15.989450000000001,5.8,175.0,0.22486831412900546,0.21924563684866302,0.08800924695869519,1.0189066773674333,0.27372744084094663,0.7342247101009921,0.6822634166136896,1.7031089482157242,22.475275841662324,1.534273521466683,0.48841677023829766,54.2231414488455,1.5292131119143746,10.914896244939506,1.5631430610198893,0.3990743671078909,0.5872983362029405,15.009097177976713,5.264745400092775,0.7786244720733514,21.4245137892204,55.032923308468895,5.109662829666913,15.989450000000001,145.0,80.3532051493914,B,1.1,1.1,79.3684373985409,92.63136937728956,77.7476052548659,59.64325421446725,74.33379071301928,56.781649110493326,145.0,80.3532051493914,B,1.1,1.1,70.55393313988748,77.45987174135772,71.50826231364135,96.62726523017065,45.06418931275374,38.88857482050992,A,A,B,S+,C,C,72.78550638259227,A,43.77189141856392,37.923832923832926,60.099999999999994,6.157536840438842,BL-A,1.2,72.78550638259227,83.02006920415225,45.0
403001,285023_43963,Diogo Costa,Portugal,GK,0,0,0,0,0,0,0.0,0.0,0,0,0,0,0,0,1,0,0,0,0,91,80,0,0,3,33,1,0,15.0,82.0,69.0,13,0,0,13,6,7,0,0,3,152,2.7,28,5,18569.24,,,,,,,Round of 16,0.0,413.0,1257.0,0.0,False,,,None,1.0,1.0,18.56924,2.7,413.0,,,,,,,,,,,,,,,,,,,,,,,,,,,,,,,,,,,,,,,,,,,,,,,,,,,,,,,,,,,,,,,
395205,285023_43963,Bernardo Silva,Portugal,MF,0,0,0,0,0,0,0.0,0.0,1,0,4,28,5,1,0,1,0,0,0,47,94,0,0,0,0,0,0,,,,52,26,11,15,31,21,1,9,15,101,5.57,219,66,14075.86,,,,,,,Round of 16,0.0,117.0,848.0,0.0,False,,,None,1.0,1.0,14.07586,5.57,117.0,0.02506464466596976,0.019179019602705603,0.022719527507141575,0.2252773731111452,0.07620869693985136,0.13760185492734814,0.29353032858617045,0.3105174602342812,18.05803127600101,0.34410611361256455,0.09061833071542913,39.51269736652944,1.600727655137139,10.584058665491408,1.846564125452031,0.41773731267988296,0.19412415079352285,6.456936599577553,7.193512428615643,0.3943977650152148,22.005804139556016,68.96383750637344,4.946153388945928,14.07586,589.0,56.849522779438,None,1.0,1.0,43.04881120920579,45.11741612180419,52.208960765961365,43.57719439145812,57.39263714676306,43.10749468746899,589.0,56.849522779438,None,1.0,1.0,,,,,,,,,,,,,,,,,,,,,,,
395206,285023_43963,Bruno Fernandes,Portugal,MF,3,8,0,4,4,0,0.88,0.0,7,0,19,166,17,2,7,0,0,0,0,224,88,18,17,14,71,6,100,,,,209,44,112,53,129,80,5,68,87,518,6.34,433,168,38648.13,207.0,69.0,74.0,4.709003925323486,6.222354888916016,6.24560546875,Round of 16,0.0,366.0,244.0,1.0,True,153.04999999999998,5.320156955718994,C,1.0,1.0,38.648129999999995,6.34,366.0,0.02012401659297718,0.1842610361403935,0.16684015567098634,1.5317717051062565,0.5677742786766776,0.7859283953947169,1.248845956034303,3.2888346275521916,44.38717676724852,2.640352450749995,1.0859310427577153,102.13979655478666,3.8181370008231856,31.800802052486702,3.508927819553278,0.5042573420941472,1.3378967663020114,17.342274594067458,8.815085120987058,0.9921058706586362,34.89209542242217,91.50657578731278,8.120525136399625,38.648129999999995,7.0,95.48951195802366,C,1.0,1.0,66.69401206637832,85.2308952127241,87.34565538609097,84.20376555554427,73.94383818904465,78.51306190397213,7.0,95.48951195802366,C,1.0,1.0,,,,,,,,,,,,,,,,,,,,,,,
484141,285023_43963,Joao Neves,Portugal,MF,1,2,50,2,0,1,0.16,6.25,1,0,17,148,24,1,3,0,0,0,0,223,96,2,50,7,71,3,67,,,,184,45,61,78,134,50,2,29,91,478,6.81,496,155,39283.8,96.0,138.0,237.0,5.373629093170166,5.758649826049805,5.458596229553223,Round of 16,1.0,345.0,150.0,0.0,True,137.54999999999998,5.452623987197875,B,1.1,1.1,39.2838,6.81,345.0,0.19234256535111416,0.01567198864086937,0.04606287683563375,0.527806042840538,0.2341345350600992,0.45616266619656387,0.23985605472263874,0.5974593256888463,45.00354990820076,1.4842119528076665,0.5896316234258936,97.07916346513991,3.542217699250719,29.272024294611054,4.774268184032545,0.3413508383016023,0.6742106097416966,18.33768611193398,9.143485944187214,0.49414028946385574,33.27751924537784,103.9588182120673,8.373977671436439,39.2838,18.0,93.18970649401311,B,1.1,1.1,73.8015572292258,72.57141290450421,100.0,91.17510146209095,84.66384131825886,88.68025002163533,18.0,93.18970649401311,B,1.1,1.1,,,,,,,,,,,,,,,,,,,,,,,
395216,285023_43963,Ruben Neves,Portugal,MF,0,2,0,0,2,0,0.03,0.0,0,0,3,37,0,0,0,0,0,0,0,29,93,0,0,2,50,0,0,,,,33,4,14,15,17,16,0,2,9,63,3.62,123,36,9241.31,,,,,,,Round of 16,0.0,76.0,746.0,0.0,False,,,None,1.0,1.0,9.24131,3.62,76.0,0.025190551450433977,0.01927536123130373,0.0291749419932095,0.6491615307380662,0.0765915147339106,0.13829306788173473,0.08362855137391036,0.31207727707825095,14.343969131653106,0.7685871815415406,0.09107353216695362,31.67888280738264,1.397392299042738,12.539611745534206,0.7989586237356266,0.2084594622052107,0.19509929119303723,5.221114037142094,2.5793696880708743,0.18500267340521145,15.775057617737232,49.018141088342084,3.94909020163248,9.24131,649.0,53.186712057004826,None,1.0,1.0,46.596061390691034,50.1273055071856,49.54924410359505,38.2584171643962,47.45546698187031,34.18163446896392,649.0,53.186712057004826,None,1.0,1.0,,,,,,,,,,,,,,,,,,,,,,,
441149,285023_43963,Vitinha,Portugal,MF,0,3,0,0,3,0,0.09,0.0,0,0,18,75,13,4,5,0,0,0,0,356,95,0,0,6,67,9,100,,,,155,5,48,102,111,44,0,8,72,736,6.82,412,127,36000.85,,,,,,,Round of 16,0.0,315.0,1178.0,0.0,False,,,None,1.0,1.0,36.00085,6.82,315.0,0.02102031502566676,0.016084370606684283,0.03492810434855973,0.7180777899739716,0.06391196997682484,0.11539897641621102,0.06978404178561434,0.2604136193463169,69.64673742827664,1.3468830679563464,1.6634473101930878,145.14056057428394,3.811808608306213,17.16627856183125,2.9596773761118764,0.8794831724746986,1.0447181670246362,15.468926419629152,2.32874453587994,0.15437591682817614,29.21442529412558,91.87811194788775,8.015266828339382,36.00085,102.0,84.23977470347303,None,1.0,1.0,46.45451257065742,51.42589107989238,89.25876509230118,74.60221317599809,86.08278105957886,73.3039740911943,102.0,84.23977470347303,None,1.0,1.0,,,,,,,,,,,,,,,,,,,,,,,
486614,285023_43834,Alhashmi Alhussein,Qatar,DF,0,0,0,0,0,0,0.0,0.0,0,0,2,20,8,2,2,0,0,0,0,0,0,0,0,0,0,0,0,,,,1,0,1,0,0,1,0,1,1,1,1.97,50,20,4072.3,,,,,,,Round of 16,0.0,41.0,648.0,0.0,False,,,None,1.0,1.0,4.0723,1.97,41.0,0.023445505423113012,0.01794008309703789,0.021251879389395836,0.2107247855842546,0.07128572701521405,0.1287129771406528,0.07783528116175169,0.2904584882377563,7.645038268352004,0.3218773639262195,0.08476451960663935,17.286893214371453,1.103856160592979,8.326476662815681,2.3174790518389456,0.5874855148369679,0.575050854066005,3.285560107341961,1.6137531890621224,0.17218682930172874,11.534524220649487,31.26092702034958,2.6586045796131925,4.0723,854.0,27.840921557679465,None,1.0,1.0,27.531251469445117,27.72504476969107,16.09750860758948,33.200378028341774,19.029753919139036,16.695596599694596,854.0,27.840921557679465,None,1.0,1.0,,,,,,,,,,,,,,,,,,,,,,,
510991,285023_43834,Ayoub Aloui,Qatar,DF,0,0,0,0,0,0,0.0,0.0,0,0,2,38,5,1,0,0,0,0,0,28,39,1,0,4,0,0,0,,,,23,4,12,7,2,21,1,2,11,57,3.76,170,55,15912.29,,,,,,,Round of 16,0.0,170.0,936.0,0.0,False,,,None,1.0,1.0,15.91229,3.76,170.0,0.024054153575666953,0.018405809821056898,0.02180358074516629,0.21619522646955722,0.07313631309848535,0.1320543815732971,0.07985589446172835,0.4998394681881303,13.495042375561772,1.1375959092258947,0.08696501677356513,29.038739030920603,1.1325123998467457,12.175764567911727,1.7721191603903304,0.40089606724530596,0.1862979586649833,5.389260069700319,2.4630089868162877,0.37849746270116263,18.898384350553755,56.29334156318676,5.117413464566547,15.91229,779.0,42.53280857356007,None,1.0,1.0,33.896687580582416,51.476740846449744,32.919779491732584,33.04414863463244,27.74449959142001,34.0711770966601,779.0,42.53280857356007,None,1.0,1.0,,,,,,,,,,,,,,,,,,,,,,,
385067,285023_43834,Boualem Khoukhi,Qatar,DF,0,2,0,0,2,0,0.07,0.0,0,0,5,21,12,2,1,0,0,0,0,117,80,1,0,8,25,3,100,,,,27,4,5,18,17,10,0,6,13,236,4.92,226,62,25410.03,,,,,,,Round of 16,0.0,310.0,1156.0,0.0,False,,,None,1.0,1.0,25.41003,4.92,310.0,0.02111348005395187,0.016155658826708108,0.03153960713549283,0.544095235787103,0.0641952369251735,0.1159104411059058,0.07009333459206693,0.4387329867405399,27.612944339774707,1.7071829997632224,0.6078288824600847,57.20125561583599,1.5255557834934372,7.6754423849897915,2.7956299103664235,0.529050812752708,0.34068779798797805,5.084741450661197,2.1619006859778063,0.15506013286586512,17.82817126975116,59.332605865492816,6.174467130212991,25.41003,725.0,47.7855879843606,None,1.0,1.0,30.763913311287027,38.824052200741626,57.7064270893729,37.70650186692314,35.78221170617685,39.2911099054827,725.0,47.7855879843606,None,1.0,1.0,,,,,,,,,,,,,,,,,,,,,,,
419441,285023_43834,Homam Ahmed,Qatar,DF,0,1,0,0,1,0,0.0,0.0,0,0,3,45,6,4,0,0,1,0,0,33,76,3,33,2,50,0,0,,,,20,13,6,1,5,15,1,7,13,75,5.86,157,57,13626.23,,,,,,,Round of 16,0.0,134.0,875.0,0.0,False,,,None,1.0,1.0,13.62623,5.86,134.0,0.024788106167224447,0.01896741726965757,0.022468862711659435,0.430791192443027,0.07536788555297796,0.13608369215690827,0.08229249820697994,0.931089438859413,14.946806520674794,0.756308201204198,0.08961853768150377,33.668771360924275,1.3750675023565828,14.003272850379203,2.03419027031244,1.0371263335002603,0.1919823769145764,5.969698533344586,4.410155335617185,0.39004637016005883,19.891020098314254,55.3070016955599,4.798059696076495,13.62623,682.0,51.512220270501786,None,1.0,1.0,40.282997000956755,58.602385868095986,39.80019772054681,41.07133928105844,40.556129587987904,37.45163260688212,682.0,51.512220270501786,None,1.0,1.0,,,,,,,,,,,,,,,,,,,,,,,
512791,285023_43834,Issa Laye,Qatar,DF,0,1,0,1,0,1,0.07,0.0,0,0,7,30,6,0,3,0,0,0,0,90,94,0,0,1,0,0,0,,,,32,1,8,23,15,17,0,5,22,202,5.61,338,88,29038.33,,,,,,,Round of 16,0.0,310.0,1156.0,0.0,False,,,None,1.0,1.0,29.038330000000002,5.61,310.0,0.02111348005395187,0.016155658826708108,0.03153960713549283,0.36693005862183714,0.0641952369251735,0.29307561827117157,0.07009333459206693,0.26156780957527415,22.82948455631253,0.4670267596063621,0.07633335096428752,51.17763959221695,1.8798861378239686,9.269928979477184,1.732638847374829,0.17472045842217662,0.6950181523185095,6.67922804514859,1.6304051544820093,0.15506013286586512,22.43446587604807,79.17510570800259,6.817275542521724,29.038330000000002,631.0,54.302724205388564,None,1.0,1.0,34.314589250460756,33.2251919824885,55.7137836088596,44.27282058185028,50.0056811367241,54.35548235092974,631.0,54.302724205388564,None,1.0,1.0,,,,,,,,,,,,,,,,,,,,,,,
419473,285023_43834,Jassem Gaber,Qatar,DF,0,0,0,0,0,0,0.0,0.0,0,0,13,85,14,7,0,1,0,0,0,32,78,0,0,1,100,1,100,,,,61,5,41,15,47,14,0,5,18,69,6.14,232,55,17053.08,,,,,,,Round of 16,0.0,166.0,928.0,0.0,False,,,None,1.0,1.0,17.05308,6.14,166.0,0.02414087711889948,0.018472169131465592,0.021882190194940903,0.21697468503626252,0.07339999480280772,0.1325304832924198,0.08014380258096183,0.2990732145094429,14.353970062208408,0.533992292416272,0.2898469035781712,31.57425390282153,3.3648473249961435,21.74037475891045,3.60162339345058,1.61775152326902,0.18696962724070726,6.8266686511152495,2.674457333933462,0.1772937291242253,18.96651956250767,69.05553609577623,5.366951455595398,17.05308,609.0,55.533627237046446,None,1.0,1.0,37.39567593580218,40.74181842355052,40.19880753050623,72.6401556947436,46.47923412339342,40.547658804593624,609.0,55.533627237046446,None,1.0,1.0,,,,,,,,,,,,,,,,,,,,,,,
356673,285023_43834,Lucas Mendes,Qatar,DF,0,0,0,0,0,0,0.0,0.0,0,0,1,5,1,0,0,0,0,0,1,0,0,0,0,0,0,0,0,,,,4,4,0,0,2,2,0,0,0,0,2.35,17,9,1535.0,,,,,,,Round of 16,0.0,13.0,545.0,0.0,False,,,None,1.0,1.0,1.535,2.35,13.0,0.016790878465552557,0.012848081093074629,0.015219877650415232,0.15091396839484486,0.0510524280470849,0.09217988339793226,0.05574299733503278,0.20801655103073205,5.475117985805944,0.23051768775987333,0.060705483683151554,12.239394753882086,0.6496506443072856,3.84973375863444,0.6734433870722386,0.13894961774732562,0.13004433402672888,2.2121132637552456,1.7192907839015217,0.12331438678749933,6.710804278193536,17.73852301610112,1.5465128307541725,1.535,943.0,3.105346374846173,None,1.0,1.0,2.514001029266801,3.3587184794670946,2.317453014307658,4.662506433857356,2.0344637229677365,3.2441959207972513,943.0,3.105346374846173,None,1.0,1.0,,,,,,,,,,,,,,,,,,,,,,,
416051,285023_43834,Pedro Miguel,Qatar,DF,1,3,0,2,1,0,0.23,0.0,0,0,6,36,8,1,7,0,0,0,0,78,76,2,50,7,29,2,100,,,,26,8,4,14,13,13,3,3,29,172,5.13,229,76,26501.54,,,,,,,Round of 16,0.0,310.0,1156.0,0.0,False,,,None,1.0,1.0,26.501540000000002,5.13,310.0,0.02111348005395187,0.016155658826708108,0.05988603548193534,0.7212604129523688,0.24136041409043923,0.4702407954364373,0.07009333459206693,0.6158981639058057,20.70350243032934,1.5300178225979566,0.430663705294819,45.86268427725898,1.7027209606587028,10.332920042468777,2.0869692017053607,0.35188563558744235,1.4036788609795725,7.919384285305451,2.87056139463887,0.6865556643616624,20.308483750064877,59.86410139698861,6.367844692740649,26.501540000000002,608.0,55.59438702046473,None,1.0,1.0,46.07519992718184,51.31467756042183,49.30306160095884,48.24604057455414,39.932941476236024,43.025771097996994,608.0,55.59438702046473,None,1.0,1.0,,,,,,,,,,,,,,,,,,,,,,,
386387,285023_43834,Sultan Albrake,Qatar,DF,0,0,0,0,0,0,0.0,0.0,0,0,2,50,4,2,0,0,0,0,0,42,79,3,33,3,0,1,100,,,,38,14,10,14,10,28,4,8,11,89,4.19,215,70,17683.33,,,,,,,Round of 16,0.0,167.0,929.0,0.0,False,,,None,1.0,1.0,17.68333,4.19,167.0,0.024119265543514515,0.018455632338964544,0.021862600658046412,0.21678044334656768,0.07333428511408664,0.13241183836844403,0.080072055650534,0.9059664852616153,16.364990025468444,0.9382882540668918,0.28958742467954096,35.59372782662373,1.1355779872819391,14.637367070614323,1.5745290904042324,0.6043682522344941,0.1868022469017946,5.403848208388161,4.493546114259614,0.9866830233112875,21.985345260427778,65.55313663297345,5.489701222139245,17.68333,671.0,52.188157129113996,None,1.0,1.0,38.052208627934334,60.395542692224524,42.37515586887349,38.920150602041886,38.79418449194431,42.600817952708,671.0,52.188157129113996,None,1.0,1.0,,,,,,,,,,,,,,,,,,,,,,,
353251,285023_43834,Ahmed Alaaeldin,Qatar,FW,1,1,0,1,0,0,0.13,0.0,0,0,2,22,4,1,1,0,0,0,0,8,50,0,0,1,0,0,0,,,,20,11,8,1,15,5,0,8,11,26,4.31,70,30,6052.91,,,,,,,Round of 16,0.0,55.0,697.0,0.0,False,,,None,1.0,1.0,6.05291,4.31,55.0,0.024533093229427153,0.018772285912395676,0.048999440553388014,0.4263593360187813,0.28045199207534616,0.34054317184782973,0.08144589655113468,0.3039322481054538,9.64655131178048,0.5426680492643652,0.0886965678294674,23.235282665164046,1.1550617319176286,9.12444338518207,1.6015441638403853,0.4088782655395134,0.39586678694414923,5.496565044855088,3.953065980946999,0.1801742150533638,14.128181296491523,36.828245232197716,3.189658992502339,6.05291,802.0,39.84333539770076,None,1.0,1.0,52.99856032851168,39.616326568662025,26.625254295534795,29.49225442680008,25.895409834333773,24.197571294856704,802.0,39.84333539770076,None,1.0,1.0,59.20842702395059,59.20768033999926,33.41042084459205,50.04334862870314,35.39318240005852,35.63796709819662,B,B,D,C,D,D,50.02050167262099,B,50.022071157411496,70.49776286353467,,,None,1.0,41.68375139385082,61.16792820069203,105.0
386347,285023_43834,Akram Afif,Qatar,FW,0,2,0,1,1,0,0.16,0.0,7,0,16,54,5,0,4,0,0,0,2,93,78,12,33,12,42,3,67,,,,83,23,54,6,42,41,2,40,69,217,5.2,194,104,23536.07,,,,,,,Round of 16,0.0,269.0,1071.0,0.0,False,,,None,1.0,1.0,23.53607,5.2,269.0,0.02191394958270678,0.016768163850735148,0.04928473877283852,0.5647233679507903,0.06662905318466718,0.30418691311444723,1.359924704427717,2.478068455807691,24.246658463630638,2.507434922657391,0.6308733307397221,55.87615315780829,3.6060956646107964,14.034545029024505,1.6144459131842726,0.18134458683017274,0.9052501747861957,15.57490937175712,5.7376220675032945,0.5287028678269888,26.227129439156673,55.6978428101511,6.063970497678272,23.53607,378.0,67.94463529967487,None,1.0,1.0,46.92516179256234,65.25559801468069,63.685432311646636,63.46935368976895,50.14266300047735,50.24829396832147,378.0,67.94463529967487,None,1.0,1.0,13.994345907313935,17.58054111486359,64.28977485769855,48.045082573851275,53.677627007058994,65.40222737294364,F,E,B,C,B,B,20.761326342183718,E,40.488205609670224,41.93673137907031,,,None,1.0,17.3011052851531,39.60674740484429,245.0
386366,285023_43834,Almoez Ali,Qatar,FW,1,1,0,1,0,1,0.05,0.0,0,0,1,11,2,0,0,0,0,0,0,3,67,0,0,1,100,0,0,,,,15,3,10,2,10,5,0,2,5,9,2.3,38,11,2859.04,,,,,,,Round of 16,0.0,24.0,598.0,0.0,False,,,None,1.0,1.0,2.85904,2.3,24.0,0.020612930370261004,0.01577264712542239,0.027332578764647304,0.3582310320136939,0.23563834086424687,0.2861275022974773,0.06843159070289079,0.25536666774493394,7.240295965212148,0.45595468166379766,0.07452367133863594,16.582092699646317,0.7975284630624953,5.763825978585702,0.9997020870098405,0.17057825780086436,0.15964589392028056,3.5804743506302756,1.9376822173320494,0.15138403114029741,8.584292406616923,25.408549484192076,2.1275530132871863,2.85904,911.0,18.635787070252384,None,1.0,1.0,29.10310868530834,16.030796106826006,13.458378052522502,12.789845335744962,11.930657809956854,10.968555814355243,911.0,18.635787070252384,None,1.0,1.0,43.869601321154335,42.05593291086404,24.289862823668038,38.043179463322836,22.58965057472793,25.055495882563555,C,C,E,D,E,E,36.12678218166971,C,44.78513876454789,57.0376786487657,,,None,1.0,30.105651818058092,43.51942041522491,234.0
429063,285023_43834,Edmilson Junior,Qatar,FW,2,3,0,3,0,0,0.43,0.0,0,0,5,66,11,4,2,0,0,0,1,41,80,4,25,7,43,0,0,,,,68,40,25,3,21,47,8,16,38,106,6.21,290,97,23874.51,,,,,,,Round of 16,0.0,228.0,213.0,1.0,False,,,None,1.0,1.0,23.874509999999997,6.21,228.0,0.022776095242609123,0.20854419838333924,0.10282512556192458,0.7780572325428633,0.4514830669103756,0.6983870046496882,0.07561294776898575,1.0466307345818244,15.262528833716923,1.6505015545202806,0.08234434433866376,36.86053746572048,1.6456881449184009,16.880092650501734,2.824659980278333,0.9529444480778126,0.5586321465537433,10.263056053778731,9.212331154707954,1.69620128246456,25.921151257421744,76.23629353352032,6.367222590121628,23.874509999999997,241.0,74.30580377339643,None,1.0,1.0,61.2200549951171,79.50166780521,57.51454356502993,58.135041087403685,57.5146252069686,56.43379680690105,241.0,74.30580377339643,None,1.0,1.0,38.36479161029679,46.647440519105984,63.16249095874771,76.01023450550845,67.9602062836034,58.919856031055076,C,C,B,A,B,B,42.49225535526324,C,41.97231833910035,58.781725888324864,,,None,1.0,35.4102127960527,57.31163494809689,126.0
284190,285023_43834,Hassan Alhaydos,Qatar,FW,1,1,100,1,0,0,0.66,1.51,0,0,8,46,1,1,1,0,0,0,0,14,71,0,0,1,0,0,0,,,,21,10,10,1,11,10,0,7,16,31,4.75,147,43,8290.41,,,,,,,Round of 16,1.0,69.0,86.0,0.0,False,,,None,1.0,1.0,8.29041,4.75,69.0,0.23533283927663823,0.019174817478567266,0.16149518259940868,0.43550170110316305,0.28646568588615096,0.3478453926297128,0.0831923298011913,0.31044942584347,11.115043113367118,0.5543044062216936,0.090598476234712,24.784882093304525,2.4414716807313517,14.366666050677043,1.005064798059124,0.417645786414127,0.40435530445808304,6.665795570726526,3.8275573492799317,0.18403766616995246,17.164687882449016,53.80902211434415,3.7285417882322482,8.29041,626.0,54.628435364389404,None,1.0,1.0,70.93568352095383,45.22831374719763,35.8052848104921,49.4297423794591,36.072370885723764,34.16083449291749,626.0,54.628435364389404,None,1.0,1.0,79.8094776028886,76.01791067430653,44.791150095673984,44.55604660506227,41.55297904246369,59.99396988712383,A,A,C,C,C,B,64.9320363323247,A,52.29554056277769,53.02540415704387,,,None,1.0,54.11003027693725,77.02893598615917,57.0
498458,285023_43834,Mohamed Manai,Qatar,FW,0,0,0,0,0,0,0.0,0.0,0,1,2,52,3,3,0,0,0,0,0,15,47,0,0,3,33,0,0,,,,16,2,8,6,9,7,0,5,8,34,6.99,153,43,10166.36,,,,,,,Round of 16,0.0,91.0,779.0,0.0,False,,,None,1.0,1.0,10.166360000000001,6.99,91.0,0.025280233909163938,0.019343984651141635,0.022914945627217465,0.22721505780706053,0.07686419297887498,0.13878541368755587,0.08392628261341874,0.31318832292324555,11.425232839190164,0.9834522736290464,0.09139776874851578,25.639929674550032,1.1902384460584992,15.766186753506565,1.4381894366185821,0.8455880020677353,0.1957938763895976,5.027573255219307,2.1642950699998478,0.18566131300090438,17.31612096495116,55.556517543004574,4.159379348251331,10.166360000000001,715.0,49.02336613459114,None,1.0,1.0,48.08046535003478,57.68362138178848,34.4547109126732,37.685342414833734,33.768144324912996,33.206847742930925,715.0,49.02336613459114,None,1.0,1.0,28.381492643148377,31.279171251849892,32.34361354966217,33.81404495569981,41.04092754471307,40.82951740252887,D,D,D,E,C,C,27.44654357260055,D,42.23219293325855,82.62393590385578,,,None,1.0,22.87211964383379,43.65532006920415,233.0
419463,285023_43834,Yusuf Abdurisag,Qatar,FW,0,0,0,0,0,0,0.0,0.0,0,0,8,60,8,1,2,0,0,0,0,14,64,0,0,3,0,0,0,,,,18,10,7,1,11,7,1,12,11,33,4.62,176,66,12292.36,,,,,,,Round of 16,0.0,105.0,831.0,0.0,False,,,None,1.0,1.0,12.29236,4.62,105.0,0.025205714041540372,0.019286963375915508,0.02284739804356467,0.22654528409805522,0.07663761637731506,0.13837630866529857,0.08367888872090326,0.3122651213243463,11.18005058920913,0.9805532999285552,0.09112835076556904,25.352846019293786,2.455750879622918,17.411739889165116,2.4914674784672064,0.4200884308639883,0.618223711767044,5.647263695438167,3.8499432131384355,0.3966175230520276,22.129657682674917,60.25733104380286,4.59677495563732,12.29236,611.0,55.503465099777195,None,1.0,1.0,45.33109904687606,55.78083924963458,38.2007268167686,63.716427594815805,35.12145502027439,39.1979921833953,611.0,55.503465099777195,None,1.0,1.0,22.44749437856296,25.131863544947443,31.28890157553648,30.367300331987057,54.5920046816137,76.04914541994081,E,E,D,E,B,A,24.18962693125533,E,43.11277569704535,68.42907981698016,,,None,1.0,20.158022442712774,43.110077854671275,236.0
419459,285023_43834,Mahmoud Abunada,Qatar,GK,0,0,0,0,0,0,0.0,0.0,0,1,0,0,0,1,1,1,0,0,0,93,54,0,0,8,0,0,0,16.0,124.0,103.0,7,0,0,7,4,3,0,0,3,162,3.1,20,2,16005.91,,,,,,,Round of 16,0.0,310.0,1156.0,0.0,False,,,None,1.0,1.0,16.00591,3.1,310.0,,,,,,,,,,,,,,,,,,,,,,,,,,,,,,,,,,,,,,,,,,,,,,,,,,,,,,,,,,,,,,,
345059,285023_43834,Abdulaziz Hatem,Qatar,MF,0,0,0,0,0,0,0.0,0.0,0,0,1,20,0,1,0,0,0,0,0,32,81,0,0,2,50,0,0,,,,31,5,13,13,26,5,2,5,20,65,2.28,86,28,5826.99,,,,,,,Round of 16,0.0,51.0,686.0,0.0,False,,,None,1.0,1.0,5.8269899999999994,2.28,51.0,0.024294330878882612,0.01858958921501544,0.022021286398676225,0.21835390506526073,0.07386656878559043,0.13337292579661872,0.08065324421329449,0.3009743015764404,14.44521242535381,0.7412426573661342,0.0878333501005756,30.959534652192247,0.9399643824985001,8.627929978524625,0.7705335550816451,0.4048989574737172,0.1881581172927224,7.277774998871096,2.6914577739665733,0.5861326986778836,13.582970230144756,39.73151919349101,3.112561267900265,5.8269899999999994,790.0,41.4606130735173,None,1.0,1.0,36.879544311079705,45.22026790986147,36.89221086868712,26.517564817944255,37.27984304471304,25.278677898558588,790.0,41.4606130735173,None,1.0,1.0,,,,,,,,,,,,,,,,,,,,,,,
419436,285023_43834,Ahmed Alganehi,Qatar,MF,0,1,0,0,1,0,0.05,0.0,2,0,3,18,4,1,0,0,0,0,0,12,92,2,100,0,0,0,0,,,,7,2,4,1,3,4,0,2,8,27,2.04,51,24,4200.63,,,,,,,Round of 16,0.0,41.0,647.0,0.0,False,,,None,1.0,1.0,4.20063,2.04,41.0,0.023445505423113012,0.01794008309703789,0.031088550348898673,0.4074582047743113,0.07128572701521405,0.1287129771406528,0.4713021195418652,0.6839253266178698,10.005839298632685,0.3218773639262195,0.08476451960663935,22.40196211331293,1.300589579783036,7.933009824435566,1.5305453750787181,0.390752095646911,0.18158401568589141,4.662694041672358,2.0072200274422363,0.17218682930172874,12.321457897409715,31.457660439539634,2.6838513792978524,4.20063,783.0,42.14378672050979,None,1.0,1.0,34.96645555585881,41.97066056482501,32.70687102126103,30.244481983124004,47.30621969547161,24.35326200828337,783.0,42.14378672050979,None,1.0,1.0,,,,,,,,,,,,,,,,,,,,,,,
433394,285023_43834,Ahmed Fathy,Qatar,MF,0,0,0,0,0,0,0.0,0.0,0,0,10,73,10,2,1,2,0,0,0,65,91,0,0,2,0,1,100,,,,49,3,18,28,41,8,0,4,14,146,6.63,312,80,18273.99,,,,,,,Round of 16,0.0,163.0,922.0,0.0,False,,,None,1.0,1.0,18.27399,6.63,163.0,0.024205399101705105,0.018521540203329002,0.021940675323403862,0.2175545992137058,0.0735961729772491,0.1328847011413446,0.08035800511497239,0.29987255567294574,21.094956318352388,0.7385292660334816,0.2906215853280026,47.29809462624259,2.764511371089477,19.361163759699807,2.7988105196141606,0.6065265429970575,0.3905791038856512,6.032475443980977,2.2753859136140497,0.17776758692507308,24.09495584345562,85.48888334107681,5.6292745880019375,18.27399,446.0,64.03219520842542,None,1.0,1.0,42.33173936268152,47.0432938551269,56.803580712692344,67.04465843338822,55.387285593260025,51.62210801102574,446.0,64.03219520842542,None,1.0,1.0,,,,,,,,,,,,,,,,,,,,,,,
386348,285023_43834,Assim Madibo,Qatar,MF,0,0,0,0,0,0,0.0,0.0,0,0,2,51,7,2,1,0,1,0,0,33,82,0,0,1,0,0,0,,,,18,0,7,11,12,6,0,3,21,75,6.04,208,30,14695.95,,,,,,,Round of 16,0.0,140.0,883.0,0.0,False,,,None,1.0,1.0,14.69595,6.04,140.0,0.024676021986652287,0.018881652451325028,0.02236726543559344,0.22178448911080195,0.07502709519018569,0.13546836361903036,0.08192039687876468,0.30570294445002427,14.879221665674633,0.5458296102278276,0.08921331025943519,33.51653154787029,1.1617910724177198,15.182307153541453,2.2320510867618735,0.6183191711732321,0.39817309000000545,7.599175781489467,1.6984495943120466,0.18122390236351113,14.210491479544054,65.6169191813066,4.997859285755795,14.69595,727.0,47.52715044828993,None,1.0,1.0,37.18466309410806,41.475976145017476,37.76159848419983,42.3019781721176,44.46837233757362,34.89387471623936,727.0,47.52715044828993,None,1.0,1.0,,,,,,,,,,,,,,,,,,,,,,,
354861,285023_43834,Karim Boudiaf,Qatar,MF,0,1,0,0,1,0,0.02,0.0,0,0,2,29,3,0,2,0,0,0,0,69,94,0,0,4,50,0,0,,,,58,7,34,17,31,27,0,5,19,143,4.59,205,30,13129.49,,,,,,,Round of 16,0.0,114.0,839.0,0.0,False,,,None,1.0,1.0,13.12949,4.59,114.0,0.02510505776279346,0.01920994298448568,0.026969336991478306,0.4362994775407579,0.0763315723880886,0.13782371792043696,0.08334472617607544,0.31101812451072053,22.72164252994163,1.1872964443331802,0.09076443960394558,48.42407869959761,1.1819908410327034,10.81178279929042,1.4282236869280205,0.20775197598036368,0.6157549025852442,7.309982981065629,3.2025922512526783,0.18437479668707424,14.457565713979875,66.12580738800821,4.754767100639934,13.12949,496.0,61.26062327390219,None,1.0,1.0,44.96883925255054,54.792736671508656,67.95661094787094,43.16565186018572,55.11719989302178,40.87040454906528,496.0,61.26062327390219,None,1.0,1.0,,,,,,,,,,,,,,,,,,,,,,,
403312,285023_43835,Abdulelah Alamri,Saudi Arabia,DF,2,4,25,3,1,1,0.93,1.07,0,0,7,23,5,1,0,1,0,0,0,99,82,1,100,3,67,0,0,,,,30,4,2,24,15,15,2,2,15,212,5.67,252,89,25207.74,,,,,,,Round of 16,1.0,268.0,126.0,0.0,False,,,None,1.0,1.0,25.20774,5.67,268.0,0.2059868441103448,0.01678371854494532,0.19105093305472873,0.9333523565862081,0.4347959933320703,0.6725742196598249,0.07281824977172045,0.4557889619247956,25.373465851309817,0.8532878029347652,0.07930085005627606,55.00772286279897,1.9529676983288178,8.341934370007221,1.6159435257268255,0.3655653744027615,0.16987964855280638,5.650518576798259,2.245945710093281,0.5291933098044347,23.490670080992725,66.42455879408124,6.377270787688934,25.20774,464.0,62.843879170699566,None,1.0,1.0,75.02987676695776,47.95515686506208,52.48491004235157,44.339694726886506,42.84424657449348,49.676938633696224,464.0,62.843879170699566,None,1.0,1.0,,,,,,,,,,,,,,,,,,,,,,,
433439,285023_43835,Ali Lajami,Saudi Arabia,DF,0,0,0,0,0,0,0.0,0.0,0,0,3,7,3,0,2,0,0,0,0,68,82,0,0,4,75,5,80,,,,11,0,1,10,6,5,0,1,16,138,5.8,145,54,16522.11,,,,,,,Round of 16,0.0,177.0,950.0,0.0,False,,,None,1.0,1.0,16.52211,5.8,177.0,0.023900904606507043,0.018288546439796886,0.021664670171460974,0.21481784707063012,0.07267036177929874,0.13121306334584432,0.07934713270176427,0.2961002756919496,21.431254130603424,1.130348287734621,1.0891845435256813,45.09866528441612,1.3258518815280897,5.880996593303617,1.359719560120306,0.19778724297854408,0.5862204869924735,6.35769868420846,1.6450982964179197,0.17553133990365902,18.577428061708893,50.92082888176526,5.207112709588067,16.52211,765.0,44.24378794601622,None,1.0,1.0,31.7841907004888,44.45550088006573,48.10970991704105,31.751560073565564,33.221184298546476,32.95510409538773,765.0,44.24378794601622,None,1.0,1.0,,,,,,,,,,,,,,,,,,,,,,,
403335,285023_43835,Hassan Altambakti,Saudi Arabia,DF,0,0,0,0,0,0,0.0,0.0,0,1,5,26,7,0,1,0,0,0,0,87,82,0,0,2,0,0,0,,,,19,0,1,18,10,9,0,1,24,184,5.62,252,67,22701.97,,,,,,,Round of 16,0.0,237.0,1036.0,0.0,False,,,None,1.0,1.0,22.701970000000003,5.62,237.0,0.022582155158996944,0.017279462854455155,0.02046930655282521,0.2029651192428066,0.06866072277087736,0.12397328905101158,0.07496909809869431,0.2797627319292739,23.84905977628137,0.6890025818187562,0.08164317634406588,51.32680675199832,1.6316749923992653,9.156798782358036,2.042651931147132,0.18687419087040388,0.3643863870514098,7.522819861578175,1.5543288253364658,0.16584627311101402,20.015761794473985,68.38655529358665,6.090821840304932,22.701970000000003,749.0,45.71182136609618,None,1.0,1.0,29.798724114397668,34.34466273654977,46.255175760824386,39.98600822155389,35.043440372184435,43.87363573833141,749.0,45.71182136609618,None,1.0,1.0,,,,,,,,,,,,,,,,,,,,,,,
512183,285023_43835,Mohammed Abu Alshamat,Saudi Arabia,DF,1,1,0,1,0,0,0.02,0.0,0,0,10,67,16,2,1,0,0,0,0,64,80,3,0,4,25,1,0,,,,58,15,28,15,28,30,1,27,44,143,6.75,212,87,17130.45,,,,,,,Round of 16,0.0,153.0,906.0,0.0,False,,,None,1.0,1.0,17.13045,6.75,153.0,0.024416218822856346,0.018682855698460933,0.026229345485402223,0.42432818185827187,0.2791159330697052,0.33892084152245056,0.08105789244834902,0.9171206275088933,21.073806512857512,1.1547191034709077,0.2931527876156388,47.09540655097992,2.7885892023999093,18.300519458934435,4.052459677628704,0.611809156026002,0.3939808977343169,12.231378957626152,4.753748838830614,0.38419463998750397,25.73896500630738,65.74558207963179,5.44401634191244,17.13045,380.0,67.80585384730318,None,1.0,1.0,50.42796475211472,57.86053551732978,55.981537077488,69.68011342055476,54.125407684858615,50.5707332389853,380.0,67.80585384730318,None,1.0,1.0,,,,,,,,,,,,,,,,,,,,,,,
419303,285023_43835,Moteb Alharbi,Saudi Arabia,DF,0,0,0,0,0,0,0.0,0.0,0,0,11,64,2,0,4,0,0,0,0,77,74,2,0,5,20,0,0,,,,49,18,19,12,20,29,4,8,25,168,6.75,235,107,22511.24,,,,,,,Round of 16,0.0,213.0,1010.0,0.0,False,,,None,1.0,1.0,22.51124,6.75,213.0,0.023103944888109764,0.01767872706013257,0.02094227619837609,0.20765488927774767,0.07024721704846328,0.1268378512885702,0.07670135549898786,0.6739617154162285,22.461449436095798,1.2865249311379015,0.08352964690316607,49.41090096656189,2.8325810585776225,16.735337802790383,1.1205132656017995,0.1911921593169893,0.954408061827284,7.890511639600757,5.079855944107236,0.9451477762243575,28.232945822679397,66.67096957920376,6.194581789746898,22.51124,545.0,59.04219298013591,None,1.0,1.0,38.49555661475148,53.254236912288974,51.63283179031327,59.39990113605595,38.57285525921617,53.87967088920964,545.0,59.04219298013591,None,1.0,1.0,,,,,,,,,,,,,,,,,,,,,,,
430518,285023_43835,Nawaf Bu Washl,Saudi Arabia,DF,0,0,0,0,0,0,0.0,0.0,0,0,3,27,4,1,1,0,0,0,0,46,76,0,0,1,0,0,0,,,,9,2,3,4,3,6,0,1,3,85,4.31,105,56,10603.72,,,,,,,Round of 16,0.0,104.0,824.0,0.0,False,,,None,1.0,1.0,10.60372,4.31,104.0,0.02521470586767737,0.019293843761097256,0.022855548569693466,0.22662610132082497,0.07666495589727006,0.13842567269866604,0.08370874012751192,0.31237651803681277,17.954565169354723,0.5577452104398464,0.09116085967544896,36.363995465855986,1.3987322139989549,10.435846131101602,1.6460404991610402,0.42023829220599457,0.40686531055147745,3.9566467278709854,2.158685073761454,0.18518006657476416,20.021762715186572,45.25672201462162,4.2411341286851165,10.60372,751.0,45.51900689040516,None,1.0,1.0,43.57892404076908,47.48585760905154,35.312413972310054,37.55800423766108,31.405824246512033,32.33386986994148,751.0,45.51900689040516,None,1.0,1.0,,,,,,,,,,,,,,,,,,,,,,,
419281,285023_43835,Saud Abdulhamid,Saudi Arabia,DF,0,2,0,0,2,0,0.11,0.0,0,0,11,76,18,4,2,1,0,0,0,113,78,4,25,3,67,1,0,,,,44,25,12,7,12,32,9,15,50,241,5.93,324,150,29778.02,,,,,,,Round of 16,0.0,300.0,1118.0,0.0,False,,,None,1.0,1.0,29.77802,5.93,300.0,0.02130271646567816,0.016300459157948068,0.03897241419289386,0.5489718657786827,0.06477060755353967,0.11694932602210358,0.07072156883342547,0.9789245059596493,27.145421997759428,0.8287187934227057,0.2557705908931787,58.607705806274275,2.611747537018403,17.575655289830376,3.8932051151169422,0.8912987572587222,0.5224944003739733,11.744178962946805,5.935092049806108,1.7652276072454298,33.7182328576486,77.38219518281,7.010599449206917,29.77802,359.0,68.90428265688435,None,1.0,1.0,45.40463632744941,52.633271118537785,55.631464947075656,68.5077235181755,54.67905417014746,66.95515645000768,359.0,68.90428265688435,None,1.0,1.0,,,,,,,,,,,,,,,,,,,,,,,
419302,285023_43835,Abdullah Alhamddan,Saudi Arabia,FW,2,2,0,1,1,0,0.2,0.0,0,0,5,62,5,2,0,0,0,0,0,22,73,1,0,2,50,0,0,,,,39,13,21,5,24,15,0,16,17,52,7.86,170,70,10726.97,,,,,,,Round of 16,0.0,88.0,769.0,0.0,False,,,None,1.0,1.0,10.72697,7.86,88.0,0.025279023898574414,0.019343058772593378,0.06533757751857851,0.6514414693085256,0.5010978008591094,0.3508974143265272,0.08392226557421466,0.5252919759587977,12.909516487138294,0.7712865583175567,0.09139339409484595,29.45683802962091,1.826537406954889,17.88661855682077,1.8623578861633951,0.6334288854779626,0.19578450493106414,6.936400407006722,4.497496556348473,0.1856524265263724,23.04249552102159,59.1598753300532,4.278096096838446,10.72697,516.0,60.175445286695115,None,1.0,1.0,64.45263553107579,57.27644166626584,42.774157743612925,51.120453706543124,42.297231054698656,41.715970633779236,516.0,60.175445286695115,None,1.0,1.0,53.31174950316759,50.669752969301406,50.186630800008714,45.90936964750165,55.57953257013277,62.83942940056908,B,B,C,C,B,B,46.801650477923445,B,50.188394875659384,59.25712640368557,,,None,1.0,39.00137539826954,61.867776816608995,97.0
419291,285023_43835,Feras Albrikan,Saudi Arabia,FW,0,0,0,0,0,0,0.0,0.0,0,0,11,150,11,2,3,1,0,0,0,51,63,0,0,5,0,0,0,,,,51,27,23,1,33,18,2,38,41,108,6.49,328,123,28286.37,,,,,,,Round of 16,0.0,262.0,1060.0,0.0,False,,,None,1.0,1.0,28.286369999999998,6.49,262.0,0.022057025683873206,0.016877643134623622,0.01999330963709462,0.1982453320574839,0.06706407404286953,0.12109039201349014,0.07322575328249403,0.2732570793224777,16.631497443955496,1.22822806176515,0.0797446313186185,36.06696972055611,2.7042270687225045,31.894101940084152,2.735481963416252,0.552693697824405,0.7260779936454909,10.494286321891245,6.515413207798421,0.5321547670256567,29.914934848437113,80.86255639202446,6.982759807819041,28.286369999999998,471.0,62.3860329236929,None,1.0,1.0,37.28910780919356,45.057605412923266,46.4918611815685,74.4956322757818,43.586762650915254,64.60875286917236,471.0,62.3860329236929,None,1.0,1.0,8.158874406366918,8.887792661177095,60.16285139930767,3.66031591634772,79.4082147690282,87.44982757645995,F,F,B,G,A,S,13.668406387833585,F,57.04526046114431,62.461978887099654,,,None,1.0,11.390338656527987,31.012153979238754,264.0
419300,285023_43835,Khalid Alghannam,Saudi Arabia,FW,0,0,0,0,0,0,0.0,0.0,0,0,0,6,0,0,0,0,0,0,0,0,0,0,0,0,0,0,0,,,,0,0,0,0,0,0,0,0,0,0,1.85,10,4,790.29,,,,,,,Round of 16,0.0,8.0,521.0,0.0,False,,,None,1.0,1.0,0.7902899999999999,1.85,8.0,0.013843881861005318,0.010593091788380585,0.012548610161378463,0.12442679243494659,0.04209212663002022,0.07600122997377817,0.045959445854349634,0.17150720038330475,4.514170400677042,0.19005912303914585,0.05005095749748076,10.091237058892968,0.41946401557799107,3.2902255190919503,0.43908085222314025,0.11456232600767154,0.10722002429191567,1.8238613750565749,0.952873828011949,0.10167126192657346,4.952152710048053,13.812046537535474,1.1885721825373816,0.7902899999999999,948.0,0.3431526435227686,None,1.0,1.0,0.3138357456657961,1.1501689123736136,0.27961648937269146,1.4421401836239471,0.2555848381626613,1.0293108405499805,948.0,0.3431526435227686,None,1.0,1.0,0.9694063202679631,1.946647440519107,1.2966183902095638,3.5863060624643186,1.5946746644233936,4.401982399608043,G,G,G,G,G,F,0.6305883998003726,G,38.52459016393443,64.44444444444444,,,None,1.0,0.5254903331669771,8.755730968858131,283.0
339745,285023_43835,Salem Aldawsari,Saudi Arabia,FW,1,3,0,1,2,0,0.08,0.0,0,0,15,120,15,3,4,1,0,0,1,81,72,2,0,4,75,1,100,,,,104,61,33,10,50,54,3,50,64,193,6.36,400,160,29452.07,,,,,,,Round of 16,0.0,276.0,1081.0,0.0,False,,,None,1.0,1.0,29.45207,6.36,276.0,0.021772706705865563,0.016660087317443686,0.034351337076365986,0.7437803426832081,0.24889641560599998,0.30222632474384886,0.07228186031906786,0.635128365818229,21.898018770047987,1.0296991745501942,0.261413518246619,51.13128887388512,3.400156339130981,26.00207702063248,3.4310083526818027,0.7282661872976522,0.8994155287555815,14.561039723499986,12.643119893682652,0.707992006964255,36.28910797318802,92.97439395621407,7.105720464582442,29.45207,237.0,74.5952294838625,None,1.0,1.0,50.491338145239276,53.60802597644929,57.83488553919282,80.64825697008598,55.83952715728859,73.38794081973315,237.0,74.5952294838625,None,1.0,1.0,17.017326155310272,13.59617500853793,80.5410478902132,17.637605464041783,92.55696572912477,91.8593476171632,E,F,A,F,S,S,21.398336195275792,E,70.94328619332265,57.44752648984275,,,None,1.0,17.831946829396493,44.250735294117646,227.0
494800,285023_43835,Sultan Mandash,Saudi Arabia,FW,0,0,0,0,0,0,0.0,0.0,0,0,15,22,5,1,2,0,0,0,0,9,78,0,0,0,0,0,0,,,,22,11,6,5,8,14,1,4,14,29,2.38,107,50,8464.47,,,,,,,Round of 16,0.0,71.0,730.0,0.0,False,,,None,1.0,1.0,8.464469999999999,2.38,71.0,0.025103961779808774,0.019209104357829382,0.022755166003568365,0.22563074959990073,0.0763282400673538,0.13781770110696637,0.08334108769005341,0.3110045467458091,10.081669742392968,0.34464588824020864,0.09076047720392402,24.407901080840357,3.920385092034671,9.33676303520036,1.8494606984096367,0.41839258729862666,0.6157280212730263,6.256415452892309,4.045051162962255,0.3950164285562946,18.669928174663855,45.479251879556706,3.7718745527346194,8.464469999999999,719.0,48.7294019616291,None,1.0,1.0,43.114040940323456,43.09025541789845,32.71351062944986,57.975592742256396,35.0722716321216,31.780035907617112,719.0,48.7294019616291,None,1.0,1.0,36.125546982151356,39.247903464501206,30.887336924837257,46.205409063035255,37.438279506967554,63.404752482710535,C,C,D,C,C,B,34.53086849531302,D,39.782629063993255,43.70551860926379,,,None,1.0,28.775723746094183,51.3659169550173,173.0
396885,285023_43835,Mohammed Alowais,Saudi Arabia,GK,0,0,0,0,0,0,0.0,0.0,0,0,0,0,0,0,1,0,0,0,0,93,57,0,0,4,0,0,0,17.0,86.0,78.0,6,0,0,6,5,1,0,0,2,138,2.51,15,1,12844.17,,,,,,,Round of 16,0.0,306.0,1135.0,0.0,False,,,None,1.0,1.0,12.84417,2.51,306.0,,,,,,,,,,,,,,,,,,,,,,,,,,,,,,,,,,,,,,,,,,,,,,,,,,,,,,,,,,,,,,,
411624,285023_43835,Abdullah Alkhaibari,Saudi Arabia,MF,0,1,0,0,1,0,0.01,0.0,0,0,8,81,7,0,2,0,0,0,0,58,83,0,0,1,0,0,0,,,,46,1,15,30,33,13,0,7,30,133,7.08,345,76,23607.42,,,,,,,Round of 16,0.0,203.0,988.0,0.0,False,,,None,1.0,1.0,23.607419999999998,7.08,203.0,0.02332487716503252,0.01784778050279816,0.023099749605674468,0.40536181262598614,0.0709189585058276,0.12805074265499633,0.07743481487986503,0.2889640652833988,18.957534719267915,0.5159425055824763,0.08432840205819447,43.03315185783082,2.2725040647816783,20.222630729002763,2.1098342939133183,0.19302044099322457,0.5720921896404858,8.944571012934068,1.8011715671860895,0.17130091974643313,22.43556664594759,88.83784683253374,6.468363376481704,23.607419999999998,606.0,55.65189597433383,None,1.0,1.0,37.217184125888814,39.16245651370314,43.85526677376351,61.9384643957531,41.566362694228744,54.420789806459936,606.0,55.65189597433383,None,1.0,1.0,,,,,,,,,,,,,,,,,,,,,,,
523333,285023_43835,Ala Alhajji,Saudi Arabia,MF,0,0,0,0,0,0,0.0,0.0,0,0,1,7,1,0,0,0,0,0,0,17,94,0,0,0,0,0,0,,,,17,3,12,2,11,6,0,7,13,37,5.08,98,33,5355.08,,,,,,,Round of 16,0.0,43.0,658.0,0.0,False,,,None,1.0,1.0,5.35508,5.08,43.0,0.023649477687624598,0.018096159040328134,0.021436767447296643,0.21255805856893367,0.07190590179516629,0.12983276009886216,0.0785124360479845,0.2929854320815031,11.085113397490995,0.32467764712038466,0.0855019577937197,24.581305407266296,0.9150145687026447,5.819131116755506,0.9485259743328819,0.19570660888058572,0.18316376848755403,5.6954836046672535,2.2231275001352953,0.17368482803785837,14.214657397112946,41.0582507756653,2.936295265446449,5.35508,810.0,37.63276664849812,None,1.0,1.0,29.255082128748768,28.587774897344335,36.67579695132344,23.064726280786083,48.36220736670536,23.513533190500993,810.0,37.63276664849812,None,1.0,1.0,,,,,,,,,,,,,,,,,,,,,,,
407993,285023_43835,Mohamed Kanno,Saudi Arabia,MF,2,3,0,2,1,2,0.16,0.0,0,0,10,84,14,5,0,1,0,0,0,104,93,1,0,6,67,3,100,,,,33,4,15,14,29,4,1,27,56,244,5.97,287,88,25496.47,,,,,,,Round of 16,0.0,256.0,1050.0,0.0,False,,,None,1.0,1.0,25.496470000000002,5.97,256.0,0.02218108829369955,0.016972573633640547,0.04988553697846097,0.757731120666308,0.4396884392858775,0.4940186353089067,0.0736376210560066,0.4609176266244628,26.58959306236887,1.4212599675670663,0.6385638973232339,61.582639598067686,2.533313768280422,19.789338361800453,3.309238769466178,1.114173127368139,0.17179118180504954,13.345166460026281,2.2712177185071774,0.3490243634100918,23.568870084279204,73.68631168788046,6.502769080218005,25.496470000000002,175.0,78.12294608154099,None,1.0,1.0,55.077587524508786,56.18472286030944,74.00708908894408,65.23526607607627,82.8429315612161,56.899015966056076,175.0,78.12294608154099,None,1.0,1.0,,,,,,,,,,,,,,,,,,,,,,,
436537,285023_43835,Musab Aljuwayr,Saudi Arabia,MF,0,0,0,0,0,0,0.0,0.0,7,0,5,107,8,1,1,0,0,0,2,79,81,7,43,7,43,0,0,,,,79,20,54,5,43,36,1,28,49,173,7.55,326,85,20967.44,,,,,,,Round of 16,0.0,167.0,930.0,0.0,False,,,None,1.0,1.0,20.96744,7.55,167.0,0.024119265543514515,0.018455632338964544,0.021862600658046412,0.21678044334656768,0.07333428511408664,0.13241183836844403,1.4967810773445307,1.715514497658185,23.853309140136712,1.7478362664634615,0.08720042158039862,52.594236086951696,1.7427389965793663,26.173426247265443,2.384077102800802,0.4019812491353516,0.389189250000937,13.094554326155572,5.707868132854468,0.3795220140138603,25.021150306914915,88.01809397697826,6.154362402887169,20.96744,348.0,69.40744826219888,None,1.0,1.0,45.532379554324265,69.14468632319821,63.11874623795456,59.49502999458185,53.20674396834683,56.376439926356824,348.0,69.40744826219888,None,1.0,1.0,,,,,,,,,,,,,,,,,,,,,,,
403319,285023_43835,Nasser Aldawsari,Saudi Arabia,MF,0,1,0,0,1,0,0.01,0.0,0,0,8,106,19,7,2,1,0,0,0,107,86,1,0,2,50,1,0,,,,90,3,31,56,56,34,0,12,60,240,7.14,499,150,28038.3,,,,,,,Round of 16,0.0,230.0,1023.0,0.0,False,,,None,1.0,1.0,28.0383,7.14,230.0,0.02273279870767314,0.01739473261437337,0.02251338578411406,0.39507211227756156,0.06911875234600214,0.12480030383645657,0.0754692102845829,0.47238203500810994,27.82321534849271,0.693598856764236,0.2729408414877549,62.351373038410216,2.2148188434834517,24.478125434688643,4.345314649817227,1.5233920274054549,0.5575702070073904,14.440113031731954,2.136956707019113,0.1669526188490651,35.981786715620856,115.95875452337742,7.149374291819771,28.0383,224.0,75.01850622452096,None,1.0,1.0,43.9960830090325,49.73670248209369,61.42583186491885,70.63934152250138,72.92011783363694,75.61305912601236,224.0,75.01850622452096,None,1.0,1.0,,,,,,,,,,,,,,,,,,,,,,,
442428,285023_43967,Aaron Hickey,Scotland,DF,0,0,0,0,0,0,0.0,0.0,0,0,1,16,5,2,4,1,0,0,0,42,90,1,0,1,100,0,0,,,,26,2,9,15,1,25,0,2,5,83,2.11,103,30,8361.39,,,,,,,Round of 16,0.0,79.0,751.0,0.0,False,,,None,1.0,1.0,8.36139,2.11,79.0,0.025227011649092974,0.019303259925824177,0.022866702988321566,0.22673670389063325,0.07670237145129079,0.1384932299440084,0.08374959332897262,0.524211174049128,17.116598897464865,0.5580174123319206,0.09120534980825921,35.95837813731632,0.9760504434239754,8.112434997906053,1.8585260363503842,0.6321255890630213,1.0421104885034624,4.38194213681249,2.159738598113562,0.18527044182775163,14.527796834015918,44.855444691064456,3.7685426150786334,8.36139,672.0,52.134279267195396,None,1.0,1.0,44.36446504571648,51.11393327941354,46.16083074523442,37.27780723698337,49.638812180520816,32.45651869548375,672.0,52.134279267195396,None,1.0,1.0,,,,,,,,,,,,,,,,,,,,,,,
401339,285023_43967,Andy Robertson,Scotland,DF,0,0,0,0,0,0,0.0,0.0,0,0,13,47,5,3,1,1,0,0,0,153,81,11,36,7,14,3,33,,,,59,17,27,15,8,51,2,24,42,316,5.92,246,107,25387.97,,,,,,,Round of 16,0.0,255.0,1049.0,0.0,False,,,None,1.0,1.0,25.387970000000003,5.92,255.0,0.02220189078011761,0.01698849132567704,0.020124620756115513,0.19954735842858742,0.06750453431525637,0.12188568379692097,0.07370668194209085,2.324331226424086,35.743138568602554,1.6088910261193565,0.6391627731144142,75.05386031559728,3.0945840299584333,12.914866832653658,1.6356591357319845,0.7426217864258124,0.3582504287175577,10.749508335111013,4.695223503148175,0.5356498280845217,27.130638624345725,66.11719478871125,6.488654340929538,25.387970000000003,392.0,67.05438224990252,None,1.0,1.0,41.15141102635049,60.774011017550066,69.23022611745469,56.63702228380502,53.27316981905446,54.524356089619644,392.0,67.05438224990252,None,1.0,1.0,,,,,,,,,,,,,,,,,,,,,,,
337389,285023_43967,Anthony Ralston,Scotland,DF,1,1,0,1,0,0,0.02,0.0,0,0,2,9,2,2,0,0,0,0,0,5,100,1,100,1,100,1,100,,,,5,1,3,1,0,5,0,3,3,16,4.9,35,13,2807.5,,,,,,,Round of 16,0.0,23.0,592.0,0.0,False,,,None,1.0,1.0,2.8075,4.9,23.0,0.020357499895611857,0.015577196276399355,0.021869229705673853,0.3537919192384755,0.23271836722773134,0.28258187911779276,0.06758360289231466,0.42302390268913936,7.492219313808503,0.45030460092981756,0.2444218691920102,17.572363136613987,0.9584673594576899,5.350758679040387,0.9873140192287998,0.5101078475867243,0.15766760040609507,3.1944626192471284,1.572027570886406,0.14950811664226685,8.819561274613562,24.58122781929777,2.0923847388894004,2.8075,827.0,35.225104304787116,None,1.0,1.0,23.828124571314923,25.835774979917765,33.65816484314322,21.113792522503278,54.7923294774574,18.61993870579012,827.0,35.225104304787116,None,1.0,1.0,,,,,,,,,,,,,,,,,,,,,,,
359634,285023_43967,Grant Hanley,Scotland,DF,0,0,0,0,0,0,0.0,0.0,0,0,2,11,2,1,0,0,0,0,1,101,93,0,0,5,40,3,100,,,,41,0,0,41,12,29,0,1,14,206,3.88,173,45,19774.95,,,,,,,Round of 16,0.0,203.0,989.0,0.0,False,,,None,1.0,1.0,19.77495,3.88,203.0,0.02332487716503252,0.01784778050279816,0.021142537443235347,0.20964059638207366,0.0709189585058276,0.12805074265499633,0.07743481487986503,0.2889640652833988,27.37354701775615,1.2988273705581266,0.671492050789932,57.32080064363644,1.098176767318203,6.522145591928885,1.131228212693755,0.3887416572371371,0.1806497571526607,5.813031553031467,1.6054503509421774,0.17130091974643313,16.3682089423863,55.17379763858079,5.718267686863396,19.77495,644.0,53.481665491018745,None,1.0,1.0,33.9157413512935,43.70793813940215,69.25172173213119,32.64377120774147,52.23416216122915,37.0231632959206,644.0,53.481665491018745,None,1.0,1.0,,,,,,,,,,,,,,,,,,,,,,,
430147,285023_43967,Jack Hendry,Scotland,DF,0,0,0,0,0,0,0.0,0.0,0,0,2,15,4,1,3,0,0,0,0,180,95,0,0,2,0,1,0,,,,48,0,3,45,20,28,0,2,20,352,5.98,349,123,30532.32,,,,,,,Round of 16,0.0,306.0,1137.0,0.0,False,,,None,1.0,1.0,30.53232,5.98,306.0,0.021188708877980068,0.01621322258274588,0.01920623494206865,0.19044102716241193,0.06442396909863574,0.11632343821271646,0.07034308210503504,0.26249979419683805,38.912506256808335,0.6464872382438598,0.25440176133011205,78.02945352980292,0.9976021590437479,6.636011954145359,1.3832195037736914,0.35313942901656975,0.6974945511946571,6.347433749021778,1.458417974228903,0.15561262309577262,28.73727648921926,81.41297293590439,7.107192065175364,30.53232,561.0,58.20856254706719,None,1.0,1.0,30.399448435068365,35.36638127051947,70.8375607048914,35.880501665788955,54.59897962216107,64.56210468665078,561.0,58.20856254706719,None,1.0,1.0,,,,,,,,,,,,,,,,,,,,,,,
401712,285023_43967,Kieran Tierney,Scotland,DF,0,2,0,2,0,0,0.06,0.0,0,0,12,31,6,3,2,0,0,0,0,48,75,7,43,1,100,2,50,,,,47,14,22,11,8,39,1,17,20,113,4.26,119,65,12307.0,,,,,,,Round of 16,0.0,115.0,845.0,0.0,False,,,None,1.0,1.0,12.307,4.26,115.0,0.025091927604362085,0.019199896021151554,0.03537717984011611,0.6466199902319253,0.0762916503274329,0.5588490369923752,0.08330113617642473,1.7846963665544697,18.288236196426592,0.5550293751384319,0.5118143710781258,42.0822914644594,3.2868596600188513,11.227225547107091,2.059122816880072,0.8392894230029098,0.6154328575414834,7.516708498905117,4.674758175469521,0.3948270681259663,21.81920882014294,47.984034741107095,4.579106115958465,12.307,488.0,61.532497816630205,None,1.0,1.0,52.970943510663425,61.18380085945424,45.95989301396406,59.83591390966806,45.643735274313734,41.58387697513056,488.0,61.532497816630205,None,1.0,1.0,,,,,,,,,,,,,,,,,,,,,,,
433694,285023_43967,Nathan Patterson,Scotland,DF,0,0,0,0,0,0,0.0,0.0,0,0,7,37,9,2,0,0,0,0,0,109,86,2,0,3,0,1,100,,,,55,10,19,26,10,45,0,10,21,222,6.3,203,86,21036.01,,,,,,,Round of 16,0.0,204.0,990.0,0.0,False,,,None,1.0,1.0,21.036009999999997,6.3,204.0,0.023302725536887406,0.017830830471545423,0.021122458382403727,0.20944150077688273,0.07085160679434185,0.12792913290696079,0.07736127506173145,0.6797603159448627,28.911833088143748,0.9065231948941039,0.2797836552720375,60.394928536095364,2.074810528551964,11.599870349018463,2.4989012647196414,0.5839078092830102,0.1804781941379174,7.176258297970292,3.5592790539682224,0.17113823531948885,24.369612994403372,60.9874592972572,5.959418845624293,21.036009999999997,570.0,57.62387175957803,None,1.0,1.0,37.17391802711851,45.1623044320602,61.47138399996518,49.42677069349711,49.02170756354045,46.50639370074578,570.0,57.62387175957803,None,1.0,1.0,,,,,,,,,,,,,,,,,,,,,,,
442431,285023_43967,Scott Mckenna,Scotland,DF,0,0,0,0,0,0,0.0,0.0,0,0,3,3,3,0,0,0,0,0,0,52,94,0,0,1,0,1,100,,,,0,0,0,0,0,0,0,1,4,105,1.87,63,17,9598.73,,,,,,,Round of 16,0.0,102.0,817.0,0.0,False,,,None,1.0,1.0,9.59873,1.87,102.0,0.025231195222369957,0.019306461121570532,0.022870495134965217,0.22677430523749517,0.07671509154655805,0.1385161972531727,0.08376348211475045,0.31258079911114195,19.236610549533864,0.5581099522953056,0.30293778360915113,40.62212215742768,1.399646925902302,5.361455328754109,1.4353996316829882,0.20879580175920723,0.1954140747384361,4.170951516610026,1.7366621456498441,0.18530116653189918,11.777881069567115,36.39419104286203,4.031133873672865,9.59873,692.0,50.442478471642595,None,1.0,1.0,44.44885380298915,48.29499678733374,50.40221722229179,33.50535617181366,45.85763111205195,30.22241322796424,692.0,50.442478471642595,None,1.0,1.0,,,,,,,,,,,,,,,,,,,,,,,
485131,285023_43967,Ben Gannon Doak,Scotland,FW,0,4,0,2,2,0,0.14,0.0,0,0,13,71,6,3,1,0,0,0,0,52,90,7,29,1,100,0,0,,,,74,39,24,11,21,53,5,30,44,142,6.19,200,96,20888.71,,,,,,,Round of 16,0.0,204.0,991.0,0.0,False,,,None,1.0,1.0,20.88871,6.19,204.0,0.023302725536887406,0.017830830471545423,0.04849740596412598,0.9915828602546612,0.07085160679434185,0.5189998126458502,0.07736127506173145,1.657437015292086,17.766318715585403,0.5154525151552146,0.08424831540259292,44.752101346539796,3.2480225677686314,18.248071904579582,1.9122952451113073,0.7794431491524548,0.37601353400736204,11.673571114967519,9.229803910182117,1.1488149346667123,26.32496639309782,60.40085327764887,5.930616490061523,20.88871,327.0,70.25270521065382,None,1.0,1.0,51.579378815856316,54.82934782430249,56.86926284484919,64.21541999128297,71.13039224999662,52.183229015533826,327.0,70.25270521065382,None,1.0,1.0,20.6374383041454,26.953288050696322,70.99542071154355,47.98164555623693,58.67012911012765,70.8670171669776,E,E,B,C,B,B,27.14705790813638,D,52.002981181293094,42.701824543864035,,,None,1.0,22.622548256780313,46.655449826989624,213.0
433191,285023_43967,Che Adams,Scotland,FW,1,1,0,1,0,0,0.15,0.0,0,0,6,73,4,4,2,0,0,0,0,19,63,0,0,2,0,0,0,,,,63,34,26,3,56,7,3,9,16,41,6.82,192,75,17234.99,,,,,,,Round of 16,0.0,160.0,916.0,0.0,False,,,None,1.0,1.0,17.234990000000003,6.82,160.0,0.0242693949563284,0.018570508691279627,0.05254569649694454,0.42177653760945455,0.27743750444813314,0.3368827835921764,0.08057046098862061,0.300665378811194,11.782977938950948,0.7404818391493202,0.08774319714980268,26.040235432198543,1.9572333594011306,19.41235210061902,1.584329684347456,1.015423624440001,0.5952584960503187,6.4557180123792,8.59445107365616,0.7891778397175645,23.14042593589029,61.277294216268885,5.432568664672583,17.234990000000003,600.0,55.967146085409844,None,1.0,1.0,56.57954104283552,46.73168751698154,39.02045945948181,54.322774616661626,40.376369342558135,41.92139980729247,600.0,55.967146085409844,None,1.0,1.0,34.66070778790621,31.013546844761507,49.54799786154729,21.052631578947366,54.592004681613695,64.91228070175438,C,D,C,F,B,B,30.96463181629851,D,58.21953781512605,74.71931137724552,,,None,1.0,25.80385984691543,46.747361591695494,212.0
520217,285023_43967,Findlay Curtis,Scotland,FW,0,0,0,0,0,0,0.0,0.0,0,0,1,12,0,1,0,1,0,0,0,2,100,2,0,1,100,0,0,,,,8,5,3,0,2,6,0,2,3,9,5.61,35,16,2919.32,,,,,,,Round of 16,0.0,21.0,582.0,0.0,False,,,None,1.0,1.0,2.9193200000000004,5.61,21.0,0.01980275595237752,0.015152716093114778,0.01794995558776438,0.17798428426833235,0.060209998867350255,0.1087147249855219,0.06574194283785248,0.5776632274820667,6.789555267749931,0.4380337547425498,0.07159457921244178,15.930347069165347,0.7661822572246599,5.703450268207994,0.6280760734045564,0.3300405876662238,0.1533711422546485,3.1074131878826297,2.19385673635975,0.14543400525349318,9.077727640151693,23.91138686044023,2.0539478100144657,2.9193200000000004,843.0,29.47096293325176,None,1.0,1.0,15.183735858377073,20.494870414196296,33.313740944826165,16.26389760599032,49.16039523087735,15.258782139855187,843.0,29.47096293325176,None,1.0,1.0,25.675738717472647,28.471141805487044,12.282314463826523,54.00816222959971,8.379357009619254,9.3975540354646,D,D,F,B,F,F,23.927679118678586,E,28.888681534011383,36.96275071633237,,,None,1.0,19.93973259889882,35.79314446366782,255.0
484045,285023_43967,Lawrence Shankland,Scotland,FW,0,4,0,4,0,2,0.35,0.0,0,0,4,61,9,5,3,0,0,0,1,34,59,0,0,2,0,0,0,,,,97,46,45,6,80,17,1,29,30,83,4.59,258,70,21051.5,,,,,,,Round of 16,0.0,183.0,962.0,0.0,False,,,None,1.0,1.0,21.0515,4.59,183.0,0.023768504910284885,0.01818723655078479,0.09134996644264551,1.0114028097532721,0.07226780237904433,0.9282611569496847,0.07890758715155305,0.29446002034603946,14.531448038053338,0.7251992174287002,0.08593228698333766,33.87943444159043,1.5179510277603154,16.61838050643524,2.5488497852659107,1.1939102851089254,0.7824168409900581,9.114692374887749,10.810397177021661,0.3740027173453977,21.665617712695994,73.17589398688794,6.081626242652743,21.0515,585.0,57.02387745069275,None,1.0,1.0,53.42201820218493,43.43463270406587,42.54701521946345,52.84892254325185,44.22483329541723,47.81896293010966,585.0,57.02387745069275,None,1.0,1.0,31.78701051511956,37.350586271012794,68.25220195315241,14.814658180203422,59.89539519403094,58.01533909962876,D,C,B,F,B,B,32.217439891805114,D,71.82907528826587,71.06661217817737,,,None,1.0,26.84786657650426,48.32339965397924,201.0
430098,285023_43967,Lyndon Dykes,Scotland,FW,0,1,0,1,0,1,0.15,0.0,0,0,3,22,3,2,0,0,0,0,0,11,64,1,0,4,25,0,0,,,,27,11,16,0,24,3,0,13,11,27,4.83,78,34,5899.41,,,,,,,Round of 16,0.0,49.0,672.0,0.0,False,,,None,1.0,1.0,5.89941,4.83,49.0,0.02415584345653791,0.018483621106419698,0.052299846006831345,0.41980313207099035,0.07344549974032376,0.3353065784416432,0.08019348839822303,0.5019525592106335,10.106296358142693,1.1424051407012223,0.08733266480440628,23.08068348976671,1.3399940723594783,8.984135183415166,1.3742230003343296,0.6052848029198561,0.18708554061683003,5.412043378734515,3.8922789766511183,0.17740364384680068,14.721705446884224,37.883482156870215,3.1094975158043954,5.89941,777.0,42.97100121405036,None,1.0,1.0,46.658199230849604,49.853242237122295,31.746565506097873,30.76447165501406,29.750768065383802,26.111170666409016,777.0,42.97100121405036,None,1.0,1.0,58.807229028074524,63.45767085341328,44.10510349966013,60.9333699858324,35.97838411177353,36.32577684813537,B,A,C,B,D,D,52.54861768223024,B,48.409182440596055,73.14229249011858,,,None,1.0,43.79051473519186,65.50121107266436,83.0
442433,285023_43967,Ross Stewart,Scotland,FW,0,0,0,0,0,0,0.0,0.0,0,0,0,5,0,0,0,0,0,0,0,0,0,0,0,0,0,0,0,,,,2,1,1,0,1,1,0,0,0,0,3.1,22,7,1157.14,,,,,,,Round of 16,0.0,7.0,518.0,0.0,False,,,None,1.0,1.0,1.15714,3.1,7.0,0.013083268445958559,0.010011083952575576,0.011859161831439924,0.1175905099191417,0.039779492319493424,0.07182555470736762,0.04343433249265594,0.16208421637503312,4.266151918647564,0.17961685546658085,0.04730104745846555,9.536802229235038,0.3964177370427281,2.99967034559951,0.4149567813993495,0.1082680190426692,0.10132911958347658,1.7236544068823374,1.0103037612584418,0.09608521846546082,5.00941928499323,14.370577311123823,1.1635432699231665,1.15714,950.0,0.0582316728185571,None,1.0,1.0,0.006056190476730347,0.8528802577828725,0.031475536237490116,1.0730393473705433,0.027421238699938996,1.064444565692116,950.0,0.0582316728185571,None,1.0,1.0,4.06049692570373,4.735703714947065,0.2554531753845711,7.257194815081093,3.716030869390293,2.5326474079936685,G,G,G,G,G,G,3.0492251036920717,G,37.48894783377542,58.52842809364548,,,None,1.0,2.541020919743393,5.5094723183391,286.0
411301,285023_43967,Angus Gunn,Scotland,GK,0,0,0,0,0,0,0.0,0.0,0,0,0,0,0,0,0,0,0,0,0,119,76,0,0,0,0,1,100,9.0,75.0,64.0,21,0,0,21,15,6,0,0,3,224,3.43,29,6,17506.02,,,,,,,Round of 16,0.0,306.0,1137.0,0.0,False,,,None,1.0,1.0,17.50602,3.43,306.0,,,,,,,,,,,,,,,,,,,,,,,,,,,,,,,,,,,,,,,,,,,,,,,,,,,,,,,,,,,,,,,
401334,285023_43967,John Mcginn,Scotland,MF,1,3,33,3,0,0,0.56,1.78,4,0,5,89,3,2,11,0,0,0,0,55,85,9,56,7,57,1,0,,,,52,11,39,2,25,27,2,35,41,161,6.15,331,98,28477.11,,,,,,,Round of 16,1.0,277.0,131.0,0.0,False,,,None,1.0,1.0,28.47711,6.15,277.0,0.20428145092696295,0.01664476384945508,0.12193355136882346,0.7430962349678946,0.24866748785884327,0.6670058859418143,0.8023304580638919,1.9122455839616823,17.132129580369813,1.5763383973236318,0.26117307762933323,45.24333914441411,1.5717412720699728,20.31976918585429,1.237507368570227,0.5450675789261767,2.1762896631862123,10.349485186003822,3.5050526100675787,0.5248120461993265,24.938946549925504,80.29439365029145,6.92122657803875,28.47711,262.0,73.53954095910751,None,1.0,1.0,70.59277469933798,62.863130415716505,59.631602380093774,56.6580141891311,57.27277796573864,58.912584690663394,262.0,73.53954095910751,None,1.0,1.0,,,,,,,,,,,,,,,,,,,,,,,
484051,285023_43967,Kenny Mclean,Scotland,MF,0,1,0,0,1,0,0.01,0.0,0,0,4,31,6,1,1,1,0,0,0,63,89,2,50,2,100,0,0,,,,56,2,24,30,42,14,1,4,21,137,7.3,188,56,16438.49,,,,,,,Round of 16,0.0,144.0,892.0,0.0,False,,,None,1.0,1.0,16.43849,7.3,144.0,0.02459825817185912,0.018822148965511633,0.024360840165860282,0.4274918341235726,0.07479065541322347,0.1350414497208136,0.08166223360698169,0.7175521043719809,21.02451965303807,0.7505157620840675,0.08893216415979835,46.208096863679714,1.5709423631828927,11.006336257459227,2.0186107442927756,0.40996433032500096,0.3969182905658369,7.575227800799056,2.105909663780434,0.38705906967914033,19.532271798387175,61.28200905948474,5.3417802628622555,16.43849,550.0,58.91117894137034,None,1.0,1.0,43.163096268623576,56.93712523666362,54.962116255940266,45.29159511164801,52.068708013456785,42.407729183738375,550.0,58.91117894137034,None,1.0,1.0,,,,,,,,,,,,,,,,,,,,,,,
442434,285023_43967,Lewis Ferguson,Scotland,MF,1,2,0,0,2,0,0.09,0.0,8,0,15,87,28,5,10,0,0,0,0,201,92,9,11,3,33,1,100,,,,210,1,73,136,146,64,0,1,44,427,7.16,451,119,36575.01,,,,,,,Round of 16,0.0,306.0,1137.0,0.0,False,,,None,1.0,1.0,36.57501,7.16,306.0,0.021188708877980068,0.01621322258274588,0.035207913573020604,0.5460338856280109,0.24222039833143524,0.11632343821271646,1.4927145159674313,1.8626676572920338,42.64623127069713,0.8242836674766595,0.25440176133011205,91.36418572226289,3.308955739070142,19.437354858906925,5.650333805360879,1.0643251459477678,1.9420695558242538,10.614548050608965,1.6362144034617025,0.15561262309577262,28.026090772288057,99.54820871764994,8.181560770136109,36.57501,118.0,82.89549771425877,None,1.0,1.0,50.06879076009357,57.206979402657524,76.51992644462916,79.95063653230659,75.85011179466584,74.22294328686938,118.0,82.89549771425877,None,1.0,1.0,,,,,,,,,,,,,,,,,,,,,,,
430097,285023_43967,Ryan Christie,Scotland,MF,0,2,0,1,1,0,0.15,0.0,0,0,3,52,8,2,1,1,0,0,0,35,83,1,100,1,100,0,0,,,,32,0,21,11,16,16,0,15,24,90,7.62,208,53,14260.28,,,,,,,Round of 16,0.0,114.0,840.0,0.0,False,,,None,1.0,1.0,14.26028,7.62,114.0,0.02510505776279346,0.01920994298448568,0.054354991054197103,0.6469583549462872,0.0763315723880886,0.34848259532596615,0.08334472617607544,0.5216770019162498,15.559240698153637,0.5553198121165924,0.09076443960394558,37.259158197104554,1.3926497184382325,15.65693697961759,2.481518073955667,0.6290697307914221,0.405096025179715,8.363277368093277,1.727980109413974,0.18437479668707424,19.30271989430705,66.7577840202248,4.992978052621332,14.26028,540.0,59.13671730561577,None,1.0,1.0,54.188384897474016,55.219662077600184,45.58840551214167,48.672364564567445,49.03425236165445,42.385700223986134,540.0,59.13671730561577,None,1.0,1.0,,,,,,,,,,,,,,,,,,,,,,,
433787,285023_43967,Scott Mctominay,Scotland,MF,3,8,0,8,0,3,0.65,0.0,0,0,11,103,6,3,0,0,0,0,0,96,91,0,0,1,100,2,100,,,,117,37,45,35,71,46,0,32,64,226,7.12,483,135,36353.67,,,,,,,Round of 16,0.0,306.0,1137.0,0.0,False,,,None,1.0,1.0,36.35367,7.12,306.0,0.021188708877980068,0.01621322258274588,0.13477391394338833,1.6128124610248082,0.5978132567970343,1.5386948720751126,0.07034308210503504,0.26249979419683805,23.977606201253177,0.4686908090110602,0.4321981905629116,55.62710344647017,2.5977700221389437,22.282097726631715,1.7388123622392904,0.7087322874821689,0.16410526349625856,14.170476635264956,8.036885855842486,0.15561262309577262,30.870833640012847,105.23769445309951,8.142207308489722,36.35367,222.0,75.20583853281414,None,1.0,1.0,53.71641450543451,44.43565677438172,62.85835774050299,60.21505510787648,75.5278620358386,77.90814970607394,222.0,75.20583853281414,None,1.0,1.0,,,,,,,,,,,,,,,,,,,,,,,
370171,285023_43879,Abdoulaye Seck,Senegal,DF,0,2,0,1,1,1,0.05,0.0,0,0,1,3,1,1,1,1,0,0,0,30,87,0,0,1,0,0,0,,,,7,0,0,7,3,4,0,2,7,66,1.38,51,16,6142.53,,,,,,,Round of 16,0.0,66.0,186.0,1.0,False,,,None,1.0,1.0,6.14253,1.38,66.0,0.02497964925941673,0.22872054560767965,0.03312281265362011,0.6437265727370014,0.07595026961061524,0.346741803444681,0.08292839025393407,0.3094644807037052,14.433484059330755,0.5525457963309686,0.09031103963019894,32.04247821941446,0.9664798223179836,5.308003542914554,1.00187608645076,0.4163207455113964,0.40307242950741423,4.75818831553097,1.719348247203821,0.18345378039102003,11.450853258446454,33.516075261353585,3.266502712439244,6.14253,742.0,46.5302480051029,None,1.0,1.0,47.73755652841894,52.805295174661445,37.90825773293874,28.18270154475056,39.618669068498804,26.52254530191896,742.0,46.5302480051029,None,1.0,1.0,,,,,,,,,,,,,,,,,,,,,,,
464865,285023_43879,El Hadji Malick Diouf,Senegal,DF,0,0,0,0,0,0,0.0,0.0,5,0,14,37,5,2,0,0,0,0,0,89,83,9,33,7,71,0,0,,,,53,17,17,19,11,42,1,16,23,194,4.77,268,97,21779.39,,,,,,,Round of 16,0.0,202.0,986.0,0.0,False,,,None,1.0,1.0,21.77939,4.77,202.0,0.023347038527442326,0.017864737982536835,0.021162625327567047,0.2098397794774168,0.07098633981420721,0.1281724058429627,1.0570442585116901,2.052403183650875,25.048668998642434,1.6918757571271075,0.08440852390690685,55.02437601941461,3.450106255332209,11.621928925145134,1.7200245347525018,0.5850181815953279,0.18082139555869295,7.581719181850083,4.937397679711154,0.36737084996258024,26.570933719600948,73.83740076034299,6.116384886678781,21.77939,418.0,65.9166987799303,None,1.0,1.0,42.01513445524554,65.84548657691221,62.62677328882808,55.22684147564636,49.76915762175631,54.19731997671451,418.0,65.9166987799303,None,1.0,1.0,,,,,,,,,,,,,,,,,,,,,,,
430671,285023_43879,Ismail Jakobs,Senegal,DF,0,1,0,1,0,0,0.11,0.0,9,0,13,51,10,2,0,0,0,0,0,117,91,19,21,9,78,0,0,,,,90,40,28,22,25,65,6,36,40,236,5.11,384,141,29465.19,242.0,214.0,80.0,4.617249488830566,5.374155044555664,6.210819721221924,Round of 16,0.0,257.0,1051.0,0.0,True,197.29999999999998,5.12917788028717,C,1.0,1.0,29.46519,5.11,257.0,0.02216032133564426,0.01695668312727435,0.04054136584560965,0.3851230581594597,0.06737814300837586,0.30760679243477695,1.747112556670182,3.807573851384376,28.9820398166968,1.9777772779411997,0.0801180848288677,60.03738853140846,3.0887899225882327,13.634483115670683,2.562343228121458,0.5552820275731557,0.1716303429760626,10.357482982159722,8.963266813917166,1.278444189896342,33.402117772366374,91.65440718818354,7.234661672469711,29.46519,143.0,80.44123140750757,C,1.0,1.0,53.985116566526884,68.35152796127947,78.15413055041151,62.83206628950991,66.03172076149737,72.03980834485955,143.0,80.44123140750757,C,1.0,1.0,,,,,,,,,,,,,,,,,,,,,,,
339820,285023_43879,Kalidou Koulibaly,Senegal,DF,0,0,0,0,0,0,0.0,0.0,0,0,3,21,5,0,0,0,0,0,0,83,88,0,0,1,0,3,100,,,,23,1,1,21,13,10,0,0,18,189,2.65,167,44,16073.86,,,,,,,Round of 16,0.0,181.0,955.0,0.0,False,,,None,1.0,1.0,16.07386,2.65,181.0,0.023812717691190033,0.01822106738313731,0.021584734266722815,0.21402523592891448,0.07240223071288954,0.13072892789171534,0.07905436642419363,0.29500775763174697,24.349400431446373,0.5267334590185662,0.6855363277672635,55.122816523181086,1.320959899842703,8.656703783635425,1.7543320802695752,0.1970574694768924,0.1844280524018078,6.7338702135655994,1.8388431261323164,0.1748836837725454,16.510735806326277,55.128870930756,5.098333127407875,16.07386,753.0,45.35955902638224,None,1.0,1.0,32.32674180454646,35.472373168114466,51.72742186709919,33.82694587586472,41.242511353807565,33.33599004826361,753.0,45.35955902638224,None,1.0,1.0,,,,,,,,,,,,,,,,,,,,,,,
403642,285023_43879,Krepin Diatta,Senegal,DF,0,1,0,0,1,0,0.04,0.0,2,0,7,44,13,4,6,0,0,0,0,283,90,10,40,4,75,1,100,,,,69,19,23,27,13,56,3,36,126,588,5.93,467,164,45457.47,,,,,,,Round of 16,0.0,459.0,1279.0,0.0,False,,,None,1.0,1.0,45.45747,5.93,459.0,0.018718582808319388,0.014323126116487306,0.023249995522654,0.3253092654372138,0.05691358578561887,0.10276274610559145,0.3762814063152527,1.8025919460675504,50.554329984359484,0.8852601344821948,0.22474424767753834,106.00134890962777,1.6666510803122332,10.417414240608593,2.635591616158583,0.7831794420011979,1.0873905153176175,22.25681934801372,4.272717352899475,0.6086798113354641,31.827001732898072,90.45624036256949,8.622937524832537,45.45747,188.0,77.44072307071889,None,1.0,1.0,41.64150565240347,53.773108095849565,78.64208100356849,55.32612111736084,79.37007069877835,78.16004989169048,188.0,77.44072307071889,None,1.0,1.0,,,,,,,,,,,,,,,,,,,,,,,
430690,285023_43879,Moussa Niakhate,Senegal,DF,0,1,0,1,0,1,0.06,0.0,0,0,12,21,4,3,6,0,0,0,0,290,93,2,50,1,100,4,75,,,,58,2,1,55,29,29,0,5,56,585,5.57,386,119,42611.78,,,,,,,Round of 16,0.0,459.0,259.0,1.0,False,,,None,1.0,1.0,42.611779999999996,5.57,459.0,0.018718582808319388,0.1713924974870248,0.026391382950064754,0.3253092654372138,0.05691358578561887,0.25983211747612894,0.06214266357417773,0.5460369751032504,51.65381558395325,0.4140520203705822,0.6959523617891509,105.53014079551615,2.4519979371649208,6.8048186990862325,1.2219672738237455,0.6261100706306605,1.0873905153176175,11.261963352076096,1.6025380396003377,0.1374716972238517,24.75888002122389,77.73362128155595,8.17596678541711,42.611779999999996,346.0,69.54476668976088,None,1.0,1.0,37.97401803695779,51.57351226109008,70.97405785808726,49.5977485961592,72.73420451123663,65.06124023963164,346.0,69.54476668976088,None,1.0,1.0,,,,,,,,,,,,,,,,,,,,,,,
484698,285023_43879,Assane Diao,Senegal,FW,0,0,0,0,0,0,0.0,0.0,0,0,1,3,0,0,0,0,0,0,0,12,100,0,0,3,33,0,0,,,,19,5,10,4,5,14,0,12,8,29,1.72,23,12,1835.5,,,,,,,Round of 16,0.0,16.0,558.0,0.0,False,,,None,1.0,1.0,1.8355,1.72,16.0,0.018100605069858597,0.01385026055952743,0.01640706262789733,0.16268560022302062,0.0550346332285984,0.09937012337946662,0.06009107755985445,0.22424231382092025,7.724795958481573,0.7041501781184505,0.06544064909871954,17.598727321350765,0.7003248680591525,3.8462539982817177,0.5740896361023167,0.14978800308822257,0.14018808703902627,3.5997340166825094,2.0052832272534844,0.1329331886507024,7.689913820776096,20.033471220472265,1.7127854399722489,1.8355,858.0,26.963053388507053,None,1.0,1.0,11.455689421238866,16.146432410513857,39.715134995493514,12.964896429530226,44.87943112707289,12.448286908865354,858.0,26.963053388507053,None,1.0,1.0,17.969005122272087,20.46446324896597,18.758149222391825,36.023767735932836,11.497019128780952,3.602992443514802,E,E,E,D,E,G,17.11026541975397,F,25.789641603743483,33.94469525959367,,,None,1.0,14.258554516461642,28.676081314878893,268.0
418781,285023_43879,Bamba Dieng,Senegal,FW,0,0,0,0,0,0,0.0,0.0,0,0,2,15,0,0,0,0,0,0,0,3,100,0,0,0,0,0,0,,,,5,3,2,0,5,0,0,1,1,5,1.68,28,15,1882.12,,,,,,,Round of 16,0.0,16.0,559.0,0.0,False,,,None,1.0,1.0,1.8821199999999998,1.68,16.0,0.018100605069858597,0.01385026055952743,0.01640706262789733,0.16268560022302062,0.0550346332285984,0.09937012337946662,0.06009107755985445,0.22424231382092025,6.357841194877927,0.24849859025056883,0.06544064909871954,13.953514618407716,0.8522087306817797,5.668860349753245,0.5740896361023167,0.14978800308822257,0.14018808703902627,2.536546978324119,1.7015155020082298,0.1329331886507024,8.145565408643977,20.7928905335854,1.7198662656477157,1.8821199999999998,888.0,22.248377857413747,None,1.0,1.0,9.521184750979272,10.677725770847506,27.687263803247355,12.432461937775306,42.866609556552206,10.717913271146031,888.0,22.248377857413747,None,1.0,1.0,17.969005122272087,20.46446324896597,9.718396741036763,36.023767735932836,4.6486960974360825,13.119264326229107,E,E,F,D,F,E,16.706387977303798,F,24.259198957994137,14.81132075471698,,,None,1.0,13.921989981086499,27.182352941176475,269.0
496358,285023_43879,Ibrahim Mbaye,Senegal,FW,1,4,25,4,0,0,0.29,3.43,0,0,2,41,6,0,2,0,0,0,0,67,94,8,13,9,44,0,0,,,,95,36,38,21,26,69,4,41,58,176,5.55,191,104,18570.21,65.0,295.0,78.0,5.661895751953125,4.976946830749512,6.228814601898193,Round of 16,1.0,203.0,110.0,0.0,True,102.75,5.70088312625885,B,1.1,1.1,18.57021,5.55,203.0,0.21904609340894501,0.01784778050279816,0.07790169015396997,0.9925254613577237,0.2666401747497401,0.9109356076306464,0.07743481487986503,1.854733795234699,20.71902566546313,2.0817122355337765,0.08432840205819447,51.44916415631907,1.098176767318203,12.393782079246261,1.9141130776694055,0.19302044099322457,0.5720921896404858,14.42476506776362,8.651414135723028,0.9541857847220834,27.91576070077714,58.69677953097121,5.482474508805705,18.57021,170.0,78.55889063489614,B,1.1,1.1,79.40894206471833,73.56207593486069,83.95911250379456,58.638125646598695,74.62521431358613,60.483092026655726,170.0,78.55889063489614,B,1.1,1.1,69.00512227208687,60.42196334383184,66.74754404511073,48.23539362669428,59.58450678468233,38.41747225205871,A,B,B,C,B,D,62.49377796370551,A,61.08210037713954,37.8550831339346,91.9,5.763476514816284,BL-B,1.05,54.68205571824233,74.421107266436,65.0
448815,285023_43879,Iliman Ndiaye,Senegal,FW,2,3,33,2,1,0,0.21,4.76,0,0,6,41,8,2,1,0,0,0,0,59,90,2,0,4,50,0,0,,,,67,17,36,14,33,34,3,38,49,137,5.17,188,74,14673.13,,,,,,,Round of 16,1.0,134.0,50.0,2.0,False,,,None,1.0,1.0,14.673129999999999,5.17,134.0,0.23278741322062277,0.4349660313764542,0.06614871719287309,0.8467898065498235,0.49136649965977464,0.552082306263705,0.08229249820697994,0.7230901318060146,20.35478850406315,1.1723068153109948,0.08961853768150377,46.564728398234976,1.9990654235167777,13.17127562216561,2.4501888844192368,0.6211277193934638,0.3999816839679747,13.457673587266926,5.242152563830778,0.8060449842668554,23.427008318222025,61.75498021421525,5.015814170630698,14.673129999999999,159.0,79.08382631661823,None,1.0,1.0,72.34644263270225,72.23246583257826,66.29773832108859,59.201549342513374,70.54290615121165,53.32975805993932,159.0,79.08382631661823,None,1.0,1.0,72.05609307793505,76.16969604978561,79.99917751818532,77.41642172929308,55.670970337588244,55.754046771062995,A,A,A,A,B,B,66.20745351098488,A,45.70849961284174,42.253852487942595,,,None,1.0,55.17287792582073,84.84606401384082,39.0
401889,285023_43879,Ismaila Sarr,Senegal,FW,6,17,24,15,2,2,3.68,1.09,0,0,18,157,11,1,9,0,0,0,2,73,78,2,0,10,50,0,0,,,,127,68,51,8,96,31,7,73,102,213,6.69,556,216,46719.89,18.0,355.0,99.0,6.407315254211426,4.484910011291504,6.097647666931152,Round of 16,4.0,419.0,8.0,1.0,True,88.8,6.041537570953368,B,1.1,1.1,46.71989,6.69,419.0,0.6667405552059767,0.17662291091595067,0.6131396877122223,2.925039719679961,1.0298265286011121,2.533839027532729,0.06403908160199838,0.562700476535023,18.105941353503155,1.883451867067555,0.06974012179339581,48.53770341297768,3.4980020685594995,29.025807451834943,2.3922970379041173,0.3214918089302275,1.606162643730902,19.051330010118807,12.334380075902564,1.2747057289318757,41.21513119826488,107.62248737292254,9.09042383631834,46.71989,32.0,91.10057995736723,B,1.1,1.1,93.20078089813728,77.84161953810056,75.09449031631276,86.58570778957585,69.8237815487204,94.83781011448349,32.0,91.10057995736723,B,1.1,1.1,97.48084979333639,95.93974120593482,78.37356640210167,54.76940644097185,98.59185838118576,91.87819171990127,S,S+,A,B,S+,S,92.26405172385167,S+,66.08885386993151,49.06666666666668,76.0,6.122174453735352,BL-A,1.2,92.26405172385167,102.61751730103806,6.0
418795,285023_43879,Nicolas Jackson,Senegal,FW,3,7,0,6,1,2,0.56,0.0,0,0,10,106,13,2,0,0,0,0,5,45,80,1,0,4,50,0,0,,,,127,73,40,14,96,31,4,38,42,114,6.12,304,154,28133.46,,,,,,,Round of 16,0.0,271.0,220.0,1.0,False,,,None,1.0,1.0,28.13346,6.12,271.0,0.021873405804647077,0.20027892537566727,0.12261026928421412,1.4813874776570735,0.6171311351069819,1.221333050588545,0.07261616501947613,0.45452405924263795,15.3917931825672,1.0344615488518396,0.07908077483218558,36.86797085329798,2.498173189267587,23.552752032651142,3.0797932485540693,0.5480926445591972,0.16940819961250952,10.590465485258724,14.904095933792496,0.8948082656375543,35.35569493861799,75.78439058801611,6.896564496527546,28.13346,248.0,74.08859087075133,None,1.0,1.0,60.22792404510498,64.27531820227877,56.60858515721095,66.2218499654418,55.097172821559106,66.48400980653975,248.0,74.08859087075133,None,1.0,1.0,38.6820179326174,47.975562554547885,67.55067334650919,58.110422701994025,83.90695292783732,74.91849925565795,C,C,B,B,A,A,42.96253797178377,B,50.37059913526869,55.39149282037388,,,None,1.0,35.80211497648647,58.33503460207613,120.0
353790,285023_43879,Sadio Mane,Senegal,FW,3,6,0,4,2,0,0.58,0.0,1,0,14,129,16,4,10,0,0,0,3,129,82,22,27,14,71,2,100,,,,164,85,65,14,84,80,18,86,103,350,6.02,435,204,42224.81,116.0,336.0,8.0,5.1331963539123535,4.7377028465271,7.123040199279785,Round of 16,0.0,421.0,257.0,1.0,True,122.0,5.571333289146423,B,1.1,1.1,42.22481,6.02,421.0,0.019260125580360332,0.17635101219653007,0.11119392938195413,1.1427882447592261,0.5434006605037046,0.7521897789408416,0.2255540050759121,3.7941043821405214,27.128424915834305,2.5270064523602,0.39285977610919603,70.60403347162244,2.846163108232325,24.45594603317969,3.1966817985514977,0.8058374161849222,1.765303574954565,19.18361531631398,15.062821775746421,3.0504919870613785,39.21232127641269,87.90157564820913,8.349964115469952,42.22481,36.0,90.78615333232278,B,1.1,1.1,69.32029296050524,94.25069178440651,81.9160621850983,86.06256478570523,77.2423832479363,88.62893702086158,36.0,90.78615333232278,B,1.1,1.1,31.55375586635442,41.410845065077986,95.2779867580428,86.84739168129242,94.11140777586776,88.14705937776773,D,C,S+,S,S,S,46.23494792210287,B,40.508486613166674,53.50082154025547,105.6,5.690600156784058,BL-B,1.05,40.45557943184001,62.13871107266437,95.0
433806,285023_43879,Edouard Mendy,Senegal,GK,0,0,0,0,0,0,0.0,0.0,0,0,0,0,0,0,0,0,0,0,0,60,82,0,0,0,0,1,100,8.0,34.0,25.0,18,0,0,18,15,3,0,0,2,132,1.72,18,2,9883.83,,,,,,,Round of 16,0.0,172.0,940.0,0.0,False,,,None,1.0,1.0,9.88383,1.72,172.0,,,,,,,,,,,,,,,,,,,,,,,,,,,,,,,,,,,,,,,,,,,,,,,,,,,,,,,,,,,,,,,
448821,285023_43879,Mory Diaw,Senegal,GK,0,0,0,0,0,0,0.0,0.0,0,0,0,0,0,0,2,0,0,0,0,95,67,0,0,2,0,1,100,5.0,53.0,45.0,18,0,0,18,14,4,0,0,1,166,2.0,15,4,12541.47,,,,,,,Round of 16,0.0,287.0,1089.0,0.0,False,,,None,1.0,1.0,12.541469999999999,2.0,287.0,,,,,,,,,,,,,,,,,,,,,,,,,,,,,,,,,,,,,,,,,,,,,,,,,,,,,,,,,,,,,,,
523354,285023_43879,Bara Sapoko Ndiaye,Senegal,MF,1,1,0,0,1,0,0.04,0.0,0,0,2,11,3,0,2,0,0,0,0,10,90,1,100,0,0,0,0,,,,21,3,10,8,15,6,0,3,6,27,1.62,56,15,3984.92,,,,,,,Round of 16,0.0,36.0,634.0,0.0,False,,,None,1.0,1.0,3.9849200000000002,1.62,36.0,0.022841239731012042,0.017477709753689372,0.028370669239012578,0.39695670311474607,0.26111143524083236,0.12539563188361263,0.0758292169207687,0.47463541313114327,9.364630865750591,0.313581554363813,0.08257986671981274,21.824591871276006,1.0754062553841508,6.386909991926785,1.2994353540576313,0.18901819437323322,0.5602299535968305,4.159195558242251,2.1471505144389567,0.16774902377350542,10.278927777574543,31.60521072409536,2.573336322724775,3.9849200000000002,815.0,36.68413078960001,None,1.0,1.0,36.09476640389177,34.68023122898322,29.293031451265627,26.249972946768263,36.55051428353902,21.323216108528282,815.0,36.68413078960001,None,1.0,1.0,,,,,,,,,,,,,,,,,,,,,,,
486130,285023_43879,Habib Diarra,Senegal,MF,1,3,67,2,1,0,0.54,3.68,0,0,12,73,14,2,2,0,0,0,0,54,96,1,0,2,50,0,0,,,,68,36,19,13,52,16,1,15,33,133,4.92,221,92,18234.36,23.0,284.0,95.0,6.319550514221191,5.04205322265625,6.127780914306641,Round of 16,2.0,168.0,37.0,0.0,True,80.15,6.079983520507813,B,1.1,1.1,18.234360000000002,4.92,168.0,0.4285081199747756,0.018439058939764257,0.1310338064954695,0.823201542444142,0.27547368689057333,0.5367034446530748,0.0800001498973899,0.500742401662614,18.776757133489657,0.7352404020203779,0.08712211446142584,44.458795498183406,3.156610792634183,19.27494343280189,3.5951677119253382,0.6038255216401531,0.591045009888253,9.847511134344957,8.938026503401728,0.37918119828194585,26.4141177851816,66.70750060052472,5.596192561370901,18.234360000000002,154.0,79.48073952169615,B,1.1,1.1,80.4367479689709,62.55105298614359,70.21192835846229,81.11386448167288,78.9932818753442,62.020024302676056,154.0,79.48073952169615,B,1.1,1.1,,,,,,,,,,,,,,,,,,,,,,,
332314,285023_43879,Idrissa Gana Gueye,Senegal,MF,1,5,0,0,5,0,0.12,0.0,0,0,24,91,23,2,2,0,0,0,0,270,90,1,0,8,63,5,100,,,,142,6,54,82,103,39,2,11,86,578,5.81,449,140,39822.15,,,,,,,Round of 16,0.0,411.0,1250.0,0.0,False,,,None,1.0,1.0,39.82215,5.81,411.0,0.01940984877653181,0.014852070521313814,0.037138191706423025,0.988802134231173,0.22188521864540572,0.10655771231164832,0.06443755464273718,0.4033319426333084,50.303962855689896,1.5694316509924615,0.8845233110471339,108.2872162782594,4.496986923179433,18.45700594108663,4.361620908999459,0.4863620892619866,0.47606779699589075,16.563956317496952,2.31319819633707,0.4682881410085359,29.093477338812125,90.86507746473511,8.023553689966285,39.82215,126.0,81.64984143606046,None,1.0,1.0,48.58727128353417,53.041878513258155,84.06112546351892,77.83839687347462,71.39314974565572,72.98676645004755,126.0,81.64984143606046,None,1.0,1.0,,,,,,,,,,,,,,,,,,,,,,,
464842,285023_43879,Lamine Camara,Senegal,MF,0,3,0,0,3,0,0.14,0.0,5,0,11,124,20,5,3,1,0,0,0,131,89,8,50,4,50,1,100,,,,141,32,63,46,101,40,2,25,98,307,6.56,453,176,31487.71,,,,,,,Round of 16,0.0,287.0,228.0,1.0,False,,,None,1.0,1.0,31.48771,6.56,287.0,0.021554530369342947,0.19735921410245347,0.0448590791679442,0.7363271917021939,0.06553624415941924,0.11833175376853858,0.9758879073698873,1.7139604051748623,30.721890298687345,1.019380935451185,0.2587939889203378,71.2376530584343,2.642620329403501,26.464983995638793,4.300957829082739,1.0827006408600726,0.7095367430245085,20.564575294784643,7.271311738466419,0.5200314063845688,38.819325227844026,101.62863332003441,7.4026948464171864,31.48771,52.0,88.94141329607629,None,1.0,1.0,55.36753092416398,76.88913603849964,75.40449997974439,77.21797503375393,80.79788501481272,77.8894904330653,52.0,88.94141329607629,None,1.0,1.0,,,,,,,,,,,,,,,,,,,,,,,
431788,285023_43879,Pape Gueye,Senegal,MF,3,8,25,1,7,0,0.37,5.4,0,0,7,51,10,4,2,1,0,0,0,161,86,3,33,13,54,5,100,,,,107,13,51,43,79,28,2,16,99,369,6.87,356,114,29411.07,38.0,256.0,66.0,6.039241313934326,5.199975490570068,6.275955677032471,Round of 16,2.0,257.0,27.0,1.0,True,77.69999999999999,5.972530031204223,B,1.1,1.1,29.41107,6.87,257.0,0.39405896101383286,0.20290600296636863,0.08888818900377417,1.6867682970331195,0.6252261025256586,0.30760679243477695,0.07356867811833318,0.8323847339588676,37.16380988961695,2.7215745572975765,1.0098646840243393,84.768648070008,1.9730940035536668,13.634483115670683,2.562343228121458,0.9271806672513442,0.5435289826542512,21.328492852666287,3.942635178261618,0.5346469105399646,28.381486136710826,86.44782623268891,7.224598095280017,29.41107,61.0,88.07492566025363,B,1.1,1.1,79.83463809575787,86.62207540903457,87.65097217948458,71.98134191764095,81.69246661878708,74.78872125763222,61.0,88.07492566025363,B,1.1,1.1,,,,,,,,,,,,,,,,,,,,,,,
418798,285023_43879,Pape Matar Sarr,Senegal,MF,0,4,0,0,4,0,0.23,0.0,0,0,3,25,3,1,0,0,0,0,0,48,90,1,0,2,50,0,0,,,,36,6,12,18,24,12,1,4,13,106,3.29,157,44,10328.88,,,,,,,Round of 16,0.0,94.0,785.0,0.0,False,,,None,1.0,1.0,10.32888,3.29,94.0,0.025274645358818883,0.01933970839197072,0.07168871758155547,1.075492439592429,0.07684720107074082,0.13875473322493279,0.08390772953130156,0.5252009909662906,18.421409920800226,0.7711529649924326,0.09137756398957596,40.90415860391431,1.4020572298682776,10.036490043437379,1.4378715046682233,0.42123726754701946,0.19575059340656079,6.086871353199471,3.0121442330745256,0.3977021726784836,17.524374896210958,56.392563606297934,4.192927409926556,10.32888,494.0,61.423322480736886,None,1.0,1.0,60.33312686871095,58.87644913815927,53.69697820470469,42.80125910806132,50.928662069785204,39.830412713063836,494.0,61.423322480736886,None,1.0,1.0,,,,,,,,,,,,,,,,,,,,,,,
448825,285023_43879,Pathe Ciss,Senegal,MF,1,2,0,1,1,1,0.2,0.0,0,0,3,11,5,1,0,0,0,0,0,139,92,0,0,0,0,8,75,,,,31,0,5,26,24,7,0,2,17,298,6.06,190,63,21513.7,,,,,,,Round of 16,0.0,232.0,1024.0,0.0,False,,,None,1.0,1.0,21.5137,6.06,232.0,0.022689612945395433,0.0173616876383795,0.058644841297448985,0.5847122442106518,0.25937810167052044,0.3149538742695659,0.07532584054746663,0.2810939903356681,33.86286022320723,0.3114999088981211,1.6051569177540514,73.27558140070195,1.258658051235705,6.344511827750803,1.671590634685671,0.37815409170451353,0.1757296743503703,6.225882814966657,1.5617251404237558,0.16663545701598104,19.349444709645994,56.907753925799476,5.893569674508904,21.5137,658.0,52.76725101932102,None,1.0,1.0,45.82739329391459,34.499363698085226,59.37502417863768,34.75904905825725,51.15338604700869,38.60771843564551,658.0,52.76725101932102,None,1.0,1.0,,,,,,,,,,,,,,,,,,,,,,,
395050,285023_43883,Aubrey Modiba,South Africa,DF,1,5,0,1,4,0,0.12,0.0,2,0,12,67,14,4,6,1,0,0,2,139,83,8,50,9,33,1,100,,,,96,27,48,21,19,77,2,26,54,308,5.96,442,154,37864.78,,,,,,,Round of 16,0.0,381.0,1209.0,0.0,False,,,None,1.0,1.0,37.864779999999996,5.96,381.0,0.0198783598145426,0.015210566821654054,0.03803462593146746,1.0126696418882166,0.22724103956413963,0.27593094923133915,0.39959527186707255,1.5806756657711267,29.667236787442892,1.7741154457315906,0.23866908447776328,65.86471597193685,2.603920273163922,14.89928941238001,2.9656903259506913,0.8317041363052998,1.1547636989269066,11.626136390739125,5.8718582433231,0.4795915862624383,32.130946216603185,91.89075230816854,7.890733017529158,37.864779999999996,209.0,76.13510189708532,None,1.0,1.0,49.519587160132936,58.634677774990905,69.08470301442304,66.61842790785526,60.324676435389726,75.57574057999508,209.0,76.13510189708532,None,1.0,1.0,,,,,,,,,,,,,,,,,,,,,,,
506039,285023_43883,Ime Okon,South Africa,DF,0,1,0,1,0,1,0.01,0.0,0,0,3,22,5,1,1,0,0,0,0,280,92,0,0,2,50,2,50,,,,52,1,2,49,14,38,0,3,46,582,5.9,460,183,39562.72,308.0,93.0,341.0,4.455293655395508,6.0618205070495605,4.824283123016357,Round of 16,0.0,402.0,1222.0,0.0,True,283.99999999999994,4.788520050048828,C,1.0,1.0,39.56272,5.9,402.0,0.019547305049451007,0.014957249612737812,0.019358637943224725,0.3397115856488801,0.05943330401675185,0.27133558741922154,0.06489388720870375,0.24216499373004077,52.300437006986385,0.5964064790027234,0.39871753967669654,109.7101755150198,1.0843451997027038,7.270109667323185,1.440090323825344,0.3257831415650608,0.31541594738903617,10.12032833241629,1.5094634720291848,0.14355794072754707,36.352510981009544,93.31281975067927,8.037822176029133,39.56272,465.0,62.80611003880947,C,1.0,1.0,30.978717057273464,34.31609890224813,73.20637744224379,36.80356322899409,59.583935506788045,79.23762290793888,465.0,62.80611003880947,C,1.0,1.0,,,,,,,,,,,,,,,,,,,,,,,
463218,285023_43883,Khuliso Mudau,South Africa,DF,0,0,0,0,0,0,0.0,0.0,0,0,32,82,16,4,10,0,0,0,1,187,90,5,20,5,20,0,0,,,,62,30,25,7,17,45,6,17,64,394,5.83,399,189,39120.48,,,,,,,Round of 16,0.0,402.0,1222.0,0.0,False,,,None,1.0,1.0,39.12048,5.83,402.0,0.019547305049451007,0.014957249612737812,0.017718405374581317,0.1756883287845394,0.05943330401675185,0.10731233055488082,0.06489388720870375,1.0622812780517443,37.046274118602696,1.0884762495957456,0.07067102594801518,78.87380322452374,5.841019648768584,17.111505079183626,3.2443461493330914,0.8178529121580829,1.7916252591681023,13.072746955974424,6.266137921095066,1.1276974819135912,37.33665052219559,83.30740108195448,7.965284530913448,39.12048,138.0,80.85832820753076,None,1.0,1.0,42.39220026947676,55.469275649497284,76.15288882402761,79.80529894110255,73.52495584251261,76.62532468673058,138.0,80.85832820753076,None,1.0,1.0,,,,,,,,,,,,,,,,,,,,,,,
504199,285023_43883,Mbekezeli Mbokazi,South Africa,DF,1,4,0,0,4,0,0.06,0.0,0,0,9,49,16,3,4,0,0,0,1,213,87,2,0,7,57,3,67,,,,29,5,6,18,13,16,0,4,29,466,5.31,336,138,35585.09,236.0,78.0,277.0,4.6229448318481445,6.160454273223877,5.2310662269592285,Round of 16,0.0,402.0,1222.0,0.0,True,222.54999999999998,5.005601596832276,C,1.0,1.0,35.585089999999994,5.31,402.0,0.019547305049451007,0.014957249612737812,0.027559800786441765,0.8317813562419022,0.22345656088109256,0.10731233055488082,0.06489388720870375,0.5702115074587223,41.31087879707555,1.416522763324427,0.5627407965410373,90.6834777187563,2.0684847408887475,11.698737602660382,3.2443461493330914,0.6538296552937422,0.8074857179820581,7.331932965722499,2.1655564994865477,0.14355794072754707,28.971464422114217,72.97393589950103,7.385398348827825,35.585089999999994,409.0,66.47372904487335,C,1.0,1.0,39.23948142078741,44.91876960847303,72.20038267538268,57.82352949339672,54.001744430511735,64.34285822879937,409.0,66.47372904487335,C,1.0,1.0,,,,,,,,,,,,,,,,,,,,,,,
463221,285023_43883,Nkosinathi Sibisi,South Africa,DF,0,0,0,0,0,0,0.0,0.0,0,0,2,15,6,1,0,1,0,0,0,52,81,0,0,1,100,3,100,,,,16,0,2,14,4,12,0,0,12,108,1.39,101,38,9387.59,,,,,,,Round of 16,0.0,101.0,814.0,0.0,False,,,None,1.0,1.0,9.38759,1.39,101.0,0.025238659606839745,0.019312172735598022,0.022877261131074293,0.22684139403718312,0.0767377869017678,0.13855717581730642,0.08378826266238296,0.3126732728620632,19.242301499002245,0.5582750632709701,0.726587290414235,41.26947961496259,1.1882810538455901,7.904400774114583,2.071164108367607,0.42063751472678745,0.19547188594285192,5.86642499222593,1.737175918930698,0.18535598593849106,16.228744233460702,44.45259571350653,3.987611225200906,9.38759,738.0,46.760019054034075,None,1.0,1.0,44.60995190710398,48.43594361193772,39.8633730864905,34.2831736062344,35.93620569613527,30.867677670078297,738.0,46.760019054034075,None,1.0,1.0,,,,,,,,,,,,,,,,,,,,,,,
430917,285023_43883,Evidence Makgopa,South Africa,FW,3,4,0,4,0,2,0.42,0.0,0,0,15,76,9,1,1,0,0,0,2,29,69,0,0,1,100,0,0,,,,43,32,10,1,35,8,3,30,28,77,6.21,319,106,25410.78,,,,,,,Round of 16,0.0,241.0,1039.0,0.0,False,,,None,1.0,1.0,25.41078,6.21,241.0,0.02249673508498825,0.017214100935476838,0.09967620216914823,0.9572861718107712,0.634717601053709,0.8785931389628769,0.0746855172861958,0.27870449133629166,12.810059924928305,0.4976241368839749,0.08133434992264982,30.934030836729093,3.5132249491224767,18.560771892046073,2.412469720202906,0.3749395127565288,0.36300804597056335,8.249452567776148,7.589159731046874,0.731535533828375,27.302165211000517,80.77561117344993,6.579130498286195,25.41078,470.0,62.388735130769525,None,1.0,1.0,59.75087229241023,41.59673734277779,41.10403396191919,68.30425089048987,40.22406865878224,59.32817860772985,470.0,62.388735130769525,None,1.0,1.0,39.07388574254284,30.785868781542895,45.938754133575884,8.428665073692668,73.48304743791377,73.88207360506529,C,D,C,F,B,A,32.56076459055349,D,69.06474820143885,52.72813914700977,,,None,1.0,27.133970492127908,46.30990484429065,214.0
481242,285023_43883,Iqraam Rayners,South Africa,FW,0,1,0,1,0,1,0.11,0.0,0,0,7,83,2,1,1,0,0,0,2,24,88,2,0,3,33,0,0,,,,75,57,17,1,51,24,5,25,28,62,6.68,193,108,19309.81,,,,,,,Round of 16,0.0,182.0,957.0,0.0,False,,,None,1.0,1.0,19.309810000000002,6.68,182.0,0.023790619806724256,0.018204158475590624,0.04352392759426448,0.41345592948317617,0.07233504240829924,0.3302369193090477,0.07898100502637201,0.693992606604897,12.54867545152785,0.92550326963098,0.08601224083969537,29.718741407406114,2.118251291147535,21.025687457348592,1.1538161651364824,0.39650390889215004,0.38388621174769305,8.72391433299709,13.016377846902309,1.1728679246416245,29.271689655297088,60.26807403279321,5.7395923953899395,19.309810000000002,474.0,62.2601423039955,None,1.0,1.0,49.43083345829215,53.723576453648825,51.3954886916721,53.71149851204067,51.478071987985075,51.07674721578468,474.0,62.2601423039955,None,1.0,1.0,21.68241913061327,24.638561074640464,53.227394450183006,36.097777589816246,66.07658827402071,62.453125294439104,E,E,C,D,B,B,25.189091255651412,E,47.4881329113924,47.33423545331529,,,None,1.0,20.99090937970951,43.73021193771627,232.0
506038,285023_43883,Kamogelo Sebelebele,South Africa,FW,0,0,0,0,0,0,0.0,0.0,0,0,1,4,0,1,0,0,0,0,0,5,80,1,0,0,0,0,0,,,,5,2,3,0,2,3,1,2,2,13,1.94,27,11,1742.93,,,,,,,Round of 16,0.0,13.0,547.0,0.0,False,,,None,1.0,1.0,1.74293,1.94,13.0,0.016790878465552557,0.012848081093074629,0.015219877650415232,0.15091396839484486,0.0510524280470849,0.09217988339793226,0.05574299733503278,0.3489103757582795,6.179587109443682,0.23051768775987333,0.060705483683151554,14.071014475340204,0.6496506443072856,3.7088399339068925,0.5325495623446911,0.279843442474873,0.13004433402672888,2.4939009132103407,1.4375031344464266,0.2642082115150468,6.992591927648631,19.1474612633766,1.5758088837297712,1.74293,923.0,11.97119020333032,None,1.0,1.0,6.599714233792271,11.980188482063747,11.138460116649464,6.81136211784027,19.471277065697237,6.364840354055714,923.0,11.97119020333032,None,1.0,1.0,13.798412002351204,16.024741016203095,10.233367119596116,34.00435600854285,9.823707984345855,11.345657376524017,F,F,F,E,F,F,13.576951433956,F,27.908745247148286,37.15197730093988,,,None,1.0,11.314126194963332,24.097967128027683,273.0
419211,285023_43883,Lyle Foster,South Africa,FW,0,1,0,1,0,1,0.07,0.0,0,0,1,25,1,0,1,0,0,0,0,5,20,0,0,1,0,0,0,,,,20,10,8,2,12,8,0,6,7,15,1.49,66,16,5968.5,,,,,,,Round of 16,0.0,59.0,708.0,0.0,False,,,None,1.0,1.0,5.9685,1.49,59.0,0.024727414229222304,0.01892097687985026,0.03693815175297414,0.42973643044680016,0.07518335257548966,0.34324053613891325,0.08209101080146675,0.30633962567376616,9.100489324264066,0.5469663983108459,0.08939911298257291,21.136933616545953,0.9567206753967038,9.819186112732028,0.9917595214705004,0.2046268610709732,0.3990023568906413,4.710141933415084,3.776887273788946,0.18160133365104963,11.335226882455311,36.28999316720216,3.197409315298354,5.9685,824.0,35.883411477481516,None,1.0,1.0,47.24965941309976,41.50605806890814,23.557421351504704,25.313130745247186,20.62324815407177,21.122176523412662,824.0,35.883411477481516,None,1.0,1.0,49.08517526754308,53.15523849277122,19.82979464564339,46.670613858873786,25.781659911355238,27.553847023573972,B,B,E,C,E,E,42.455552660156485,C,50.815828957239304,75.02597132765428,,,None,1.0,35.37962721679707,53.19868079584774,157.0
419223,285023_43883,Oswin Appollis,South Africa,FW,1,4,0,0,4,0,0.15,0.0,7,0,12,115,9,1,2,0,0,0,0,99,83,7,14,3,33,1,100,,,,209,85,102,22,102,107,2,46,83,231,6.39,405,182,30714.27,,,,,,,Round of 16,0.0,287.0,1090.0,0.0,False,,,None,1.0,1.0,30.71427,6.39,287.0,0.021554530369342947,0.016493142671278608,0.04666773988225594,0.9171932631333687,0.24640231559059408,0.11833175376853858,1.337620050232237,1.5330943337436873,24.934176012889747,0.8385148640200102,0.2587939889203378,57.49183162966503,2.8234864008346756,24.837189352758223,2.3114310433398155,0.35923635513537316,0.5286706715933337,17.85158422331702,16.857213524318684,0.5200314063845688,39.90452165643108,92.94706189133804,7.262805792129457,30.71427,217.0,75.43006797380453,None,1.0,1.0,50.87701070137264,56.72091640396517,63.6730218367182,70.51338227679119,58.3349496122997,75.88828340288966,217.0,75.43006797380453,None,1.0,1.0,17.931684378469654,17.732326490342658,76.98986170210193,44.016831955340336,94.34914597125199,82.51267265909132,E,E,A,C,S,A,24.68411990879515,E,50.03505082369435,42.64705882352941,,,None,1.0,20.570099923995958,46.940960207612456,211.0
486161,285023_43883,Relebohile Mofokeng,South Africa,FW,1,3,0,0,3,0,0.12,0.0,1,0,18,107,13,3,2,0,0,0,0,54,81,2,0,6,50,2,100,,,,56,18,34,4,37,19,3,34,22,130,5.73,341,100,23444.92,,,,,,,Round of 16,0.0,184.0,964.0,0.0,False,,,None,1.0,1.0,23.44492,5.73,184.0,0.02374637464720655,0.018170302867700553,0.04543556336444984,0.811203076915787,0.27145855649332956,0.1303647126381056,0.2780921591275694,0.6927019376844235,18.50307898593473,1.5215561659574055,0.48436835930184624,43.21301806447363,4.306150273474085,25.768777425965922,3.3435087781604045,0.7942825832400446,0.5824303112862619,7.512141584851638,5.221106741156128,0.7721705744592451,27.62318662149239,89.64617912594453,6.5528719720612285,23.44492,252.0,73.94888459799822,None,1.0,1.0,53.55680792529296,59.00182338591961,58.46997099095756,80.9728442571083,54.69357255240026,62.13592747515443,252.0,73.94888459799822,None,1.0,1.0,26.59009694063203,27.408644177133535,65.31303899773334,38.688122475735334,79.71910317837681,93.42340814442119,D,D,B,D,A,S,30.199868792581025,D,43.57357648656514,57.51419833988641,,,None,1.0,25.16655732715086,50.9335856401384,180.0
463234,285023_43883,Thapelo Maseko,South Africa,FW,1,8,13,4,4,0,0.47,2.13,1,0,9,97,23,4,10,0,0,0,0,49,76,2,0,5,40,0,0,,,,84,43,37,4,42,42,3,40,49,152,4.77,299,159,27093.85,53.0,254.0,182.0,5.801723957061768,5.211858749389648,5.70704984664917,Round of 16,1.0,255.0,123.0,0.0,True,115.4,5.6895756483078,B,1.1,1.1,27.09385,4.77,255.0,0.20850002369862672,0.01698849132567704,0.1076847432278148,1.6899324217766605,0.2538026672337655,0.8670782154709574,0.26000481486059995,0.6476480301575036,16.368132745077602,1.2362947602823384,0.08026837435888674,44.50096651696178,2.3493914982843966,22.229773478579116,4.989025528265149,0.9289199193443216,2.034933624984139,12.053595265540578,9.538974959029412,0.7219479610030307,36.8181415361082,75.99099583339222,6.806456599912565,27.09385,169.0,78.64246369647276,B,1.1,1.1,79.52032989670629,64.28755867544368,65.24827867196052,82.48342904945225,65.07269778704237,73.5713621584748,169.0,78.64246369647276,B,1.1,1.1,70.2926879332705,62.774636663757455,76.1577036307734,43.73559451058341,85.16879411872281,84.11442139182542,A,A,A,C,A,A,66.43542788786993,A,67.17755928282244,58.10421576328881,111.80000000000001,5.714335203170776,BL-B,1.05,58.130999401886186,80.14839965397924,53.0
504193,285023_43883,Tshepang Moremi,South Africa,FW,0,0,0,0,0,0,0.0,0.0,0,0,1,18,1,1,1,0,0,0,0,9,67,0,0,0,0,0,0,,,,14,8,4,2,4,10,2,4,5,20,3.72,67,41,5585.39,,,,,,,Round of 16,0.0,44.0,181.0,1.0,False,,,None,1.0,1.0,5.58539,3.72,44.0,0.023744362098818358,0.21740991628618453,0.021522774211758872,0.21341086582743626,0.07219439650288495,0.13035366399189346,0.07882743692725121,0.2941609231675472,9.535658914068938,0.3259802910003767,0.08584500143418944,21.292828810380843,0.9186857118767914,8.034130824033701,0.9523315691018376,0.3957329595789297,0.3831397958746981,4.124405309666812,3.2282527090287374,0.5728639782157017,15.865617456551982,35.04650542201874,2.9939632481499467,5.58539,833.0,33.33381719945349,None,1.0,1.0,32.502278682131156,47.8747664399033,21.410630952431355,22.68802261886577,21.74778332882073,21.1767717808377,833.0,33.33381719945349,None,1.0,1.0,49.75694865598672,56.36170454976664,36.32413524503911,65.06734896703391,36.426429172305326,35.92336103416435,B,B,D,A,C,D,46.48843010591585,B,41.02894927828401,66.7883791077949,,,None,1.0,38.74035842159655,58.917733564013844,114.0
395986,285023_43883,Ronwen Williams,South Africa,GK,0,0,0,0,0,0,0.0,0.0,0,0,0,0,0,0,0,0,0,0,0,237,76,0,0,7,29,3,67,14.0,72.0,59.0,60,0,0,60,42,18,0,0,8,443,3.09,36,7,20708.63,,,,,,,Round of 16,0.0,402.0,1222.0,0.0,False,,,None,1.0,1.0,20.70863,3.09,402.0,,,,,,,,,,,,,,,,,,,,,,,,,,,,,,,,,,,,,,,,,,,,,,,,,,,,,,,,,,,,,,,
463236,285023_43883,Jayden Adams,South Africa,MF,0,0,0,0,0,0,0.0,0.0,0,0,2,43,2,0,0,0,0,0,0,44,91,0,0,2,50,2,100,,,,40,10,19,11,31,9,0,11,20,92,5.27,181,57,14495.71,,,,,,,Round of 16,0.0,130.0,871.0,0.0,False,,,None,1.0,1.0,14.495709999999999,5.27,130.0,0.02485924657372988,0.019021852641437034,0.022533347025880092,0.22343128499465725,0.0755841869508953,0.13647424434808791,0.08252867283586439,0.30797285228993293,17.2842617572394,0.7584787612507818,0.5070682432703072,37.311535052207795,1.17041761236931,13.626268914040379,1.2056432654090081,0.2057178137518376,0.19253335504269337,7.447004986761114,3.7970234635105555,0.1825695274686073,19.948106155879753,60.47203960480667,4.9932001150613425,14.495709999999999,651.0,53.13406959852311,None,1.0,1.0,39.22240798174704,46.401899652196015,52.62701334131149,38.800301408820594,50.15066469307056,39.032052333975784,651.0,53.13406959852311,None,1.0,1.0,,,,,,,,,,,,,,,,,,,,,,,
390475,285023_43883,Sphephelo Sithole,South Africa,MF,0,0,0,0,0,0,0.0,0.0,0,0,7,72,13,5,1,0,1,0,0,129,84,0,0,1,0,5,80,,,,115,3,48,64,85,30,0,11,47,288,6.6,463,119,28152.2,,,,,,,Round of 16,0.0,252.0,1045.0,0.0,False,,,None,1.0,1.0,28.1522,6.6,252.0,0.022264509460666316,0.017036406024558436,0.02018138066052057,0.2001101660027499,0.06769492552615547,0.12222945274762559,0.07391456582083554,0.2758275261118985,31.360183539377967,0.4924873436813622,1.0146126254625913,70.03448378587086,1.982370627371926,17.621881497630984,3.1348609600047004,1.1183634367550082,0.359260845775027,11.71394433540025,2.092936001074166,0.1635134419499947,29.449041314337293,106.84438826321905,7.0233784010483715,28.1522,415.0,66.02896924186037,None,1.0,1.0,38.03613390129532,41.558377359248325,58.06682249932263,58.518186416084795,64.11030519616092,69.54879539820735,415.0,66.02896924186037,None,1.0,1.0,,,,,,,,,,,,,,,,,,,,,,,
403616,285023_43883,Teboho Mokoena,South Africa,MF,2,4,25,1,3,0,0.84,1.19,0,0,13,95,22,3,6,2,0,0,0,196,90,3,0,6,50,4,100,,,,144,13,50,81,89,55,1,12,87,428,6.15,423,121,30982.52,117.0,62.0,191.0,5.132003784179688,6.284855842590332,5.66510534286499,Round of 16,1.0,301.0,138.0,0.0,True,127.25,5.43820698261261,B,1.1,1.1,30.98252,6.15,301.0,0.19987643922279377,0.016285845410031047,0.16931023393750977,0.9056653417861923,0.4218981814634604,0.29543729932715584,0.07065816527103418,0.7994540557946354,41.94428963887862,1.3637542908274995,0.7913197499390431,91.9520201636923,2.9665916857537935,20.953161900159788,4.604086049060587,0.7119068656539393,1.236397256351172,18.341584410645822,3.7866572453689544,0.3349024696858554,28.508811849579935,94.99350950463335,7.219429333738118,30.98252,59.0,88.09433191347428,B,1.1,1.1,77.38636602160231,67.60315524168686,90.45266900238745,85.95445162813368,85.04112086085436,76.43475321927363,59.0,88.09433191347428,B,1.1,1.1,,,,,,,,,,,,,,,,,,,,,,,
494248,285023_43883,Thalente Mbatha,South Africa,MF,1,4,0,0,4,0,0.11,0.0,0,0,12,99,14,4,0,1,0,0,0,97,85,4,0,4,50,1,100,,,,86,15,38,33,65,21,1,12,38,222,6.41,446,145,31917.63,225.0,85.0,282.0,4.646296977996826,6.098241329193115,5.220149517059326,Round of 16,0.0,293.0,1101.0,0.0,True,218.25,5.007551765441894,C,1.0,1.0,31.917630000000003,6.41,293.0,0.02143749336254147,0.01640358803854388,0.039218982796323035,0.9122130778852465,0.24506439780757935,0.11768923481621958,0.07116900630479354,0.9851179136121083,24.439020166004806,1.013845890547336,0.25738878670426313,55.56070587426441,2.8081554058449467,21.824184082895588,3.198300426748981,0.896937778971047,0.16603208422081717,9.659873375514954,4.173801845362831,0.3373237315905007,33.032139570187795,99.81762111884424,7.439835349711712,31.917630000000003,282.0,72.84916386250069,C,1.0,1.0,47.92783775556915,52.246505836582394,61.115465893567944,67.82463683951654,59.246178948725195,74.88534747867575,282.0,72.84916386250069,C,1.0,1.0,,,,,,,,,,,,,,,,,,,,,,,
395984,285023_43883,Themba Zwane,South Africa,MF,0,0,0,0,0,0,0.0,0.0,0,0,2,12,0,1,0,0,1,0,0,7,71,0,0,0,0,0,0,,,,6,0,5,1,5,1,0,0,5,14,5.29,35,10,2021.04,,,,,,,Round of 16,0.0,19.0,569.0,0.0,False,,,None,1.0,1.0,2.02104,5.29,19.0,0.019181796058587344,0.014677568644020275,0.017387094411162426,0.17240318724722226,0.058321979109308066,0.10530573058884385,0.06368045655077578,0.23763682566509015,7.381434696080484,0.26334198556546423,0.06934957036566192,16.23559643853769,0.903113128439368,5.524605773971889,0.6083813373399725,0.31969142370356535,0.14856184558735863,3.331885741285956,1.3202822461216328,0.1408735953452528,7.827337678303954,23.161591615730764,1.8449578943881373,2.02104,930.0,9.323709817233475,None,1.0,1.0,5.548761489270399,6.506559444454367,7.614002517541878,9.438374863288047,13.77677501971376,6.21691060611144,930.0,9.323709817233475,None,1.0,1.0,,,,,,,,,,,,,,,,,,,,,,,
335999,285023_43969,Aymeric Laporte,Spain,DF,1,4,0,2,2,2,0.15,0.0,0,0,16,19,2,2,2,0,0,0,0,388,94,0,0,7,57,7,100,,,,77,4,3,70,35,42,0,3,44,799,5.9,348,104,39650.58,239.0,7.0,176.0,4.621682167053223,7.354978084564209,5.728387355804443,Round of 16,0.0,403.0,251.0,1.0,True,188.45000000000002,5.308352851867676,C,1.0,1.0,39.650580000000005,5.9,403.0,0.01953190352603387,0.1788394858885757,0.04228854804717567,0.8311259871256128,0.22328049715023982,0.43501582055634624,0.06484275664513267,0.24197418943183657,69.95978324751707,1.4154066704177548,1.2178734922475822,145.18873634593714,3.2141131091407376,6.772699409132118,0.9472735980528942,0.4894204749122624,0.47906144915554,9.784566378766035,1.9999562139203764,0.14344482994423255,23.3762407838458,74.88316723713001,8.045888821676446,39.650580000000005,251.0,73.98464972385739,C,1.0,1.0,46.76990883276348,55.471661746433654,86.11771839769484,52.576126451683706,67.28322589845955,61.89009852396514,251.0,73.98464972385739,C,1.0,1.0,,,,,,,,,,,,,,,,,,,,,,,
430735,285023_43969,Marc Cucurella,Spain,DF,2,3,0,3,0,1,0.26,0.0,0,0,9,50,11,5,2,0,0,0,1,246,92,9,22,7,57,0,0,,,,212,86,65,61,52,160,11,69,103,510,6.33,451,174,42922.07,195.0,29.0,161.0,4.748912334442139,6.654880523681641,5.784273624420166,Round of 16,0.0,407.0,177.0,2.0,True,161.6,5.293647885322571,C,1.0,1.0,42.92207,6.33,407.0,0.019470620075241866,0.3416581438466125,0.0601276396449876,0.6651384537282421,0.38595971664938955,0.5970306976755743,0.0646393055129487,1.71163304429861,46.540347266375875,1.41096567955777,0.07039378027202828,97.51643286526155,2.060369980383104,11.816222704609734,2.4147195000682347,0.9780242237794567,0.4775583422665192,19.393273628206128,15.390823596528612,1.9401724034975623,34.73948033824654,91.4763312042361,8.555139315445055,42.92207,22.0,92.41234223810633,C,1.0,1.0,61.10888069508385,80.41260191237285,88.75415553776989,65.56403111738021,85.14082022608397,79.87203819023232,22.0,92.41234223810633,C,1.0,1.0,,,,,,,,,,,,,,,,,,,,,,,
382739,285023_43969,Marcos Llorente,Spain,DF,0,0,0,0,0,0,0.0,0.0,0,0,12,37,10,2,1,0,0,0,0,144,93,6,33,5,80,0,0,,,,53,19,14,20,12,41,3,22,33,309,3.03,196,83,20573.67,,,,,,,Round of 16,0.0,203.0,206.0,1.0,False,,,None,1.0,1.0,20.57367,3.03,203.0,0.02332487716503252,0.21356899674671068,0.021142537443235347,0.20964059638207366,0.0709189585058276,0.12805074265499633,0.07743481487986503,1.4632913627468738,35.789559316244386,1.2988273705581266,0.08432840205819447,77.48008591675942,3.0553889297573282,11.61089721427061,2.696997942645056,0.5844628734810496,0.37637097339657327,9.531734661665807,5.324153459576515,0.7584645684781707,23.805615159654977,59.67538561219078,5.8745941367017345,20.57367,189.0,77.40830461606356,None,1.0,1.0,47.84690842046104,77.99040463028945,80.54874202537572,60.256603008191725,67.4080723704565,53.27850026467732,189.0,77.40830461606356,None,1.0,1.0,,,,,,,,,,,,,,,,,,,,,,,
474973,285023_43969,Pau Cubarsi,Spain,DF,0,2,0,1,1,1,0.25,0.0,0,0,5,13,6,2,1,0,0,0,0,366,98,1,0,3,100,1,100,,,,88,0,0,88,52,36,0,3,51,781,6.2,412,127,42045.14,324.0,6.0,232.0,4.377198219299316,7.432014465332031,5.48000431060791,Round of 16,0.0,407.0,1239.0,0.0,True,253.3,5.111122179031372,C,1.0,1.0,42.045139999999996,6.2,407.0,0.019470620075241866,0.014898571636521103,0.05849384178393714,0.5017586676231964,0.059200144439298136,0.2702711254654828,0.0646393055129487,0.40459475545824447,66.14592159898136,0.7574465351375873,0.23377356637707394,141.79235489972893,1.4068508359629213,5.771170618723045,1.597820569543006,0.4878848654643197,0.3141785561614736,10.89752475074375,1.3401619914946836,0.1429947563420597,27.060630391309385,85.1045195461393,8.411866679615958,42.045139999999996,347.0,69.48562841699511,C,1.0,1.0,39.755352723502725,40.31501956594564,80.85021802121389,42.00481655904405,73.41588669337108,71.20480587772333,347.0,69.48562841699511,C,1.0,1.0,,,,,,,,,,,,,,,,,,,,,,,
430144,285023_43969,Pedro Porro,Spain,DF,2,3,33,2,1,1,0.41,2.41,0,0,10,19,6,2,2,0,0,0,0,136,90,10,40,6,33,5,100,,,,90,24,43,23,21,69,4,33,65,311,3.05,221,105,20679.47,,,,,,,Round of 16,1.0,203.0,109.0,0.0,False,,,None,1.0,1.0,20.679470000000002,3.05,203.0,0.21904609340894501,0.01784778050279816,0.10138823610323948,0.7968042451138111,0.4623613909936526,0.5194931751428213,0.07743481487986503,2.246176227722524,34.223789586293094,1.4945485868020392,1.0629344832777572,77.87152834924726,2.663946497269503,8.087915321880185,1.9141130776694055,0.5844628734810496,0.5720921896404858,15.794813581471008,6.302759540796078,0.9541857847220834,28.111481917021052,64.56841601828859,5.89530144138034,20.679470000000002,114.0,83.14489676443291,None,1.0,1.0,74.23359185233306,66.32747926590666,80.49016647538221,60.591409022360395,73.06705837290778,59.58401758253687,114.0,83.14489676443291,None,1.0,1.0,,,,,,,,,,,,,,,,,,,,,,,
430750,285023_43969,Dani Olmo,Spain,FW,0,6,0,3,3,0,0.35,0.0,0,0,9,80,7,3,3,0,0,0,0,91,90,0,0,3,33,1,100,,,,92,31,40,21,68,24,1,34,48,214,6.59,282,107,20592.27,120.0,108.0,75.0,5.088950157165527,5.940364837646484,6.239181518554688,Round of 16,0.0,191.0,203.0,1.0,True,106.95,5.504220199584961,B,1.1,1.1,20.59227,6.59,191.0,0.023591161865578924,0.21600717277406187,0.09066838040078572,1.3997677402314916,0.07172859336457398,0.7233795212045411,0.07831883696265067,0.29226297695818426,25.706496345474044,0.917743951959412,0.283246759629801,59.5588394126566,2.496403377106812,20.25554349718427,2.133920877057237,0.7890909356317407,0.7765790238730733,12.609886713492104,7.760403430920131,0.37121218504760745,28.828323391116015,77.38084472601311,5.9453424685988825,20.59227,193.0,77.08838270417895,B,1.1,1.1,62.162065838394945,66.91935182507774,76.39386416324501,73.19672097969057,79.61224929672227,64.96344375409952,193.0,77.08838270417895,B,1.1,1.1,29.575756444825934,51.011270064129334,75.4077937409134,57.87782030407477,74.58030064737939,76.95366235136714,D,B,A,B,A,A,44.259835537793336,B,42.05919132972071,45.26830403911069,105.3,5.519161033630372,BL-B,1.05,38.72735609556917,58.45302768166089,118.0
405545,285023_43969,Ferran Torres,Spain,FW,2,9,0,8,1,3,2.06,0.0,0,0,4,56,8,3,1,0,0,0,1,46,80,4,0,7,57,0,0,,,,124,63,40,21,99,25,7,51,31,143,6.25,185,94,18745.8,,,,,,,Round of 16,0.0,184.0,965.0,0.0,False,,,None,1.0,1.0,18.7458,6.25,184.0,0.02374637464720655,0.018170302867700553,0.4319961626436909,2.006751322109316,0.4707165973589178,1.7244290395628112,0.07883411826198124,1.0912180194156,16.909014659010023,1.7208142068229937,0.08585227757066982,45.80337259572628,1.51653770135585,15.606617341820922,2.347218573832463,0.7942825832400446,0.38317227042067376,9.305463952641931,14.1877185801076,1.569202737921598,26.427638376298866,58.56192475091275,5.616534527068925,18.7458,350.0,69.23687327072678,None,1.0,1.0,68.99560206711385,62.1220528744384,56.76782510887017,52.76525592419268,53.34181300322347,50.734951602365896,350.0,69.23687327072678,None,1.0,1.0,53.05050429655063,49.87287974803628,79.61454631661196,35.53741726755619,56.841373761018254,50.0819718469105,B,B,A,D,B,C,46.72180117425512,B,64.62573301138323,61.51801718276778,,,None,1.0,38.93483431187927,59.67528114186851,108.0
484320,285023_43969,Lamine Yamal,Spain,FW,6,14,7,8,6,0,1.55,0.64,9,0,10,26,5,2,1,0,0,0,3,105,89,22,23,15,67,1,100,,,,122,49,61,12,31,91,13,91,98,308,5.64,191,95,22542.08,24.0,243.0,6.0,6.258255958557129,5.2694172859191895,7.245034694671631,Round of 16,1.0,247.0,120.0,0.0,True,52.349999999999994,6.356624841690063,B,1.1,1.1,22.542080000000002,5.64,247.0,0.2100746696574944,0.017116792794131076,0.3112195190137985,2.8289258541513016,1.194244972799412,1.6244470316919064,1.7636092740594294,4.406641324563992,27.003234955922213,3.122682621913437,0.268579686297752,74.11904559210515,2.554839813346231,9.070596044295632,1.6480120554222395,0.5605251532351115,0.3609560283613165,21.342177245159757,10.737246385204815,2.60445134293684,25.083074951577412,56.29274815190115,6.003470252412616,22.542080000000002,86.0,85.48905443103733,B,1.1,1.1,90.29963418317801,78.86603445162748,89.30114892416636,65.91127318035713,80.18530967310005,63.64197139005956,86.0,85.48905443103733,B,1.1,1.1,86.80711706584312,72.56479338215763,91.6832574150364,56.47163308029012,52.83639954646867,44.155501535794365,A,A,S,B,C,C,76.68499911285048,A,59.17908682280577,46.92834508841869,40.5,6.4554057121276855,BL-A,1.2,76.68499911285048,85.84282006920414,37.0
430751,285023_43969,Mikel Oyarzabal,Spain,FW,8,17,24,13,4,5,2.78,1.44,0,0,28,105,8,2,2,0,0,0,0,64,77,8,13,3,33,2,50,,,,146,89,52,5,118,28,11,71,75,200,5.78,349,157,31944.17,11.0,158.0,300.0,6.641492366790772,5.6382927894592285,5.141247272491455,Round of 16,4.0,333.0,6.0,1.0,True,105.3,6.1159511566162115,B,1.1,1.1,31.94417,5.78,333.0,0.7152360442815867,0.18946960875058408,0.5014642941065302,3.1377929872948913,1.4520027259211943,2.370866657994243,0.06869697522792667,1.645443354947149,17.860157971592795,0.8049945067928072,0.42208426901626844,49.81083630898468,5.488787788552471,22.107943280332677,2.0453937936521758,0.5185113647325411,0.5075366040558845,15.748865347801248,16.877875002632507,2.061964844505937,33.96840903199497,79.50781821954548,7.186023509040353,31.94417,83.0,85.68247204849612,B,1.1,1.1,94.03112655477483,77.70876159042857,69.222456179845,82.34484670749006,68.30265919495314,76.45240855525066,83.0,85.68247204849612,B,1.1,1.1,98.46984950410061,97.15402420976739,85.94523722552697,72.3097418113383,84.41900442558796,84.00135677539714,S+,S+,S,A,A,A,94.1287793267585,S+,66.28737300435414,51.14234330247118,112.39999999999999,6.091098880767822,BL-B,1.05,82.3626819109137,104.19515570934254,3.0
447855,285023_43969,Nico Williams,Spain,FW,0,0,0,0,0,0,0.0,0.0,1,0,3,20,0,0,1,0,0,0,0,17,76,2,0,3,67,0,0,,,,44,30,10,4,16,28,1,13,14,47,4.96,73,48,6784.28,,,,,,,Round of 16,0.0,66.0,719.0,0.0,False,,,None,1.0,1.0,6.78428,4.96,66.0,0.02497964925941673,0.01911398263169944,0.0226424845048211,0.22451344678504107,0.07595026961061524,0.13713524046870074,0.29253495322991424,0.7286776066556657,11.70859874064301,0.971758922282929,0.09031103963019894,28.059953522870842,1.385692948269944,8.871315113506215,0.7922695234747799,0.20671418253541618,0.40307242950741423,6.22543425636283,8.007545136483229,0.3930603433670002,18.15826327367782,38.127419646825146,3.4010177242290798,6.78428,752.0,45.46416220442925,None,1.0,1.0,41.155548274584646,58.38574537842687,35.880357971563946,32.25034792193856,30.873464060413188,29.108642110257403,752.0,45.46416220442925,None,1.0,1.0,37.860961568964065,40.917542594771,37.14545590892707,59.88665919519571,31.202223766504524,29.287504475474396,C,C,D,B,D,D,35.90614845859243,C,43.871378541865646,57.1375011716187,,,None,1.0,29.921790382160363,51.575367647058826,171.0
423658,285023_43969,Yeremy Pino,Spain,FW,0,0,0,0,0,0,0.0,0.0,0,0,3,28,7,2,0,0,0,0,1,29,86,1,0,0,0,0,0,,,,45,24,17,4,22,23,1,26,17,67,3.15,114,45,8846.84,,,,,,,Round of 16,0.0,83.0,759.0,0.0,False,,,None,1.0,1.0,8.84684,3.15,83.0,0.025259916451610614,0.01932843809455225,0.022896529126927533,0.22703244745982012,0.07680241803708328,0.1386738733132955,0.08385883194461823,0.524894927852375,14.38346685514092,0.34678695015146394,0.09132431332505377,32.613947399054375,1.4012401750472807,10.666516169377118,2.284866823259817,0.6329501008190626,0.19563651891470082,6.931157447332792,6.825638492698089,0.3974704100438454,17.72612080320069,47.24549322313585,3.8763532682658535,8.84684,650.0,53.17674883368619,None,1.0,1.0,48.20013822737724,50.35960675514405,41.95317322344799,41.123527242532504,49.29077751928551,34.8850653112211,650.0,53.17674883368619,None,1.0,1.0,31.34849177544109,34.390771449170884,57.88651202395842,52.242498572667095,36.011850334662235,41.03680253264741,D,D,B,B,D,C,32.013843613537446,D,40.191671613942844,44.613281878115444,,,None,1.0,26.678203011281205,50.508974913494804,183.0
430753,285023_43969,Unai Simon,Spain,GK,0,0,0,0,0,0,0.0,0.0,0,0,0,0,0,0,1,0,0,0,0,146,92,0,0,1,0,1,100,6.0,52.0,39.0,64,0,0,64,44,20,0,0,2,287,3.35,83,26,22710.51,,,,,,,Round of 16,0.0,407.0,1240.0,0.0,False,,,None,1.0,1.0,22.71051,3.35,407.0,,,,,,,,,,,,,,,,,,,,,,,,,,,,,,,,,,,,,,,,,,,,,,,,,,,,,,,,,,,,,,,
447860,285023_43969,Alex Baena,Spain,MF,2,5,20,2,3,0,0.18,5.71,14,0,6,52,8,5,3,1,0,0,0,104,85,23,30,13,69,0,0,,,,138,54,59,25,72,66,5,72,47,265,4.83,271,100,22928.51,43.0,140.0,22.0,5.919644355773926,5.7552361488342285,6.866219520568848,Round of 16,1.0,214.0,61.0,1.0,True,52.3,6.131626915931701,B,1.1,1.1,22.92851,4.83,214.0,0.21676462890725953,0.2113445786931618,0.05578521268460935,1.1758705490343364,0.45754568721146927,0.5140824178930058,2.78818596910181,4.740656264674726,27.66948717176709,2.8347610212864014,0.0834500834687803,68.15105724807327,1.8614695214610484,14.395204812763735,2.281542102881945,1.1594235001087987,0.7598162807032015,12.144014991080738,12.047594166754772,1.1379301975356526,26.850274616648708,73.58004120011009,6.2694993198207865,22.92851,78.0,86.31894980698148,B,1.1,1.1,77.40378724634282,98.43968361416479,83.6459720994281,70.18866794607919,74.92971978846356,68.54456348749473,78.0,86.31894980698148,B,1.1,1.1,,,,,,,,,,,,,,,,,,,,,,,
430718,285023_43969,Fabian Ruiz,Spain,MF,1,5,0,1,4,1,0.31,0.0,0,0,4,33,1,0,1,0,0,0,0,129,95,3,0,6,83,2,100,,,,142,22,60,60,92,50,2,18,36,282,7.03,195,44,16301.22,175.0,71.0,48.0,4.798928737640381,6.202205181121826,6.4185333251953125,Round of 16,0.0,143.0,890.0,0.0,True,127.65,5.414321351051331,B,1.1,1.1,16.30122,7.03,143.0,0.024617903469449417,0.018837181197271003,0.08635163196079793,1.2541177301865665,0.2814215070297059,0.3417204203860496,0.08172745281355674,0.9246962947727035,34.675004743334625,1.5773996398768746,0.5021454302015386,76.19781322324165,1.5721969898319141,11.428268663320862,0.9873672976131478,0.20372062628159757,0.39723528772403877,10.679844530799448,6.239013947211692,0.5939393131787163,17.069017722412244,62.77694952622596,5.317690435978228,16.30122,245.0,74.25932736163045,B,1.1,1.1,67.103282046075,69.60594878052261,94.09343499918617,54.77493482302659,69.91153184338526,52.77960396643846,245.0,74.25932736163045,B,1.1,1.1,,,,,,,,,,,,,,,,,,,,,,,
447866,285023_43969,Gavi,Spain,MF,0,1,0,1,0,0,0.01,0.0,0,0,4,33,8,2,1,0,0,0,0,31,94,2,0,1,100,1,100,,,,89,27,45,17,61,28,1,22,25,78,3.85,122,45,10707.89,,,,,,,Round of 16,0.0,85.0,762.0,0.0,False,,,None,1.0,1.0,10.707889999999999,3.85,85.0,0.025270299019170016,0.019336382650296084,0.02502639459462871,0.43917119663841775,0.07683398608662624,0.3507763045227786,0.08389330038752797,0.7371561072588007,14.813469746818045,0.5589749219479243,0.3034072824746988,34.959852443246,1.6138615580890507,11.731127581677354,2.4978514028066074,0.6332102619005954,0.40776236344455064,8.630369814012575,7.464580327115253,0.3976337820563003,17.73340675947683,48.961275965873945,4.272573714858342,10.707889999999999,426.0,65.12919291511517,None,1.0,1.0,52.54939314506526,57.09216623314665,55.53899501237927,49.96825318849936,68.77549016625936,41.54597016495972,426.0,65.12919291511517,None,1.0,1.0,,,,,,,,,,,,,,,,,,,,,,,
430733,285023_43969,Mikel Merino,Spain,MF,1,2,0,2,0,0,0.09,0.0,0,0,19,62,6,4,2,0,0,0,0,66,88,1,0,3,67,1,100,,,,73,26,39,8,48,25,0,26,38,144,7.34,319,78,18634.71,179.0,90.0,187.0,4.787691593170166,6.069309234619141,5.676727294921875,Round of 16,0.0,155.0,910.0,0.0,True,167.64999999999998,5.202193164825439,C,1.0,1.0,18.63471,7.34,155.0,0.024374669258116377,0.018651062711676093,0.040501818848555284,0.628136213610374,0.2786409559401514,0.5428742126427117,0.08091995462208675,0.5064997062113689,21.447005036463576,0.9482239755764722,0.29265392369178106,47.21979348128092,4.624614879800854,17.246726504071223,2.0002623319607924,1.01982826712987,0.5978405720628365,10.983383860301622,6.995490603930805,0.17901072888349437,23.85439342304495,87.51842429743758,5.7424186286118095,18.63471,276.0,73.12428446932883,C,1.0,1.0,54.43022869235572,55.63103361492612,60.917964932793936,70.16941664427499,68.55735186797635,55.28668210260208,276.0,73.12428446932883,C,1.0,1.0,,,,,,,,,,,,,,,,,,,,,,,
423646,285023_43969,Pedri,Spain,MF,1,3,0,1,2,0,0.3,0.0,8,0,39,151,21,2,4,1,0,0,1,289,88,14,36,8,88,2,100,,,,248,33,90,125,185,63,5,39,112,640,7.19,575,165,40760.33,261.0,33.0,69.0,4.5824809074401855,6.568941593170166,6.263537406921387,Round of 16,0.0,337.0,1191.0,0.0,True,178.79999999999998,5.300714135169982,C,1.0,1.0,40.76033,7.19,337.0,0.020621774908612743,0.015779414808614608,0.07060411492699002,0.7044632077890387,0.23573944790266776,0.2862502730836828,1.4527748211732334,2.6780255088203475,56.73262339336157,1.6674249559507368,0.4206341147553551,125.77696403876186,7.373361537506468,29.99179179548947,4.28787647296145,0.5167299160501456,0.8518713283503612,22.097208635495274,7.129690637715873,1.0166451540978843,35.23601769040711,118.34152010521473,8.68687606819573,40.76033,28.0,91.81363178191992,C,1.0,1.0,60.321590375080234,68.19779403774515,86.32031456602103,88.01202825775711,71.71274596212588,83.17006469450784,28.0,91.81363178191992,C,1.0,1.0,,,,,,,,,,,,,,,,,,,,,,,
411375,285023_43969,Rodri,Spain,MF,0,4,0,1,3,1,0.13,0.0,0,0,16,48,17,4,2,0,0,0,1,435,94,1,0,12,92,3,100,,,,232,3,63,166,157,75,1,21,165,903,7.03,630,144,46738.12,316.0,2.0,137.0,4.421173095703125,7.51129674911499,5.883875370025635,Round of 16,0.0,398.0,1217.0,0.0,True,224.15,5.250367212295532,C,1.0,1.0,46.73812,7.03,398.0,0.01960923633401126,0.015004638328453957,0.039165122842854685,0.8344166703036111,0.059621605209888476,0.27219525382506476,0.06509948904408595,0.40747516764350683,77.97029314506803,2.2437253405631297,0.5645237154813249,162.87604768403065,3.2268387705979267,11.57125952042055,3.4191680659128085,0.8204440970453682,0.48095820064253847,29.733000776574478,1.8433317270936864,0.3085557001448103,30.050511625943887,121.58075841418434,9.243949552126212,46.73812,77.0,86.44424230350593,C,1.0,1.0,49.48196392557729,55.82337040919734,93.18708867443502,65.18247921990175,87.30980898742091,80.80033702241171,77.0,86.44424230350593,C,1.0,1.0,,,,,,,,,,,,,,,,,,,,,,,
502945,285023_43970,Alexander Bernhardsson,Sweden,DF,1,1,0,0,1,0,0.05,0.0,0,0,14,81,9,2,5,0,0,0,0,67,76,3,0,3,67,1,100,,,,40,15,15,10,10,30,0,28,36,150,4.85,268,90,25109.78,,,,,,,Round of 16,0.0,233.0,1028.0,0.0,False,,,None,1.0,1.0,25.109779999999997,4.85,233.0,0.022668062682365354,0.01734519776100021,0.03005766756975021,0.3939470683008968,0.25913174813735557,0.12444491092019198,0.0752542971641279,0.8514564856455439,20.13559039043282,0.8818335251105758,0.27216358984138744,45.054931259229626,3.3497706685482123,19.65317363619751,2.430842281347709,0.5680047512295371,1.126611892666871,9.833956232808854,4.413389208076721,0.16647718909235124,24.46673215812114,71.69007010336856,6.571981794717509,25.109779999999997,477.0,62.12196710927306,None,1.0,1.0,42.48732762550372,46.53913529599406,48.88053386037832,73.27479650966787,46.32656579994017,52.9037163442673,477.0,62.12196710927306,None,1.0,1.0,,,,,,,,,,,,,,,,,,,,,,,
441132,285023_43970,Carl Starfelt,Sweden,DF,0,0,0,0,0,0,0.0,0.0,0,0,0,0,0,0,0,0,0,0,0,12,92,0,0,0,0,0,0,,,,0,0,0,0,0,0,0,0,1,27,1.66,8,3,1116.66,,,,,,,Round of 16,0.0,10.0,526.0,0.0,False,,,None,1.0,1.0,1.11666,1.66,10.0,0.015168371847705253,0.011606567932049767,0.013749177218553559,0.1363311153923306,0.046119219666504625,0.08327251913153166,0.05035653811788788,0.1879158617569962,6.473406667549294,0.208242708241168,0.05483949821862667,14.493238056533988,0.45959552594423525,2.841336958095654,0.4810891702628458,0.12552288282068638,0.11747811880429208,2.125635448533321,1.044038420173429,0.1113984879827422,5.298662325753776,14.878932292269605,1.3438269354279018,1.11666,916.0,15.327849820725337,None,1.0,1.0,5.226140704494798,6.27683167793893,21.800152333715747,6.301364623318078,33.89815088396128,6.044702662547379,916.0,15.327849820725337,None,1.0,1.0,,,,,,,,,,,,,,,,,,,,,,,
491255,285023_43970,Daniel Svensson,Sweden,DF,0,1,0,0,1,0,0.01,0.0,1,0,8,24,3,0,0,0,0,0,1,46,83,2,50,3,33,0,0,,,,31,9,18,4,17,14,0,8,12,88,5.41,149,63,13088.54,,,,,,,Round of 16,0.0,114.0,841.0,0.0,False,,,None,1.0,1.0,13.08854,5.41,114.0,0.02510505776279346,0.01920994298448568,0.02486274821742301,0.4362994775407579,0.0763315723880886,0.13782371792043696,0.29400360358160466,0.732335879321779,17.87648834961446,0.976637566927651,0.09076443960394558,36.8378404422935,2.445944105465879,9.758488412262771,1.4282236869280205,0.20775197598036368,0.19443714777418575,5.835370839226925,3.6239100060637366,0.18437479668707424,21.409308668362343,54.32891025329859,4.746140619610179,13.08854,605.0,55.674481907980976,None,1.0,1.0,44.47858367992176,63.57206649857745,47.1314994680133,43.943931257081275,39.63939172384347,39.6735443202766,605.0,55.674481907980976,None,1.0,1.0,,,,,,,,,,,,,,,,,,,,,,,
519958,285023_43970,Elliot Stroud,Sweden,DF,0,1,0,1,0,0,0.09,0.0,3,0,9,61,7,3,1,0,0,0,0,49,78,6,33,6,50,0,0,,,,37,9,19,9,10,27,0,10,21,115,6.96,251,94,20520.74,,,,,,,Round of 16,0.0,183.0,961.0,0.0,False,,,None,1.0,1.0,20.52074,6.96,183.0,0.023768504910284885,0.01818723655078479,0.03949459457205977,0.41307159586189834,0.07226780237904433,0.3299299430583108,0.677238801042927,1.4911224481287872,17.523104107510203,1.5229741692838652,0.08593228698333766,40.26163405643175,2.5151697175792718,16.61838050643524,2.1499623093383273,0.7950228091813428,0.3835293650624754,7.3196987332136265,3.4309788723613823,0.1745589793816064,26.452267423826985,71.77978782114141,5.975769484291081,20.52074,445.0,64.03312805663629,None,1.0,1.0,45.949472579406056,62.50974506128442,51.10416989265225,59.395056549682465,48.12701550478483,52.71734406849043,445.0,64.03312805663629,None,1.0,1.0,,,,,,,,,,,,,,,,,,,,,,,
483276,285023_43970,Gabriel Gudmundsson,Sweden,DF,0,0,0,0,0,0,0.0,0.0,1,0,13,58,14,5,7,1,0,0,0,147,76,5,20,7,14,2,100,,,,51,10,10,31,10,41,1,11,44,282,6.21,340,137,36816.96,,,,,,,Round of 16,0.0,356.0,1199.0,0.0,False,,,None,1.0,1.0,36.81696,6.21,356.0,0.020292198734341408,0.01552722899105476,0.018393604755593915,0.18238332465683368,0.06169814271048742,0.11140170641201191,0.2376405427488095,1.1027618769678733,31.647055908872886,1.4705025246385575,0.4139115613901168,62.808807864857094,2.8284038849642066,13.6770076706667,3.027431741862245,1.0192927518096104,1.3490779508354942,10.165438571956386,3.0994485087064705,0.31930226559065306,29.905213003749378,76.43586550787003,7.876590534469212,36.81696,397.0,66.95544221118173,None,1.0,1.0,35.93856797491521,50.71409352731402,60.255901923421185,67.70352218017985,51.02886732237945,69.00301166270492,397.0,66.95544221118173,None,1.0,1.0,,,,,,,,,,,,,,,,,,,,,,,
483304,285023_43970,Gustaf Lagerbielke,Sweden,DF,1,3,0,3,0,3,0.13,0.0,0,0,8,50,14,1,3,0,0,0,1,206,84,1,0,7,57,1,100,,,,46,0,8,38,11,35,0,11,35,433,6.18,436,119,41310.47,,,,,,,Round of 16,0.0,400.0,1220.0,0.0,False,,,None,1.0,1.0,41.31047,6.18,400.0,0.019578205483724603,0.01498089407459089,0.03910314556629511,0.6688136932411799,0.22380980163499917,0.6003296060430502,0.06499647164637318,0.4068303541124085,40.22620533235462,1.4187620064545887,0.23506528818839548,85.40550641851601,1.9074720620434649,11.88151354493664,2.9209097301920854,0.3262981404627559,0.6444796483686963,8.32921857749291,1.3475670908048663,0.14378487752014749,25.895894233348002,89.51754782921873,8.337653206238423,41.31047,422.0,65.44049493547688,None,1.0,1.0,42.38951414251883,43.55207782747236,69.46882744036405,54.162822964610314,47.10045312738011,70.20186995350942,422.0,65.44049493547688,None,1.0,1.0,,,,,,,,,,,,,,,,,,,,,,,
483312,285023_43970,Isak Hien,Sweden,DF,0,0,0,0,0,0,0.0,0.0,0,0,13,13,8,3,3,1,0,0,0,128,95,0,0,1,0,1,100,,,,26,0,0,26,19,7,0,1,17,271,4.32,173,69,22458.49,,,,,,,Round of 16,0.0,237.0,1035.0,0.0,False,,,None,1.0,1.0,22.45849,4.32,237.0,0.022582155158996944,0.017279462854455155,0.02046930655282521,0.2029651192428066,0.06866072277087736,0.12397328905101158,0.07496909809869431,0.2797627319292739,31.618107412249056,0.49951361508783687,0.2711321430749852,67.8123468575883,3.1475867262466197,6.693442214856083,2.2321408978780513,0.7553410910631618,0.7433643205132484,6.19639709446174,1.5543288253364658,0.16584627311101402,20.394739727935825,53.41692692184403,6.044685066685287,22.45849,538.0,59.226962544959115,None,1.0,1.0,35.385620922277255,38.89008613999143,63.49465873139254,53.05349298681305,64.2813454527692,42.03462512548852,538.0,59.226962544959115,None,1.0,1.0,,,,,,,,,,,,,,,,,,,,,,,
395283,285023_43970,Victor Lindelof,Sweden,DF,0,2,0,2,0,2,0.26,0.0,0,0,5,24,10,3,0,0,0,0,0,200,95,0,0,3,67,1,100,,,,35,0,3,32,18,17,0,4,24,430,5.72,315,101,37262.4,,,,,,,Round of 16,0.0,390.0,1213.0,0.0,False,,,None,1.0,1.0,37.2624,5.72,390.0,0.019734677464142064,0.015100623646651214,0.06094308093365905,0.508563437225737,0.0600030071885453,0.43953201484104587,0.06551593328176718,0.2444862876124482,39.554126154152364,0.7677189020949323,0.23694396553708383,85.59129359897443,1.425930318633779,7.670988976531438,2.281872017716184,0.6600969970576879,0.1528438784975861,6.574236273898734,1.358337050882102,0.1449340280160069,23.122138845736032,70.19592815003486,7.7339467507130415,37.2624,469.0,62.516074136696744,None,1.0,1.0,38.789936385704394,36.86553896155031,72.90758839824015,41.417526239601145,64.64077787607647,58.39055013904613,469.0,62.516074136696744,None,1.0,1.0,,,,,,,,,,,,,,,,,,,,,,,
430150,285023_43970,Alexander Isak,Sweden,FW,6,8,13,5,3,1,0.68,1.48,0,0,5,110,15,4,1,0,0,0,5,81,80,4,0,5,60,2,50,,,,134,64,66,4,105,29,7,57,69,194,5.5,346,155,35655.02,49.0,363.0,45.0,5.84784460067749,4.102073192596436,6.444681644439697,Round of 16,1.0,389.0,49.0,3.0,True,95.1,5.735188150405883,B,1.1,1.1,35.65501999999999,5.5,389.0,0.18547885266665493,0.5122977725748943,0.1305978703003257,1.5033414438762052,1.054421209938831,0.9370696130369583,0.06556848559521342,0.9075957791462321,19.864180611146182,1.0997914035080065,0.40286237088512705,46.54805944748271,1.4270741005094805,21.929779815158124,3.112344103442063,0.8263548262624067,0.3186948246198569,14.037285211748722,11.96604072105017,1.305148701929503,32.090016465975445,75.38981313707129,7.473761955669545,35.65501999999999,131.0,81.45085705871278,B,1.1,1.1,84.51759308634819,78.51242660696724,69.27821128982526,67.85534991716031,69.40160950419153,75.77523371721226,131.0,81.45085705871278,B,1.1,1.1,76.91711995820076,80.34379387546008,83.95676648531752,70.43834979171513,79.62766541092134,60.25778732545649,A,S,S,A,A,B,77.24773748434147,A,57.86187086299488,54.42026312553793,79.2,5.852318572998047,BL-A,1.2,77.24773748434147,88.29493944636678,31.0
441137,285023_43970,Anthony Elanga,Sweden,FW,3,3,67,2,1,0,0.53,3.77,1,0,10,31,1,0,7,0,0,0,1,76,79,12,0,9,33,0,0,,,,110,47,56,7,40,70,7,39,59,192,5.94,211,118,24265.7,20.0,362.0,97.0,6.390748023986816,4.106693267822266,6.119401454925537,Round of 16,2.0,247.0,42.0,0.0,True,90.55,5.980303168296814,B,1.1,1.1,24.265700000000002,5.94,247.0,0.39777977412900806,0.017116792794131076,0.11976031245285461,0.7641697049646518,0.6311296593848711,0.4982164048628247,0.26196843828732036,2.5295902798488568,21.55978692624832,1.9964519950843551,0.08087458182623838,52.34525347340957,2.554839813346231,10.0091215666532,0.8971916375361847,0.18511494429208425,1.487186655190398,14.021678170770727,10.361836176261788,1.478220716107758,29.400292354422227,60.04685024133142,6.327002524581808,24.265700000000002,249.0,74.06472272545024,B,1.1,1.1,85.85931015347596,70.10406507937627,69.57380751654017,60.54804603103292,58.118977716145245,60.9718969556782,249.0,74.06472272545024,B,1.1,1.1,81.5075714458989,65.05141729594354,66.89268789476105,40.18946522594151,64.83303463662634,46.75598771364502,A,A,B,D,B,C,69.62539489260804,A,63.28032979976443,47.11580164811334,77.3,6.0809385776519775,BL-A,1.2,69.62539489260806,80.82361591695502,52.0
489691,285023_43970,Gustaf Nilsson,Sweden,FW,0,1,0,1,0,1,0.01,0.0,0,0,0,3,0,0,0,0,0,0,0,2,50,0,0,0,0,0,0,,,,3,1,2,0,2,1,0,2,3,6,2.14,11,2,713.65,,,,,,,Round of 16,0.0,5.0,513.0,0.0,False,,,None,1.0,1.0,0.71365,2.14,5.0,0.011290166940075268,0.008639034622162858,0.011181196259973488,0.19621121703225544,0.03432759259917622,0.15671848733093954,0.03748152587393409,0.13987008435882722,3.87093658105507,0.15499982224208597,0.04081829586027213,8.798175695922234,0.3420874873664912,2.399082769163573,0.35808569962975567,0.09342955961746498,0.08744165731321453,1.771632884198337,0.8718385754988648,0.08291644870160542,3.8491790123770295,11.35894096913615,0.9620613039812697,0.71365,947.0,0.616482103088461,None,1.0,1.0,3.1217391454137227,0.0,0.6094143252819003,0.06677638734242794,1.9286068092104374,0.0,947.0,0.616482103088461,None,1.0,1.0,0.6867016859646007,1.8214245057488703,0.6192804251747164,0.0,0.0,0.0,G,G,G,G,G,G,0.0,G,74.51790633608816,6.644518272425248,,,None,1.0,0.0,2.95242214532872,289.0
514202,285023_43970,Taha Ali,Sweden,FW,0,0,0,0,0,0,0.0,0.0,0,0,4,15,0,0,2,0,0,0,0,16,94,1,0,2,100,0,0,,,,19,2,11,6,1,18,1,9,10,40,3.13,61,26,4821.78,,,,,,,Round of 16,0.0,46.0,665.0,0.0,False,,,None,1.0,1.0,4.8217799999999995,3.13,46.0,0.023920980343141888,0.018303908035845414,0.021682867566907033,0.2149982848654858,0.07273140177206298,0.13132327670162103,0.07941378089626051,0.49707216076603267,11.011650443579452,0.7298513848663397,0.08648354431751298,25.46567522764842,1.5276887138658195,7.491721766819541,0.7586921457820791,0.19795337579506891,0.5867128871045433,5.15869983780623,2.0479264555957366,0.3764019522334221,12.972783447420035,34.10285362242968,2.8629590925198904,4.8217799999999995,758.0,44.95423101023283,None,1.0,1.0,32.459605729424204,44.40590847881618,43.51394749920131,32.436731722290276,46.750958572569346,26.377876549579383,758.0,44.95423101023283,None,1.0,1.0,50.43805223038093,53.81929951049217,30.80750780752958,71.21016683935635,34.42622800921693,33.78182297849888,B,B,D,A,D,D,46.01892016411927,B,32.96246743187099,33.97237870252589,,,None,1.0,38.34910013676606,59.73912197231833,107.0
483327,285023_43970,Viktor Gyokeres,Sweden,FW,6,12,8,9,3,0,1.39,0.72,0,0,14,75,4,4,7,1,0,0,1,70,69,1,100,8,50,1,100,,,,106,68,36,2,65,41,12,81,82,197,6.41,426,177,42857.3,81.0,354.0,93.0,5.518943786621094,4.514871597290039,6.13568925857544,Round of 16,1.0,400.0,53.0,2.0,True,124.94999999999999,5.5225193262100225,B,1.1,1.1,42.8573,6.41,400.0,0.18386075076942343,0.3435459846459885,0.24609915262627563,2.1473566008124694,1.0452225280634935,1.5860248777572434,0.06499647164637318,0.4068303541124085,17.88377917349958,1.5830445517402876,0.23506528818839548,46.63482573109109,2.8931673337576576,15.988577177079112,1.2780842773350969,0.8191457763198524,1.3016098295114917,16.050498205920753,12.518780170232388,2.1151754209485336,35.42428185991853,87.87472237636173,8.591770375762701,42.8573,79.0,86.23772407366678,B,1.1,1.1,87.75796638054354,84.6036646781778,70.2329372068077,72.10520438878928,68.93348903607183,87.43847540291094,79.0,86.23772407366678,B,1.1,1.1,81.89943925582436,85.31476492239972,88.62556031573628,69.33877481973315,91.02081123587288,63.87585505116174,A,S,S,A,S,B,81.98019076824832,S,64.30748840291584,60.576428203808554,111.9,5.603560209274292,BL-B,1.05,71.73266692221728,92.57188581314878,22.0
489685,285023_43970,Jacob Widell Zetterstrom,Sweden,GK,0,0,0,0,0,0,0.0,0.0,0,0,0,0,0,0,0,0,0,0,0,73,53,0,0,6,17,0,0,12.0,54.0,46.0,9,0,0,9,6,3,0,0,1,131,1.58,17,8,10559.21,,,,,,,Round of 16,0.0,200.0,982.0,0.0,False,,,None,1.0,1.0,10.559209999999998,1.58,200.0,,,,,,,,,,,,,,,,,,,,,,,,,,,,,,,,,,,,,,,,,,,,,,,,,,,,,,,,,,,,,,,
360496,285023_43970,Kristoffer Nordfeldt,Sweden,GK,0,0,0,0,0,0,0.0,0.0,0,0,0,0,0,0,0,0,0,0,0,66,68,0,0,3,67,1,100,4.0,22.0,20.0,8,0,0,8,5,3,0,0,1,115,1.47,8,1,9861.15,,,,,,,Round of 16,0.0,200.0,983.0,0.0,False,,,None,1.0,1.0,9.86115,1.47,200.0,,,,,,,,,,,,,,,,,,,,,,,,,,,,,,,,,,,,,,,,,,,,,,,,,,,,,,,,,,,,,,,
502946,285023_43970,Benjamin Nygren,Sweden,MF,0,1,0,0,1,0,0.03,0.0,3,0,4,71,13,3,0,0,0,0,0,50,92,6,33,4,50,0,0,,,,81,16,55,10,51,30,1,17,33,119,7.73,282,104,18972.62,,,,,,,Round of 16,0.0,149.0,901.0,0.0,False,,,None,1.0,1.0,18.97262,7.73,149.0,0.02449820136103347,0.01874558727625638,0.028373082862138143,0.4257529520743816,0.07448643409771714,0.1344921499820299,0.698030127686969,1.5369001174495152,18.266632562197955,1.1585963132743984,0.08857042030527486,42.31993865187494,1.5645523382570299,19.18423401852078,3.4493665882338047,0.819430121476058,0.18973708179618226,10.011214781936694,4.975277229121366,0.385484653480942,29.320022650293335,80.35600477781783,5.840984547390634,18.97262,254.0,73.86893514262356,None,1.0,1.0,51.03585457927938,65.991543529919,64.41353760810209,57.628250784661205,71.36340361407166,58.42814190200025,254.0,73.86893514262356,None,1.0,1.0,,,,,,,,,,,,,,,,,,,,,,,
503047,285023_43970,Besfort Zeneli,Sweden,MF,1,1,0,0,1,0,0.01,0.0,0,0,3,35,7,1,0,0,0,0,0,38,89,2,0,2,50,0,0,,,,53,12,24,17,36,17,1,10,18,86,3.75,137,51,8630.22,,,,,,,Round of 16,0.0,69.0,725.0,0.0,False,,,None,1.0,1.0,8.63022,3.75,69.0,0.025059153001090552,0.019174817478567266,0.024817286520302694,0.43550170110316305,0.28646568588615096,0.13757170635416513,0.0831923298011913,0.7309967983945653,16.161611583980264,0.7645780924972414,0.090598476234712,36.349934838459646,1.3901032493536136,12.053655501646022,2.2667069157124105,0.417645786414127,0.1940816181825353,7.0863429432776215,4.2481047218310275,0.39431135244550003,18.846877372653395,51.706285251588675,3.7999948895655424,8.63022,574.0,57.50599934116354,None,1.0,1.0,49.03804200904078,55.21444182483708,50.82898809453439,43.711824951087266,51.01832760662715,37.72330964450163,574.0,57.50599934116354,None,1.0,1.0,,,,,,,,,,,,,,,,,,,,,,,
441135,285023_43970,Jesper Karlstrom,Sweden,MF,0,1,0,1,0,0,0.05,0.0,0,0,7,38,7,3,0,0,0,0,0,37,84,0,0,2,50,0,0,,,,63,2,22,39,41,22,0,4,20,79,3.44,199,48,16846.98,,,,,,,Round of 16,0.0,147.0,897.0,0.0,False,,,None,1.0,1.0,16.84698,3.44,147.0,0.02453857213135079,0.018776478270547767,0.03253794795327939,0.4264545535669489,0.07460918085281151,0.3406192243301592,0.08146408561824958,0.3040001243802972,15.619963515021526,0.748694685410064,0.0887163761671913,34.153460248245985,2.184846906992279,12.42096821923874,2.2196181630488487,0.8207804665376274,0.1900497509606237,7.350941569696514,2.100799813781255,0.18021445281890822,17.837634487731204,63.39827221363057,5.412929102372571,16.84698,619.0,55.13291195504455,None,1.0,1.0,44.99800271346852,44.23348739285887,44.810126126172925,50.18009839649834,50.88667069707354,40.55149396070963,619.0,55.13291195504455,None,1.0,1.0,,,,,,,,,,,,,,,,,,,,,,,
395286,285023_43970,Ken Sema,Sweden,MF,0,1,0,1,0,0,0.06,0.0,0,0,2,5,2,0,1,0,0,0,0,3,100,0,0,0,0,0,0,,,,5,2,2,1,2,3,0,1,4,10,1.52,22,7,2294.51,,,,,,,Round of 16,0.0,22.0,589.0,0.0,False,,,None,1.0,1.0,2.2945100000000003,1.52,22.0,0.02008779577654574,0.015370823488935806,0.02832184019432773,0.3491047455481791,0.061076658413707886,0.27883812388447254,0.06668822889379555,0.24886095172562733,7.05584233286711,0.27578022460836676,0.07262510780751151,16.32820620910381,0.9457692090874725,4.605635476200654,0.9742336970299461,0.16623260958404654,0.3241373232672093,3.320699694212346,1.7197592997975362,0.1475273746504209,7.691364888803301,22.064304757584388,1.9781951494775531,2.2945100000000003,848.0,28.72627662851142,None,1.0,1.0,21.966134378115388,16.582315318436564,29.417660784707127,17.95323260240249,44.946359923136995,14.62080645187696,848.0,28.72627662851142,None,1.0,1.0,,,,,,,,,,,,,,,,,,,,,,,
489689,285023_43970,Lucas Bergvall,Sweden,MF,0,2,0,2,0,1,0.68,0.0,0,0,10,60,13,7,4,1,0,0,0,88,91,2,0,2,100,0,0,,,,52,7,16,29,43,9,3,14,40,193,6.93,283,89,23862.93,146.0,310.0,55.0,4.91195011138916,4.894222259521484,6.350475788116455,Round of 16,0.0,207.0,208.0,1.0,True,147.85,5.268922352790832,B,1.1,1.1,23.86293,6.93,207.0,0.02323633826468828,0.21275831020007696,0.15364751158505363,0.5988013778234568,0.07064975723393076,0.5175212310190411,0.07714088006900562,0.6778237427721943,24.734922156545895,0.7089623175317563,0.08400829988002687,54.56849900352591,2.6538344228617663,16.05132380596831,3.2716952425169072,1.557135701314872,0.959877141092795,10.860401097032138,2.9642041686223313,0.7555855128515114,24.885121094494888,76.41197401174871,6.49362901602067,23.86293,174.0,78.13656098587977,B,1.1,1.1,63.72728529506977,69.03969926071849,70.62653968062878,76.19699585363723,84.61306978486076,64.59653184844893,174.0,78.13656098587977,B,1.1,1.1,,,,,,,,,,,,,,,,,,,,,,,
433795,285023_43970,Mattias Svanberg,Sweden,MF,2,3,33,2,1,0,0.23,4.26,0,0,0,5,1,0,1,0,0,0,0,7,100,0,0,0,0,0,0,,,,8,0,5,3,8,0,0,3,5,23,3.67,49,15,3157.11,,,,,,,Round of 16,1.0,25.0,79.0,0.0,False,,,None,1.0,1.0,3.1571100000000003,3.67,25.0,0.19585166929786407,0.01595790890554247,0.0591530131445301,0.712431977582996,0.41340271737204787,0.46448491254587426,0.06923537197113665,0.25836614418497333,8.025325265315807,0.28631359311478577,0.07539900874417686,19.22681477646946,0.6318994193073008,4.781546768411511,0.8364477267917831,0.17258182964512597,0.3365176811319051,3.6225297549385926,1.4354519010747488,0.1531621521410267,9.38510797082893,27.63195516041327,2.2047039912522997,3.1571100000000003,794.0,40.93254231383962,None,1.0,1.0,61.65643272393987,22.45633849221075,32.08341260839267,21.503654430477585,45.86849000224254,20.532664450778814,794.0,40.93254231383962,None,1.0,1.0,,,,,,,,,,,,,,,,,,,,,,,
489688,285023_43970,Yasin Ayari,Sweden,MF,3,7,29,1,6,0,0.44,4.59,9,0,21,100,22,4,8,1,0,0,0,107,79,17,29,2,0,3,67,,,,148,21,59,68,111,37,2,28,85,278,6.4,434,109,39607.81,33.0,165.0,231.0,6.104801654815674,5.5907745361328125,5.480545520782471,Round of 16,2.0,371.0,46.0,0.0,True,102.3,5.871633553504943,B,1.1,1.1,39.60781,6.4,371.0,0.3563773962445525,0.015335214218437324,0.09216009368563247,1.3573043941209695,0.5654393695526244,0.27819214534039266,1.5800463521762824,3.1071415890141934,24.528975355578904,0.6114774676877638,0.5769610648913445,61.35942140821056,4.1387714708073124,20.570932224190354,4.335338084381844,0.8385197768202046,1.5005628820790275,16.934620264330636,4.910968474600265,0.48352173846831586,24.826689472035465,91.29843315169536,8.24851790425707,39.60781,129.0,81.52031469095175,B,1.1,1.1,78.24443291211688,63.19451184125019,68.3400021622305,90.75943595124741,69.6184991403079,75.93999823671723,129.0,81.52031469095175,B,1.1,1.1,,,,,,,,,,,,,,,,,,,,,,,
510908,285023_43971,Luca Jaquez,Switzerland,DF,0,0,0,0,0,0,0.0,0.0,0,0,3,15,4,3,1,0,0,0,0,41,76,2,0,4,50,0,0,,,,20,9,9,2,2,18,1,7,28,88,3.26,96,39,9611.83,,,,,,,Round of 16,0.0,89.0,771.0,0.0,False,,,None,1.0,1.0,9.61183,3.26,89.0,0.025280225238872255,0.019343978016788888,0.02291493776814214,0.22721497987974254,0.07686416661697597,0.1387853660887076,0.08392625382945444,0.7374456635268112,16.940575744929404,1.1955806603455965,0.09139773740207661,37.09487197735068,1.4023667618541695,7.917418557908668,1.6503176673751894,0.8455877120587644,0.40792253324716293,9.270146011095415,3.6491953957767076,0.3977899733336068,16.467600130055406,43.46516122045838,4.0417461803961325,9.61183,595.0,56.489219251715284,None,1.0,1.0,49.5717735138406,66.36490172684171,44.34574690117346,40.087923472623714,46.5220609320203,35.42169876131352,595.0,56.489219251715284,None,1.0,1.0,,,,,,,,,,,,,,,,,,,,,,,
405178,285023_43971,Manuel Akanji,Switzerland,DF,1,1,0,1,0,0,0.18,0.0,0,0,9,22,12,0,2,0,0,0,0,318,92,0,0,6,83,5,100,,,,48,0,1,47,24,24,1,3,55,666,5.73,416,114,38591.71,295.0,26.0,129.0,4.4913835525512695,6.675647735595703,5.91132116317749,Round of 16,0.0,403.0,1231.0,0.0,True,213.15,5.174007582664489,C,1.0,1.0,38.59171,5.73,403.0,0.01953190352603387,0.01494546464137814,0.0472053686845916,0.33944392338402013,0.22328049715023982,0.2711217993091487,0.06484275664513267,0.24197418943183657,58.48720176021324,1.251512649170557,0.8900854497531872,123.39083152005986,2.0668549604103545,7.26438147287371,2.58621381052487,0.16163243241786732,0.47906144915554,11.587400612485208,1.344380128931586,0.30733885119143006,25.015180996317774,86.02796068193943,7.872346359398424,38.59171,355.0,68.92620014404852,C,1.0,1.0,44.49979115241291,44.09918683659228,81.14363316154837,50.228118383186704,58.93985919359945,65.75629815920315,355.0,68.92620014404852,C,1.0,1.0,,,,,,,,,,,,,,,,,,,,,,,
493221,285023_43971,Miro Muheim,Switzerland,DF,0,0,0,0,0,0,0.0,0.0,0,1,0,0,0,0,0,0,0,0,0,6,67,0,0,0,0,0,0,,,,6,4,2,0,0,6,0,0,0,11,1.73,18,7,1040.17,,,,,,,Round of 16,0.0,9.0,523.0,0.0,False,,,None,1.0,1.0,1.04017,1.73,9.0,0.01453533437428039,0.011122178934165965,0.013175368473917556,0.13064146684575897,0.04419447819872296,0.07979722028957167,0.04825495622230737,0.1800733732198299,5.471441174023149,0.1995518982315174,0.05255082427624448,11.936899137721278,0.440414746789937,2.7227564810898985,0.4610113744457998,0.12028430551023933,0.11257528201618779,1.9149567444269557,1.488335853415688,0.10674937876495799,5.5653971046384365,15.477647743788392,1.2784143230025382,1.04017,945.0,1.5404697519647514,None,1.0,1.0,0.014663111434174751,0.8268535466840633,3.7958836837347936,0.8496763606150025,4.2038687268158705,0.8864357618992892,945.0,1.5404697519647514,None,1.0,1.0,,,,,,,,,,,,,,,,,,,,,,,
398509,285023_43971,Nico Elvedi,Switzerland,DF,0,3,0,3,0,2,0.3,0.0,0,0,6,27,9,3,2,1,0,0,0,282,92,0,0,2,50,3,100,,,,40,1,9,30,19,21,0,4,76,614,5.85,434,122,39382.48,296.0,34.0,206.0,4.491041660308838,6.567099571228027,5.614940643310547,Round of 16,0.0,403.0,1231.0,0.0,True,234.2,5.083425092697143,C,1.0,1.0,39.38248,5.85,403.0,0.01953190352603387,0.01494546464137814,0.0668726512342553,0.6672319658784153,0.059386475903042246,0.5989098418035438,0.06484275664513267,0.24197418943183657,52.58701699531414,0.595936564181767,0.562297407258792,114.8683424152056,1.575172896668762,8.083851579109698,2.0945317467832774,0.65331449615946,0.47906144915554,15.029175058676358,1.5082741501787835,0.14344482994423255,26.326333166295353,88.978053064389,8.001948834580071,39.38248,339.0,69.74815434109757,C,1.0,1.0,42.21556556172929,38.87778836140306,73.85339544400699,46.73305792902964,78.03893131039214,68.92137734329215,339.0,69.74815434109757,C,1.0,1.0,,,,,,,,,,,,,,,,,,,,,,,
313559,285023_43971,Ricardo Rodriguez,Switzerland,DF,0,1,0,0,1,0,0.02,0.0,4,0,16,36,9,9,1,0,0,0,0,221,81,13,8,19,37,4,50,,,,69,32,23,14,11,58,3,28,54,452,5.94,389,148,39121.21,304.0,57.0,153.0,4.471334934234619,6.335314750671387,5.827579975128174,Round of 16,0.0,394.0,1215.0,0.0,True,229.20000000000002,5.089993166923522,C,1.0,1.0,39.12121,5.94,394.0,0.01967169199786019,0.015052428289860628,0.021132494324276184,0.3418732998786017,0.05981150077082187,0.10799519979392071,0.7255748290579168,2.389576973139261,42.89429165053736,3.406340629252143,0.7313887299317785,88.94959324194546,3.237116292583911,9.62731013525723,2.1095221644701296,1.648392218447415,0.3174230592172938,11.505263831496677,6.636145742380981,0.6396724525846699,30.806490879975303,82.1868478169742,8.016091169600525,39.12121,279.0,72.93642320513561,C,1.0,1.0,40.23398205822598,58.649649114656825,75.73479911856933,55.800147812896896,61.58514252966466,72.56226798910123,279.0,72.93642320513561,C,1.0,1.0,,,,,,,,,,,,,,,,,,,,,,,
356412,285023_43971,Silvan Widmer,Switzerland,DF,0,0,0,0,0,0,0.0,0.0,0,0,7,28,7,1,0,0,0,0,0,44,80,3,33,1,100,1,100,,,,43,16,17,10,10,33,3,4,15,93,5.24,185,67,13345.17,,,,,,,Round of 16,0.0,120.0,850.0,0.0,False,,,None,1.0,1.0,13.34517,5.24,120.0,0.02502132448411705,0.019145871771247457,0.022680260480765043,0.22488801763052574,0.07607698254077694,0.13736403239053732,0.08306674525091491,0.9398495720596809,17.396952100443865,0.5534676455523154,0.3004179752635527,37.76475595451405,2.227829847447769,10.565765833008077,2.263285165542672,0.41701532134136127,0.19378863861585388,6.445776829653311,5.081516969906761,0.8136286396418272,22.177726932178782,61.70613170964213,4.784191820997756,13.34517,613.0,55.47459814482703,None,1.0,1.0,44.57170204439964,59.75867185512502,43.172916026951484,48.34203406838537,40.6082586638597,40.84690318484241,613.0,55.47459814482703,None,1.0,1.0,,,,,,,,,,,,,,,,,,,,,,,
393480,285023_43971,Breel Embolo,Switzerland,FW,4,9,22,7,2,1,2.53,0.79,0,0,32,114,15,6,8,0,0,0,2,49,76,1,0,6,50,0,0,,,,115,77,37,1,103,12,10,50,59,135,5.64,350,172,34576.28,42.0,286.0,159.0,5.921784400939941,5.025744915008545,5.793568134307861,Round of 16,2.0,369.0,23.0,2.0,True,107.85,5.755324411392212,B,1.1,1.1,34.57628,5.64,369.0,0.3569641636485143,0.3522503706765152,0.44436178641942065,1.6964290727883287,0.7348153065005412,1.28931990459286,0.06664327994895079,0.41713816910485957,14.799554450556125,1.2862640663903226,0.07257615731025982,37.37281994473801,5.99848035591244,22.96303115513211,3.1633614456744046,1.1767902882302779,1.5030335252681781,12.582933941619924,14.35197168063556,1.8318774756699403,35.47959814259799,77.29937786820277,7.41456306649214,34.57628,66.0,87.6812613703167,B,1.1,1.1,91.68691899975539,75.87239790113432,69.01406439555183,92.6885502451623,71.19489358000631,78.66594528207789,66.0,87.6812613703167,B,1.1,1.1,90.78177628080127,93.81474594922781,80.5410478902132,60.41530100864857,84.67503017446326,94.00757532930069,S,S,A,B,A,S,88.54085326692825,S,62.45289899112677,60.88484848484848,101.5,5.793715572357177,BL-B,1.05,77.47324660856222,98.76076989619378,11.0
448104,285023_43971,Cedric Itten,Switzerland,FW,0,0,0,0,0,0,0.0,0.0,0,0,1,7,1,1,1,0,0,0,0,2,50,1,0,0,0,0,0,,,,10,8,2,0,8,2,1,3,3,7,3.71,36,18,2679.18,,,,,,,Round of 16,0.0,21.0,581.0,0.0,False,,,None,1.0,1.0,2.6791799999999997,3.71,21.0,0.01980275595237752,0.015152716093114778,0.01794995558776438,0.17798428426833235,0.060209998867350255,0.1087147249855219,0.06574194283785248,0.4114964583043434,6.789555267749931,0.2718669855648265,0.07159457921244178,15.598013530809903,0.7661822572246599,4.8726164223193775,0.7942428425822797,0.3300405876662238,0.31953791143237176,3.1074131878826297,2.69235704389292,0.31160077443121637,9.410061178507137,24.077553629617952,2.014044522064127,2.6791799999999997,922.0,12.89530958408201,None,1.0,1.0,11.74138583407113,16.80128248238556,9.20829671186286,10.11955098165336,10.011123171266819,8.656996026813626,922.0,12.89530958408201,None,1.0,1.0,25.675738717472647,28.471141805487044,14.945704104909973,39.354211160685956,9.001133828316446,12.026306367422317,D,D,E,D,F,E,23.06990343324749,E,44.86084320749518,76.86264571718195,,,None,1.0,19.22491952770624,34.96345155709343,258.0
448124,285023_43971,Christian Fassnacht,Switzerland,FW,0,0,0,0,0,0,0.0,0.0,0,0,0,8,2,0,0,0,0,0,0,5,100,0,0,0,0,0,0,,,,3,0,3,0,2,1,1,5,6,12,2.13,31,14,1743.81,,,,,,,Round of 16,0.0,12.0,535.0,0.0,False,,,None,1.0,1.0,1.7438099999999999,2.13,12.0,0.016290312591400947,0.012465057003136756,0.014766146097525334,0.14641495527493967,0.04953046459976562,0.0894318375463145,0.054081199696148885,0.20181520862221414,5.995362655095999,0.22364554654834254,0.05889574552275727,13.514839041921563,0.493589876251193,4.1450469554430756,0.7900603748781789,0.13480728314503454,0.12616748173016196,2.9663274222607434,1.1212615561393016,0.25633169602323447,7.194210946994505,19.123415594898006,1.5289515157200622,1.7438099999999999,891.0,21.725893104373064,None,1.0,1.0,9.77516830189841,11.119891336741674,26.883327814345552,10.459504878551709,43.235957357054154,9.813073695436843,891.0,21.725893104373064,None,1.0,1.0,10.934044915515166,12.951087162751875,5.9516235549115475,28.717937874014087,11.094692951976885,4.092939114704053,F,F,F,E,F,F,10.671442247801531,F,19.07209870196633,7.993407498969921,,,None,1.0,8.89286853983461,21.194377162629756,275.0
448114,285023_43971,Dan Ndoye,Switzerland,FW,5,11,9,10,1,0,0.58,1.71,0,0,23,74,11,2,11,0,0,0,1,61,85,8,0,5,60,0,0,,,,74,45,29,0,37,37,9,60,64,183,6.45,314,150,26581.64,64.0,83.0,222.0,5.684139728546143,6.126879692077637,5.534499168395996,Round of 16,1.0,252.0,121.0,0.0,True,106.35000000000001,5.71314058303833,B,1.1,1.1,26.58164,6.45,252.0,0.2090880815585489,0.017036406024558436,0.12853905247729247,2.2551694590794584,1.0018127860155683,1.9904651737264516,0.07391456582083554,1.7704161028949594,18.656180636721956,1.239781632072893,0.08049476497317821,50.418008715593196,4.971547780938048,17.99552864182675,2.761213815808935,0.5578927204613603,2.2274965667538527,14.889945061064255,9.939526029185236,1.8449255908309383,35.24057204937166,79.00767602063453,6.729960771654321,26.58164,93.0,84.60455218576843,B,1.1,1.1,87.069387055527,69.96189257134468,73.38458549732255,86.14448297188191,72.25456047420803,73.93777545361992,93.0,84.60455218576843,B,1.1,1.1,79.84679834669105,65.05141729594354,81.65865553252071,44.25577805502104,85.69913316996453,84.3782388301581,A,A,A,C,A,S,71.92479947625513,A,71.58989598811293,47.3570916048792,113.3,5.683521556854249,BL-B,1.05,62.934199541723245,84.43935986159168,40.0
448127,285023_43971,Noah Okafor,Switzerland,FW,0,1,0,1,0,0,0.18,0.0,0,0,1,11,3,0,0,0,0,0,0,9,78,0,0,2,0,0,0,,,,6,3,3,0,4,2,0,9,9,23,1.69,38,11,2914.43,,,,,,,Round of 16,0.0,25.0,601.0,0.0,False,,,None,1.0,1.0,2.91443,1.69,25.0,0.0208550449717936,0.01595790890554247,0.05040318192822658,0.36243872893085505,0.06340946871990685,0.28948828821980377,0.06923537197113665,0.25836614418497333,8.375318513967947,0.6363068417669268,0.07539900874417686,19.22681477646946,0.8068960436333713,5.831526514367934,1.1864409754439242,0.17258182964512597,0.16152105680583462,4.322516252242875,1.9604417740529598,0.1531621521410267,8.68512147352465,25.706992292826488,2.1622358104608486,2.91443,876.0,23.58259198742046,None,1.0,1.0,29.23658997157491,20.82346409645943,21.854302101848905,15.869130389204777,17.74170688829044,13.610449869676355,876.0,23.58259198742046,None,1.0,1.0,46.174157250954,50.024665123515355,18.845235532182016,42.409760842443596,22.822401255523673,25.918898408015938,B,B,E,D,E,E,39.73831595932511,C,40.359796636683605,44.16521855366929,,,None,1.0,33.115263299437586,47.80073529411764,207.0
448131,285023_43971,Ruben Vargas,Switzerland,FW,4,6,33,4,2,0,1.31,1.53,11,0,14,68,17,5,4,0,0,0,0,78,76,22,27,15,47,0,0,,,,73,54,16,3,29,44,6,67,37,212,5.96,307,138,26697.29,14.0,271.0,23.0,6.572463035583496,5.145461559295654,6.858534812927246,Round of 16,2.0,268.0,28.0,1.0,True,54.8,6.429930758476257,B,1.1,1.1,26.697290000000002,5.96,268.0,0.39003941054554947,0.20083628498014994,0.2609909083001065,1.301457489456617,0.8029011262024797,0.8566267860950295,2.0973964805589715,4.320892857064093,21.50836195617052,3.0619186001572207,0.07930085005627606,55.00772286279897,3.24133566337525,16.62429985959143,3.8245743229492812,1.1017756401435799,0.9060899142936248,9.69967503837276,11.448574031853513,1.2654035755452535,32.50924583631775,76.5474499480175,6.651426288022493,26.697290000000002,47.0,89.34430997705641,B,1.1,1.1,90.41608509843816,97.72476999825676,75.66765229768234,81.89605027593473,69.65011050535311,73.31729394307051,47.0,89.34430997705641,B,1.1,1.1,89.27028615680311,89.48886274807423,78.53806276503875,90.65361273815314,80.52375553198493,77.46245312529445,S,S,A,S,A,A,87.99845520386,S,53.619860017497814,65.70232672657885,42.400000000000006,6.515584421157836,BL-A,1.2,87.99845520386,98.70601211072663,12.0
448112,285023_43971,Zeki Amdouni,Switzerland,FW,0,1,0,0,1,0,0.0,0.0,0,0,1,14,4,1,4,0,0,0,0,6,67,0,0,0,0,0,0,,,,9,8,1,0,9,0,2,9,8,26,3.66,48,17,3924.51,,,,,,,Round of 16,0.0,32.0,624.0,0.0,False,,,None,1.0,1.0,3.92451,3.66,32.0,0.02224099053079543,0.017018409758381925,0.020160062226476875,0.3865250038562447,0.06762341655314723,0.12210033667918462,0.07383648678239778,0.27553615799285025,8.37203109386864,0.30534088619403765,0.08040973499595269,21.06443312726674,0.8605192312008082,6.778945860391155,1.4519134725293836,0.370677172546852,0.9187600112628261,4.423147727350716,3.023856258328202,0.5365931610166643,10.382058361976876,29.281641714582143,2.4944370473058024,3.92451,867.0,24.752891738981898,None,1.0,1.0,25.052642067564147,25.73182030422409,17.015728453507155,24.10075949060645,17.993365991316885,15.155695181618519,867.0,24.752891738981898,None,1.0,1.0,40.12819675496134,45.18650628011992,29.503632224837506,46.38514727960923,24.43170596273994,30.785610643149226,C,C,D,C,E,D,36.66387049758048,C,47.1052876126754,60.525462212131046,,,None,1.0,30.553225414650402,49.57897923875432,191.0
448107,285023_43971,Gregor Kobel,Switzerland,GK,0,0,0,0,0,0,0.0,0.0,0,0,0,0,0,0,1,0,0,0,0,160,78,0,0,3,0,0,0,13.0,51.0,45.0,31,0,0,31,20,11,0,0,2,298,3.4,39,5,22876.57,,,,,,,Round of 16,0.0,403.0,1231.0,0.0,False,,,None,1.0,1.0,22.87657,3.4,403.0,,,,,,,,,,,,,,,,,,,,,,,,,,,,,,,,,,,,,,,,,,,,,,,,,,,,,,,,,,,,,,,
448120,285023_43971,Ardon Jashari,Switzerland,MF,0,1,0,0,1,0,0.02,0.0,0,0,0,0,0,0,0,0,0,0,0,8,88,0,0,0,0,0,0,,,,1,0,1,0,1,0,0,2,2,18,1.64,19,3,1008.65,,,,,,,Round of 16,0.0,9.0,524.0,0.0,False,,,None,1.0,1.0,1.00865,1.64,9.0,0.01453533437428039,0.011122178934165965,0.015614715358462782,0.25260881107302025,0.04419447819872296,0.07979722028957167,0.04825495622230737,0.1800733732198299,5.715375862477672,0.1995518982315174,0.05255082427624448,12.790670547312107,0.440414746789937,2.7227564810898985,0.4610113744457998,0.12028430551023933,0.11257528201618779,2.158891432881478,1.000466476506643,0.10674937876495799,5.077527727729392,15.599615088015655,1.274569912312495,1.00865,925.0,11.558462057401218,None,1.0,1.0,3.9949062943572358,4.770002084665152,16.36498616275794,4.799278045605365,26.112100941836296,4.6267912531496345,925.0,11.558462057401218,None,1.0,1.0,,,,,,,,,,,,,,,,,,,,,,,
401448,285023_43971,Denis Zakaria,Switzerland,MF,2,4,0,4,0,1,0.61,0.0,0,0,11,31,16,1,0,1,0,0,0,105,88,11,18,5,100,0,0,,,,34,17,10,7,12,22,4,34,43,240,3.14,219,91,20153.38,,,,,,,Round of 16,0.0,193.0,973.0,0.0,False,,,None,1.0,1.0,20.153380000000002,3.14,193.0,0.023546761540163556,0.018017562474052274,0.14186933361050377,1.001967135594069,0.4667597321981732,0.9196011357126871,0.07817143507260775,2.4651266719128473,28.424277764620747,1.311182826815423,0.08513059941443746,64.58390502273119,2.886871097231404,10.53585068806769,3.9081522971495097,0.3924396702681671,0.18236823816329098,11.598238623111783,4.979634811347171,0.96326274213129,25.61273723811419,64.78747487938246,5.847435657811365,20.153380000000002,221.0,75.31391197555594,None,1.0,1.0,64.5142161991758,65.15050958367338,70.22601087698047,60.410135365732586,60.213628852612445,55.05936545297132,221.0,75.31391197555594,None,1.0,1.0,,,,,,,,,,,,,,,,,,,,,,,
411226,285023_43971,Djibril Sow,Switzerland,MF,0,0,0,0,0,0,0.0,0.0,0,0,4,30,4,1,1,0,0,0,0,35,86,0,0,3,67,1,100,,,,59,13,37,9,38,21,0,4,22,75,3.59,204,73,12440.73,,,,,,,Round of 16,0.0,104.0,821.0,0.0,False,,,None,1.0,1.0,12.44073,3.59,104.0,0.02521470586767737,0.019293843761097256,0.022855548569693466,0.22662610132082497,0.07666495589727006,0.13842567269866604,0.08370874012751192,0.31237651803681277,15.627196775853388,0.9809031001673615,0.3027398045392065,34.24820601721841,1.6103111588627121,11.070582965692873,1.6460404991610402,0.42023829220599457,0.40686531055147745,7.976646680282379,4.486053467262787,0.18518006657476416,23.61860477787045,66.20303755613361,4.629806766189289,12.44073,591.0,56.79258229018262,None,1.0,1.0,44.5916704670619,53.94592040340116,49.47351632359782,44.375578018507426,48.474355072106974,43.12199076483657,591.0,56.79258229018262,None,1.0,1.0,,,,,,,,,,,,,,,,,,,,,,,
448103,285023_43971,Fabian Rieder,Switzerland,MF,1,3,0,3,0,0,0.8,0.0,3,0,8,82,9,1,2,0,0,0,0,40,93,6,0,4,75,1,100,,,,79,31,43,5,50,29,4,24,38,103,5.76,261,88,16705.61,,,,,,,Round of 16,0.0,131.0,872.0,0.0,False,,,None,1.0,1.0,16.70561,5.76,131.0,0.024841758808702038,0.019008471315160667,0.1892771045555181,0.8486226416035062,0.28398052701316223,0.7617267727342003,0.7078191503800939,1.5584532704296492,16.438304730721878,1.1748442159836923,0.29826202398010837,39.578232085359915,2.4202913254236953,21.746214168939776,2.6639417095935807,0.4140226085502138,0.6092969360926263,11.193857437476822,8.171792105348722,1.0162391405127484,26.396008089179446,77.10546017320623,5.450340117545163,16.70561,152.0,79.82687555333966,None,1.0,1.0,69.48349918243305,67.24002188186185,65.79944040796366,68.27159430257652,68.39494310918349,58.44955321549982,152.0,79.82687555333966,None,1.0,1.0,,,,,,,,,,,,,,,,,,,,,,,
311558,285023_43971,Granit Xhaka,Switzerland,MF,1,5,20,1,4,0,1.01,0.99,0,0,22,57,11,1,9,1,0,0,0,309,90,1,0,7,43,7,100,,,,198,2,66,130,146,52,0,22,73,659,6.63,703,138,44673.07,,,,,,,Round of 16,1.0,403.0,157.0,0.0,False,,,None,1.0,1.0,44.67307,6.63,403.0,0.1834259247732314,0.01494546464137814,0.18323740631976554,0.9950200083728103,0.22328049715023982,0.2711217993091487,0.06484275664513267,0.4058682106790341,57.01215556898847,1.4154066704177548,1.2178734922475822,122.24357337132946,4.197477236623923,13.000672216525624,2.4223197892776724,0.32552645366506483,1.6263195978859226,14.537492994934764,1.672168171425981,0.14344482994423255,28.948637506250513,133.06554477988513,8.869044904450282,44.67307,110.0,83.5584999484414,None,1.0,1.0,63.18122910301032,53.479213183748385,84.69309653500855,70.6420233711061,65.3216443406754,79.06968945086122,110.0,83.5584999484414,None,1.0,1.0,,,,,,,,,,,,,,,,,,,,,,,
502727,285023_43971,Johan Manzambi,Switzerland,MF,3,6,50,4,2,0,0.63,4.73,0,0,14,102,13,3,3,0,0,0,1,54,80,7,43,7,57,0,0,,,,115,37,66,12,82,33,5,36,57,153,6.6,345,113,24380.51,3.0,342.0,20.0,7.485426425933838,4.692008972167969,6.902968406677246,Round of 16,3.0,220.0,10.0,2.0,True,58.099999999999994,6.920799303054809,B,1.1,1.1,24.380509999999997,6.6,220.0,0.600684953921695,0.40271759795931983,0.14212729314090683,1.3617433502497824,0.647514742434338,0.8963072855324585,0.07619132258009373,1.6323712114043936,17.88279098977616,1.6631264891775777,0.08297420861466305,46.19366530209682,3.391480183783479,23.942026709079272,3.2314226566170534,0.767655449868559,0.7554834215051538,14.000545772329827,8.705063020519217,1.131441140314392,29.200677460559707,87.4112381599889,6.513371009563211,24.380509999999997,49.0,89.19732241807789,B,1.1,1.1,88.82627695097355,92.26673472178626,74.23244183611453,86.48554185257406,73.06133143081503,73.07262827358426,49.0,89.19732241807789,B,1.1,1.1,,,,,,,,,,,,,,,,,,,,,,,
433147,285023_43971,Michel Aebischer,Switzerland,MF,1,2,0,2,0,1,0.34,0.0,5,0,8,52,6,3,2,0,0,0,0,76,87,6,0,3,33,0,0,,,,99,24,52,23,59,40,2,27,30,173,7.29,321,117,21047.55,,,,,,,Round of 16,0.0,176.0,947.0,0.0,False,,,None,1.0,1.0,21.047549999999998,7.29,176.0,0.023922891137155337,0.018305370141386064,0.08993593001940438,0.6164938731425956,0.2734764186836915,0.5328121810676879,1.0831161602704782,1.5008079024490049,23.05688247799031,0.9306488921404785,0.08649045257279236,52.166023964536265,2.330767573430833,14.91967086647387,1.9631879926869789,0.8001868097042508,0.5867597533891273,9.173896055142576,6.464352600500459,0.5771712261722108,31.241087558250666,86.29777160263747,6.120335989543793,21.047549999999998,280.0,72.88228070810011,None,1.0,1.0,59.73349136817001,58.818910508588374,63.127935554096204,58.900374599358976,59.9064121149217,62.73723283183708,280.0,72.88228070810011,None,1.0,1.0,,,,,,,,,,,,,,,,,,,,,,,
402021,285023_43971,Remo Freuler,Switzerland,MF,1,2,0,1,1,0,0.07,0.0,0,0,13,120,21,6,2,0,0,0,1,205,92,3,33,6,67,0,0,,,,187,31,75,81,145,42,3,19,77,440,7.0,666,144,46073.88,,,,,,,Round of 16,0.0,394.0,1214.0,0.0,False,,,None,1.0,1.0,46.073879999999996,7.0,394.0,0.01967169199786019,0.015052428289860628,0.029385844290827814,0.5069402992096342,0.22487850010185434,0.2730621991249532,0.06530683173378686,0.7389069798289363,40.25321966124084,1.260469637948721,0.07112073260764837,86.96878924997306,2.741915294590814,23.492938079063958,4.0903261564425195,1.1531912204543175,0.4824900585483262,15.301804816110426,6.471078743049947,0.6396724525846699,30.14622288265117,127.91040663167021,9.163747543839413,46.073879999999996,67.0,87.44383191786412,None,1.0,1.0,53.001204603777154,59.75296415171519,83.8375710708831,74.24833516312421,84.45170151105347,81.04290757152393,67.0,87.44383191786412,None,1.0,1.0,,,,,,,,,,,,,,,,,,,,,,,
433362,285023_43888,Ali Abdi,Tunisia,DF,0,1,0,0,1,0,0.05,0.0,1,0,22,102,24,4,2,0,0,0,0,74,69,5,0,5,60,0,0,,,,102,46,48,8,21,81,5,17,35,153,6.13,343,150,29932.97,,,,,,,Round of 16,0.0,293.0,1098.0,0.0,False,,,None,1.0,1.0,29.93297,6.13,293.0,0.02143749336254147,0.01640358803854388,0.028425942615787785,0.3725610688584839,0.06518039479865849,0.11768923481621958,0.25105300931371444,1.165001916621029,20.30168809679963,1.1937298935562566,0.07750478369534225,43.14870966664886,4.606995435934156,22.36383609192235,4.997140456838189,0.896937778971047,0.5258000902386589,9.12022136648819,9.750205938639379,1.0568597436261844,33.9315595852324,81.28956880892538,7.082826764300027,29.93297,320.0,70.41405359164216,None,1.0,1.0,43.967276768347176,53.63387519844316,53.20076997287118,82.06772077751204,50.018930137372486,68.44323347244597,320.0,70.41405359164216,None,1.0,1.0,,,,,,,,,,,,,,,,,,,,,,,
411653,285023_43888,Dylan Bronn,Tunisia,DF,0,0,0,0,0,0,0.0,0.0,0,0,1,4,1,1,0,0,0,0,0,20,80,0,0,0,0,1,0,,,,7,0,0,7,2,5,0,0,1,40,2.04,38,13,5012.71,,,,,,,Round of 16,0.0,49.0,670.0,0.0,False,,,None,1.0,1.0,5.01271,2.04,49.0,0.02415584345653791,0.018483621106419698,0.021895756240827013,0.2171092002976282,0.07344549974032376,0.132612646668281,0.08019348839822303,0.2992586274372713,11.930541744102953,0.3316294136077735,0.29002659657776847,25.71570460282042,0.9346062088127538,5.3356444114946475,0.968835136787605,0.4025908711464938,0.18708554061683003,3.3851040610008925,1.6626457271441335,0.17740364384680068,10.465132879643619,29.775724885935723,2.9297688065009546,5.01271,844.0,29.45708031842098,None,1.0,1.0,32.016682968299314,31.88252210011339,22.433903300050158,18.77339770483871,25.28841689181166,17.819502014631365,844.0,29.45708031842098,None,1.0,1.0,,,,,,,,,,,,,,,,,,,,,,,
425607,285023_43888,Mohamed Amine Ben Hmida,Tunisia,DF,0,0,0,0,0,0,0.0,0.0,0,0,7,30,11,3,1,0,0,0,0,98,83,0,0,1,0,1,0,,,,38,2,0,36,12,26,0,1,18,208,5.95,167,70,22028.58,,,,,,,Round of 16,0.0,221.0,1016.0,0.0,False,,,None,1.0,1.0,22.02858,5.95,221.0,0.02292845094025519,0.01754444221744223,0.020783201947424026,0.20607757525249606,0.06971363018676781,0.12587441082990297,0.07611874401218321,0.2840528739966837,26.33112588752566,0.5071736216889807,0.27528993566162263,56.73137417446943,2.0414861488594336,10.066796723347831,2.843554924180004,0.766924194243726,0.3699742269938506,6.483813180505086,1.9629538836956446,0.16838951419280535,20.899886412330506,53.08170318565308,6.054667458211584,22.02858,700.0,50.20575219279707,None,1.0,1.0,32.32621038691235,35.72930356658253,48.20594755991898,49.546012452422325,45.325429691538325,40.69384068985481,700.0,50.20575219279707,None,1.0,1.0,,,,,,,,,,,,,,,,,,,,,,,
433380,285023_43888,Montassar Talbi,Tunisia,DF,0,1,0,1,0,1,0.08,0.0,0,0,5,17,6,1,1,0,0,0,0,113,95,0,0,0,0,4,75,,,,30,2,2,26,11,19,0,2,24,236,6.02,275,77,29945.79,,,,,,,Round of 16,0.0,298.0,1106.0,0.0,False,,,None,1.0,1.0,29.945790000000002,6.02,298.0,0.021341029844913435,0.016329775873233355,0.03367026983199625,0.3708846344626534,0.06488709884020238,0.2962342304707296,0.07084876304789076,0.2643868474713972,27.1942436045802,0.29298555548219213,0.7934543055780487,57.81774014253941,1.5419974074581784,7.041865921563172,1.7513123017994223,0.3556780706865208,0.34435954878496755,7.1093623285058705,1.8270513575162284,0.15673128801082173,20.706432290237643,68.74671480863205,7.053251498708518,29.945790000000002,640.0,53.7916252477142,None,1.0,1.0,34.97979713495783,32.205355505863785,56.45215797299804,37.55295372108779,57.42238327834712,50.83820938880284,640.0,53.7916252477142,None,1.0,1.0,,,,,,,,,,,,,,,,,,,,,,,
441362,285023_43888,Mortadha Ben Ouanes,Tunisia,DF,0,0,0,0,0,0,0.0,0.0,0,0,3,10,3,0,1,0,0,0,0,4,75,0,0,1,0,0,0,,,,17,6,8,3,13,4,0,0,3,8,2.42,38,18,3378.97,,,,,,,Round of 16,0.0,27.0,607.0,0.0,False,,,None,1.0,1.0,3.37897,2.42,27.0,0.02130271646567816,0.016300459157948064,0.019309575665994668,0.19146571074415186,0.06477060755353967,0.11694932602210358,0.07072156883342547,0.26391219589058773,7.6613365483775,0.4712126383881749,0.07701751337591334,16.95823874475144,1.1817229168802794,5.777952173690861,1.211908952357961,0.17628644718966058,0.343741322856708,3.3427843196353297,2.538783576978063,0.1564499095900412,10.12282662536957,26.258815012872095,2.291688018174751,3.37897,905.0,19.735021211172324,None,1.0,1.0,16.170311309038574,20.605901156068363,15.852348797543344,20.644409788153105,14.573174527393986,12.678068011895565,905.0,19.735021211172324,None,1.0,1.0,,,,,,,,,,,,,,,,,,,,,,,
433367,285023_43888,Omar Rekik,Tunisia,DF,1,1,100,1,0,1,0.11,8.73,0,0,5,17,5,0,1,0,0,0,1,93,83,2,0,4,25,1,100,,,,25,0,9,16,2,23,0,7,22,205,4.08,199,66,20477.26,,,,,,,Round of 16,1.0,200.0,106.0,0.0,False,,,None,1.0,1.0,20.477259999999998,4.08,200.0,0.219670689637667,0.017898672332091338,0.04279354740072014,0.40651767646949877,0.26740048252324394,0.3246951743799385,0.07765561540907354,0.6823466343237276,25.88136654984006,1.106251592487258,0.2808481622648151,57.287968016823704,1.6901460587874821,7.718418900235844,1.723291748291355,0.19357082670261744,0.3774441716761018,7.399841473118621,1.6100281921581205,0.17178937360007243,20.53674722990158,60.434384149259344,5.8724218866779605,20.477259999999998,556.0,58.48532826710851,None,1.0,1.0,59.493115325826516,48.287462673115364,56.3839093964001,42.41588205287713,42.12487494706926,43.06193226254865,556.0,58.48532826710851,None,1.0,1.0,,,,,,,,,,,,,,,,,,,,,,,
419189,285023_43888,Yan Valery,Tunisia,DF,0,0,0,0,0,0,0.0,0.0,0,0,13,68,10,4,1,0,0,0,1,80,68,7,29,8,13,1,100,,,,80,38,33,9,5,75,4,28,35,163,6.39,296,130,29256.28,,,,,,,Round of 16,0.0,274.0,1078.0,0.0,False,,,None,1.0,1.0,29.25628,6.39,274.0,0.021812872682262573,0.016690821607075412,0.01977200026247679,0.1960509204640604,0.06632173030113034,0.1197500216888585,0.07241520485609439,1.551469270674192,21.75538207450487,1.7637341321279822,0.2618957701478457,45.73459976565022,3.040361207005666,16.532285295175825,2.5221685984025064,0.9126435281278314,0.35197322009079235,9.27992019108306,8.456665285339788,0.8923319462779514,30.865038222950673,74.11039181504027,7.082992798890618,29.25628,421.0,65.78830421039072,None,1.0,1.0,39.86045507917435,59.51331997525882,52.512446618960254,64.15728495480138,48.099427877633424,64.39417122957309,421.0,65.78830421039072,None,1.0,1.0,,,,,,,,,,,,,,,,,,,,,,,
448662,285023_43888,Elias Achouri,Tunisia,FW,1,3,0,0,3,0,0.13,0.0,0,0,1,19,6,0,1,0,0,0,1,8,88,0,0,0,0,0,0,,,,31,17,13,1,16,15,0,3,10,33,6.83,68,40,6477.05,,,,,,,Round of 16,0.0,58.0,704.0,0.0,False,,,None,1.0,1.0,6.47705,6.83,58.0,0.024682619487896386,0.018886700741750674,0.04929808626204432,0.8431862620039356,0.28216131330374183,0.1355045830995445,0.08194229951447382,0.3057846786759633,9.705345884127834,0.3388613873824155,0.08923716276393308,24.826698033554884,0.9549875360244153,8.558713296873103,2.0255337002909495,0.20425617098485915,0.39827954749376454,5.322951790533509,5.219844394632247,0.18127235526738478,16.28543245070035,36.63848064929917,3.296944980387571,6.47705,767.0,44.122012497850534,None,1.0,1.0,51.46582693793348,37.286459100948186,33.909373941143876,32.04667162484982,37.766328411237694,27.9098066776491,767.0,44.122012497850534,None,1.0,1.0,56.446691982571195,60.85834629833416,35.864513054479744,56.862828022245246,36.48814966533777,32.63233271147794,B,B,D,B,C,D,49.98092838827981,B,46.4600076540375,34.78347436535589,,,None,1.0,41.65077365689984,60.160294117647055,106.0
482885,285023_43888,Elias Saad,Tunisia,FW,0,1,0,0,1,0,0.06,0.0,1,0,6,53,3,1,3,0,0,0,1,29,76,2,0,1,100,0,0,,,,45,12,32,1,25,20,2,19,35,76,4.99,199,86,15480.51,,,,,,,Round of 16,0.0,124.0,861.0,0.0,False,,,None,1.0,1.0,15.48051,4.99,124.0,0.02495950889832623,0.019098571586168653,0.03519048233120047,0.43376999148564843,0.0758890331281093,0.1370246723325116,0.2922990908473621,0.7280900951992719,14.212409199666194,0.5521002948052436,0.09023822447856406,34.11101893907301,2.012888394538863,15.775602021333267,1.4199434297064797,0.4159850782625496,0.8216225706498417,10.618603700623144,4.2312127469331795,0.602180993631197,26.102250203296315,64.48581160241754,5.219592804406188,15.48051,571.0,57.620968952270545,None,1.0,1.0,48.95041677327952,53.00547651314731,43.111583743576254,52.31329566738935,44.15890417818164,46.066169836862755,571.0,57.620968952270545,None,1.0,1.0,26.888662891051418,32.00015178537548,57.022906118539,46.480302806030735,64.9061848505907,60.89848681855013,D,D,B,C,B,B,30.55015054236146,D,38.7037037037037,39.44215281869966,,,None,1.0,25.458458785301218,50.13226643598615,186.0
494375,285023_43888,Firas Chaouat,Tunisia,FW,0,0,0,0,0,0,0.0,0.0,0,0,0,18,0,1,2,0,0,0,3,7,100,0,0,0,0,0,0,,,,25,22,3,0,20,5,1,5,5,14,6.2,83,35,6946.94,,,,,,,Round of 16,0.0,66.0,718.0,0.0,False,,,None,1.0,1.0,6.94694,6.2,66.0,0.02497964925941673,0.01911398263169944,0.0226424845048211,0.22451344678504107,0.07595026961061524,0.13713524046870074,0.08292839025393407,0.3094644807037052,9.61253311088321,0.3429392333549884,0.09031103963019894,21.1429369446635,0.7568732593420032,8.452101987554256,0.7922695234747799,0.4163207455113964,0.6126789924833944,4.338975189579009,6.330692632675385,0.3930603433670002,15.433377954990078,40.223485276584945,3.4351123277627527,6.94694,726.0,47.52869541776402,None,1.0,1.0,41.155548274584646,41.58792596170481,40.111246556997635,30.296254308600663,55.57564427583738,29.411409672936006,726.0,47.52869541776402,None,1.0,1.0,37.860961568964065,40.917542594771,23.86721273008324,53.62754012391364,26.264584323909148,18.169483860026002,C,C,E,B,E,E,34.35119904558565,D,37.35832606800349,40.78609350916253,,,None,1.0,28.62599920465471,47.896496539792395,205.0
494374,285023_43888,Hazem Mastouri,Tunisia,FW,2,3,33,1,2,1,0.21,4.8,0,0,1,38,4,2,2,0,0,0,0,10,70,1,100,0,0,0,0,,,,15,14,1,0,11,4,1,14,17,37,2.17,106,39,10041.14,,,,,,,Round of 16,1.0,92.0,92.0,0.0,False,,,None,1.0,1.0,10.041139999999999,2.17,92.0,0.2373983188876773,0.019343111859704696,0.06745894909395933,0.8635624828032608,0.5010991761242652,0.3508983773660504,0.0839224958992479,0.5252934176249753,10.36412121003553,0.34705022389554824,0.09139364492442482,26.27513048988401,0.978065517452137,12.795806232068397,1.650243771802235,0.633430623926372,0.6200234934839312,6.9364194439886635,4.709628125358597,0.3977721616609961,16.466862767321643,45.5844072555103,4.132630109591727,10.041139999999999,615.0,55.34956845400656,None,1.0,1.0,70.41326538332433,57.98900616843044,34.92717323496903,39.494378432243614,38.25769091852351,34.14204785383428,615.0,55.34956845400656,None,1.0,1.0,73.5582530159826,68.46658824422266,41.41026602448577,55.38263094457718,44.20467429867232,39.43505379991332,A,A,C,B,C,C,60.09977339618913,A,61.311346682371415,54.43884132754779,,,None,1.0,50.083144496824275,72.94865916955017,69.0
433365,285023_43888,Aymen Dahmen,Tunisia,GK,0,0,0,0,0,0,0.0,0.0,0,0,0,0,0,0,1,0,0,0,0,48,50,0,0,1,100,1,0,6.0,51.0,44.0,16,0,0,16,9,7,0,0,1,86,1.57,9,0,7797.05,,,,,,,Round of 16,0.0,198.0,977.0,0.0,False,,,None,1.0,1.0,7.7970500000000005,1.57,198.0,,,,,,,,,,,,,,,,,,,,,,,,,,,,,,,,,,,,,,,,,,,,,,,,,,,,,,,,,,,,,,,
520245,285023_43888,Mouhib Chamakh,Tunisia,GK,0,0,0,0,0,0,0.0,0.0,0,0,0,0,0,0,0,0,0,0,0,23,70,0,0,0,0,0,0,1.0,26.0,20.0,1,0,0,1,1,0,0,0,0,34,0.77,4,0,3891.4,,,,,,,Round of 16,0.0,100.0,810.0,0.0,False,,,None,1.0,1.0,3.8914,0.77,100.0,,,,,,,,,,,,,,,,,,,,,,,,,,,,,,,,,,,,,,,,,,,,,,,,,,,,,,,,,,,,,,,
433361,285023_43888,Anis Slimane,Tunisia,MF,1,1,0,1,0,1,0.11,0.0,2,0,5,92,5,0,0,0,0,0,2,75,79,4,50,2,50,2,100,,,,180,57,85,38,149,31,0,30,42,162,7.16,408,123,30657.94,,,,,,,Round of 16,0.0,257.0,1053.0,0.0,False,,,None,1.0,1.0,30.65794,7.16,257.0,0.02216032133564426,0.01695668312727435,0.04054136584560965,0.3851230581594597,0.25332746284747015,0.30760679243477695,0.4454673177965217,1.018334053797962,21.172168383454842,0.6761320390675394,0.45201672450705627,46.277138863315486,1.601195363875478,21.25840522907355,1.632596628925986,0.18338338789496708,0.1716303429760626,10.72938162183791,12.124405251181768,0.16274827086177604,30.055030015262673,96.11719086432181,7.456452723707789,30.65794,483.0,61.76005764397294,None,1.0,1.0,44.333762982270365,47.98050576838887,50.262332226895154,48.65538673535843,44.72938042642259,71.82989152351247,483.0,61.76005764397294,None,1.0,1.0,,,,,,,,,,,,,,,,,,,,,,,
411658,285023_43888,Ellyes Skhiri,Tunisia,MF,0,0,0,0,0,0,0.0,0.0,0,1,10,40,10,0,1,0,0,0,0,109,91,0,0,3,0,2,100,,,,63,2,18,43,53,10,0,7,20,230,6.61,286,59,29334.81,,,,,,,Round of 16,0.0,267.0,1067.0,0.0,False,,,None,1.0,1.0,29.33481,6.61,267.0,0.021954643088940094,0.016799301796800312,0.019900506239606465,0.19732513221638465,0.06675278121374091,0.12052832400244033,0.07288585964749342,0.27198869575771933,27.239259008240012,0.8540800587571157,0.4478213878975626,58.374818302845625,2.5074513422631575,11.481478368763439,2.5385611604053806,0.18168133795058117,0.3542608319646949,6.576882210849977,1.8795841039973478,0.16123774317140616,17.985776929627875,72.74982974553667,7.1434950123607015,29.33481,577.0,57.43816825396287,None,1.0,1.0,33.81787180807924,39.750257004111944,64.37382937166217,54.69580776741865,46.26890237050034,49.1040427648126,577.0,57.43816825396287,None,1.0,1.0,,,,,,,,,,,,,,,,,,,,,,,
433378,285023_43888,Hannibal Mejbri,Tunisia,MF,1,3,0,0,3,0,0.06,0.0,4,0,19,125,17,4,15,0,0,0,0,123,76,9,33,11,55,7,71,,,,150,25,93,32,73,77,3,30,75,289,6.27,368,102,31221.09,,,,,,,Round of 16,0.0,298.0,173.0,2.0,False,,,None,1.0,1.0,31.22109,6.27,298.0,0.021341029844913435,0.37447891317337567,0.030088778458994832,0.7290337717627958,0.24396166749027356,0.11715966182065837,0.7871470376481755,1.8760579653220377,28.984989291080915,2.262805810632975,1.3306780115282624,67.30869228099317,4.049041368559175,26.38191933577086,3.7211325569502054,0.8929017766367344,2.851403509885964,16.2421653296595,5.945766436467866,0.6939549939610353,25.183296506489423,85.40064969308865,7.281625296107953,31.22109,103.0,84.17427730619373,None,1.0,1.0,53.25752514159184,87.1858798725091,68.00747652953957,84.63050696907656,63.700197294681935,63.38466710119578,103.0,84.17427730619373,None,1.0,1.0,,,,,,,,,,,,,,,,,,,,,,,
464484,285023_43888,Ismael Gharbi,Tunisia,MF,0,3,0,2,1,0,0.26,0.0,1,0,3,62,9,0,2,0,0,0,0,36,97,1,0,0,0,0,0,,,,60,12,36,12,36,24,0,14,21,84,6.44,185,65,15753.85,,,,,,,Round of 16,0.0,142.0,885.0,0.0,False,,,None,1.0,1.0,15.75385,6.44,142.0,0.024637415854079837,0.018852111726401173,0.07608333255608528,0.8416420546297767,0.07490971379114962,0.5487261218480325,0.2885270813745398,0.5119595166504055,15.47614737600573,0.33824079822341996,0.08907373424167327,35.324707915763526,1.3667082775280612,17.43263748536376,2.6420286991633777,0.20388209718922745,0.6042849907983258,7.587286718178523,4.176610543017011,0.18094037392429485,21.42397865102301,60.75935862796206,5.208744832862405,15.75385,497.0,61.11491667957447,None,1.0,1.0,54.190686298961374,46.14791120403297,50.54105491409302,51.968201878007456,57.972686712652035,44.248588033955905,497.0,61.11491667957447,None,1.0,1.0,,,,,,,,,,,,,,,,,,,,,,,
479781,285023_43888,Mohamed Hadj Mahmoud,Tunisia,MF,0,0,0,0,0,0,0.0,0.0,0,0,1,25,6,2,0,0,0,0,0,13,92,0,0,0,0,1,100,,,,18,2,9,7,11,7,0,1,7,24,4.46,67,36,5920.56,,,,,,,Round of 16,0.0,52.0,691.0,0.0,False,,,None,1.0,1.0,5.92056,4.46,52.0,0.024358598337350892,0.018638765529389954,0.022079540816799557,0.2189315316150566,0.07406197308239076,0.13372574633784537,0.0808666017677236,0.30177048952345636,10.599915265467585,0.33441298365164723,0.29246096853946474,22.66122808980778,0.9424509346993017,9.672730367297115,1.9989435014525005,0.6103653312936524,0.18865586485567712,4.6398889266950984,2.085391871098338,0.17889270195933005,15.254064327059771,35.95311363387725,3.139920404659303,5.92056,778.0,42.76936292219627,None,1.0,1.0,34.56740919521149,34.9478265062962,34.12263571967916,31.32441447161168,52.98029429512906,26.72417339406189,778.0,42.76936292219627,None,1.0,1.0,,,,,,,,,,,,,,,,,,,,,,,
336459,285023_43888,Rani Khedira,Tunisia,MF,0,1,0,0,1,0,0.06,0.0,0,0,6,49,10,3,0,1,0,0,0,30,83,1,0,2,50,0,0,,,,35,11,17,7,31,4,1,5,19,74,7.49,218,49,18577.38,,,,,,,Round of 16,0.0,162.0,920.0,0.0,False,,,None,1.0,1.0,18.57738,7.49,162.0,0.02422679325675931,0.01853791062966603,0.03415742447163321,0.4210361649148381,0.07366122160253538,0.13300215245411182,0.08042903024511187,0.5034268788244649,13.998476545795269,0.7391820216258684,0.08758917562059133,32.70307143643513,1.9537976961835741,14.49933361901922,2.8012842729273113,0.81035190497447,0.18763504251085245,7.054253691268955,3.9037112587114082,0.3812139865251851,17.814284759499763,66.45525129665283,5.695926005994985,18.57738,618.0,55.13745707197951,None,1.0,1.0,43.3340264591488,47.519949065626896,43.326625359974486,51.92901547933255,48.258581906822954,41.33567662371954,618.0,55.13745707197951,None,1.0,1.0,,,,,,,,,,,,,,,,,,,,,,,
504502,285023_43888,Sebastian Tounekti,Tunisia,MF,0,0,0,0,0,0,0.0,0.0,0,0,1,33,1,1,0,0,0,0,0,18,89,3,0,1,0,0,0,,,,62,19,41,2,46,16,1,13,15,46,7.03,146,55,11128.49,,,,,,,Round of 16,0.0,98.0,793.0,0.0,False,,,None,1.0,1.0,11.12849,7.03,98.0,0.025257720629387366,0.01932675789050288,0.022894538751876668,0.22701271172971638,0.07679574167072838,0.1386618185159889,0.08385154217043578,0.9487290706693525,12.050877769991564,0.5586966900029182,0.0913163745831697,28.16037469698873,0.9772385950073007,11.725288367222454,1.0130288873971207,0.42095519329123887,0.19561951240493125,6.506675156469303,5.765345717300045,0.39743585829221423,19.843978744524907,54.023462557655336,4.359588940587056,11.12849,623.0,54.71104287627636,None,1.0,1.0,47.974600881616475,57.299932803699825,43.71833482382426,37.165152753529085,49.65442498698414,37.61607416269496,623.0,54.71104287627636,None,1.0,1.0,,,,,,,,,,,,,,,,,,,,,,,
484082,285023_43972,Abdulkerim Bardakci,Türkiye,DF,0,3,0,1,2,0,0.07,0.0,0,0,3,27,12,1,3,0,0,0,0,242,92,6,33,3,33,5,60,,,,25,2,1,22,11,14,1,2,24,516,6.08,258,93,30419.01,,,,,,,Round of 16,0.0,300.0,1113.0,0.0,False,,,None,1.0,1.0,30.41901,6.08,300.0,0.02130271646567816,0.016300459157948068,0.03182229109220325,0.7277249432959481,0.06477060755353967,0.29570240353936905,0.07072156883342547,1.3364306609941803,50.20456899748667,0.8287187934227057,0.9707829009622405,107.76480212352229,1.1817229168802794,8.816754491484371,2.8206866500133496,0.35503952470692596,0.7012474778912388,7.096598947497903,1.8237712669090016,0.3352029871073066,23.529307439164473,65.58449206667048,7.125178384364709,30.41901,457.0,63.30993225199546,None,1.0,1.0,41.04957186464196,48.18145804911097,74.44882397054657,45.931608182582615,53.786728003211,53.64301746189925,457.0,63.30993225199546,None,1.0,1.0,,,,,,,,,,,,,,,,,,,,,,,
401167,285023_43972,Caglar Soyuncu,Türkiye,DF,0,0,0,0,0,0,0.0,0.0,0,0,0,1,1,0,0,0,0,0,0,4,75,0,0,0,0,0,0,,,,4,0,0,4,3,1,0,0,1,8,1.8,9,3,1394.51,,,,,,,Round of 16,0.0,15.0,555.0,0.0,False,,,None,1.0,1.0,1.39451,1.8,15.0,0.01769274821698816,0.013538175761177173,0.01603736598502623,0.15901984227414462,0.05379455024679396,0.09713103879447751,0.058737058858017374,0.21918951232382095,6.363042890536689,0.24289922754577672,0.06396608970757257,14.084487713004403,0.5360831079187829,3.462664228575457,0.7096153015644328,0.14641286378754573,0.13702926048217953,2.4793915371803292,1.217791143469699,0.1299378350834677,6.180485246383586,17.503600561353426,1.6087215959263523,1.39451,936.0,5.715013287135193,None,1.0,1.0,2.940187689057657,3.80936718583407,7.717921301035304,3.7712872794783565,9.63181801266626,3.429988233504539,936.0,5.715013287135193,None,1.0,1.0,,,,,,,,,,,,,,,,,,,,,,,
484065,285023_43972,Eren Elmali,Türkiye,DF,0,0,0,0,0,0,0.0,0.0,0,0,4,26,3,2,1,1,0,0,0,59,88,4,25,1,100,1,100,,,,26,12,11,3,11,15,3,8,30,121,4.45,135,60,14528.21,,,,,,,Round of 16,0.0,134.0,874.0,0.0,False,,,None,1.0,1.0,14.52821,4.45,134.0,0.024788106167224447,0.01896741726965757,0.022468862711659435,0.22279188538962866,0.07536788555297796,0.13608369215690827,0.08229249820697994,1.1390887459128114,20.35478850406315,0.5483088941507995,0.2976178447349021,43.236739485380596,1.583066809409981,10.051286016364633,1.4101923491522448,0.6211277193934638,0.3999816839679747,9.505686753252357,4.202156028563787,0.8060449842668554,20.51501801947445,50.73101694038513,4.9856709110525195,14.52821,551.0,58.86337517479176,None,1.0,1.0,42.98411198070271,57.94463401994402,50.87709232062934,43.18634912893493,58.73369191234396,40.838288221970906,551.0,58.86337517479176,None,1.0,1.0,,,,,,,,,,,,,,,,,,,,,,,
484113,285023_43972,Ferdi Kadioglu,Türkiye,DF,0,1,0,0,1,0,0.04,0.0,0,0,0,16,7,0,3,0,0,0,0,175,92,4,0,9,78,1,0,,,,97,30,33,34,36,61,2,32,41,353,4.36,218,101,19552.43,,,,,,,Round of 16,0.0,179.0,951.0,0.0,False,,,None,1.0,1.0,19.55243,4.36,179.0,0.023856855617351472,0.01825484093797339,0.029632146405950313,0.41460703814997135,0.07253643145194719,0.1309712397454599,0.07920089719120732,1.096294955462292,42.81156204440716,2.1291905585876223,0.2864368057442005,88.05534500697232,0.7228530665597506,7.6718238823642935,2.1579540063724294,0.19742272421808263,0.7853251888808152,11.350608970435882,7.647619315490981,0.5755780323681008,27.951889713392852,65.44049467862295,5.80414098628538,19.55243,315.0,70.94698013525351,None,1.0,1.0,47.46625524880157,61.75129654420856,88.0098698795954,45.28972600491621,60.46501125064315,52.27553315363201,315.0,70.94698013525351,None,1.0,1.0,,,,,,,,,,,,,,,,,,,,,,,
441179,285023_43972,Merih Demiral,Türkiye,DF,2,6,0,3,3,2,0.24,0.0,0,0,3,9,3,2,1,0,0,0,3,124,96,1,0,5,40,2,100,,,,36,17,4,15,19,17,2,10,26,273,4.05,153,57,21211.19,,,,,,,Round of 16,0.0,208.0,1001.0,0.0,False,,,None,1.0,1.0,21.21119,4.05,208.0,0.023214234657072664,0.017763118826666934,0.06779252007057372,1.3774029855878303,0.4601681608419399,0.7118217426952912,0.07706749967125337,0.4823861570886281,31.723933986016753,1.2926663298517305,0.4735139961508643,70.10001499548673,1.287760325604365,6.101621918484522,1.3206549900981925,0.5816904499577089,0.37458564230457003,8.122970856203523,4.909312510765675,0.5600739561474793,18.628079330294348,51.016222381770476,5.970912068184829,21.21119,369.0,68.40145919733565,None,1.0,1.0,57.11346618790179,51.60097669844499,78.55771071596314,42.18991939020179,67.27331052126486,45.28140502908293,369.0,68.40145919733565,None,1.0,1.0,,,,,,,,,,,,,,,,,,,,,,,
430120,285023_43972,Mert Muldur,Türkiye,DF,0,3,0,3,0,3,0.22,0.0,0,0,1,10,5,1,2,0,0,0,0,81,89,6,17,4,100,0,0,,,,52,20,24,8,8,44,2,27,26,173,7.5,145,57,15133.29,,,,,,,Round of 16,0.0,132.0,873.0,0.0,False,,,None,1.0,1.0,15.13329,7.5,132.0,0.024824068322047158,0.018994934869906523,0.06832769529377984,0.8480183145253823,0.07547722797513122,0.7611843265486669,0.08241188673716059,1.5573434538101778,24.966942393005137,1.174007577721302,0.08974855470278585,54.13112217753386,0.9604602887711573,6.73305114642602,1.8288403694586721,0.41372777188072596,0.6088630393061784,8.686273163477265,5.874660994447862,0.5989133115171796,19.919877645539987,52.88762730897101,5.1189428467388565,15.13329,399.0,66.94655696704741,None,1.0,1.0,58.781982266233925,66.95740041545479,66.90440060945532,42.585784714411474,55.07819191309944,44.04584865932066,399.0,66.94655696704741,None,1.0,1.0,,,,,,,,,,,,,,,,,,,,,,,
406249,285023_43972,Ozan Kabak,Türkiye,DF,0,0,0,0,0,0,0.0,0.0,0,0,3,10,7,3,0,0,0,0,0,36,72,0,0,2,0,0,0,,,,16,0,4,12,9,7,0,2,11,73,1.98,100,33,10366.33,,,,,,,Round of 16,0.0,104.0,825.0,0.0,False,,,None,1.0,1.0,10.36633,1.98,104.0,0.02521470586767737,0.019293843761097256,0.022855548569693466,0.22662610132082497,0.07666495589727006,0.13842567269866604,0.08370874012751192,0.31237651803681277,15.838775720717146,0.7693241553036041,0.09116085967544896,33.825048127490895,1.3987322139989549,6.839004068417723,2.280777333752313,0.8433961819335096,0.19528636568771984,5.649278286781047,1.735527184033939,0.18518006657476416,15.155446983320147,44.19882729030283,4.19090740296391,10.36633,746.0,45.930182605495474,None,1.0,1.0,43.57892404076908,50.82681937744245,35.35191108518774,34.533569444219296,35.05644868540042,30.4537584904283,746.0,45.930182605495474,None,1.0,1.0,,,,,,,,,,,,,,,,,,,,,,,
433072,285023_43972,Zeki Celik,Türkiye,DF,1,1,0,1,0,0,0.1,0.0,1,0,5,35,9,1,0,0,0,0,0,79,89,1,0,1,100,1,100,,,,74,24,19,31,13,61,3,7,29,164,4.4,224,87,19112.83,,,,,,,Round of 16,0.0,173.0,941.0,0.0,False,,,None,1.0,1.0,19.112830000000002,4.4,173.0,0.02398867550545073,0.018355707168138412,0.04187334997641734,0.41689792904735945,0.2742284378833631,0.3329861248501554,0.2809297278018898,0.49847884979464135,23.72415908194204,0.5306256173748203,0.2880194982954036,50.497851829474975,1.7333032054484987,11.538747158409294,2.572460095478039,0.39980478374792905,0.1857908349875597,8.997831685620204,6.482128602147775,0.7800495705452598,25.288259572954928,67.00983018872482,5.74772386735084,19.112830000000002,475.0,62.232500592228746,None,1.0,1.0,53.184834559213634,48.818858514228594,56.906358141297666,48.68952894510697,54.641525346885075,48.466397185484155,475.0,62.232500592228746,None,1.0,1.0,,,,,,,,,,,,,,,,,,,,,,,
484087,285023_43972,Arda Guler,Türkiye,FW,4,12,8,3,9,0,0.75,1.34,11,0,12,62,7,3,10,0,0,0,2,198,86,14,29,9,67,5,80,,,,268,40,122,106,157,111,6,46,89,455,6.43,425,120,33635.28,,,,,,,Round of 16,1.0,313.0,144.0,0.0,False,,,None,1.0,1.0,33.63528,6.43,313.0,0.19775261546455158,0.016112797173133405,0.15160863346492096,2.3096032316232367,0.7708055257204676,0.6456883768776602,2.013554028113062,2.734605964255537,41.8519931983414,1.879348920653027,0.9596065871999452,95.74573617145765,2.758374471408286,14.899580273602046,1.904737232812599,0.7043423687036697,1.9300402920770752,18.50008284276807,8.517190484560281,1.2148196539591631,28.029191090959163,94.33752885026283,7.611447790566786,33.63528,60.0,88.08829132347938,None,1.0,1.0,76.9768624252598,68.11034800087245,82.84447367282793,68.60415781389781,70.79018025061048,71.16172645314455,60.0,88.08829132347938,None,1.0,1.0,76.82381809869469,63.19204644632491,89.42868961713475,48.17195660907995,80.79806883435135,67.15472892758211,A,A,S,C,A,B,63.531936268494015,A,60.81429990069513,47.077903920362395,,,None,1.0,52.94328022374501,83.62768166089965,43.0
484139,285023_43972,Baris Alper Yilmaz,Türkiye,FW,0,1,100,0,1,0,0.06,16.87,0,0,24,37,5,4,1,0,0,0,2,38,76,15,0,12,67,2,0,,,,103,65,34,4,47,56,8,43,49,119,6.43,228,106,21165.94,,,,,,,Round of 16,1.0,200.0,60.0,1.0,False,,,None,1.0,1.0,21.16594,6.43,200.0,0.219670689637667,0.2141779753770252,0.03297958224847344,0.40651767646949877,0.07112117947831002,0.1284158713350045,0.07765561540907354,3.233977573907868,15.086004882368698,2.6764860168467295,0.47712746530974903,40.40794795495939,5.4194528166412255,11.644004961134522,1.723291748291355,0.978688038882353,0.3774441716761018,12.699382655331835,14.368182890078824,1.7420237979595437,28.387919351698933,66.12648393756243,6.007595517098945,21.16594,223.0,75.05528894929994,None,1.0,1.0,55.96430244812262,82.51375364952496,59.319953195436746,61.948180310228885,58.36196441417666,56.313353956069435,223.0,75.05528894929994,None,1.0,1.0,48.75861875927187,61.21883656509696,84.59056129545725,73.88509441542789,67.83219340916573,61.04923964045451,B,B,S,A,B,B,52.338441230358036,B,54.10978384527873,62.16651333946641,,,None,1.0,43.61536769196503,76.45467128027681,60.0
486074,285023_43972,Can Uzun,Türkiye,FW,1,4,0,3,1,0,0.39,0.0,0,0,4,9,3,0,1,0,0,0,0,24,92,0,0,0,0,0,0,,,,24,5,6,13,13,11,1,9,20,64,4.39,92,27,6108.16,,,,,,,Round of 16,0.0,55.0,696.0,0.0,False,,,None,1.0,1.0,6.10816,4.39,55.0,0.024533093229427153,0.018772285912395676,0.10252290268739929,1.043937745257373,0.28045199207534616,0.7522621113402242,0.08144589655113468,0.3039322481054538,12.940302827719634,0.3368085795181679,0.0886965678294674,31.05794251551954,1.5667806714100232,6.448270278481505,1.395684694094188,0.2030187957933162,0.39586678694414923,7.349300272570862,2.717909162469816,0.386033684799561,13.510602887252931,41.35715356661405,3.201032728205816,6.10816,669.0,52.255029347334,None,1.0,1.0,62.3100307463486,38.991490422152566,41.073537218034126,36.120333986199604,51.26245519615019,30.780072129211433,669.0,52.255029347334,None,1.0,1.0,67.90416032991537,70.70542253253899,37.66555470350742,59.96066904907911,42.767272594272335,44.33640492207964,A,A,D,B,C,C,58.73142485912173,A,43.46754313886606,23.660960795140802,,,None,1.0,48.94285404926811,67.66448961937716,79.0
495347,285023_43972,Deniz Gul,Türkiye,FW,1,2,0,2,0,1,0.7,0.0,0,0,0,5,0,2,0,0,0,0,0,0,0,0,0,0,0,0,0,,,,14,13,1,0,14,0,1,3,3,7,4.28,43,22,5152.77,,,,,,,Round of 16,0.0,50.0,681.0,0.0,False,,,None,1.0,1.0,5.15277,4.28,50.0,0.024226793256759308,0.01853791062966603,0.16426256248998938,0.6243254430685196,0.27695049975621694,0.5395807087614749,0.08042903024511186,0.30013760067078327,7.899798201184825,0.33260346531850526,0.08758917562059133,19.082689800138468,0.7340620272614844,5.5546053802572315,0.7683914913904956,0.6070626268207883,0.18763504251085245,3.801625240810051,4.310289815018771,0.38121398652518507,12.325474249350362,30.879627619758573,2.9668467296002903,5.15277,822.0,36.05257857583879,None,1.0,1.0,62.22948169429118,35.0773167911372,20.431673032366295,19.196374488768512,22.42764266304308,19.9650641735736,822.0,36.05257857583879,None,1.0,1.0,72.74652683827988,74.08264713694837,42.691886216898126,52.623120678353175,40.832449434914594,39.21646220815197,A,A,C,B,C,C,61.29390942542855,A,53.79655005642431,89.6420913739073,,,None,1.0,51.07825785452379,64.92398356401384,84.0
472877,285023_43972,Irfan Can Kahveci,Türkiye,FW,0,0,0,0,0,0,0.0,0.0,0,0,0,4,1,0,0,0,0,0,0,2,100,0,0,0,0,0,0,,,,7,4,3,0,3,4,0,1,0,4,2.74,13,6,1019.59,,,,,,,Round of 16,0.0,7.0,517.0,0.0,False,,,None,1.0,1.0,1.01959,2.74,7.0,0.013083268445958559,0.010011083952575576,0.011859161831439924,0.1175905099191417,0.039779492319493424,0.07182555470736762,0.04343433249265594,0.16208421637503312,4.485717766267755,0.17961685546658085,0.04730104745846555,9.975933924475422,0.3964177370427281,2.889887421789414,0.5247397052094455,0.1082680190426692,0.10132911958347658,1.7236544068823374,1.3396525326887296,0.09608521846546082,4.899636361183134,13.382530996832955,1.1484426287530876,1.01959,913.0,17.814543433983328,None,1.0,1.0,5.7448927786481505,6.834079936036258,24.897670408602117,7.044143280275052,40.9157590934983,6.588214907001157,913.0,17.814543433983328,None,1.0,1.0,4.06049692570373,4.735703714947065,2.140387969510115,10.839271743037788,1.9457956914523975,4.83916558313076,G,G,G,F,G,F,3.396951427042484,G,11.145935357492656,5.377503852080123,,,None,1.0,2.8307928558687365,6.804303633217993,284.0
484112,285023_43972,Kenan Yildiz,Türkiye,FW,1,14,0,11,3,0,0.38,0.0,0,0,7,32,5,2,4,0,0,0,0,121,89,8,13,10,70,1,0,,,,84,38,28,18,30,54,2,92,128,307,6.05,236,78,25197.64,,,,,,,Round of 16,0.0,249.0,1042.0,0.0,False,,,None,1.0,1.0,25.19764,6.05,249.0,0.022327440569971314,0.017084559788358614,0.09143204426248357,2.8235986421856354,0.2552378995683036,2.183442898750725,0.07412348691245536,1.7754202216465287,29.95001070166027,2.1800440656922997,0.26807391803363123,73.79211876815819,1.9879738400928058,10.17762480446054,1.644908647982866,0.5594696160958155,0.9223312028811548,26.92253631266689,8.656158880535783,0.5386788819618342,21.850862706922715,64.61756553061564,6.489688488917464,25.19764,197.0,76.6273061120788,None,1.0,1.0,56.99149068662014,61.092183496750295,80.71103391618341,56.24337182168616,73.01431391698642,54.82036147763135,197.0,76.6273061120788,None,1.0,1.0,33.363811940771974,32.72113231890107,84.44057931748523,41.20445750777103,55.78069565853481,44.57949384740046,D,D,S,D,B,C,33.53993233733312,D,58.72464827334185,44.40183232129541,,,None,1.0,27.949943614444265,49.665008650519034,189.0
441188,285023_43972,Kerem Akturkoglu,Türkiye,FW,1,3,0,2,1,0,0.59,0.0,0,0,10,38,2,0,2,0,0,0,0,15,60,2,50,0,0,0,0,,,,71,57,12,2,66,5,2,18,20,45,4.21,147,73,15234.03,,,,,,,Round of 16,0.0,143.0,891.0,0.0,False,,,None,1.0,1.0,15.23403,4.21,143.0,0.024617903469449417,0.018837181197271003,0.14419154566370737,0.8409754894514988,0.2814215070297059,0.5482915407535834,0.08172745281355674,0.7181251744051697,11.12589702143578,0.33797291767167187,0.08900318946647094,27.24045769613614,2.811623712037117,12.461124265158531,1.1939384179806816,0.20372062628159757,0.6038064080915725,7.374706604918908,13.469003160075376,0.5939393131787163,23.059580213070724,52.86153574858434,5.097239802033199,15.23403,601.0,55.85623064258945,None,1.0,1.0,65.1108363564592,50.41180928277515,35.79732337491902,52.99051336395797,34.358161494300205,39.24147269972529,601.0,55.85623064258945,None,1.0,1.0,48.553354668358544,47.69096497552462,38.56060844301773,46.01509801019221,48.136498299257525,55.70693651421787,B,C,D,C,C,C,42.88752544585391,B,66.74376508447305,55.77939705672239,,,None,1.0,35.739604538211594,54.64904844290657,144.0
486076,285023_43972,Oguz Aydin,Türkiye,FW,0,0,0,0,0,0,0.0,0.0,0,0,3,24,9,0,2,0,0,0,0,46,85,3,0,3,67,0,0,,,,15,10,4,1,6,9,2,15,27,94,2.13,103,55,10321.84,,,,,,,Round of 16,0.0,97.0,790.0,0.0,False,,,None,1.0,1.0,10.32184,2.13,97.0,0.025262901415384682,0.01933072213565872,0.022899234809273177,0.2270592758791659,0.07681149377714125,0.1386902604018689,0.08386874154095318,0.9489236710593358,17.988883638375327,0.9827780045350133,0.09133510511715998,38.34135205969967,1.4014057595680882,9.819843198589671,2.7091035423071257,0.2090581801337906,0.619626353662686,9.051810083980737,3.8586780635555367,0.6095007373059124,19.848049080432062,44.9192592819191,4.189486790180508,10.32184,547.0,59.00930124551893,None,1.0,1.0,49.62588818223097,64.95282335442026,50.06533766939884,45.66413629844106,45.57709541711167,39.045284009904975,547.0,59.00930124551893,None,1.0,1.0,24.92932384142416,27.712214928091676,40.878071909101244,51.87244930325009,38.16978164661132,44.108391278949256,D,D,C,B,C,C,26.57814710678339,E,34.12927130506381,36.79277436946149,,,None,1.0,22.148455922319492,44.30151384083045,226.0
406231,285023_43972,Yunus Akgun,Türkiye,FW,0,0,0,0,0,0,0.0,0.0,0,0,3,12,4,2,1,1,0,0,0,52,79,2,50,2,0,0,0,,,,71,35,29,7,36,35,0,24,24,117,4.11,101,52,10803.37,,,,,,,Round of 16,0.0,103.0,818.0,0.0,False,,,None,1.0,1.0,10.803370000000001,4.11,103.0,0.025223205026366137,0.019300347165923885,0.02286325252369682,0.22670249052037583,0.07669079746882983,0.1384723320475809,0.08373695595797664,0.7357823354492845,19.23051871411405,0.7695834725493946,0.09119158740301604,43.14906111935932,1.3992036867622006,7.264609825958161,1.6465953324985347,0.6320302046525721,0.4070024532513558,8.402635904722652,9.143871354133104,0.18524248549728003,19.181910432362837,44.42537571734124,4.284819668948242,10.803370000000001,629.0,54.516749879631575,None,1.0,1.0,44.506120983369144,61.76846916892266,48.320069982319346,38.818131536443616,43.08578703986703,36.308044421062526,629.0,54.516749879631575,None,1.0,1.0,22.8207018165872,25.511326983645123,61.009523855601245,56.78881816836183,35.93870012069785,27.84593061601372,E,E,B,B,D,E,25.756122853902852,E,45.84332533972821,56.10669863629552,,,None,1.0,21.46343571158571,44.626730103806224,223.0
441181,285023_43972,Ugurcan Cakir,Türkiye,GK,0,0,0,0,0,0,0.0,0.0,0,0,0,0,0,0,0,0,0,0,0,98,79,0,0,0,0,1,100,8.0,55.0,46.0,26,0,1,25,13,13,0,0,2,185,3.03,55,10,15872.23,,,,,,,Round of 16,0.0,313.0,1173.0,0.0,False,,,None,1.0,1.0,15.87223,3.03,313.0,,,,,,,,,,,,,,,,,,,,,,,,,,,,,,,,,,,,,,,,,,,,,,,,,,,,,,,,,,,,,,,
369304,285023_43972,Hakan Calhanoglu,Türkiye,MF,2,11,0,2,9,0,0.4,0.0,8,0,11,28,5,2,1,0,0,0,0,190,90,10,10,5,60,7,86,,,,79,8,27,44,53,26,2,9,54,420,4.59,319,72,24004.04,,,,,,,Round of 16,0.0,208.0,1001.0,0.0,False,,,None,1.0,1.0,24.00404,4.59,208.0,0.023214234657072664,0.017763118826666934,0.09895936881567415,2.3513670088722187,0.4601681608419399,0.5170289380384134,1.6354099369262753,2.2355213990005276,44.580259093370685,1.2926663298517305,1.447478019435253,98.73455728004777,2.8461027628593865,9.802685206965197,1.7102405994119485,0.5816904499577089,0.37458564230457003,13.577169386596099,3.1561772688537757,0.5600739561474793,21.549971400147513,83.35182795481218,6.51493915267079,24.00404,177.0,77.95794025917105,None,1.0,1.0,59.11419462699119,62.946852553438724,80.71210869691726,58.80591786676616,69.73397976193985,57.96944799636823,177.0,77.95794025917105,None,1.0,1.0,,,,,,,,,,,,,,,,,,,,,,,
484092,285023_43972,Ismail Yuksek,Türkiye,MF,0,5,0,3,2,1,0.32,0.0,0,0,16,34,13,2,0,0,0,0,0,111,94,1,0,2,50,2,100,,,,48,7,11,30,35,13,2,4,33,249,4.43,156,43,16925.98,,,,,,,Round of 16,0.0,153.0,905.0,0.0,False,,,None,1.0,1.0,16.92598,4.43,153.0,0.024416218822856346,0.018682855698460933,0.08769297520068815,1.2438432447287509,0.0742371673520855,0.74867837295769,0.08105789244834902,0.5073630960736538,30.703108501585636,0.744961572035668,0.49803155333325855,68.8125557170476,4.017861796705628,11.539520190252986,3.4378233804758445,0.611809156026002,0.18910213201669712,9.977712534732335,3.114718713089657,0.5890734057051236,16.724299314732114,54.27237119944508,5.402124780686158,16.92598,275.0,73.13042559108457,None,1.0,1.0,58.115912390995014,54.82072021258867,70.44795268887948,64.40135345989269,70.37434473890202,47.19592519150538,275.0,73.13042559108457,None,1.0,1.0,,,,,,,,,,,,,,,,,,,,,,,
336170,285023_43972,Kaan Ayhan,Türkiye,MF,1,1,100,1,0,0,0.68,1.48,0,0,0,1,1,0,0,0,0,0,0,3,33,0,0,0,0,0,0,,,,3,1,0,2,2,1,0,2,1,9,2.18,13,7,1239.03,,,,,,,Round of 16,1.0,11.0,78.0,0.0,False,,,None,1.0,1.0,1.23903,2.18,11.0,0.14792108452864378,0.012052545687150232,0.10415299822171224,0.27373945828921203,0.18006120636104442,0.2186421065765253,0.0522914680606518,0.19513645398243232,5.532615877049363,0.21624435145569543,0.05694668411970983,12.671077230208143,0.4772553011779489,3.0826840743082244,0.6317447042556745,0.13034604965362473,0.12199216878052059,2.207312144956313,1.216325055123961,0.1156789305634419,6.030940813650774,16.111498716134225,1.411636578263117,1.23903,907.0,19.377494344343102,None,1.0,1.0,58.17901507654699,7.432649417789797,8.075107273637126,7.596988309199911,7.798663969770449,7.242340367089217,907.0,19.377494344343102,None,1.0,1.0,,,,,,,,,,,,,,,,,,,,,,,
433118,285023_43972,Orkun Kokcu,Türkiye,MF,0,3,0,2,1,0,0.56,0.0,2,0,7,37,9,2,4,0,0,0,0,85,71,6,0,4,25,0,0,,,,105,20,48,37,73,32,2,23,41,204,6.6,207,67,19220.02,,,,,,,Round of 16,0.0,172.0,199.0,1.0,False,,,None,1.0,1.0,19.22002,6.6,172.0,0.024010538415679936,0.21984709992267912,0.13458985798087447,0.8202272107037415,0.0730037018225734,0.5347642669325443,0.4826604264839433,1.5063064739838463,24.95462889783817,1.1355332123438202,0.08680733119515054,58.60286134145145,2.1378322386450055,11.952212722547342,2.5748045960788692,0.6016438233292561,0.9918588164799539,11.423728134892745,5.682137659966555,0.5792858320919833,21.28181363123107,63.64583263627315,5.774558323756187,19.22002,353.0,68.98130682226589,None,1.0,1.0,57.00035168065084,73.27390625881884,56.339667042822725,57.57700601913377,50.768854705687595,49.20972168641556,353.0,68.98130682226589,None,1.0,1.0,,,,,,,,,,,,,,,,,,,,,,,
389907,285023_43972,Salih Ozcan,Türkiye,MF,0,0,0,0,0,0,0.0,0.0,0,0,5,33,12,2,2,0,0,0,0,61,85,1,0,3,33,2,100,,,,27,1,6,20,23,4,0,1,30,133,4.65,168,60,13200.62,,,,,,,Round of 16,0.0,120.0,853.0,0.0,False,,,None,1.0,1.0,13.20062,4.65,120.0,0.02502132448411705,0.019145871771247457,0.022680260480765043,0.22488801763052574,0.07607698254077694,0.13736403239053732,0.08306674525091491,0.5199370447254217,20.966208582785068,0.9733801728865746,0.5103742389306822,46.16300650119923,1.8079173201135101,11.615547151343728,3.3130664838783197,0.6269715850084909,0.613701165950113,9.595120784660253,1.9321730148998175,0.1837598486404386,20.70803308650887,58.136875227300926,4.753842643084672,13.20062,525.0,59.8709498236788,None,1.0,1.0,43.3549842188112,54.34193436077095,52.15564537806014,53.52231530454821,53.81928450105383,42.370261794046264,525.0,59.8709498236788,None,1.0,1.0,,,,,,,,,,,,,,,,,,,,,,,
464542,285023_43921,Alex Freeman,USA,DF,1,2,50,2,0,1,0.71,1.4,0,0,16,43,14,1,1,0,0,0,0,225,92,1,0,6,67,3,67,,,,87,4,27,56,17,70,1,15,63,460,6.37,410,127,35810.75,70.0,27.0,52.0,5.60806941986084,6.666411876678467,6.381701946258545,Round of 16,1.0,341.0,72.0,1.0,True,59.05,5.960228919982909,B,1.1,1.1,35.81075,6.37,341.0,0.19299898848706443,0.18817318173924166,0.14106631878106335,0.5296073295041656,0.23493358505435213,0.45771944967452965,0.0682269229864601,0.42705061575646963,45.50203260383335,1.3168295357774507,0.5916439072830737,94.30641468734062,3.381858806022515,11.264913972868579,3.0660846375856696,0.3425157941049532,0.3316161271400431,13.571732801892487,2.104334634170435,0.3233789742428973,28.562552320477504,89.48310404645636,7.803636714598694,35.81075,90.0,84.82189408564575,B,1.1,1.1,74.59830415851755,72.51039205902677,90.89838057270508,73.20121533252491,75.11702742693554,78.5975550202041,90.0,84.82189408564575,B,1.1,1.1,,,,,,,,,,,,,,,,,,,,,,,
441251,285023_43921,Antonee Robinson,USA,DF,0,0,0,0,0,0,0.0,0.0,3,0,12,44,10,2,1,1,0,0,0,164,82,14,29,11,55,0,0,,,,95,33,28,34,12,83,7,36,66,357,4.9,415,157,32798.47,280.0,97.0,28.0,4.532846450805664,6.019061088562012,6.790348529815674,Round of 16,0.0,301.0,1120.0,0.0,True,189.55,5.320154166221619,C,1.0,1.0,32.79847,4.9,301.0,0.021283618075543225,0.016285845410031047,0.019292264173819323,0.19129405719719011,0.06471253916895936,0.11684447817990531,0.6064366287127858,2.7639750884143917,36.229319362166606,2.2567183965637523,0.07694846535004088,79.27192986223749,2.787998864606543,11.84492802165001,2.460972195293581,0.5333140445066887,0.3434331506149193,14.591135166553565,7.358513668313966,1.4064593965693588,34.93815341088096,93.56476693545537,7.543744967300468,32.79847,225.0,74.94133443901345,C,1.0,1.0,43.4187810124618,64.91201712423054,74.47085697559,58.13971625653542,57.847306589958194,75.46844976019545,225.0,74.94133443901345,C,1.0,1.0,,,,,,,,,,,,,,,,,,,,,,,
390272,285023_43921,Auston Trusty,USA,DF,2,3,33,3,0,1,0.27,3.7,0,0,5,31,6,2,0,0,0,0,0,50,76,2,0,2,0,1,100,,,,18,3,5,10,3,15,2,5,11,108,3.04,145,44,12844.54,,,,,,,Round of 16,1.0,123.0,98.0,0.0,False,,,None,1.0,1.0,12.84454,3.04,123.0,0.23454601891244733,0.01911070769721182,0.07922268039737507,0.8531869280821901,0.49507855569888115,0.765823692894936,0.08291418154345871,0.7285527571425959,18.622424059805283,0.7620217743266018,0.29986621559180626,40.83895543683732,1.8045968268367165,11.175072273571823,2.049557675869867,0.6258200639131399,0.19343271864955666,5.595655659685838,2.3477656078308033,0.602563647138755,17.316869491004653,53.20997377580354,4.67048762859905,12.84454,524.0,59.9286885173172,None,1.0,1.0,73.64903587454496,55.49111522128194,44.19080442129616,44.86713522451888,40.9892293110892,38.82604966555518,524.0,59.9286885173172,None,1.0,1.0,,,,,,,,,,,,,,,,,,,,,,,
419062,285023_43921,Chris Richards,USA,DF,0,1,0,1,0,1,0.06,0.0,0,0,3,15,9,7,3,1,0,0,0,217,97,0,0,2,0,1,100,,,,23,2,1,20,15,8,0,1,25,445,4.52,361,70,32007.16,287.0,8.0,353.0,4.5183305740356445,7.2419939041137695,4.614615440368652,Round of 16,0.0,319.0,1180.0,0.0,True,261.65,4.9509512901306145,C,1.0,1.0,32.00716,4.52,319.0,0.02094647753188705,0.016027871471767822,0.029532498034694484,0.3640277305804791,0.0636874681232679,0.29075746099525485,0.06953891326375457,0.2594988714476695,44.97091697193339,0.6390965343150088,0.25149341606706166,93.48345079638982,1.1619613192162348,6.5601484309076366,2.2462256233931375,1.4036853660052664,0.689520726786507,7.15368849667961,1.7932728873878132,0.15383364470786684,19.093265493407987,82.59141816549297,7.285165512727509,32.00716,453.0,63.50888618590517,C,1.0,1.0,36.82225094771313,37.4952776099797,73.2805373128778,41.37729343001822,75.2130488099074,54.08958771055675,453.0,63.50888618590517,C,1.0,1.0,,,,,,,,,,,,,,,,,,,,,,,
423700,285023_43921,Joe Scally,USA,DF,0,0,0,0,0,0,0.0,0.0,0,0,4,19,4,0,2,0,0,0,1,53,87,4,25,2,50,0,0,,,,43,11,17,15,10,33,2,10,25,122,3.29,164,53,11427.62,,,,,,,Round of 16,0.0,100.0,811.0,0.0,False,,,None,1.0,1.0,11.427620000000001,3.29,100.0,0.02524558075532909,0.01931746867513036,0.022883534717856806,0.22690360031105503,0.07675883055567671,0.13859517208188762,0.08381123975453383,1.1601110923290987,19.459416296802427,0.7702661768757535,0.09127248426926672,44.24652912890843,1.6122829516877055,8.753920458234708,1.648056041826836,0.20891484641252092,0.6192015276596546,8.621927976504214,4.067870509432371,0.6090828535917292,19.41076489421321,57.810581054313765,4.420860653803585,11.427620000000001,520.0,60.06520296928992,None,1.0,1.0,48.518755296926216,66.1795827537513,53.340020952457614,44.43848133313411,47.0871386541415,40.73081605576176,520.0,60.06520296928992,None,1.0,1.0,,,,,,,,,,,,,,,,,,,,,,,
419077,285023_43921,Mark Mckenzie,USA,DF,0,0,0,0,0,0,0.0,0.0,0,0,2,9,1,1,1,0,0,0,0,51,92,0,0,1,0,0,0,,,,2,0,0,2,1,1,0,0,8,104,1.62,148,50,11338.0,,,,,,,Round of 16,0.0,104.0,825.0,0.0,False,,,None,1.0,1.0,11.338,1.62,104.0,0.02521470586767737,0.019293843761097256,0.022855548569693466,0.22662610132082497,0.07666495589727006,0.13842567269866604,0.08370874012751192,0.31237651803681277,19.01245989367351,0.5577452104398464,0.09116085967544896,40.38399541826738,1.1871532691351971,6.627425123553965,1.0113036645697677,0.42023829220599457,0.40686531055147745,5.014541452189774,1.735527184033939,0.18518006657476416,18.752289046004027,54.35461664376318,4.3964923163196765,11.338,675.0,52.05385916013903,None,1.0,1.0,43.80166173209324,47.55811968993544,48.5342825205977,34.509697252345255,50.382465470122064,35.79456173922581,675.0,52.05385916013903,None,1.0,1.0,,,,,,,,,,,,,,,,,,,,,,,
436599,285023_43921,Miles Robinson,USA,DF,0,1,0,1,0,1,0.06,0.0,0,0,6,11,5,2,0,0,0,0,0,58,93,0,0,0,0,1,100,,,,15,0,0,15,10,5,0,1,18,129,1.7,134,43,11909.05,,,,,,,Round of 16,0.0,104.0,825.0,0.0,False,,,None,1.0,1.0,11.909049999999999,1.7,104.0,0.02521470586767737,0.019293843761097256,0.03555028526151892,0.43820504618458245,0.07666495589727006,0.3500046175624237,0.08370874012751192,0.31237651803681277,20.493512507719814,0.3461662655760889,0.3027398045392065,45.67346903986132,2.033469048590227,7.050583013281481,1.8576194440247984,0.6318172370697521,0.19528636568771984,7.130330900827349,1.735527184033939,0.18518006657476416,17.271236431957725,51.39251141567059,4.517314472784126,11.909049999999999,557.0,58.48531675563768,None,1.0,1.0,51.72588530600455,44.89184119732102,50.738442860679015,43.17713465273466,63.309638487690265,38.4404913943408,557.0,58.48531675563768,None,1.0,1.0,,,,,,,,,,,,,,,,,,,,,,,
406280,285023_43921,Sergino Dest,USA,DF,1,3,0,1,2,0,0.21,0.0,0,0,14,80,9,1,4,0,0,0,0,88,89,7,29,12,67,0,0,,,,131,66,45,20,58,73,4,46,46,214,6.72,394,181,31006.06,150.0,225.0,51.0,4.897633075714111,5.341058254241943,6.382874965667725,Round of 16,0.0,284.0,1085.0,0.0,True,136.5,5.3354573249816895,B,1.1,1.1,31.00606,6.72,284.0,0.021613571371920926,0.01653831979470872,0.057677259027540353,0.7383440992793293,0.24707724747269602,0.3000173716832715,0.07175355678127593,1.5372937027375753,23.007497968036006,2.4730650883704595,0.07814137342156025,54.56616481244429,3.193943321877176,18.557569887738868,2.3177623901077657,0.36022035590951285,0.8928417576366717,11.190107186980041,13.457519581268363,0.8841788282203958,39.832464471652166,91.20668106111515,7.33561914569268,31.00606,136.0,80.94081993310951,B,1.1,1.1,62.03066048403814,69.87027862336778,81.69776994593282,77.93511252448587,68.79783856790732,83.53868734410712,136.0,80.94081993310951,B,1.1,1.1,,,,,,,,,,,,,,,,,,,,,,,
339510,285023_43921,Tim Ream,USA,DF,0,0,0,0,0,0,0.0,0.0,0,0,3,11,6,0,2,0,0,0,0,214,93,0,0,6,33,5,100,,,,12,0,1,11,4,8,0,1,22,448,3.98,308,78,28241.74,,,,,,,Round of 16,0.0,319.0,1183.0,0.0,False,,,None,1.0,1.0,28.24174,3.98,319.0,0.02094647753188705,0.016027871471767822,0.018986667427587818,0.18826388712870146,0.0636874681232679,0.11499361754347708,0.06953891326375457,0.2594988714476695,44.443625441578064,1.3421519081221198,0.9545487898741726,94.01074232674515,1.1619613192162348,5.857093057100526,1.7189340930378048,0.17333846184282237,0.5137568833347291,6.626396966324277,1.441745200484258,0.15383364470786684,20.499376241022212,73.27593446254873,6.623340821317316,28.24174,628.0,54.571509287673614,None,1.0,1.0,28.464713676538,36.55938438242852,76.98530650237579,35.09011258483072,48.38203812109472,48.81834308561855,628.0,54.571509287673614,None,1.0,1.0,,,,,,,,,,,,,,,,,,,,,,,
390278,285023_43921,Alex Zendejas,USA,FW,0,1,0,1,0,0,0.0,0.0,0,0,1,16,2,1,0,0,0,0,0,7,86,1,0,1,0,0,0,,,,11,3,6,2,7,4,0,2,4,19,2.03,53,20,3064.71,,,,,,,Round of 16,0.0,22.0,587.0,0.0,False,,,None,1.0,1.0,3.06471,2.03,22.0,0.02008779577654574,0.015370823488935806,0.0182083263012584,0.3491047455481791,0.061076658413707886,0.27883812388447254,0.06668822889379555,0.41741951661011606,7.730076592405067,0.44433878949285543,0.07262510780751151,17.845233293064208,0.7772106442029839,6.45977968993003,0.9742336970299461,0.3347911744685352,0.15557875838272064,3.320699694212346,1.888317864682025,0.1475273746504209,9.882626232301654,27.289620269003535,2.1080189561515863,3.06471,885.0,22.731220423002913,None,1.0,1.0,14.466380968819731,19.030281883639784,23.145736136339075,15.294378286564886,30.323657405277988,13.523684464362026,885.0,22.731220423002913,None,1.0,1.0,29.174558448949895,32.62626645922666,15.214220226763075,48.49971453342072,12.164880582275703,16.36987204854241,D,D,E,C,E,E,26.76605058728872,D,36.036207717960934,42.05501250284155,,,None,1.0,22.305042156073934,38.721604671280275,246.0
419055,285023_43921,Brenden Aaronson,USA,FW,1,3,0,3,0,0,0.46,0.0,0,0,6,37,9,2,1,0,0,0,0,22,95,3,33,2,50,0,0,,,,42,17,22,3,27,15,4,18,14,67,1.87,127,70,10271.7,,,,,,,Round of 16,0.0,82.0,757.0,0.0,False,,,None,1.0,1.0,10.271700000000001,1.87,82.0,0.025253259760079343,0.01932334451277326,0.12036562416965492,0.8626799805813662,0.28868463262574906,0.7743446913801171,0.08383673280674112,0.9485615117492474,12.896359231857652,0.7705004704611738,0.09130024682490223,32.60535271554192,2.036578271728245,12.570827332764157,2.7080696055430185,0.632783300838393,0.40748741740798466,6.293623531802057,5.340522567691078,1.0330730280151648,23.01901083077969,49.98777462392107,4.177263072055844,10.271700000000001,272.0,73.22734837085605,None,1.0,1.0,71.93679316795311,68.09541551781294,57.16785701483703,56.40772316073648,63.38427201744192,47.66267800220652,272.0,73.22734837085605,None,1.0,1.0,59.376370371061505,59.73892915417601,56.29234874196569,69.67710558034298,48.7948502249369,61.689939133548165,B,B,C,A,C,B,53.95804871505746,B,45.007306380905995,46.786882963169255,,,None,1.0,44.96504059588122,68.38551038062283,78.0
390267,285023_43921,Christian Pulisic,USA,FW,2,4,0,2,2,0,0.42,0.0,0,0,7,53,7,1,6,0,0,0,2,60,92,5,20,7,71,0,0,,,,143,53,69,21,72,71,4,40,53,160,5.2,277,105,21570.62,86.0,194.0,4.0,5.478114604949951,5.424500942230225,7.277455806732178,Round of 16,0.0,189.0,201.0,1.0,True,81.7,5.919907855987548,B,1.1,1.1,21.570619999999998,5.2,189.0,0.023635547427031226,0.21641357919422596,0.10472193386351938,1.0057451727816558,0.46851970571753154,0.5264124433424461,0.07846618983872715,1.2844532514697984,19.606691340714242,1.7127829575138354,0.08545159454388213,48.9611800308083,2.1044440733795797,14.938795121493609,2.1379357397741585,0.39391941108549283,1.3730243555121469,13.625251965498233,12.13822197757894,0.9668948397639446,28.48590624476952,76.53479242108457,6.150562602039373,21.570619999999998,120.0,82.69366140824206,B,1.1,1.1,69.16384748301108,88.19545959183615,80.74642956671552,70.62685524648903,76.65886808263511,68.24366474910141,120.0,82.69366140824206,B,1.1,1.1,41.499734089700404,51.73225059765492,76.17221801573845,83.52752109280837,73.84879850773565,64.40348992782708,C,B,A,S,A,B,51.62595017857233,B,42.56413727746565,44.50720135554928,72.2,6.0125555992126465,BL-A,1.2,51.62595017857233,63.615743944636684,88.0
466624,285023_43921,Folarin Balogun,USA,FW,4,11,27,11,0,1,1.91,1.57,0,0,20,78,6,3,7,1,1,0,3,34,68,4,0,5,60,0,0,,,,127,70,55,2,99,28,14,44,47,119,4.42,243,132,24750.92,79.0,364.0,360.0,5.5332512855529785,3.891980409622192,4.343963146209717,Round of 16,3.0,250.0,14.0,0.0,True,192.0,4.989738619327545,C,1.0,1.0,24.750919999999997,4.42,250.0,0.5838324024830014,0.017068482253014362,0.37772424792718906,2.259415503149551,0.8165236795894396,2.1813881557071997,0.0740537325263057,1.0250481532519273,13.637572825070622,1.2421158989839132,0.08064632090974512,38.53371522497532,4.419382262082069,18.778112008757027,1.8305360205063492,0.7461184480315031,1.4829892104402087,11.735999406996966,14.637623328123423,2.7842758479012386,31.937767330743252,65.86698402420672,6.399966364715553,24.750919999999997,179.0,77.80095290620805,C,1.0,1.0,84.84305270903799,58.43355195548209,56.17169541570345,72.93567546352513,55.414601703861685,58.57198792647378,179.0,77.80095290620805,C,1.0,1.0,95.46552962800548,79.85049140515311,80.48540941451391,49.948686501307506,73.72078563329796,80.60941828254849,S,S,A,C,B,A,76.40183171846566,A,84.72126105344098,64.75972540045767,191.8,5.012337756156921,BL-C,1.0,63.66819309872138,92.25400086505189,24.0
419082,285023_43921,Ricardo Pepi,USA,FW,0,5,0,5,0,2,0.38,0.0,0,0,15,77,14,5,2,0,0,0,2,34,88,1,0,1,100,0,0,,,,107,65,36,6,86,21,2,39,42,96,7.19,319,129,25161.72,,,,,,,Round of 16,0.0,225.0,1020.0,0.0,False,,,None,1.0,1.0,25.161720000000003,7.19,225.0,0.02284123973101204,0.017477709753689372,0.09353607886900646,1.163608581114674,0.06944846574085037,1.0837104793835226,0.0758292169207687,0.47463541313114327,13.96454213375016,0.5052445238637949,0.08257986671981274,35.04933676677476,3.5670248588839164,19.036665978925594,3.407728018557433,1.1473330418731431,0.5602299535968305,11.0590624602416,14.030254623437838,0.5510749627734695,32.12850630057248,82.01257170259062,6.632144695231995,25.161720000000003,255.0,73.8208741274187,None,1.0,1.0,53.32614323459545,50.48505699259928,54.963563581950936,74.58283483050423,69.73728175414364,64.9446197833277,255.0,73.8208741274187,None,1.0,1.0,27.355172188581715,32.94881038211969,75.51423256399033,26.20160284197839,84.32756665813248,82.00388188516403,D,D,A,E,A,A,31.700297854018594,D,58.01623083859333,49.0453460620525,,,None,1.0,26.41691487834883,51.188408304498275,177.0
406304,285023_43921,Timothy Weah,USA,FW,0,2,0,1,1,0,0.05,0.0,0,0,5,34,4,2,0,0,0,0,2,34,88,2,0,2,50,0,0,,,,26,11,12,3,10,16,3,18,24,80,3.63,167,75,10834.46,,,,,,,Round of 16,0.0,90.0,773.0,0.0,False,,,None,1.0,1.0,10.83446,3.63,90.0,0.02528061974617542,0.01934427988674961,0.03352189708205414,0.6514825943658127,0.07686536611084105,0.3509195662418504,0.08392756352981313,0.7374571716402555,15.455915868413369,0.7713352491138752,0.09139916369771113,35.39839458175608,1.8266527150202134,11.948050764928874,1.6503434211952666,0.6334688734130725,0.19579686467382013,8.421762537742714,4.073516411537988,0.8220602497057964,24.104610349885718,58.52721394971432,4.301168242510893,10.83446,427.0,65.0925213711649,None,1.0,1.0,57.79698242964613,63.40501841015791,51.63769403857685,48.802131292175744,57.69920999058995,45.37356780145137,427.0,65.0925213711649,None,1.0,1.0,36.15353754000317,41.60057678442683,56.65037023776982,54.06102641094501,56.85966131450934,45.8514707822187,C,C,B,B,B,C,37.28452439401053,C,41.632586291509895,42.88609060645535,,,None,1.0,31.070436995008777,55.36068339100346,140.0
499913,285023_43921,Matt Freese,USA,GK,0,0,0,0,0,0,0.0,0.0,0,0,0,0,0,0,2,0,0,0,0,70,60,0,0,2,0,0,0,7.0,37.0,30.0,12,0,0,12,8,4,0,0,3,123,2.53,17,5,17952.95,,,,,,,Round of 16,0.0,319.0,1180.0,0.0,False,,,None,1.0,1.0,17.95295,2.53,319.0,,,,,,,,,,,,,,,,,,,,,,,,,,,,,,,,,,,,,,,,,,,,,,,,,,,,,,,,,,,,,,,
448217,285023_43921,Matt Turner,USA,GK,0,0,0,0,0,0,0.0,0.0,0,0,0,0,0,0,0,0,0,0,0,33,73,0,0,0,0,1,0,0.0,21.0,17.0,2,0,0,2,1,1,0,0,1,57,0.85,20,2,5939.08,,,,,,,Round of 16,0.0,104.0,825.0,0.0,False,,,None,1.0,1.0,5.93908,0.85,104.0,,,,,,,,,,,,,,,,,,,,,,,,,,,,,,,,,,,,,,,,,,,,,,,,,,,,,,,,,,,,,,,
419068,285023_43921,Giovanni Reyna,USA,MF,1,2,50,2,0,0,0.22,4.61,0,0,4,34,5,1,2,0,0,0,0,65,83,1,0,7,71,1,100,,,,71,7,43,21,44,27,1,26,45,136,8.23,213,54,13162.56,,,,,,,Round of 16,1.0,106.0,96.0,0.0,False,,,None,1.0,1.0,13.16256,8.23,106.0,0.23662028592077183,0.01927971807166144,0.06935210416738566,0.649308261744653,0.28803286744520235,0.5611724077027721,0.08364745406752583,0.5235718570085159,21.958476783628793,1.8258811095676322,0.30251815827152995,47.119998199865734,1.6091321944424142,11.908173971961368,1.8562594166667896,0.41993062123704494,0.6179914710144938,12.833559635764985,3.214224828907908,0.39646853046200714,19.58425600992143,68.05738439114681,4.779029339973739,13.16256,318.0,70.6993977327247,None,1.0,1.0,70.04504114534758,65.28691953125936,62.070350666383554,52.10926469959316,54.97197644569665,47.74339027246213,318.0,70.6993977327247,None,1.0,1.0,,,,,,,,,,,,,,,,,,,,,,,
448214,285023_43921,Malik Tillman,USA,MF,3,7,14,5,2,0,0.6,1.66,10,0,12,76,19,1,9,0,0,0,0,124,78,15,27,16,50,2,100,,,,107,23,60,24,71,36,7,61,95,330,6.37,445,162,33027.41,80.0,80.0,43.0,5.526668548583984,6.153729438781738,6.534445285797119,Round of 16,1.0,315.0,68.0,1.0,True,70.75,5.872671866416931,B,1.1,1.1,33.02741,6.37,315.0,0.19740373576330614,0.19246779134432365,0.12488364892475581,1.423611472924529,0.5930622321897429,0.9973160801044079,1.833618249162008,2.9061649304109074,28.72578381714431,3.11071727533274,0.4287633650296124,73.52889175480236,2.7535080838803774,17.342661982568888,4.017977900537713,0.35033291026178054,1.7502518499751936,19.52574509659486,5.503646109157448,1.3890598619916519,35.38784501994296,97.69876483222984,7.490801309781255,33.02741,33.0,90.9270032053769,B,1.1,1.1,84.26443892273917,96.24900454212533,80.53995389884949,81.51260569070669,70.96583768200135,83.92993545823192,33.0,90.9270032053769,B,1.1,1.1,,,,,,,,,,,,,,,,,,,,,,,
499912,285023_43921,Sebastian Berhalter,USA,MF,1,2,50,0,2,0,0.06,16.94,10,0,9,49,11,3,6,1,0,0,0,104,82,7,71,8,75,2,50,,,,102,5,38,59,76,26,0,7,43,239,7.3,372,98,23578.07,37.0,112.0,31.0,6.068169116973877,5.898803234100342,6.695764064788818,Round of 16,1.0,195.0,59.0,1.0,True,46.75,6.199662971496583,A,1.2,1.2,23.57807,7.3,195.0,0.2207128197547691,0.21519404774848497,0.03313603924311059,0.6056566823172341,0.2686690454645483,0.12902508345726285,2.0501286490930575,1.6716360407034552,28.17346430381843,1.9003415647431876,0.4793909848631134,64.26490110753565,2.487006059259486,14.065770333409485,2.914729919994801,0.7861205269227245,1.3652871036097947,11.576366462864511,2.6037185720682454,0.17260435205860974,26.9449095342264,94.83849838713533,6.511793162780081,23.57807,158.0,79.0844358664903,A,1.2,1.2,70.06975448616147,97.09962756481563,79.69337174526294,77.58996262271879,74.31879158353811,74.51803202690877,158.0,79.0844358664903,A,1.2,1.2,,,,,,,,,,,,,,,,,,,,,,,
390238,285023_43921,Tyler Adams,USA,MF,0,0,0,0,0,0,0.0,0.0,0,0,15,48,17,4,5,1,0,0,0,169,89,0,0,5,60,0,0,,,,127,1,22,104,94,33,0,10,50,356,4.68,440,140,33193.58,342.0,16.0,239.0,4.2386884689331055,6.892613410949707,5.452966213226318,Round of 16,0.0,319.0,1180.0,0.0,True,267.34999999999997,4.940346646308899,C,1.0,1.0,33.193580000000004,4.68,319.0,0.02094647753188705,0.016027871471767822,0.018986667427587818,0.18826388712870146,0.0636874681232679,0.11499361754347708,0.06953891326375457,0.2594988714476695,36.534252486248064,1.1663880646703422,0.07572957261528396,77.84046872918158,3.271127440637567,12.3603552648163,3.6523363710073595,0.8763938356499333,1.0410484136900624,11.547784582974053,1.6175090439360353,0.15383364470786684,31.396734535032433,96.4767617981834,7.493695251875568,33.193580000000004,247.0,74.10437273081203,C,1.0,1.0,37.509548058989616,45.482113185934544,74.45473526458258,69.3991274108936,70.23057176957911,73.4672427300198,247.0,74.10437273081203,C,1.0,1.0,,,,,,,,,,,,,,,,,,,,,,,
390259,285023_43921,Weston Mckennie,USA,MF,1,5,0,4,1,2,0.6,0.0,0,0,20,79,19,6,1,0,0,0,0,177,79,10,30,21,76,4,75,,,,208,67,109,32,110,98,13,67,102,403,6.76,597,195,45403.76,264.0,227.0,26.0,4.577306270599365,5.32639741897583,6.814758777618408,Round of 16,0.0,403.0,1230.0,0.0,True,198.95,5.249033069610595,C,1.0,1.0,45.403760000000005,6.76,403.0,0.01953190352603387,0.01494546464137814,0.11604085760841458,0.9950200083728103,0.22328049715023982,0.7628038630507412,0.06484275664513267,1.8809144019038118,35.37814476435839,3.7099229678785206,0.7261914285059897,80.2867039320469,3.8696891941295277,16.606340683963968,3.733471959255253,1.1449965599010525,0.31516742790834246,19.290419611103495,12.325279552493821,2.2740671061578004,38.290596717340776,115.6927785276822,8.988800626835399,45.403760000000005,88.0,85.1540741965878,C,1.0,1.0,59.04289115700462,63.99167964205014,76.56941603486447,71.90468885372205,67.01423394256388,85.61909427689062,88.0,85.1540741965878,C,1.0,1.0,,,,,,,,,,,,,,,,,,,,,,,
368660,285023_43930,Guillermo Varela,Uruguay,DF,0,2,0,0,2,0,0.01,0.0,0,0,8,20,5,1,1,1,0,0,0,134,89,10,30,8,75,1,100,,,,115,33,49,33,24,91,4,26,34,271,6.27,352,149,32750.8,,,,,,,Round of 16,0.0,313.0,1167.0,0.0,False,,,None,1.0,1.0,32.7508,6.27,313.0,0.021057465088698157,0.016112797173133405,0.020854222186789423,0.5426517278647024,0.06402492421705391,0.1156029257501,0.06990737397867404,2.0278253627521226,30.543503574286778,1.7026537702771734,0.25282598569653136,63.233828502300604,2.051593869904872,7.478383957816203,1.5513469320608921,0.3509520679519629,0.3397839386943942,8.781849572096128,7.280324431929307,0.8614293532074562,33.15335045185891,81.43878287282553,7.455164463962351,32.7508,374.0,68.12787252736089,None,1.0,1.0,38.81060147860709,56.37081631514166,75.23448868697331,47.041954239764756,52.11400048362851,71.04853446627605,374.0,68.12787252736089,None,1.0,1.0,,,,,,,,,,,,,,,,,,,,,,,
402893,285023_43930,Mathias Olivera,Uruguay,DF,0,1,0,1,0,1,0.05,0.0,0,0,20,42,18,3,0,1,0,0,0,226,94,3,0,6,50,3,100,,,,36,8,8,20,14,22,1,10,40,480,6.63,458,126,34595.17,,,,,,,Round of 16,0.0,313.0,1167.0,0.0,False,,,None,1.0,1.0,34.595169999999996,6.63,313.0,0.021057465088698157,0.016112797173133405,0.027922028201823566,0.36595657748884897,0.06402492421705391,0.29229807612595343,0.06990737397867404,0.7909593101211488,46.799457408865294,1.3492634695254666,0.6062162864482382,100.163114930854,4.171935674415113,11.365677266084978,3.8483838869469866,0.7043423687036697,0.16308878831854076,9.84202047435125,2.8629456725329705,0.3313439020798957,29.089361993214283,100.16846881266599,7.7810556984610635,34.595169999999996,167.0,78.80507947480879,None,1.0,1.0,46.45291746946121,54.046686790361775,83.22333388150157,64.62690929611345,72.01038197602475,73.3926056379853,167.0,78.80507947480879,None,1.0,1.0,,,,,,,,,,,,,,,,,,,,,,,
402895,285023_43930,Matias Vina,Uruguay,DF,0,0,0,0,0,0,0.0,0.0,0,0,4,8,0,0,1,0,0,0,1,29,79,2,0,0,0,0,0,,,,21,12,2,7,1,20,1,6,15,69,2.12,71,30,5227.49,,,,,,,Round of 16,0.0,49.0,673.0,0.0,False,,,None,1.0,1.0,5.2274899999999995,2.12,49.0,0.02415584345653791,0.018483621106419698,0.021895756240827013,0.2171092002976282,0.07344549974032376,0.132612646668281,0.08019348839822303,0.7046464909839957,13.754787130063212,0.3316294136077735,0.08733266480440628,31.593828624247923,1.5426880041328408,6.146420138588096,0.7661412050142428,0.19989693937313152,0.38977947239019234,6.2228191058279645,4.09497290842448,0.38009757562016294,13.91092971979078,36.464624634456676,2.9733034091672375,5.2274899999999995,826.0,35.40739844495716,None,1.0,1.0,34.09714991286793,39.75466326688447,28.180532300850974,26.32708316858342,26.942357720860464,22.522910446676867,826.0,35.40739844495716,None,1.0,1.0,,,,,,,,,,,,,,,,,,,,,,,
419108,285023_43930,Sebastian Caceres,Uruguay,DF,0,3,0,2,1,2,0.13,0.0,0,0,8,31,13,2,2,0,0,0,0,172,90,1,0,4,50,3,100,,,,31,1,0,30,18,13,0,4,20,373,5.81,303,98,30359.66,,,,,,,Round of 16,0.0,313.0,1167.0,0.0,False,,,None,1.0,1.0,30.359659999999998,5.81,313.0,0.021057465088698157,0.016112797173133405,0.04205764023189184,0.7193468782405559,0.06402492421705391,0.4689932265018068,0.06990737397867404,0.4375690093694419,37.25791928856921,0.9958731687737598,0.6062162864482382,81.25673384063765,2.051593869904872,9.422030611950593,2.9649081350677196,0.5276472183278164,0.5164790890702476,6.30811746683418,1.6260796199019962,0.15464875170404233,24.14189778269039,72.7807205044087,7.0326616220926335,30.359659999999998,467.0,62.52760400826685,None,1.0,1.0,40.33967806340751,42.62076758790725,70.54683251639148,51.26627438184877,52.540805057203556,55.68962037104684,467.0,62.52760400826685,None,1.0,1.0,,,,,,,,,,,,,,,,,,,,,,,
419132,285023_43930,Brian Rodriguez,Uruguay,FW,1,3,0,1,2,0,0.22,0.0,10,0,2,15,1,0,1,0,0,0,0,26,73,14,7,7,71,1,100,,,,40,16,18,6,2,38,3,19,18,77,6.31,90,35,6497.61,,,,,,,Round of 16,0.0,61.0,711.0,0.0,False,,,None,1.0,1.0,6.49761,6.31,61.0,0.0248100098631477,0.01898417758759075,0.06828899969870168,0.8475380616326624,0.2836175864355621,0.34438704379266477,2.1641962449853454,3.22192631730474,13.502732355826465,1.7978920183904994,0.29788083097227047,34.114888550129564,1.1680994603259809,7.77015357483205,0.9950722417419391,0.20531036502135178,0.40033512271482374,7.015889096838735,5.038601622514707,0.8067572357037638,15.328568280062822,41.40760512544132,3.3182412089833537,6.49761,592.0,56.57878022565428,None,1.0,1.0,61.71396776112375,75.20017952840674,42.55075504275011,35.06227318274937,35.108430056679346,32.45903630441752,592.0,56.57878022565428,None,1.0,1.0,59.56297409007363,62.660797632148146,47.57404150630287,77.44814023810027,36.42185728393255,35.81736295626284,B,B,C,A,D,D,53.977577237280286,B,49.2375935680621,58.53521126760563,,,None,1.0,44.98131436440024,65.63092560553633,81.0
419126,285023_43930,Darwin Nunez,Uruguay,FW,0,2,0,1,1,1,0.2,0.0,0,0,6,95,2,1,1,0,0,0,2,25,80,3,33,3,100,1,100,,,,36,30,6,0,27,9,4,26,25,65,6.09,190,93,19040.35,,,,,,,Round of 16,0.0,182.0,958.0,0.0,False,,,None,1.0,1.0,19.04035,6.09,182.0,0.023790619806724256,0.018204158475590624,0.06149056514498313,0.6130852356022721,0.07233504240829924,0.3302369193090477,0.07898100502637201,0.8936219127239932,12.748304757646945,0.92550326963098,0.28564154695879124,30.317629325763395,1.918621985028439,23.421239130777746,1.1538161651364824,0.39650390889215004,0.38388621174769305,8.125026414639802,7.626386581686719,0.9732386185225285,26.277250063510646,59.66918611443592,5.685800282563087,19.04035,527.0,59.7204882204321,None,1.0,1.0,51.08257729433853,58.63892763743777,45.87125150449485,52.20718148301399,44.280578577042085,45.9698932732938,527.0,59.7204882204321,None,1.0,1.0,26.272870618311423,31.27917125184988,47.36842105263159,44.42917256983358,57.828901649537336,61.699361184917166,D,D,C,C,B,B,29.233950340870685,D,52.57220216606498,50.402235583029885,,,None,1.0,24.361625284058906,45.717538927335646,217.0
477536,285023_43930,Federico Vinas,Uruguay,FW,3,6,0,6,0,5,0.39,0.0,0,0,12,63,6,3,3,0,0,0,3,29,62,0,0,1,0,0,0,,,,106,58,42,6,80,26,4,21,29,82,5.73,195,102,20225.71,,,,,,,Round of 16,0.0,211.0,1008.0,0.0,False,,,None,1.0,1.0,20.22571,5.73,211.0,0.023148011996609937,0.017712446426555777,0.09673469868400307,1.373473702904925,0.6530925749067826,1.29250251924067,0.07684765116283461,0.2867729421442364,13.180909127449391,0.5120302766991013,0.08368896644928206,32.800751742525826,3.032220881589934,16.573020679765563,1.8995989634270636,0.7742682004598864,0.7619913196033848,8.682510034990779,12.859029929054424,0.9469504956216414,27.31561006580687,59.02864890777621,5.762462197139832,20.22571,500.0,61.05459120434939,None,1.0,1.0,62.37677138948187,43.00516304296359,41.97921353634592,64.60298690116043,43.38936906553878,48.55739232763455,500.0,61.05459120434939,None,1.0,1.0,41.098536093824336,34.390771449170884,62.76092630804847,23.54255374364909,58.76156687758313,71.2250551190005,C,D,B,F,B,B,35.82021065207188,C,75.69867740080505,67.71051433773327,,,None,1.0,29.85017554339323,48.95865051903114,197.0
332897,285023_43930,Rodrigo Aguirre,Uruguay,FW,0,0,0,0,0,0,0.0,0.0,0,0,0,0,0,0,0,0,0,0,0,1,0,0,0,0,0,0,0,,,,2,1,1,0,1,1,0,1,1,2,2.15,12,4,898.68,,,,,,,Round of 16,0.0,8.0,520.0,0.0,False,,,None,1.0,1.0,0.8986799999999999,2.15,8.0,0.013843881861005318,0.010593091788380585,0.012548610161378463,0.12442679243494659,0.04209212663002022,0.07600122997377817,0.045959445854349634,0.17150720038330475,4.630335702479146,0.19005912303914585,0.05005095749748076,10.323567662497178,0.41946401557799107,2.5932337082793278,0.43908085222314025,0.11456232600767154,0.10722002429191567,1.9400266768586782,1.0690391298140525,0.10167126192657346,4.952152710048053,14.044377141139682,1.2011633395997117,0.8986799999999999,949.0,0.08053609248990634,None,1.0,1.0,0.31166325481084356,1.1478951921018463,0.3077215725230683,0.0,0.2882604068112906,1.0984881172435657,949.0,0.08053609248990634,None,1.0,1.0,0.9694063202679631,1.946647440519107,2.620330299020521,3.5863060624643186,2.0335759482096485,1.7487327340908656,G,G,G,G,G,G,0.6343886004727166,G,39.516129032258064,60.37037037037037,,,None,1.0,0.5286571670605972,8.770826124567474,282.0
229498,285023_43930,Fernando Muslera,Uruguay,GK,0,0,0,0,0,0,0.0,0.0,0,0,0,0,0,0,0,0,0,0,0,71,80,0,0,1,0,0,0,4.0,41.0,34.0,28,0,0,28,19,9,0,0,0,144,2.5,22,7,11069.12,,,,,,,Round of 16,0.0,261.0,1059.0,0.0,False,,,None,1.0,1.0,11.069120000000002,2.5,261.0,,,,,,,,,,,,,,,,,,,,,,,,,,,,,,,,,,,,,,,,,,,,,,,,,,,,,,,,,,,,,,,
368664,285023_43930,Sergio Rochet,Uruguay,GK,0,0,0,0,0,0,0.0,0.0,0,0,0,0,0,0,0,0,0,0,0,19,53,0,0,3,67,0,0,0.0,7.0,5.0,5,0,0,5,3,2,0,0,0,38,1.2,6,3,3079.43,,,,,,,Round of 16,0.0,51.0,688.0,0.0,False,,,None,1.0,1.0,3.07943,1.2,51.0,,,,,,,,,,,,,,,,,,,,,,,,,,,,,,,,,,,,,,,,,,,,,,,,,,,,,,,,,,,,,,,
402876,285023_43930,Agustin Canobbio,Uruguay,MF,1,4,25,4,0,1,0.75,1.33,0,0,16,107,16,7,5,0,1,0,1,68,90,9,33,5,60,0,0,,,,141,76,50,15,42,99,9,50,60,185,6.44,348,162,28186.33,,,,,,,Round of 16,1.0,261.0,124.0,0.0,False,,,None,1.0,1.0,28.18633,6.44,261.0,0.2073329135828399,0.016893395700619394,0.1589534460859232,0.9394515670465081,0.25238196878449165,0.8622246152722481,0.07329409774871906,1.9408098317768736,19.79636039313567,1.2293744151657098,0.07981906010927577,50.36529063067679,3.6330275359211406,23.95789200365269,3.664311602033399,1.4794860545809119,1.0972662731259453,14.02393177375704,15.599004057767807,1.8294385564172346,37.16781237716879,84.64313461022277,6.970744150961191,28.18633,38.0,90.60188892272171,None,1.0,1.0,75.83474181440958,68.9193677166718,73.24677101278918,81.65593093576729,80.33933649386815,70.92176116595364,38.0,90.60188892272171,None,1.0,1.0,,,,,,,,,,,,,,,,,,,,,,,
402884,285023_43930,Federico Valverde,Uruguay,MF,2,10,0,3,7,0,0.5,0.0,2,0,19,76,8,1,0,0,0,0,0,120,82,8,0,12,67,5,100,,,,82,24,33,25,37,45,3,32,60,281,5.78,228,99,25916.6,,,,,,,Round of 16,0.0,272.0,1077.0,0.0,False,,,None,1.0,1.0,25.9166,5.78,272.0,0.021853190327639386,0.01672167195110868,0.11149462315379707,2.0301348391012684,0.43318862543395936,0.6700878255201423,0.43929336281293546,1.7377090712028327,29.130479655652834,2.5004827355376915,0.995868462866028,67.45704722454063,4.146213763563949,18.029819849523033,2.16008611826417,0.36421394049700523,0.1692516319707455,13.881376529698933,5.905085924347234,0.7106091258037814,25.237550561198056,61.77806661679791,6.483680272432118,25.9166,271.0,73.25962012848692,None,1.0,1.0,57.711664918966996,60.66996994848065,70.7091244071992,66.0421201458304,56.0717052486573,54.522528246225086,271.0,73.25962012848692,None,1.0,1.0,,,,,,,,,,,,,,,,,,,,,,,
419134,285023_43930,Juan Manuel Sanabria,Uruguay,MF,0,3,0,2,1,0,0.09,0.0,0,0,9,51,12,1,0,1,0,0,1,103,86,12,0,4,75,0,0,,,,102,64,29,9,28,74,7,30,53,230,6.35,320,129,25094.45,,,,,,,Round of 16,0.0,237.0,1033.0,0.0,False,,,None,1.0,1.0,25.094450000000002,6.35,237.0,0.022582155158996944,0.017279462854455155,0.03752331355860794,0.7714320194355645,0.06866072277087736,0.5029512225128503,0.07496909809869431,2.5536303327003056,26.88088324397608,1.067980515280595,0.08164317634406588,60.04329922162061,2.3896308593229425,13.894022950631015,2.9900967648017285,0.3763631576013232,0.1748974203204905,13.017999896774834,13.681622696115303,1.4922690402274492,31.764077731790984,81.27180503128918,6.544170403429321,25.094450000000002,319.0,70.52635817812907,None,1.0,1.0,50.43497408147346,56.83041376860337,67.15697408190444,57.16725201090146,56.85006152600257,63.60115212670628,319.0,70.52635817812907,None,1.0,1.0,,,,,,,,,,,,,,,,,,,,,,,
441623,285023_43930,Manuel Ugarte,Uruguay,MF,1,3,0,0,3,0,0.09,0.0,0,0,3,40,17,1,0,0,0,0,0,136,87,0,0,4,50,1,0,,,,93,1,20,72,73,20,0,4,61,296,6.4,239,72,21107.39,,,,,,,Round of 16,0.0,197.0,976.0,0.0,False,,,None,1.0,1.0,21.10739,6.4,197.0,0.02345795684879596,0.01794961070616371,0.03897857684902928,0.8013503979707308,0.26816148566097275,0.12878133395533328,0.07787661787859386,0.29061274476646004,34.41905282661396,1.1093999074231786,0.28164743656189994,75.36325450519598,1.3012802961572165,12.267656688553325,4.090250919657143,0.3909596160475848,0.1816804512216464,15.097579016479166,1.8114481204501802,0.17227827418508448,21.776220782856246,68.47989220528342,6.01316785620209,21.10739,437.0,64.46279660723164,None,1.0,1.0,46.18920537969044,48.107991395244184,70.50437867740538,48.68671411728464,61.06380555309452,48.08352201131848,437.0,64.46279660723164,None,1.0,1.0,,,,,,,,,,,,,,,,,,,,,,,
419100,285023_43930,Maxi Araujo,Uruguay,MF,3,4,50,3,1,2,1.09,1.83,10,0,10,79,11,2,7,0,0,0,6,57,88,18,44,7,86,0,0,,,,135,74,51,10,72,63,7,45,55,174,5.96,308,129,27642.83,,,,,,,Round of 16,2.0,278.0,29.0,1.0,False,,,None,1.0,1.0,27.64283,5.96,278.0,0.38645479508893954,0.19899052059859423,0.21847286806632646,0.9247744816499226,0.6131610983142392,0.6663929982798166,1.895759531666657,3.55173794963713,17.48110958618333,1.5748899567997692,0.0785720440814223,47.5724603344601,2.482102310791627,18.47748757228282,2.6952586758438706,0.544566735978431,1.4448457449830365,12.89303013149735,14.990578158008727,1.4361350704432148,30.569223632728082,76.0263098531842,6.7627267348100055,27.64283,44.0,89.51982211520634,None,1.0,1.0,81.11017949654874,86.19403184751806,71.02802495854536,70.78794395312103,69.18042194403564,66.9424975034554,44.0,89.51982211520634,None,1.0,1.0,,,,,,,,,,,,,,,,,,,,,,,
402898,285023_43930,Nicolas De La Cruz,Uruguay,MF,2,4,0,1,3,0,0.11,0.0,4,0,7,36,6,2,3,1,0,0,0,55,82,4,50,7,43,4,100,,,,69,15,33,21,47,22,1,13,33,130,6.33,174,65,12114.61,,,,,,,Round of 16,0.0,115.0,846.0,0.0,False,,,None,1.0,1.0,12.11461,6.33,115.0,0.025091927604362085,0.019199896021151554,0.04590461489129037,1.0677173922788958,0.49738905237440334,0.3483003359688901,0.9254959402703659,1.153050263484014,19.76207710359099,1.8183215812793434,0.9329117731250964,45.66161938185866,2.234116154901425,12.279969052224518,2.059122816880072,0.6287407219794244,0.8259815585649687,10.253841612210424,4.885306876493007,0.3948270681259663,21.81920882014294,59.56421329739877,4.538598651368558,12.11461,332.0,70.13374338630149,None,1.0,1.0,59.76237929984701,74.39626060288768,58.65271223801706,55.509711584704036,54.14990075811309,47.43149194757711,332.0,70.13374338630149,None,1.0,1.0,,,,,,,,,,,,,,,,,,,,,,,
386538,285023_43930,Rodrigo Bentancur,Uruguay,MF,0,4,0,3,1,3,0.32,0.0,0,0,9,82,15,7,5,1,0,0,0,174,90,3,0,2,50,0,0,,,,140,23,57,60,111,29,1,24,82,396,6.44,352,145,33644.76,,,,,,,Round of 16,0.0,313.0,1167.0,0.0,False,,,None,1.0,1.0,33.644760000000005,6.44,313.0,0.021057465088698157,0.016112797173133405,0.07562971880330399,0.8960420286164094,0.06402492421705391,0.6456883768776602,0.06990737397867404,0.7909593101211488,37.61130958932092,0.6424828680220528,0.07613083532067794,85.32072229928228,2.2282890202807253,18.433483281119113,3.3182984358194267,1.4111229702070835,1.0465645401978079,17.263216790137093,5.513372928170772,0.3313439020798957,32.4465698503555,81.43878287282553,7.613122860592351,33.644760000000005,151.0,79.89330537468726,None,1.0,1.0,51.440361715557415,51.50919277716699,73.5723402821115,67.43992408697646,83.10321021257656,71.68761456682164,151.0,79.89330537468726,None,1.0,1.0,,,,,,,,,,,,,,,,,,,,,,,
464924,285023_44005,Abdukodir Khusanov,Uzbekistan,DF,0,0,0,0,0,0,0.0,0.0,0,0,11,23,8,6,0,2,0,0,0,98,83,0,0,1,0,1,100,,,,16,2,1,13,7,9,0,1,31,214,5.37,218,93,27912.88,,,,,,,Round of 16,0.0,311.0,1165.0,0.0,False,,,None,1.0,1.0,27.91288,5.37,311.0,0.021094769711063832,0.016141342005631838,0.01912108498222705,0.18959671562170732,0.06413834839274875,0.11580772359596175,0.0700312192836937,0.26133601342451546,24.22531894011166,0.4666128898516937,0.25327388281429514,53.25638511689267,2.586252928146808,8.02265691564361,2.0851197714238108,1.2366146862685015,0.1633777103533,8.266382639536056,1.8059684990449312,0.15492272168368335,23.299625786677566,57.86396108377436,6.612020356828696,27.91288,708.0,49.505199985387705,None,1.0,1.0,26.918767371348228,30.22019468285596,44.27877894074793,44.73533818356874,55.13936767927131,47.022388058537835,708.0,49.505199985387705,None,1.0,1.0,,,,,,,,,,,,,,,,,,,,,,,
479042,285023_44005,Abdulla Abdullaev,Uzbekistan,DF,0,0,0,0,0,0,0.0,0.0,0,0,7,22,7,5,1,0,0,0,0,72,90,0,0,1,100,0,0,,,,13,1,1,11,6,7,0,0,7,143,3.82,191,57,19761.96,,,,,,,Round of 16,0.0,206.0,996.0,0.0,False,,,None,1.0,1.0,19.76196,3.82,206.0,0.023258455190936528,0.017796955591445358,0.02108233009189789,0.20904360535983438,0.07071700343479081,0.1276860940846556,0.07721430468246133,0.2881411857662582,21.635843659927698,0.514473262272068,0.08408826107492437,44.862245498042384,2.0708688188263737,8.650375051847863,2.103826143995717,1.1682900953601194,0.3752991862712414,4.430330809592756,1.7960423924285298,0.17081310816339618,18.66356374858393,58.5296294130118,5.699448665690136,19.76196,683.0,51.456198885919825,None,1.0,1.0,33.72253070087537,37.053749927029266,48.22128547366896,44.598329653477734,56.45315515756684,38.06251161629922,683.0,51.456198885919825,None,1.0,1.0,,,,,,,,,,,,,,,,,,,,,,,
475260,285023_44005,Behruzjon Karimov,Uzbekistan,DF,0,2,0,0,2,0,0.03,0.0,0,0,5,55,7,8,4,0,0,0,0,55,78,2,50,3,33,2,0,,,,60,8,42,10,7,53,1,12,30,125,4.08,233,107,20671.11,,,,,,,Round of 16,0.0,203.0,987.0,0.0,False,,,None,1.0,1.0,20.671110000000002,4.08,203.0,0.02332487716503252,0.01784778050279816,0.02701417393055272,0.6010830288698986,0.0709189585058276,0.12805074265499633,0.07743481487986503,0.6804064977712239,18.370371070536176,0.9073849380703015,0.47577083454601954,41.467382127879524,1.6853404160499408,15.133879106661036,2.1098342939133183,1.7587901709445246,0.9635346221283108,8.944571012934068,3.171220080893477,0.36702213599034567,28.502924349508877,66.91707061321553,5.89366521201254,20.671110000000002,514.0,60.21930712264356,None,1.0,1.0,41.69170170812752,53.009012195428355,48.14498086611357,53.329036769154634,51.94708966081553,52.78591478985992,514.0,60.21930712264356,None,1.0,1.0,,,,,,,,,,,,,,,,,,,,,,,
385139,285023_44005,Farrukh Sayfiev,Uzbekistan,DF,0,0,0,0,0,0,0.0,0.0,0,0,1,5,0,0,2,0,0,0,0,14,86,1,0,2,100,0,0,,,,5,2,2,1,1,4,3,4,13,29,2.07,71,31,5770.14,,,,,,,Round of 16,0.0,55.0,698.0,0.0,False,,,None,1.0,1.0,5.7701400000000005,2.07,55.0,0.024533093229427153,0.018772285912395676,0.02223770948638237,0.22049986627258414,0.07459252232914895,0.13468370210163244,0.08144589655113468,0.509791717851651,10.88170813025766,0.7485275190105624,0.0886965678294674,23.852861074402643,0.9492022621714314,5.624832399496717,0.7781062848555963,0.2030187957933162,0.6017262566903465,5.908283984347483,2.100330753231224,0.7977526242919555,14.334040766237722,37.03410470194391,3.131448110242207,5.7701400000000005,781.0,42.36977581873856,None,1.0,1.0,39.13261636719991,51.252269977635976,34.28326157209466,26.474635668578234,35.5655913208184,25.68488858929771,781.0,42.36977581873856,None,1.0,1.0,,,,,,,,,,,,,,,,,,,,,,,
464906,285023_44005,Jakhongir Urozov,Uzbekistan,DF,0,0,0,0,0,0,0.0,0.0,0,0,2,9,5,0,0,0,0,0,0,45,69,0,0,1,100,2,100,,,,10,0,2,8,4,6,0,2,7,87,4.19,125,39,11462.91,,,,,,,Round of 16,0.0,112.0,837.0,0.0,False,,,None,1.0,1.0,11.462909999999999,4.19,112.0,0.025130238401148117,0.019229210760392693,0.022778984111874706,0.2258669200427078,0.0764081337621953,0.1379619565666269,0.08342832181757676,0.3113300789777864,17.683548485938267,0.5558768037591614,0.5125958182698965,36.663919015231656,1.1831763903426387,6.605223722009302,1.8513965513590782,0.20796035340869135,0.19463217028905405,4.786872925438454,1.729713291732466,0.1845597265574198,16.36989833962141,49.32251863298375,4.408104173581015,11.462909999999999,797.0,40.30158828848308,None,1.0,1.0,41.673363609239445,45.763174197224984,31.12803128834801,29.15003405157291,25.53650592580745,28.4613589185141,797.0,40.30158828848308,None,1.0,1.0,,,,,,,,,,,,,,,,,,,,,,,
479079,285023_44005,Khojiakbar Alijonov,Uzbekistan,DF,0,0,0,0,0,0,0.0,0.0,0,0,4,76,11,2,1,0,0,0,0,41,66,4,0,2,0,1,0,,,,16,6,9,1,1,15,5,19,41,103,4.17,228,87,16085.82,,,,,,,Round of 16,0.0,155.0,911.0,0.0,False,,,None,1.0,1.0,16.08582,4.17,155.0,0.024374669258116377,0.018651062711676093,0.022094108097974394,0.21907597470857634,0.07411083648925262,0.1338139737409142,0.08091995462208675,1.1200900645640652,16.333752050191105,0.7436938561255734,0.29265392369178106,38.83405858379407,1.5566630880373722,20.110148176383802,3.0229129292152863,0.6107680282280724,0.39331045261193776,11.596974218654317,2.9048882149128277,1.2016613261379883,25.69516449810304,68.90618342740578,5.221093852444607,16.08582,581.0,57.24600863273294,None,1.0,1.0,41.65055091049316,55.295355742665286,42.82716631699201,55.46609700080003,44.19855380890377,46.6815320911689,581.0,57.24600863273294,None,1.0,1.0,,,,,,,,,,,,,,,,,,,,,,,
371415,285023_44005,Rustam Ashurmatov,Uzbekistan,DF,0,0,0,0,0,0,0.0,0.0,0,0,17,32,9,1,0,0,0,0,0,123,82,0,0,4,0,1,100,,,,21,0,0,21,2,19,0,0,22,243,5.62,288,80,27011.42,,,,,,,Round of 16,0.0,288.0,1091.0,0.0,False,,,None,1.0,1.0,27.011419999999998,5.62,288.0,0.021534927339341606,0.016478142781925356,0.019520060251033165,0.19355278823213914,0.06547664142447589,0.11822413551476607,0.07149247132898832,0.2667889783740296,29.2483372569668,1.0184538470517612,0.2585586255771314,59.60796395058427,3.7244264496658404,9.81636968036145,2.309328884243226,0.3589096432596504,0.16678670445409102,6.812552467315554,1.4822481769074758,0.1581552963302254,21.43666878423457,71.72044512658714,6.587089697346008,27.011419999999998,648.0,53.220330364923484,None,1.0,1.0,30.784857650783394,37.658557397270734,54.598161207148266,55.63081293749795,38.679149224219195,49.466752822668475,648.0,53.220330364923484,None,1.0,1.0,,,,,,,,,,,,,,,,,,,,,,,
479075,285023_44005,Sherzod Nasrullaev,Uzbekistan,DF,1,1,0,1,0,0,0.08,0.0,0,0,5,42,9,3,2,1,0,0,0,48,73,3,0,5,0,0,0,,,,29,9,15,5,5,24,1,16,20,118,6.23,232,95,21551.92,,,,,,,Round of 16,0.0,206.0,994.0,0.0,False,,,None,1.0,1.0,21.55192,6.23,206.0,0.023258455190936528,0.017796955591445358,0.036695439153836364,0.4042074686340653,0.2658808667090218,0.32284995735888655,0.07721430468246133,0.873632775588951,16.951910941346156,1.295128715368992,0.08408826107492437,39.98314891618661,1.6805410922779118,12.553652317332482,2.494153870544179,0.7779623688116574,0.5704630495454723,6.967461032157758,3.3573532986223773,0.3659769714376271,26.079790553004706,66.53134780725526,6.048784174396479,21.55192,566.0,57.92090050973119,None,1.0,1.0,46.57432319809484,52.39195169828223,46.319328042247385,50.25269361662632,43.114557041977896,50.501570996168965,566.0,57.92090050973119,None,1.0,1.0,,,,,,,,,,,,,,,,,,,,,,,
481220,285023_44005,Azizbek Amonov,Uzbekistan,FW,0,1,0,0,1,0,0.01,0.0,0,0,1,4,0,0,0,0,0,0,0,6,83,1,0,0,0,1,100,,,,24,15,7,2,17,7,1,4,9,17,2.27,36,16,2708.07,,,,,,,Round of 16,0.0,23.0,593.0,0.0,False,,,None,1.0,1.0,2.70807,2.27,23.0,0.020357499895611857,0.015577196276399355,0.020161012933056638,0.3537919192384755,0.061896689966010145,0.11176020185607156,0.06758360289231466,0.42302390268913936,7.663040991070224,0.27948292366809635,0.2444218691920102,17.743184813875708,0.7876456821959688,4.496650292731781,0.6456706647053574,0.16846449306328193,0.15766760040609507,4.219392682817456,3.9635310525505028,0.32032979390398797,9.332026306398726,24.75204949655949,2.0753999395192677,2.70807,906.0,19.61261132531651,None,1.0,1.0,15.361951977869163,18.797122796874007,19.35535952088111,11.855769354057896,23.053207077276543,11.669593935888349,906.0,19.61261132531651,None,1.0,1.0,33.28917045316713,38.14745949227792,19.759641784979067,49.09179336448797,9.037708935298634,15.163598218604154,D,C,E,C,F,E,30.339933701868794,D,42.414614773629864,33.93461104847802,,,None,1.0,25.283278084890664,41.025951557093435,242.0
385475,285023_44005,Eldor Shomurodov,Uzbekistan,FW,2,4,25,4,0,0,0.17,5.79,0,0,28,96,11,8,4,0,0,0,1,72,72,1,0,4,25,0,0,,,,97,45,45,7,69,28,1,68,58,175,5.96,274,149,30198.42,,,,,,,Round of 16,1.0,304.0,139.0,0.0,False,,,None,1.0,1.0,30.19842,5.96,304.0,0.19934056437606246,0.016242182560387914,0.04951992243988069,0.903237225305297,0.4207670595352979,0.8289872478863808,0.07046872856887879,0.4410826783568625,19.745698682390067,1.0038700072006108,0.0767421641609863,46.642649877423814,5.630348287684778,21.07509984058935,2.6324882619012637,1.6005682632312848,0.8768544208288999,13.127103820253245,9.476153368089179,0.33400458592171256,33.419571086358715,68.19984175889816,7.060414628957022,30.19842,215.0,75.52033528442912,None,1.0,1.0,65.49286900336007,51.27747575972095,57.062798482580035,79.85374480483725,57.934797640225575,64.28221559152131,215.0,75.52033528442912,None,1.0,1.0,63.10844475130389,47.93761621067811,83.76324135245041,32.37529339620646,78.76815039683991,88.10937117229165,B,C,S,E,A,S,52.059752101879354,B,82.45994832041343,60.03120971572019,,,None,1.0,43.38312675156613,73.3330017301038,66.0
368546,285023_44005,Igor Sergeev,Uzbekistan,FW,0,0,0,0,0,0,0.0,0.0,0,0,0,21,2,0,0,0,0,0,1,4,100,0,0,0,0,0,0,,,,13,9,4,0,10,3,0,3,2,9,6.94,79,26,5591.98,,,,,,,Round of 16,0.0,46.0,666.0,0.0,False,,,None,1.0,1.0,5.5919799999999995,6.94,46.0,0.023920980343141888,0.018303908035845414,0.021682867566907033,0.2149982848654858,0.07273140177206298,0.13132327670162103,0.07941378089626051,0.2963489872470209,8.602972361351313,0.32840503782831637,0.08648354431751298,19.243256848559056,0.7247960197897728,8.696060807933613,1.1601384928201024,0.19795337579506891,0.18526654006651994,3.5529144496541374,3.452988670228818,0.17567877871441048,12.972783447420035,37.71587074577189,3.0175560807642334,5.5919799999999995,807.0,38.442825345491514,None,1.0,1.0,30.891263865716706,31.291087133334234,35.4606414482645,24.904857933955586,47.44999266479451,23.389291321744928,807.0,38.442825345491514,None,1.0,1.0,50.43805223038093,53.81929951049217,33.06626058642953,66.98103233173333,35.24002413957061,34.98822243578872,B,B,D,A,D,D,45.87527242768271,B,34.6274431325462,32.1811803549319,,,None,1.0,38.22939368973559,56.34807525951557,133.0
479110,285023_44005,Abduvohid Nematov,Uzbekistan,GK,0,0,0,0,0,0,0.0,0.0,0,1,0,0,0,0,0,0,0,0,0,56,50,0,0,4,0,0,0,5.0,55.0,44.0,18,0,0,18,13,5,0,0,3,106,1.79,20,2,9231.32,,,,,,,Round of 16,0.0,206.0,995.0,0.0,False,,,None,1.0,1.0,9.23132,1.79,206.0,,,,,,,,,,,,,,,,,,,,,,,,,,,,,,,,,,,,,,,,,,,,,,,,,,,,,,,,,,,,,,,
479077,285023_44005,Utkir Yusupov,Uzbekistan,GK,0,0,0,0,0,0,0.0,0.0,0,0,0,0,0,0,1,0,0,0,0,29,59,0,0,2,0,1,100,1.0,27.0,21.0,12,0,0,12,7,5,0,0,0,50,0.96,7,1,5094.43,,,,,,,Round of 16,0.0,105.0,830.0,0.0,False,,,None,1.0,1.0,5.09443,0.96,105.0,,,,,,,,,,,,,,,,,,,,,,,,,,,,,,,,,,,,,,,,,,,,,,,,,,,,,,,,,,,,,,,
464933,285023_44005,Abbosbek Fayzullaev,Uzbekistan,MF,2,3,33,2,1,1,1.0,1.0,5,0,17,137,27,6,4,0,0,0,0,36,67,9,22,2,50,1,100,,,,104,45,52,7,64,40,0,30,33,102,6.32,341,141,25301.81,,,,,,,Round of 16,1.0,240.0,118.0,0.0,False,,,None,1.0,1.0,25.30181,6.32,240.0,0.21146904037458972,0.017230405514225496,0.20936219026118363,0.7692418817350893,0.4463677856018564,0.5015233164807265,1.0195112426750461,1.9795274449343063,14.14485013437805,0.6870464658005618,0.27036238408987895,35.687105370530084,3.8944545441152782,30.104362817754286,5.815872674368276,1.320049627956505,0.9302048657346477,9.202021139197226,10.05271087429956,0.165375426469868,33.94130974388876,85.00904087221716,6.56477202446533,25.30181,190.0,77.40488552077719,None,1.0,1.0,71.12439844291691,55.49156542851761,52.197039507439435,85.86103190793737,54.07615173460453,66.05951134559338,190.0,77.40488552077719,None,1.0,1.0,,,,,,,,,,,,,,,,,,,,,,,
479106,285023_44005,Akmal Mozgovoy,Uzbekistan,MF,0,1,0,1,0,0,0.08,0.0,0,0,5,83,8,0,3,0,0,0,0,79,82,0,0,8,50,3,67,,,,115,10,80,25,84,31,1,16,40,182,6.81,361,94,27540.59,,,,,,,Round of 16,0.0,243.0,215.0,1.0,False,,,None,1.0,1.0,27.54059,6.81,243.0,0.022454214653012117,0.20559697109008981,0.03542656899534216,0.3902306146539263,0.06827172147535261,0.3116863172441997,0.07454435633793495,0.2781777199927816,22.206618300668207,1.815591434036548,0.6464268403021802,50.6591809480397,1.6224306433696647,19.844598553124275,2.219494574535871,0.18581544433504762,0.7391527469664408,10.494845387113292,3.4296767458064292,0.35332206749148537,24.98957730136724,88.53638656721631,6.967984488868136,27.54059,389.0,67.23129792957931,None,1.0,1.0,45.55327771766546,62.812519721544824,61.326816063903635,57.12749998479513,48.52588655177418,60.44307016999553,389.0,67.23129792957931,None,1.0,1.0,,,,,,,,,,,,,,,,,,,,,,,
479086,285023_44005,Azizjon Ganiev,Uzbekistan,MF,0,1,0,0,1,0,0.01,0.0,1,0,6,79,11,2,1,0,0,0,0,59,81,6,0,3,0,1,100,,,,35,7,23,5,13,22,2,19,28,138,4.49,216,96,15858.11,,,,,,,Round of 16,0.0,140.0,884.0,0.0,False,,,None,1.0,1.0,15.85811,4.49,140.0,0.024676021986652287,0.018881652451325028,0.02443785341816573,0.4288432873680308,0.07502709519018569,0.13546836361903036,0.2889791951359935,1.5480557339933974,20.262750420362583,0.9599472067422855,0.296272108516664,46.5612358380757,1.990026265446635,20.97995350474386,3.0602862797907884,0.6183191711732321,0.39817309000000545,9.048587369290066,3.1478611821126483,0.5953414988779688,27.876372164521154,67.27338956736442,5.238494738738416,15.85811,438.0,64.38628800974217,None,1.0,1.0,46.78182577877202,60.51821863215762,52.47352206969512,62.03535612322247,50.233407146727984,49.6383044523085,438.0,64.38628800974217,None,1.0,1.0,,,,,,,,,,,,,,,,,,,,,,,
371393,285023_44005,Dostonbek Khamdamov,Uzbekistan,MF,0,2,0,1,1,1,0.08,0.0,2,0,9,74,6,1,0,0,0,0,1,34,85,5,60,1,0,0,0,,,,32,17,13,2,22,10,1,20,22,92,4.48,184,63,13625.49,,,,,,,Round of 16,0.0,120.0,854.0,0.0,False,,,None,1.0,1.0,13.62549,4.48,120.0,0.02502132448411705,0.019145871771247457,0.03947676157413541,0.6448005449647848,0.07607698254077694,0.34732029605766684,0.5029792725851739,1.3597620993939399,15.297389463772573,0.5534676455523154,0.09046171159642319,37.55479969084692,2.6477423747820286,20.223753961696037,2.0533289018755427,0.41701532134136127,0.19378863861585388,7.915470675323218,5.291473233573891,0.3937161123075681,21.337901877510262,61.496175445975,4.843046760828925,13.62549,454.0,63.479122923925935,None,1.0,1.0,52.50731837296729,61.10549706800759,48.58435383547742,61.701079663453164,48.554143020618525,44.45422365080295,454.0,63.479122923925935,None,1.0,1.0,,,,,,,,,,,,,,,,,,,,,,,
368545,285023_44005,Jamshid Iskanderov,Uzbekistan,MF,0,0,0,0,0,0,0.0,0.0,1,0,0,4,0,0,0,0,0,0,0,17,65,1,0,2,50,0,0,,,,12,1,6,5,4,8,0,5,6,35,2.55,34,8,2148.93,,,,,,,Round of 16,0.0,16.0,560.0,0.0,False,,,None,1.0,1.0,2.14893,2.55,16.0,0.018100605069858597,0.01385026055952743,0.01640706262789733,0.16268560022302062,0.0550346332285984,0.09937012337946662,0.21197494018248164,0.37612617644354746,8.484215271594707,0.5522663154958233,0.06544064909871954,18.51003049708653,0.5484410054365253,3.9981378609043445,0.5740896361023167,0.14978800308822257,0.14018808703902627,3.295966291437255,1.3977477767629751,0.1329331886507024,7.082378370285586,21.70419370932116,1.760390399034059,2.14893,926.0,11.342031522215649,None,1.0,1.0,5.372641753412167,19.766315436933258,14.149536475097117,6.24886286990586,7.528437631701274,6.272752672741509,926.0,11.342031522215649,None,1.0,1.0,,,,,,,,,,,,,,,,,,,,,,,
371345,285023_44005,Odiljon Xamrobekov,Uzbekistan,MF,0,1,0,1,0,0,0.16,0.0,0,0,7,39,6,1,1,1,0,0,0,43,88,0,0,1,0,0,0,,,,29,2,14,13,25,4,0,10,22,93,4.55,161,39,10324.03,,,,,,,Round of 16,0.0,90.0,778.0,0.0,False,,,None,1.0,1.0,10.32403,4.55,90.0,0.02528061974617542,0.01934427988674961,0.056856420861210205,0.43935056000984857,0.07686536611084105,0.3509195662418504,0.08392756352981313,0.313193102928327,17.36510417761705,0.559203214757911,0.09139916369771113,38.15611102838362,2.250916783732142,13.008710936708695,2.0746074899071956,0.4213368390571082,0.4079288990297844,7.997498469030785,2.16432810233431,0.18566414663790368,16.467857113071005,57.25442174357853,4.192889688214578,10.32403,482.0,61.80162913040937,None,1.0,1.0,59.371141046996726,52.43325349403356,49.098059801168795,54.27422385372357,52.817605682560334,40.30850537225773,482.0,61.80162913040937,None,1.0,1.0,,,,,,,,,,,,,,,,,,,,,,,
479080,285023_44005,Oston Urunov,Uzbekistan,MF,0,0,0,0,0,0,0.0,0.0,0,0,4,41,1,0,0,0,0,0,0,10,80,0,0,2,50,0,0,,,,25,16,7,2,15,10,0,9,8,27,4.52,92,35,8454.44,,,,,,,Round of 16,0.0,75.0,744.0,0.0,False,,,None,1.0,1.0,8.45444,4.52,75.0,0.025175937641256012,0.019264179004847715,0.022820407605266425,0.22627765815217954,0.07654708165418324,0.13821283984430424,0.08358003589404828,0.3118962315070582,10.321828652295839,0.7681413006155203,0.09102069762607941,24.05537398441212,1.6078352661061894,13.377351681585377,1.0097487604731448,0.2083385284968716,0.19498610812843215,5.00683147217105,5.112916961632666,0.18489534769732147,15.554652387374553,42.44084141676887,3.7805700642524527,8.45444,759.0,44.8591689861512,None,1.0,1.0,42.38679807031939,49.633991621071644,34.15632901955736,38.15308282082324,31.24311145779072,28.964320975294207,759.0,44.8591689861512,None,1.0,1.0,,,,,,,,,,,,,,,,,,,,,,,
371348,285023_44005,Otabek Shukurov,Uzbekistan,MF,0,2,0,0,2,0,0.08,0.0,0,0,5,96,12,2,5,0,0,0,0,117,88,1,0,3,33,3,100,,,,115,2,59,54,80,35,0,8,56,252,6.72,378,85,29888.17,,,,,,,Round of 16,0.0,268.0,1068.0,0.0,False,,,None,1.0,1.0,29.88817,6.72,268.0,0.02193427767514019,0.01678371854494532,0.03460625158480478,0.5652472237157988,0.06669086046166105,0.1204165203542109,0.07281824977172045,0.4557889619247956,28.686412047143502,0.8532878029347652,0.6314585493618899,62.36982552020716,1.5848625654584085,21.77777171977716,2.9043114907732583,0.5496179408379661,1.0901424807288298,13.19667380064165,1.877840577222872,0.1610881769340255,22.754459815251902,89.61518216491702,7.238715941209258,29.88817,377.0,68.07985607418424,None,1.0,1.0,42.54468431911458,46.80051692393847,65.17615318946322,61.22146561247986,64.27638776417187,60.34044416844805,377.0,68.07985607418424,None,1.0,1.0,,,,,,,,,,,,,,,,,,,,,,,
