player_id,team_id,player_name,team,position,avg_speed,speed_runs,sprints,total_distance,source_tab,story_id,classification
419068,285023_43921,Giovanni Reyna,USA,MF,8.23,213,54,13162.56,physical,urn:gd:story:classification:gcp_physical:competitionId:285023:avg_speed:rank_asc:page:1,urn:gd:story:classification:gcp_physical:competitionId:285023:avg_speed:rank_asc:page:1
523097,285023_43995,Alexandr Sojka,Czechia,MF,8.04,321,108,19628.07,physical,urn:gd:story:classification:gcp_physical:competitionId:285023:avg_speed:rank_asc:page:1,urn:gd:story:classification:gcp_physical:competitionId:285023:avg_speed:rank_asc:page:1
419302,285023_43835,Abdullah Alhamddan,Saudi Arabia,FW,7.86,170,70,10726.97,physical,urn:gd:story:classification:gcp_physical:competitionId:285023:avg_speed:rank_asc:page:1,urn:gd:story:classification:gcp_physical:competitionId:285023:avg_speed:rank_asc:page:1
416652,285023_43978,Jesse Randall,New Zealand,FW,7.8,113,69,9324.27,physical,urn:gd:story:classification:gcp_physical:competitionId:285023:avg_speed:rank_asc:page:1,urn:gd:story:classification:gcp_physical:competitionId:285023:avg_speed:rank_asc:page:1
502946,285023_43970,Benjamin Nygren,Sweden,MF,7.73,282,104,18972.62,physical,urn:gd:story:classification:gcp_physical:competitionId:285023:avg_speed:rank_asc:page:1,urn:gd:story:classification:gcp_physical:competitionId:285023:avg_speed:rank_asc:page:1
484849,285023_43948,Aleksandar Pavlovic,Germany,MF,7.64,597,165,38018.1,physical,urn:gd:story:classification:gcp_physical:competitionId:285023:avg_speed:rank_asc:page:1,urn:gd:story:classification:gcp_physical:competitionId:285023:avg_speed:rank_asc:page:1
448411,285023_43899,Jacob Shaffelburg,Canada,MF,7.63,202,106,15826.53,physical,urn:gd:story:classification:gcp_physical:competitionId:285023:avg_speed:rank_asc:page:1,urn:gd:story:classification:gcp_physical:competitionId:285023:avg_speed:rank_asc:page:1
430097,285023_43967,Ryan Christie,Scotland,MF,7.62,208,53,14260.28,physical,urn:gd:story:classification:gcp_physical:competitionId:285023:avg_speed:rank_asc:page:1,urn:gd:story:classification:gcp_physical:competitionId:285023:avg_speed:rank_asc:page:1
505097,285023_43872,Samir El Mourabet,Morocco,MF,7.58,216,85,14604.02,physical,urn:gd:story:classification:gcp_physical:competitionId:285023:avg_speed:rank_asc:page:1,urn:gd:story:classification:gcp_physical:competitionId:285023:avg_speed:rank_asc:page:1
436537,285023_43835,Musab Aljuwayr,Saudi Arabia,MF,7.55,326,85,20967.44,physical,urn:gd:story:classification:gcp_physical:competitionId:285023:avg_speed:rank_asc:page:1,urn:gd:story:classification:gcp_physical:competitionId:285023:avg_speed:rank_asc:page:1
431861,285023_43946,Rayan Cherki,France,MF,7.52,179,62,11740.08,physical,urn:gd:story:classification:gcp_physical:competitionId:285023:avg_speed:rank_asc:page:1,urn:gd:story:classification:gcp_physical:competitionId:285023:avg_speed:rank_asc:page:1
430120,285023_43972,Mert Muldur,Türkiye,DF,7.5,145,57,15133.29,physical,urn:gd:story:classification:gcp_physical:competitionId:285023:avg_speed:rank_asc:page:1,urn:gd:story:classification:gcp_physical:competitionId:285023:avg_speed:rank_asc:page:1
336459,285023_43888,Rani Khedira,Tunisia,MF,7.49,218,49,18577.38,physical,urn:gd:story:classification:gcp_physical:competitionId:285023:avg_speed:rank_asc:page:1,urn:gd:story:classification:gcp_physical:competitionId:285023:avg_speed:rank_asc:page:1
355775,285023_43976,Jackson Irvine,Australia,MF,7.47,495,125,31483.15,physical,urn:gd:story:classification:gcp_physical:competitionId:285023:avg_speed:rank_asc:page:1,urn:gd:story:classification:gcp_physical:competitionId:285023:avg_speed:rank_asc:page:1
431230,285023_43820,Noor Alrawabdeh,Jordan,MF,7.46,635,142,38422.0,physical,urn:gd:story:classification:gcp_physical:competitionId:285023:avg_speed:rank_asc:page:1,urn:gd:story:classification:gcp_physical:competitionId:285023:avg_speed:rank_asc:page:1
483161,285023_43855,Mostafa Zico,Egypt,MF,7.43,567,184,38737.42,physical,urn:gd:story:classification:gcp_physical:competitionId:285023:avg_speed:rank_asc:page:1,urn:gd:story:classification:gcp_physical:competitionId:285023:avg_speed:rank_asc:page:1
336641,285023_43978,Ryan Thomas,New Zealand,MF,7.4,216,78,13002.61,physical,urn:gd:story:classification:gcp_physical:competitionId:285023:avg_speed:rank_asc:page:1,urn:gd:story:classification:gcp_physical:competitionId:285023:avg_speed:rank_asc:page:1
411443,285023_43935,Timothy Castagne,Belgium,DF,7.4,541,217,41305.11,physical,urn:gd:story:classification:gcp_physical:competitionId:285023:avg_speed:rank_asc:page:1,urn:gd:story:classification:gcp_physical:competitionId:285023:avg_speed:rank_asc:page:1
498421,285023_43976,Paul Okon Engstler,Australia,MF,7.39,365,108,25987.7,physical,urn:gd:story:classification:gcp_physical:competitionId:285023:avg_speed:rank_asc:page:1,urn:gd:story:classification:gcp_physical:competitionId:285023:avg_speed:rank_asc:page:1
396950,285023_43820,Mahmoud Almardi,Jordan,FW,7.38,328,87,18861.43,physical,urn:gd:story:classification:gcp_physical:competitionId:285023:avg_speed:rank_asc:page:1,urn:gd:story:classification:gcp_physical:competitionId:285023:avg_speed:rank_asc:page:1
433426,285023_43872,Soufiane Rahimi,Morocco,FW,7.34,270,123,21306.98,physical,urn:gd:story:classification:gcp_physical:competitionId:285023:avg_speed:rank_asc:page:1,urn:gd:story:classification:gcp_physical:competitionId:285023:avg_speed:rank_asc:page:1
430733,285023_43969,Mikel Merino,Spain,MF,7.34,319,78,18634.71,physical,urn:gd:story:classification:gcp_physical:competitionId:285023:avg_speed:rank_asc:page:1,urn:gd:story:classification:gcp_physical:competitionId:285023:avg_speed:rank_asc:page:1
499912,285023_43921,Sebastian Berhalter,USA,MF,7.3,372,98,23578.07,physical,urn:gd:story:classification:gcp_physical:competitionId:285023:avg_speed:rank_asc:page:1,urn:gd:story:classification:gcp_physical:competitionId:285023:avg_speed:rank_asc:page:1
484051,285023_43967,Kenny Mclean,Scotland,MF,7.3,188,56,16438.49,physical,urn:gd:story:classification:gcp_physical:competitionId:285023:avg_speed:rank_asc:page:1,urn:gd:story:classification:gcp_physical:competitionId:285023:avg_speed:rank_asc:page:1
433147,285023_43971,Michel Aebischer,Switzerland,MF,7.29,321,117,21047.55,physical,urn:gd:story:classification:gcp_physical:competitionId:285023:avg_speed:rank_asc:page:1,urn:gd:story:classification:gcp_physical:competitionId:285023:avg_speed:rank_asc:page:1
498514,285023_43820,Ali Azaizeh,Jordan,FW,7.27,129,40,9229.12,physical,urn:gd:story:classification:gcp_physical:competitionId:285023:avg_speed:rank_asc:page:1,urn:gd:story:classification:gcp_physical:competitionId:285023:avg_speed:rank_asc:page:1
494458,285023_20014,Ngalayel Mukau,Congo DR,MF,7.25,383,105,26619.43,physical,urn:gd:story:classification:gcp_physical:competitionId:285023:avg_speed:rank_asc:page:1,urn:gd:story:classification:gcp_physical:competitionId:285023:avg_speed:rank_asc:page:1
485655,285023_43946,Michael Olise,France,FW,7.24,632,241,52521.25,physical,urn:gd:story:classification:gcp_physical:competitionId:285023:avg_speed:rank_asc:page:1,urn:gd:story:classification:gcp_physical:competitionId:285023:avg_speed:rank_asc:page:1
390209,285023_43978,Sarpreet Singh,New Zealand,MF,7.24,381,118,27406.52,physical,urn:gd:story:classification:gcp_physical:competitionId:285023:avg_speed:rank_asc:page:1,urn:gd:story:classification:gcp_physical:competitionId:285023:avg_speed:rank_asc:page:1
390196,285023_43978,Callum Mccowatt,New Zealand,MF,7.24,334,110,20963.57,physical,urn:gd:story:classification:gcp_physical:competitionId:285023:avg_speed:rank_asc:page:1,urn:gd:story:classification:gcp_physical:competitionId:285023:avg_speed:rank_asc:page:1
423646,285023_43969,Pedri,Spain,MF,7.19,575,165,40760.33,physical,urn:gd:story:classification:gcp_physical:competitionId:285023:avg_speed:rank_asc:page:1,urn:gd:story:classification:gcp_physical:competitionId:285023:avg_speed:rank_asc:page:1
419082,285023_43921,Ricardo Pepi,USA,FW,7.19,319,129,25161.72,physical,urn:gd:story:classification:gcp_physical:competitionId:285023:avg_speed:rank_asc:page:1,urn:gd:story:classification:gcp_physical:competitionId:285023:avg_speed:rank_asc:page:1
433076,285023_20014,Samuel Moutoussamy,Congo DR,MF,7.17,613,169,42992.72,physical,urn:gd:story:classification:gcp_physical:competitionId:285023:avg_speed:rank_asc:page:1,urn:gd:story:classification:gcp_physical:competitionId:285023:avg_speed:rank_asc:page:1
433361,285023_43888,Anis Slimane,Tunisia,MF,7.16,408,123,30657.94,physical,urn:gd:story:classification:gcp_physical:competitionId:285023:avg_speed:rank_asc:page:1,urn:gd:story:classification:gcp_physical:competitionId:285023:avg_speed:rank_asc:page:1
433668,285023_43995,Michal Sadilek,Czechia,MF,7.16,385,125,24212.55,physical,urn:gd:story:classification:gcp_physical:competitionId:285023:avg_speed:rank_asc:page:1,urn:gd:story:classification:gcp_physical:competitionId:285023:avg_speed:rank_asc:page:1
442434,285023_43967,Lewis Ferguson,Scotland,MF,7.16,451,119,36575.01,physical,urn:gd:story:classification:gcp_physical:competitionId:285023:avg_speed:rank_asc:page:1,urn:gd:story:classification:gcp_physical:competitionId:285023:avg_speed:rank_asc:page:1
433635,285023_43899,Stephen Eustaquio,Canada,MF,7.14,897,210,52496.91,physical,urn:gd:story:classification:gcp_physical:competitionId:285023:avg_speed:rank_asc:page:1,urn:gd:story:classification:gcp_physical:competitionId:285023:avg_speed:rank_asc:page:1
448149,285023_43960,Teun Koopmeiners,Netherlands,MF,7.14,228,57,16774.64,physical,urn:gd:story:classification:gcp_physical:competitionId:285023:avg_speed:rank_asc:page:1,urn:gd:story:classification:gcp_physical:competitionId:285023:avg_speed:rank_asc:page:1
403319,285023_43835,Nasser Aldawsari,Saudi Arabia,MF,7.14,499,150,28038.3,physical,urn:gd:story:classification:gcp_physical:competitionId:285023:avg_speed:rank_asc:page:1,urn:gd:story:classification:gcp_physical:competitionId:285023:avg_speed:rank_asc:page:1
430605,285023_43924,Bruno Guimaraes,Brazil,MF,7.13,597,122,44520.18,physical,urn:gd:story:classification:gcp_physical:competitionId:285023:avg_speed:rank_asc:page:1,urn:gd:story:classification:gcp_physical:competitionId:285023:avg_speed:rank_asc:page:1
483497,285023_43961,Fredrik Aursnes,Norway,MF,7.12,424,131,28509.5,physical,urn:gd:story:classification:gcp_physical:competitionId:285023:avg_speed:rank_asc:page:1,urn:gd:story:classification:gcp_physical:competitionId:285023:avg_speed:rank_asc:page:1
433787,285023_43967,Scott Mctominay,Scotland,MF,7.12,483,135,36353.67,physical,urn:gd:story:classification:gcp_physical:competitionId:285023:avg_speed:rank_asc:page:1,urn:gd:story:classification:gcp_physical:competitionId:285023:avg_speed:rank_asc:page:1
482775,285023_43978,Tyler Bindon,New Zealand,DF,7.1,152,48,13159.9,physical,urn:gd:story:classification:gcp_physical:competitionId:285023:avg_speed:rank_asc:page:1,urn:gd:story:classification:gcp_physical:competitionId:285023:avg_speed:rank_asc:page:1
448343,285023_43935,Hans Vanaken,Belgium,MF,7.1,355,93,25295.81,physical,urn:gd:story:classification:gcp_physical:competitionId:285023:avg_speed:rank_asc:page:1,urn:gd:story:classification:gcp_physical:competitionId:285023:avg_speed:rank_asc:page:1
481180,285023_43817,Shahriyar Moghanloo,IR Iran,FW,7.1,168,47,12254.16,physical,urn:gd:story:classification:gcp_physical:competitionId:285023:avg_speed:rank_asc:page:1,urn:gd:story:classification:gcp_physical:competitionId:285023:avg_speed:rank_asc:page:1
418975,285023_43922,Thiago Almada,Argentina,FW,7.09,325,127,27791.83,physical,urn:gd:story:classification:gcp_physical:competitionId:285023:avg_speed:rank_asc:page:1,urn:gd:story:classification:gcp_physical:competitionId:285023:avg_speed:rank_asc:page:1
411624,285023_43835,Abdullah Alkhaibari,Saudi Arabia,MF,7.08,345,76,23607.42,physical,urn:gd:story:classification:gcp_physical:competitionId:285023:avg_speed:rank_asc:page:1,urn:gd:story:classification:gcp_physical:competitionId:285023:avg_speed:rank_asc:page:1
390181,285023_43978,Joe Bell,New Zealand,MF,7.04,472,112,32154.28,physical,urn:gd:story:classification:gcp_physical:competitionId:285023:avg_speed:rank_asc:page:1,urn:gd:story:classification:gcp_physical:competitionId:285023:avg_speed:rank_asc:page:1
430718,285023_43969,Fabian Ruiz,Spain,MF,7.03,195,44,16301.22,physical,urn:gd:story:classification:gcp_physical:competitionId:285023:avg_speed:rank_asc:page:1,urn:gd:story:classification:gcp_physical:competitionId:285023:avg_speed:rank_asc:page:1
411375,285023_43969,Rodri,Spain,MF,7.03,630,144,46738.12,physical,urn:gd:story:classification:gcp_physical:competitionId:285023:avg_speed:rank_asc:page:1,urn:gd:story:classification:gcp_physical:competitionId:285023:avg_speed:rank_asc:page:1
372436,285023_44037,Ivan Sunjic,Bosnia and Herzegovina,MF,7.03,401,113,26105.55,physical,urn:gd:story:classification:gcp_physical:competitionId:285023:avg_speed:rank_asc:page:2,urn:gd:story:classification:gcp_physical:competitionId:285023:avg_speed:rank_asc:page:2
504502,285023_43888,Sebastian Tounekti,Tunisia,MF,7.03,146,55,11128.49,physical,urn:gd:story:classification:gcp_physical:competitionId:285023:avg_speed:rank_asc:page:2,urn:gd:story:classification:gcp_physical:competitionId:285023:avg_speed:rank_asc:page:2
483442,285023_43961,Patrick Berg,Norway,MF,7.02,451,144,31666.04,physical,urn:gd:story:classification:gcp_physical:competitionId:285023:avg_speed:rank_asc:page:2,urn:gd:story:classification:gcp_physical:competitionId:285023:avg_speed:rank_asc:page:2
404885,285023_43995,Tomas Soucek,Czechia,MF,7.02,264,57,17938.82,physical,urn:gd:story:classification:gcp_physical:competitionId:285023:avg_speed:rank_asc:page:2,urn:gd:story:classification:gcp_physical:competitionId:285023:avg_speed:rank_asc:page:2
511875,285023_43820,Odeh Fakhoury,Jordan,FW,7.01,275,98,18713.27,physical,urn:gd:story:classification:gcp_physical:competitionId:285023:avg_speed:rank_asc:page:2,urn:gd:story:classification:gcp_physical:competitionId:285023:avg_speed:rank_asc:page:2
485066,285023_43938,Petar Sucic,Croatia,MF,7.0,548,158,39444.7,physical,urn:gd:story:classification:gcp_physical:competitionId:285023:avg_speed:rank_asc:page:2,urn:gd:story:classification:gcp_physical:competitionId:285023:avg_speed:rank_asc:page:2
402021,285023_43971,Remo Freuler,Switzerland,MF,7.0,666,144,46073.88,physical,urn:gd:story:classification:gcp_physical:competitionId:285023:avg_speed:rank_asc:page:2,urn:gd:story:classification:gcp_physical:competitionId:285023:avg_speed:rank_asc:page:2
498458,285023_43834,Mohamed Manai,Qatar,FW,6.99,153,43,10166.36,physical,urn:gd:story:classification:gcp_physical:competitionId:285023:avg_speed:rank_asc:page:2,urn:gd:story:classification:gcp_physical:competitionId:285023:avg_speed:rank_asc:page:2
430440,285023_43976,Aiden Oneill,Australia,MF,6.97,648,186,47323.13,physical,urn:gd:story:classification:gcp_physical:competitionId:285023:avg_speed:rank_asc:page:2,urn:gd:story:classification:gcp_physical:competitionId:285023:avg_speed:rank_asc:page:2
495349,285023_43935,Nicolas Raskin,Belgium,MF,6.96,240,69,22115.12,physical,urn:gd:story:classification:gcp_physical:competitionId:285023:avg_speed:rank_asc:page:2,urn:gd:story:classification:gcp_physical:competitionId:285023:avg_speed:rank_asc:page:2
519958,285023_43970,Elliot Stroud,Sweden,DF,6.96,251,94,20520.74,physical,urn:gd:story:classification:gcp_physical:competitionId:285023:avg_speed:rank_asc:page:2,urn:gd:story:classification:gcp_physical:competitionId:285023:avg_speed:rank_asc:page:2
480966,285023_43850,Laros Duarte,Cabo Verde,MF,6.95,252,66,21530.22,physical,urn:gd:story:classification:gcp_physical:competitionId:285023:avg_speed:rank_asc:page:2,urn:gd:story:classification:gcp_physical:competitionId:285023:avg_speed:rank_asc:page:2
484011,285023_43995,Lukas Provod,Czechia,MF,6.94,228,88,16011.22,physical,urn:gd:story:classification:gcp_physical:competitionId:285023:avg_speed:rank_asc:page:2,urn:gd:story:classification:gcp_physical:competitionId:285023:avg_speed:rank_asc:page:2
368546,285023_44005,Igor Sergeev,Uzbekistan,FW,6.94,79,26,5591.98,physical,urn:gd:story:classification:gcp_physical:competitionId:285023:avg_speed:rank_asc:page:2,urn:gd:story:classification:gcp_physical:competitionId:285023:avg_speed:rank_asc:page:2
489689,285023_43970,Lucas Bergvall,Sweden,MF,6.93,283,89,23862.93,physical,urn:gd:story:classification:gcp_physical:competitionId:285023:avg_speed:rank_asc:page:2,urn:gd:story:classification:gcp_physical:competitionId:285023:avg_speed:rank_asc:page:2
411367,285023_43948,Kai Havertz,Germany,FW,6.93,577,202,44897.03,physical,urn:gd:story:classification:gcp_physical:competitionId:285023:avg_speed:rank_asc:page:2,urn:gd:story:classification:gcp_physical:competitionId:285023:avg_speed:rank_asc:page:2
483966,285023_44037,Benjamin Tahirovic,Bosnia and Herzegovina,MF,6.92,429,116,30616.63,physical,urn:gd:story:classification:gcp_physical:competitionId:285023:avg_speed:rank_asc:page:2,urn:gd:story:classification:gcp_physical:competitionId:285023:avg_speed:rank_asc:page:2
481610,285023_43942,Elliot Anderson,England,MF,6.91,592,175,42763.51,physical,urn:gd:story:classification:gcp_physical:competitionId:285023:avg_speed:rank_asc:page:2,urn:gd:story:classification:gcp_physical:competitionId:285023:avg_speed:rank_asc:page:2
461788,285023_43855,Marawan Attia,Egypt,MF,6.9,658,205,44690.71,physical,urn:gd:story:classification:gcp_physical:competitionId:285023:avg_speed:rank_asc:page:2,urn:gd:story:classification:gcp_physical:competitionId:285023:avg_speed:rank_asc:page:2
411644,285023_43817,Saman Ghoddos,IR Iran,MF,6.9,338,99,26206.79,physical,urn:gd:story:classification:gcp_physical:competitionId:285023:avg_speed:rank_asc:page:2,urn:gd:story:classification:gcp_physical:competitionId:285023:avg_speed:rank_asc:page:2
494989,285023_1895293,Livano Comenencia,Curaçao,MF,6.88,342,117,28808.06,physical,urn:gd:story:classification:gcp_physical:competitionId:285023:avg_speed:rank_asc:page:2,urn:gd:story:classification:gcp_physical:competitionId:285023:avg_speed:rank_asc:page:2
405454,285023_43978,Elijah Just,New Zealand,MF,6.88,460,178,33430.3,physical,urn:gd:story:classification:gcp_physical:competitionId:285023:avg_speed:rank_asc:page:2,urn:gd:story:classification:gcp_physical:competitionId:285023:avg_speed:rank_asc:page:2
466838,285023_43908,Danley Jean Jacques,Haiti,MF,6.87,470,138,33149.8,physical,urn:gd:story:classification:gcp_physical:competitionId:285023:avg_speed:rank_asc:page:2,urn:gd:story:classification:gcp_physical:competitionId:285023:avg_speed:rank_asc:page:2
431788,285023_43879,Pape Gueye,Senegal,MF,6.87,356,114,29411.07,physical,urn:gd:story:classification:gcp_physical:competitionId:285023:avg_speed:rank_asc:page:2,urn:gd:story:classification:gcp_physical:competitionId:285023:avg_speed:rank_asc:page:2
486147,285023_20014,Noah Sadiki,Congo DR,MF,6.86,420,141,33931.45,physical,urn:gd:story:classification:gcp_physical:competitionId:285023:avg_speed:rank_asc:page:2,urn:gd:story:classification:gcp_physical:competitionId:285023:avg_speed:rank_asc:page:2
401470,285023_43942,Marcus Rashford,England,FW,6.86,232,117,22644.71,physical,urn:gd:story:classification:gcp_physical:competitionId:285023:avg_speed:rank_asc:page:2,urn:gd:story:classification:gcp_physical:competitionId:285023:avg_speed:rank_asc:page:2
448180,285023_43938,Josko Gvardiol,Croatia,DF,6.86,238,88,18796.01,physical,urn:gd:story:classification:gcp_physical:competitionId:285023:avg_speed:rank_asc:page:2,urn:gd:story:classification:gcp_physical:competitionId:285023:avg_speed:rank_asc:page:2
494291,285023_43843,Ibrahim Maza,Algeria,MF,6.85,524,152,44461.44,physical,urn:gd:story:classification:gcp_physical:competitionId:285023:avg_speed:rank_asc:page:2,urn:gd:story:classification:gcp_physical:competitionId:285023:avg_speed:rank_asc:page:2
430669,285023_43948,Florian Wirtz,Germany,MF,6.85,653,229,46415.88,physical,urn:gd:story:classification:gcp_physical:competitionId:285023:avg_speed:rank_asc:page:2,urn:gd:story:classification:gcp_physical:competitionId:285023:avg_speed:rank_asc:page:2
434026,285023_43818,Zidane Iqbal,Iraq,MF,6.85,352,61,24227.99,physical,urn:gd:story:classification:gcp_physical:competitionId:285023:avg_speed:rank_asc:page:2,urn:gd:story:classification:gcp_physical:competitionId:285023:avg_speed:rank_asc:page:2
401444,285023_43935,Youri Tielemans,Belgium,MF,6.84,692,211,49842.18,physical,urn:gd:story:classification:gcp_physical:competitionId:285023:avg_speed:rank_asc:page:2,urn:gd:story:classification:gcp_physical:competitionId:285023:avg_speed:rank_asc:page:2
506279,285023_43860,Caleb Yirenkyi,Ghana,MF,6.84,460,136,34220.54,physical,urn:gd:story:classification:gcp_physical:competitionId:285023:avg_speed:rank_asc:page:2,urn:gd:story:classification:gcp_physical:competitionId:285023:avg_speed:rank_asc:page:2
448497,285023_43817,Mohammad Mohebbi,IR Iran,MF,6.83,470,170,30775.81,physical,urn:gd:story:classification:gcp_physical:competitionId:285023:avg_speed:rank_asc:page:2,urn:gd:story:classification:gcp_physical:competitionId:285023:avg_speed:rank_asc:page:2
448662,285023_43888,Elias Achouri,Tunisia,FW,6.83,68,40,6477.05,physical,urn:gd:story:classification:gcp_physical:competitionId:285023:avg_speed:rank_asc:page:2,urn:gd:story:classification:gcp_physical:competitionId:285023:avg_speed:rank_asc:page:2
441149,285023_43963,Vitinha,Portugal,MF,6.82,412,127,36000.85,physical,urn:gd:story:classification:gcp_physical:competitionId:285023:avg_speed:rank_asc:page:2,urn:gd:story:classification:gcp_physical:competitionId:285023:avg_speed:rank_asc:page:2
472908,285023_43995,Vladimir Coufal,Czechia,DF,6.82,443,154,34224.86,physical,urn:gd:story:classification:gcp_physical:competitionId:285023:avg_speed:rank_asc:page:2,urn:gd:story:classification:gcp_physical:competitionId:285023:avg_speed:rank_asc:page:2
418729,285023_43914,Carlos Harvey,Panama,DF,6.82,446,118,33573.58,physical,urn:gd:story:classification:gcp_physical:competitionId:285023:avg_speed:rank_asc:page:2,urn:gd:story:classification:gcp_physical:competitionId:285023:avg_speed:rank_asc:page:2
433191,285023_43967,Che Adams,Scotland,FW,6.82,192,75,17234.99,physical,urn:gd:story:classification:gcp_physical:competitionId:285023:avg_speed:rank_asc:page:2,urn:gd:story:classification:gcp_physical:competitionId:285023:avg_speed:rank_asc:page:2
401481,285023_43995,Patrik Schick,Czechia,FW,6.81,251,76,22836.75,physical,urn:gd:story:classification:gcp_physical:competitionId:285023:avg_speed:rank_asc:page:2,urn:gd:story:classification:gcp_physical:competitionId:285023:avg_speed:rank_asc:page:2
484141,285023_43963,Joao Neves,Portugal,MF,6.81,496,155,39283.8,physical,urn:gd:story:classification:gcp_physical:competitionId:285023:avg_speed:rank_asc:page:2,urn:gd:story:classification:gcp_physical:competitionId:285023:avg_speed:rank_asc:page:2
479106,285023_44005,Akmal Mozgovoy,Uzbekistan,MF,6.81,361,94,27540.59,physical,urn:gd:story:classification:gcp_physical:competitionId:285023:avg_speed:rank_asc:page:2,urn:gd:story:classification:gcp_physical:competitionId:285023:avg_speed:rank_asc:page:2
466669,285023_43914,Azarias Londono,Panama,FW,6.8,100,41,8536.29,physical,urn:gd:story:classification:gcp_physical:competitionId:285023:avg_speed:rank_asc:page:2,urn:gd:story:classification:gcp_physical:competitionId:285023:avg_speed:rank_asc:page:2
371609,285023_43854,Franck Kessie,Côte d'Ivoire,MF,6.8,553,184,44144.95,physical,urn:gd:story:classification:gcp_physical:competitionId:285023:avg_speed:rank_asc:page:2,urn:gd:story:classification:gcp_physical:competitionId:285023:avg_speed:rank_asc:page:2
384797,285023_43817,Ramin Rezaeian,IR Iran,DF,6.79,458,170,34994.84,physical,urn:gd:story:classification:gcp_physical:competitionId:285023:avg_speed:rank_asc:page:2,urn:gd:story:classification:gcp_physical:competitionId:285023:avg_speed:rank_asc:page:2
386413,285023_43948,Joshua Kimmich,Germany,DF,6.79,518,157,44638.55,physical,urn:gd:story:classification:gcp_physical:competitionId:285023:avg_speed:rank_asc:page:2,urn:gd:story:classification:gcp_physical:competitionId:285023:avg_speed:rank_asc:page:2
431212,285023_43820,Ali Olwan,Jordan,FW,6.79,411,138,33572.53,physical,urn:gd:story:classification:gcp_physical:competitionId:285023:avg_speed:rank_asc:page:2,urn:gd:story:classification:gcp_physical:competitionId:285023:avg_speed:rank_asc:page:2
395084,285023_43822,Hwang Inbeom,Korea Republic,MF,6.78,372,97,32488.04,physical,urn:gd:story:classification:gcp_physical:competitionId:285023:avg_speed:rank_asc:page:2,urn:gd:story:classification:gcp_physical:competitionId:285023:avg_speed:rank_asc:page:2
405879,285023_43908,Wilson Isidor,Haiti,FW,6.78,287,110,22699.6,physical,urn:gd:story:classification:gcp_physical:competitionId:285023:avg_speed:rank_asc:page:2,urn:gd:story:classification:gcp_physical:competitionId:285023:avg_speed:rank_asc:page:2
358120,285023_43935,Kevin De Bruyne,Belgium,MF,6.78,456,155,36244.83,physical,urn:gd:story:classification:gcp_physical:competitionId:285023:avg_speed:rank_asc:page:2,urn:gd:story:classification:gcp_physical:competitionId:285023:avg_speed:rank_asc:page:2
433754,285023_43995,Adam Hlozek,Czechia,FW,6.77,251,94,19420.45,physical,urn:gd:story:classification:gcp_physical:competitionId:285023:avg_speed:rank_asc:page:2,urn:gd:story:classification:gcp_physical:competitionId:285023:avg_speed:rank_asc:page:2
477795,285023_43843,Fares Chaibi,Algeria,MF,6.76,549,177,45534.2,physical,urn:gd:story:classification:gcp_physical:competitionId:285023:avg_speed:rank_asc:page:3,urn:gd:story:classification:gcp_physical:competitionId:285023:avg_speed:rank_asc:page:3
436628,285023_43818,Ali Alhamadi,Iraq,FW,6.76,258,112,22671.28,physical,urn:gd:story:classification:gcp_physical:competitionId:285023:avg_speed:rank_asc:page:3,urn:gd:story:classification:gcp_physical:competitionId:285023:avg_speed:rank_asc:page:3
390259,285023_43921,Weston Mckennie,USA,MF,6.76,597,195,45403.76,physical,urn:gd:story:classification:gcp_physical:competitionId:285023:avg_speed:rank_asc:page:3,urn:gd:story:classification:gcp_physical:competitionId:285023:avg_speed:rank_asc:page:3
485740,285023_43872,Neil El Aynaoui,Morocco,MF,6.76,713,239,59775.75,physical,urn:gd:story:classification:gcp_physical:competitionId:285023:avg_speed:rank_asc:page:3,urn:gd:story:classification:gcp_physical:competitionId:285023:avg_speed:rank_asc:page:3
512183,285023_43835,Mohammed Abu Alshamat,Saudi Arabia,DF,6.75,212,87,17130.45,physical,urn:gd:story:classification:gcp_physical:competitionId:285023:avg_speed:rank_asc:page:3,urn:gd:story:classification:gcp_physical:competitionId:285023:avg_speed:rank_asc:page:3
400416,285023_43914,Edgar Yoel Barcenas,Panama,MF,6.75,426,101,30790.0,physical,urn:gd:story:classification:gcp_physical:competitionId:285023:avg_speed:rank_asc:page:3,urn:gd:story:classification:gcp_physical:competitionId:285023:avg_speed:rank_asc:page:3
419303,285023_43835,Moteb Alharbi,Saudi Arabia,DF,6.75,235,107,22511.24,physical,urn:gd:story:classification:gcp_physical:competitionId:285023:avg_speed:rank_asc:page:3,urn:gd:story:classification:gcp_physical:competitionId:285023:avg_speed:rank_asc:page:3
395581,285023_43914,Cristian Martinez,Panama,MF,6.73,319,147,29553.99,physical,urn:gd:story:classification:gcp_physical:competitionId:285023:avg_speed:rank_asc:page:3,urn:gd:story:classification:gcp_physical:competitionId:285023:avg_speed:rank_asc:page:3
463128,285023_43928,Diego Gomez,Paraguay,MF,6.73,492,179,37311.9,physical,urn:gd:story:classification:gcp_physical:competitionId:285023:avg_speed:rank_asc:page:3,urn:gd:story:classification:gcp_physical:competitionId:285023:avg_speed:rank_asc:page:3
339987,285023_43938,Mateo Kovacic,Croatia,MF,6.73,354,108,32503.08,physical,urn:gd:story:classification:gcp_physical:competitionId:285023:avg_speed:rank_asc:page:3,urn:gd:story:classification:gcp_physical:competitionId:285023:avg_speed:rank_asc:page:3
406280,285023_43921,Sergino Dest,USA,DF,6.72,394,181,31006.06,physical,urn:gd:story:classification:gcp_physical:competitionId:285023:avg_speed:rank_asc:page:3,urn:gd:story:classification:gcp_physical:competitionId:285023:avg_speed:rank_asc:page:3
371348,285023_44005,Otabek Shukurov,Uzbekistan,MF,6.72,378,85,29888.17,physical,urn:gd:story:classification:gcp_physical:competitionId:285023:avg_speed:rank_asc:page:3,urn:gd:story:classification:gcp_physical:competitionId:285023:avg_speed:rank_asc:page:3
448355,285023_43935,Leandro Trossard,Belgium,FW,6.72,579,194,44881.63,physical,urn:gd:story:classification:gcp_physical:competitionId:285023:avg_speed:rank_asc:page:3,urn:gd:story:classification:gcp_physical:competitionId:285023:avg_speed:rank_asc:page:3
405522,285023_43819,Keito Nakamura,Japan,MF,6.72,497,180,36946.02,physical,urn:gd:story:classification:gcp_physical:competitionId:285023:avg_speed:rank_asc:page:3,urn:gd:story:classification:gcp_physical:competitionId:285023:avg_speed:rank_asc:page:3
463283,285023_43934,Romano Schmid,Austria,MF,6.71,439,161,31408.46,physical,urn:gd:story:classification:gcp_physical:competitionId:285023:avg_speed:rank_asc:page:3,urn:gd:story:classification:gcp_physical:competitionId:285023:avg_speed:rank_asc:page:3
473050,285023_43926,Richard Rios,Colombia,MF,6.71,195,81,14379.91,physical,urn:gd:story:classification:gcp_physical:competitionId:285023:avg_speed:rank_asc:page:3,urn:gd:story:classification:gcp_physical:competitionId:285023:avg_speed:rank_asc:page:3
390537,285023_43817,Milad Mohammadi,IR Iran,DF,6.7,299,142,26000.62,physical,urn:gd:story:classification:gcp_physical:competitionId:285023:avg_speed:rank_asc:page:3,urn:gd:story:classification:gcp_physical:competitionId:285023:avg_speed:rank_asc:page:3
401889,285023_43879,Ismaila Sarr,Senegal,FW,6.69,556,216,46719.89,physical,urn:gd:story:classification:gcp_physical:competitionId:285023:avg_speed:rank_asc:page:3,urn:gd:story:classification:gcp_physical:competitionId:285023:avg_speed:rank_asc:page:3
463902,285023_43926,Gustavo Puerta,Colombia,DF,6.68,559,161,43401.19,physical,urn:gd:story:classification:gcp_physical:competitionId:285023:avg_speed:rank_asc:page:3,urn:gd:story:classification:gcp_physical:competitionId:285023:avg_speed:rank_asc:page:3
481242,285023_43883,Iqraam Rayners,South Africa,FW,6.68,193,108,19309.81,physical,urn:gd:story:classification:gcp_physical:competitionId:285023:avg_speed:rank_asc:page:3,urn:gd:story:classification:gcp_physical:competitionId:285023:avg_speed:rank_asc:page:3
405469,285023_43978,Liberato Cacace,New Zealand,DF,6.67,350,111,26344.8,physical,urn:gd:story:classification:gcp_physical:competitionId:285023:avg_speed:rank_asc:page:3,urn:gd:story:classification:gcp_physical:competitionId:285023:avg_speed:rank_asc:page:3
402817,285023_43822,Paik Seungho,Korea Republic,MF,6.66,269,63,23909.61,physical,urn:gd:story:classification:gcp_physical:competitionId:285023:avg_speed:rank_asc:page:3,urn:gd:story:classification:gcp_physical:competitionId:285023:avg_speed:rank_asc:page:3
429608,285023_43822,Seol Youngwoo,Korea Republic,DF,6.66,309,155,30578.14,physical,urn:gd:story:classification:gcp_physical:competitionId:285023:avg_speed:rank_asc:page:3,urn:gd:story:classification:gcp_physical:competitionId:285023:avg_speed:rank_asc:page:3
464114,285023_43946,Desire Doue,France,FW,6.66,359,165,30522.06,physical,urn:gd:story:classification:gcp_physical:competitionId:285023:avg_speed:rank_asc:page:3,urn:gd:story:classification:gcp_physical:competitionId:285023:avg_speed:rank_asc:page:3
495488,285023_43855,Hamza Abdelkarim,Egypt,FW,6.65,120,56,9335.75,physical,urn:gd:story:classification:gcp_physical:competitionId:285023:avg_speed:rank_asc:page:3,urn:gd:story:classification:gcp_physical:competitionId:285023:avg_speed:rank_asc:page:3
486082,285023_43995,Pavel Sulc,Czechia,FW,6.65,338,102,22856.82,physical,urn:gd:story:classification:gcp_physical:competitionId:285023:avg_speed:rank_asc:page:3,urn:gd:story:classification:gcp_physical:competitionId:285023:avg_speed:rank_asc:page:3
441088,285023_43934,Nicolas Seiwald,Austria,MF,6.65,491,132,39640.15,physical,urn:gd:story:classification:gcp_physical:competitionId:285023:avg_speed:rank_asc:page:3,urn:gd:story:classification:gcp_physical:competitionId:285023:avg_speed:rank_asc:page:3
489300,285023_43908,Martin Experience,Haiti,DF,6.65,447,187,33997.02,physical,urn:gd:story:classification:gcp_physical:competitionId:285023:avg_speed:rank_asc:page:3,urn:gd:story:classification:gcp_physical:competitionId:285023:avg_speed:rank_asc:page:3
492363,285023_43948,Felix Nmecha,Germany,MF,6.64,442,141,33325.14,physical,urn:gd:story:classification:gcp_physical:competitionId:285023:avg_speed:rank_asc:page:3,urn:gd:story:classification:gcp_physical:competitionId:285023:avg_speed:rank_asc:page:3
448598,285023_43872,Ismael Saibari,Morocco,MF,6.64,615,315,45216.86,physical,urn:gd:story:classification:gcp_physical:competitionId:285023:avg_speed:rank_asc:page:3,urn:gd:story:classification:gcp_physical:competitionId:285023:avg_speed:rank_asc:page:3
520036,285023_43934,Paul Wanner,Austria,MF,6.64,392,115,30227.02,physical,urn:gd:story:classification:gcp_physical:competitionId:285023:avg_speed:rank_asc:page:3,urn:gd:story:classification:gcp_physical:competitionId:285023:avg_speed:rank_asc:page:3
431200,285023_43926,Daniel Munoz,Colombia,DF,6.64,439,168,34353.71,physical,urn:gd:story:classification:gcp_physical:competitionId:285023:avg_speed:rank_asc:page:3,urn:gd:story:classification:gcp_physical:competitionId:285023:avg_speed:rank_asc:page:3
430697,285023_43908,Jean Ricner Bellegarde,Haiti,MF,6.64,431,112,32370.02,physical,urn:gd:story:classification:gcp_physical:competitionId:285023:avg_speed:rank_asc:page:3,urn:gd:story:classification:gcp_physical:competitionId:285023:avg_speed:rank_asc:page:3
391646,285023_43819,Ritsu Doan,Japan,MF,6.63,346,152,32576.29,physical,urn:gd:story:classification:gcp_physical:competitionId:285023:avg_speed:rank_asc:page:3,urn:gd:story:classification:gcp_physical:competitionId:285023:avg_speed:rank_asc:page:3
430831,285023_43854,Ibrahim Sangare,Côte d'Ivoire,MF,6.63,387,110,33681.96,physical,urn:gd:story:classification:gcp_physical:competitionId:285023:avg_speed:rank_asc:page:3,urn:gd:story:classification:gcp_physical:competitionId:285023:avg_speed:rank_asc:page:3
311558,285023_43971,Granit Xhaka,Switzerland,MF,6.63,703,138,44673.07,physical,urn:gd:story:classification:gcp_physical:competitionId:285023:avg_speed:rank_asc:page:3,urn:gd:story:classification:gcp_physical:competitionId:285023:avg_speed:rank_asc:page:3
477847,285023_43850,Steven Moreira,Cabo Verde,DF,6.63,313,113,33908.12,physical,urn:gd:story:classification:gcp_physical:competitionId:285023:avg_speed:rank_asc:page:3,urn:gd:story:classification:gcp_physical:competitionId:285023:avg_speed:rank_asc:page:3
433394,285023_43834,Ahmed Fathy,Qatar,MF,6.63,312,80,18273.99,physical,urn:gd:story:classification:gcp_physical:competitionId:285023:avg_speed:rank_asc:page:3,urn:gd:story:classification:gcp_physical:competitionId:285023:avg_speed:rank_asc:page:3
507253,285023_43860,Kwasi Sibo,Ghana,MF,6.63,447,96,31122.82,physical,urn:gd:story:classification:gcp_physical:competitionId:285023:avg_speed:rank_asc:page:3,urn:gd:story:classification:gcp_physical:competitionId:285023:avg_speed:rank_asc:page:3
402893,285023_43930,Mathias Olivera,Uruguay,DF,6.63,458,126,34595.17,physical,urn:gd:story:classification:gcp_physical:competitionId:285023:avg_speed:rank_asc:page:3,urn:gd:story:classification:gcp_physical:competitionId:285023:avg_speed:rank_asc:page:3
369419,285023_43942,Harry Kane,England,FW,6.63,514,168,43443.8,physical,urn:gd:story:classification:gcp_physical:competitionId:285023:avg_speed:rank_asc:page:3,urn:gd:story:classification:gcp_physical:competitionId:285023:avg_speed:rank_asc:page:3
433534,285023_43820,Nizar Alrashdan,Jordan,MF,6.62,407,103,31944.15,physical,urn:gd:story:classification:gcp_physical:competitionId:285023:avg_speed:rank_asc:page:3,urn:gd:story:classification:gcp_physical:competitionId:285023:avg_speed:rank_asc:page:3
385531,285023_43934,Xaver Schlager,Austria,MF,6.62,371,91,28614.03,physical,urn:gd:story:classification:gcp_physical:competitionId:285023:avg_speed:rank_asc:page:3,urn:gd:story:classification:gcp_physical:competitionId:285023:avg_speed:rank_asc:page:3
448373,285023_43935,Maxim De Cuyper,Belgium,DF,6.62,443,167,36148.19,physical,urn:gd:story:classification:gcp_physical:competitionId:285023:avg_speed:rank_asc:page:3,urn:gd:story:classification:gcp_physical:competitionId:285023:avg_speed:rank_asc:page:3
411658,285023_43888,Ellyes Skhiri,Tunisia,MF,6.61,286,59,29334.81,physical,urn:gd:story:classification:gcp_physical:competitionId:285023:avg_speed:rank_asc:page:3,urn:gd:story:classification:gcp_physical:competitionId:285023:avg_speed:rank_asc:page:3
441257,285023_43899,Jonathan David,Canada,FW,6.61,667,256,52214.28,physical,urn:gd:story:classification:gcp_physical:competitionId:285023:avg_speed:rank_asc:page:3,urn:gd:story:classification:gcp_physical:competitionId:285023:avg_speed:rank_asc:page:3
429642,285023_43948,Jamal Musiala,Germany,MF,6.61,412,140,33546.51,physical,urn:gd:story:classification:gcp_physical:competitionId:285023:avg_speed:rank_asc:page:3,urn:gd:story:classification:gcp_physical:competitionId:285023:avg_speed:rank_asc:page:3
429157,285023_43911,Julian Quinones,Mexico,FW,6.6,486,205,39050.0,physical,urn:gd:story:classification:gcp_physical:competitionId:285023:avg_speed:rank_asc:page:3,urn:gd:story:classification:gcp_physical:competitionId:285023:avg_speed:rank_asc:page:3
390475,285023_43883,Sphephelo Sithole,South Africa,MF,6.6,463,119,28152.2,physical,urn:gd:story:classification:gcp_physical:competitionId:285023:avg_speed:rank_asc:page:3,urn:gd:story:classification:gcp_physical:competitionId:285023:avg_speed:rank_asc:page:3
502727,285023_43971,Johan Manzambi,Switzerland,MF,6.6,345,113,24380.51,physical,urn:gd:story:classification:gcp_physical:competitionId:285023:avg_speed:rank_asc:page:3,urn:gd:story:classification:gcp_physical:competitionId:285023:avg_speed:rank_asc:page:3
385306,285023_43928,Andres Cubas,Paraguay,MF,6.6,756,205,60748.96,physical,urn:gd:story:classification:gcp_physical:competitionId:285023:avg_speed:rank_asc:page:4,urn:gd:story:classification:gcp_physical:competitionId:285023:avg_speed:rank_asc:page:4
433074,285023_43818,Amir Alammari,Iraq,MF,6.6,383,104,30575.01,physical,urn:gd:story:classification:gcp_physical:competitionId:285023:avg_speed:rank_asc:page:4,urn:gd:story:classification:gcp_physical:competitionId:285023:avg_speed:rank_asc:page:4
433118,285023_43972,Orkun Kokcu,Türkiye,MF,6.6,207,67,19220.02,physical,urn:gd:story:classification:gcp_physical:competitionId:285023:avg_speed:rank_asc:page:4,urn:gd:story:classification:gcp_physical:competitionId:285023:avg_speed:rank_asc:page:4
371736,285023_43817,Saeid Ezatolahi,IR Iran,MF,6.6,406,65,32836.4,physical,urn:gd:story:classification:gcp_physical:competitionId:285023:avg_speed:rank_asc:page:4,urn:gd:story:classification:gcp_physical:competitionId:285023:avg_speed:rank_asc:page:4
441307,285023_43872,Azzedine Ounahi,Morocco,MF,6.59,517,224,42341.55,physical,urn:gd:story:classification:gcp_physical:competitionId:285023:avg_speed:rank_asc:page:4,urn:gd:story:classification:gcp_physical:competitionId:285023:avg_speed:rank_asc:page:4
379939,285023_43843,Nabil Bentaleb,Algeria,MF,6.59,405,115,33625.87,physical,urn:gd:story:classification:gcp_physical:competitionId:285023:avg_speed:rank_asc:page:4,urn:gd:story:classification:gcp_physical:competitionId:285023:avg_speed:rank_asc:page:4
477470,285023_43961,Oscar Bobb,Norway,MF,6.59,198,75,16697.79,physical,urn:gd:story:classification:gcp_physical:competitionId:285023:avg_speed:rank_asc:page:4,urn:gd:story:classification:gcp_physical:competitionId:285023:avg_speed:rank_asc:page:4
430750,285023_43969,Dani Olmo,Spain,FW,6.59,282,107,20592.27,physical,urn:gd:story:classification:gcp_physical:competitionId:285023:avg_speed:rank_asc:page:4,urn:gd:story:classification:gcp_physical:competitionId:285023:avg_speed:rank_asc:page:4
482774,285023_43938,Martin Baturina,Croatia,MF,6.58,489,175,37805.67,physical,urn:gd:story:classification:gcp_physical:competitionId:285023:avg_speed:rank_asc:page:4,urn:gd:story:classification:gcp_physical:competitionId:285023:avg_speed:rank_asc:page:4
430138,285023_43899,Tajon Buchanan,Canada,FW,6.58,537,213,43975.29,physical,urn:gd:story:classification:gcp_physical:competitionId:285023:avg_speed:rank_asc:page:4,urn:gd:story:classification:gcp_physical:competitionId:285023:avg_speed:rank_asc:page:4
430482,285023_43855,Emam Ashour,Egypt,MF,6.57,461,166,37645.06,physical,urn:gd:story:classification:gcp_physical:competitionId:285023:avg_speed:rank_asc:page:4,urn:gd:story:classification:gcp_physical:competitionId:285023:avg_speed:rank_asc:page:4
433469,285023_43855,Mohanad Lashin,Egypt,MF,6.57,412,125,33745.3,physical,urn:gd:story:classification:gcp_physical:competitionId:285023:avg_speed:rank_asc:page:4,urn:gd:story:classification:gcp_physical:competitionId:285023:avg_speed:rank_asc:page:4
499102,285023_43820,Saleem Obaid,Jordan,DF,6.56,43,19,4204.95,physical,urn:gd:story:classification:gcp_physical:competitionId:285023:avg_speed:rank_asc:page:4,urn:gd:story:classification:gcp_physical:competitionId:285023:avg_speed:rank_asc:page:4
494626,285023_43961,Andreas Schjelderup,Norway,MF,6.56,224,82,18345.5,physical,urn:gd:story:classification:gcp_physical:competitionId:285023:avg_speed:rank_asc:page:4,urn:gd:story:classification:gcp_physical:competitionId:285023:avg_speed:rank_asc:page:4
464842,285023_43879,Lamine Camara,Senegal,MF,6.56,453,176,31487.71,physical,urn:gd:story:classification:gcp_physical:competitionId:285023:avg_speed:rank_asc:page:4,urn:gd:story:classification:gcp_physical:competitionId:285023:avg_speed:rank_asc:page:4
419020,285023_43927,Gonzalo Plata,Ecuador,FW,6.52,494,187,44302.06,physical,urn:gd:story:classification:gcp_physical:competitionId:285023:avg_speed:rank_asc:page:4,urn:gd:story:classification:gcp_physical:competitionId:285023:avg_speed:rank_asc:page:4
423595,285023_43978,Marko Stamenic,New Zealand,MF,6.52,415,133,32898.29,physical,urn:gd:story:classification:gcp_physical:competitionId:285023:avg_speed:rank_asc:page:4,urn:gd:story:classification:gcp_physical:competitionId:285023:avg_speed:rank_asc:page:4
395550,285023_43926,Jefferson Lerma,Colombia,MF,6.51,587,134,40327.08,physical,urn:gd:story:classification:gcp_physical:competitionId:285023:avg_speed:rank_asc:page:4,urn:gd:story:classification:gcp_physical:competitionId:285023:avg_speed:rank_asc:page:4
369761,285023_43928,Miguel Almiron,Paraguay,MF,6.51,357,129,33177.48,physical,urn:gd:story:classification:gcp_physical:competitionId:285023:avg_speed:rank_asc:page:4,urn:gd:story:classification:gcp_physical:competitionId:285023:avg_speed:rank_asc:page:4
422657,285023_43960,Frenkie De Jong,Netherlands,MF,6.5,424,109,38652.6,physical,urn:gd:story:classification:gcp_physical:competitionId:285023:avg_speed:rank_asc:page:4,urn:gd:story:classification:gcp_physical:competitionId:285023:avg_speed:rank_asc:page:4
411174,285023_43914,Jose Fajardo,Panama,FW,6.5,236,110,19207.38,physical,urn:gd:story:classification:gcp_physical:competitionId:285023:avg_speed:rank_asc:page:4,urn:gd:story:classification:gcp_physical:competitionId:285023:avg_speed:rank_asc:page:4
419291,285023_43835,Feras Albrikan,Saudi Arabia,FW,6.49,328,123,28286.37,physical,urn:gd:story:classification:gcp_physical:competitionId:285023:avg_speed:rank_asc:page:4,urn:gd:story:classification:gcp_physical:competitionId:285023:avg_speed:rank_asc:page:4
430452,285023_43976,Connor Metcalfe,Australia,MF,6.49,513,175,38524.77,physical,urn:gd:story:classification:gcp_physical:competitionId:285023:avg_speed:rank_asc:page:4,urn:gd:story:classification:gcp_physical:competitionId:285023:avg_speed:rank_asc:page:4
464566,285023_44037,Esmir Bajraktarevic,Bosnia and Herzegovina,FW,6.49,318,145,28616.79,physical,urn:gd:story:classification:gcp_physical:competitionId:285023:avg_speed:rank_asc:page:4,urn:gd:story:classification:gcp_physical:competitionId:285023:avg_speed:rank_asc:page:4
448557,285023_43819,Daichi Kamada,Japan,MF,6.49,423,128,38789.21,physical,urn:gd:story:classification:gcp_physical:competitionId:285023:avg_speed:rank_asc:page:4,urn:gd:story:classification:gcp_physical:competitionId:285023:avg_speed:rank_asc:page:4
368649,285023_43963,Joao Cancelo,Portugal,DF,6.48,320,118,28676.34,physical,urn:gd:story:classification:gcp_physical:competitionId:285023:avg_speed:rank_asc:page:4,urn:gd:story:classification:gcp_physical:competitionId:285023:avg_speed:rank_asc:page:4
379942,285023_43843,Riyad Mahrez,Algeria,FW,6.48,382,130,31107.72,physical,urn:gd:story:classification:gcp_physical:competitionId:285023:avg_speed:rank_asc:page:4,urn:gd:story:classification:gcp_physical:competitionId:285023:avg_speed:rank_asc:page:4
353235,285023_43860,Jordan Ayew,Ghana,FW,6.47,416,167,34883.48,physical,urn:gd:story:classification:gcp_physical:competitionId:285023:avg_speed:rank_asc:page:4,urn:gd:story:classification:gcp_physical:competitionId:285023:avg_speed:rank_asc:page:4
479389,285023_43820,Mohannad Abutaha,Jordan,MF,6.46,423,170,31861.4,physical,urn:gd:story:classification:gcp_physical:competitionId:285023:avg_speed:rank_asc:page:4,urn:gd:story:classification:gcp_physical:competitionId:285023:avg_speed:rank_asc:page:4
448196,285023_43942,Bukayo Saka,England,FW,6.46,212,85,16814.25,physical,urn:gd:story:classification:gcp_physical:competitionId:285023:avg_speed:rank_asc:page:4,urn:gd:story:classification:gcp_physical:competitionId:285023:avg_speed:rank_asc:page:4
441170,285023_43995,Ladislav Krejci,Czechia,DF,6.46,373,81,32407.75,physical,urn:gd:story:classification:gcp_physical:competitionId:285023:avg_speed:rank_asc:page:4,urn:gd:story:classification:gcp_physical:competitionId:285023:avg_speed:rank_asc:page:4
411726,285023_43924,Lucas Paqueta,Brazil,MF,6.46,335,123,27561.36,physical,urn:gd:story:classification:gcp_physical:competitionId:285023:avg_speed:rank_asc:page:4,urn:gd:story:classification:gcp_physical:competitionId:285023:avg_speed:rank_asc:page:4
494640,285023_44037,Amar Memic,Bosnia and Herzegovina,MF,6.46,306,152,27462.49,physical,urn:gd:story:classification:gcp_physical:competitionId:285023:avg_speed:rank_asc:page:4,urn:gd:story:classification:gcp_physical:competitionId:285023:avg_speed:rank_asc:page:4
463780,285023_43942,Nico Oreilly,England,DF,6.46,408,170,36333.24,physical,urn:gd:story:classification:gcp_physical:competitionId:285023:avg_speed:rank_asc:page:4,urn:gd:story:classification:gcp_physical:competitionId:285023:avg_speed:rank_asc:page:4
308386,285023_43924,Casemiro,Brazil,MF,6.45,331,93,34127.27,physical,urn:gd:story:classification:gcp_physical:competitionId:285023:avg_speed:rank_asc:page:4,urn:gd:story:classification:gcp_physical:competitionId:285023:avg_speed:rank_asc:page:4
448114,285023_43971,Dan Ndoye,Switzerland,FW,6.45,314,150,26581.64,physical,urn:gd:story:classification:gcp_physical:competitionId:285023:avg_speed:rank_asc:page:4,urn:gd:story:classification:gcp_physical:competitionId:285023:avg_speed:rank_asc:page:4
441261,285023_43911,Israel Reyes,Mexico,DF,6.45,272,65,24823.63,physical,urn:gd:story:classification:gcp_physical:competitionId:285023:avg_speed:rank_asc:page:4,urn:gd:story:classification:gcp_physical:competitionId:285023:avg_speed:rank_asc:page:4
389437,285023_43820,Ehsan Haddad,Jordan,DF,6.44,384,118,30918.71,physical,urn:gd:story:classification:gcp_physical:competitionId:285023:avg_speed:rank_asc:page:4,urn:gd:story:classification:gcp_physical:competitionId:285023:avg_speed:rank_asc:page:4
386538,285023_43930,Rodrigo Bentancur,Uruguay,MF,6.44,352,145,33644.76,physical,urn:gd:story:classification:gcp_physical:competitionId:285023:avg_speed:rank_asc:page:4,urn:gd:story:classification:gcp_physical:competitionId:285023:avg_speed:rank_asc:page:4
402876,285023_43930,Agustin Canobbio,Uruguay,MF,6.44,348,162,28186.33,physical,urn:gd:story:classification:gcp_physical:competitionId:285023:avg_speed:rank_asc:page:4,urn:gd:story:classification:gcp_physical:competitionId:285023:avg_speed:rank_asc:page:4
464484,285023_43888,Ismael Gharbi,Tunisia,MF,6.44,185,65,15753.85,physical,urn:gd:story:classification:gcp_physical:competitionId:285023:avg_speed:rank_asc:page:4,urn:gd:story:classification:gcp_physical:competitionId:285023:avg_speed:rank_asc:page:4
441067,285023_43934,Stefan Posch,Austria,DF,6.43,479,164,39797.88,physical,urn:gd:story:classification:gcp_physical:competitionId:285023:avg_speed:rank_asc:page:4,urn:gd:story:classification:gcp_physical:competitionId:285023:avg_speed:rank_asc:page:4
380005,285023_43938,Mario Pasalic,Croatia,MF,6.43,218,78,16317.24,physical,urn:gd:story:classification:gcp_physical:competitionId:285023:avg_speed:rank_asc:page:4,urn:gd:story:classification:gcp_physical:competitionId:285023:avg_speed:rank_asc:page:4
448202,285023_43942,Jude Bellingham,England,MF,6.43,483,219,36539.14,physical,urn:gd:story:classification:gcp_physical:competitionId:285023:avg_speed:rank_asc:page:4,urn:gd:story:classification:gcp_physical:competitionId:285023:avg_speed:rank_asc:page:4
441234,285023_43928,Julio Enciso,Paraguay,FW,6.43,538,237,46088.56,physical,urn:gd:story:classification:gcp_physical:competitionId:285023:avg_speed:rank_asc:page:4,urn:gd:story:classification:gcp_physical:competitionId:285023:avg_speed:rank_asc:page:4
484139,285023_43972,Baris Alper Yilmaz,Türkiye,FW,6.43,228,106,21165.94,physical,urn:gd:story:classification:gcp_physical:competitionId:285023:avg_speed:rank_asc:page:4,urn:gd:story:classification:gcp_physical:competitionId:285023:avg_speed:rank_asc:page:4
484087,285023_43972,Arda Guler,Türkiye,FW,6.43,425,120,33635.28,physical,urn:gd:story:classification:gcp_physical:competitionId:285023:avg_speed:rank_asc:page:4,urn:gd:story:classification:gcp_physical:competitionId:285023:avg_speed:rank_asc:page:4
483327,285023_43970,Viktor Gyokeres,Sweden,FW,6.41,426,177,42857.3,physical,urn:gd:story:classification:gcp_physical:competitionId:285023:avg_speed:rank_asc:page:4,urn:gd:story:classification:gcp_physical:competitionId:285023:avg_speed:rank_asc:page:4
423522,285023_43976,Jordan Bos,Australia,DF,6.41,396,223,36920.34,physical,urn:gd:story:classification:gcp_physical:competitionId:285023:avg_speed:rank_asc:page:4,urn:gd:story:classification:gcp_physical:competitionId:285023:avg_speed:rank_asc:page:4
494248,285023_43883,Thalente Mbatha,South Africa,MF,6.41,446,145,31917.63,physical,urn:gd:story:classification:gcp_physical:competitionId:285023:avg_speed:rank_asc:page:4,urn:gd:story:classification:gcp_physical:competitionId:285023:avg_speed:rank_asc:page:4
441623,285023_43930,Manuel Ugarte,Uruguay,MF,6.4,239,72,21107.39,physical,urn:gd:story:classification:gcp_physical:competitionId:285023:avg_speed:rank_asc:page:5,urn:gd:story:classification:gcp_physical:competitionId:285023:avg_speed:rank_asc:page:5
489688,285023_43970,Yasin Ayari,Sweden,MF,6.4,434,109,39607.81,physical,urn:gd:story:classification:gcp_physical:competitionId:285023:avg_speed:rank_asc:page:5,urn:gd:story:classification:gcp_physical:competitionId:285023:avg_speed:rank_asc:page:5
419189,285023_43888,Yan Valery,Tunisia,DF,6.39,296,130,29256.28,physical,urn:gd:story:classification:gcp_physical:competitionId:285023:avg_speed:rank_asc:page:5,urn:gd:story:classification:gcp_physical:competitionId:285023:avg_speed:rank_asc:page:5
419223,285023_43883,Oswin Appollis,South Africa,FW,6.39,405,182,30714.27,physical,urn:gd:story:classification:gcp_physical:competitionId:285023:avg_speed:rank_asc:page:5,urn:gd:story:classification:gcp_physical:competitionId:285023:avg_speed:rank_asc:page:5
424036,285023_43927,Pedro Vite,Ecuador,MF,6.38,648,177,43374.6,physical,urn:gd:story:classification:gcp_physical:competitionId:285023:avg_speed:rank_asc:page:5,urn:gd:story:classification:gcp_physical:competitionId:285023:avg_speed:rank_asc:page:5
404353,285023_43948,Leroy Sane,Germany,MF,6.38,477,221,38060.03,physical,urn:gd:story:classification:gcp_physical:competitionId:285023:avg_speed:rank_asc:page:5,urn:gd:story:classification:gcp_physical:competitionId:285023:avg_speed:rank_asc:page:5
405841,285023_43942,Marc Guehi,England,DF,6.37,353,107,31854.51,physical,urn:gd:story:classification:gcp_physical:competitionId:285023:avg_speed:rank_asc:page:5,urn:gd:story:classification:gcp_physical:competitionId:285023:avg_speed:rank_asc:page:5
433585,285023_43818,Ibrahim Bayesh,Iraq,MF,6.37,331,112,27586.07,physical,urn:gd:story:classification:gcp_physical:competitionId:285023:avg_speed:rank_asc:page:5,urn:gd:story:classification:gcp_physical:competitionId:285023:avg_speed:rank_asc:page:5
423575,285023_43978,Ben Old,New Zealand,MF,6.37,160,74,12151.2,physical,urn:gd:story:classification:gcp_physical:competitionId:285023:avg_speed:rank_asc:page:5,urn:gd:story:classification:gcp_physical:competitionId:285023:avg_speed:rank_asc:page:5
464542,285023_43921,Alex Freeman,USA,DF,6.37,410,127,35810.75,physical,urn:gd:story:classification:gcp_physical:competitionId:285023:avg_speed:rank_asc:page:5,urn:gd:story:classification:gcp_physical:competitionId:285023:avg_speed:rank_asc:page:5
480322,285023_43899,Luc De Fougerolles,Canada,DF,6.37,528,174,44379.43,physical,urn:gd:story:classification:gcp_physical:competitionId:285023:avg_speed:rank_asc:page:5,urn:gd:story:classification:gcp_physical:competitionId:285023:avg_speed:rank_asc:page:5
448214,285023_43921,Malik Tillman,USA,MF,6.37,445,162,33027.41,physical,urn:gd:story:classification:gcp_physical:competitionId:285023:avg_speed:rank_asc:page:5,urn:gd:story:classification:gcp_physical:competitionId:285023:avg_speed:rank_asc:page:5
448312,285023_43927,Nilson Angulo,Ecuador,FW,6.36,274,136,25147.24,physical,urn:gd:story:classification:gcp_physical:competitionId:285023:avg_speed:rank_asc:page:5,urn:gd:story:classification:gcp_physical:competitionId:285023:avg_speed:rank_asc:page:5
339745,285023_43835,Salem Aldawsari,Saudi Arabia,FW,6.36,400,160,29452.07,physical,urn:gd:story:classification:gcp_physical:competitionId:285023:avg_speed:rank_asc:page:5,urn:gd:story:classification:gcp_physical:competitionId:285023:avg_speed:rank_asc:page:5
424031,285023_43927,Piero Hincapie,Ecuador,DF,6.35,420,192,39830.97,physical,urn:gd:story:classification:gcp_physical:competitionId:285023:avg_speed:rank_asc:page:5,urn:gd:story:classification:gcp_physical:competitionId:285023:avg_speed:rank_asc:page:5
419134,285023_43930,Juan Manuel Sanabria,Uruguay,MF,6.35,320,129,25094.45,physical,urn:gd:story:classification:gcp_physical:competitionId:285023:avg_speed:rank_asc:page:5,urn:gd:story:classification:gcp_physical:competitionId:285023:avg_speed:rank_asc:page:5
344654,285023_43855,Mohamed Salah,Egypt,FW,6.35,387,147,38075.5,physical,urn:gd:story:classification:gcp_physical:competitionId:285023:avg_speed:rank_asc:page:5,urn:gd:story:classification:gcp_physical:competitionId:285023:avg_speed:rank_asc:page:5
504990,285023_44037,Kerim Alajbegovic,Bosnia and Herzegovina,FW,6.35,365,130,32990.98,physical,urn:gd:story:classification:gcp_physical:competitionId:285023:avg_speed:rank_asc:page:5,urn:gd:story:classification:gcp_physical:competitionId:285023:avg_speed:rank_asc:page:5
395206,285023_43963,Bruno Fernandes,Portugal,MF,6.34,433,168,38648.13,physical,urn:gd:story:classification:gcp_physical:competitionId:285023:avg_speed:rank_asc:page:5,urn:gd:story:classification:gcp_physical:competitionId:285023:avg_speed:rank_asc:page:5
403585,285023_43911,Roberto Alvarado,Mexico,FW,6.34,452,156,38909.71,physical,urn:gd:story:classification:gcp_physical:competitionId:285023:avg_speed:rank_asc:page:5,urn:gd:story:classification:gcp_physical:competitionId:285023:avg_speed:rank_asc:page:5
430735,285023_43969,Marc Cucurella,Spain,DF,6.33,451,174,42922.07,physical,urn:gd:story:classification:gcp_physical:competitionId:285023:avg_speed:rank_asc:page:5,urn:gd:story:classification:gcp_physical:competitionId:285023:avg_speed:rank_asc:page:5
402898,285023_43930,Nicolas De La Cruz,Uruguay,MF,6.33,174,65,12114.61,physical,urn:gd:story:classification:gcp_physical:competitionId:285023:avg_speed:rank_asc:page:5,urn:gd:story:classification:gcp_physical:competitionId:285023:avg_speed:rank_asc:page:5
464933,285023_44005,Abbosbek Fayzullaev,Uzbekistan,MF,6.32,341,141,25301.81,physical,urn:gd:story:classification:gcp_physical:competitionId:285023:avg_speed:rank_asc:page:5,urn:gd:story:classification:gcp_physical:competitionId:285023:avg_speed:rank_asc:page:5
448360,285023_43935,Brandon Mechele,Belgium,DF,6.32,564,162,47071.21,physical,urn:gd:story:classification:gcp_physical:competitionId:285023:avg_speed:rank_asc:page:5,urn:gd:story:classification:gcp_physical:competitionId:285023:avg_speed:rank_asc:page:5
419132,285023_43930,Brian Rodriguez,Uruguay,FW,6.31,90,35,6497.61,physical,urn:gd:story:classification:gcp_physical:competitionId:285023:avg_speed:rank_asc:page:5,urn:gd:story:classification:gcp_physical:competitionId:285023:avg_speed:rank_asc:page:5
402974,285023_43927,Angelo Preciado,Ecuador,DF,6.31,144,61,14040.86,physical,urn:gd:story:classification:gcp_physical:competitionId:285023:avg_speed:rank_asc:page:5,urn:gd:story:classification:gcp_physical:competitionId:285023:avg_speed:rank_asc:page:5
430707,285023_43946,Jules Kounde,France,DF,6.31,575,216,48793.78,physical,urn:gd:story:classification:gcp_physical:competitionId:285023:avg_speed:rank_asc:page:5,urn:gd:story:classification:gcp_physical:competitionId:285023:avg_speed:rank_asc:page:5
433694,285023_43967,Nathan Patterson,Scotland,DF,6.3,203,86,21036.01,physical,urn:gd:story:classification:gcp_physical:competitionId:285023:avg_speed:rank_asc:page:5,urn:gd:story:classification:gcp_physical:competitionId:285023:avg_speed:rank_asc:page:5
448310,285023_43927,Kevin Rodriguez,Ecuador,FW,6.3,187,89,15137.76,physical,urn:gd:story:classification:gcp_physical:competitionId:285023:avg_speed:rank_asc:page:5,urn:gd:story:classification:gcp_physical:competitionId:285023:avg_speed:rank_asc:page:5
506329,285023_43942,Djed Spence,England,DF,6.3,187,107,20212.2,physical,urn:gd:story:classification:gcp_physical:competitionId:285023:avg_speed:rank_asc:page:5,urn:gd:story:classification:gcp_physical:competitionId:285023:avg_speed:rank_asc:page:5
416081,285023_43922,Julian Alvarez,Argentina,FW,6.29,290,125,24301.65,physical,urn:gd:story:classification:gcp_physical:competitionId:285023:avg_speed:rank_asc:page:5,urn:gd:story:classification:gcp_physical:competitionId:285023:avg_speed:rank_asc:page:5
523236,285023_43818,Ahmed Qasem,Iraq,FW,6.29,215,78,15459.21,physical,urn:gd:story:classification:gcp_physical:competitionId:285023:avg_speed:rank_asc:page:5,urn:gd:story:classification:gcp_physical:competitionId:285023:avg_speed:rank_asc:page:5
477833,285023_20014,Joris Kayembe,Congo DR,DF,6.28,88,34,7372.37,physical,urn:gd:story:classification:gcp_physical:competitionId:285023:avg_speed:rank_asc:page:5,urn:gd:story:classification:gcp_physical:competitionId:285023:avg_speed:rank_asc:page:5
430413,285023_43819,Ayase Ueda,Japan,FW,6.28,385,141,36607.93,physical,urn:gd:story:classification:gcp_physical:competitionId:285023:avg_speed:rank_asc:page:5,urn:gd:story:classification:gcp_physical:competitionId:285023:avg_speed:rank_asc:page:5
441252,285023_43899,Alistair Johnston,Canada,DF,6.28,683,264,53458.13,physical,urn:gd:story:classification:gcp_physical:competitionId:285023:avg_speed:rank_asc:page:5,urn:gd:story:classification:gcp_physical:competitionId:285023:avg_speed:rank_asc:page:5
405528,285023_43819,Yukinari Sugawara,Japan,DF,6.28,195,72,18767.61,physical,urn:gd:story:classification:gcp_physical:competitionId:285023:avg_speed:rank_asc:page:5,urn:gd:story:classification:gcp_physical:competitionId:285023:avg_speed:rank_asc:page:5
511009,285023_43843,Rafik Belghali,Algeria,DF,6.27,480,170,38083.65,physical,urn:gd:story:classification:gcp_physical:competitionId:285023:avg_speed:rank_asc:page:5,urn:gd:story:classification:gcp_physical:competitionId:285023:avg_speed:rank_asc:page:5
368660,285023_43930,Guillermo Varela,Uruguay,DF,6.27,352,149,32750.8,physical,urn:gd:story:classification:gcp_physical:competitionId:285023:avg_speed:rank_asc:page:5,urn:gd:story:classification:gcp_physical:competitionId:285023:avg_speed:rank_asc:page:5
395083,285023_43822,Hwang Heechan,Korea Republic,MF,6.27,144,62,12925.63,physical,urn:gd:story:classification:gcp_physical:competitionId:285023:avg_speed:rank_asc:page:5,urn:gd:story:classification:gcp_physical:competitionId:285023:avg_speed:rank_asc:page:5
433378,285023_43888,Hannibal Mejbri,Tunisia,MF,6.27,368,102,31221.09,physical,urn:gd:story:classification:gcp_physical:competitionId:285023:avg_speed:rank_asc:page:5,urn:gd:story:classification:gcp_physical:competitionId:285023:avg_speed:rank_asc:page:5
402920,285023_43922,Lautaro Martinez,Argentina,FW,6.27,279,110,27335.99,physical,urn:gd:story:classification:gcp_physical:competitionId:285023:avg_speed:rank_asc:page:5,urn:gd:story:classification:gcp_physical:competitionId:285023:avg_speed:rank_asc:page:5
385031,285023_43914,Amir Murillo,Panama,DF,6.27,332,156,31781.32,physical,urn:gd:story:classification:gcp_physical:competitionId:285023:avg_speed:rank_asc:page:5,urn:gd:story:classification:gcp_physical:competitionId:285023:avg_speed:rank_asc:page:5
477827,285023_43850,Deroy Duarte,Cabo Verde,MF,6.26,323,73,31052.7,physical,urn:gd:story:classification:gcp_physical:competitionId:285023:avg_speed:rank_asc:page:5,urn:gd:story:classification:gcp_physical:competitionId:285023:avg_speed:rank_asc:page:5
448586,285023_43822,Oh Hyeongyu,Korea Republic,FW,6.26,158,64,15016.21,physical,urn:gd:story:classification:gcp_physical:competitionId:285023:avg_speed:rank_asc:page:5,urn:gd:story:classification:gcp_physical:competitionId:285023:avg_speed:rank_asc:page:5
405545,285023_43969,Ferran Torres,Spain,FW,6.25,185,94,18745.8,physical,urn:gd:story:classification:gcp_physical:competitionId:285023:avg_speed:rank_asc:page:5,urn:gd:story:classification:gcp_physical:competitionId:285023:avg_speed:rank_asc:page:5
367981,285023_43924,Douglas Santos,Brazil,DF,6.23,513,170,41384.97,physical,urn:gd:story:classification:gcp_physical:competitionId:285023:avg_speed:rank_asc:page:5,urn:gd:story:classification:gcp_physical:competitionId:285023:avg_speed:rank_asc:page:5
428885,285023_43927,Moises Caicedo,Ecuador,MF,6.23,505,134,42353.4,physical,urn:gd:story:classification:gcp_physical:competitionId:285023:avg_speed:rank_asc:page:5,urn:gd:story:classification:gcp_physical:competitionId:285023:avg_speed:rank_asc:page:5
479075,285023_44005,Sherzod Nasrullaev,Uzbekistan,DF,6.23,232,95,21551.92,physical,urn:gd:story:classification:gcp_physical:competitionId:285023:avg_speed:rank_asc:page:5,urn:gd:story:classification:gcp_physical:competitionId:285023:avg_speed:rank_asc:page:5
388475,285023_43817,Mehdi Taremi,IR Iran,FW,6.23,345,156,30405.34,physical,urn:gd:story:classification:gcp_physical:competitionId:285023:avg_speed:rank_asc:page:5,urn:gd:story:classification:gcp_physical:competitionId:285023:avg_speed:rank_asc:page:5
423874,285023_43822,Lee Hanbeom,Korea Republic,DF,6.23,365,107,31151.94,physical,urn:gd:story:classification:gcp_physical:competitionId:285023:avg_speed:rank_asc:page:5,urn:gd:story:classification:gcp_physical:competitionId:285023:avg_speed:rank_asc:page:5
464103,285023_43854,Ange Yoan Bonny,Côte d'Ivoire,FW,6.23,314,113,26951.82,physical,urn:gd:story:classification:gcp_physical:competitionId:285023:avg_speed:rank_asc:page:6,urn:gd:story:classification:gcp_physical:competitionId:285023:avg_speed:rank_asc:page:6
331463,285023_43978,Tim Payne,New Zealand,DF,6.23,309,105,25040.85,physical,urn:gd:story:classification:gcp_physical:competitionId:285023:avg_speed:rank_asc:page:6,urn:gd:story:classification:gcp_physical:competitionId:285023:avg_speed:rank_asc:page:6
402772,285023_43911,Jesus Gallardo,Mexico,DF,6.22,308,100,32678.44,physical,urn:gd:story:classification:gcp_physical:competitionId:285023:avg_speed:rank_asc:page:6,urn:gd:story:classification:gcp_physical:competitionId:285023:avg_speed:rank_asc:page:6
479072,285023_43818,Merchas Doski,Iraq,DF,6.21,307,128,31441.23,physical,urn:gd:story:classification:gcp_physical:competitionId:285023:avg_speed:rank_asc:page:6,urn:gd:story:classification:gcp_physical:competitionId:285023:avg_speed:rank_asc:page:6
430628,285023_43922,Alexis Mac Allister,Argentina,MF,6.21,440,94,39277.88,physical,urn:gd:story:classification:gcp_physical:competitionId:285023:avg_speed:rank_asc:page:6,urn:gd:story:classification:gcp_physical:competitionId:285023:avg_speed:rank_asc:page:6
430917,285023_43883,Evidence Makgopa,South Africa,FW,6.21,319,106,25410.78,physical,urn:gd:story:classification:gcp_physical:competitionId:285023:avg_speed:rank_asc:page:6,urn:gd:story:classification:gcp_physical:competitionId:285023:avg_speed:rank_asc:page:6
441342,285023_43860,Abdul Fatawu,Ghana,FW,6.21,211,93,16816.62,physical,urn:gd:story:classification:gcp_physical:competitionId:285023:avg_speed:rank_asc:page:6,urn:gd:story:classification:gcp_physical:competitionId:285023:avg_speed:rank_asc:page:6
429063,285023_43834,Edmilson Junior,Qatar,FW,6.21,290,97,23874.51,physical,urn:gd:story:classification:gcp_physical:competitionId:285023:avg_speed:rank_asc:page:6,urn:gd:story:classification:gcp_physical:competitionId:285023:avg_speed:rank_asc:page:6
483276,285023_43970,Gabriel Gudmundsson,Sweden,DF,6.21,340,137,36816.96,physical,urn:gd:story:classification:gcp_physical:competitionId:285023:avg_speed:rank_asc:page:6,urn:gd:story:classification:gcp_physical:competitionId:285023:avg_speed:rank_asc:page:6
385259,285023_43934,Konrad Laimer,Austria,MF,6.21,442,194,42644.73,physical,urn:gd:story:classification:gcp_physical:competitionId:285023:avg_speed:rank_asc:page:6,urn:gd:story:classification:gcp_physical:competitionId:285023:avg_speed:rank_asc:page:6
355642,285023_43850,Ryan Mendes,Cabo Verde,FW,6.2,468,170,37830.2,physical,urn:gd:story:classification:gcp_physical:competitionId:285023:avg_speed:rank_asc:page:6,urn:gd:story:classification:gcp_physical:competitionId:285023:avg_speed:rank_asc:page:6
483448,285023_43961,Antonio Nusa,Norway,FW,6.2,300,132,24220.61,physical,urn:gd:story:classification:gcp_physical:competitionId:285023:avg_speed:rank_asc:page:6,urn:gd:story:classification:gcp_physical:competitionId:285023:avg_speed:rank_asc:page:6
474973,285023_43969,Pau Cubarsi,Spain,DF,6.2,412,127,42045.14,physical,urn:gd:story:classification:gcp_physical:competitionId:285023:avg_speed:rank_asc:page:6,urn:gd:story:classification:gcp_physical:competitionId:285023:avg_speed:rank_asc:page:6
494375,285023_43888,Firas Chaouat,Tunisia,FW,6.2,83,35,6946.94,physical,urn:gd:story:classification:gcp_physical:competitionId:285023:avg_speed:rank_asc:page:6,urn:gd:story:classification:gcp_physical:competitionId:285023:avg_speed:rank_asc:page:6
411176,285023_43914,Jose Luis Rodriguez,Panama,MF,6.2,305,109,25899.78,physical,urn:gd:story:classification:gcp_physical:competitionId:285023:avg_speed:rank_asc:page:6,urn:gd:story:classification:gcp_physical:competitionId:285023:avg_speed:rank_asc:page:6
486317,285023_43854,Guela Doue,Côte d'Ivoire,DF,6.19,353,132,31331.08,physical,urn:gd:story:classification:gcp_physical:competitionId:285023:avg_speed:rank_asc:page:6,urn:gd:story:classification:gcp_physical:competitionId:285023:avg_speed:rank_asc:page:6
433667,285023_43938,Josip Stanisic,Croatia,DF,6.19,418,196,42580.9,physical,urn:gd:story:classification:gcp_physical:competitionId:285023:avg_speed:rank_asc:page:6,urn:gd:story:classification:gcp_physical:competitionId:285023:avg_speed:rank_asc:page:6
485131,285023_43967,Ben Gannon Doak,Scotland,FW,6.19,200,96,20888.71,physical,urn:gd:story:classification:gcp_physical:competitionId:285023:avg_speed:rank_asc:page:6,urn:gd:story:classification:gcp_physical:competitionId:285023:avg_speed:rank_asc:page:6
398680,285023_43946,Ousmane Dembele,France,FW,6.18,477,147,40236.93,physical,urn:gd:story:classification:gcp_physical:competitionId:285023:avg_speed:rank_asc:page:6,urn:gd:story:classification:gcp_physical:competitionId:285023:avg_speed:rank_asc:page:6
483304,285023_43970,Gustaf Lagerbielke,Sweden,DF,6.18,436,119,41310.47,physical,urn:gd:story:classification:gcp_physical:competitionId:285023:avg_speed:rank_asc:page:6,urn:gd:story:classification:gcp_physical:competitionId:285023:avg_speed:rank_asc:page:6
492315,285023_43822,Lee Gihyuk,Korea Republic,MF,6.18,388,125,30898.48,physical,urn:gd:story:classification:gcp_physical:competitionId:285023:avg_speed:rank_asc:page:6,urn:gd:story:classification:gcp_physical:competitionId:285023:avg_speed:rank_asc:page:6
401894,285023_43850,Jamiro Monteiro,Cabo Verde,MF,6.17,339,109,32481.15,physical,urn:gd:story:classification:gcp_physical:competitionId:285023:avg_speed:rank_asc:page:6,urn:gd:story:classification:gcp_physical:competitionId:285023:avg_speed:rank_asc:page:6
405877,285023_43843,Amine Gouiri,Algeria,FW,6.17,355,131,27787.87,physical,urn:gd:story:classification:gcp_physical:competitionId:285023:avg_speed:rank_asc:page:6,urn:gd:story:classification:gcp_physical:competitionId:285023:avg_speed:rank_asc:page:6
466317,285023_1895293,Juninho Bacuna,Curaçao,MF,6.17,305,142,28744.95,physical,urn:gd:story:classification:gcp_physical:competitionId:285023:avg_speed:rank_asc:page:6,urn:gd:story:classification:gcp_physical:competitionId:285023:avg_speed:rank_asc:page:6
489520,285023_44037,Nikola Katic,Bosnia and Herzegovina,DF,6.17,419,139,36234.39,physical,urn:gd:story:classification:gcp_physical:competitionId:285023:avg_speed:rank_asc:page:6,urn:gd:story:classification:gcp_physical:competitionId:285023:avg_speed:rank_asc:page:6
489518,285023_43960,Crysencio Summerville,Netherlands,FW,6.16,285,131,28089.07,physical,urn:gd:story:classification:gcp_physical:competitionId:285023:avg_speed:rank_asc:page:6,urn:gd:story:classification:gcp_physical:competitionId:285023:avg_speed:rank_asc:page:6
401334,285023_43967,John Mcginn,Scotland,MF,6.15,331,98,28477.11,physical,urn:gd:story:classification:gcp_physical:competitionId:285023:avg_speed:rank_asc:page:6,urn:gd:story:classification:gcp_physical:competitionId:285023:avg_speed:rank_asc:page:6
403616,285023_43883,Teboho Mokoena,South Africa,MF,6.15,423,121,30982.52,physical,urn:gd:story:classification:gcp_physical:competitionId:285023:avg_speed:rank_asc:page:6,urn:gd:story:classification:gcp_physical:competitionId:285023:avg_speed:rank_asc:page:6
430822,285023_43854,Amad Diallo,Côte d'Ivoire,FW,6.15,270,104,21888.37,physical,urn:gd:story:classification:gcp_physical:competitionId:285023:avg_speed:rank_asc:page:6,urn:gd:story:classification:gcp_physical:competitionId:285023:avg_speed:rank_asc:page:6
419473,285023_43834,Jassem Gaber,Qatar,DF,6.14,232,55,17053.08,physical,urn:gd:story:classification:gcp_physical:competitionId:285023:avg_speed:rank_asc:page:6,urn:gd:story:classification:gcp_physical:competitionId:285023:avg_speed:rank_asc:page:6
307849,285023_43822,Son Heungmin,Korea Republic,FW,6.14,169,96,18757.38,physical,urn:gd:story:classification:gcp_physical:competitionId:285023:avg_speed:rank_asc:page:6,urn:gd:story:classification:gcp_physical:competitionId:285023:avg_speed:rank_asc:page:6
485347,285023_1895293,Tahith Chong,Curaçao,MF,6.14,293,107,27318.08,physical,urn:gd:story:classification:gcp_physical:competitionId:285023:avg_speed:rank_asc:page:6,urn:gd:story:classification:gcp_physical:competitionId:285023:avg_speed:rank_asc:page:6
489603,285023_43817,Ali Nemati,IR Iran,DF,6.14,369,108,31613.92,physical,urn:gd:story:classification:gcp_physical:competitionId:285023:avg_speed:rank_asc:page:6,urn:gd:story:classification:gcp_physical:competitionId:285023:avg_speed:rank_asc:page:6
433362,285023_43888,Ali Abdi,Tunisia,DF,6.13,343,150,29932.97,physical,urn:gd:story:classification:gcp_physical:competitionId:285023:avg_speed:rank_asc:page:6,urn:gd:story:classification:gcp_physical:competitionId:285023:avg_speed:rank_asc:page:6
430609,285023_43924,Matheus Cunha,Brazil,FW,6.13,338,109,26580.05,physical,urn:gd:story:classification:gcp_physical:competitionId:285023:avg_speed:rank_asc:page:6,urn:gd:story:classification:gcp_physical:competitionId:285023:avg_speed:rank_asc:page:6
418795,285023_43879,Nicolas Jackson,Senegal,FW,6.12,304,154,28133.46,physical,urn:gd:story:classification:gcp_physical:competitionId:285023:avg_speed:rank_asc:page:6,urn:gd:story:classification:gcp_physical:competitionId:285023:avg_speed:rank_asc:page:6
486929,285023_43899,Tani Oluwaseyi,Canada,FW,6.11,350,172,29357.02,physical,urn:gd:story:classification:gcp_physical:competitionId:285023:avg_speed:rank_asc:page:6,urn:gd:story:classification:gcp_physical:competitionId:285023:avg_speed:rank_asc:page:6
274078,285023_43978,Chris Wood,New Zealand,FW,6.11,333,144,31195.3,physical,urn:gd:story:classification:gcp_physical:competitionId:285023:avg_speed:rank_asc:page:6,urn:gd:story:classification:gcp_physical:competitionId:285023:avg_speed:rank_asc:page:6
389784,285023_43927,Alan Franco,Ecuador,MF,6.1,307,134,27468.83,physical,urn:gd:story:classification:gcp_physical:competitionId:285023:avg_speed:rank_asc:page:6,urn:gd:story:classification:gcp_physical:competitionId:285023:avg_speed:rank_asc:page:6
401378,285023_43948,Jonathan Tah,Germany,DF,6.1,392,119,42610.17,physical,urn:gd:story:classification:gcp_physical:competitionId:285023:avg_speed:rank_asc:page:6,urn:gd:story:classification:gcp_physical:competitionId:285023:avg_speed:rank_asc:page:6
419126,285023_43930,Darwin Nunez,Uruguay,FW,6.09,190,93,19040.35,physical,urn:gd:story:classification:gcp_physical:competitionId:285023:avg_speed:rank_asc:page:6,urn:gd:story:classification:gcp_physical:competitionId:285023:avg_speed:rank_asc:page:6
436743,285023_44037,Ermedin Demirovic,Bosnia and Herzegovina,FW,6.09,375,176,40423.23,physical,urn:gd:story:classification:gcp_physical:competitionId:285023:avg_speed:rank_asc:page:6,urn:gd:story:classification:gcp_physical:competitionId:285023:avg_speed:rank_asc:page:6
376230,285023_44037,Sead Kolasinac,Bosnia and Herzegovina,DF,6.09,339,142,38026.39,physical,urn:gd:story:classification:gcp_physical:competitionId:285023:avg_speed:rank_asc:page:6,urn:gd:story:classification:gcp_physical:competitionId:285023:avg_speed:rank_asc:page:6
448014,285023_43976,Alessandro Circati,Australia,DF,6.09,424,142,44568.44,physical,urn:gd:story:classification:gcp_physical:competitionId:285023:avg_speed:rank_asc:page:6,urn:gd:story:classification:gcp_physical:competitionId:285023:avg_speed:rank_asc:page:6
485664,285023_43908,Ruben Providence,Haiti,FW,6.09,312,115,24005.38,physical,urn:gd:story:classification:gcp_physical:competitionId:285023:avg_speed:rank_asc:page:6,urn:gd:story:classification:gcp_physical:competitionId:285023:avg_speed:rank_asc:page:6
241559,285023_43938,Luka Modric,Croatia,MF,6.08,401,122,36541.56,physical,urn:gd:story:classification:gcp_physical:competitionId:285023:avg_speed:rank_asc:page:6,urn:gd:story:classification:gcp_physical:competitionId:285023:avg_speed:rank_asc:page:6
484082,285023_43972,Abdulkerim Bardakci,Türkiye,DF,6.08,258,93,30419.01,physical,urn:gd:story:classification:gcp_physical:competitionId:285023:avg_speed:rank_asc:page:6,urn:gd:story:classification:gcp_physical:competitionId:285023:avg_speed:rank_asc:page:6
418715,285023_43914,Jose Cordoba,Panama,DF,6.07,315,114,30753.8,physical,urn:gd:story:classification:gcp_physical:competitionId:285023:avg_speed:rank_asc:page:6,urn:gd:story:classification:gcp_physical:competitionId:285023:avg_speed:rank_asc:page:6
441316,285023_20014,Yoane Wissa,Congo DR,FW,6.07,384,140,41481.27,physical,urn:gd:story:classification:gcp_physical:competitionId:285023:avg_speed:rank_asc:page:6,urn:gd:story:classification:gcp_physical:competitionId:285023:avg_speed:rank_asc:page:6
477852,285023_43850,Kevin Pina,Cabo Verde,MF,6.07,388,116,39576.48,physical,urn:gd:story:classification:gcp_physical:competitionId:285023:avg_speed:rank_asc:page:6,urn:gd:story:classification:gcp_physical:competitionId:285023:avg_speed:rank_asc:page:6
397775,285023_43908,Carlens Arcus,Haiti,DF,6.07,247,86,18006.56,physical,urn:gd:story:classification:gcp_physical:competitionId:285023:avg_speed:rank_asc:page:7,urn:gd:story:classification:gcp_physical:competitionId:285023:avg_speed:rank_asc:page:7
431211,285023_43820,Mousa Altamari,Jordan,FW,6.07,243,120,23119.95,physical,urn:gd:story:classification:gcp_physical:competitionId:285023:avg_speed:rank_asc:page:7,urn:gd:story:classification:gcp_physical:competitionId:285023:avg_speed:rank_asc:page:7
426357,285023_20014,Aaron Wan Bissaka,Congo DR,DF,6.07,460,194,40401.23,physical,urn:gd:story:classification:gcp_physical:competitionId:285023:avg_speed:rank_asc:page:7,urn:gd:story:classification:gcp_physical:competitionId:285023:avg_speed:rank_asc:page:7
514208,285023_43854,Christ Inao Oulai,Côte d'Ivoire,MF,6.06,261,70,24246.36,physical,urn:gd:story:classification:gcp_physical:competitionId:285023:avg_speed:rank_asc:page:7,urn:gd:story:classification:gcp_physical:competitionId:285023:avg_speed:rank_asc:page:7
448825,285023_43879,Pathe Ciss,Senegal,MF,6.06,190,63,21513.7,physical,urn:gd:story:classification:gcp_physical:competitionId:285023:avg_speed:rank_asc:page:7,urn:gd:story:classification:gcp_physical:competitionId:285023:avg_speed:rank_asc:page:7
436612,285023_43960,Denzel Dumfries,Netherlands,DF,6.05,470,183,43452.06,physical,urn:gd:story:classification:gcp_physical:competitionId:285023:avg_speed:rank_asc:page:7,urn:gd:story:classification:gcp_physical:competitionId:285023:avg_speed:rank_asc:page:7
463580,285023_43978,Finn Surman,New Zealand,DF,6.05,310,103,30931.08,physical,urn:gd:story:classification:gcp_physical:competitionId:285023:avg_speed:rank_asc:page:7,urn:gd:story:classification:gcp_physical:competitionId:285023:avg_speed:rank_asc:page:7
402261,285023_43854,Nicolas Pepe,Côte d'Ivoire,FW,6.05,289,154,25237.91,physical,urn:gd:story:classification:gcp_physical:competitionId:285023:avg_speed:rank_asc:page:7,urn:gd:story:classification:gcp_physical:competitionId:285023:avg_speed:rank_asc:page:7
510757,285023_43908,Josue Casimir,Haiti,FW,6.05,246,113,20980.8,physical,urn:gd:story:classification:gcp_physical:competitionId:285023:avg_speed:rank_asc:page:7,urn:gd:story:classification:gcp_physical:competitionId:285023:avg_speed:rank_asc:page:7
484112,285023_43972,Kenan Yildiz,Türkiye,FW,6.05,236,78,25197.64,physical,urn:gd:story:classification:gcp_physical:competitionId:285023:avg_speed:rank_asc:page:7,urn:gd:story:classification:gcp_physical:competitionId:285023:avg_speed:rank_asc:page:7
359381,285023_43938,Ivan Perisic,Croatia,FW,6.04,452,183,41581.7,physical,urn:gd:story:classification:gcp_physical:competitionId:285023:avg_speed:rank_asc:page:7,urn:gd:story:classification:gcp_physical:competitionId:285023:avg_speed:rank_asc:page:7
476348,285023_43928,Damian Bobadilla,Paraguay,MF,6.04,336,98,25835.61,physical,urn:gd:story:classification:gcp_physical:competitionId:285023:avg_speed:rank_asc:page:7,urn:gd:story:classification:gcp_physical:competitionId:285023:avg_speed:rank_asc:page:7
386348,285023_43834,Assim Madibo,Qatar,MF,6.04,208,30,14695.95,physical,urn:gd:story:classification:gcp_physical:competitionId:285023:avg_speed:rank_asc:page:7,urn:gd:story:classification:gcp_physical:competitionId:285023:avg_speed:rank_asc:page:7
484860,285023_43946,Bradley Barcola,France,FW,6.03,219,108,29556.14,physical,urn:gd:story:classification:gcp_physical:competitionId:285023:avg_speed:rank_asc:page:7,urn:gd:story:classification:gcp_physical:competitionId:285023:avg_speed:rank_asc:page:7
358241,285023_43934,Marcel Sabitzer,Austria,MF,6.03,488,233,41363.96,physical,urn:gd:story:classification:gcp_physical:competitionId:285023:avg_speed:rank_asc:page:7,urn:gd:story:classification:gcp_physical:competitionId:285023:avg_speed:rank_asc:page:7
484851,285023_43948,Deniz Undav,Germany,FW,6.03,205,59,17404.37,physical,urn:gd:story:classification:gcp_physical:competitionId:285023:avg_speed:rank_asc:page:7,urn:gd:story:classification:gcp_physical:competitionId:285023:avg_speed:rank_asc:page:7
428886,285023_43926,Luis Diaz,Colombia,FW,6.02,380,179,39604.64,physical,urn:gd:story:classification:gcp_physical:competitionId:285023:avg_speed:rank_asc:page:7,urn:gd:story:classification:gcp_physical:competitionId:285023:avg_speed:rank_asc:page:7
433380,285023_43888,Montassar Talbi,Tunisia,DF,6.02,275,77,29945.79,physical,urn:gd:story:classification:gcp_physical:competitionId:285023:avg_speed:rank_asc:page:7,urn:gd:story:classification:gcp_physical:competitionId:285023:avg_speed:rank_asc:page:7
353790,285023_43879,Sadio Mane,Senegal,FW,6.02,435,204,42224.81,physical,urn:gd:story:classification:gcp_physical:competitionId:285023:avg_speed:rank_asc:page:7,urn:gd:story:classification:gcp_physical:competitionId:285023:avg_speed:rank_asc:page:7
441240,285023_43914,Andres Andrade,Panama,DF,6.0,322,117,30384.6,physical,urn:gd:story:classification:gcp_physical:competitionId:285023:avg_speed:rank_asc:page:7,urn:gd:story:classification:gcp_physical:competitionId:285023:avg_speed:rank_asc:page:7
448612,285023_43872,Bilal El Khannouss,Morocco,MF,6.0,469,199,43579.91,physical,urn:gd:story:classification:gcp_physical:competitionId:285023:avg_speed:rank_asc:page:7,urn:gd:story:classification:gcp_physical:competitionId:285023:avg_speed:rank_asc:page:7
430176,285023_43960,Ryan Gravenberch,Netherlands,MF,5.99,443,129,37432.87,physical,urn:gd:story:classification:gcp_physical:competitionId:285023:avg_speed:rank_asc:page:7,urn:gd:story:classification:gcp_physical:competitionId:285023:avg_speed:rank_asc:page:7
479601,285023_43928,Juan Jose Caceres,Paraguay,DF,5.99,521,193,48658.8,physical,urn:gd:story:classification:gcp_physical:competitionId:285023:avg_speed:rank_asc:page:7,urn:gd:story:classification:gcp_physical:competitionId:285023:avg_speed:rank_asc:page:7
401893,285023_43850,Nuno Da Costa,Cabo Verde,MF,5.99,185,86,18105.97,physical,urn:gd:story:classification:gcp_physical:competitionId:285023:avg_speed:rank_asc:page:7,urn:gd:story:classification:gcp_physical:competitionId:285023:avg_speed:rank_asc:page:7
431693,285023_43908,Frantzdy Pierrot,Haiti,FW,5.98,210,61,17982.57,physical,urn:gd:story:classification:gcp_physical:competitionId:285023:avg_speed:rank_asc:page:7,urn:gd:story:classification:gcp_physical:competitionId:285023:avg_speed:rank_asc:page:7
448152,285023_43960,Cody Gakpo,Netherlands,FW,5.98,418,177,39227.0,physical,urn:gd:story:classification:gcp_physical:competitionId:285023:avg_speed:rank_asc:page:7,urn:gd:story:classification:gcp_physical:competitionId:285023:avg_speed:rank_asc:page:7
430147,285023_43967,Jack Hendry,Scotland,DF,5.98,349,123,30532.32,physical,urn:gd:story:classification:gcp_physical:competitionId:285023:avg_speed:rank_asc:page:7,urn:gd:story:classification:gcp_physical:competitionId:285023:avg_speed:rank_asc:page:7
485676,285023_43908,Lenny Joseph,Haiti,FW,5.97,120,60,12922.53,physical,urn:gd:story:classification:gcp_physical:competitionId:285023:avg_speed:rank_asc:page:7,urn:gd:story:classification:gcp_physical:competitionId:285023:avg_speed:rank_asc:page:7
407993,285023_43835,Mohamed Kanno,Saudi Arabia,MF,5.97,287,88,25496.47,physical,urn:gd:story:classification:gcp_physical:competitionId:285023:avg_speed:rank_asc:page:7,urn:gd:story:classification:gcp_physical:competitionId:285023:avg_speed:rank_asc:page:7
466350,285023_1895293,Sherel Floranus,Curaçao,DF,5.97,320,116,29893.73,physical,urn:gd:story:classification:gcp_physical:competitionId:285023:avg_speed:rank_asc:page:7,urn:gd:story:classification:gcp_physical:competitionId:285023:avg_speed:rank_asc:page:7
389876,285023_43946,Dayot Upamecano,France,DF,5.97,396,148,48068.01,physical,urn:gd:story:classification:gcp_physical:competitionId:285023:avg_speed:rank_asc:page:7,urn:gd:story:classification:gcp_physical:competitionId:285023:avg_speed:rank_asc:page:7
395088,285023_43822,Kim Minjae,Korea Republic,DF,5.97,264,91,26815.14,physical,urn:gd:story:classification:gcp_physical:competitionId:285023:avg_speed:rank_asc:page:7,urn:gd:story:classification:gcp_physical:competitionId:285023:avg_speed:rank_asc:page:7
419100,285023_43930,Maxi Araujo,Uruguay,MF,5.96,308,129,27642.83,physical,urn:gd:story:classification:gcp_physical:competitionId:285023:avg_speed:rank_asc:page:7,urn:gd:story:classification:gcp_physical:competitionId:285023:avg_speed:rank_asc:page:7
448131,285023_43971,Ruben Vargas,Switzerland,FW,5.96,307,138,26697.29,physical,urn:gd:story:classification:gcp_physical:competitionId:285023:avg_speed:rank_asc:page:7,urn:gd:story:classification:gcp_physical:competitionId:285023:avg_speed:rank_asc:page:7
344661,285023_43855,Ramy Rabia,Egypt,DF,5.96,341,103,31577.73,physical,urn:gd:story:classification:gcp_physical:competitionId:285023:avg_speed:rank_asc:page:7,urn:gd:story:classification:gcp_physical:competitionId:285023:avg_speed:rank_asc:page:7
395050,285023_43883,Aubrey Modiba,South Africa,DF,5.96,442,154,37864.78,physical,urn:gd:story:classification:gcp_physical:competitionId:285023:avg_speed:rank_asc:page:7,urn:gd:story:classification:gcp_physical:competitionId:285023:avg_speed:rank_asc:page:7
385475,285023_44005,Eldor Shomurodov,Uzbekistan,FW,5.96,274,149,30198.42,physical,urn:gd:story:classification:gcp_physical:competitionId:285023:avg_speed:rank_asc:page:7,urn:gd:story:classification:gcp_physical:competitionId:285023:avg_speed:rank_asc:page:7
448171,285023_43938,Josip Sutalo,Croatia,DF,5.96,410,118,40954.87,physical,urn:gd:story:classification:gcp_physical:competitionId:285023:avg_speed:rank_asc:page:7,urn:gd:story:classification:gcp_physical:competitionId:285023:avg_speed:rank_asc:page:7
369749,285023_43928,Junior Alonso,Paraguay,DF,5.96,457,123,43140.24,physical,urn:gd:story:classification:gcp_physical:competitionId:285023:avg_speed:rank_asc:page:7,urn:gd:story:classification:gcp_physical:competitionId:285023:avg_speed:rank_asc:page:7
425607,285023_43888,Mohamed Amine Ben Hmida,Tunisia,DF,5.95,167,70,22028.58,physical,urn:gd:story:classification:gcp_physical:competitionId:285023:avg_speed:rank_asc:page:7,urn:gd:story:classification:gcp_physical:competitionId:285023:avg_speed:rank_asc:page:7
430601,285023_43924,Gabriel Magalhaes,Brazil,DF,5.95,419,101,40958.8,physical,urn:gd:story:classification:gcp_physical:competitionId:285023:avg_speed:rank_asc:page:7,urn:gd:story:classification:gcp_physical:competitionId:285023:avg_speed:rank_asc:page:7
441137,285023_43970,Anthony Elanga,Sweden,FW,5.94,211,118,24265.7,physical,urn:gd:story:classification:gcp_physical:competitionId:285023:avg_speed:rank_asc:page:7,urn:gd:story:classification:gcp_physical:competitionId:285023:avg_speed:rank_asc:page:7
418548,285023_43963,Pedro Neto,Portugal,FW,5.94,286,172,28899.48,physical,urn:gd:story:classification:gcp_physical:competitionId:285023:avg_speed:rank_asc:page:7,urn:gd:story:classification:gcp_physical:competitionId:285023:avg_speed:rank_asc:page:7
313559,285023_43971,Ricardo Rodriguez,Switzerland,DF,5.94,389,148,39121.21,physical,urn:gd:story:classification:gcp_physical:competitionId:285023:avg_speed:rank_asc:page:7,urn:gd:story:classification:gcp_physical:competitionId:285023:avg_speed:rank_asc:page:7
489732,285023_43942,Noni Madueke,England,FW,5.94,302,124,26039.3,physical,urn:gd:story:classification:gcp_physical:competitionId:285023:avg_speed:rank_asc:page:7,urn:gd:story:classification:gcp_physical:competitionId:285023:avg_speed:rank_asc:page:7
403642,285023_43879,Krepin Diatta,Senegal,DF,5.93,467,164,45457.47,physical,urn:gd:story:classification:gcp_physical:competitionId:285023:avg_speed:rank_asc:page:7,urn:gd:story:classification:gcp_physical:competitionId:285023:avg_speed:rank_asc:page:7
419281,285023_43835,Saud Abdulhamid,Saudi Arabia,DF,5.93,324,150,29778.02,physical,urn:gd:story:classification:gcp_physical:competitionId:285023:avg_speed:rank_asc:page:7,urn:gd:story:classification:gcp_physical:competitionId:285023:avg_speed:rank_asc:page:7
269058,285023_43926,James Rodriguez,Colombia,MF,5.93,270,42,26755.98,physical,urn:gd:story:classification:gcp_physical:competitionId:285023:avg_speed:rank_asc:page:7,urn:gd:story:classification:gcp_physical:competitionId:285023:avg_speed:rank_asc:page:7
316002,285023_43934,David Alaba,Austria,DF,5.93,297,70,29617.98,physical,urn:gd:story:classification:gcp_physical:competitionId:285023:avg_speed:rank_asc:page:7,urn:gd:story:classification:gcp_physical:competitionId:285023:avg_speed:rank_asc:page:7
489517,285023_43960,Jan Paul Van Hecke,Netherlands,DF,5.92,374,114,42651.39,physical,urn:gd:story:classification:gcp_physical:competitionId:285023:avg_speed:rank_asc:page:7,urn:gd:story:classification:gcp_physical:competitionId:285023:avg_speed:rank_asc:page:7
484022,285023_44037,Tarik Muharemovic,Bosnia and Herzegovina,DF,5.92,279,78,28776.65,physical,urn:gd:story:classification:gcp_physical:competitionId:285023:avg_speed:rank_asc:page:8,urn:gd:story:classification:gcp_physical:competitionId:285023:avg_speed:rank_asc:page:8
401339,285023_43967,Andy Robertson,Scotland,DF,5.92,246,107,25387.97,physical,urn:gd:story:classification:gcp_physical:competitionId:285023:avg_speed:rank_asc:page:8,urn:gd:story:classification:gcp_physical:competitionId:285023:avg_speed:rank_asc:page:8
466372,285023_1895293,Gervane Kastaneer,Curaçao,FW,5.92,44,21,4460.43,physical,urn:gd:story:classification:gcp_physical:competitionId:285023:avg_speed:rank_asc:page:8,urn:gd:story:classification:gcp_physical:competitionId:285023:avg_speed:rank_asc:page:8
481027,285023_43908,Louicius Deedson,Haiti,FW,5.91,145,67,13276.69,physical,urn:gd:story:classification:gcp_physical:competitionId:285023:avg_speed:rank_asc:page:8,urn:gd:story:classification:gcp_physical:competitionId:285023:avg_speed:rank_asc:page:8
430740,285023_43872,Brahim Diaz,Morocco,FW,5.91,454,200,41478.47,physical,urn:gd:story:classification:gcp_physical:competitionId:285023:avg_speed:rank_asc:page:8,urn:gd:story:classification:gcp_physical:competitionId:285023:avg_speed:rank_asc:page:8
335999,285023_43969,Aymeric Laporte,Spain,DF,5.9,348,104,39650.58,physical,urn:gd:story:classification:gcp_physical:competitionId:285023:avg_speed:rank_asc:page:8,urn:gd:story:classification:gcp_physical:competitionId:285023:avg_speed:rank_asc:page:8
506039,285023_43883,Ime Okon,South Africa,DF,5.9,460,183,39562.72,physical,urn:gd:story:classification:gcp_physical:competitionId:285023:avg_speed:rank_asc:page:8,urn:gd:story:classification:gcp_physical:competitionId:285023:avg_speed:rank_asc:page:8
431858,285023_43843,Rayan Ait Nouri,Algeria,DF,5.89,355,157,32073.2,physical,urn:gd:story:classification:gcp_physical:competitionId:285023:avg_speed:rank_asc:page:8,urn:gd:story:classification:gcp_physical:competitionId:285023:avg_speed:rank_asc:page:8
400721,285023_43872,Achraf Hakimi,Morocco,DF,5.89,546,252,53833.04,physical,urn:gd:story:classification:gcp_physical:competitionId:285023:avg_speed:rank_asc:page:8,urn:gd:story:classification:gcp_physical:competitionId:285023:avg_speed:rank_asc:page:8
506471,285023_1895293,Deveron Fonville,Curaçao,DF,5.89,239,132,25516.75,physical,urn:gd:story:classification:gcp_physical:competitionId:285023:avg_speed:rank_asc:page:8,urn:gd:story:classification:gcp_physical:competitionId:285023:avg_speed:rank_asc:page:8
466340,285023_1895293,Leandro Bacuna,Curaçao,MF,5.88,315,88,29455.81,physical,urn:gd:story:classification:gcp_physical:competitionId:285023:avg_speed:rank_asc:page:8,urn:gd:story:classification:gcp_physical:competitionId:285023:avg_speed:rank_asc:page:8
403049,285023_43942,Ezri Konsa,England,DF,5.88,397,119,39817.07,physical,urn:gd:story:classification:gcp_physical:competitionId:285023:avg_speed:rank_asc:page:8,urn:gd:story:classification:gcp_physical:competitionId:285023:avg_speed:rank_asc:page:8
395321,285023_43819,Junya Ito,Japan,MF,5.88,233,108,24421.93,physical,urn:gd:story:classification:gcp_physical:competitionId:285023:avg_speed:rank_asc:page:8,urn:gd:story:classification:gcp_physical:competitionId:285023:avg_speed:rank_asc:page:8
409241,285023_43850,Diney Borges,Cabo Verde,DF,5.88,395,111,43337.98,physical,urn:gd:story:classification:gcp_physical:competitionId:285023:avg_speed:rank_asc:page:8,urn:gd:story:classification:gcp_physical:competitionId:285023:avg_speed:rank_asc:page:8
430442,285023_43976,Harry Souttar,Australia,DF,5.87,370,82,43035.91,physical,urn:gd:story:classification:gcp_physical:competitionId:285023:avg_speed:rank_asc:page:8,urn:gd:story:classification:gcp_physical:competitionId:285023:avg_speed:rank_asc:page:8
379955,285023_43948,Antonio Ruediger,Germany,DF,5.87,258,72,28802.14,physical,urn:gd:story:classification:gcp_physical:competitionId:285023:avg_speed:rank_asc:page:8,urn:gd:story:classification:gcp_physical:competitionId:285023:avg_speed:rank_asc:page:8
448363,285023_43908,Hannes Delcroix,Haiti,DF,5.87,298,89,30006.24,physical,urn:gd:story:classification:gcp_physical:competitionId:285023:avg_speed:rank_asc:page:8,urn:gd:story:classification:gcp_physical:competitionId:285023:avg_speed:rank_asc:page:8
419441,285023_43834,Homam Ahmed,Qatar,DF,5.86,157,57,13626.23,physical,urn:gd:story:classification:gcp_physical:competitionId:285023:avg_speed:rank_asc:page:8,urn:gd:story:classification:gcp_physical:competitionId:285023:avg_speed:rank_asc:page:8
477825,285023_43854,Odilon Kossounou,Côte d'Ivoire,DF,5.86,287,79,29901.79,physical,urn:gd:story:classification:gcp_physical:competitionId:285023:avg_speed:rank_asc:page:8,urn:gd:story:classification:gcp_physical:competitionId:285023:avg_speed:rank_asc:page:8
494025,285023_43935,Matias Fernandez Pardo,Belgium,FW,5.86,83,52,7102.68,physical,urn:gd:story:classification:gcp_physical:competitionId:285023:avg_speed:rank_asc:page:8,urn:gd:story:classification:gcp_physical:competitionId:285023:avg_speed:rank_asc:page:8
486080,285023_43995,Robin Hranac,Czechia,DF,5.86,311,94,29418.45,physical,urn:gd:story:classification:gcp_physical:competitionId:285023:avg_speed:rank_asc:page:8,urn:gd:story:classification:gcp_physical:competitionId:285023:avg_speed:rank_asc:page:8
403274,285023_43819,Hiroki Ito,Japan,DF,5.85,358,119,39533.62,physical,urn:gd:story:classification:gcp_physical:competitionId:285023:avg_speed:rank_asc:page:8,urn:gd:story:classification:gcp_physical:competitionId:285023:avg_speed:rank_asc:page:8
398509,285023_43971,Nico Elvedi,Switzerland,DF,5.85,434,122,39382.48,physical,urn:gd:story:classification:gcp_physical:competitionId:285023:avg_speed:rank_asc:page:8,urn:gd:story:classification:gcp_physical:competitionId:285023:avg_speed:rank_asc:page:8
369267,285023_43855,Yasser Ibrahim,Egypt,DF,5.83,434,153,41444.93,physical,urn:gd:story:classification:gcp_physical:competitionId:285023:avg_speed:rank_asc:page:8,urn:gd:story:classification:gcp_physical:competitionId:285023:avg_speed:rank_asc:page:8
463218,285023_43883,Khuliso Mudau,South Africa,DF,5.83,399,189,39120.48,physical,urn:gd:story:classification:gcp_physical:competitionId:285023:avg_speed:rank_asc:page:8,urn:gd:story:classification:gcp_physical:competitionId:285023:avg_speed:rank_asc:page:8
470760,285023_43926,Jhon Arias,Colombia,MF,5.82,317,126,32691.11,physical,urn:gd:story:classification:gcp_physical:competitionId:285023:avg_speed:rank_asc:page:8,urn:gd:story:classification:gcp_physical:competitionId:285023:avg_speed:rank_asc:page:8
419108,285023_43930,Sebastian Caceres,Uruguay,DF,5.81,303,98,30359.66,physical,urn:gd:story:classification:gcp_physical:competitionId:285023:avg_speed:rank_asc:page:8,urn:gd:story:classification:gcp_physical:competitionId:285023:avg_speed:rank_asc:page:8
332314,285023_43879,Idrissa Gana Gueye,Senegal,MF,5.81,449,140,39822.15,physical,urn:gd:story:classification:gcp_physical:competitionId:285023:avg_speed:rank_asc:page:8,urn:gd:story:classification:gcp_physical:competitionId:285023:avg_speed:rank_asc:page:8
431696,285023_43899,Richie Laryea,Canada,DF,5.81,464,231,46053.79,physical,urn:gd:story:classification:gcp_physical:competitionId:285023:avg_speed:rank_asc:page:8,urn:gd:story:classification:gcp_physical:competitionId:285023:avg_speed:rank_asc:page:8
418550,285023_43963,Rafael Leao,Portugal,FW,5.8,165,68,15989.45,physical,urn:gd:story:classification:gcp_physical:competitionId:285023:avg_speed:rank_asc:page:8,urn:gd:story:classification:gcp_physical:competitionId:285023:avg_speed:rank_asc:page:8
433439,285023_43835,Ali Lajami,Saudi Arabia,DF,5.8,145,54,16522.11,physical,urn:gd:story:classification:gcp_physical:competitionId:285023:avg_speed:rank_asc:page:8,urn:gd:story:classification:gcp_physical:competitionId:285023:avg_speed:rank_asc:page:8
436572,285023_20014,Arthur Masuaku,Congo DR,DF,5.79,343,114,32800.85,physical,urn:gd:story:classification:gcp_physical:competitionId:285023:avg_speed:rank_asc:page:8,urn:gd:story:classification:gcp_physical:competitionId:285023:avg_speed:rank_asc:page:8
489704,285023_43963,Renato Veiga,Portugal,DF,5.79,398,111,39962.18,physical,urn:gd:story:classification:gcp_physical:competitionId:285023:avg_speed:rank_asc:page:8,urn:gd:story:classification:gcp_physical:competitionId:285023:avg_speed:rank_asc:page:8
477832,285023_43850,Sidny Lopes Cabral,Cabo Verde,DF,5.79,257,117,30954.32,physical,urn:gd:story:classification:gcp_physical:competitionId:285023:avg_speed:rank_asc:page:8,urn:gd:story:classification:gcp_physical:competitionId:285023:avg_speed:rank_asc:page:8
402884,285023_43930,Federico Valverde,Uruguay,MF,5.78,228,99,25916.6,physical,urn:gd:story:classification:gcp_physical:competitionId:285023:avg_speed:rank_asc:page:8,urn:gd:story:classification:gcp_physical:competitionId:285023:avg_speed:rank_asc:page:8
430751,285023_43969,Mikel Oyarzabal,Spain,FW,5.78,349,157,31944.17,physical,urn:gd:story:classification:gcp_physical:competitionId:285023:avg_speed:rank_asc:page:8,urn:gd:story:classification:gcp_physical:competitionId:285023:avg_speed:rank_asc:page:8
448531,285023_43860,Antoine Semenyo,Ghana,MF,5.78,285,167,39933.84,physical,urn:gd:story:classification:gcp_physical:competitionId:285023:avg_speed:rank_asc:page:8,urn:gd:story:classification:gcp_physical:competitionId:285023:avg_speed:rank_asc:page:8
520039,285023_43860,Marvin Senaya,Ghana,DF,5.77,285,171,31108.53,physical,urn:gd:story:classification:gcp_physical:competitionId:285023:avg_speed:rank_asc:page:8,urn:gd:story:classification:gcp_physical:competitionId:285023:avg_speed:rank_asc:page:8
448103,285023_43971,Fabian Rieder,Switzerland,MF,5.76,261,88,16705.61,physical,urn:gd:story:classification:gcp_physical:competitionId:285023:avg_speed:rank_asc:page:8,urn:gd:story:classification:gcp_physical:competitionId:285023:avg_speed:rank_asc:page:8
408950,285023_43855,Mohamed Hany,Egypt,DF,5.75,423,158,42176.04,physical,urn:gd:story:classification:gcp_physical:competitionId:285023:avg_speed:rank_asc:page:8,urn:gd:story:classification:gcp_physical:competitionId:285023:avg_speed:rank_asc:page:8
430476,285023_43855,Omar Marmoush,Egypt,FW,5.74,307,153,33451.08,physical,urn:gd:story:classification:gcp_physical:competitionId:285023:avg_speed:rank_asc:page:8,urn:gd:story:classification:gcp_physical:competitionId:285023:avg_speed:rank_asc:page:8
405920,285023_43927,John Yeboah,Ecuador,FW,5.74,395,169,31500.85,physical,urn:gd:story:classification:gcp_physical:competitionId:285023:avg_speed:rank_asc:page:8,urn:gd:story:classification:gcp_physical:competitionId:285023:avg_speed:rank_asc:page:8
441333,285023_43860,Gideon Mensah,Ghana,DF,5.74,365,158,39697.98,physical,urn:gd:story:classification:gcp_physical:competitionId:285023:avg_speed:rank_asc:page:8,urn:gd:story:classification:gcp_physical:competitionId:285023:avg_speed:rank_asc:page:8
477536,285023_43930,Federico Vinas,Uruguay,FW,5.73,195,102,20225.71,physical,urn:gd:story:classification:gcp_physical:competitionId:285023:avg_speed:rank_asc:page:8,urn:gd:story:classification:gcp_physical:competitionId:285023:avg_speed:rank_asc:page:8
335656,285023_43924,Danilo,Brazil,DF,5.73,402,173,34859.48,physical,urn:gd:story:classification:gcp_physical:competitionId:285023:avg_speed:rank_asc:page:8,urn:gd:story:classification:gcp_physical:competitionId:285023:avg_speed:rank_asc:page:8
405178,285023_43971,Manuel Akanji,Switzerland,DF,5.73,416,114,38591.71,physical,urn:gd:story:classification:gcp_physical:competitionId:285023:avg_speed:rank_asc:page:8,urn:gd:story:classification:gcp_physical:competitionId:285023:avg_speed:rank_asc:page:8
486161,285023_43883,Relebohile Mofokeng,South Africa,FW,5.73,341,100,23444.92,physical,urn:gd:story:classification:gcp_physical:competitionId:285023:avg_speed:rank_asc:page:8,urn:gd:story:classification:gcp_physical:competitionId:285023:avg_speed:rank_asc:page:8
395283,285023_43970,Victor Lindelof,Sweden,DF,5.72,315,101,37262.4,physical,urn:gd:story:classification:gcp_physical:competitionId:285023:avg_speed:rank_asc:page:8,urn:gd:story:classification:gcp_physical:competitionId:285023:avg_speed:rank_asc:page:8
424051,285023_43960,Brian Brobbey,Netherlands,FW,5.72,226,77,22528.72,physical,urn:gd:story:classification:gcp_physical:competitionId:285023:avg_speed:rank_asc:page:8,urn:gd:story:classification:gcp_physical:competitionId:285023:avg_speed:rank_asc:page:8
405742,285023_43924,Vinicius Junior,Brazil,FW,5.72,421,208,37923.91,physical,urn:gd:story:classification:gcp_physical:competitionId:285023:avg_speed:rank_asc:page:8,urn:gd:story:classification:gcp_physical:competitionId:285023:avg_speed:rank_asc:page:8
373400,285023_43927,Enner Valencia,Ecuador,FW,5.71,233,108,29489.89,physical,urn:gd:story:classification:gcp_physical:competitionId:285023:avg_speed:rank_asc:page:9,urn:gd:story:classification:gcp_physical:competitionId:285023:avg_speed:rank_asc:page:9
407680,285023_1895293,Juergen Locadia,Curaçao,FW,5.71,227,92,23793.05,physical,urn:gd:story:classification:gcp_physical:competitionId:285023:avg_speed:rank_asc:page:9,urn:gd:story:classification:gcp_physical:competitionId:285023:avg_speed:rank_asc:page:9
510922,285023_43854,Yan Diomande,Côte d'Ivoire,FW,5.71,370,178,34347.31,physical,urn:gd:story:classification:gcp_physical:competitionId:285023:avg_speed:rank_asc:page:9,urn:gd:story:classification:gcp_physical:competitionId:285023:avg_speed:rank_asc:page:9
429392,285023_43924,Danilo Santos,Brazil,MF,5.7,82,26,4885.01,physical,urn:gd:story:classification:gcp_physical:competitionId:285023:avg_speed:rank_asc:page:9,urn:gd:story:classification:gcp_physical:competitionId:285023:avg_speed:rank_asc:page:9
418490,285023_43822,Lee Kangin,Korea Republic,MF,5.68,264,69,28433.53,physical,urn:gd:story:classification:gcp_physical:competitionId:285023:avg_speed:rank_asc:page:9,urn:gd:story:classification:gcp_physical:competitionId:285023:avg_speed:rank_asc:page:9
332946,285023_43924,Marquinhos,Brazil,DF,5.67,357,101,39058.06,physical,urn:gd:story:classification:gcp_physical:competitionId:285023:avg_speed:rank_asc:page:9,urn:gd:story:classification:gcp_physical:competitionId:285023:avg_speed:rank_asc:page:9
403312,285023_43835,Abdulelah Alamri,Saudi Arabia,DF,5.67,252,89,25207.74,physical,urn:gd:story:classification:gcp_physical:competitionId:285023:avg_speed:rank_asc:page:9,urn:gd:story:classification:gcp_physical:competitionId:285023:avg_speed:rank_asc:page:9
486306,285023_43976,Nestory Irankunda,Australia,FW,5.66,263,129,27279.0,physical,urn:gd:story:classification:gcp_physical:competitionId:285023:avg_speed:rank_asc:page:9,urn:gd:story:classification:gcp_physical:competitionId:285023:avg_speed:rank_asc:page:9
477770,285023_43850,Pico Lopes,Cabo Verde,DF,5.66,366,99,41751.06,physical,urn:gd:story:classification:gcp_physical:competitionId:285023:avg_speed:rank_asc:page:9,urn:gd:story:classification:gcp_physical:competitionId:285023:avg_speed:rank_asc:page:9
494293,285023_43872,Chemsdine Talbi,Morocco,MF,5.66,187,87,14533.76,physical,urn:gd:story:classification:gcp_physical:competitionId:285023:avg_speed:rank_asc:page:9,urn:gd:story:classification:gcp_physical:competitionId:285023:avg_speed:rank_asc:page:9
484320,285023_43969,Lamine Yamal,Spain,FW,5.64,191,95,22542.08,physical,urn:gd:story:classification:gcp_physical:competitionId:285023:avg_speed:rank_asc:page:9,urn:gd:story:classification:gcp_physical:competitionId:285023:avg_speed:rank_asc:page:9
393480,285023_43971,Breel Embolo,Switzerland,FW,5.64,350,172,34576.28,physical,urn:gd:story:classification:gcp_physical:competitionId:285023:avg_speed:rank_asc:page:9,urn:gd:story:classification:gcp_physical:competitionId:285023:avg_speed:rank_asc:page:9
275917,285023_43908,Ricardo Ade,Haiti,DF,5.64,310,95,28826.94,physical,urn:gd:story:classification:gcp_physical:competitionId:285023:avg_speed:rank_asc:page:9,urn:gd:story:classification:gcp_physical:competitionId:285023:avg_speed:rank_asc:page:9
376285,285023_43843,Aissa Mandi,Algeria,DF,5.62,331,81,37858.06,physical,urn:gd:story:classification:gcp_physical:competitionId:285023:avg_speed:rank_asc:page:9,urn:gd:story:classification:gcp_physical:competitionId:285023:avg_speed:rank_asc:page:9
433527,285023_43820,Abdallah Nasib,Jordan,DF,5.62,269,86,26869.89,physical,urn:gd:story:classification:gcp_physical:competitionId:285023:avg_speed:rank_asc:page:9,urn:gd:story:classification:gcp_physical:competitionId:285023:avg_speed:rank_asc:page:9
403335,285023_43835,Hassan Altambakti,Saudi Arabia,DF,5.62,252,67,22701.97,physical,urn:gd:story:classification:gcp_physical:competitionId:285023:avg_speed:rank_asc:page:9,urn:gd:story:classification:gcp_physical:competitionId:285023:avg_speed:rank_asc:page:9
371415,285023_44005,Rustam Ashurmatov,Uzbekistan,DF,5.62,288,80,27011.42,physical,urn:gd:story:classification:gcp_physical:competitionId:285023:avg_speed:rank_asc:page:9,urn:gd:story:classification:gcp_physical:competitionId:285023:avg_speed:rank_asc:page:9
512791,285023_43834,Issa Laye,Qatar,DF,5.61,338,88,29038.33,physical,urn:gd:story:classification:gcp_physical:competitionId:285023:avg_speed:rank_asc:page:9,urn:gd:story:classification:gcp_physical:competitionId:285023:avg_speed:rank_asc:page:9
520217,285023_43967,Findlay Curtis,Scotland,FW,5.61,35,16,2919.32,physical,urn:gd:story:classification:gcp_physical:competitionId:285023:avg_speed:rank_asc:page:9,urn:gd:story:classification:gcp_physical:competitionId:285023:avg_speed:rank_asc:page:9
346743,285023_43817,Shoja Khalilzadeh,IR Iran,DF,5.59,255,78,28814.55,physical,urn:gd:story:classification:gcp_physical:competitionId:285023:avg_speed:rank_asc:page:9,urn:gd:story:classification:gcp_physical:competitionId:285023:avg_speed:rank_asc:page:9
261367,285023_43978,Michael Boxall,New Zealand,DF,5.59,181,75,22180.78,physical,urn:gd:story:classification:gcp_physical:competitionId:285023:avg_speed:rank_asc:page:9,urn:gd:story:classification:gcp_physical:competitionId:285023:avg_speed:rank_asc:page:9
403063,285023_20014,Axel Tuanzebe,Congo DR,DF,5.59,311,128,38203.61,physical,urn:gd:story:classification:gcp_physical:competitionId:285023:avg_speed:rank_asc:page:9,urn:gd:story:classification:gcp_physical:competitionId:285023:avg_speed:rank_asc:page:9
433679,285023_43843,Ramiz Zerrouki,Algeria,MF,5.59,201,54,15442.6,physical,urn:gd:story:classification:gcp_physical:competitionId:285023:avg_speed:rank_asc:page:9,urn:gd:story:classification:gcp_physical:competitionId:285023:avg_speed:rank_asc:page:9
492716,285023_43942,Morgan Rogers,England,MF,5.58,222,105,17754.82,physical,urn:gd:story:classification:gcp_physical:competitionId:285023:avg_speed:rank_asc:page:9,urn:gd:story:classification:gcp_physical:competitionId:285023:avg_speed:rank_asc:page:9
395205,285023_43963,Bernardo Silva,Portugal,MF,5.57,219,66,14075.86,physical,urn:gd:story:classification:gcp_physical:competitionId:285023:avg_speed:rank_asc:page:9,urn:gd:story:classification:gcp_physical:competitionId:285023:avg_speed:rank_asc:page:9
430690,285023_43879,Moussa Niakhate,Senegal,DF,5.57,386,119,42611.78,physical,urn:gd:story:classification:gcp_physical:competitionId:285023:avg_speed:rank_asc:page:9,urn:gd:story:classification:gcp_physical:competitionId:285023:avg_speed:rank_asc:page:9
481183,285023_43818,Akam Hashim,Iraq,DF,5.56,270,79,28097.87,physical,urn:gd:story:classification:gcp_physical:competitionId:285023:avg_speed:rank_asc:page:9,urn:gd:story:classification:gcp_physical:competitionId:285023:avg_speed:rank_asc:page:9
496358,285023_43879,Ibrahim Mbaye,Senegal,FW,5.55,191,104,18570.21,physical,urn:gd:story:classification:gcp_physical:competitionId:285023:avg_speed:rank_asc:page:9,urn:gd:story:classification:gcp_physical:competitionId:285023:avg_speed:rank_asc:page:9
441350,285023_43843,Hicham Boudaoui,Algeria,MF,5.55,248,79,17473.1,physical,urn:gd:story:classification:gcp_physical:competitionId:285023:avg_speed:rank_asc:page:9,urn:gd:story:classification:gcp_physical:competitionId:285023:avg_speed:rank_asc:page:9
430150,285023_43970,Alexander Isak,Sweden,FW,5.5,346,155,35655.02,physical,urn:gd:story:classification:gcp_physical:competitionId:285023:avg_speed:rank_asc:page:9,urn:gd:story:classification:gcp_physical:competitionId:285023:avg_speed:rank_asc:page:9
431225,285023_43820,Yazan Alarab,Jordan,DF,5.49,258,78,28270.79,physical,urn:gd:story:classification:gcp_physical:competitionId:285023:avg_speed:rank_asc:page:9,urn:gd:story:classification:gcp_physical:competitionId:285023:avg_speed:rank_asc:page:9
405263,285023_43934,Kevin Danso,Austria,DF,5.48,266,95,25685.71,physical,urn:gd:story:classification:gcp_physical:competitionId:285023:avg_speed:rank_asc:page:9,urn:gd:story:classification:gcp_physical:competitionId:285023:avg_speed:rank_asc:page:9
482931,285023_43938,Marco Pasalic,Croatia,FW,5.44,142,82,12958.46,physical,urn:gd:story:classification:gcp_physical:competitionId:285023:avg_speed:rank_asc:page:9,urn:gd:story:classification:gcp_physical:competitionId:285023:avg_speed:rank_asc:page:9
336472,285023_43938,Andrej Kramaric,Croatia,FW,5.44,163,50,10055.36,physical,urn:gd:story:classification:gcp_physical:competitionId:285023:avg_speed:rank_asc:page:9,urn:gd:story:classification:gcp_physical:competitionId:285023:avg_speed:rank_asc:page:9
299200,285023_43934,Marko Arnautovic,Austria,FW,5.44,156,57,15762.88,physical,urn:gd:story:classification:gcp_physical:competitionId:285023:avg_speed:rank_asc:page:9,urn:gd:story:classification:gcp_physical:competitionId:285023:avg_speed:rank_asc:page:9
491255,285023_43970,Daniel Svensson,Sweden,DF,5.41,149,63,13088.54,physical,urn:gd:story:classification:gcp_physical:competitionId:285023:avg_speed:rank_asc:page:9,urn:gd:story:classification:gcp_physical:competitionId:285023:avg_speed:rank_asc:page:9
356532,285023_20014,Chancel Mbemba,Congo DR,DF,5.4,347,135,36904.51,physical,urn:gd:story:classification:gcp_physical:competitionId:285023:avg_speed:rank_asc:page:9,urn:gd:story:classification:gcp_physical:competitionId:285023:avg_speed:rank_asc:page:9
336098,285023_43960,Memphis Depay,Netherlands,FW,5.39,137,50,8184.41,physical,urn:gd:story:classification:gcp_physical:competitionId:285023:avg_speed:rank_asc:page:9,urn:gd:story:classification:gcp_physical:competitionId:285023:avg_speed:rank_asc:page:9
358112,285023_43935,Romelu Lukaku,Belgium,FW,5.39,169,58,17718.9,physical,urn:gd:story:classification:gcp_physical:competitionId:285023:avg_speed:rank_asc:page:9,urn:gd:story:classification:gcp_physical:competitionId:285023:avg_speed:rank_asc:page:9
431208,285023_43820,Mohammad Abuzraiq,Jordan,FW,5.37,24,15,1643.16,physical,urn:gd:story:classification:gcp_physical:competitionId:285023:avg_speed:rank_asc:page:9,urn:gd:story:classification:gcp_physical:competitionId:285023:avg_speed:rank_asc:page:9
464924,285023_44005,Abdukodir Khusanov,Uzbekistan,DF,5.37,218,93,27912.88,physical,urn:gd:story:classification:gcp_physical:competitionId:285023:avg_speed:rank_asc:page:9,urn:gd:story:classification:gcp_physical:competitionId:285023:avg_speed:rank_asc:page:9
358122,285023_43935,Thomas Meunier,Belgium,DF,5.36,363,157,27147.57,physical,urn:gd:story:classification:gcp_physical:competitionId:285023:avg_speed:rank_asc:page:9,urn:gd:story:classification:gcp_physical:competitionId:285023:avg_speed:rank_asc:page:9
400716,285023_43961,Martin Odegaard,Norway,MF,5.36,505,180,34879.88,physical,urn:gd:story:classification:gcp_physical:competitionId:285023:avg_speed:rank_asc:page:9,urn:gd:story:classification:gcp_physical:competitionId:285023:avg_speed:rank_asc:page:9
430407,285023_43819,Daizen Maeda,Japan,MF,5.36,432,239,32326.01,physical,urn:gd:story:classification:gcp_physical:competitionId:285023:avg_speed:rank_asc:page:9,urn:gd:story:classification:gcp_physical:competitionId:285023:avg_speed:rank_asc:page:9
486875,285023_43928,Gustavo Velazquez,Paraguay,DF,5.35,197,66,25381.16,physical,urn:gd:story:classification:gcp_physical:competitionId:285023:avg_speed:rank_asc:page:9,urn:gd:story:classification:gcp_physical:competitionId:285023:avg_speed:rank_asc:page:9
463127,285023_43928,Gabriel Avalos,Paraguay,FW,5.35,185,69,18764.8,physical,urn:gd:story:classification:gcp_physical:competitionId:285023:avg_speed:rank_asc:page:9,urn:gd:story:classification:gcp_physical:competitionId:285023:avg_speed:rank_asc:page:9
395516,285023_43911,Cesar Montes,Mexico,DF,5.34,237,78,26780.16,physical,urn:gd:story:classification:gcp_physical:competitionId:285023:avg_speed:rank_asc:page:9,urn:gd:story:classification:gcp_physical:competitionId:285023:avg_speed:rank_asc:page:9
433161,285023_20014,Edo Kayembe,Congo DR,MF,5.34,297,86,20579.44,physical,urn:gd:story:classification:gcp_physical:competitionId:285023:avg_speed:rank_asc:page:9,urn:gd:story:classification:gcp_physical:competitionId:285023:avg_speed:rank_asc:page:9
522846,285023_44037,Ermin Mahmic,Bosnia and Herzegovina,MF,5.34,155,57,10657.09,physical,urn:gd:story:classification:gcp_physical:competitionId:285023:avg_speed:rank_asc:page:9,urn:gd:story:classification:gcp_physical:competitionId:285023:avg_speed:rank_asc:page:9
511141,285023_1895293,Armando Obispo,Curaçao,DF,5.34,189,65,26713.78,physical,urn:gd:story:classification:gcp_physical:competitionId:285023:avg_speed:rank_asc:page:9,urn:gd:story:classification:gcp_physical:competitionId:285023:avg_speed:rank_asc:page:9
424119,285023_20014,Nathanael Mbuku,Congo DR,MF,5.33,243,74,18838.49,physical,urn:gd:story:classification:gcp_physical:competitionId:285023:avg_speed:rank_asc:page:10,urn:gd:story:classification:gcp_physical:competitionId:285023:avg_speed:rank_asc:page:10
411680,285023_43872,Noussair Mazraoui,Morocco,DF,5.33,331,128,39362.24,physical,urn:gd:story:classification:gcp_physical:competitionId:285023:avg_speed:rank_asc:page:10,urn:gd:story:classification:gcp_physical:competitionId:285023:avg_speed:rank_asc:page:10
389867,285023_43946,Kylian Mbappe,France,FW,5.33,336,160,42709.27,physical,urn:gd:story:classification:gcp_physical:competitionId:285023:avg_speed:rank_asc:page:10,urn:gd:story:classification:gcp_physical:competitionId:285023:avg_speed:rank_asc:page:10
402047,285023_43946,Adrien Rabiot,France,MF,5.32,519,158,44604.05,physical,urn:gd:story:classification:gcp_physical:competitionId:285023:avg_speed:rank_asc:page:10,urn:gd:story:classification:gcp_physical:competitionId:285023:avg_speed:rank_asc:page:10
424422,285023_43928,Matias Galarza,Paraguay,MF,5.32,560,237,48496.58,physical,urn:gd:story:classification:gcp_physical:competitionId:285023:avg_speed:rank_asc:page:10,urn:gd:story:classification:gcp_physical:competitionId:285023:avg_speed:rank_asc:page:10
386013,285023_43926,Davinson Sanchez,Colombia,DF,5.32,323,104,36402.68,physical,urn:gd:story:classification:gcp_physical:competitionId:285023:avg_speed:rank_asc:page:10,urn:gd:story:classification:gcp_physical:competitionId:285023:avg_speed:rank_asc:page:10
369744,285023_43928,Gustavo Gomez,Paraguay,DF,5.32,342,109,49082.71,physical,urn:gd:story:classification:gcp_physical:competitionId:285023:avg_speed:rank_asc:page:10,urn:gd:story:classification:gcp_physical:competitionId:285023:avg_speed:rank_asc:page:10
485760,285023_43872,Ayyoub Bouaddi,Morocco,MF,5.32,491,141,39895.09,physical,urn:gd:story:classification:gcp_physical:competitionId:285023:avg_speed:rank_asc:page:10,urn:gd:story:classification:gcp_physical:competitionId:285023:avg_speed:rank_asc:page:10
428905,285023_43926,Luis Suarez,Colombia,FW,5.31,194,112,24943.45,physical,urn:gd:story:classification:gcp_physical:competitionId:285023:avg_speed:rank_asc:page:10,urn:gd:story:classification:gcp_physical:competitionId:285023:avg_speed:rank_asc:page:10
504199,285023_43883,Mbekezeli Mbokazi,South Africa,DF,5.31,336,138,35585.09,physical,urn:gd:story:classification:gcp_physical:competitionId:285023:avg_speed:rank_asc:page:10,urn:gd:story:classification:gcp_physical:competitionId:285023:avg_speed:rank_asc:page:10
397786,285023_43960,Virgil Van Dijk,Netherlands,DF,5.3,292,100,38197.13,physical,urn:gd:story:classification:gcp_physical:competitionId:285023:avg_speed:rank_asc:page:10,urn:gd:story:classification:gcp_physical:competitionId:285023:avg_speed:rank_asc:page:10
395113,285023_43843,Ramy Bensebaini,Algeria,DF,5.3,301,122,35700.14,physical,urn:gd:story:classification:gcp_physical:competitionId:285023:avg_speed:rank_asc:page:10,urn:gd:story:classification:gcp_physical:competitionId:285023:avg_speed:rank_asc:page:10
395984,285023_43883,Themba Zwane,South Africa,MF,5.29,35,10,2021.04,physical,urn:gd:story:classification:gcp_physical:competitionId:285023:avg_speed:rank_asc:page:10,urn:gd:story:classification:gcp_physical:competitionId:285023:avg_speed:rank_asc:page:10
461177,285023_43911,Obed Vargas,Mexico,MF,5.27,181,47,10044.8,physical,urn:gd:story:classification:gcp_physical:competitionId:285023:avg_speed:rank_asc:page:10,urn:gd:story:classification:gcp_physical:competitionId:285023:avg_speed:rank_asc:page:10
463236,285023_43883,Jayden Adams,South Africa,MF,5.27,181,57,14495.71,physical,urn:gd:story:classification:gcp_physical:competitionId:285023:avg_speed:rank_asc:page:10,urn:gd:story:classification:gcp_physical:competitionId:285023:avg_speed:rank_asc:page:10
430763,285023_43911,Luis Romo,Mexico,MF,5.25,385,118,25531.12,physical,urn:gd:story:classification:gcp_physical:competitionId:285023:avg_speed:rank_asc:page:10,urn:gd:story:classification:gcp_physical:competitionId:285023:avg_speed:rank_asc:page:10
356412,285023_43971,Silvan Widmer,Switzerland,DF,5.24,185,67,13345.17,physical,urn:gd:story:classification:gcp_physical:competitionId:285023:avg_speed:rank_asc:page:10,urn:gd:story:classification:gcp_physical:competitionId:285023:avg_speed:rank_asc:page:10
466687,285023_43899,Ali Ahmed,Canada,FW,5.24,341,172,27940.35,physical,urn:gd:story:classification:gcp_physical:competitionId:285023:avg_speed:rank_asc:page:10,urn:gd:story:classification:gcp_physical:competitionId:285023:avg_speed:rank_asc:page:10
433195,285023_43963,Nuno Mendes,Portugal,DF,5.23,334,141,33707.66,physical,urn:gd:story:classification:gcp_physical:competitionId:285023:avg_speed:rank_asc:page:10,urn:gd:story:classification:gcp_physical:competitionId:285023:avg_speed:rank_asc:page:10
482782,285023_43850,Dailon Livramento,Cabo Verde,FW,5.22,237,100,23067.28,physical,urn:gd:story:classification:gcp_physical:competitionId:285023:avg_speed:rank_asc:page:10,urn:gd:story:classification:gcp_physical:competitionId:285023:avg_speed:rank_asc:page:10
430385,285023_43822,Kim Jingyu,Korea Republic,MF,5.21,99,26,7803.84,physical,urn:gd:story:classification:gcp_physical:competitionId:285023:avg_speed:rank_asc:page:10,urn:gd:story:classification:gcp_physical:competitionId:285023:avg_speed:rank_asc:page:10
448290,285023_43927,Willian Pacho,Ecuador,DF,5.2,284,119,35347.02,physical,urn:gd:story:classification:gcp_physical:competitionId:285023:avg_speed:rank_asc:page:10,urn:gd:story:classification:gcp_physical:competitionId:285023:avg_speed:rank_asc:page:10
390267,285023_43921,Christian Pulisic,USA,FW,5.2,277,105,21570.62,physical,urn:gd:story:classification:gcp_physical:competitionId:285023:avg_speed:rank_asc:page:10,urn:gd:story:classification:gcp_physical:competitionId:285023:avg_speed:rank_asc:page:10
386347,285023_43834,Akram Afif,Qatar,FW,5.2,194,104,23536.07,physical,urn:gd:story:classification:gcp_physical:competitionId:285023:avg_speed:rank_asc:page:10,urn:gd:story:classification:gcp_physical:competitionId:285023:avg_speed:rank_asc:page:10
363863,285023_43855,Trezeguet,Egypt,FW,5.2,286,115,20212.14,physical,urn:gd:story:classification:gcp_physical:competitionId:285023:avg_speed:rank_asc:page:10,urn:gd:story:classification:gcp_physical:competitionId:285023:avg_speed:rank_asc:page:10
404645,285023_43961,Sander Berge,Norway,MF,5.19,470,115,35688.36,physical,urn:gd:story:classification:gcp_physical:competitionId:285023:avg_speed:rank_asc:page:10,urn:gd:story:classification:gcp_physical:competitionId:285023:avg_speed:rank_asc:page:10
495046,285023_43928,Mauricio,Paraguay,MF,5.19,321,110,22291.21,physical,urn:gd:story:classification:gcp_physical:competitionId:285023:avg_speed:rank_asc:page:10,urn:gd:story:classification:gcp_physical:competitionId:285023:avg_speed:rank_asc:page:10
448815,285023_43879,Iliman Ndiaye,Senegal,FW,5.17,188,74,14673.13,physical,urn:gd:story:classification:gcp_physical:competitionId:285023:avg_speed:rank_asc:page:10,urn:gd:story:classification:gcp_physical:competitionId:285023:avg_speed:rank_asc:page:10
448015,285023_43976,Cristian Volpato,Australia,FW,5.16,322,94,20702.13,physical,urn:gd:story:classification:gcp_physical:competitionId:285023:avg_speed:rank_asc:page:10,urn:gd:story:classification:gcp_physical:competitionId:285023:avg_speed:rank_asc:page:10
433724,285023_43850,Willy Semedo,Cabo Verde,MF,5.15,207,90,17802.43,physical,urn:gd:story:classification:gcp_physical:competitionId:285023:avg_speed:rank_asc:page:10,urn:gd:story:classification:gcp_physical:competitionId:285023:avg_speed:rank_asc:page:10
409191,285023_43938,Nikola Vlasic,Croatia,MF,5.15,263,96,22011.41,physical,urn:gd:story:classification:gcp_physical:competitionId:285023:avg_speed:rank_asc:page:10,urn:gd:story:classification:gcp_physical:competitionId:285023:avg_speed:rank_asc:page:10
482869,285023_43843,Jaouen Hadjam,Algeria,DF,5.14,158,77,13663.53,physical,urn:gd:story:classification:gcp_physical:competitionId:285023:avg_speed:rank_asc:page:10,urn:gd:story:classification:gcp_physical:competitionId:285023:avg_speed:rank_asc:page:10
484270,285023_43818,Zaid Ismael,Iraq,MF,5.13,243,58,16240.49,physical,urn:gd:story:classification:gcp_physical:competitionId:285023:avg_speed:rank_asc:page:10,urn:gd:story:classification:gcp_physical:competitionId:285023:avg_speed:rank_asc:page:10
416051,285023_43834,Pedro Miguel,Qatar,DF,5.13,229,76,26501.54,physical,urn:gd:story:classification:gcp_physical:competitionId:285023:avg_speed:rank_asc:page:10,urn:gd:story:classification:gcp_physical:competitionId:285023:avg_speed:rank_asc:page:10
419518,285023_43911,Erik Lira,Mexico,MF,5.12,383,103,32360.9,physical,urn:gd:story:classification:gcp_physical:competitionId:285023:avg_speed:rank_asc:page:10,urn:gd:story:classification:gcp_physical:competitionId:285023:avg_speed:rank_asc:page:10
479294,285023_43819,Kaishu Sano,Japan,MF,5.11,411,114,34501.68,physical,urn:gd:story:classification:gcp_physical:competitionId:285023:avg_speed:rank_asc:page:10,urn:gd:story:classification:gcp_physical:competitionId:285023:avg_speed:rank_asc:page:10
430671,285023_43879,Ismail Jakobs,Senegal,DF,5.11,384,141,29465.19,physical,urn:gd:story:classification:gcp_physical:competitionId:285023:avg_speed:rank_asc:page:10,urn:gd:story:classification:gcp_physical:competitionId:285023:avg_speed:rank_asc:page:10
523333,285023_43835,Ala Alhajji,Saudi Arabia,MF,5.08,98,33,5355.08,physical,urn:gd:story:classification:gcp_physical:competitionId:285023:avg_speed:rank_asc:page:10,urn:gd:story:classification:gcp_physical:competitionId:285023:avg_speed:rank_asc:page:10
441341,285023_43860,Elisha Owusu,Ghana,MF,5.07,262,74,18829.07,physical,urn:gd:story:classification:gcp_physical:competitionId:285023:avg_speed:rank_asc:page:10,urn:gd:story:classification:gcp_physical:competitionId:285023:avg_speed:rank_asc:page:10
379953,285023_43948,Leon Goretzka,Germany,MF,5.06,140,49,12494.96,physical,urn:gd:story:classification:gcp_physical:competitionId:285023:avg_speed:rank_asc:page:10,urn:gd:story:classification:gcp_physical:competitionId:285023:avg_speed:rank_asc:page:10
433461,285023_43855,Zizo,Egypt,FW,5.05,90,46,8554.4,physical,urn:gd:story:classification:gcp_physical:competitionId:285023:avg_speed:rank_asc:page:10,urn:gd:story:classification:gcp_physical:competitionId:285023:avg_speed:rank_asc:page:10
433097,285023_43942,Declan Rice,England,MF,5.05,368,131,31053.39,physical,urn:gd:story:classification:gcp_physical:competitionId:285023:avg_speed:rank_asc:page:10,urn:gd:story:classification:gcp_physical:competitionId:285023:avg_speed:rank_asc:page:10
403596,285023_43911,Jorge Sanchez,Mexico,DF,5.04,411,184,34115.76,physical,urn:gd:story:classification:gcp_physical:competitionId:285023:avg_speed:rank_asc:page:10,urn:gd:story:classification:gcp_physical:competitionId:285023:avg_speed:rank_asc:page:10
201200,285023_43963,Cristiano Ronaldo,Portugal,FW,5.04,256,123,32444.66,physical,urn:gd:story:classification:gcp_physical:competitionId:285023:avg_speed:rank_asc:page:10,urn:gd:story:classification:gcp_physical:competitionId:285023:avg_speed:rank_asc:page:10
349342,285023_43976,Aziz Behich,Australia,DF,5.04,341,105,26853.33,physical,urn:gd:story:classification:gcp_physical:competitionId:285023:avg_speed:rank_asc:page:10,urn:gd:story:classification:gcp_physical:competitionId:285023:avg_speed:rank_asc:page:10
430698,285023_43843,Houssem Aouar,Algeria,MF,5.03,253,83,21136.93,physical,urn:gd:story:classification:gcp_physical:competitionId:285023:avg_speed:rank_asc:page:10,urn:gd:story:classification:gcp_physical:competitionId:285023:avg_speed:rank_asc:page:10
506202,285023_43854,Bazoumana Toure,Côte d'Ivoire,FW,4.99,131,53,10594.52,physical,urn:gd:story:classification:gcp_physical:competitionId:285023:avg_speed:rank_asc:page:10,urn:gd:story:classification:gcp_physical:competitionId:285023:avg_speed:rank_asc:page:10
356704,285023_43926,Juan Quintero,Colombia,MF,4.99,114,30,9236.75,physical,urn:gd:story:classification:gcp_physical:competitionId:285023:avg_speed:rank_asc:page:10,urn:gd:story:classification:gcp_physical:competitionId:285023:avg_speed:rank_asc:page:10
430070,285023_43938,Ante Budimir,Croatia,FW,4.99,180,94,18722.29,physical,urn:gd:story:classification:gcp_physical:competitionId:285023:avg_speed:rank_asc:page:10,urn:gd:story:classification:gcp_physical:competitionId:285023:avg_speed:rank_asc:page:10
482885,285023_43888,Elias Saad,Tunisia,FW,4.99,199,86,15480.51,physical,urn:gd:story:classification:gcp_physical:competitionId:285023:avg_speed:rank_asc:page:10,urn:gd:story:classification:gcp_physical:competitionId:285023:avg_speed:rank_asc:page:10
448525,285023_43860,Ernest Nuamah,Ghana,FW,4.98,148,60,12051.38,physical,urn:gd:story:classification:gcp_physical:competitionId:285023:avg_speed:rank_asc:page:11,urn:gd:story:classification:gcp_physical:competitionId:285023:avg_speed:rank_asc:page:11
483526,285023_43960,Tijjani Reijnders,Netherlands,MF,4.97,286,95,23300.38,physical,urn:gd:story:classification:gcp_physical:competitionId:285023:avg_speed:rank_asc:page:11,urn:gd:story:classification:gcp_physical:competitionId:285023:avg_speed:rank_asc:page:11
447855,285023_43969,Nico Williams,Spain,FW,4.96,73,48,6784.28,physical,urn:gd:story:classification:gcp_physical:competitionId:285023:avg_speed:rank_asc:page:11,urn:gd:story:classification:gcp_physical:competitionId:285023:avg_speed:rank_asc:page:11
398588,285023_43961,Alexander Sorloth,Norway,FW,4.94,345,125,26064.69,physical,urn:gd:story:classification:gcp_physical:competitionId:285023:avg_speed:rank_asc:page:11,urn:gd:story:classification:gcp_physical:competitionId:285023:avg_speed:rank_asc:page:11
511015,285023_43948,Nathaniel Brown,Germany,DF,4.93,354,129,34794.69,physical,urn:gd:story:classification:gcp_physical:competitionId:285023:avg_speed:rank_asc:page:11,urn:gd:story:classification:gcp_physical:competitionId:285023:avg_speed:rank_asc:page:11
463800,285023_43934,Carney Chukwuemeka,Austria,MF,4.93,160,58,11569.81,physical,urn:gd:story:classification:gcp_physical:competitionId:285023:avg_speed:rank_asc:page:11,urn:gd:story:classification:gcp_physical:competitionId:285023:avg_speed:rank_asc:page:11
440748,285023_43978,Francis De Vries,New Zealand,DF,4.92,56,24,3921.77,physical,urn:gd:story:classification:gcp_physical:competitionId:285023:avg_speed:rank_asc:page:11,urn:gd:story:classification:gcp_physical:competitionId:285023:avg_speed:rank_asc:page:11
486130,285023_43879,Habib Diarra,Senegal,MF,4.92,221,92,18234.36,physical,urn:gd:story:classification:gcp_physical:competitionId:285023:avg_speed:rank_asc:page:11,urn:gd:story:classification:gcp_physical:competitionId:285023:avg_speed:rank_asc:page:11
395212,285023_43963,Nelson Semedo,Portugal,DF,4.92,162,66,12693.36,physical,urn:gd:story:classification:gcp_physical:competitionId:285023:avg_speed:rank_asc:page:11,urn:gd:story:classification:gcp_physical:competitionId:285023:avg_speed:rank_asc:page:11
385067,285023_43834,Boualem Khoukhi,Qatar,DF,4.92,226,62,25410.03,physical,urn:gd:story:classification:gcp_physical:competitionId:285023:avg_speed:rank_asc:page:11,urn:gd:story:classification:gcp_physical:competitionId:285023:avg_speed:rank_asc:page:11
430477,285023_43855,Ahmed Fatouh,Egypt,DF,4.91,408,166,32856.27,physical,urn:gd:story:classification:gcp_physical:competitionId:285023:avg_speed:rank_asc:page:11,urn:gd:story:classification:gcp_physical:competitionId:285023:avg_speed:rank_asc:page:11
332847,285023_43922,Leandro Paredes,Argentina,MF,4.91,186,41,17335.08,physical,urn:gd:story:classification:gcp_physical:competitionId:285023:avg_speed:rank_asc:page:11,urn:gd:story:classification:gcp_physical:competitionId:285023:avg_speed:rank_asc:page:11
482874,285023_43843,Anis Hadj Moussa,Algeria,FW,4.9,151,60,12312.89,physical,urn:gd:story:classification:gcp_physical:competitionId:285023:avg_speed:rank_asc:page:11,urn:gd:story:classification:gcp_physical:competitionId:285023:avg_speed:rank_asc:page:11
337389,285023_43967,Anthony Ralston,Scotland,DF,4.9,35,13,2807.5,physical,urn:gd:story:classification:gcp_physical:competitionId:285023:avg_speed:rank_asc:page:11,urn:gd:story:classification:gcp_physical:competitionId:285023:avg_speed:rank_asc:page:11
441251,285023_43921,Antonee Robinson,USA,DF,4.9,415,157,32798.47,physical,urn:gd:story:classification:gcp_physical:competitionId:285023:avg_speed:rank_asc:page:11,urn:gd:story:classification:gcp_physical:competitionId:285023:avg_speed:rank_asc:page:11
448252,285023_43922,Enzo Fernandez,Argentina,MF,4.89,491,156,37226.27,physical,urn:gd:story:classification:gcp_physical:competitionId:285023:avg_speed:rank_asc:page:11,urn:gd:story:classification:gcp_physical:competitionId:285023:avg_speed:rank_asc:page:11
500037,285023_43911,Gilberto Mora,Mexico,MF,4.88,278,94,18888.04,physical,urn:gd:story:classification:gcp_physical:competitionId:285023:avg_speed:rank_asc:page:11,urn:gd:story:classification:gcp_physical:competitionId:285023:avg_speed:rank_asc:page:11
482974,285023_44037,Ivan Basic,Bosnia and Herzegovina,MF,4.87,270,63,22053.62,physical,urn:gd:story:classification:gcp_physical:competitionId:285023:avg_speed:rank_asc:page:11,urn:gd:story:classification:gcp_physical:competitionId:285023:avg_speed:rank_asc:page:11
520066,285023_43928,Jose Canale,Paraguay,DF,4.87,123,37,17328.15,physical,urn:gd:story:classification:gcp_physical:competitionId:285023:avg_speed:rank_asc:page:11,urn:gd:story:classification:gcp_physical:competitionId:285023:avg_speed:rank_asc:page:11
494625,285023_43961,Marcus Holmgren Pedersen,Norway,DF,4.85,268,118,24813.76,physical,urn:gd:story:classification:gcp_physical:competitionId:285023:avg_speed:rank_asc:page:11,urn:gd:story:classification:gcp_physical:competitionId:285023:avg_speed:rank_asc:page:11
502945,285023_43970,Alexander Bernhardsson,Sweden,DF,4.85,268,90,25109.78,physical,urn:gd:story:classification:gcp_physical:competitionId:285023:avg_speed:rank_asc:page:11,urn:gd:story:classification:gcp_physical:competitionId:285023:avg_speed:rank_asc:page:11
424047,285023_1895293,Jeremy Antonisse,Curaçao,FW,4.85,145,55,10361.23,physical,urn:gd:story:classification:gcp_physical:competitionId:285023:avg_speed:rank_asc:page:11,urn:gd:story:classification:gcp_physical:competitionId:285023:avg_speed:rank_asc:page:11
430759,285023_43911,Santiago Gimenez,Mexico,FW,4.84,111,34,8054.44,physical,urn:gd:story:classification:gcp_physical:competitionId:285023:avg_speed:rank_asc:page:11,urn:gd:story:classification:gcp_physical:competitionId:285023:avg_speed:rank_asc:page:11
464533,285023_43911,Brian Gutierrez,Mexico,MF,4.84,274,94,20049.76,physical,urn:gd:story:classification:gcp_physical:competitionId:285023:avg_speed:rank_asc:page:11,urn:gd:story:classification:gcp_physical:competitionId:285023:avg_speed:rank_asc:page:11
473113,285023_43942,Eberechi Eze,England,MF,4.84,96,37,8163.72,physical,urn:gd:story:classification:gcp_physical:competitionId:285023:avg_speed:rank_asc:page:11,urn:gd:story:classification:gcp_physical:competitionId:285023:avg_speed:rank_asc:page:11
441622,285023_43926,Jhon Lucumi,Colombia,DF,4.83,263,86,33092.66,physical,urn:gd:story:classification:gcp_physical:competitionId:285023:avg_speed:rank_asc:page:11,urn:gd:story:classification:gcp_physical:competitionId:285023:avg_speed:rank_asc:page:11
447860,285023_43969,Alex Baena,Spain,MF,4.83,271,100,22928.51,physical,urn:gd:story:classification:gcp_physical:competitionId:285023:avg_speed:rank_asc:page:11,urn:gd:story:classification:gcp_physical:competitionId:285023:avg_speed:rank_asc:page:11
430098,285023_43967,Lyndon Dykes,Scotland,FW,4.83,78,34,5899.41,physical,urn:gd:story:classification:gcp_physical:competitionId:285023:avg_speed:rank_asc:page:11,urn:gd:story:classification:gcp_physical:competitionId:285023:avg_speed:rank_asc:page:11
405639,285023_43817,Amirhossein Hosseinzadeh,IR Iran,FW,4.82,47,17,3200.06,physical,urn:gd:story:classification:gcp_physical:competitionId:285023:avg_speed:rank_asc:page:11,urn:gd:story:classification:gcp_physical:competitionId:285023:avg_speed:rank_asc:page:11
448362,285023_43935,Charles De Ketelaere,Belgium,FW,4.82,241,119,22534.54,physical,urn:gd:story:classification:gcp_physical:competitionId:285023:avg_speed:rank_asc:page:11,urn:gd:story:classification:gcp_physical:competitionId:285023:avg_speed:rank_asc:page:11
337232,285023_43914,Eric Davis,Panama,DF,4.82,30,18,1809.13,physical,urn:gd:story:classification:gcp_physical:competitionId:285023:avg_speed:rank_asc:page:11,urn:gd:story:classification:gcp_physical:competitionId:285023:avg_speed:rank_asc:page:11
430100,285023_43934,Sasa Kalajdzic,Austria,FW,4.82,137,62,9643.92,physical,urn:gd:story:classification:gcp_physical:competitionId:285023:avg_speed:rank_asc:page:11,urn:gd:story:classification:gcp_physical:competitionId:285023:avg_speed:rank_asc:page:11
477849,285023_43850,Helio Varela,Cabo Verde,MF,4.81,179,68,13847.35,physical,urn:gd:story:classification:gcp_physical:competitionId:285023:avg_speed:rank_asc:page:11,urn:gd:story:classification:gcp_physical:competitionId:285023:avg_speed:rank_asc:page:11
403289,285023_43819,Takehiro Tomiyasu,Japan,DF,4.81,202,53,21029.22,physical,urn:gd:story:classification:gcp_physical:competitionId:285023:avg_speed:rank_asc:page:11,urn:gd:story:classification:gcp_physical:competitionId:285023:avg_speed:rank_asc:page:11
485081,285023_43963,Francisco Conceicao,Portugal,FW,4.8,177,75,15699.2,physical,urn:gd:story:classification:gcp_physical:competitionId:285023:avg_speed:rank_asc:page:11,urn:gd:story:classification:gcp_physical:competitionId:285023:avg_speed:rank_asc:page:11
463234,285023_43883,Thapelo Maseko,South Africa,FW,4.77,299,159,27093.85,physical,urn:gd:story:classification:gcp_physical:competitionId:285023:avg_speed:rank_asc:page:11,urn:gd:story:classification:gcp_physical:competitionId:285023:avg_speed:rank_asc:page:11
464865,285023_43879,El Hadji Malick Diouf,Senegal,DF,4.77,268,97,21779.39,physical,urn:gd:story:classification:gcp_physical:competitionId:285023:avg_speed:rank_asc:page:11,urn:gd:story:classification:gcp_physical:competitionId:285023:avg_speed:rank_asc:page:11
498806,285023_43976,Mohamed Toure,Australia,FW,4.76,217,79,19508.03,physical,urn:gd:story:classification:gcp_physical:competitionId:285023:avg_speed:rank_asc:page:11,urn:gd:story:classification:gcp_physical:competitionId:285023:avg_speed:rank_asc:page:11
284190,285023_43834,Hassan Alhaydos,Qatar,FW,4.75,147,43,8290.41,physical,urn:gd:story:classification:gcp_physical:competitionId:285023:avg_speed:rank_asc:page:11,urn:gd:story:classification:gcp_physical:competitionId:285023:avg_speed:rank_asc:page:11
394456,285023_43924,Fabinho,Brazil,MF,4.74,117,36,9907.51,physical,urn:gd:story:classification:gcp_physical:competitionId:285023:avg_speed:rank_asc:page:11,urn:gd:story:classification:gcp_physical:competitionId:285023:avg_speed:rank_asc:page:11
448607,285023_43872,Chadi Riad,Morocco,DF,4.73,393,99,38595.32,physical,urn:gd:story:classification:gcp_physical:competitionId:285023:avg_speed:rank_asc:page:11,urn:gd:story:classification:gcp_physical:competitionId:285023:avg_speed:rank_asc:page:11
403293,285023_43819,Koki Ogawa,Japan,FW,4.72,78,29,5939.74,physical,urn:gd:story:classification:gcp_physical:competitionId:285023:avg_speed:rank_asc:page:11,urn:gd:story:classification:gcp_physical:competitionId:285023:avg_speed:rank_asc:page:11
448346,285023_43935,Arthur Theate,Belgium,DF,4.72,249,82,27207.18,physical,urn:gd:story:classification:gcp_physical:competitionId:285023:avg_speed:rank_asc:page:11,urn:gd:story:classification:gcp_physical:competitionId:285023:avg_speed:rank_asc:page:11
430597,285023_43924,Gabriel Martinelli,Brazil,FW,4.71,126,49,10297.16,physical,urn:gd:story:classification:gcp_physical:competitionId:285023:avg_speed:rank_asc:page:11,urn:gd:story:classification:gcp_physical:competitionId:285023:avg_speed:rank_asc:page:11
448364,285023_43935,Amadou Onana,Belgium,MF,4.71,123,36,11340.6,physical,urn:gd:story:classification:gcp_physical:competitionId:285023:avg_speed:rank_asc:page:11,urn:gd:story:classification:gcp_physical:competitionId:285023:avg_speed:rank_asc:page:11
491244,285023_43961,Torbjorn Heggem,Norway,DF,4.7,292,99,30554.15,physical,urn:gd:story:classification:gcp_physical:competitionId:285023:avg_speed:rank_asc:page:11,urn:gd:story:classification:gcp_physical:competitionId:285023:avg_speed:rank_asc:page:11
479316,285023_43822,Park Jinseob,Korea Republic,DF,4.68,64,13,4973.55,physical,urn:gd:story:classification:gcp_physical:competitionId:285023:avg_speed:rank_asc:page:11,urn:gd:story:classification:gcp_physical:competitionId:285023:avg_speed:rank_asc:page:11
390238,285023_43921,Tyler Adams,USA,MF,4.68,440,140,33193.58,physical,urn:gd:story:classification:gcp_physical:competitionId:285023:avg_speed:rank_asc:page:11,urn:gd:story:classification:gcp_physical:competitionId:285023:avg_speed:rank_asc:page:11
308322,285023_43922,Nicolas Tagliafico,Argentina,DF,4.67,191,57,16660.3,physical,urn:gd:story:classification:gcp_physical:competitionId:285023:avg_speed:rank_asc:page:11,urn:gd:story:classification:gcp_physical:competitionId:285023:avg_speed:rank_asc:page:11
372342,285023_43914,Ismael Diaz,Panama,MF,4.67,83,37,6159.12,physical,urn:gd:story:classification:gcp_physical:competitionId:285023:avg_speed:rank_asc:page:11,urn:gd:story:classification:gcp_physical:competitionId:285023:avg_speed:rank_asc:page:11
389907,285023_43972,Salih Ozcan,Türkiye,MF,4.65,168,60,13200.62,physical,urn:gd:story:classification:gcp_physical:competitionId:285023:avg_speed:rank_asc:page:12,urn:gd:story:classification:gcp_physical:competitionId:285023:avg_speed:rank_asc:page:12
423855,285023_43822,Eom Jisung,Korea Republic,MF,4.64,72,36,6234.99,physical,urn:gd:story:classification:gcp_physical:competitionId:285023:avg_speed:rank_asc:page:12,urn:gd:story:classification:gcp_physical:competitionId:285023:avg_speed:rank_asc:page:12
418963,285023_43922,Facundo Medina,Argentina,DF,4.64,328,103,28709.21,physical,urn:gd:story:classification:gcp_physical:competitionId:285023:avg_speed:rank_asc:page:12,urn:gd:story:classification:gcp_physical:competitionId:285023:avg_speed:rank_asc:page:12
483505,285023_43961,David Moller Wolfe,Norway,DF,4.64,326,137,29161.86,physical,urn:gd:story:classification:gcp_physical:competitionId:285023:avg_speed:rank_asc:page:12,urn:gd:story:classification:gcp_physical:competitionId:285023:avg_speed:rank_asc:page:12
384752,285023_43963,Ruben Dias,Portugal,DF,4.64,313,83,32274.28,physical,urn:gd:story:classification:gcp_physical:competitionId:285023:avg_speed:rank_asc:page:12,urn:gd:story:classification:gcp_physical:competitionId:285023:avg_speed:rank_asc:page:12
448341,285023_43935,Jeremy Doku,Belgium,FW,4.63,275,95,21630.17,physical,urn:gd:story:classification:gcp_physical:competitionId:285023:avg_speed:rank_asc:page:12,urn:gd:story:classification:gcp_physical:competitionId:285023:avg_speed:rank_asc:page:12
429095,285023_43855,Hamdy Fathy,Egypt,MF,4.63,255,78,21237.73,physical,urn:gd:story:classification:gcp_physical:competitionId:285023:avg_speed:rank_asc:page:12,urn:gd:story:classification:gcp_physical:competitionId:285023:avg_speed:rank_asc:page:12
485068,285023_43938,Igor Matanovic,Croatia,FW,4.63,164,73,12766.79,physical,urn:gd:story:classification:gcp_physical:competitionId:285023:avg_speed:rank_asc:page:12,urn:gd:story:classification:gcp_physical:competitionId:285023:avg_speed:rank_asc:page:12
390525,285023_43822,Lee Jaesung,Korea Republic,MF,4.63,205,85,14542.7,physical,urn:gd:story:classification:gcp_physical:competitionId:285023:avg_speed:rank_asc:page:12,urn:gd:story:classification:gcp_physical:competitionId:285023:avg_speed:rank_asc:page:12
475036,285023_43924,Rayan,Brazil,FW,4.63,292,112,25858.23,physical,urn:gd:story:classification:gcp_physical:competitionId:285023:avg_speed:rank_asc:page:12,urn:gd:story:classification:gcp_physical:competitionId:285023:avg_speed:rank_asc:page:12
419463,285023_43834,Yusuf Abdurisag,Qatar,FW,4.62,176,66,12292.36,physical,urn:gd:story:classification:gcp_physical:competitionId:285023:avg_speed:rank_asc:page:12,urn:gd:story:classification:gcp_physical:competitionId:285023:avg_speed:rank_asc:page:12
419672,285023_43961,Leo Ostigard,Norway,DF,4.61,127,36,14322.48,physical,urn:gd:story:classification:gcp_physical:competitionId:285023:avg_speed:rank_asc:page:12,urn:gd:story:classification:gcp_physical:competitionId:285023:avg_speed:rank_asc:page:12
402985,285023_43927,Jordy Caicedo,Ecuador,FW,4.6,44,22,4108.67,physical,urn:gd:story:classification:gcp_physical:competitionId:285023:avg_speed:rank_asc:page:12,urn:gd:story:classification:gcp_physical:competitionId:285023:avg_speed:rank_asc:page:12
425701,285023_43911,Johan Vasquez,Mexico,DF,4.6,336,100,31238.83,physical,urn:gd:story:classification:gcp_physical:competitionId:285023:avg_speed:rank_asc:page:12,urn:gd:story:classification:gcp_physical:competitionId:285023:avg_speed:rank_asc:page:12
336425,285023_20014,Cedric Bakambu,Congo DR,FW,4.6,256,117,21517.52,physical,urn:gd:story:classification:gcp_physical:competitionId:285023:avg_speed:rank_asc:page:12,urn:gd:story:classification:gcp_physical:competitionId:285023:avg_speed:rank_asc:page:12
369304,285023_43972,Hakan Calhanoglu,Türkiye,MF,4.59,319,72,24004.04,physical,urn:gd:story:classification:gcp_physical:competitionId:285023:avg_speed:rank_asc:page:12,urn:gd:story:classification:gcp_physical:competitionId:285023:avg_speed:rank_asc:page:12
354861,285023_43834,Karim Boudiaf,Qatar,MF,4.59,205,30,13129.49,physical,urn:gd:story:classification:gcp_physical:competitionId:285023:avg_speed:rank_asc:page:12,urn:gd:story:classification:gcp_physical:competitionId:285023:avg_speed:rank_asc:page:12
484045,285023_43967,Lawrence Shankland,Scotland,FW,4.59,258,70,21051.5,physical,urn:gd:story:classification:gcp_physical:competitionId:285023:avg_speed:rank_asc:page:12,urn:gd:story:classification:gcp_physical:competitionId:285023:avg_speed:rank_asc:page:12
494351,285023_43860,Jonas Adjetey,Ghana,DF,4.59,260,87,26258.63,physical,urn:gd:story:classification:gcp_physical:competitionId:285023:avg_speed:rank_asc:page:12,urn:gd:story:classification:gcp_physical:competitionId:285023:avg_speed:rank_asc:page:12
371958,285023_43899,Derek Cornelius,Canada,DF,4.58,368,106,33569.61,physical,urn:gd:story:classification:gcp_physical:competitionId:285023:avg_speed:rank_asc:page:12,urn:gd:story:classification:gcp_physical:competitionId:285023:avg_speed:rank_asc:page:12
448189,285023_43942,Anthony Gordon,England,FW,4.58,211,116,18873.96,physical,urn:gd:story:classification:gcp_physical:competitionId:285023:avg_speed:rank_asc:page:12,urn:gd:story:classification:gcp_physical:competitionId:285023:avg_speed:rank_asc:page:12
419177,285023_43946,William Saliba,France,DF,4.57,315,131,38298.57,physical,urn:gd:story:classification:gcp_physical:competitionId:285023:avg_speed:rank_asc:page:12,urn:gd:story:classification:gcp_physical:competitionId:285023:avg_speed:rank_asc:page:12
400514,285023_43819,Ao Tanaka,Japan,MF,4.57,285,67,23492.09,physical,urn:gd:story:classification:gcp_physical:competitionId:285023:avg_speed:rank_asc:page:12,urn:gd:story:classification:gcp_physical:competitionId:285023:avg_speed:rank_asc:page:12
300409,285023_44037,Edin Dzeko,Bosnia and Herzegovina,FW,4.56,201,57,19815.85,physical,urn:gd:story:classification:gcp_physical:competitionId:285023:avg_speed:rank_asc:page:12,urn:gd:story:classification:gcp_physical:competitionId:285023:avg_speed:rank_asc:page:12
229397,285023_43922,Lionel Messi,Argentina,FW,4.56,231,96,27595.27,physical,urn:gd:story:classification:gcp_physical:competitionId:285023:avg_speed:rank_asc:page:12,urn:gd:story:classification:gcp_physical:competitionId:285023:avg_speed:rank_asc:page:12
371345,285023_44005,Odiljon Xamrobekov,Uzbekistan,MF,4.55,161,39,10324.03,physical,urn:gd:story:classification:gcp_physical:competitionId:285023:avg_speed:rank_asc:page:12,urn:gd:story:classification:gcp_physical:competitionId:285023:avg_speed:rank_asc:page:12
484262,285023_43818,Marko Farji,Iraq,FW,4.55,96,30,6975.47,physical,urn:gd:story:classification:gcp_physical:competitionId:285023:avg_speed:rank_asc:page:12,urn:gd:story:classification:gcp_physical:competitionId:285023:avg_speed:rank_asc:page:12
466363,285023_1895293,Jearl Margaritha,Curaçao,FW,4.54,62,36,5685.6,physical,urn:gd:story:classification:gcp_physical:competitionId:285023:avg_speed:rank_asc:page:12,urn:gd:story:classification:gcp_physical:competitionId:285023:avg_speed:rank_asc:page:12
400634,285023_43911,Edson Alvarez,Mexico,DF,4.54,288,87,22977.48,physical,urn:gd:story:classification:gcp_physical:competitionId:285023:avg_speed:rank_asc:page:12,urn:gd:story:classification:gcp_physical:competitionId:285023:avg_speed:rank_asc:page:12
369089,285023_43860,Thomas Partey,Ghana,MF,4.54,359,77,31028.86,physical,urn:gd:story:classification:gcp_physical:competitionId:285023:avg_speed:rank_asc:page:12,urn:gd:story:classification:gcp_physical:competitionId:285023:avg_speed:rank_asc:page:12
485064,285023_43899,Niko Sigur,Canada,DF,4.53,265,75,17924.01,physical,urn:gd:story:classification:gcp_physical:competitionId:285023:avg_speed:rank_asc:page:12,urn:gd:story:classification:gcp_physical:competitionId:285023:avg_speed:rank_asc:page:12
479080,285023_44005,Oston Urunov,Uzbekistan,MF,4.52,92,35,8454.44,physical,urn:gd:story:classification:gcp_physical:competitionId:285023:avg_speed:rank_asc:page:12,urn:gd:story:classification:gcp_physical:competitionId:285023:avg_speed:rank_asc:page:12
419062,285023_43921,Chris Richards,USA,DF,4.52,361,70,32007.16,physical,urn:gd:story:classification:gcp_physical:competitionId:285023:avg_speed:rank_asc:page:12,urn:gd:story:classification:gcp_physical:competitionId:285023:avg_speed:rank_asc:page:12
514401,285023_43860,Prince Adu,Ghana,FW,4.51,70,31,6266.52,physical,urn:gd:story:classification:gcp_physical:competitionId:285023:avg_speed:rank_asc:page:12,urn:gd:story:classification:gcp_physical:competitionId:285023:avg_speed:rank_asc:page:12
464133,285023_43854,Elye Wahi,Côte d'Ivoire,FW,4.51,154,63,13009.5,physical,urn:gd:story:classification:gcp_physical:competitionId:285023:avg_speed:rank_asc:page:12,urn:gd:story:classification:gcp_physical:competitionId:285023:avg_speed:rank_asc:page:12
402925,285023_43922,Nahuel Molina,Argentina,DF,4.51,266,108,26893.74,physical,urn:gd:story:classification:gcp_physical:competitionId:285023:avg_speed:rank_asc:page:12,urn:gd:story:classification:gcp_physical:competitionId:285023:avg_speed:rank_asc:page:12
336088,285023_43960,Nathan Ake,Netherlands,DF,4.51,136,49,18580.35,physical,urn:gd:story:classification:gcp_physical:competitionId:285023:avg_speed:rank_asc:page:12,urn:gd:story:classification:gcp_physical:competitionId:285023:avg_speed:rank_asc:page:12
390670,285023_43899,Cyle Larin,Canada,FW,4.5,216,96,20615.07,physical,urn:gd:story:classification:gcp_physical:competitionId:285023:avg_speed:rank_asc:page:12,urn:gd:story:classification:gcp_physical:competitionId:285023:avg_speed:rank_asc:page:12
479086,285023_44005,Azizjon Ganiev,Uzbekistan,MF,4.49,216,96,15858.11,physical,urn:gd:story:classification:gcp_physical:competitionId:285023:avg_speed:rank_asc:page:12,urn:gd:story:classification:gcp_physical:competitionId:285023:avg_speed:rank_asc:page:12
463746,285023_43924,Endrick,Brazil,FW,4.49,72,41,10030.85,physical,urn:gd:story:classification:gcp_physical:competitionId:285023:avg_speed:rank_asc:page:12,urn:gd:story:classification:gcp_physical:competitionId:285023:avg_speed:rank_asc:page:12
483961,285023_43995,Tomas Chory,Czechia,FW,4.49,55,28,4558.03,physical,urn:gd:story:classification:gcp_physical:competitionId:285023:avg_speed:rank_asc:page:12,urn:gd:story:classification:gcp_physical:competitionId:285023:avg_speed:rank_asc:page:12
483516,285023_43961,Kristoffer Ajer,Norway,DF,4.49,285,91,30856.04,physical,urn:gd:story:classification:gcp_physical:competitionId:285023:avg_speed:rank_asc:page:12,urn:gd:story:classification:gcp_physical:competitionId:285023:avg_speed:rank_asc:page:12
371393,285023_44005,Dostonbek Khamdamov,Uzbekistan,MF,4.48,184,63,13625.49,physical,urn:gd:story:classification:gcp_physical:competitionId:285023:avg_speed:rank_asc:page:12,urn:gd:story:classification:gcp_physical:competitionId:285023:avg_speed:rank_asc:page:12
430631,285023_43922,Nico Gonzalez,Argentina,MF,4.48,137,69,14373.63,physical,urn:gd:story:classification:gcp_physical:competitionId:285023:avg_speed:rank_asc:page:12,urn:gd:story:classification:gcp_physical:competitionId:285023:avg_speed:rank_asc:page:12
479781,285023_43888,Mohamed Hadj Mahmoud,Tunisia,MF,4.46,67,36,5920.56,physical,urn:gd:story:classification:gcp_physical:competitionId:285023:avg_speed:rank_asc:page:12,urn:gd:story:classification:gcp_physical:competitionId:285023:avg_speed:rank_asc:page:12
464457,285023_43818,Ali Jasim,Iraq,FW,4.46,252,92,15703.59,physical,urn:gd:story:classification:gcp_physical:competitionId:285023:avg_speed:rank_asc:page:12,urn:gd:story:classification:gcp_physical:competitionId:285023:avg_speed:rank_asc:page:12
484065,285023_43972,Eren Elmali,Türkiye,DF,4.45,135,60,14528.21,physical,urn:gd:story:classification:gcp_physical:competitionId:285023:avg_speed:rank_asc:page:12,urn:gd:story:classification:gcp_physical:competitionId:285023:avg_speed:rank_asc:page:12
401131,285023_43934,Michael Gregoritsch,Austria,FW,4.45,213,86,20132.08,physical,urn:gd:story:classification:gcp_physical:competitionId:285023:avg_speed:rank_asc:page:12,urn:gd:story:classification:gcp_physical:competitionId:285023:avg_speed:rank_asc:page:12
482976,285023_44037,Amar Dedic,Bosnia and Herzegovina,DF,4.44,356,141,30604.3,physical,urn:gd:story:classification:gcp_physical:competitionId:285023:avg_speed:rank_asc:page:12,urn:gd:story:classification:gcp_physical:competitionId:285023:avg_speed:rank_asc:page:12
423880,285023_43822,Lee Taeseok,Korea Republic,DF,4.44,151,68,13302.6,physical,urn:gd:story:classification:gcp_physical:competitionId:285023:avg_speed:rank_asc:page:12,urn:gd:story:classification:gcp_physical:competitionId:285023:avg_speed:rank_asc:page:12
493970,285023_43899,Promise David,Canada,FW,4.43,79,41,9794.61,physical,urn:gd:story:classification:gcp_physical:competitionId:285023:avg_speed:rank_asc:page:13,urn:gd:story:classification:gcp_physical:competitionId:285023:avg_speed:rank_asc:page:13
484092,285023_43972,Ismail Yuksek,Türkiye,MF,4.43,156,43,16925.98,physical,urn:gd:story:classification:gcp_physical:competitionId:285023:avg_speed:rank_asc:page:13,urn:gd:story:classification:gcp_physical:competitionId:285023:avg_speed:rank_asc:page:13
466624,285023_43921,Folarin Balogun,USA,FW,4.42,243,132,24750.92,physical,urn:gd:story:classification:gcp_physical:competitionId:285023:avg_speed:rank_asc:page:13,urn:gd:story:classification:gcp_physical:competitionId:285023:avg_speed:rank_asc:page:13
288961,285023_43817,Ehsan Hajisafi,IR Iran,DF,4.41,134,48,11464.24,physical,urn:gd:story:classification:gcp_physical:competitionId:285023:avg_speed:rank_asc:page:13,urn:gd:story:classification:gcp_physical:competitionId:285023:avg_speed:rank_asc:page:13
428882,285023_43922,Rodrigo De Paul,Argentina,MF,4.41,248,126,27095.94,physical,urn:gd:story:classification:gcp_physical:competitionId:285023:avg_speed:rank_asc:page:13,urn:gd:story:classification:gcp_physical:competitionId:285023:avg_speed:rank_asc:page:13
433072,285023_43972,Zeki Celik,Türkiye,DF,4.4,224,87,19112.83,physical,urn:gd:story:classification:gcp_physical:competitionId:285023:avg_speed:rank_asc:page:13,urn:gd:story:classification:gcp_physical:competitionId:285023:avg_speed:rank_asc:page:13
394500,285023_43926,Johan Mojica,Colombia,DF,4.4,327,139,30487.37,physical,urn:gd:story:classification:gcp_physical:competitionId:285023:avg_speed:rank_asc:page:13,urn:gd:story:classification:gcp_physical:competitionId:285023:avg_speed:rank_asc:page:13
486074,285023_43972,Can Uzun,Türkiye,FW,4.39,92,27,6108.16,physical,urn:gd:story:classification:gcp_physical:competitionId:285023:avg_speed:rank_asc:page:13,urn:gd:story:classification:gcp_physical:competitionId:285023:avg_speed:rank_asc:page:13
407343,285023_43854,Ghislain Konan,Côte d'Ivoire,DF,4.39,323,120,29623.54,physical,urn:gd:story:classification:gcp_physical:competitionId:285023:avg_speed:rank_asc:page:13,urn:gd:story:classification:gcp_physical:competitionId:285023:avg_speed:rank_asc:page:13
523215,285023_43908,Dominique Simon,Haiti,MF,4.37,150,36,7878.3,physical,urn:gd:story:classification:gcp_physical:competitionId:285023:avg_speed:rank_asc:page:13,urn:gd:story:classification:gcp_physical:competitionId:285023:avg_speed:rank_asc:page:13
379886,285023_43817,Alireza Jahanbakhsh,IR Iran,MF,4.37,84,30,6517.05,physical,urn:gd:story:classification:gcp_physical:competitionId:285023:avg_speed:rank_asc:page:13,urn:gd:story:classification:gcp_physical:competitionId:285023:avg_speed:rank_asc:page:13
484113,285023_43972,Ferdi Kadioglu,Türkiye,DF,4.36,218,101,19552.43,physical,urn:gd:story:classification:gcp_physical:competitionId:285023:avg_speed:rank_asc:page:13,urn:gd:story:classification:gcp_physical:competitionId:285023:avg_speed:rank_asc:page:13
431202,285023_43928,Omar Alderete,Paraguay,DF,4.35,271,94,33031.77,physical,urn:gd:story:classification:gcp_physical:competitionId:285023:avg_speed:rank_asc:page:13,urn:gd:story:classification:gcp_physical:competitionId:285023:avg_speed:rank_asc:page:13
433066,285023_43960,Donyell Malen,Netherlands,FW,4.34,178,81,18907.07,physical,urn:gd:story:classification:gcp_physical:competitionId:285023:avg_speed:rank_asc:page:13,urn:gd:story:classification:gcp_physical:competitionId:285023:avg_speed:rank_asc:page:13
441166,285023_43995,Jaroslav Zeleny,Czechia,DF,4.33,162,69,15481.55,physical,urn:gd:story:classification:gcp_physical:competitionId:285023:avg_speed:rank_asc:page:13,urn:gd:story:classification:gcp_physical:competitionId:285023:avg_speed:rank_asc:page:13
403083,285023_43872,Issa Diop,Morocco,DF,4.33,346,80,39019.12,physical,urn:gd:story:classification:gcp_physical:competitionId:285023:avg_speed:rank_asc:page:13,urn:gd:story:classification:gcp_physical:competitionId:285023:avg_speed:rank_asc:page:13
483312,285023_43970,Isak Hien,Sweden,DF,4.32,173,69,22458.49,physical,urn:gd:story:classification:gcp_physical:competitionId:285023:avg_speed:rank_asc:page:13,urn:gd:story:classification:gcp_physical:competitionId:285023:avg_speed:rank_asc:page:13
430518,285023_43835,Nawaf Bu Washl,Saudi Arabia,DF,4.31,105,56,10603.72,physical,urn:gd:story:classification:gcp_physical:competitionId:285023:avg_speed:rank_asc:page:13,urn:gd:story:classification:gcp_physical:competitionId:285023:avg_speed:rank_asc:page:13
353251,285023_43834,Ahmed Alaaeldin,Qatar,FW,4.31,70,30,6052.91,physical,urn:gd:story:classification:gcp_physical:competitionId:285023:avg_speed:rank_asc:page:13,urn:gd:story:classification:gcp_physical:competitionId:285023:avg_speed:rank_asc:page:13
310116,285023_43922,Nicolas Otamendi,Argentina,DF,4.3,165,40,14946.7,physical,urn:gd:story:classification:gcp_physical:competitionId:285023:avg_speed:rank_asc:page:13,urn:gd:story:classification:gcp_physical:competitionId:285023:avg_speed:rank_asc:page:13
419652,285023_43961,Erling Haaland,Norway,FW,4.29,240,112,29515.46,physical,urn:gd:story:classification:gcp_physical:competitionId:285023:avg_speed:rank_asc:page:13,urn:gd:story:classification:gcp_physical:competitionId:285023:avg_speed:rank_asc:page:13
495347,285023_43972,Deniz Gul,Türkiye,FW,4.28,43,22,5152.77,physical,urn:gd:story:classification:gcp_physical:competitionId:285023:avg_speed:rank_asc:page:13,urn:gd:story:classification:gcp_physical:competitionId:285023:avg_speed:rank_asc:page:13
401712,285023_43967,Kieran Tierney,Scotland,DF,4.26,119,65,12307.0,physical,urn:gd:story:classification:gcp_physical:competitionId:285023:avg_speed:rank_asc:page:13,urn:gd:story:classification:gcp_physical:competitionId:285023:avg_speed:rank_asc:page:13
356731,285023_43911,Raul Jimenez,Mexico,FW,4.26,220,104,22902.77,physical,urn:gd:story:classification:gcp_physical:competitionId:285023:avg_speed:rank_asc:page:13,urn:gd:story:classification:gcp_physical:competitionId:285023:avg_speed:rank_asc:page:13
486081,285023_43995,Lukas Cerv,Czechia,MF,4.24,204,53,18226.25,physical,urn:gd:story:classification:gcp_physical:competitionId:285023:avg_speed:rank_asc:page:13,urn:gd:story:classification:gcp_physical:competitionId:285023:avg_speed:rank_asc:page:13
430387,285023_43822,Cho Guesung,Korea Republic,FW,4.22,37,22,4408.36,physical,urn:gd:story:classification:gcp_physical:competitionId:285023:avg_speed:rank_asc:page:13,urn:gd:story:classification:gcp_physical:competitionId:285023:avg_speed:rank_asc:page:13
448140,285023_43960,Micky Van De Ven,Netherlands,DF,4.22,245,92,27342.03,physical,urn:gd:story:classification:gcp_physical:competitionId:285023:avg_speed:rank_asc:page:13,urn:gd:story:classification:gcp_physical:competitionId:285023:avg_speed:rank_asc:page:13
486150,285023_43860,Jerome Opoku,Ghana,DF,4.21,230,74,29365.82,physical,urn:gd:story:classification:gcp_physical:competitionId:285023:avg_speed:rank_asc:page:13,urn:gd:story:classification:gcp_physical:competitionId:285023:avg_speed:rank_asc:page:13
441188,285023_43972,Kerem Akturkoglu,Türkiye,FW,4.21,147,73,15234.03,physical,urn:gd:story:classification:gcp_physical:competitionId:285023:avg_speed:rank_asc:page:13,urn:gd:story:classification:gcp_physical:competitionId:285023:avg_speed:rank_asc:page:13
386387,285023_43834,Sultan Albrake,Qatar,DF,4.19,215,70,17683.33,physical,urn:gd:story:classification:gcp_physical:competitionId:285023:avg_speed:rank_asc:page:13,urn:gd:story:classification:gcp_physical:competitionId:285023:avg_speed:rank_asc:page:13
448174,285023_43938,Marin Pongracic,Croatia,DF,4.19,280,102,28983.18,physical,urn:gd:story:classification:gcp_physical:competitionId:285023:avg_speed:rank_asc:page:13,urn:gd:story:classification:gcp_physical:competitionId:285023:avg_speed:rank_asc:page:13
464906,285023_44005,Jakhongir Urozov,Uzbekistan,DF,4.19,125,39,11462.91,physical,urn:gd:story:classification:gcp_physical:competitionId:285023:avg_speed:rank_asc:page:13,urn:gd:story:classification:gcp_physical:competitionId:285023:avg_speed:rank_asc:page:13
479553,285023_43818,Hussein Ali,Iraq,DF,4.18,179,71,18211.32,physical,urn:gd:story:classification:gcp_physical:competitionId:285023:avg_speed:rank_asc:page:13,urn:gd:story:classification:gcp_physical:competitionId:285023:avg_speed:rank_asc:page:13
463465,285023_43927,Joel Ordonez,Ecuador,DF,4.18,227,82,23576.79,physical,urn:gd:story:classification:gcp_physical:competitionId:285023:avg_speed:rank_asc:page:13,urn:gd:story:classification:gcp_physical:competitionId:285023:avg_speed:rank_asc:page:13
479079,285023_44005,Khojiakbar Alijonov,Uzbekistan,DF,4.17,228,87,16085.82,physical,urn:gd:story:classification:gcp_physical:competitionId:285023:avg_speed:rank_asc:page:13,urn:gd:story:classification:gcp_physical:competitionId:285023:avg_speed:rank_asc:page:13
489550,285023_43820,Husam Abudahab,Jordan,DF,4.16,206,75,19848.59,physical,urn:gd:story:classification:gcp_physical:competitionId:285023:avg_speed:rank_asc:page:13,urn:gd:story:classification:gcp_physical:competitionId:285023:avg_speed:rank_asc:page:13
486268,285023_43854,Emmanuel Agbadou,Côte d'Ivoire,DF,4.16,250,72,28516.79,physical,urn:gd:story:classification:gcp_physical:competitionId:285023:avg_speed:rank_asc:page:13,urn:gd:story:classification:gcp_physical:competitionId:285023:avg_speed:rank_asc:page:13
390541,285023_43819,Shogo Taniguchi,Japan,DF,4.15,189,56,24756.98,physical,urn:gd:story:classification:gcp_physical:competitionId:285023:avg_speed:rank_asc:page:13,urn:gd:story:classification:gcp_physical:competitionId:285023:avg_speed:rank_asc:page:13
434025,285023_43818,Zaid Tahseen,Iraq,DF,4.12,179,49,16808.01,physical,urn:gd:story:classification:gcp_physical:competitionId:285023:avg_speed:rank_asc:page:13,urn:gd:story:classification:gcp_physical:competitionId:285023:avg_speed:rank_asc:page:13
423941,285023_43899,Nathan Saliba,Canada,MF,4.12,386,122,23647.54,physical,urn:gd:story:classification:gcp_physical:competitionId:285023:avg_speed:rank_asc:page:13,urn:gd:story:classification:gcp_physical:competitionId:285023:avg_speed:rank_asc:page:13
431781,285023_43908,Jean Kevin Duverne,Haiti,DF,4.12,209,82,19174.4,physical,urn:gd:story:classification:gcp_physical:competitionId:285023:avg_speed:rank_asc:page:13,urn:gd:story:classification:gcp_physical:competitionId:285023:avg_speed:rank_asc:page:13
416902,285023_43855,Mohamed Abdelmoneim,Egypt,DF,4.11,26,10,1530.7,physical,urn:gd:story:classification:gcp_physical:competitionId:285023:avg_speed:rank_asc:page:13,urn:gd:story:classification:gcp_physical:competitionId:285023:avg_speed:rank_asc:page:13
441167,285023_43995,Tomas Holes,Czechia,DF,4.11,203,58,17483.14,physical,urn:gd:story:classification:gcp_physical:competitionId:285023:avg_speed:rank_asc:page:13,urn:gd:story:classification:gcp_physical:competitionId:285023:avg_speed:rank_asc:page:13
406231,285023_43972,Yunus Akgun,Türkiye,FW,4.11,101,52,10803.37,physical,urn:gd:story:classification:gcp_physical:competitionId:285023:avg_speed:rank_asc:page:13,urn:gd:story:classification:gcp_physical:competitionId:285023:avg_speed:rank_asc:page:13
418747,285023_43914,Tomas Rodriguez,Panama,FW,4.09,75,32,6034.0,physical,urn:gd:story:classification:gcp_physical:competitionId:285023:avg_speed:rank_asc:page:13,urn:gd:story:classification:gcp_physical:competitionId:285023:avg_speed:rank_asc:page:13
433367,285023_43888,Omar Rekik,Tunisia,DF,4.08,199,66,20477.26,physical,urn:gd:story:classification:gcp_physical:competitionId:285023:avg_speed:rank_asc:page:13,urn:gd:story:classification:gcp_physical:competitionId:285023:avg_speed:rank_asc:page:13
475260,285023_44005,Behruzjon Karimov,Uzbekistan,DF,4.08,233,107,20671.11,physical,urn:gd:story:classification:gcp_physical:competitionId:285023:avg_speed:rank_asc:page:13,urn:gd:story:classification:gcp_physical:competitionId:285023:avg_speed:rank_asc:page:13
441179,285023_43972,Merih Demiral,Türkiye,DF,4.05,153,57,21211.19,physical,urn:gd:story:classification:gcp_physical:competitionId:285023:avg_speed:rank_asc:page:13,urn:gd:story:classification:gcp_physical:competitionId:285023:avg_speed:rank_asc:page:13
339510,285023_43921,Tim Ream,USA,DF,3.98,308,78,28241.74,physical,urn:gd:story:classification:gcp_physical:competitionId:285023:avg_speed:rank_asc:page:13,urn:gd:story:classification:gcp_physical:competitionId:285023:avg_speed:rank_asc:page:13
480310,285023_43914,Jiovany Ramos,Panama,DF,3.98,205,63,18498.83,physical,urn:gd:story:classification:gcp_physical:competitionId:285023:avg_speed:rank_asc:page:13,urn:gd:story:classification:gcp_physical:competitionId:285023:avg_speed:rank_asc:page:13
405893,285023_43946,Aurelien Tchouameni,France,MF,3.97,462,114,33560.45,physical,urn:gd:story:classification:gcp_physical:competitionId:285023:avg_speed:rank_asc:page:14,urn:gd:story:classification:gcp_physical:competitionId:285023:avg_speed:rank_asc:page:14
395186,285023_43818,Aymen Hussein,Iraq,FW,3.97,126,54,12557.87,physical,urn:gd:story:classification:gcp_physical:competitionId:285023:avg_speed:rank_asc:page:14,urn:gd:story:classification:gcp_physical:competitionId:285023:avg_speed:rank_asc:page:14
401023,285023_1895293,Joshua Brenet,Curaçao,DF,3.96,191,97,19154.29,physical,urn:gd:story:classification:gcp_physical:competitionId:285023:avg_speed:rank_asc:page:14,urn:gd:story:classification:gcp_physical:competitionId:285023:avg_speed:rank_asc:page:14
464055,285023_43946,Malo Gusto,France,DF,3.96,39,16,4211.0,physical,urn:gd:story:classification:gcp_physical:competitionId:285023:avg_speed:rank_asc:page:14,urn:gd:story:classification:gcp_physical:competitionId:285023:avg_speed:rank_asc:page:14
369530,285023_43926,Jhon Cordoba,Colombia,FW,3.94,104,33,9864.95,physical,urn:gd:story:classification:gcp_physical:competitionId:285023:avg_speed:rank_asc:page:14,urn:gd:story:classification:gcp_physical:competitionId:285023:avg_speed:rank_asc:page:14
390534,285023_43817,Hossein Kanani,IR Iran,DF,3.94,123,27,14749.2,physical,urn:gd:story:classification:gcp_physical:competitionId:285023:avg_speed:rank_asc:page:14,urn:gd:story:classification:gcp_physical:competitionId:285023:avg_speed:rank_asc:page:14
441259,285023_43899,Liam Millar,Canada,MF,3.93,243,114,19176.61,physical,urn:gd:story:classification:gcp_physical:competitionId:285023:avg_speed:rank_asc:page:14,urn:gd:story:classification:gcp_physical:competitionId:285023:avg_speed:rank_asc:page:14
416576,285023_43911,Alvaro Fidalgo,Mexico,MF,3.92,189,71,11902.43,physical,urn:gd:story:classification:gcp_physical:competitionId:285023:avg_speed:rank_asc:page:14,urn:gd:story:classification:gcp_physical:competitionId:285023:avg_speed:rank_asc:page:14
441242,285023_43914,Cesar Blackman,Panama,DF,3.91,180,64,18333.59,physical,urn:gd:story:classification:gcp_physical:competitionId:285023:avg_speed:rank_asc:page:14,urn:gd:story:classification:gcp_physical:competitionId:285023:avg_speed:rank_asc:page:14
337251,285023_43914,Cecilio Waterman,Panama,FW,3.89,82,34,8772.9,physical,urn:gd:story:classification:gcp_physical:competitionId:285023:avg_speed:rank_asc:page:14,urn:gd:story:classification:gcp_physical:competitionId:285023:avg_speed:rank_asc:page:14
359634,285023_43967,Grant Hanley,Scotland,DF,3.88,173,45,19774.95,physical,urn:gd:story:classification:gcp_physical:competitionId:285023:avg_speed:rank_asc:page:14,urn:gd:story:classification:gcp_physical:competitionId:285023:avg_speed:rank_asc:page:14
402921,285023_43922,Lisandro Martinez,Argentina,DF,3.88,211,64,29633.6,physical,urn:gd:story:classification:gcp_physical:competitionId:285023:avg_speed:rank_asc:page:14,urn:gd:story:classification:gcp_physical:competitionId:285023:avg_speed:rank_asc:page:14
514166,285023_43935,Nathan Ngoy,Belgium,DF,3.87,165,55,16948.34,physical,urn:gd:story:classification:gcp_physical:competitionId:285023:avg_speed:rank_asc:page:14,urn:gd:story:classification:gcp_physical:competitionId:285023:avg_speed:rank_asc:page:14
447866,285023_43969,Gavi,Spain,MF,3.85,122,45,10707.89,physical,urn:gd:story:classification:gcp_physical:competitionId:285023:avg_speed:rank_asc:page:14,urn:gd:story:classification:gcp_physical:competitionId:285023:avg_speed:rank_asc:page:14
431698,285023_1895293,Jurien Gaari,Curaçao,DF,3.83,151,71,17250.25,physical,urn:gd:story:classification:gcp_physical:competitionId:285023:avg_speed:rank_asc:page:14,urn:gd:story:classification:gcp_physical:competitionId:285023:avg_speed:rank_asc:page:14
479042,285023_44005,Abdulla Abdullaev,Uzbekistan,DF,3.82,191,57,19761.96,physical,urn:gd:story:classification:gcp_physical:competitionId:285023:avg_speed:rank_asc:page:14,urn:gd:story:classification:gcp_physical:competitionId:285023:avg_speed:rank_asc:page:14
368860,285023_43946,Lucas Digne,France,DF,3.79,326,119,29520.76,physical,urn:gd:story:classification:gcp_physical:competitionId:285023:avg_speed:rank_asc:page:14,urn:gd:story:classification:gcp_physical:competitionId:285023:avg_speed:rank_asc:page:14
485677,285023_43946,Manu Kone,France,MF,3.79,386,82,31433.26,physical,urn:gd:story:classification:gcp_physical:competitionId:285023:avg_speed:rank_asc:page:14,urn:gd:story:classification:gcp_physical:competitionId:285023:avg_speed:rank_asc:page:14
408042,285023_43946,Theo Hernandez,France,DF,3.78,221,92,22364.76,physical,urn:gd:story:classification:gcp_physical:competitionId:285023:avg_speed:rank_asc:page:14,urn:gd:story:classification:gcp_physical:competitionId:285023:avg_speed:rank_asc:page:14
448505,285023_43817,Saleh Hardani,IR Iran,DF,3.78,105,37,10101.64,physical,urn:gd:story:classification:gcp_physical:competitionId:285023:avg_speed:rank_asc:page:14,urn:gd:story:classification:gcp_physical:competitionId:285023:avg_speed:rank_asc:page:14
419681,285023_43961,Kristian Thorstvedt,Norway,MF,3.78,137,44,9451.89,physical,urn:gd:story:classification:gcp_physical:competitionId:285023:avg_speed:rank_asc:page:14,urn:gd:story:classification:gcp_physical:competitionId:285023:avg_speed:rank_asc:page:14
431196,285023_43922,Cristian Romero,Argentina,DF,3.77,152,37,24053.86,physical,urn:gd:story:classification:gcp_physical:competitionId:285023:avg_speed:rank_asc:page:14,urn:gd:story:classification:gcp_physical:competitionId:285023:avg_speed:rank_asc:page:14
372090,285023_43911,Orbelin Pineda,Mexico,MF,3.76,87,32,5754.74,physical,urn:gd:story:classification:gcp_physical:competitionId:285023:avg_speed:rank_asc:page:14,urn:gd:story:classification:gcp_physical:competitionId:285023:avg_speed:rank_asc:page:14
510991,285023_43834,Ayoub Aloui,Qatar,DF,3.76,170,55,15912.29,physical,urn:gd:story:classification:gcp_physical:competitionId:285023:avg_speed:rank_asc:page:14,urn:gd:story:classification:gcp_physical:competitionId:285023:avg_speed:rank_asc:page:14
503047,285023_43970,Besfort Zeneli,Sweden,MF,3.75,137,51,8630.22,physical,urn:gd:story:classification:gcp_physical:competitionId:285023:avg_speed:rank_asc:page:14,urn:gd:story:classification:gcp_physical:competitionId:285023:avg_speed:rank_asc:page:14
518200,285023_43976,Tete Yengi,Australia,FW,3.74,59,20,4138.21,physical,urn:gd:story:classification:gcp_physical:competitionId:285023:avg_speed:rank_asc:page:14,urn:gd:story:classification:gcp_physical:competitionId:285023:avg_speed:rank_asc:page:14
404319,285023_43976,Ajdin Hrustic,Australia,FW,3.74,183,58,11460.39,physical,urn:gd:story:classification:gcp_physical:competitionId:285023:avg_speed:rank_asc:page:14,urn:gd:story:classification:gcp_physical:competitionId:285023:avg_speed:rank_asc:page:14
504193,285023_43883,Tshepang Moremi,South Africa,FW,3.72,67,41,5585.39,physical,urn:gd:story:classification:gcp_physical:competitionId:285023:avg_speed:rank_asc:page:14,urn:gd:story:classification:gcp_physical:competitionId:285023:avg_speed:rank_asc:page:14
448104,285023_43971,Cedric Itten,Switzerland,FW,3.71,36,18,2679.18,physical,urn:gd:story:classification:gcp_physical:competitionId:285023:avg_speed:rank_asc:page:14,urn:gd:story:classification:gcp_physical:competitionId:285023:avg_speed:rank_asc:page:14
433795,285023_43970,Mattias Svanberg,Sweden,MF,3.67,49,15,3157.11,physical,urn:gd:story:classification:gcp_physical:competitionId:285023:avg_speed:rank_asc:page:14,urn:gd:story:classification:gcp_physical:competitionId:285023:avg_speed:rank_asc:page:14
448128,285023_20014,Charles Pickel,Congo DR,MF,3.67,77,35,5540.28,physical,urn:gd:story:classification:gcp_physical:competitionId:285023:avg_speed:rank_asc:page:14,urn:gd:story:classification:gcp_physical:competitionId:285023:avg_speed:rank_asc:page:14
448112,285023_43971,Zeki Amdouni,Switzerland,FW,3.66,48,17,3924.51,physical,urn:gd:story:classification:gcp_physical:competitionId:285023:avg_speed:rank_asc:page:14,urn:gd:story:classification:gcp_physical:competitionId:285023:avg_speed:rank_asc:page:14
448153,285023_43960,Noa Lang,Netherlands,FW,3.65,35,12,2122.19,physical,urn:gd:story:classification:gcp_physical:competitionId:285023:avg_speed:rank_asc:page:14,urn:gd:story:classification:gcp_physical:competitionId:285023:avg_speed:rank_asc:page:14
407022,285023_43855,Karim Hafez,Egypt,DF,3.64,109,42,9528.82,physical,urn:gd:story:classification:gcp_physical:competitionId:285023:avg_speed:rank_asc:page:14,urn:gd:story:classification:gcp_physical:competitionId:285023:avg_speed:rank_asc:page:14
406304,285023_43921,Timothy Weah,USA,FW,3.63,167,75,10834.46,physical,urn:gd:story:classification:gcp_physical:competitionId:285023:avg_speed:rank_asc:page:14,urn:gd:story:classification:gcp_physical:competitionId:285023:avg_speed:rank_asc:page:14
396158,285023_43818,Rebin Sulaka,Iraq,DF,3.63,41,15,4423.46,physical,urn:gd:story:classification:gcp_physical:competitionId:285023:avg_speed:rank_asc:page:14,urn:gd:story:classification:gcp_physical:competitionId:285023:avg_speed:rank_asc:page:14
395216,285023_43963,Ruben Neves,Portugal,MF,3.62,123,36,9241.31,physical,urn:gd:story:classification:gcp_physical:competitionId:285023:avg_speed:rank_asc:page:14,urn:gd:story:classification:gcp_physical:competitionId:285023:avg_speed:rank_asc:page:14
464897,285023_44005,Sherzod Esanov,Uzbekistan,MF,3.6,15,6,657.16,physical,urn:gd:story:classification:gcp_physical:competitionId:285023:avg_speed:rank_asc:page:14,urn:gd:story:classification:gcp_physical:competitionId:285023:avg_speed:rank_asc:page:14
411226,285023_43971,Djibril Sow,Switzerland,MF,3.59,204,73,12440.73,physical,urn:gd:story:classification:gcp_physical:competitionId:285023:avg_speed:rank_asc:page:14,urn:gd:story:classification:gcp_physical:competitionId:285023:avg_speed:rank_asc:page:14
463282,285023_43934,Alexander Prass,Austria,MF,3.55,61,28,4686.43,physical,urn:gd:story:classification:gcp_physical:competitionId:285023:avg_speed:rank_asc:page:14,urn:gd:story:classification:gcp_physical:competitionId:285023:avg_speed:rank_asc:page:14
448081,285023_43963,Goncalo Ramos,Portugal,FW,3.54,101,40,6429.87,physical,urn:gd:story:classification:gcp_physical:competitionId:285023:avg_speed:rank_asc:page:14,urn:gd:story:classification:gcp_physical:competitionId:285023:avg_speed:rank_asc:page:14
512132,285023_43843,Adil Boulbina,Algeria,FW,3.53,54,21,3442.77,physical,urn:gd:story:classification:gcp_physical:competitionId:285023:avg_speed:rank_asc:page:14,urn:gd:story:classification:gcp_physical:competitionId:285023:avg_speed:rank_asc:page:14
430657,285023_43948,David Raum,Germany,DF,3.53,198,85,13697.63,physical,urn:gd:story:classification:gcp_physical:competitionId:285023:avg_speed:rank_asc:page:14,urn:gd:story:classification:gcp_physical:competitionId:285023:avg_speed:rank_asc:page:14
373344,285023_43850,Garry Rodrigues,Cabo Verde,MF,3.53,123,50,10160.29,physical,urn:gd:story:classification:gcp_physical:competitionId:285023:avg_speed:rank_asc:page:14,urn:gd:story:classification:gcp_physical:competitionId:285023:avg_speed:rank_asc:page:14
478364,285023_43960,Justin Kluivert,Netherlands,MF,3.51,60,20,3868.51,physical,urn:gd:story:classification:gcp_physical:competitionId:285023:avg_speed:rank_asc:page:14,urn:gd:story:classification:gcp_physical:competitionId:285023:avg_speed:rank_asc:page:14
336022,285023_43942,Jordan Pickford,England,GK,3.5,82,18,23685.82,physical,urn:gd:story:classification:gcp_physical:competitionId:285023:avg_speed:rank_asc:page:14,urn:gd:story:classification:gcp_physical:competitionId:285023:avg_speed:rank_asc:page:14
405755,285023_43926,Jaminton Campaz,Colombia,FW,3.5,56,25,4148.88,physical,urn:gd:story:classification:gcp_physical:competitionId:285023:avg_speed:rank_asc:page:14,urn:gd:story:classification:gcp_physical:competitionId:285023:avg_speed:rank_asc:page:14
441422,285023_43922,Nico Paz,Argentina,FW,3.48,110,39,9189.47,physical,urn:gd:story:classification:gcp_physical:competitionId:285023:avg_speed:rank_asc:page:14,urn:gd:story:classification:gcp_physical:competitionId:285023:avg_speed:rank_asc:page:14
477835,285023_20014,Simon Banza,Congo DR,FW,3.47,70,23,5130.52,physical,urn:gd:story:classification:gcp_physical:competitionId:285023:avg_speed:rank_asc:page:14,urn:gd:story:classification:gcp_physical:competitionId:285023:avg_speed:rank_asc:page:14
228912,285023_43948,Manuel Neuer,Germany,GK,3.47,82,19,25681.69,physical,urn:gd:story:classification:gcp_physical:competitionId:285023:avg_speed:rank_asc:page:14,urn:gd:story:classification:gcp_physical:competitionId:285023:avg_speed:rank_asc:page:14
494313,285023_43850,Yannick Semedo,Cabo Verde,MF,3.45,75,30,5295.67,physical,urn:gd:story:classification:gcp_physical:competitionId:285023:avg_speed:rank_asc:page:15,urn:gd:story:classification:gcp_physical:competitionId:285023:avg_speed:rank_asc:page:15
470759,285023_43926,Kevin Castano,Colombia,MF,3.45,48,15,3167.34,physical,urn:gd:story:classification:gcp_physical:competitionId:285023:avg_speed:rank_asc:page:15,urn:gd:story:classification:gcp_physical:competitionId:285023:avg_speed:rank_asc:page:15
430450,285023_43976,Jacob Italiano,Australia,DF,3.45,279,121,20985.37,physical,urn:gd:story:classification:gcp_physical:competitionId:285023:avg_speed:rank_asc:page:15,urn:gd:story:classification:gcp_physical:competitionId:285023:avg_speed:rank_asc:page:15
385248,285023_43934,Florian Grillitsch,Austria,MF,3.44,142,41,11799.4,physical,urn:gd:story:classification:gcp_physical:competitionId:285023:avg_speed:rank_asc:page:15,urn:gd:story:classification:gcp_physical:competitionId:285023:avg_speed:rank_asc:page:15
424071,285023_43872,Anass Salah Eddine,Morocco,DF,3.44,142,59,15424.64,physical,urn:gd:story:classification:gcp_physical:competitionId:285023:avg_speed:rank_asc:page:15,urn:gd:story:classification:gcp_physical:competitionId:285023:avg_speed:rank_asc:page:15
441317,285023_20014,Theo Bongonda,Congo DR,MF,3.44,55,24,5477.05,physical,urn:gd:story:classification:gcp_physical:competitionId:285023:avg_speed:rank_asc:page:15,urn:gd:story:classification:gcp_physical:competitionId:285023:avg_speed:rank_asc:page:15
433092,285023_43935,Alexis Saelemaekers,Belgium,MF,3.44,101,45,9893.21,physical,urn:gd:story:classification:gcp_physical:competitionId:285023:avg_speed:rank_asc:page:15,urn:gd:story:classification:gcp_physical:competitionId:285023:avg_speed:rank_asc:page:15
441135,285023_43970,Jesper Karlstrom,Sweden,MF,3.44,199,48,16846.98,physical,urn:gd:story:classification:gcp_physical:competitionId:285023:avg_speed:rank_asc:page:15,urn:gd:story:classification:gcp_physical:competitionId:285023:avg_speed:rank_asc:page:15
466585,285023_43899,Moise Bombito,Canada,DF,3.44,212,72,21226.71,physical,urn:gd:story:classification:gcp_physical:competitionId:285023:avg_speed:rank_asc:page:15,urn:gd:story:classification:gcp_physical:competitionId:285023:avg_speed:rank_asc:page:15
489523,285023_44037,Armin Gigovic,Bosnia and Herzegovina,MF,3.43,142,62,10900.97,physical,urn:gd:story:classification:gcp_physical:competitionId:285023:avg_speed:rank_asc:page:15,urn:gd:story:classification:gcp_physical:competitionId:285023:avg_speed:rank_asc:page:15
411301,285023_43967,Angus Gunn,Scotland,GK,3.43,29,6,17506.02,physical,urn:gd:story:classification:gcp_physical:competitionId:285023:avg_speed:rank_asc:page:15,urn:gd:story:classification:gcp_physical:competitionId:285023:avg_speed:rank_asc:page:15
483183,285023_43855,Mahmoud Saber,Egypt,MF,3.42,123,30,6589.64,physical,urn:gd:story:classification:gcp_physical:competitionId:285023:avg_speed:rank_asc:page:15,urn:gd:story:classification:gcp_physical:competitionId:285023:avg_speed:rank_asc:page:15
484859,285023_43960,Quinten Timber,Netherlands,MF,3.41,96,29,7777.13,physical,urn:gd:story:classification:gcp_physical:competitionId:285023:avg_speed:rank_asc:page:15,urn:gd:story:classification:gcp_physical:competitionId:285023:avg_speed:rank_asc:page:15
494531,285023_43928,Orlando Gill,Paraguay,GK,3.4,49,5,31439.42,physical,urn:gd:story:classification:gcp_physical:competitionId:285023:avg_speed:rank_asc:page:15,urn:gd:story:classification:gcp_physical:competitionId:285023:avg_speed:rank_asc:page:15
463288,285023_43934,Phillip Mwene,Austria,DF,3.4,189,76,17929.88,physical,urn:gd:story:classification:gcp_physical:competitionId:285023:avg_speed:rank_asc:page:15,urn:gd:story:classification:gcp_physical:competitionId:285023:avg_speed:rank_asc:page:15
371739,285023_43934,Alexander Schlager,Austria,GK,3.4,81,20,23367.49,physical,urn:gd:story:classification:gcp_physical:competitionId:285023:avg_speed:rank_asc:page:15,urn:gd:story:classification:gcp_physical:competitionId:285023:avg_speed:rank_asc:page:15
448107,285023_43971,Gregor Kobel,Switzerland,GK,3.4,39,5,22876.57,physical,urn:gd:story:classification:gcp_physical:competitionId:285023:avg_speed:rank_asc:page:15,urn:gd:story:classification:gcp_physical:competitionId:285023:avg_speed:rank_asc:page:15
491166,285023_43976,Nishan Velupillay,Australia,FW,3.37,140,53,9830.13,physical,urn:gd:story:classification:gcp_physical:competitionId:285023:avg_speed:rank_asc:page:15,urn:gd:story:classification:gcp_physical:competitionId:285023:avg_speed:rank_asc:page:15
405175,285023_43854,Seko Fofana,Côte d'Ivoire,MF,3.37,168,54,11627.71,physical,urn:gd:story:classification:gcp_physical:competitionId:285023:avg_speed:rank_asc:page:15,urn:gd:story:classification:gcp_physical:competitionId:285023:avg_speed:rank_asc:page:15
430658,285023_43948,Waldemar Anton,Germany,DF,3.37,98,35,7334.85,physical,urn:gd:story:classification:gcp_physical:competitionId:285023:avg_speed:rank_asc:page:15,urn:gd:story:classification:gcp_physical:competitionId:285023:avg_speed:rank_asc:page:15
389754,285023_43938,Petar Musa,Croatia,FW,3.35,160,61,13217.92,physical,urn:gd:story:classification:gcp_physical:competitionId:285023:avg_speed:rank_asc:page:15,urn:gd:story:classification:gcp_physical:competitionId:285023:avg_speed:rank_asc:page:15
389886,285023_44037,Dzenis Burnic,Bosnia and Herzegovina,MF,3.35,37,11,3073.49,physical,urn:gd:story:classification:gcp_physical:competitionId:285023:avg_speed:rank_asc:page:15,urn:gd:story:classification:gcp_physical:competitionId:285023:avg_speed:rank_asc:page:15
430753,285023_43969,Unai Simon,Spain,GK,3.35,83,26,22710.51,physical,urn:gd:story:classification:gcp_physical:competitionId:285023:avg_speed:rank_asc:page:15,urn:gd:story:classification:gcp_physical:competitionId:285023:avg_speed:rank_asc:page:15
510989,285023_20014,Brian Cipenga,Congo DR,FW,3.34,210,112,17763.24,physical,urn:gd:story:classification:gcp_physical:competitionId:285023:avg_speed:rank_asc:page:15,urn:gd:story:classification:gcp_physical:competitionId:285023:avg_speed:rank_asc:page:15
463286,285023_43934,Patrick Wimmer,Austria,FW,3.34,54,23,4379.3,physical,urn:gd:story:classification:gcp_physical:competitionId:285023:avg_speed:rank_asc:page:15,urn:gd:story:classification:gcp_physical:competitionId:285023:avg_speed:rank_asc:page:15
523288,285023_43872,Ayoube Amaimouni,Morocco,FW,3.33,73,35,4598.41,physical,urn:gd:story:classification:gcp_physical:competitionId:285023:avg_speed:rank_asc:page:15,urn:gd:story:classification:gcp_physical:competitionId:285023:avg_speed:rank_asc:page:15
448523,285023_43860,Kamaldeen Sulemana,Ghana,FW,3.32,172,75,14795.98,physical,urn:gd:story:classification:gcp_physical:competitionId:285023:avg_speed:rank_asc:page:15,urn:gd:story:classification:gcp_physical:competitionId:285023:avg_speed:rank_asc:page:15
483496,285023_43961,Julian Ryerson,Norway,FW,3.32,140,43,12119.18,physical,urn:gd:story:classification:gcp_physical:competitionId:285023:avg_speed:rank_asc:page:15,urn:gd:story:classification:gcp_physical:competitionId:285023:avg_speed:rank_asc:page:15
482978,285023_44037,Nikola Vasilj,Bosnia and Herzegovina,GK,3.31,34,7,22744.03,physical,urn:gd:story:classification:gcp_physical:competitionId:285023:avg_speed:rank_asc:page:15,urn:gd:story:classification:gcp_physical:competitionId:285023:avg_speed:rank_asc:page:15
426506,285023_20014,Meschack Elia,Congo DR,FW,3.31,86,41,6530.78,physical,urn:gd:story:classification:gcp_physical:competitionId:285023:avg_speed:rank_asc:page:15,urn:gd:story:classification:gcp_physical:competitionId:285023:avg_speed:rank_asc:page:15
389782,285023_43927,Pervis Estupinan,Ecuador,DF,3.31,144,70,11017.23,physical,urn:gd:story:classification:gcp_physical:competitionId:285023:avg_speed:rank_asc:page:15,urn:gd:story:classification:gcp_physical:competitionId:285023:avg_speed:rank_asc:page:15
331732,285023_43899,Maxime Crepeau,Canada,GK,3.3,90,16,28143.54,physical,urn:gd:story:classification:gcp_physical:competitionId:285023:avg_speed:rank_asc:page:15,urn:gd:story:classification:gcp_physical:competitionId:285023:avg_speed:rank_asc:page:15
418798,285023_43879,Pape Matar Sarr,Senegal,MF,3.29,157,44,10328.88,physical,urn:gd:story:classification:gcp_physical:competitionId:285023:avg_speed:rank_asc:page:15,urn:gd:story:classification:gcp_physical:competitionId:285023:avg_speed:rank_asc:page:15
423700,285023_43921,Joe Scally,USA,DF,3.29,164,53,11427.62,physical,urn:gd:story:classification:gcp_physical:competitionId:285023:avg_speed:rank_asc:page:15,urn:gd:story:classification:gcp_physical:competitionId:285023:avg_speed:rank_asc:page:15
418535,285023_43963,Joao Felix,Portugal,FW,3.28,170,57,15531.47,physical,urn:gd:story:classification:gcp_physical:competitionId:285023:avg_speed:rank_asc:page:15,urn:gd:story:classification:gcp_physical:competitionId:285023:avg_speed:rank_asc:page:15
510908,285023_43971,Luca Jaquez,Switzerland,DF,3.26,96,39,9611.83,physical,urn:gd:story:classification:gcp_physical:competitionId:285023:avg_speed:rank_asc:page:15,urn:gd:story:classification:gcp_physical:competitionId:285023:avg_speed:rank_asc:page:15
433872,285023_43924,Raphinha,Brazil,FW,3.25,189,108,15809.52,physical,urn:gd:story:classification:gcp_physical:competitionId:285023:avg_speed:rank_asc:page:15,urn:gd:story:classification:gcp_physical:competitionId:285023:avg_speed:rank_asc:page:15
339112,285023_43976,Jason Geria,Australia,DF,3.24,78,29,7925.03,physical,urn:gd:story:classification:gcp_physical:competitionId:285023:avg_speed:rank_asc:page:15,urn:gd:story:classification:gcp_physical:competitionId:285023:avg_speed:rank_asc:page:15
477777,285023_43854,Oumar Diakite,Côte d'Ivoire,FW,3.24,46,22,4173.12,physical,urn:gd:story:classification:gcp_physical:competitionId:285023:avg_speed:rank_asc:page:15,urn:gd:story:classification:gcp_physical:competitionId:285023:avg_speed:rank_asc:page:15
477862,285023_43850,Gilson Benchimol,Cabo Verde,FW,3.24,123,54,9993.83,physical,urn:gd:story:classification:gcp_physical:competitionId:285023:avg_speed:rank_asc:page:15,urn:gd:story:classification:gcp_physical:competitionId:285023:avg_speed:rank_asc:page:15
416906,285023_43855,Mostafa Shoubir,Egypt,GK,3.22,45,10,23577.35,physical,urn:gd:story:classification:gcp_physical:competitionId:285023:avg_speed:rank_asc:page:15,urn:gd:story:classification:gcp_physical:competitionId:285023:avg_speed:rank_asc:page:15
485070,285023_43911,Raul Rangel,Mexico,GK,3.18,60,8,20544.93,physical,urn:gd:story:classification:gcp_physical:competitionId:285023:avg_speed:rank_asc:page:15,urn:gd:story:classification:gcp_physical:competitionId:285023:avg_speed:rank_asc:page:15
402926,285023_43922,Gonzalo Montiel,Argentina,DF,3.17,87,26,7543.26,physical,urn:gd:story:classification:gcp_physical:competitionId:285023:avg_speed:rank_asc:page:15,urn:gd:story:classification:gcp_physical:competitionId:285023:avg_speed:rank_asc:page:15
477855,285023_43850,Joao Paulo,Cabo Verde,MF,3.17,122,58,12421.69,physical,urn:gd:story:classification:gcp_physical:competitionId:285023:avg_speed:rank_asc:page:15,urn:gd:story:classification:gcp_physical:competitionId:285023:avg_speed:rank_asc:page:15
519954,285023_44037,Jovo Lukic,Bosnia and Herzegovina,FW,3.16,100,42,8269.19,physical,urn:gd:story:classification:gcp_physical:competitionId:285023:avg_speed:rank_asc:page:15,urn:gd:story:classification:gcp_physical:competitionId:285023:avg_speed:rank_asc:page:15
423658,285023_43969,Yeremy Pino,Spain,FW,3.15,114,45,8846.84,physical,urn:gd:story:classification:gcp_physical:competitionId:285023:avg_speed:rank_asc:page:15,urn:gd:story:classification:gcp_physical:competitionId:285023:avg_speed:rank_asc:page:15
401448,285023_43971,Denis Zakaria,Switzerland,MF,3.14,219,91,20153.38,physical,urn:gd:story:classification:gcp_physical:competitionId:285023:avg_speed:rank_asc:page:15,urn:gd:story:classification:gcp_physical:competitionId:285023:avg_speed:rank_asc:page:15
486213,285023_43860,Brandon Thomas Asante,Ghana,FW,3.14,102,49,7440.82,physical,urn:gd:story:classification:gcp_physical:competitionId:285023:avg_speed:rank_asc:page:15,urn:gd:story:classification:gcp_physical:competitionId:285023:avg_speed:rank_asc:page:15
274281,285023_43822,Kim Seunggyu,Korea Republic,GK,3.14,37,14,15687.05,physical,urn:gd:story:classification:gcp_physical:competitionId:285023:avg_speed:rank_asc:page:15,urn:gd:story:classification:gcp_physical:competitionId:285023:avg_speed:rank_asc:page:15
514202,285023_43970,Taha Ali,Sweden,FW,3.13,61,26,4821.78,physical,urn:gd:story:classification:gcp_physical:competitionId:285023:avg_speed:rank_asc:page:15,urn:gd:story:classification:gcp_physical:competitionId:285023:avg_speed:rank_asc:page:15
390650,285023_1895293,Eloy Room,Curaçao,GK,3.12,15,1,15611.7,physical,urn:gd:story:classification:gcp_physical:competitionId:285023:avg_speed:rank_asc:page:16,urn:gd:story:classification:gcp_physical:competitionId:285023:avg_speed:rank_asc:page:16
308370,285023_43924,Alisson,Brazil,GK,3.11,10,1,21437.15,physical,urn:gd:story:classification:gcp_physical:competitionId:285023:avg_speed:rank_asc:page:16,urn:gd:story:classification:gcp_physical:competitionId:285023:avg_speed:rank_asc:page:16
448377,285023_43935,Dodi Lukebakio,Belgium,FW,3.11,135,63,12292.4,physical,urn:gd:story:classification:gcp_physical:competitionId:285023:avg_speed:rank_asc:page:16,urn:gd:story:classification:gcp_physical:competitionId:285023:avg_speed:rank_asc:page:16
480983,285023_43843,Zineddine Belaid,Algeria,DF,3.1,37,12,3781.0,physical,urn:gd:story:classification:gcp_physical:competitionId:285023:avg_speed:rank_asc:page:16,urn:gd:story:classification:gcp_physical:competitionId:285023:avg_speed:rank_asc:page:16
448332,285023_43946,Mike Maignan,France,GK,3.1,61,5,26002.36,physical,urn:gd:story:classification:gcp_physical:competitionId:285023:avg_speed:rank_asc:page:16,urn:gd:story:classification:gcp_physical:competitionId:285023:avg_speed:rank_asc:page:16
419459,285023_43834,Mahmoud Abunada,Qatar,GK,3.1,20,2,16005.91,physical,urn:gd:story:classification:gcp_physical:competitionId:285023:avg_speed:rank_asc:page:16,urn:gd:story:classification:gcp_physical:competitionId:285023:avg_speed:rank_asc:page:16
442433,285023_43967,Ross Stewart,Scotland,FW,3.1,22,7,1157.14,physical,urn:gd:story:classification:gcp_physical:competitionId:285023:avg_speed:rank_asc:page:16,urn:gd:story:classification:gcp_physical:competitionId:285023:avg_speed:rank_asc:page:16
395986,285023_43883,Ronwen Williams,South Africa,GK,3.09,36,7,20708.63,physical,urn:gd:story:classification:gcp_physical:competitionId:285023:avg_speed:rank_asc:page:16,urn:gd:story:classification:gcp_physical:competitionId:285023:avg_speed:rank_asc:page:16
395471,285023_43948,Nadiem Amiri,Germany,MF,3.08,80,26,5438.68,physical,urn:gd:story:classification:gcp_physical:competitionId:285023:avg_speed:rank_asc:page:16,urn:gd:story:classification:gcp_physical:competitionId:285023:avg_speed:rank_asc:page:16
430667,285023_43948,Nico Schlotterbeck,Germany,DF,3.07,158,40,15443.46,physical,urn:gd:story:classification:gcp_physical:competitionId:285023:avg_speed:rank_asc:page:16,urn:gd:story:classification:gcp_physical:competitionId:285023:avg_speed:rank_asc:page:16
430144,285023_43969,Pedro Porro,Spain,DF,3.05,221,105,20679.47,physical,urn:gd:story:classification:gcp_physical:competitionId:285023:avg_speed:rank_asc:page:16,urn:gd:story:classification:gcp_physical:competitionId:285023:avg_speed:rank_asc:page:16
405527,285023_43819,Ayumu Seko,Japan,DF,3.05,105,26,9712.91,physical,urn:gd:story:classification:gcp_physical:competitionId:285023:avg_speed:rank_asc:page:16,urn:gd:story:classification:gcp_physical:competitionId:285023:avg_speed:rank_asc:page:16
403094,285023_43946,Jean Philippe Mateta,France,FW,3.04,22,14,2380.43,physical,urn:gd:story:classification:gcp_physical:competitionId:285023:avg_speed:rank_asc:page:16,urn:gd:story:classification:gcp_physical:competitionId:285023:avg_speed:rank_asc:page:16
390272,285023_43921,Auston Trusty,USA,DF,3.04,145,44,12844.54,physical,urn:gd:story:classification:gcp_physical:competitionId:285023:avg_speed:rank_asc:page:16,urn:gd:story:classification:gcp_physical:competitionId:285023:avg_speed:rank_asc:page:16
382739,285023_43969,Marcos Llorente,Spain,DF,3.03,196,83,20573.67,physical,urn:gd:story:classification:gcp_physical:competitionId:285023:avg_speed:rank_asc:page:16,urn:gd:story:classification:gcp_physical:competitionId:285023:avg_speed:rank_asc:page:16
477859,285023_20014,Fiston Mayele,Congo DR,FW,3.03,72,35,5777.74,physical,urn:gd:story:classification:gcp_physical:competitionId:285023:avg_speed:rank_asc:page:16,urn:gd:story:classification:gcp_physical:competitionId:285023:avg_speed:rank_asc:page:16
494314,285023_43850,Telmo Arcanjo,Cabo Verde,MF,3.03,58,27,6515.91,physical,urn:gd:story:classification:gcp_physical:competitionId:285023:avg_speed:rank_asc:page:16,urn:gd:story:classification:gcp_physical:competitionId:285023:avg_speed:rank_asc:page:16
372243,285023_43934,Philipp Lienhart,Austria,DF,3.03,212,58,20886.37,physical,urn:gd:story:classification:gcp_physical:competitionId:285023:avg_speed:rank_asc:page:16,urn:gd:story:classification:gcp_physical:competitionId:285023:avg_speed:rank_asc:page:16
441181,285023_43972,Ugurcan Cakir,Türkiye,GK,3.03,55,10,15872.23,physical,urn:gd:story:classification:gcp_physical:competitionId:285023:avg_speed:rank_asc:page:16,urn:gd:story:classification:gcp_physical:competitionId:285023:avg_speed:rank_asc:page:16
405530,285023_43819,Zion Suzuki,Japan,GK,3.02,38,5,20433.26,physical,urn:gd:story:classification:gcp_physical:competitionId:285023:avg_speed:rank_asc:page:16,urn:gd:story:classification:gcp_physical:competitionId:285023:avg_speed:rank_asc:page:16
498455,285023_43819,Junnosuke Suzuki,Japan,DF,3.0,68,34,5757.46,physical,urn:gd:story:classification:gcp_physical:competitionId:285023:avg_speed:rank_asc:page:16,urn:gd:story:classification:gcp_physical:competitionId:285023:avg_speed:rank_asc:page:16
514188,285023_43948,Malick Thiaw,Germany,DF,3.0,69,20,5108.07,physical,urn:gd:story:classification:gcp_physical:competitionId:285023:avg_speed:rank_asc:page:16,urn:gd:story:classification:gcp_physical:competitionId:285023:avg_speed:rank_asc:page:16
424081,285023_43960,Bart Verbruggen,Netherlands,GK,2.99,35,6,21588.04,physical,urn:gd:story:classification:gcp_physical:competitionId:285023:avg_speed:rank_asc:page:16,urn:gd:story:classification:gcp_physical:competitionId:285023:avg_speed:rank_asc:page:16
441241,285023_43914,Orlando Mosquera,Panama,GK,2.98,31,11,15112.23,physical,urn:gd:story:classification:gcp_physical:competitionId:285023:avg_speed:rank_asc:page:16,urn:gd:story:classification:gcp_physical:competitionId:285023:avg_speed:rank_asc:page:16
504931,285023_43976,Lucas Herrington,Australia,DF,2.98,210,41,23286.35,physical,urn:gd:story:classification:gcp_physical:competitionId:285023:avg_speed:rank_asc:page:16,urn:gd:story:classification:gcp_physical:competitionId:285023:avg_speed:rank_asc:page:16
439641,285023_43942,Reece James,England,DF,2.95,187,79,20103.63,physical,urn:gd:story:classification:gcp_physical:competitionId:285023:avg_speed:rank_asc:page:16,urn:gd:story:classification:gcp_physical:competitionId:285023:avg_speed:rank_asc:page:16
405873,285023_43854,Yahia Fofana,Côte d'Ivoire,GK,2.93,16,5,19966.03,physical,urn:gd:story:classification:gcp_physical:competitionId:285023:avg_speed:rank_asc:page:16,urn:gd:story:classification:gcp_physical:competitionId:285023:avg_speed:rank_asc:page:16
477856,285023_43850,Jovane Cabral,Cabo Verde,MF,2.92,190,61,14327.66,physical,urn:gd:story:classification:gcp_physical:competitionId:285023:avg_speed:rank_asc:page:16,urn:gd:story:classification:gcp_physical:competitionId:285023:avg_speed:rank_asc:page:16
505495,285023_43928,Alexandro Maidana,Paraguay,DF,2.91,101,38,8335.08,physical,urn:gd:story:classification:gcp_physical:competitionId:285023:avg_speed:rank_asc:page:16,urn:gd:story:classification:gcp_physical:competitionId:285023:avg_speed:rank_asc:page:16
382312,285023_43976,Cameron Burgess,Australia,DF,2.9,147,33,15035.64,physical,urn:gd:story:classification:gcp_physical:competitionId:285023:avg_speed:rank_asc:page:16,urn:gd:story:classification:gcp_physical:competitionId:285023:avg_speed:rank_asc:page:16
504329,285023_20014,Steve Kapuadi,Congo DR,DF,2.9,211,60,19496.83,physical,urn:gd:story:classification:gcp_physical:competitionId:285023:avg_speed:rank_asc:page:16,urn:gd:story:classification:gcp_physical:competitionId:285023:avg_speed:rank_asc:page:16
364752,285023_43850,Vozinha,Cabo Verde,GK,2.89,44,9,21320.84,physical,urn:gd:story:classification:gcp_physical:competitionId:285023:avg_speed:rank_asc:page:16,urn:gd:story:classification:gcp_physical:competitionId:285023:avg_speed:rank_asc:page:16
430854,285023_43854,Wilfried Singo,Côte d'Ivoire,DF,2.88,173,65,18230.23,physical,urn:gd:story:classification:gcp_physical:competitionId:285023:avg_speed:rank_asc:page:16,urn:gd:story:classification:gcp_physical:competitionId:285023:avg_speed:rank_asc:page:16
271116,285023_43914,Alberto Quintero,Panama,MF,2.86,17,8,1246.31,physical,urn:gd:story:classification:gcp_physical:competitionId:285023:avg_speed:rank_asc:page:16,urn:gd:story:classification:gcp_physical:competitionId:285023:avg_speed:rank_asc:page:16
484012,285023_43995,Matej Kovar,Czechia,GK,2.86,19,2,14358.61,physical,urn:gd:story:classification:gcp_physical:competitionId:285023:avg_speed:rank_asc:page:16,urn:gd:story:classification:gcp_physical:competitionId:285023:avg_speed:rank_asc:page:16
400511,285023_43819,Kou Itakura,Japan,DF,2.86,116,34,13382.22,physical,urn:gd:story:classification:gcp_physical:competitionId:285023:avg_speed:rank_asc:page:16,urn:gd:story:classification:gcp_physical:competitionId:285023:avg_speed:rank_asc:page:16
489521,285023_44037,Stjepan Radeljic,Bosnia and Herzegovina,DF,2.86,186,63,20111.1,physical,urn:gd:story:classification:gcp_physical:competitionId:285023:avg_speed:rank_asc:page:16,urn:gd:story:classification:gcp_physical:competitionId:285023:avg_speed:rank_asc:page:16
430401,285023_43819,Tsuyoshi Watanabe,Japan,DF,2.85,100,28,9543.84,physical,urn:gd:story:classification:gcp_physical:competitionId:285023:avg_speed:rank_asc:page:16,urn:gd:story:classification:gcp_physical:competitionId:285023:avg_speed:rank_asc:page:16
485802,285023_43928,Alex Arce,Paraguay,FW,2.85,122,46,7712.6,physical,urn:gd:story:classification:gcp_physical:competitionId:285023:avg_speed:rank_asc:page:16,urn:gd:story:classification:gcp_physical:competitionId:285023:avg_speed:rank_asc:page:16
511022,285023_43860,Kojo Peprah Oppong,Ghana,DF,2.83,63,16,5660.9,physical,urn:gd:story:classification:gcp_physical:competitionId:285023:avg_speed:rank_asc:page:16,urn:gd:story:classification:gcp_physical:competitionId:285023:avg_speed:rank_asc:page:16
485675,285023_43854,Evann Guessand,Côte d'Ivoire,FW,2.82,32,14,2736.85,physical,urn:gd:story:classification:gcp_physical:competitionId:285023:avg_speed:rank_asc:page:16,urn:gd:story:classification:gcp_physical:competitionId:285023:avg_speed:rank_asc:page:16
370986,285023_43899,Jonathan Osorio,Canada,MF,2.82,29,11,2036.53,physical,urn:gd:story:classification:gcp_physical:competitionId:285023:avg_speed:rank_asc:page:16,urn:gd:story:classification:gcp_physical:competitionId:285023:avg_speed:rank_asc:page:16
441313,285023_20014,Lionel Mpasi,Congo DR,GK,2.77,37,7,18909.7,physical,urn:gd:story:classification:gcp_physical:competitionId:285023:avg_speed:rank_asc:page:16,urn:gd:story:classification:gcp_physical:competitionId:285023:avg_speed:rank_asc:page:16
358106,285023_43935,Thibaut Courtois,Belgium,GK,2.76,41,10,20673.97,physical,urn:gd:story:classification:gcp_physical:competitionId:285023:avg_speed:rank_asc:page:16,urn:gd:story:classification:gcp_physical:competitionId:285023:avg_speed:rank_asc:page:16
369434,285023_43942,John Stones,England,DF,2.76,126,38,9936.5,physical,urn:gd:story:classification:gcp_physical:competitionId:285023:avg_speed:rank_asc:page:16,urn:gd:story:classification:gcp_physical:competitionId:285023:avg_speed:rank_asc:page:16
411376,285023_43860,Inaki Williams,Ghana,FW,2.75,117,64,12856.69,physical,urn:gd:story:classification:gcp_physical:competitionId:285023:avg_speed:rank_asc:page:16,urn:gd:story:classification:gcp_physical:competitionId:285023:avg_speed:rank_asc:page:16
472877,285023_43972,Irfan Can Kahveci,Türkiye,FW,2.74,13,6,1019.59,physical,urn:gd:story:classification:gcp_physical:competitionId:285023:avg_speed:rank_asc:page:16,urn:gd:story:classification:gcp_physical:competitionId:285023:avg_speed:rank_asc:page:16
403001,285023_43963,Diogo Costa,Portugal,GK,2.7,28,5,18569.24,physical,urn:gd:story:classification:gcp_physical:competitionId:285023:avg_speed:rank_asc:page:16,urn:gd:story:classification:gcp_physical:competitionId:285023:avg_speed:rank_asc:page:16
483182,285023_43855,Hossam Abdelmaguid,Egypt,DF,2.69,62,26,6751.69,physical,urn:gd:story:classification:gcp_physical:competitionId:285023:avg_speed:rank_asc:page:16,urn:gd:story:classification:gcp_physical:competitionId:285023:avg_speed:rank_asc:page:16
308300,285023_43922,Emiliano Martinez,Argentina,GK,2.68,35,5,19793.07,physical,urn:gd:story:classification:gcp_physical:competitionId:285023:avg_speed:rank_asc:page:16,urn:gd:story:classification:gcp_physical:competitionId:285023:avg_speed:rank_asc:page:16
339820,285023_43879,Kalidou Koulibaly,Senegal,DF,2.65,167,44,16073.86,physical,urn:gd:story:classification:gcp_physical:competitionId:285023:avg_speed:rank_asc:page:17,urn:gd:story:classification:gcp_physical:competitionId:285023:avg_speed:rank_asc:page:17
373235,285023_43961,Orjan Nyland,Norway,GK,2.65,37,2,18219.94,physical,urn:gd:story:classification:gcp_physical:competitionId:285023:avg_speed:rank_asc:page:17,urn:gd:story:classification:gcp_physical:competitionId:285023:avg_speed:rank_asc:page:17
520037,285023_43860,Derrick Luckassen,Ghana,DF,2.64,147,39,18059.74,physical,urn:gd:story:classification:gcp_physical:competitionId:285023:avg_speed:rank_asc:page:17,urn:gd:story:classification:gcp_physical:competitionId:285023:avg_speed:rank_asc:page:17
397894,285023_43820,Yazeed Abulaila,Jordan,GK,2.64,9,2,13586.57,physical,urn:gd:story:classification:gcp_physical:competitionId:285023:avg_speed:rank_asc:page:17,urn:gd:story:classification:gcp_physical:competitionId:285023:avg_speed:rank_asc:page:17
494557,285023_43976,Patrick Beach,Australia,GK,2.62,23,5,19047.75,physical,urn:gd:story:classification:gcp_physical:competitionId:285023:avg_speed:rank_asc:page:17,urn:gd:story:classification:gcp_physical:competitionId:285023:avg_speed:rank_asc:page:17
484003,285023_43995,Mojmir Chytil,Czechia,FW,2.6,17,8,1627.26,physical,urn:gd:story:classification:gcp_physical:competitionId:285023:avg_speed:rank_asc:page:17,urn:gd:story:classification:gcp_physical:competitionId:285023:avg_speed:rank_asc:page:17
360642,285023_43926,Camilo Vargas,Colombia,GK,2.59,25,8,17743.13,physical,urn:gd:story:classification:gcp_physical:competitionId:285023:avg_speed:rank_asc:page:17,urn:gd:story:classification:gcp_physical:competitionId:285023:avg_speed:rank_asc:page:17
380007,285023_43817,Alireza Beiranvand,IR Iran,GK,2.59,19,0,13335.74,physical,urn:gd:story:classification:gcp_physical:competitionId:285023:avg_speed:rank_asc:page:17,urn:gd:story:classification:gcp_physical:competitionId:285023:avg_speed:rank_asc:page:17
356956,285023_43872,Yassine Bounou,Morocco,GK,2.58,28,3,23478.08,physical,urn:gd:story:classification:gcp_physical:competitionId:285023:avg_speed:rank_asc:page:17,urn:gd:story:classification:gcp_physical:competitionId:285023:avg_speed:rank_asc:page:17
358003,285023_43995,Vladimir Darida,Czechia,MF,2.57,135,49,7507.52,physical,urn:gd:story:classification:gcp_physical:competitionId:285023:avg_speed:rank_asc:page:17,urn:gd:story:classification:gcp_physical:competitionId:285023:avg_speed:rank_asc:page:17
466865,285023_43908,Derrick Etienne,Haiti,FW,2.56,26,8,1841.93,physical,urn:gd:story:classification:gcp_physical:competitionId:285023:avg_speed:rank_asc:page:17,urn:gd:story:classification:gcp_physical:competitionId:285023:avg_speed:rank_asc:page:17
493983,285023_43818,Aimar Sher,Iraq,MF,2.56,41,6,3139.09,physical,urn:gd:story:classification:gcp_physical:competitionId:285023:avg_speed:rank_asc:page:17,urn:gd:story:classification:gcp_physical:competitionId:285023:avg_speed:rank_asc:page:17
368535,285023_43978,Max Crocombe,New Zealand,GK,2.56,19,2,13059.58,physical,urn:gd:story:classification:gcp_physical:competitionId:285023:avg_speed:rank_asc:page:17,urn:gd:story:classification:gcp_physical:competitionId:285023:avg_speed:rank_asc:page:17
368545,285023_44005,Jamshid Iskanderov,Uzbekistan,MF,2.55,34,8,2148.93,physical,urn:gd:story:classification:gcp_physical:competitionId:285023:avg_speed:rank_asc:page:17,urn:gd:story:classification:gcp_physical:competitionId:285023:avg_speed:rank_asc:page:17
372266,285023_43872,Sofyan Amrabat,Morocco,MF,2.55,212,65,14953.16,physical,urn:gd:story:classification:gcp_physical:competitionId:285023:avg_speed:rank_asc:page:17,urn:gd:story:classification:gcp_physical:competitionId:285023:avg_speed:rank_asc:page:17
499913,285023_43921,Matt Freese,USA,GK,2.53,17,5,17952.95,physical,urn:gd:story:classification:gcp_physical:competitionId:285023:avg_speed:rank_asc:page:17,urn:gd:story:classification:gcp_physical:competitionId:285023:avg_speed:rank_asc:page:17
369029,285023_43938,Dominik Livakovic,Croatia,GK,2.52,30,5,17297.82,physical,urn:gd:story:classification:gcp_physical:competitionId:285023:avg_speed:rank_asc:page:17,urn:gd:story:classification:gcp_physical:competitionId:285023:avg_speed:rank_asc:page:17
485804,285023_43928,Gustavo Caballero,Paraguay,MF,2.52,169,57,12413.4,physical,urn:gd:story:classification:gcp_physical:competitionId:285023:avg_speed:rank_asc:page:17,urn:gd:story:classification:gcp_physical:competitionId:285023:avg_speed:rank_asc:page:17
441258,285023_43899,Ismael Kone,Canada,MF,2.51,198,44,16975.03,physical,urn:gd:story:classification:gcp_physical:competitionId:285023:avg_speed:rank_asc:page:17,urn:gd:story:classification:gcp_physical:competitionId:285023:avg_speed:rank_asc:page:17
466346,285023_1895293,Brandley Kuwas,Curaçao,FW,2.51,16,7,839.63,physical,urn:gd:story:classification:gcp_physical:competitionId:285023:avg_speed:rank_asc:page:17,urn:gd:story:classification:gcp_physical:competitionId:285023:avg_speed:rank_asc:page:17
295922,285023_43908,Johny Placide,Haiti,GK,2.51,16,4,12868.53,physical,urn:gd:story:classification:gcp_physical:competitionId:285023:avg_speed:rank_asc:page:17,urn:gd:story:classification:gcp_physical:competitionId:285023:avg_speed:rank_asc:page:17
396885,285023_43835,Mohammed Alowais,Saudi Arabia,GK,2.51,15,1,12844.17,physical,urn:gd:story:classification:gcp_physical:competitionId:285023:avg_speed:rank_asc:page:17,urn:gd:story:classification:gcp_physical:competitionId:285023:avg_speed:rank_asc:page:17
506473,285023_1895293,Tyrese Noslin,Curaçao,FW,2.51,42,19,2453.07,physical,urn:gd:story:classification:gcp_physical:competitionId:285023:avg_speed:rank_asc:page:17,urn:gd:story:classification:gcp_physical:competitionId:285023:avg_speed:rank_asc:page:17
441236,285023_43927,Hernan Galindez,Ecuador,GK,2.51,25,3,17029.0,physical,urn:gd:story:classification:gcp_physical:competitionId:285023:avg_speed:rank_asc:page:17,urn:gd:story:classification:gcp_physical:competitionId:285023:avg_speed:rank_asc:page:17
433526,285023_43820,Mohammad Abuhasheesh,Jordan,DF,2.5,25,12,1660.43,physical,urn:gd:story:classification:gcp_physical:competitionId:285023:avg_speed:rank_asc:page:17,urn:gd:story:classification:gcp_physical:competitionId:285023:avg_speed:rank_asc:page:17
229498,285023_43930,Fernando Muslera,Uruguay,GK,2.5,22,7,11069.12,physical,urn:gd:story:classification:gcp_physical:competitionId:285023:avg_speed:rank_asc:page:17,urn:gd:story:classification:gcp_physical:competitionId:285023:avg_speed:rank_asc:page:17
505112,285023_43872,Gessime Yassine,Morocco,MF,2.49,83,31,8431.83,physical,urn:gd:story:classification:gcp_physical:competitionId:285023:avg_speed:rank_asc:page:17,urn:gd:story:classification:gcp_physical:competitionId:285023:avg_speed:rank_asc:page:17
369768,285023_43928,Antonio Sanabria,Paraguay,FW,2.48,113,45,9967.8,physical,urn:gd:story:classification:gcp_physical:competitionId:285023:avg_speed:rank_asc:page:17,urn:gd:story:classification:gcp_physical:competitionId:285023:avg_speed:rank_asc:page:17
506069,285023_43818,Kevin Yakob,Iraq,MF,2.45,47,15,3609.05,physical,urn:gd:story:classification:gcp_physical:competitionId:285023:avg_speed:rank_asc:page:17,urn:gd:story:classification:gcp_physical:competitionId:285023:avg_speed:rank_asc:page:17
441362,285023_43888,Mortadha Ben Ouanes,Tunisia,DF,2.42,38,18,3378.97,physical,urn:gd:story:classification:gcp_physical:competitionId:285023:avg_speed:rank_asc:page:17,urn:gd:story:classification:gcp_physical:competitionId:285023:avg_speed:rank_asc:page:17
464458,285023_43818,Youssef Amyn,Iraq,MF,2.41,52,18,3954.85,physical,urn:gd:story:classification:gcp_physical:competitionId:285023:avg_speed:rank_asc:page:17,urn:gd:story:classification:gcp_physical:competitionId:285023:avg_speed:rank_asc:page:17
482670,285023_43817,Mohammad Ghorbani,IR Iran,MF,2.39,191,53,12481.86,physical,urn:gd:story:classification:gcp_physical:competitionId:285023:avg_speed:rank_asc:page:17,urn:gd:story:classification:gcp_physical:competitionId:285023:avg_speed:rank_asc:page:17
494800,285023_43835,Sultan Mandash,Saudi Arabia,FW,2.38,107,50,8464.47,physical,urn:gd:story:classification:gcp_physical:competitionId:285023:avg_speed:rank_asc:page:17,urn:gd:story:classification:gcp_physical:competitionId:285023:avg_speed:rank_asc:page:17
466359,285023_1895293,Godfried Roemeratoe,Curaçao,MF,2.36,19,6,1454.14,physical,urn:gd:story:classification:gcp_physical:competitionId:285023:avg_speed:rank_asc:page:17,urn:gd:story:classification:gcp_physical:competitionId:285023:avg_speed:rank_asc:page:17
422968,285023_43818,Mohanad Ali,Iraq,FW,2.36,36,16,2367.96,physical,urn:gd:story:classification:gcp_physical:competitionId:285023:avg_speed:rank_asc:page:17,urn:gd:story:classification:gcp_physical:competitionId:285023:avg_speed:rank_asc:page:17
433755,285023_43995,David Zima,Czechia,DF,2.36,23,9,2311.48,physical,urn:gd:story:classification:gcp_physical:competitionId:285023:avg_speed:rank_asc:page:17,urn:gd:story:classification:gcp_physical:competitionId:285023:avg_speed:rank_asc:page:17
434029,285023_43818,Ali Yousif,Iraq,FW,2.35,69,22,4539.67,physical,urn:gd:story:classification:gcp_physical:competitionId:285023:avg_speed:rank_asc:page:17,urn:gd:story:classification:gcp_physical:competitionId:285023:avg_speed:rank_asc:page:17
356673,285023_43834,Lucas Mendes,Qatar,DF,2.35,17,9,1535.0,physical,urn:gd:story:classification:gcp_physical:competitionId:285023:avg_speed:rank_asc:page:17,urn:gd:story:classification:gcp_physical:competitionId:285023:avg_speed:rank_asc:page:17
390535,285023_43817,Mehdi Torabi,IR Iran,MF,2.34,65,18,3461.66,physical,urn:gd:story:classification:gcp_physical:competitionId:285023:avg_speed:rank_asc:page:17,urn:gd:story:classification:gcp_physical:competitionId:285023:avg_speed:rank_asc:page:17
519985,285023_43995,Denis Visinsky,Czechia,FW,2.33,92,46,6956.61,physical,urn:gd:story:classification:gcp_physical:competitionId:285023:avg_speed:rank_asc:page:17,urn:gd:story:classification:gcp_physical:competitionId:285023:avg_speed:rank_asc:page:17
448585,285023_43822,Yang Hyunjun,Korea Republic,MF,2.31,37,21,2936.45,physical,urn:gd:story:classification:gcp_physical:competitionId:285023:avg_speed:rank_asc:page:17,urn:gd:story:classification:gcp_physical:competitionId:285023:avg_speed:rank_asc:page:17
386366,285023_43834,Almoez Ali,Qatar,FW,2.3,38,11,2859.04,physical,urn:gd:story:classification:gcp_physical:competitionId:285023:avg_speed:rank_asc:page:17,urn:gd:story:classification:gcp_physical:competitionId:285023:avg_speed:rank_asc:page:17
448580,285023_43822,Kim Moonhwan,Korea Republic,DF,2.29,109,52,8571.36,physical,urn:gd:story:classification:gcp_physical:competitionId:285023:avg_speed:rank_asc:page:17,urn:gd:story:classification:gcp_physical:competitionId:285023:avg_speed:rank_asc:page:17
345059,285023_43834,Abdulaziz Hatem,Qatar,MF,2.28,86,28,5826.99,physical,urn:gd:story:classification:gcp_physical:competitionId:285023:avg_speed:rank_asc:page:17,urn:gd:story:classification:gcp_physical:competitionId:285023:avg_speed:rank_asc:page:17
481220,285023_44005,Azizbek Amonov,Uzbekistan,FW,2.27,36,16,2708.07,physical,urn:gd:story:classification:gcp_physical:competitionId:285023:avg_speed:rank_asc:page:17,urn:gd:story:classification:gcp_physical:competitionId:285023:avg_speed:rank_asc:page:17
481181,285023_43817,Arya Yousefi,IR Iran,DF,2.27,84,31,5813.32,physical,urn:gd:story:classification:gcp_physical:competitionId:285023:avg_speed:rank_asc:page:17,urn:gd:story:classification:gcp_physical:competitionId:285023:avg_speed:rank_asc:page:17
506483,285023_43908,Yassin Fortune,Haiti,FW,2.25,24,5,1501.22,physical,urn:gd:story:classification:gcp_physical:competitionId:285023:avg_speed:rank_asc:page:17,urn:gd:story:classification:gcp_physical:competitionId:285023:avg_speed:rank_asc:page:17
431219,285023_43820,Saed Alrosan,Jordan,DF,2.24,36,12,2425.08,physical,urn:gd:story:classification:gcp_physical:competitionId:285023:avg_speed:rank_asc:page:17,urn:gd:story:classification:gcp_physical:competitionId:285023:avg_speed:rank_asc:page:17
489551,285023_43820,Mohammad Abualnadi,Jordan,DF,2.24,115,31,8415.95,physical,urn:gd:story:classification:gcp_physical:competitionId:285023:avg_speed:rank_asc:page:17,urn:gd:story:classification:gcp_physical:competitionId:285023:avg_speed:rank_asc:page:17
485767,285023_43872,Redouane Halhal,Morocco,DF,2.23,154,62,19377.5,physical,urn:gd:story:classification:gcp_physical:competitionId:285023:avg_speed:rank_asc:page:17,urn:gd:story:classification:gcp_physical:competitionId:285023:avg_speed:rank_asc:page:17
466352,285023_1895293,Kenji Gorre,Curaçao,FW,2.2,32,8,2257.01,physical,urn:gd:story:classification:gcp_physical:competitionId:285023:avg_speed:rank_asc:page:18,urn:gd:story:classification:gcp_physical:competitionId:285023:avg_speed:rank_asc:page:18
484276,285023_43818,Ahmed Maknazi,Iraq,DF,2.2,55,16,4276.36,physical,urn:gd:story:classification:gcp_physical:competitionId:285023:avg_speed:rank_asc:page:18,urn:gd:story:classification:gcp_physical:competitionId:285023:avg_speed:rank_asc:page:18
416989,285023_43817,Ali Alipour,IR Iran,FW,2.2,51,27,4655.69,physical,urn:gd:story:classification:gcp_physical:competitionId:285023:avg_speed:rank_asc:page:18,urn:gd:story:classification:gcp_physical:competitionId:285023:avg_speed:rank_asc:page:18
491167,285023_43820,Amer Jamous,Jordan,MF,2.19,48,10,2136.97,physical,urn:gd:story:classification:gcp_physical:competitionId:285023:avg_speed:rank_asc:page:18,urn:gd:story:classification:gcp_physical:competitionId:285023:avg_speed:rank_asc:page:18
356189,285023_43942,Jordan Henderson,England,MF,2.19,35,6,1790.68,physical,urn:gd:story:classification:gcp_physical:competitionId:285023:avg_speed:rank_asc:page:18,urn:gd:story:classification:gcp_physical:competitionId:285023:avg_speed:rank_asc:page:18
485379,285023_1895293,Shurandy Sambo,Curaçao,DF,2.18,9,4,726.32,physical,urn:gd:story:classification:gcp_physical:competitionId:285023:avg_speed:rank_asc:page:18,urn:gd:story:classification:gcp_physical:competitionId:285023:avg_speed:rank_asc:page:18
514334,285023_43995,Stepan Chaloupek,Czechia,DF,2.18,141,46,10873.66,physical,urn:gd:story:classification:gcp_physical:competitionId:285023:avg_speed:rank_asc:page:18,urn:gd:story:classification:gcp_physical:competitionId:285023:avg_speed:rank_asc:page:18
336170,285023_43972,Kaan Ayhan,Türkiye,MF,2.18,13,7,1239.03,physical,urn:gd:story:classification:gcp_physical:competitionId:285023:avg_speed:rank_asc:page:18,urn:gd:story:classification:gcp_physical:competitionId:285023:avg_speed:rank_asc:page:18
494374,285023_43888,Hazem Mastouri,Tunisia,FW,2.17,106,39,10041.14,physical,urn:gd:story:classification:gcp_physical:competitionId:285023:avg_speed:rank_asc:page:18,urn:gd:story:classification:gcp_physical:competitionId:285023:avg_speed:rank_asc:page:18
511828,285023_43822,Castrop Jens,Korea Republic,DF,2.16,40,32,5519.79,physical,urn:gd:story:classification:gcp_physical:competitionId:285023:avg_speed:rank_asc:page:18,urn:gd:story:classification:gcp_physical:competitionId:285023:avg_speed:rank_asc:page:18
332897,285023_43930,Rodrigo Aguirre,Uruguay,FW,2.15,12,4,898.68,physical,urn:gd:story:classification:gcp_physical:competitionId:285023:avg_speed:rank_asc:page:18,urn:gd:story:classification:gcp_physical:competitionId:285023:avg_speed:rank_asc:page:18
45191,285023_43820,Mohammad Aldaoud,Jordan,MF,2.14,28,7,1620.24,physical,urn:gd:story:classification:gcp_physical:competitionId:285023:avg_speed:rank_asc:page:18,urn:gd:story:classification:gcp_physical:competitionId:285023:avg_speed:rank_asc:page:18
489691,285023_43970,Gustaf Nilsson,Sweden,FW,2.14,11,2,713.65,physical,urn:gd:story:classification:gcp_physical:competitionId:285023:avg_speed:rank_asc:page:18,urn:gd:story:classification:gcp_physical:competitionId:285023:avg_speed:rank_asc:page:18
390276,285023_43921,Haji Wright,USA,FW,2.14,6,3,352.99,physical,urn:gd:story:classification:gcp_physical:competitionId:285023:avg_speed:rank_asc:page:18,urn:gd:story:classification:gcp_physical:competitionId:285023:avg_speed:rank_asc:page:18
486076,285023_43972,Oguz Aydin,Türkiye,FW,2.13,103,55,10321.84,physical,urn:gd:story:classification:gcp_physical:competitionId:285023:avg_speed:rank_asc:page:18,urn:gd:story:classification:gcp_physical:competitionId:285023:avg_speed:rank_asc:page:18
430465,285023_43855,Ibrahim Adel,Egypt,FW,2.13,18,8,1006.49,physical,urn:gd:story:classification:gcp_physical:competitionId:285023:avg_speed:rank_asc:page:18,urn:gd:story:classification:gcp_physical:competitionId:285023:avg_speed:rank_asc:page:18
448124,285023_43971,Christian Fassnacht,Switzerland,FW,2.13,31,14,1743.81,physical,urn:gd:story:classification:gcp_physical:competitionId:285023:avg_speed:rank_asc:page:18,urn:gd:story:classification:gcp_physical:competitionId:285023:avg_speed:rank_asc:page:18
402895,285023_43930,Matias Vina,Uruguay,DF,2.12,71,30,5227.49,physical,urn:gd:story:classification:gcp_physical:competitionId:285023:avg_speed:rank_asc:page:18,urn:gd:story:classification:gcp_physical:competitionId:285023:avg_speed:rank_asc:page:18
442428,285023_43967,Aaron Hickey,Scotland,DF,2.11,103,30,8361.39,physical,urn:gd:story:classification:gcp_physical:competitionId:285023:avg_speed:rank_asc:page:18,urn:gd:story:classification:gcp_physical:competitionId:285023:avg_speed:rank_asc:page:18
485069,285023_43924,Ederson Silva,Brazil,MF,2.11,34,17,2090.32,physical,urn:gd:story:classification:gcp_physical:competitionId:285023:avg_speed:rank_asc:page:18,urn:gd:story:classification:gcp_physical:competitionId:285023:avg_speed:rank_asc:page:18
269514,285023_43914,Anibal Godoy,Panama,MF,2.1,18,4,1239.04,physical,urn:gd:story:classification:gcp_physical:competitionId:285023:avg_speed:rank_asc:page:18,urn:gd:story:classification:gcp_physical:competitionId:285023:avg_speed:rank_asc:page:18
441239,285023_43914,Jorge Gutierrez,Panama,DF,2.1,117,43,9490.21,physical,urn:gd:story:classification:gcp_physical:competitionId:285023:avg_speed:rank_asc:page:18,urn:gd:story:classification:gcp_physical:competitionId:285023:avg_speed:rank_asc:page:18
483936,285023_43995,David Doudera,Czechia,DF,2.09,114,34,10486.58,physical,urn:gd:story:classification:gcp_physical:competitionId:285023:avg_speed:rank_asc:page:18,urn:gd:story:classification:gcp_physical:competitionId:285023:avg_speed:rank_asc:page:18
419654,285023_43961,Jens Petter Hauge,Norway,MF,2.08,26,14,1718.66,physical,urn:gd:story:classification:gcp_physical:competitionId:285023:avg_speed:rank_asc:page:18,urn:gd:story:classification:gcp_physical:competitionId:285023:avg_speed:rank_asc:page:18
385139,285023_44005,Farrukh Sayfiev,Uzbekistan,DF,2.07,71,31,5770.14,physical,urn:gd:story:classification:gcp_physical:competitionId:285023:avg_speed:rank_asc:page:18,urn:gd:story:classification:gcp_physical:competitionId:285023:avg_speed:rank_asc:page:18
419567,285023_43978,Callan Elliot,New Zealand,DF,2.07,19,8,1875.73,physical,urn:gd:story:classification:gcp_physical:competitionId:285023:avg_speed:rank_asc:page:18,urn:gd:story:classification:gcp_physical:competitionId:285023:avg_speed:rank_asc:page:18
411653,285023_43888,Dylan Bronn,Tunisia,DF,2.04,38,13,5012.71,physical,urn:gd:story:classification:gcp_physical:competitionId:285023:avg_speed:rank_asc:page:18,urn:gd:story:classification:gcp_physical:competitionId:285023:avg_speed:rank_asc:page:18
419436,285023_43834,Ahmed Alganehi,Qatar,MF,2.04,51,24,4200.63,physical,urn:gd:story:classification:gcp_physical:competitionId:285023:avg_speed:rank_asc:page:18,urn:gd:story:classification:gcp_physical:competitionId:285023:avg_speed:rank_asc:page:18
520218,285023_43819,Kento Shiogai,Japan,FW,2.04,20,11,1755.39,physical,urn:gd:story:classification:gcp_physical:competitionId:285023:avg_speed:rank_asc:page:18,urn:gd:story:classification:gcp_physical:competitionId:285023:avg_speed:rank_asc:page:18
390278,285023_43921,Alex Zendejas,USA,FW,2.03,53,20,3064.71,physical,urn:gd:story:classification:gcp_physical:competitionId:285023:avg_speed:rank_asc:page:18,urn:gd:story:classification:gcp_physical:competitionId:285023:avg_speed:rank_asc:page:18
479056,285023_43818,Mustafa Saadoon,Iraq,DF,2.01,26,15,2482.84,physical,urn:gd:story:classification:gcp_physical:competitionId:285023:avg_speed:rank_asc:page:18,urn:gd:story:classification:gcp_physical:competitionId:285023:avg_speed:rank_asc:page:18
448821,285023_43879,Mory Diaw,Senegal,GK,2.0,15,4,12541.47,physical,urn:gd:story:classification:gcp_physical:competitionId:285023:avg_speed:rank_asc:page:18,urn:gd:story:classification:gcp_physical:competitionId:285023:avg_speed:rank_asc:page:18
389879,285023_43843,Luca Zidane,Algeria,GK,1.99,42,13,13382.13,physical,urn:gd:story:classification:gcp_physical:competitionId:285023:avg_speed:rank_asc:page:18,urn:gd:story:classification:gcp_physical:competitionId:285023:avg_speed:rank_asc:page:18
484848,285023_43948,Pascal Gross,Germany,MF,1.99,58,15,3218.51,physical,urn:gd:story:classification:gcp_physical:competitionId:285023:avg_speed:rank_asc:page:18,urn:gd:story:classification:gcp_physical:competitionId:285023:avg_speed:rank_asc:page:18
406249,285023_43972,Ozan Kabak,Türkiye,DF,1.98,100,33,10366.33,physical,urn:gd:story:classification:gcp_physical:competitionId:285023:avg_speed:rank_asc:page:18,urn:gd:story:classification:gcp_physical:competitionId:285023:avg_speed:rank_asc:page:18
486614,285023_43834,Alhashmi Alhussein,Qatar,DF,1.97,50,20,4072.3,physical,urn:gd:story:classification:gcp_physical:competitionId:285023:avg_speed:rank_asc:page:18,urn:gd:story:classification:gcp_physical:competitionId:285023:avg_speed:rank_asc:page:18
424056,285023_1895293,Sontje Hansen,Curaçao,FW,1.96,59,26,4910.75,physical,urn:gd:story:classification:gcp_physical:competitionId:285023:avg_speed:rank_asc:page:18,urn:gd:story:classification:gcp_physical:competitionId:285023:avg_speed:rank_asc:page:18
436863,285023_43818,Frans Putros,Iraq,DF,1.95,106,32,10283.22,physical,urn:gd:story:classification:gcp_physical:competitionId:285023:avg_speed:rank_asc:page:18,urn:gd:story:classification:gcp_physical:competitionId:285023:avg_speed:rank_asc:page:18
434024,285023_43818,Munaf Younus,Iraq,DF,1.95,63,22,8749.67,physical,urn:gd:story:classification:gcp_physical:competitionId:285023:avg_speed:rank_asc:page:18,urn:gd:story:classification:gcp_physical:competitionId:285023:avg_speed:rank_asc:page:18
492189,285023_43926,Andres Gomez,Colombia,FW,1.95,16,6,1042.07,physical,urn:gd:story:classification:gcp_physical:competitionId:285023:avg_speed:rank_asc:page:18,urn:gd:story:classification:gcp_physical:competitionId:285023:avg_speed:rank_asc:page:18
506038,285023_43883,Kamogelo Sebelebele,South Africa,FW,1.94,27,11,1742.93,physical,urn:gd:story:classification:gcp_physical:competitionId:285023:avg_speed:rank_asc:page:18,urn:gd:story:classification:gcp_physical:competitionId:285023:avg_speed:rank_asc:page:18
385030,285023_43914,Fidel Escobar,Panama,DF,1.93,106,45,9536.99,physical,urn:gd:story:classification:gcp_physical:competitionId:285023:avg_speed:rank_asc:page:18,urn:gd:story:classification:gcp_physical:competitionId:285023:avg_speed:rank_asc:page:18
448203,285023_43942,Ollie Watkins,England,FW,1.91,26,9,1546.81,physical,urn:gd:story:classification:gcp_physical:competitionId:285023:avg_speed:rank_asc:page:18,urn:gd:story:classification:gcp_physical:competitionId:285023:avg_speed:rank_asc:page:18
418561,285023_43963,Francisco Trincao,Portugal,FW,1.9,56,32,4066.95,physical,urn:gd:story:classification:gcp_physical:competitionId:285023:avg_speed:rank_asc:page:18,urn:gd:story:classification:gcp_physical:competitionId:285023:avg_speed:rank_asc:page:18
419055,285023_43921,Brenden Aaronson,USA,FW,1.87,127,70,10271.7,physical,urn:gd:story:classification:gcp_physical:competitionId:285023:avg_speed:rank_asc:page:18,urn:gd:story:classification:gcp_physical:competitionId:285023:avg_speed:rank_asc:page:18
433571,285023_43818,Ahmed Basil,Iraq,GK,1.87,10,2,7048.26,physical,urn:gd:story:classification:gcp_physical:competitionId:285023:avg_speed:rank_asc:page:18,urn:gd:story:classification:gcp_physical:competitionId:285023:avg_speed:rank_asc:page:18
442431,285023_43967,Scott Mckenna,Scotland,DF,1.87,63,17,9598.73,physical,urn:gd:story:classification:gcp_physical:competitionId:285023:avg_speed:rank_asc:page:18,urn:gd:story:classification:gcp_physical:competitionId:285023:avg_speed:rank_asc:page:18
406135,285023_43911,Cesar Huerta,Mexico,FW,1.86,21,7,1580.4,physical,urn:gd:story:classification:gcp_physical:competitionId:285023:avg_speed:rank_asc:page:18,urn:gd:story:classification:gcp_physical:competitionId:285023:avg_speed:rank_asc:page:18
403236,285023_43817,Mehdi Ghayedi,IR Iran,FW,1.86,50,24,4683.23,physical,urn:gd:story:classification:gcp_physical:competitionId:285023:avg_speed:rank_asc:page:18,urn:gd:story:classification:gcp_physical:competitionId:285023:avg_speed:rank_asc:page:18
485503,285023_43819,Yuito Suzuki,Japan,MF,1.86,32,14,2226.64,physical,urn:gd:story:classification:gcp_physical:competitionId:285023:avg_speed:rank_asc:page:18,urn:gd:story:classification:gcp_physical:competitionId:285023:avg_speed:rank_asc:page:18
419300,285023_43835,Khalid Alghannam,Saudi Arabia,FW,1.85,10,4,790.29,physical,urn:gd:story:classification:gcp_physical:competitionId:285023:avg_speed:rank_asc:page:19,urn:gd:story:classification:gcp_physical:competitionId:285023:avg_speed:rank_asc:page:19
494349,285023_43860,Benjamin Asare,Ghana,GK,1.85,8,2,10835.06,physical,urn:gd:story:classification:gcp_physical:competitionId:285023:avg_speed:rank_asc:page:19,urn:gd:story:classification:gcp_physical:competitionId:285023:avg_speed:rank_asc:page:19
433067,285023_43961,Morten Thorsby,Norway,MF,1.84,107,30,6152.57,physical,urn:gd:story:classification:gcp_physical:competitionId:285023:avg_speed:rank_asc:page:19,urn:gd:story:classification:gcp_physical:competitionId:285023:avg_speed:rank_asc:page:19
367536,285023_43860,Baba Rahman,Ghana,DF,1.83,2,1,168.97,physical,urn:gd:story:classification:gcp_physical:competitionId:285023:avg_speed:rank_asc:page:19,urn:gd:story:classification:gcp_physical:competitionId:285023:avg_speed:rank_asc:page:19
477778,285023_43854,Simon Adingra,Côte d'Ivoire,FW,1.82,35,14,2769.08,physical,urn:gd:story:classification:gcp_physical:competitionId:285023:avg_speed:rank_asc:page:19,urn:gd:story:classification:gcp_physical:competitionId:285023:avg_speed:rank_asc:page:19
466361,285023_1895293,Roshon Van Eijma,Curaçao,DF,1.82,18,5,1852.02,physical,urn:gd:story:classification:gcp_physical:competitionId:285023:avg_speed:rank_asc:page:19,urn:gd:story:classification:gcp_physical:competitionId:285023:avg_speed:rank_asc:page:19
484728,285023_43969,Marc Pubill,Spain,DF,1.82,6,3,455.66,physical,urn:gd:story:classification:gcp_physical:competitionId:285023:avg_speed:rank_asc:page:19,urn:gd:story:classification:gcp_physical:competitionId:285023:avg_speed:rank_asc:page:19
335658,285023_43924,Alex Sandro,Brazil,DF,1.81,31,8,1822.47,physical,urn:gd:story:classification:gcp_physical:competitionId:285023:avg_speed:rank_asc:page:19,urn:gd:story:classification:gcp_physical:competitionId:285023:avg_speed:rank_asc:page:19
347085,285023_43818,Jalal Hassan,Iraq,GK,1.8,9,2,7078.62,physical,urn:gd:story:classification:gcp_physical:competitionId:285023:avg_speed:rank_asc:page:19,urn:gd:story:classification:gcp_physical:competitionId:285023:avg_speed:rank_asc:page:19
448159,285023_43960,Wout Weghorst,Netherlands,FW,1.8,109,30,7013.96,physical,urn:gd:story:classification:gcp_physical:competitionId:285023:avg_speed:rank_asc:page:19,urn:gd:story:classification:gcp_physical:competitionId:285023:avg_speed:rank_asc:page:19
401167,285023_43972,Caglar Soyuncu,Türkiye,DF,1.8,9,3,1394.51,physical,urn:gd:story:classification:gcp_physical:competitionId:285023:avg_speed:rank_asc:page:19,urn:gd:story:classification:gcp_physical:competitionId:285023:avg_speed:rank_asc:page:19
479110,285023_44005,Abduvohid Nematov,Uzbekistan,GK,1.79,20,2,9231.32,physical,urn:gd:story:classification:gcp_physical:competitionId:285023:avg_speed:rank_asc:page:19,urn:gd:story:classification:gcp_physical:competitionId:285023:avg_speed:rank_asc:page:19
335807,285023_43854,Jean Michael Seri,Côte d'Ivoire,MF,1.77,28,7,2281.37,physical,urn:gd:story:classification:gcp_physical:competitionId:285023:avg_speed:rank_asc:page:19,urn:gd:story:classification:gcp_physical:competitionId:285023:avg_speed:rank_asc:page:19
314197,285023_43924,Neymar Jr,Brazil,FW,1.77,33,8,2431.01,physical,urn:gd:story:classification:gcp_physical:competitionId:285023:avg_speed:rank_asc:page:19,urn:gd:story:classification:gcp_physical:competitionId:285023:avg_speed:rank_asc:page:19
448160,285023_43938,Luka Sucic,Croatia,MF,1.76,31,17,2774.75,physical,urn:gd:story:classification:gcp_physical:competitionId:285023:avg_speed:rank_asc:page:19,urn:gd:story:classification:gcp_physical:competitionId:285023:avg_speed:rank_asc:page:19
448157,285023_43960,Guus Til,Netherlands,MF,1.75,56,28,4267.29,physical,urn:gd:story:classification:gcp_physical:competitionId:285023:avg_speed:rank_asc:page:19,urn:gd:story:classification:gcp_physical:competitionId:285023:avg_speed:rank_asc:page:19
402044,285023_43960,Marten De Roon,Netherlands,MF,1.75,23,4,1374.64,physical,urn:gd:story:classification:gcp_physical:competitionId:285023:avg_speed:rank_asc:page:19,urn:gd:story:classification:gcp_physical:competitionId:285023:avg_speed:rank_asc:page:19
464339,285023_43819,Keisuke Goto,Japan,FW,1.75,15,10,1396.31,physical,urn:gd:story:classification:gcp_physical:competitionId:285023:avg_speed:rank_asc:page:19,urn:gd:story:classification:gcp_physical:competitionId:285023:avg_speed:rank_asc:page:19
406606,285023_43976,Awer Mabil,Australia,FW,1.75,55,20,3742.93,physical,urn:gd:story:classification:gcp_physical:competitionId:285023:avg_speed:rank_asc:page:19,urn:gd:story:classification:gcp_physical:competitionId:285023:avg_speed:rank_asc:page:19
477790,285023_43843,Mohamed Amoura,Algeria,FW,1.74,57,24,3799.52,physical,urn:gd:story:classification:gcp_physical:competitionId:285023:avg_speed:rank_asc:page:19,urn:gd:story:classification:gcp_physical:competitionId:285023:avg_speed:rank_asc:page:19
395414,285023_43922,Giovani Lo Celso,Argentina,MF,1.74,123,23,7525.5,physical,urn:gd:story:classification:gcp_physical:competitionId:285023:avg_speed:rank_asc:page:19,urn:gd:story:classification:gcp_physical:competitionId:285023:avg_speed:rank_asc:page:19
441148,285023_43963,Matheus Nunes,Portugal,MF,1.74,6,2,432.75,physical,urn:gd:story:classification:gcp_physical:competitionId:285023:avg_speed:rank_asc:page:19,urn:gd:story:classification:gcp_physical:competitionId:285023:avg_speed:rank_asc:page:19
493221,285023_43971,Miro Muheim,Switzerland,DF,1.73,18,7,1040.17,physical,urn:gd:story:classification:gcp_physical:competitionId:285023:avg_speed:rank_asc:page:19,urn:gd:story:classification:gcp_physical:competitionId:285023:avg_speed:rank_asc:page:19
519836,285023_43924,Igor Thiago,Brazil,FW,1.73,95,43,7498.81,physical,urn:gd:story:classification:gcp_physical:competitionId:285023:avg_speed:rank_asc:page:19,urn:gd:story:classification:gcp_physical:competitionId:285023:avg_speed:rank_asc:page:19
483530,285023_43961,Fredrik Andre Bjorkan,Norway,DF,1.72,70,29,5776.79,physical,urn:gd:story:classification:gcp_physical:competitionId:285023:avg_speed:rank_asc:page:19,urn:gd:story:classification:gcp_physical:competitionId:285023:avg_speed:rank_asc:page:19
484698,285023_43879,Assane Diao,Senegal,FW,1.72,23,12,1835.5,physical,urn:gd:story:classification:gcp_physical:competitionId:285023:avg_speed:rank_asc:page:19,urn:gd:story:classification:gcp_physical:competitionId:285023:avg_speed:rank_asc:page:19
433806,285023_43879,Edouard Mendy,Senegal,GK,1.72,18,2,9883.83,physical,urn:gd:story:classification:gcp_physical:competitionId:285023:avg_speed:rank_asc:page:19,urn:gd:story:classification:gcp_physical:competitionId:285023:avg_speed:rank_asc:page:19
429640,285023_43948,Angelo Stiller,Germany,MF,1.71,85,18,5947.34,physical,urn:gd:story:classification:gcp_physical:competitionId:285023:avg_speed:rank_asc:page:19,urn:gd:story:classification:gcp_physical:competitionId:285023:avg_speed:rank_asc:page:19
463661,285023_43922,Valentin Barco,Argentina,MF,1.71,41,14,2814.61,physical,urn:gd:story:classification:gcp_physical:competitionId:285023:avg_speed:rank_asc:page:19,urn:gd:story:classification:gcp_physical:competitionId:285023:avg_speed:rank_asc:page:19
491218,285023_43948,Jamie Leweling,Germany,MF,1.71,55,20,4276.01,physical,urn:gd:story:classification:gcp_physical:competitionId:285023:avg_speed:rank_asc:page:19,urn:gd:story:classification:gcp_physical:competitionId:285023:avg_speed:rank_asc:page:19
436599,285023_43921,Miles Robinson,USA,DF,1.7,134,43,11909.05,physical,urn:gd:story:classification:gcp_physical:competitionId:285023:avg_speed:rank_asc:page:19,urn:gd:story:classification:gcp_physical:competitionId:285023:avg_speed:rank_asc:page:19
477853,285023_20014,Gedeon Kalulu,Congo DR,DF,1.7,20,6,1186.84,physical,urn:gd:story:classification:gcp_physical:competitionId:285023:avg_speed:rank_asc:page:19,urn:gd:story:classification:gcp_physical:competitionId:285023:avg_speed:rank_asc:page:19
398569,285023_1895293,Riechedly Bazoer,Curaçao,DF,1.69,60,15,8506.82,physical,urn:gd:story:classification:gcp_physical:competitionId:285023:avg_speed:rank_asc:page:19,urn:gd:story:classification:gcp_physical:competitionId:285023:avg_speed:rank_asc:page:19
448127,285023_43971,Noah Okafor,Switzerland,FW,1.69,38,11,2914.43,physical,urn:gd:story:classification:gcp_physical:competitionId:285023:avg_speed:rank_asc:page:19,urn:gd:story:classification:gcp_physical:competitionId:285023:avg_speed:rank_asc:page:19
463495,285023_43927,Kendry Paez,Ecuador,MF,1.69,33,15,2319.6,physical,urn:gd:story:classification:gcp_physical:competitionId:285023:avg_speed:rank_asc:page:19,urn:gd:story:classification:gcp_physical:competitionId:285023:avg_speed:rank_asc:page:19
482783,285023_43850,Wagner Pina,Cabo Verde,DF,1.68,134,74,11150.18,physical,urn:gd:story:classification:gcp_physical:competitionId:285023:avg_speed:rank_asc:page:19,urn:gd:story:classification:gcp_physical:competitionId:285023:avg_speed:rank_asc:page:19
418781,285023_43879,Bamba Dieng,Senegal,FW,1.68,28,15,1882.12,physical,urn:gd:story:classification:gcp_physical:competitionId:285023:avg_speed:rank_asc:page:19,urn:gd:story:classification:gcp_physical:competitionId:285023:avg_speed:rank_asc:page:19
418881,285023_43926,Cucho Hernandez,Colombia,FW,1.67,28,7,2325.55,physical,urn:gd:story:classification:gcp_physical:competitionId:285023:avg_speed:rank_asc:page:19,urn:gd:story:classification:gcp_physical:competitionId:285023:avg_speed:rank_asc:page:19
494627,285023_43961,Thelo Aasgaard,Norway,MF,1.67,127,39,11184.96,physical,urn:gd:story:classification:gcp_physical:competitionId:285023:avg_speed:rank_asc:page:19,urn:gd:story:classification:gcp_physical:competitionId:285023:avg_speed:rank_asc:page:19
441132,285023_43970,Carl Starfelt,Sweden,DF,1.66,8,3,1116.66,physical,urn:gd:story:classification:gcp_physical:competitionId:285023:avg_speed:rank_asc:page:19,urn:gd:story:classification:gcp_physical:competitionId:285023:avg_speed:rank_asc:page:19
403109,285023_43946,Marcus Thuram,France,FW,1.66,5,2,295.8,physical,urn:gd:story:classification:gcp_physical:competitionId:285023:avg_speed:rank_asc:page:19,urn:gd:story:classification:gcp_physical:competitionId:285023:avg_speed:rank_asc:page:19
485666,285023_43946,Maghnes Akliouche,France,MF,1.66,24,5,1369.75,physical,urn:gd:story:classification:gcp_physical:competitionId:285023:avg_speed:rank_asc:page:19,urn:gd:story:classification:gcp_physical:competitionId:285023:avg_speed:rank_asc:page:19
491216,285023_43963,Samu Costa,Portugal,DF,1.65,33,7,2859.94,physical,urn:gd:story:classification:gcp_physical:competitionId:285023:avg_speed:rank_asc:page:19,urn:gd:story:classification:gcp_physical:competitionId:285023:avg_speed:rank_asc:page:19
485595,285023_43922,Giuliano Simeone,Argentina,FW,1.64,102,40,8279.41,physical,urn:gd:story:classification:gcp_physical:competitionId:285023:avg_speed:rank_asc:page:19,urn:gd:story:classification:gcp_physical:competitionId:285023:avg_speed:rank_asc:page:19
448120,285023_43971,Ardon Jashari,Switzerland,MF,1.64,19,3,1008.65,physical,urn:gd:story:classification:gcp_physical:competitionId:285023:avg_speed:rank_asc:page:19,urn:gd:story:classification:gcp_physical:competitionId:285023:avg_speed:rank_asc:page:19
321697,285023_43976,Mathew Leckie,Australia,FW,1.64,100,31,7358.47,physical,urn:gd:story:classification:gcp_physical:competitionId:285023:avg_speed:rank_asc:page:19,urn:gd:story:classification:gcp_physical:competitionId:285023:avg_speed:rank_asc:page:19
394993,285023_43908,Duckens Nazon,Haiti,FW,1.63,27,8,2597.09,physical,urn:gd:story:classification:gcp_physical:competitionId:285023:avg_speed:rank_asc:page:19,urn:gd:story:classification:gcp_physical:competitionId:285023:avg_speed:rank_asc:page:19
495054,285023_43922,Jose Manuel Lopez,Argentina,FW,1.62,22,11,1465.77,physical,urn:gd:story:classification:gcp_physical:competitionId:285023:avg_speed:rank_asc:page:19,urn:gd:story:classification:gcp_physical:competitionId:285023:avg_speed:rank_asc:page:19
484850,285023_43948,Maximilian Beier,Germany,FW,1.62,46,16,3573.92,physical,urn:gd:story:classification:gcp_physical:competitionId:285023:avg_speed:rank_asc:page:19,urn:gd:story:classification:gcp_physical:competitionId:285023:avg_speed:rank_asc:page:19
419077,285023_43921,Mark Mckenzie,USA,DF,1.62,148,50,11338.0,physical,urn:gd:story:classification:gcp_physical:competitionId:285023:avg_speed:rank_asc:page:19,urn:gd:story:classification:gcp_physical:competitionId:285023:avg_speed:rank_asc:page:19
520072,285023_43843,Fares Ghedjemis,Algeria,FW,1.62,5,4,300.02,physical,urn:gd:story:classification:gcp_physical:competitionId:285023:avg_speed:rank_asc:page:20,urn:gd:story:classification:gcp_physical:competitionId:285023:avg_speed:rank_asc:page:20
523354,285023_43879,Bara Sapoko Ndiaye,Senegal,MF,1.62,56,15,3984.92,physical,urn:gd:story:classification:gcp_physical:competitionId:285023:avg_speed:rank_asc:page:20,urn:gd:story:classification:gcp_physical:competitionId:285023:avg_speed:rank_asc:page:20
424106,285023_43855,Haissem Hassan,Egypt,FW,1.62,79,27,6544.52,physical,urn:gd:story:classification:gcp_physical:competitionId:285023:avg_speed:rank_asc:page:20,urn:gd:story:classification:gcp_physical:competitionId:285023:avg_speed:rank_asc:page:20
386339,285023_43911,Guillermo Martinez,Mexico,FW,1.61,76,37,7134.93,physical,urn:gd:story:classification:gcp_physical:competitionId:285023:avg_speed:rank_asc:page:20,urn:gd:story:classification:gcp_physical:competitionId:285023:avg_speed:rank_asc:page:20
430196,285023_44037,Amir Hadziahmetovic,Bosnia and Herzegovina,MF,1.61,21,5,1349.67,physical,urn:gd:story:classification:gcp_physical:competitionId:285023:avg_speed:rank_asc:page:20,urn:gd:story:classification:gcp_physical:competitionId:285023:avg_speed:rank_asc:page:20
494411,285023_43976,Kai Trewin,Australia,DF,1.6,98,41,8815.94,physical,urn:gd:story:classification:gcp_physical:competitionId:285023:avg_speed:rank_asc:page:20,urn:gd:story:classification:gcp_physical:competitionId:285023:avg_speed:rank_asc:page:20
486260,285023_43854,Christopher Operi,Côte d'Ivoire,DF,1.6,142,55,10698.42,physical,urn:gd:story:classification:gcp_physical:competitionId:285023:avg_speed:rank_asc:page:20,urn:gd:story:classification:gcp_physical:competitionId:285023:avg_speed:rank_asc:page:20
520071,285023_43843,Nadhir Benbouali,Algeria,FW,1.6,66,35,5586.09,physical,urn:gd:story:classification:gcp_physical:competitionId:285023:avg_speed:rank_asc:page:20,urn:gd:story:classification:gcp_physical:competitionId:285023:avg_speed:rank_asc:page:20
448569,285023_43819,Shuto Machino,Japan,FW,1.59,27,8,2487.67,physical,urn:gd:story:classification:gcp_physical:competitionId:285023:avg_speed:rank_asc:page:20,urn:gd:story:classification:gcp_physical:competitionId:285023:avg_speed:rank_asc:page:20
489685,285023_43970,Jacob Widell Zetterstrom,Sweden,GK,1.58,17,8,10559.21,physical,urn:gd:story:classification:gcp_physical:competitionId:285023:avg_speed:rank_asc:page:20,urn:gd:story:classification:gcp_physical:competitionId:285023:avg_speed:rank_asc:page:20
433365,285023_43888,Aymen Dahmen,Tunisia,GK,1.57,9,0,7797.05,physical,urn:gd:story:classification:gcp_physical:competitionId:285023:avg_speed:rank_asc:page:20,urn:gd:story:classification:gcp_physical:competitionId:285023:avg_speed:rank_asc:page:20
403304,285023_43819,Takefusa Kubo,Japan,MF,1.57,85,32,7808.85,physical,urn:gd:story:classification:gcp_physical:competitionId:285023:avg_speed:rank_asc:page:20,urn:gd:story:classification:gcp_physical:competitionId:285023:avg_speed:rank_asc:page:20
485063,285023_44037,Samed Bazdar,Bosnia and Herzegovina,FW,1.57,28,13,3649.89,physical,urn:gd:story:classification:gcp_physical:competitionId:285023:avg_speed:rank_asc:page:20,urn:gd:story:classification:gcp_physical:competitionId:285023:avg_speed:rank_asc:page:20
497902,285023_43935,Diego Moreira,Belgium,MF,1.57,109,55,8031.47,physical,urn:gd:story:classification:gcp_physical:competitionId:285023:avg_speed:rank_asc:page:20,urn:gd:story:classification:gcp_physical:competitionId:285023:avg_speed:rank_asc:page:20
500038,285023_43911,Mateo Chavez,Mexico,DF,1.56,96,41,8450.23,physical,urn:gd:story:classification:gcp_physical:competitionId:285023:avg_speed:rank_asc:page:20,urn:gd:story:classification:gcp_physical:competitionId:285023:avg_speed:rank_asc:page:20
430594,285023_43924,Roger Ibanez,Brazil,DF,1.55,65,30,5075.62,physical,urn:gd:story:classification:gcp_physical:competitionId:285023:avg_speed:rank_asc:page:20,urn:gd:story:classification:gcp_physical:competitionId:285023:avg_speed:rank_asc:page:20
463468,285023_43927,Alan Minda,Ecuador,MF,1.55,80,31,6170.77,physical,urn:gd:story:classification:gcp_physical:competitionId:285023:avg_speed:rank_asc:page:20,urn:gd:story:classification:gcp_physical:competitionId:285023:avg_speed:rank_asc:page:20
394829,285023_43928,Fabian Balbuena,Paraguay,DF,1.55,2,1,90.04,physical,urn:gd:story:classification:gcp_physical:competitionId:285023:avg_speed:rank_asc:page:20,urn:gd:story:classification:gcp_physical:competitionId:285023:avg_speed:rank_asc:page:20
483512,285023_43960,Jorrel Hato,Netherlands,DF,1.55,45,17,4437.91,physical,urn:gd:story:classification:gcp_physical:competitionId:285023:avg_speed:rank_asc:page:20,urn:gd:story:classification:gcp_physical:competitionId:285023:avg_speed:rank_asc:page:20
463809,285023_43942,Jarell Quansah,England,DF,1.54,78,34,6593.19,physical,urn:gd:story:classification:gcp_physical:competitionId:285023:avg_speed:rank_asc:page:20,urn:gd:story:classification:gcp_physical:competitionId:285023:avg_speed:rank_asc:page:20
419005,285023_43927,Jordy Alcivar,Ecuador,MF,1.54,63,23,5065.44,physical,urn:gd:story:classification:gcp_physical:competitionId:285023:avg_speed:rank_asc:page:20,urn:gd:story:classification:gcp_physical:competitionId:285023:avg_speed:rank_asc:page:20
430766,285023_43911,Alexis Vega,Mexico,FW,1.53,28,10,1915.42,physical,urn:gd:story:classification:gcp_physical:competitionId:285023:avg_speed:rank_asc:page:20,urn:gd:story:classification:gcp_physical:competitionId:285023:avg_speed:rank_asc:page:20
394376,285023_43926,Deiver Machado,Colombia,DF,1.52,117,56,10069.09,physical,urn:gd:story:classification:gcp_physical:competitionId:285023:avg_speed:rank_asc:page:20,urn:gd:story:classification:gcp_physical:competitionId:285023:avg_speed:rank_asc:page:20
463489,285023_43927,Yaimar Medina,Ecuador,DF,1.52,58,28,5486.23,physical,urn:gd:story:classification:gcp_physical:competitionId:285023:avg_speed:rank_asc:page:20,urn:gd:story:classification:gcp_physical:competitionId:285023:avg_speed:rank_asc:page:20
511010,285023_43843,Samir Chergui,Algeria,DF,1.52,20,6,2625.06,physical,urn:gd:story:classification:gcp_physical:competitionId:285023:avg_speed:rank_asc:page:20,urn:gd:story:classification:gcp_physical:competitionId:285023:avg_speed:rank_asc:page:20
492358,285023_43963,Tomas Araujo,Portugal,DF,1.52,113,39,10213.3,physical,urn:gd:story:classification:gcp_physical:competitionId:285023:avg_speed:rank_asc:page:20,urn:gd:story:classification:gcp_physical:competitionId:285023:avg_speed:rank_asc:page:20
395286,285023_43970,Ken Sema,Sweden,MF,1.52,22,7,2294.51,physical,urn:gd:story:classification:gcp_physical:competitionId:285023:avg_speed:rank_asc:page:20,urn:gd:story:classification:gcp_physical:competitionId:285023:avg_speed:rank_asc:page:20
430194,285023_44037,Dennis Hadzikadunic,Bosnia and Herzegovina,DF,1.52,32,11,3338.81,physical,urn:gd:story:classification:gcp_physical:competitionId:285023:avg_speed:rank_asc:page:20,urn:gd:story:classification:gcp_physical:competitionId:285023:avg_speed:rank_asc:page:20
315614,285023_43926,Santiago Arias,Colombia,DF,1.51,80,50,9047.2,physical,urn:gd:story:classification:gcp_physical:competitionId:285023:avg_speed:rank_asc:page:20,urn:gd:story:classification:gcp_physical:competitionId:285023:avg_speed:rank_asc:page:20
389485,285023_43922,Exequiel Palacios,Argentina,MF,1.5,113,37,10029.01,physical,urn:gd:story:classification:gcp_physical:competitionId:285023:avg_speed:rank_asc:page:20,urn:gd:story:classification:gcp_physical:competitionId:285023:avg_speed:rank_asc:page:20
448420,285023_43924,Luiz Henrique,Brazil,FW,1.5,60,26,3896.86,physical,urn:gd:story:classification:gcp_physical:competitionId:285023:avg_speed:rank_asc:page:20,urn:gd:story:classification:gcp_physical:competitionId:285023:avg_speed:rank_asc:page:20
419211,285023_43883,Lyle Foster,South Africa,FW,1.49,66,16,5968.5,physical,urn:gd:story:classification:gcp_physical:competitionId:285023:avg_speed:rank_asc:page:20,urn:gd:story:classification:gcp_physical:competitionId:285023:avg_speed:rank_asc:page:20
489696,285023_43961,Sondre Langas,Norway,DF,1.48,26,11,2880.7,physical,urn:gd:story:classification:gcp_physical:competitionId:285023:avg_speed:rank_asc:page:20,urn:gd:story:classification:gcp_physical:competitionId:285023:avg_speed:rank_asc:page:20
448390,285023_43899,Mathieu Choiniere,Canada,MF,1.48,132,43,7597.41,physical,urn:gd:story:classification:gcp_physical:competitionId:285023:avg_speed:rank_asc:page:20,urn:gd:story:classification:gcp_physical:competitionId:285023:avg_speed:rank_asc:page:20
360496,285023_43970,Kristoffer Nordfeldt,Sweden,GK,1.47,8,1,9861.15,physical,urn:gd:story:classification:gcp_physical:competitionId:285023:avg_speed:rank_asc:page:20,urn:gd:story:classification:gcp_physical:competitionId:285023:avg_speed:rank_asc:page:20
499290,285023_43938,Luka Vuskovic,Croatia,DF,1.47,81,21,7008.12,physical,urn:gd:story:classification:gcp_physical:competitionId:285023:avg_speed:rank_asc:page:20,urn:gd:story:classification:gcp_physical:competitionId:285023:avg_speed:rank_asc:page:20
514336,285023_43911,Armando Gonzalez,Mexico,FW,1.47,25,14,2086.01,physical,urn:gd:story:classification:gcp_physical:competitionId:285023:avg_speed:rank_asc:page:20,urn:gd:story:classification:gcp_physical:competitionId:285023:avg_speed:rank_asc:page:20
419662,285023_43961,Jorgen Strand Larsen,Norway,FW,1.47,101,41,9811.95,physical,urn:gd:story:classification:gcp_physical:competitionId:285023:avg_speed:rank_asc:page:20,urn:gd:story:classification:gcp_physical:competitionId:285023:avg_speed:rank_asc:page:20
403002,285023_43963,Diogo Dalot,Portugal,DF,1.46,53,20,4952.68,physical,urn:gd:story:classification:gcp_physical:competitionId:285023:avg_speed:rank_asc:page:20,urn:gd:story:classification:gcp_physical:competitionId:285023:avg_speed:rank_asc:page:20
520112,285023_43961,Henrik Falchener,Norway,DF,1.45,64,23,6891.96,physical,urn:gd:story:classification:gcp_physical:competitionId:285023:avg_speed:rank_asc:page:20,urn:gd:story:classification:gcp_physical:competitionId:285023:avg_speed:rank_asc:page:20
386458,285023_43928,Alejandro Romero Gamarra,Paraguay,FW,1.41,35,11,2181.02,physical,urn:gd:story:classification:gcp_physical:competitionId:285023:avg_speed:rank_asc:page:20,urn:gd:story:classification:gcp_physical:competitionId:285023:avg_speed:rank_asc:page:20
402934,285023_43922,Marcos Senesi,Argentina,DF,1.41,86,25,9406.52,physical,urn:gd:story:classification:gcp_physical:competitionId:285023:avg_speed:rank_asc:page:20,urn:gd:story:classification:gcp_physical:competitionId:285023:avg_speed:rank_asc:page:20
463125,285023_43928,Ramon Sosa,Paraguay,MF,1.41,36,16,2289.64,physical,urn:gd:story:classification:gcp_physical:competitionId:285023:avg_speed:rank_asc:page:20,urn:gd:story:classification:gcp_physical:competitionId:285023:avg_speed:rank_asc:page:20
412144,285023_43899,Alphonso Davies,Canada,DF,1.4,37,17,2589.59,physical,urn:gd:story:classification:gcp_physical:competitionId:285023:avg_speed:rank_asc:page:20,urn:gd:story:classification:gcp_physical:competitionId:285023:avg_speed:rank_asc:page:20
498416,285023_43948,Nick Woltemade,Germany,FW,1.4,37,13,4199.08,physical,urn:gd:story:classification:gcp_physical:competitionId:285023:avg_speed:rank_asc:page:20,urn:gd:story:classification:gcp_physical:competitionId:285023:avg_speed:rank_asc:page:20
411678,285023_43872,Ayoub El Kaabi,Morocco,FW,1.4,108,59,8709.76,physical,urn:gd:story:classification:gcp_physical:competitionId:285023:avg_speed:rank_asc:page:20,urn:gd:story:classification:gcp_physical:competitionId:285023:avg_speed:rank_asc:page:20
463221,285023_43883,Nkosinathi Sibisi,South Africa,DF,1.39,101,38,9387.59,physical,urn:gd:story:classification:gcp_physical:competitionId:285023:avg_speed:rank_asc:page:20,urn:gd:story:classification:gcp_physical:competitionId:285023:avg_speed:rank_asc:page:20
423933,285023_43899,Jayden Nelson,Canada,FW,1.39,19,5,1462.29,physical,urn:gd:story:classification:gcp_physical:competitionId:285023:avg_speed:rank_asc:page:20,urn:gd:story:classification:gcp_physical:competitionId:285023:avg_speed:rank_asc:page:20
370171,285023_43879,Abdoulaye Seck,Senegal,DF,1.38,51,16,6142.53,physical,urn:gd:story:classification:gcp_physical:competitionId:285023:avg_speed:rank_asc:page:20,urn:gd:story:classification:gcp_physical:competitionId:285023:avg_speed:rank_asc:page:20
448051,285023_43911,Luis Chavez,Mexico,MF,1.36,42,16,2876.74,physical,urn:gd:story:classification:gcp_physical:competitionId:285023:avg_speed:rank_asc:page:20,urn:gd:story:classification:gcp_physical:competitionId:285023:avg_speed:rank_asc:page:20
448522,285023_43860,Alidu Seidu,Ghana,DF,1.36,73,34,8378.97,physical,urn:gd:story:classification:gcp_physical:competitionId:285023:avg_speed:rank_asc:page:21,urn:gd:story:classification:gcp_physical:competitionId:285023:avg_speed:rank_asc:page:21
386473,285023_43860,Lawrence Ati Zigi,Ghana,GK,1.36,7,1,7025.37,physical,urn:gd:story:classification:gcp_physical:competitionId:285023:avg_speed:rank_asc:page:21,urn:gd:story:classification:gcp_physical:competitionId:285023:avg_speed:rank_asc:page:21
463287,285023_43934,Marco Friedl,Austria,DF,1.36,30,12,2757.1,physical,urn:gd:story:classification:gcp_physical:competitionId:285023:avg_speed:rank_asc:page:21,urn:gd:story:classification:gcp_physical:competitionId:285023:avg_speed:rank_asc:page:21
477802,285023_43854,Ousmane Diomande,Côte d'Ivoire,DF,1.35,75,24,8979.4,physical,urn:gd:story:classification:gcp_physical:competitionId:285023:avg_speed:rank_asc:page:21,urn:gd:story:classification:gcp_physical:competitionId:285023:avg_speed:rank_asc:page:21
482984,285023_44037,Haris Tabakovic,Bosnia and Herzegovina,FW,1.34,12,3,2264.93,physical,urn:gd:story:classification:gcp_physical:competitionId:285023:avg_speed:rank_asc:page:21,urn:gd:story:classification:gcp_physical:competitionId:285023:avg_speed:rank_asc:page:21
419003,285023_43927,Jackson Porozo,Ecuador,DF,1.33,28,13,3226.38,physical,urn:gd:story:classification:gcp_physical:competitionId:285023:avg_speed:rank_asc:page:21,urn:gd:story:classification:gcp_physical:competitionId:285023:avg_speed:rank_asc:page:21
489417,285023_43928,Isidro Pitta,Paraguay,FW,1.31,77,23,6037.06,physical,urn:gd:story:classification:gcp_physical:competitionId:285023:avg_speed:rank_asc:page:21,urn:gd:story:classification:gcp_physical:competitionId:285023:avg_speed:rank_asc:page:21
368664,285023_43930,Sergio Rochet,Uruguay,GK,1.2,6,3,3079.43,physical,urn:gd:story:classification:gcp_physical:competitionId:285023:avg_speed:rank_asc:page:21,urn:gd:story:classification:gcp_physical:competitionId:285023:avg_speed:rank_asc:page:21
419166,285023_43946,Ibrahima Konate,France,DF,1.19,18,3,1968.45,physical,urn:gd:story:classification:gcp_physical:competitionId:285023:avg_speed:rank_asc:page:21,urn:gd:story:classification:gcp_physical:competitionId:285023:avg_speed:rank_asc:page:21
402979,285023_43927,Felix Torres,Ecuador,DF,1.15,5,0,989.25,physical,urn:gd:story:classification:gcp_physical:competitionId:285023:avg_speed:rank_asc:page:21,urn:gd:story:classification:gcp_physical:competitionId:285023:avg_speed:rank_asc:page:21
406205,285023_43928,Braian Ojeda,Paraguay,MF,1.14,31,13,2756.42,physical,urn:gd:story:classification:gcp_physical:competitionId:285023:avg_speed:rank_asc:page:21,urn:gd:story:classification:gcp_physical:competitionId:285023:avg_speed:rank_asc:page:21
405881,285023_43946,Maxence Lacroix,France,DF,1.12,90,26,9363.51,physical,urn:gd:story:classification:gcp_physical:competitionId:285023:avg_speed:rank_asc:page:21,urn:gd:story:classification:gcp_physical:competitionId:285023:avg_speed:rank_asc:page:21
479077,285023_44005,Utkir Yusupov,Uzbekistan,GK,0.96,7,1,5094.43,physical,urn:gd:story:classification:gcp_physical:competitionId:285023:avg_speed:rank_asc:page:21,urn:gd:story:classification:gcp_physical:competitionId:285023:avg_speed:rank_asc:page:21
339117,285023_43976,Mathew Ryan,Australia,GK,0.95,2,0,206.87,physical,urn:gd:story:classification:gcp_physical:competitionId:285023:avg_speed:rank_asc:page:21,urn:gd:story:classification:gcp_physical:competitionId:285023:avg_speed:rank_asc:page:21
215285,285023_43911,Guillermo Ochoa,Mexico,GK,0.92,5,0,1147.02,physical,urn:gd:story:classification:gcp_physical:competitionId:285023:avg_speed:rank_asc:page:21,urn:gd:story:classification:gcp_physical:competitionId:285023:avg_speed:rank_asc:page:21
448217,285023_43921,Matt Turner,USA,GK,0.85,20,2,5939.08,physical,urn:gd:story:classification:gcp_physical:competitionId:285023:avg_speed:rank_asc:page:21,urn:gd:story:classification:gcp_physical:competitionId:285023:avg_speed:rank_asc:page:21
520245,285023_43888,Mouhib Chamakh,Tunisia,GK,0.77,4,0,3891.4,physical,urn:gd:story:classification:gcp_physical:competitionId:285023:avg_speed:rank_asc:page:21,urn:gd:story:classification:gcp_physical:competitionId:285023:avg_speed:rank_asc:page:21
483535,285023_43961,Egil Selvik,Norway,GK,0.75,5,0,4989.63,physical,urn:gd:story:classification:gcp_physical:competitionId:285023:avg_speed:rank_asc:page:21,urn:gd:story:classification:gcp_physical:competitionId:285023:avg_speed:rank_asc:page:21
477817,285023_43843,Oussama Benbot,Algeria,GK,0.71,6,0,4787.6,physical,urn:gd:story:classification:gcp_physical:competitionId:285023:avg_speed:rank_asc:page:21,urn:gd:story:classification:gcp_physical:competitionId:285023:avg_speed:rank_asc:page:21
314255,285023_43817,Hossein Hosseini,IR Iran,GK,0.0,0,0,0.0,physical,urn:gd:story:classification:gcp_physical:competitionId:285023:avg_speed:rank_asc:page:21,urn:gd:story:classification:gcp_physical:competitionId:285023:avg_speed:rank_asc:page:21
477864,285023_20014,Aaron Tshibola,Congo DR,MF,0.0,0,0,0.0,physical,urn:gd:story:classification:gcp_physical:competitionId:285023:avg_speed:rank_asc:page:21,urn:gd:story:classification:gcp_physical:competitionId:285023:avg_speed:rank_asc:page:21
419461,285023_43834,Salah Zakaria,Qatar,GK,0.0,0,0,0.0,physical,urn:gd:story:classification:gcp_physical:competitionId:285023:avg_speed:rank_asc:page:21,urn:gd:story:classification:gcp_physical:competitionId:285023:avg_speed:rank_asc:page:21
431223,285023_43820,Abdallah Alfakhori,Jordan,GK,0.0,0,0,0.0,physical,urn:gd:story:classification:gcp_physical:competitionId:285023:avg_speed:rank_asc:page:21,urn:gd:story:classification:gcp_physical:competitionId:285023:avg_speed:rank_asc:page:21
494506,285023_43835,Jehad Thikri,Saudi Arabia,DF,0.0,0,0,0.0,physical,urn:gd:story:classification:gcp_physical:competitionId:285023:avg_speed:rank_asc:page:21,urn:gd:story:classification:gcp_physical:competitionId:285023:avg_speed:rank_asc:page:21
522282,285023_43822,Cho Wije,Korea Republic,DF,0.0,0,0,0.0,physical,urn:gd:story:classification:gcp_physical:competitionId:285023:avg_speed:rank_asc:page:21,urn:gd:story:classification:gcp_physical:competitionId:285023:avg_speed:rank_asc:page:21
403305,285023_43819,Keisuke Osako,Japan,GK,0.0,0,0,0.0,physical,urn:gd:story:classification:gcp_physical:competitionId:285023:avg_speed:rank_asc:page:21,urn:gd:story:classification:gcp_physical:competitionId:285023:avg_speed:rank_asc:page:21
406595,285023_43817,Roozbeh Cheshmi,IR Iran,MF,0.0,0,0,0.0,physical,urn:gd:story:classification:gcp_physical:competitionId:285023:avg_speed:rank_asc:page:21,urn:gd:story:classification:gcp_physical:competitionId:285023:avg_speed:rank_asc:page:21
425804,285023_43835,Saleh Alshehri,Saudi Arabia,FW,0.0,0,0,0.0,physical,urn:gd:story:classification:gcp_physical:competitionId:285023:avg_speed:rank_asc:page:21,urn:gd:story:classification:gcp_physical:competitionId:285023:avg_speed:rank_asc:page:21
418485,285023_43822,Kim Taehyeon,Korea Republic,DF,0.0,0,0,0.0,physical,urn:gd:story:classification:gcp_physical:competitionId:285023:avg_speed:rank_asc:page:21,urn:gd:story:classification:gcp_physical:competitionId:285023:avg_speed:rank_asc:page:21
512127,285023_43843,Achref Abada,Algeria,DF,0.0,0,0,0.0,physical,urn:gd:story:classification:gcp_physical:competitionId:285023:avg_speed:rank_asc:page:21,urn:gd:story:classification:gcp_physical:competitionId:285023:avg_speed:rank_asc:page:21
336439,285023_20014,Gael Kakuta,Congo DR,FW,0.0,0,0,0.0,physical,urn:gd:story:classification:gcp_physical:competitionId:285023:avg_speed:rank_asc:page:21,urn:gd:story:classification:gcp_physical:competitionId:285023:avg_speed:rank_asc:page:21
416056,285023_43834,Meshaal Barsham,Qatar,GK,0.0,0,0,0.0,physical,urn:gd:story:classification:gcp_physical:competitionId:285023:avg_speed:rank_asc:page:21,urn:gd:story:classification:gcp_physical:competitionId:285023:avg_speed:rank_asc:page:21
402820,285023_43822,Song Bumkeun,Korea Republic,GK,0.0,0,0,0.0,physical,urn:gd:story:classification:gcp_physical:competitionId:285023:avg_speed:rank_asc:page:21,urn:gd:story:classification:gcp_physical:competitionId:285023:avg_speed:rank_asc:page:21
431209,285023_43820,Ibrahim Sadeh,Jordan,MF,0.0,0,0,0.0,physical,urn:gd:story:classification:gcp_physical:competitionId:285023:avg_speed:rank_asc:page:21,urn:gd:story:classification:gcp_physical:competitionId:285023:avg_speed:rank_asc:page:21
483127,285023_43820,Nour Baniateyah,Jordan,GK,0.0,0,0,0.0,physical,urn:gd:story:classification:gcp_physical:competitionId:285023:avg_speed:rank_asc:page:21,urn:gd:story:classification:gcp_physical:competitionId:285023:avg_speed:rank_asc:page:21
419287,285023_43835,Nawaf Alaqidi,Saudi Arabia,GK,0.0,0,0,0.0,physical,urn:gd:story:classification:gcp_physical:competitionId:285023:avg_speed:rank_asc:page:21,urn:gd:story:classification:gcp_physical:competitionId:285023:avg_speed:rank_asc:page:21
436538,285023_43835,Ziyad Aljohani,Saudi Arabia,MF,0.0,0,0,0.0,physical,urn:gd:story:classification:gcp_physical:competitionId:285023:avg_speed:rank_asc:page:21,urn:gd:story:classification:gcp_physical:competitionId:285023:avg_speed:rank_asc:page:21
448507,285023_43817,Payam Niazmand,IR Iran,GK,0.0,0,0,0.0,physical,urn:gd:story:classification:gcp_physical:competitionId:285023:avg_speed:rank_asc:page:21,urn:gd:story:classification:gcp_physical:competitionId:285023:avg_speed:rank_asc:page:21
407114,285023_43850,Marcio Rosa,Cabo Verde,GK,0.0,0,0,0.0,physical,urn:gd:story:classification:gcp_physical:competitionId:285023:avg_speed:rank_asc:page:21,urn:gd:story:classification:gcp_physical:competitionId:285023:avg_speed:rank_asc:page:21
520070,285023_43843,Melvin Mastil,Algeria,GK,0.0,0,0,0.0,physical,urn:gd:story:classification:gcp_physical:competitionId:285023:avg_speed:rank_asc:page:21,urn:gd:story:classification:gcp_physical:competitionId:285023:avg_speed:rank_asc:page:21
430512,285023_43835,Aiman Yahya,Saudi Arabia,FW,0.0,0,0,0.0,physical,urn:gd:story:classification:gcp_physical:competitionId:285023:avg_speed:rank_asc:page:21,urn:gd:story:classification:gcp_physical:competitionId:285023:avg_speed:rank_asc:page:21
475921,285023_43817,Amirmohammad Razaghinia,IR Iran,MF,0.0,0,0,0.0,physical,urn:gd:story:classification:gcp_physical:competitionId:285023:avg_speed:rank_asc:page:21,urn:gd:story:classification:gcp_physical:competitionId:285023:avg_speed:rank_asc:page:21
397753,285023_43822,Jo Hyeonwoo,Korea Republic,GK,0.0,0,0,0.0,physical,urn:gd:story:classification:gcp_physical:competitionId:285023:avg_speed:rank_asc:page:21,urn:gd:story:classification:gcp_physical:competitionId:285023:avg_speed:rank_asc:page:21
477829,285023_20014,Dylan Batubinsika,Congo DR,DF,0.0,0,0,0.0,physical,urn:gd:story:classification:gcp_physical:competitionId:285023:avg_speed:rank_asc:page:21,urn:gd:story:classification:gcp_physical:competitionId:285023:avg_speed:rank_asc:page:21
486639,285023_43834,Tahsin Mohammed,Qatar,FW,0.0,0,0,0.0,physical,urn:gd:story:classification:gcp_physical:competitionId:285023:avg_speed:rank_asc:page:21,urn:gd:story:classification:gcp_physical:competitionId:285023:avg_speed:rank_asc:page:21
406281,285023_43850,Cj Dos Santos,Cabo Verde,GK,0.0,0,0,0.0,physical,urn:gd:story:classification:gcp_physical:competitionId:285023:avg_speed:rank_asc:page:21,urn:gd:story:classification:gcp_physical:competitionId:285023:avg_speed:rank_asc:page:21
384850,285023_43820,Rajaei Ayed,Jordan,MF,0.0,0,0,0.0,physical,urn:gd:story:classification:gcp_physical:competitionId:285023:avg_speed:rank_asc:page:21,urn:gd:story:classification:gcp_physical:competitionId:285023:avg_speed:rank_asc:page:21
514171,285023_20014,Matthieu Epolo,Congo DR,GK,0.0,0,0,0.0,physical,urn:gd:story:classification:gcp_physical:competitionId:285023:avg_speed:rank_asc:page:21,urn:gd:story:classification:gcp_physical:competitionId:285023:avg_speed:rank_asc:page:21
433631,285023_43843,Yassine Titraoui,Algeria,MF,0.0,0,0,0.0,physical,urn:gd:story:classification:gcp_physical:competitionId:285023:avg_speed:rank_asc:page:21,urn:gd:story:classification:gcp_physical:competitionId:285023:avg_speed:rank_asc:page:21
464374,285023_43822,Bae Junho,Korea Republic,MF,0.0,0,0,0.0,physical,urn:gd:story:classification:gcp_physical:competitionId:285023:avg_speed:rank_asc:page:21,urn:gd:story:classification:gcp_physical:competitionId:285023:avg_speed:rank_asc:page:21
297266,285023_43850,Stopira,Cabo Verde,DF,0.0,0,0,0.0,physical,urn:gd:story:classification:gcp_physical:competitionId:285023:avg_speed:rank_asc:page:22,urn:gd:story:classification:gcp_physical:competitionId:285023:avg_speed:rank_asc:page:22
433600,285023_43843,Mohamed Amine Tougai,Algeria,DF,0.0,0,0,0.0,physical,urn:gd:story:classification:gcp_physical:competitionId:285023:avg_speed:rank_asc:page:22,urn:gd:story:classification:gcp_physical:competitionId:285023:avg_speed:rank_asc:page:22
419326,285023_43835,Ali Majrashi,Saudi Arabia,DF,0.0,0,0,0.0,physical,urn:gd:story:classification:gcp_physical:competitionId:285023:avg_speed:rank_asc:page:22,urn:gd:story:classification:gcp_physical:competitionId:285023:avg_speed:rank_asc:page:22
494429,285023_43817,Danial Iri,IR Iran,DF,0.0,0,0,0.0,physical,urn:gd:story:classification:gcp_physical:competitionId:285023:avg_speed:rank_asc:page:22,urn:gd:story:classification:gcp_physical:competitionId:285023:avg_speed:rank_asc:page:22
401924,285023_43835,Hassan Kadish,Saudi Arabia,DF,0.0,0,0,0.0,physical,urn:gd:story:classification:gcp_physical:competitionId:285023:avg_speed:rank_asc:page:22,urn:gd:story:classification:gcp_physical:competitionId:285023:avg_speed:rank_asc:page:22
477831,285023_43850,Logan Costa,Cabo Verde,DF,0.0,0,0,0.0,physical,urn:gd:story:classification:gcp_physical:competitionId:285023:avg_speed:rank_asc:page:22,urn:gd:story:classification:gcp_physical:competitionId:285023:avg_speed:rank_asc:page:22
511710,285023_43819,Tomoki Hayakawa,Japan,GK,0.0,0,0,0.0,physical,urn:gd:story:classification:gcp_physical:competitionId:285023:avg_speed:rank_asc:page:22,urn:gd:story:classification:gcp_physical:competitionId:285023:avg_speed:rank_asc:page:22
511889,285023_43820,Anas Badawi,Jordan,DF,0.0,0,0,0.0,physical,urn:gd:story:classification:gcp_physical:competitionId:285023:avg_speed:rank_asc:page:22,urn:gd:story:classification:gcp_physical:competitionId:285023:avg_speed:rank_asc:page:22
519837,285023_43817,Dennis Dargahi,IR Iran,FW,0.0,0,0,0.0,physical,urn:gd:story:classification:gcp_physical:competitionId:285023:avg_speed:rank_asc:page:22,urn:gd:story:classification:gcp_physical:competitionId:285023:avg_speed:rank_asc:page:22
520068,285023_43820,Mohammad Abughoush,Jordan,MF,0.0,0,0,0.0,physical,urn:gd:story:classification:gcp_physical:competitionId:285023:avg_speed:rank_asc:page:22,urn:gd:story:classification:gcp_physical:competitionId:285023:avg_speed:rank_asc:page:22
429600,285023_43822,Lee Donggyeong,Korea Republic,MF,0.0,0,0,0.0,physical,urn:gd:story:classification:gcp_physical:competitionId:285023:avg_speed:rank_asc:page:22,urn:gd:story:classification:gcp_physical:competitionId:285023:avg_speed:rank_asc:page:22
486196,285023_20014,Timothy Fayulu,Congo DR,GK,0.0,0,0,0.0,physical,urn:gd:story:classification:gcp_physical:competitionId:285023:avg_speed:rank_asc:page:22,urn:gd:story:classification:gcp_physical:competitionId:285023:avg_speed:rank_asc:page:22
385070,285023_43834,Mohammed Muntari,Qatar,FW,0.0,0,0,0.0,physical,urn:gd:story:classification:gcp_physical:competitionId:285023:avg_speed:rank_asc:page:22,urn:gd:story:classification:gcp_physical:competitionId:285023:avg_speed:rank_asc:page:22
368744,285023_43818,Fahad Talib,Iraq,GK,0.0,0,0,0.0,physical,urn:gd:story:classification:gcp_physical:competitionId:285023:avg_speed:rank_asc:page:22,urn:gd:story:classification:gcp_physical:competitionId:285023:avg_speed:rank_asc:page:22
339746,285023_43835,Ahmed Alkassar,Saudi Arabia,GK,0.0,0,0,0.0,physical,urn:gd:story:classification:gcp_physical:competitionId:285023:avg_speed:rank_asc:page:22,urn:gd:story:classification:gcp_physical:competitionId:285023:avg_speed:rank_asc:page:22
523173,285023_43860,Augustine Boakye,Ghana,MF,0.0,0,0,0.0,physical,urn:gd:story:classification:gcp_physical:competitionId:285023:avg_speed:rank_asc:page:22,urn:gd:story:classification:gcp_physical:competitionId:285023:avg_speed:rank_asc:page:22
430834,285023_43854,Parfait Guiagon,Côte d'Ivoire,MF,0.0,0,0,0.0,physical,urn:gd:story:classification:gcp_physical:competitionId:285023:avg_speed:rank_asc:page:22,urn:gd:story:classification:gcp_physical:competitionId:285023:avg_speed:rank_asc:page:22
403090,285023_43854,Alban Lafont,Côte d'Ivoire,GK,0.0,0,0,0.0,physical,urn:gd:story:classification:gcp_physical:competitionId:285023:avg_speed:rank_asc:page:22,urn:gd:story:classification:gcp_physical:competitionId:285023:avg_speed:rank_asc:page:22
520246,285023_43888,Raed Chikhaoui,Tunisia,DF,0.0,0,0,0.0,physical,urn:gd:story:classification:gcp_physical:competitionId:285023:avg_speed:rank_asc:page:22,urn:gd:story:classification:gcp_physical:competitionId:285023:avg_speed:rank_asc:page:22
371553,285023_43872,Ahmed Reda Tagnaouti,Morocco,GK,0.0,0,0,0.0,physical,urn:gd:story:classification:gcp_physical:competitionId:285023:avg_speed:rank_asc:page:22,urn:gd:story:classification:gcp_physical:competitionId:285023:avg_speed:rank_asc:page:22
502245,285023_43883,Olwethu Makhanya,South Africa,DF,0.0,0,0,0.0,physical,urn:gd:story:classification:gcp_physical:competitionId:285023:avg_speed:rank_asc:page:22,urn:gd:story:classification:gcp_physical:competitionId:285023:avg_speed:rank_asc:page:22
466835,285023_43908,Alexandre Pierre,Haiti,GK,0.0,0,0,0.0,physical,urn:gd:story:classification:gcp_physical:competitionId:285023:avg_speed:rank_asc:page:22,urn:gd:story:classification:gcp_physical:competitionId:285023:avg_speed:rank_asc:page:22
504192,285023_43883,Khulumani Ndamane,South Africa,DF,0.0,0,0,0.0,physical,urn:gd:story:classification:gcp_physical:competitionId:285023:avg_speed:rank_asc:page:22,urn:gd:story:classification:gcp_physical:competitionId:285023:avg_speed:rank_asc:page:22
395755,285023_43872,Munir El Kajoui,Morocco,GK,0.0,0,0,0.0,physical,urn:gd:story:classification:gcp_physical:competitionId:285023:avg_speed:rank_asc:page:22,urn:gd:story:classification:gcp_physical:competitionId:285023:avg_speed:rank_asc:page:22
433466,285023_43855,Nabil Donga,Egypt,MF,0.0,0,0,0.0,physical,urn:gd:story:classification:gcp_physical:competitionId:285023:avg_speed:rank_asc:page:22,urn:gd:story:classification:gcp_physical:competitionId:285023:avg_speed:rank_asc:page:22
441255,285023_43899,Dayne St Clair,Canada,GK,0.0,0,0,0.0,physical,urn:gd:story:classification:gcp_physical:competitionId:285023:avg_speed:rank_asc:page:22,urn:gd:story:classification:gcp_physical:competitionId:285023:avg_speed:rank_asc:page:22
494279,285023_43879,Antoine Mendy,Senegal,DF,0.0,0,0,0.0,physical,urn:gd:story:classification:gcp_physical:competitionId:285023:avg_speed:rank_asc:page:22,urn:gd:story:classification:gcp_physical:competitionId:285023:avg_speed:rank_asc:page:22
424556,285023_43908,Carl Sainte,Haiti,MF,0.0,0,0,0.0,physical,urn:gd:story:classification:gcp_physical:competitionId:285023:avg_speed:rank_asc:page:22,urn:gd:story:classification:gcp_physical:competitionId:285023:avg_speed:rank_asc:page:22
463817,285023_43899,Owen Goodman,Canada,GK,0.0,0,0,0.0,physical,urn:gd:story:classification:gcp_physical:competitionId:285023:avg_speed:rank_asc:page:22,urn:gd:story:classification:gcp_physical:competitionId:285023:avg_speed:rank_asc:page:22
395059,285023_43883,Ricardo Goss,South Africa,GK,0.0,0,0,0.0,physical,urn:gd:story:classification:gcp_physical:competitionId:285023:avg_speed:rank_asc:page:22,urn:gd:story:classification:gcp_physical:competitionId:285023:avg_speed:rank_asc:page:22
494277,285023_43879,Yehvann Diouf,Senegal,GK,0.0,0,0,0.0,physical,urn:gd:story:classification:gcp_physical:competitionId:285023:avg_speed:rank_asc:page:22,urn:gd:story:classification:gcp_physical:competitionId:285023:avg_speed:rank_asc:page:22
419172,285023_43854,Evan Ndicka,Côte d'Ivoire,DF,0.0,0,0,0.0,physical,urn:gd:story:classification:gcp_physical:competitionId:285023:avg_speed:rank_asc:page:22,urn:gd:story:classification:gcp_physical:competitionId:285023:avg_speed:rank_asc:page:22
486168,285023_43879,Cherif Ndiaye,Senegal,FW,0.0,0,0,0.0,physical,urn:gd:story:classification:gcp_physical:competitionId:285023:avg_speed:rank_asc:page:22,urn:gd:story:classification:gcp_physical:competitionId:285023:avg_speed:rank_asc:page:22
510850,285023_43883,Thabang Matuludi,South Africa,DF,0.0,0,0,0.0,physical,urn:gd:story:classification:gcp_physical:competitionId:285023:avg_speed:rank_asc:page:22,urn:gd:story:classification:gcp_physical:competitionId:285023:avg_speed:rank_asc:page:22
506335,285023_43888,Moutaz Neffati,Tunisia,DF,0.0,0,0,0.0,physical,urn:gd:story:classification:gcp_physical:competitionId:285023:avg_speed:rank_asc:page:22,urn:gd:story:classification:gcp_physical:competitionId:285023:avg_speed:rank_asc:page:22
514070,285023_43899,Alfie Jones,Canada,DF,0.0,0,0,0.0,physical,urn:gd:story:classification:gcp_physical:competitionId:285023:avg_speed:rank_asc:page:22,urn:gd:story:classification:gcp_physical:competitionId:285023:avg_speed:rank_asc:page:22
494246,285023_43883,Sipho Chaine,South Africa,GK,0.0,0,0,0.0,physical,urn:gd:story:classification:gcp_physical:competitionId:285023:avg_speed:rank_asc:page:22,urn:gd:story:classification:gcp_physical:competitionId:285023:avg_speed:rank_asc:page:22
441336,285023_43860,Abdul Mumin,Ghana,DF,0.0,0,0,0.0,physical,urn:gd:story:classification:gcp_physical:competitionId:285023:avg_speed:rank_asc:page:22,urn:gd:story:classification:gcp_physical:competitionId:285023:avg_speed:rank_asc:page:22
494742,285023_43872,Youssef Belammari,Morocco,DF,0.0,0,0,0.0,physical,urn:gd:story:classification:gcp_physical:competitionId:285023:avg_speed:rank_asc:page:22,urn:gd:story:classification:gcp_physical:competitionId:285023:avg_speed:rank_asc:page:22
498439,285023_43908,Wilguens Paugain,Haiti,DF,0.0,0,0,0.0,physical,urn:gd:story:classification:gcp_physical:competitionId:285023:avg_speed:rank_asc:page:22,urn:gd:story:classification:gcp_physical:competitionId:285023:avg_speed:rank_asc:page:22
466853,285023_43908,Josue Duverger,Haiti,GK,0.0,0,0,0.0,physical,urn:gd:story:classification:gcp_physical:competitionId:285023:avg_speed:rank_asc:page:22,urn:gd:story:classification:gcp_physical:competitionId:285023:avg_speed:rank_asc:page:22
485756,285023_43872,Zakaria El Ouahdi,Morocco,DF,0.0,0,0,0.0,physical,urn:gd:story:classification:gcp_physical:competitionId:285023:avg_speed:rank_asc:page:22,urn:gd:story:classification:gcp_physical:competitionId:285023:avg_speed:rank_asc:page:22
466844,285023_43908,Markhus Lacroix,Haiti,DF,0.0,0,0,0.0,physical,urn:gd:story:classification:gcp_physical:competitionId:285023:avg_speed:rank_asc:page:22,urn:gd:story:classification:gcp_physical:competitionId:285023:avg_speed:rank_asc:page:22
506277,285023_43860,Joseph Anang,Ghana,GK,0.0,0,0,0.0,physical,urn:gd:story:classification:gcp_physical:competitionId:285023:avg_speed:rank_asc:page:22,urn:gd:story:classification:gcp_physical:competitionId:285023:avg_speed:rank_asc:page:22
494350,285023_43860,Christopher Bonsu Baah,Ghana,FW,0.0,0,0,0.0,physical,urn:gd:story:classification:gcp_physical:competitionId:285023:avg_speed:rank_asc:page:22,urn:gd:story:classification:gcp_physical:competitionId:285023:avg_speed:rank_asc:page:22
499800,285023_43879,Mamadou Sarr,Senegal,DF,0.0,0,0,0.0,physical,urn:gd:story:classification:gcp_physical:competitionId:285023:avg_speed:rank_asc:page:22,urn:gd:story:classification:gcp_physical:competitionId:285023:avg_speed:rank_asc:page:22
512039,285023_43888,Khalil Ayari,Tunisia,MF,0.0,0,0,0.0,physical,urn:gd:story:classification:gcp_physical:competitionId:285023:avg_speed:rank_asc:page:22,urn:gd:story:classification:gcp_physical:competitionId:285023:avg_speed:rank_asc:page:22
419225,285023_43883,Bradley Cross,South Africa,DF,0.0,0,0,0.0,physical,urn:gd:story:classification:gcp_physical:competitionId:285023:avg_speed:rank_asc:page:22,urn:gd:story:classification:gcp_physical:competitionId:285023:avg_speed:rank_asc:page:22
408948,285023_43855,Mohamed Elshenawy,Egypt,GK,0.0,0,0,0.0,physical,urn:gd:story:classification:gcp_physical:competitionId:285023:avg_speed:rank_asc:page:22,urn:gd:story:classification:gcp_physical:competitionId:285023:avg_speed:rank_asc:page:22
504200,285023_43883,Samukele Kabini,South Africa,DF,0.0,0,0,0.0,physical,urn:gd:story:classification:gcp_physical:competitionId:285023:avg_speed:rank_asc:page:22,urn:gd:story:classification:gcp_physical:competitionId:285023:avg_speed:rank_asc:page:22
466862,285023_43908,Garven Metusala,Haiti,DF,0.0,0,0,0.0,physical,urn:gd:story:classification:gcp_physical:competitionId:285023:avg_speed:rank_asc:page:23,urn:gd:story:classification:gcp_physical:competitionId:285023:avg_speed:rank_asc:page:23
485409,285023_43908,Woodensky Pierre,Haiti,MF,0.0,0,0,0.0,physical,urn:gd:story:classification:gcp_physical:competitionId:285023:avg_speed:rank_asc:page:23,urn:gd:story:classification:gcp_physical:competitionId:285023:avg_speed:rank_asc:page:23
395860,285023_43855,Mahdy Soliman,Egypt,GK,0.0,0,0,0.0,physical,urn:gd:story:classification:gcp_physical:competitionId:285023:avg_speed:rank_asc:page:23,urn:gd:story:classification:gcp_physical:competitionId:285023:avg_speed:rank_asc:page:23
448402,285023_43899,Joel Waterman,Canada,DF,0.0,0,0,0.0,physical,urn:gd:story:classification:gcp_physical:competitionId:285023:avg_speed:rank_asc:page:23,urn:gd:story:classification:gcp_physical:competitionId:285023:avg_speed:rank_asc:page:23
486259,285023_43854,Mohamed Kone,Côte d'Ivoire,GK,0.0,0,0,0.0,physical,urn:gd:story:classification:gcp_physical:competitionId:285023:avg_speed:rank_asc:page:23,urn:gd:story:classification:gcp_physical:competitionId:285023:avg_speed:rank_asc:page:23
482780,285023_43850,Kelvin Pires,Cabo Verde,DF,0.0,0,0,0.0,physical,urn:gd:story:classification:gcp_physical:competitionId:285023:avg_speed:rank_asc:page:23,urn:gd:story:classification:gcp_physical:competitionId:285023:avg_speed:rank_asc:page:23
516043,285023_43888,Adam Arous,Tunisia,DF,0.0,0,0,0.0,physical,urn:gd:story:classification:gcp_physical:competitionId:285023:avg_speed:rank_asc:page:23,urn:gd:story:classification:gcp_physical:competitionId:285023:avg_speed:rank_asc:page:23
512079,285023_43855,Mohamed Alaa,Egypt,GK,0.0,0,0,0.0,physical,urn:gd:story:classification:gcp_physical:competitionId:285023:avg_speed:rank_asc:page:23,urn:gd:story:classification:gcp_physical:competitionId:285023:avg_speed:rank_asc:page:23
372294,285023_43888,Sabri Ben Hessen,Tunisia,GK,0.0,0,0,0.0,physical,urn:gd:story:classification:gcp_physical:competitionId:285023:avg_speed:rank_asc:page:23,urn:gd:story:classification:gcp_physical:competitionId:285023:avg_speed:rank_asc:page:23
506481,285023_43908,Keeto Thermoncy,Haiti,DF,0.0,0,0,0.0,physical,urn:gd:story:classification:gcp_physical:competitionId:285023:avg_speed:rank_asc:page:23,urn:gd:story:classification:gcp_physical:competitionId:285023:avg_speed:rank_asc:page:23
506124,285023_43855,Tarek Alaa,Egypt,DF,0.0,0,0,0.0,physical,urn:gd:story:classification:gcp_physical:competitionId:285023:avg_speed:rank_asc:page:23,urn:gd:story:classification:gcp_physical:competitionId:285023:avg_speed:rank_asc:page:23
520247,285023_43888,Rayan Elloumi,Tunisia,FW,0.0,0,0,0.0,physical,urn:gd:story:classification:gcp_physical:competitionId:285023:avg_speed:rank_asc:page:23,urn:gd:story:classification:gcp_physical:competitionId:285023:avg_speed:rank_asc:page:23
522842,285023_44037,Mladen Jurkas,Bosnia and Herzegovina,GK,0.0,0,0,0.0,physical,urn:gd:story:classification:gcp_physical:competitionId:285023:avg_speed:rank_asc:page:23,urn:gd:story:classification:gcp_physical:competitionId:285023:avg_speed:rank_asc:page:23
491228,285023_44037,Martin Zlomislic,Bosnia and Herzegovina,GK,0.0,0,0,0.0,physical,urn:gd:story:classification:gcp_physical:competitionId:285023:avg_speed:rank_asc:page:23,urn:gd:story:classification:gcp_physical:competitionId:285023:avg_speed:rank_asc:page:23
466382,285023_1895293,Trevor Doornbusch,Curaçao,GK,0.0,0,0,0.0,physical,urn:gd:story:classification:gcp_physical:competitionId:285023:avg_speed:rank_asc:page:23,urn:gd:story:classification:gcp_physical:competitionId:285023:avg_speed:rank_asc:page:23
466365,285023_1895293,Kevin Felida,Curaçao,MF,0.0,0,0,0.0,physical,urn:gd:story:classification:gcp_physical:competitionId:285023:avg_speed:rank_asc:page:23,urn:gd:story:classification:gcp_physical:competitionId:285023:avg_speed:rank_asc:page:23
466370,285023_1895293,Tyrick Bodak,Curaçao,GK,0.0,0,0,0.0,physical,urn:gd:story:classification:gcp_physical:competitionId:285023:avg_speed:rank_asc:page:23,urn:gd:story:classification:gcp_physical:competitionId:285023:avg_speed:rank_asc:page:23
485324,285023_1895293,Arjany Martha,Curaçao,MF,0.0,0,0,0.0,physical,urn:gd:story:classification:gcp_physical:competitionId:285023:avg_speed:rank_asc:page:23,urn:gd:story:classification:gcp_physical:competitionId:285023:avg_speed:rank_asc:page:23
484072,285023_43972,Samet Akaydin,Türkiye,DF,0.0,0,0,0.0,physical,urn:gd:story:classification:gcp_physical:competitionId:285023:avg_speed:rank_asc:page:23,urn:gd:story:classification:gcp_physical:competitionId:285023:avg_speed:rank_asc:page:23
484862,285023_43971,Marvin Keller,Switzerland,GK,0.0,0,0,0.0,physical,urn:gd:story:classification:gcp_physical:competitionId:285023:avg_speed:rank_asc:page:23,urn:gd:story:classification:gcp_physical:competitionId:285023:avg_speed:rank_asc:page:23
371142,285023_43978,Alex Rufer,New Zealand,MF,0.0,0,0,0.0,physical,urn:gd:story:classification:gcp_physical:competitionId:285023:avg_speed:rank_asc:page:23,urn:gd:story:classification:gcp_physical:competitionId:285023:avg_speed:rank_asc:page:23
441162,285023_43995,Jindrich Stanek,Czechia,GK,0.0,0,0,0.0,physical,urn:gd:story:classification:gcp_physical:competitionId:285023:avg_speed:rank_asc:page:23,urn:gd:story:classification:gcp_physical:competitionId:285023:avg_speed:rank_asc:page:23
523007,285023_43967,Tyler Fletcher,Scotland,MF,0.0,0,0,0.0,physical,urn:gd:story:classification:gcp_physical:competitionId:285023:avg_speed:rank_asc:page:23,urn:gd:story:classification:gcp_physical:competitionId:285023:avg_speed:rank_asc:page:23
442429,285023_43967,Liam Kelly,Scotland,GK,0.0,0,0,0.0,physical,urn:gd:story:classification:gcp_physical:competitionId:285023:avg_speed:rank_asc:page:23,urn:gd:story:classification:gcp_physical:competitionId:285023:avg_speed:rank_asc:page:23
442430,285023_43967,John Souttar,Scotland,DF,0.0,0,0,0.0,physical,urn:gd:story:classification:gcp_physical:competitionId:285023:avg_speed:rank_asc:page:23,urn:gd:story:classification:gcp_physical:competitionId:285023:avg_speed:rank_asc:page:23
360498,285023_43972,Mert Gunok,Türkiye,GK,0.0,0,0,0.0,physical,urn:gd:story:classification:gcp_physical:competitionId:285023:avg_speed:rank_asc:page:23,urn:gd:story:classification:gcp_physical:competitionId:285023:avg_speed:rank_asc:page:23
483264,285023_43970,Viktor Johansson,Sweden,GK,0.0,0,0,0.0,physical,urn:gd:story:classification:gcp_physical:competitionId:285023:avg_speed:rank_asc:page:23,urn:gd:story:classification:gcp_physical:competitionId:285023:avg_speed:rank_asc:page:23
385472,285023_44005,Botirali Ergashev,Uzbekistan,GK,0.0,0,0,0.0,physical,urn:gd:story:classification:gcp_physical:competitionId:285023:avg_speed:rank_asc:page:23,urn:gd:story:classification:gcp_physical:competitionId:285023:avg_speed:rank_asc:page:23
493061,285023_43970,Eric Smith,Sweden,DF,0.0,0,0,0.0,physical,urn:gd:story:classification:gcp_physical:competitionId:285023:avg_speed:rank_asc:page:23,urn:gd:story:classification:gcp_physical:competitionId:285023:avg_speed:rank_asc:page:23
479084,285023_44005,Umar Eshmurodov,Uzbekistan,DF,0.0,0,0,0.0,physical,urn:gd:story:classification:gcp_physical:competitionId:285023:avg_speed:rank_asc:page:23,urn:gd:story:classification:gcp_physical:competitionId:285023:avg_speed:rank_asc:page:23
518264,285023_44005,Avazbek Ulmasaliyev,Uzbekistan,DF,0.0,0,0,0.0,physical,urn:gd:story:classification:gcp_physical:competitionId:285023:avg_speed:rank_asc:page:23,urn:gd:story:classification:gcp_physical:competitionId:285023:avg_speed:rank_asc:page:23
331135,285023_43976,Paul Izzo,Australia,GK,0.0,0,0,0.0,physical,urn:gd:story:classification:gcp_physical:competitionId:285023:avg_speed:rank_asc:page:23,urn:gd:story:classification:gcp_physical:competitionId:285023:avg_speed:rank_asc:page:23
269592,285023_43978,Kosta Barbarouses,New Zealand,FW,0.0,0,0,0.0,physical,urn:gd:story:classification:gcp_physical:competitionId:285023:avg_speed:rank_asc:page:23,urn:gd:story:classification:gcp_physical:competitionId:285023:avg_speed:rank_asc:page:23
495431,285023_43967,George Hirst,Scotland,FW,0.0,0,0,0.0,physical,urn:gd:story:classification:gcp_physical:competitionId:285023:avg_speed:rank_asc:page:23,urn:gd:story:classification:gcp_physical:competitionId:285023:avg_speed:rank_asc:page:23
447853,285023_43969,David Raya,Spain,GK,0.0,0,0,0.0,physical,urn:gd:story:classification:gcp_physical:competitionId:285023:avg_speed:rank_asc:page:23,urn:gd:story:classification:gcp_physical:competitionId:285023:avg_speed:rank_asc:page:23
405562,285023_43969,Eric Garcia,Spain,DF,0.0,0,0,0.0,physical,urn:gd:story:classification:gcp_physical:competitionId:285023:avg_speed:rank_asc:page:23,urn:gd:story:classification:gcp_physical:competitionId:285023:avg_speed:rank_asc:page:23
390205,285023_43978,Logan Rogerson,New Zealand,FW,0.0,0,0,0.0,physical,urn:gd:story:classification:gcp_physical:competitionId:285023:avg_speed:rank_asc:page:23,urn:gd:story:classification:gcp_physical:competitionId:285023:avg_speed:rank_asc:page:23
506775,285023_43995,Hugo Sochurek,Czechia,MF,0.0,0,0,0.0,physical,urn:gd:story:classification:gcp_physical:competitionId:285023:avg_speed:rank_asc:page:23,urn:gd:story:classification:gcp_physical:competitionId:285023:avg_speed:rank_asc:page:23
419577,285023_43978,Ben Waine,New Zealand,FW,0.0,0,0,0.0,physical,urn:gd:story:classification:gcp_physical:competitionId:285023:avg_speed:rank_asc:page:23,urn:gd:story:classification:gcp_physical:competitionId:285023:avg_speed:rank_asc:page:23
511118,285023_43995,Lukas Hornicek,Czechia,GK,0.0,0,0,0.0,physical,urn:gd:story:classification:gcp_physical:competitionId:285023:avg_speed:rank_asc:page:23,urn:gd:story:classification:gcp_physical:competitionId:285023:avg_speed:rank_asc:page:23
430437,285023_43976,Cameron Devlin,Australia,MF,0.0,0,0,0.0,physical,urn:gd:story:classification:gcp_physical:competitionId:285023:avg_speed:rank_asc:page:23,urn:gd:story:classification:gcp_physical:competitionId:285023:avg_speed:rank_asc:page:23
484073,285023_43967,Dominic Hyam,Scotland,DF,0.0,0,0,0.0,physical,urn:gd:story:classification:gcp_physical:competitionId:285023:avg_speed:rank_asc:page:23,urn:gd:story:classification:gcp_physical:competitionId:285023:avg_speed:rank_asc:page:23
514639,285023_43970,Herman Johansson,Sweden,DF,0.0,0,0,0.0,physical,urn:gd:story:classification:gcp_physical:competitionId:285023:avg_speed:rank_asc:page:23,urn:gd:story:classification:gcp_physical:competitionId:285023:avg_speed:rank_asc:page:23
447864,285023_43969,Borja Iglesias,Spain,FW,0.0,0,0,0.0,physical,urn:gd:story:classification:gcp_physical:competitionId:285023:avg_speed:rank_asc:page:23,urn:gd:story:classification:gcp_physical:competitionId:285023:avg_speed:rank_asc:page:23
483990,285023_43995,David Jurasek,Czechia,DF,0.0,0,0,0.0,physical,urn:gd:story:classification:gcp_physical:competitionId:285023:avg_speed:rank_asc:page:23,urn:gd:story:classification:gcp_physical:competitionId:285023:avg_speed:rank_asc:page:23
484817,285023_43978,Lachlan Bayliss,New Zealand,MF,0.0,0,0,0.0,physical,urn:gd:story:classification:gcp_physical:competitionId:285023:avg_speed:rank_asc:page:23,urn:gd:story:classification:gcp_physical:competitionId:285023:avg_speed:rank_asc:page:23
390218,285023_43978,Michael Woud,New Zealand,GK,0.0,0,0,0.0,physical,urn:gd:story:classification:gcp_physical:competitionId:285023:avg_speed:rank_asc:page:23,urn:gd:story:classification:gcp_physical:competitionId:285023:avg_speed:rank_asc:page:23
402022,285023_43971,Yvon Mvogo,Switzerland,GK,0.0,0,0,0.0,physical,urn:gd:story:classification:gcp_physical:competitionId:285023:avg_speed:rank_asc:page:23,urn:gd:story:classification:gcp_physical:competitionId:285023:avg_speed:rank_asc:page:23
331149,285023_43976,Milos Degenek,Australia,DF,0.0,0,0,0.0,physical,urn:gd:story:classification:gcp_physical:competitionId:285023:avg_speed:rank_asc:page:23,urn:gd:story:classification:gcp_physical:competitionId:285023:avg_speed:rank_asc:page:23
441180,285023_43972,Altay Bayindir,Türkiye,GK,0.0,0,0,0.0,physical,urn:gd:story:classification:gcp_physical:competitionId:285023:avg_speed:rank_asc:page:23,urn:gd:story:classification:gcp_physical:competitionId:285023:avg_speed:rank_asc:page:23
391297,285023_43969,Alex Grimaldo,Spain,DF,0.0,0,0,0.0,physical,urn:gd:story:classification:gcp_physical:competitionId:285023:avg_speed:rank_asc:page:24,urn:gd:story:classification:gcp_physical:competitionId:285023:avg_speed:rank_asc:page:24
430754,285023_43969,Martin Zubimendi,Spain,MF,0.0,0,0,0.0,physical,urn:gd:story:classification:gcp_physical:competitionId:285023:avg_speed:rank_asc:page:24,urn:gd:story:classification:gcp_physical:competitionId:285023:avg_speed:rank_asc:page:24
448136,285023_43971,Eray Coemert,Switzerland,DF,0.0,0,0,0.0,physical,urn:gd:story:classification:gcp_physical:competitionId:285023:avg_speed:rank_asc:page:24,urn:gd:story:classification:gcp_physical:competitionId:285023:avg_speed:rank_asc:page:24
484864,285023_43971,Aurele Amenda,Switzerland,DF,0.0,0,0,0.0,physical,urn:gd:story:classification:gcp_physical:competitionId:285023:avg_speed:rank_asc:page:24,urn:gd:story:classification:gcp_physical:competitionId:285023:avg_speed:rank_asc:page:24
419572,285023_43978,Nando Pijnaker,New Zealand,DF,0.0,0,0,0.0,physical,urn:gd:story:classification:gcp_physical:competitionId:285023:avg_speed:rank_asc:page:24,urn:gd:story:classification:gcp_physical:competitionId:285023:avg_speed:rank_asc:page:24
482969,285023_44037,Nihad Mujakic,Bosnia and Herzegovina,DF,0.0,0,0,0.0,physical,urn:gd:story:classification:gcp_physical:competitionId:285023:avg_speed:rank_asc:page:24,urn:gd:story:classification:gcp_physical:competitionId:285023:avg_speed:rank_asc:page:24
423574,285023_43978,Alex Paulsen,New Zealand,GK,0.0,0,0,0.0,physical,urn:gd:story:classification:gcp_physical:competitionId:285023:avg_speed:rank_asc:page:24,urn:gd:story:classification:gcp_physical:competitionId:285023:avg_speed:rank_asc:page:24
483319,285023_43970,Hjalmar Ekdal,Sweden,DF,0.0,0,0,0.0,physical,urn:gd:story:classification:gcp_physical:competitionId:285023:avg_speed:rank_asc:page:24,urn:gd:story:classification:gcp_physical:competitionId:285023:avg_speed:rank_asc:page:24
441171,285023_43995,Jan Kuchta,Czechia,FW,0.0,0,0,0.0,physical,urn:gd:story:classification:gcp_physical:competitionId:285023:avg_speed:rank_asc:page:24,urn:gd:story:classification:gcp_physical:competitionId:285023:avg_speed:rank_asc:page:24
492859,285023_43969,Victor Munoz,Spain,FW,0.0,0,0,0.0,physical,urn:gd:story:classification:gcp_physical:competitionId:285023:avg_speed:rank_asc:page:24,urn:gd:story:classification:gcp_physical:competitionId:285023:avg_speed:rank_asc:page:24
484691,285023_43969,Joan Garcia,Spain,GK,0.0,0,0,0.0,physical,urn:gd:story:classification:gcp_physical:competitionId:285023:avg_speed:rank_asc:page:24,urn:gd:story:classification:gcp_physical:competitionId:285023:avg_speed:rank_asc:page:24
485065,285023_43938,Toni Fruk,Croatia,MF,0.0,0,0,0.0,physical,urn:gd:story:classification:gcp_physical:competitionId:285023:avg_speed:rank_asc:page:24,urn:gd:story:classification:gcp_physical:competitionId:285023:avg_speed:rank_asc:page:24
495348,285023_43935,Senne Lammens,Belgium,GK,0.0,0,0,0.0,physical,urn:gd:story:classification:gcp_physical:competitionId:285023:avg_speed:rank_asc:page:24,urn:gd:story:classification:gcp_physical:competitionId:285023:avg_speed:rank_asc:page:24
384751,285023_43963,Goncalo Guedes,Portugal,FW,0.0,0,0,0.0,physical,urn:gd:story:classification:gcp_physical:competitionId:285023:avg_speed:rank_asc:page:24,urn:gd:story:classification:gcp_physical:competitionId:285023:avg_speed:rank_asc:page:24
482621,285023_43942,Kobbie Mainoo,England,MF,0.0,0,0,0.0,physical,urn:gd:story:classification:gcp_physical:competitionId:285023:avg_speed:rank_asc:page:24,urn:gd:story:classification:gcp_physical:competitionId:285023:avg_speed:rank_asc:page:24
483553,285023_43960,Lutsharel Geertruida,Netherlands,DF,0.0,0,0,0.0,physical,urn:gd:story:classification:gcp_physical:competitionId:285023:avg_speed:rank_asc:page:24,urn:gd:story:classification:gcp_physical:competitionId:285023:avg_speed:rank_asc:page:24
514479,285023_43961,Sander Tangvik,Norway,GK,0.0,0,0,0.0,physical,urn:gd:story:classification:gcp_physical:competitionId:285023:avg_speed:rank_asc:page:24,urn:gd:story:classification:gcp_physical:competitionId:285023:avg_speed:rank_asc:page:24
441065,285023_43934,Patrick Pentz,Austria,GK,0.0,0,0,0.0,physical,urn:gd:story:classification:gcp_physical:competitionId:285023:avg_speed:rank_asc:page:24,urn:gd:story:classification:gcp_physical:competitionId:285023:avg_speed:rank_asc:page:24
506028,285023_43960,Robin Roefs,Netherlands,GK,0.0,0,0,0.0,physical,urn:gd:story:classification:gcp_physical:competitionId:285023:avg_speed:rank_asc:page:24,urn:gd:story:classification:gcp_physical:competitionId:285023:avg_speed:rank_asc:page:24
483471,285023_43946,Brice Samba,France,GK,0.0,0,0,0.0,physical,urn:gd:story:classification:gcp_physical:competitionId:285023:avg_speed:rank_asc:page:24,urn:gd:story:classification:gcp_physical:competitionId:285023:avg_speed:rank_asc:page:24
439691,285023_43942,Trevoh Chalobah,England,DF,0.0,0,0,0.0,physical,urn:gd:story:classification:gcp_physical:competitionId:285023:avg_speed:rank_asc:page:24,urn:gd:story:classification:gcp_physical:competitionId:285023:avg_speed:rank_asc:page:24
520034,285023_43934,Florian Wiegele,Austria,GK,0.0,0,0,0.0,physical,urn:gd:story:classification:gcp_physical:competitionId:285023:avg_speed:rank_asc:page:24,urn:gd:story:classification:gcp_physical:competitionId:285023:avg_speed:rank_asc:page:24
448179,285023_43938,Dominik Kotarski,Croatia,GK,0.0,0,0,0.0,physical,urn:gd:story:classification:gcp_physical:competitionId:285023:avg_speed:rank_asc:page:24,urn:gd:story:classification:gcp_physical:competitionId:285023:avg_speed:rank_asc:page:24
398681,285023_43946,Ngolo Kante,France,MF,0.0,0,0,0.0,physical,urn:gd:story:classification:gcp_physical:competitionId:285023:avg_speed:rank_asc:page:24,urn:gd:story:classification:gcp_physical:competitionId:285023:avg_speed:rank_asc:page:24
215553,285023_43967,Craig Gordon,Scotland,GK,0.0,0,0,0.0,physical,urn:gd:story:classification:gcp_physical:competitionId:285023:avg_speed:rank_asc:page:24,urn:gd:story:classification:gcp_physical:competitionId:285023:avg_speed:rank_asc:page:24
464127,285023_43946,Robin Risser,France,GK,0.0,0,0,0.0,physical,urn:gd:story:classification:gcp_physical:competitionId:285023:avg_speed:rank_asc:page:24,urn:gd:story:classification:gcp_physical:competitionId:285023:avg_speed:rank_asc:page:24
389753,285023_43938,Nikola Moro,Croatia,MF,0.0,0,0,0.0,physical,urn:gd:story:classification:gcp_physical:competitionId:285023:avg_speed:rank_asc:page:24,urn:gd:story:classification:gcp_physical:competitionId:285023:avg_speed:rank_asc:page:24
494345,285023_43942,Dan Burn,England,DF,0.0,0,0,0.0,physical,urn:gd:story:classification:gcp_physical:competitionId:285023:avg_speed:rank_asc:page:24,urn:gd:story:classification:gcp_physical:competitionId:285023:avg_speed:rank_asc:page:24
448164,285023_43938,Kristijan Jakic,Croatia,DF,0.0,0,0,0.0,physical,urn:gd:story:classification:gcp_physical:competitionId:285023:avg_speed:rank_asc:page:24,urn:gd:story:classification:gcp_physical:competitionId:285023:avg_speed:rank_asc:page:24
491269,285023_43934,Michael Svoboda,Austria,DF,0.0,0,0,0.0,physical,urn:gd:story:classification:gcp_physical:competitionId:285023:avg_speed:rank_asc:page:24,urn:gd:story:classification:gcp_physical:competitionId:285023:avg_speed:rank_asc:page:24
448198,285023_43942,Ivan Toney,England,FW,0.0,0,0,0.0,physical,urn:gd:story:classification:gcp_physical:competitionId:285023:avg_speed:rank_asc:page:24,urn:gd:story:classification:gcp_physical:competitionId:285023:avg_speed:rank_asc:page:24
375600,285023_43934,Alessandro Schoepf,Austria,MF,0.0,0,0,0.0,physical,urn:gd:story:classification:gcp_physical:competitionId:285023:avg_speed:rank_asc:page:24,urn:gd:story:classification:gcp_physical:competitionId:285023:avg_speed:rank_asc:page:24
514526,285023_43938,Ivor Pandur,Croatia,GK,0.0,0,0,0.0,physical,urn:gd:story:classification:gcp_physical:competitionId:285023:avg_speed:rank_asc:page:24,urn:gd:story:classification:gcp_physical:competitionId:285023:avg_speed:rank_asc:page:24
483549,285023_43946,Warren Zaire Emery,France,MF,0.0,0,0,0.0,physical,urn:gd:story:classification:gcp_physical:competitionId:285023:avg_speed:rank_asc:page:24,urn:gd:story:classification:gcp_physical:competitionId:285023:avg_speed:rank_asc:page:24
290821,285023_43935,Axel Witsel,Belgium,MF,0.0,0,0,0.0,physical,urn:gd:story:classification:gcp_physical:competitionId:285023:avg_speed:rank_asc:page:24,urn:gd:story:classification:gcp_physical:competitionId:285023:avg_speed:rank_asc:page:24
483481,285023_43960,Mats Wieffer,Netherlands,DF,0.0,0,0,0.0,physical,urn:gd:story:classification:gcp_physical:competitionId:285023:avg_speed:rank_asc:page:24,urn:gd:story:classification:gcp_physical:competitionId:285023:avg_speed:rank_asc:page:24
448092,285023_43963,Rui Silva,Portugal,GK,0.0,0,0,0.0,physical,urn:gd:story:classification:gcp_physical:competitionId:285023:avg_speed:rank_asc:page:24,urn:gd:story:classification:gcp_physical:competitionId:285023:avg_speed:rank_asc:page:24
475195,285023_43948,Assan Ouedraogo,Germany,MF,0.0,0,0,0.0,physical,urn:gd:story:classification:gcp_physical:competitionId:285023:avg_speed:rank_asc:page:24,urn:gd:story:classification:gcp_physical:competitionId:285023:avg_speed:rank_asc:page:24
372424,285023_43938,Duje Caleta Car,Croatia,DF,0.0,0,0,0.0,physical,urn:gd:story:classification:gcp_physical:competitionId:285023:avg_speed:rank_asc:page:24,urn:gd:story:classification:gcp_physical:competitionId:285023:avg_speed:rank_asc:page:24
448366,285023_43935,Koni De Winter,Belgium,DF,0.0,0,0,0.0,physical,urn:gd:story:classification:gcp_physical:competitionId:285023:avg_speed:rank_asc:page:24,urn:gd:story:classification:gcp_physical:competitionId:285023:avg_speed:rank_asc:page:24
506088,285023_43935,Joaquin Seys,Belgium,DF,0.0,0,0,0.0,physical,urn:gd:story:classification:gcp_physical:competitionId:285023:avg_speed:rank_asc:page:24,urn:gd:story:classification:gcp_physical:competitionId:285023:avg_speed:rank_asc:page:24
403046,285023_43942,Dean Henderson,England,GK,0.0,0,0,0.0,physical,urn:gd:story:classification:gcp_physical:competitionId:285023:avg_speed:rank_asc:page:24,urn:gd:story:classification:gcp_physical:competitionId:285023:avg_speed:rank_asc:page:24
441068,285023_43934,Dejan Ljubicic,Austria,MF,0.0,0,0,0.0,physical,urn:gd:story:classification:gcp_physical:competitionId:285023:avg_speed:rank_asc:page:24,urn:gd:story:classification:gcp_physical:competitionId:285023:avg_speed:rank_asc:page:24
306538,285023_43948,Oliver Baumann,Germany,GK,0.0,0,0,0.0,physical,urn:gd:story:classification:gcp_physical:competitionId:285023:avg_speed:rank_asc:page:24,urn:gd:story:classification:gcp_physical:competitionId:285023:avg_speed:rank_asc:page:24
368689,285023_43963,Jose Sa,Portugal,GK,0.0,0,0,0.0,physical,urn:gd:story:classification:gcp_physical:competitionId:285023:avg_speed:rank_asc:page:24,urn:gd:story:classification:gcp_physical:competitionId:285023:avg_speed:rank_asc:page:24
485080,285023_43942,James Trafford,England,GK,0.0,0,0,0.0,physical,urn:gd:story:classification:gcp_physical:competitionId:285023:avg_speed:rank_asc:page:24,urn:gd:story:classification:gcp_physical:competitionId:285023:avg_speed:rank_asc:page:24
389740,285023_43938,Martin Erlic,Croatia,DF,0.0,0,0,0.0,physical,urn:gd:story:classification:gcp_physical:competitionId:285023:avg_speed:rank_asc:page:24,urn:gd:story:classification:gcp_physical:competitionId:285023:avg_speed:rank_asc:page:24
411470,285023_43946,Lucas Hernandez,France,DF,0.0,0,0,0.0,physical,urn:gd:story:classification:gcp_physical:competitionId:285023:avg_speed:rank_asc:page:24,urn:gd:story:classification:gcp_physical:competitionId:285023:avg_speed:rank_asc:page:24
441146,285023_43963,Goncalo Inacio,Portugal,DF,0.0,0,0,0.0,physical,urn:gd:story:classification:gcp_physical:competitionId:285023:avg_speed:rank_asc:page:24,urn:gd:story:classification:gcp_physical:competitionId:285023:avg_speed:rank_asc:page:24
448369,285023_43935,Zeno Debast,Belgium,DF,0.0,0,0,0.0,physical,urn:gd:story:classification:gcp_physical:competitionId:285023:avg_speed:rank_asc:page:24,urn:gd:story:classification:gcp_physical:competitionId:285023:avg_speed:rank_asc:page:24
448151,285023_43960,Mark Flekken,Netherlands,GK,0.0,0,0,0.0,physical,urn:gd:story:classification:gcp_physical:competitionId:285023:avg_speed:rank_asc:page:25,urn:gd:story:classification:gcp_physical:competitionId:285023:avg_speed:rank_asc:page:25
429639,285023_43948,Alexander Nuebel,Germany,GK,0.0,0,0,0.0,physical,urn:gd:story:classification:gcp_physical:competitionId:285023:avg_speed:rank_asc:page:25,urn:gd:story:classification:gcp_physical:competitionId:285023:avg_speed:rank_asc:page:25
499803,285023_43935,Mike Penders,Belgium,GK,0.0,0,0,0.0,physical,urn:gd:story:classification:gcp_physical:competitionId:285023:avg_speed:rank_asc:page:25,urn:gd:story:classification:gcp_physical:competitionId:285023:avg_speed:rank_asc:page:25
520035,285023_43934,David Affengruber,Austria,DF,0.0,0,0,0.0,physical,urn:gd:story:classification:gcp_physical:competitionId:285023:avg_speed:rank_asc:page:25,urn:gd:story:classification:gcp_physical:competitionId:285023:avg_speed:rank_asc:page:25
385994,285023_43921,Cristian Roldan,USA,MF,0.0,0,0,0.0,physical,urn:gd:story:classification:gcp_physical:competitionId:285023:avg_speed:rank_asc:page:25,urn:gd:story:classification:gcp_physical:competitionId:285023:avg_speed:rank_asc:page:25
431889,285023_43924,Bremer,Brazil,DF,0.0,0,0,0.0,physical,urn:gd:story:classification:gcp_physical:competitionId:285023:avg_speed:rank_asc:page:25,urn:gd:story:classification:gcp_physical:competitionId:285023:avg_speed:rank_asc:page:25
368652,285023_43930,Giorgian De Arrascaeta,Uruguay,MF,0.0,0,0,0.0,physical,urn:gd:story:classification:gcp_physical:competitionId:285023:avg_speed:rank_asc:page:25,urn:gd:story:classification:gcp_physical:competitionId:285023:avg_speed:rank_asc:page:25
395552,285023_43926,Yerry Mina,Colombia,DF,0.0,0,0,0.0,physical,urn:gd:story:classification:gcp_physical:competitionId:285023:avg_speed:rank_asc:page:25,urn:gd:story:classification:gcp_physical:competitionId:285023:avg_speed:rank_asc:page:25
419101,285023_43930,Ronald Araujo,Uruguay,DF,0.0,0,0,0.0,physical,urn:gd:story:classification:gcp_physical:competitionId:285023:avg_speed:rank_asc:page:25,urn:gd:story:classification:gcp_physical:competitionId:285023:avg_speed:rank_asc:page:25
371956,285023_43924,Leo Pereira,Brazil,DF,0.0,0,0,0.0,physical,urn:gd:story:classification:gcp_physical:competitionId:285023:avg_speed:rank_asc:page:25,urn:gd:story:classification:gcp_physical:competitionId:285023:avg_speed:rank_asc:page:25
425580,285023_43926,Jorge Carrascal,Colombia,MF,0.0,0,0,0.0,physical,urn:gd:story:classification:gcp_physical:competitionId:285023:avg_speed:rank_asc:page:25,urn:gd:story:classification:gcp_physical:competitionId:285023:avg_speed:rank_asc:page:25
480313,285023_43914,Edgardo Farina,Panama,DF,0.0,0,0,0.0,physical,urn:gd:story:classification:gcp_physical:competitionId:285023:avg_speed:rank_asc:page:25,urn:gd:story:classification:gcp_physical:competitionId:285023:avg_speed:rank_asc:page:25
396315,285023_43924,Weverton,Brazil,GK,0.0,0,0,0.0,physical,urn:gd:story:classification:gcp_physical:competitionId:285023:avg_speed:rank_asc:page:25,urn:gd:story:classification:gcp_physical:competitionId:285023:avg_speed:rank_asc:page:25
439538,285023_43930,Joaquin Piquerez,Uruguay,MF,0.0,0,0,0.0,physical,urn:gd:story:classification:gcp_physical:competitionId:285023:avg_speed:rank_asc:page:25,urn:gd:story:classification:gcp_physical:competitionId:285023:avg_speed:rank_asc:page:25
430624,285023_43922,Juan Musso,Argentina,GK,0.0,0,0,0.0,physical,urn:gd:story:classification:gcp_physical:competitionId:285023:avg_speed:rank_asc:page:25,urn:gd:story:classification:gcp_physical:competitionId:285023:avg_speed:rank_asc:page:25
419142,285023_43930,Rodrigo Zalazar,Uruguay,MF,0.0,0,0,0.0,physical,urn:gd:story:classification:gcp_physical:competitionId:285023:avg_speed:rank_asc:page:25,urn:gd:story:classification:gcp_physical:competitionId:285023:avg_speed:rank_asc:page:25
441402,285023_43914,Cesar Samudio,Panama,GK,0.0,0,0,0.0,physical,urn:gd:story:classification:gcp_physical:competitionId:285023:avg_speed:rank_asc:page:25,urn:gd:story:classification:gcp_physical:competitionId:285023:avg_speed:rank_asc:page:25
463476,285023_43927,Denil Castillo,Ecuador,MF,0.0,0,0,0.0,physical,urn:gd:story:classification:gcp_physical:competitionId:285023:avg_speed:rank_asc:page:25,urn:gd:story:classification:gcp_physical:competitionId:285023:avg_speed:rank_asc:page:25
344582,285023_43914,Roderick Miller,Panama,DF,0.0,0,0,0.0,physical,urn:gd:story:classification:gcp_physical:competitionId:285023:avg_speed:rank_asc:page:25,urn:gd:story:classification:gcp_physical:competitionId:285023:avg_speed:rank_asc:page:25
385833,285023_43914,Adalberto Carrasquilla,Panama,MF,0.0,0,0,0.0,physical,urn:gd:story:classification:gcp_physical:competitionId:285023:avg_speed:rank_asc:page:25,urn:gd:story:classification:gcp_physical:competitionId:285023:avg_speed:rank_asc:page:25
318647,285023_43928,Gatito Fernandez,Paraguay,GK,0.0,0,0,0.0,physical,urn:gd:story:classification:gcp_physical:competitionId:285023:avg_speed:rank_asc:page:25,urn:gd:story:classification:gcp_physical:competitionId:285023:avg_speed:rank_asc:page:25
228686,285023_43926,David Ospina,Colombia,GK,0.0,0,0,0.0,physical,urn:gd:story:classification:gcp_physical:competitionId:285023:avg_speed:rank_asc:page:25,urn:gd:story:classification:gcp_physical:competitionId:285023:avg_speed:rank_asc:page:25
419002,285023_43927,Moises Ramirez,Ecuador,GK,0.0,0,0,0.0,physical,urn:gd:story:classification:gcp_physical:competitionId:285023:avg_speed:rank_asc:page:25,urn:gd:story:classification:gcp_physical:competitionId:285023:avg_speed:rank_asc:page:25
385998,285023_43926,Alvaro Montero,Colombia,GK,0.0,0,0,0.0,physical,urn:gd:story:classification:gcp_physical:competitionId:285023:avg_speed:rank_asc:page:25,urn:gd:story:classification:gcp_physical:competitionId:285023:avg_speed:rank_asc:page:25
486390,285023_43921,Max Arfsten,USA,DF,0.0,0,0,0.0,physical,urn:gd:story:classification:gcp_physical:competitionId:285023:avg_speed:rank_asc:page:25,urn:gd:story:classification:gcp_physical:competitionId:285023:avg_speed:rank_asc:page:25
464546,285023_43921,Chris Brady,USA,GK,0.0,0,0,0.0,physical,urn:gd:story:classification:gcp_physical:competitionId:285023:avg_speed:rank_asc:page:25,urn:gd:story:classification:gcp_physical:competitionId:285023:avg_speed:rank_asc:page:25
402904,285023_43930,Santiago Bueno,Uruguay,DF,0.0,0,0,0.0,physical,urn:gd:story:classification:gcp_physical:competitionId:285023:avg_speed:rank_asc:page:25,urn:gd:story:classification:gcp_physical:competitionId:285023:avg_speed:rank_asc:page:25
439956,285023_43930,Facundo Pellistri,Uruguay,FW,0.0,0,0,0.0,physical,urn:gd:story:classification:gcp_physical:competitionId:285023:avg_speed:rank_asc:page:25,urn:gd:story:classification:gcp_physical:competitionId:285023:avg_speed:rank_asc:page:25
448299,285023_43927,Anthony Valencia,Ecuador,MF,0.0,0,0,0.0,physical,urn:gd:story:classification:gcp_physical:competitionId:285023:avg_speed:rank_asc:page:25,urn:gd:story:classification:gcp_physical:competitionId:285023:avg_speed:rank_asc:page:25
489849,285023_43926,Juan Portilla,Colombia,MF,0.0,0,0,0.0,physical,urn:gd:story:classification:gcp_physical:competitionId:285023:avg_speed:rank_asc:page:25,urn:gd:story:classification:gcp_physical:competitionId:285023:avg_speed:rank_asc:page:25
447991,285023_43928,Gaston Olveira,Paraguay,GK,0.0,0,0,0.0,physical,urn:gd:story:classification:gcp_physical:competitionId:285023:avg_speed:rank_asc:page:25,urn:gd:story:classification:gcp_physical:competitionId:285023:avg_speed:rank_asc:page:25
402897,285023_43930,Santiago Mele,Uruguay,GK,0.0,0,0,0.0,physical,urn:gd:story:classification:gcp_physical:competitionId:285023:avg_speed:rank_asc:page:25,urn:gd:story:classification:gcp_physical:competitionId:285023:avg_speed:rank_asc:page:25
441260,285023_43911,Carlos Acevedo,Mexico,GK,0.0,0,0,0.0,physical,urn:gd:story:classification:gcp_physical:competitionId:285023:avg_speed:rank_asc:page:25,urn:gd:story:classification:gcp_physical:competitionId:285023:avg_speed:rank_asc:page:25
514326,285023_43927,Jeremy Arevalo,Ecuador,FW,0.0,0,0,0.0,physical,urn:gd:story:classification:gcp_physical:competitionId:285023:avg_speed:rank_asc:page:25,urn:gd:story:classification:gcp_physical:competitionId:285023:avg_speed:rank_asc:page:25
394824,285023_43922,Geronimo Rulli,Argentina,GK,0.0,0,0,0.0,physical,urn:gd:story:classification:gcp_physical:competitionId:285023:avg_speed:rank_asc:page:25,urn:gd:story:classification:gcp_physical:competitionId:285023:avg_speed:rank_asc:page:25
267702,285023_43914,Luis Mejia,Panama,GK,0.0,0,0,0.0,physical,urn:gd:story:classification:gcp_physical:competitionId:285023:avg_speed:rank_asc:page:25,urn:gd:story:classification:gcp_physical:competitionId:285023:avg_speed:rank_asc:page:25
476345,285023_43926,Willer Ditta,Colombia,DF,0.0,0,0,0.0,physical,urn:gd:story:classification:gcp_physical:competitionId:285023:avg_speed:rank_asc:page:25,urn:gd:story:classification:gcp_physical:competitionId:285023:avg_speed:rank_asc:page:25
473062,285023_43930,Emiliano Martinez,Uruguay,MF,0.0,0,0,0.0,physical,urn:gd:story:classification:gcp_physical:competitionId:285023:avg_speed:rank_asc:page:25,urn:gd:story:classification:gcp_physical:competitionId:285023:avg_speed:rank_asc:page:25
448295,285023_43927,Gonzalo Valle,Ecuador,GK,0.0,0,0,0.0,physical,urn:gd:story:classification:gcp_physical:competitionId:285023:avg_speed:rank_asc:page:25,urn:gd:story:classification:gcp_physical:competitionId:285023:avg_speed:rank_asc:page:25
441243,285023_43914,Cesar Yanis,Panama,MF,0.0,0,0,0.0,physical,urn:gd:story:classification:gcp_physical:competitionId:285023:avg_speed:rank_asc:page:25,urn:gd:story:classification:gcp_physical:competitionId:285023:avg_speed:rank_asc:page:25
368655,285023_43930,Jose Maria Gimenez,Uruguay,DF,0.0,0,0,0.0,physical,urn:gd:story:classification:gcp_physical:competitionId:285023:avg_speed:rank_asc:page:25,urn:gd:story:classification:gcp_physical:competitionId:285023:avg_speed:rank_asc:page:25
395427,285023_43924,Ederson,Brazil,GK,0.0,0,0,0.0,physical,urn:gd:story:classification:gcp_physical:competitionId:285023:avg_speed:rank_asc:page:25,urn:gd:story:classification:gcp_physical:competitionId:285023:avg_speed:rank_asc:page:25
